
*** Running vivado
    with args -log bev_edif_top.vdi -applog -m64 -product Vivado -messageDb vivado.pb -mode batch -source bev_edif_top.tcl -notrace


****** Vivado v2018.3 (64-bit)
  **** SW Build 2405991 on Thu Dec  6 23:38:27 MST 2018
  **** IP Build 2404404 on Fri Dec  7 01:43:56 MST 2018
    ** Copyright 1986-2018 Xilinx, Inc. All Rights Reserved.

source bev_edif_top.tcl -notrace
Command: link_design -top bev_edif_top -part xc7z030ffg676-2
Design is defaulting to srcset: sources_1
Design is defaulting to constrset: constrs_1
INFO: [Netlist 29-17] Analyzing 5062 Unisim elements for replacement
INFO: [Netlist 29-28] Unisim Transformation completed in 0 CPU seconds
INFO: [Project 1-479] Netlist was created with Vivado 2018.3
INFO: [Device 21-403] Loading part xc7z030ffg676-2
INFO: [Project 1-570] Preparing netlist for logic optimization
WARNING: [Constraints 18-550] Could not create 'IOSTANDARD' constraint because net 'U0_ps_ai_wrap_demo/PJTAG_TCK' is not directly connected to top level port. Synthesis is ignored for IOSTANDARD but preserved for implementation.
WARNING: [Constraints 18-550] Could not create 'IOSTANDARD' constraint because net 'U0_ps_ai_wrap_demo/PJTAG_TDI' is not directly connected to top level port. Synthesis is ignored for IOSTANDARD but preserved for implementation.
WARNING: [Constraints 18-550] Could not create 'IOSTANDARD' constraint because net 'U0_ps_ai_wrap_demo/PJTAG_TMS' is not directly connected to top level port. Synthesis is ignored for IOSTANDARD but preserved for implementation.
WARNING: [Constraints 18-550] Could not create 'IBUF_LOW_PWR' constraint because net 'U0_ps_ai_wrap_demo/cam_clk' is not directly connected to top level port. Synthesis is ignored for IBUF_LOW_PWR but preserved for implementation.
WARNING: [Constraints 18-550] Could not create 'IOSTANDARD' constraint because net 'U0_ps_ai_wrap_demo/led[0]' is not directly connected to top level port. Synthesis is ignored for IOSTANDARD but preserved for implementation.
WARNING: [Constraints 18-550] Could not create 'IOSTANDARD' constraint because net 'U0_ps_ai_wrap_demo/sys_rst' is not directly connected to top level port. Synthesis is ignored for IOSTANDARD but preserved for implementation.
Parsing XDC File [E:/experiment/¸´µ©Î¢/Fast-BEV/Fastbev2.0_sa/part2_sa/part2_sa_v2.0/Vivado_Project/constrs/ai7030.xdc]
Finished Parsing XDC File [E:/experiment/¸´µ©Î¢/Fast-BEV/Fastbev2.0_sa/part2_sa/part2_sa_v2.0/Vivado_Project/constrs/ai7030.xdc]
Parsing XDC File [E:/experiment/¸´µ©Î¢/Fast-BEV/Fastbev2.0_sa/part2_sa/part2_sa_v2.0/Vivado_Project/constrs/impl_constraints.xdc]
INFO: [Timing 38-35] Done setting XDC timing constraints. [E:/experiment/¸´µ©Î¢/Fast-BEV/Fastbev2.0_sa/part2_sa/part2_sa_v2.0/Vivado_Project/constrs/impl_constraints.xdc:6606]
INFO: [Timing 38-2] Deriving generated clocks [E:/experiment/¸´µ©Î¢/Fast-BEV/Fastbev2.0_sa/part2_sa/part2_sa_v2.0/Vivado_Project/constrs/impl_constraints.xdc:6606]
get_clocks: Time (s): cpu = 00:00:22 ; elapsed = 00:00:21 . Memory (MB): peak = 1777.723 ; gain = 719.312
WARNING: [Constraints 18-619] A clock with name 'sys_clk_p' already exists, overwriting the previous clock with the same name. [E:/experiment/¸´µ©Î¢/Fast-BEV/Fastbev2.0_sa/part2_sa/part2_sa_v2.0/Vivado_Project/constrs/impl_constraints.xdc:8639]
INFO: [Timing 38-2] Deriving generated clocks [E:/experiment/¸´µ©Î¢/Fast-BEV/Fastbev2.0_sa/part2_sa/part2_sa_v2.0/Vivado_Project/constrs/impl_constraints.xdc:8683]
WARNING: [Constraints 18-401] set_false_path: 'U0_ps_ai_wrap_demo/U0_ps_ai_peripheral/frame_trans_inst0/axis_master_inst/afifo_24w_4096d_u0/U0/inst_fifo_gen/gconvfifo.rf/grf.rf/gntv_or_sync_fifo.mem/gdm.dm_gen.dm/gpr1.dout_i_reg[0]_i_10' is not a valid endpoint. [E:/experiment/¸´µ©Î¢/Fast-BEV/Fastbev2.0_sa/part2_sa/part2_sa_v2.0/Vivado_Project/constrs/impl_constraints.xdc:8942]
Resolution: A valid end point is a data pin of a sequential cell or a primary output or inout port. Please validate that all the objects returned by your query belong to this list.
WARNING: [Constraints 18-401] set_false_path: 'U0_ps_ai_wrap_demo/U0_ps_ai_peripheral/frame_trans_inst0/axis_master_inst/afifo_24w_4096d_u0/U0/inst_fifo_gen/gconvfifo.rf/grf.rf/gntv_or_sync_fifo.mem/gdm.dm_gen.dm/gpr1.dout_i_reg[0]_i_11' is not a valid endpoint. [E:/experiment/¸´µ©Î¢/Fast-BEV/Fastbev2.0_sa/part2_sa/part2_sa_v2.0/Vivado_Project/constrs/impl_constraints.xdc:8942]
Resolution: A valid end point is a data pin of a sequential cell or a primary output or inout port. Please validate that all the objects returned by your query belong to this list.
WARNING: [Constraints 18-401] set_false_path: 'U0_ps_ai_wrap_demo/U0_ps_ai_peripheral/frame_trans_inst0/axis_master_inst/afifo_24w_4096d_u0/U0/inst_fifo_gen/gconvfifo.rf/grf.rf/gntv_or_sync_fifo.mem/gdm.dm_gen.dm/gpr1.dout_i_reg[0]_i_12' is not a valid endpoint. [E:/experiment/¸´µ©Î¢/Fast-BEV/Fastbev2.0_sa/part2_sa/part2_sa_v2.0/Vivado_Project/constrs/impl_constraints.xdc:8942]
Resolution: A valid end point is a data pin of a sequential cell or a primary output or inout port. Please validate that all the objects returned by your query belong to this list.
WARNING: [Constraints 18-401] set_false_path: 'U0_ps_ai_wrap_demo/U0_ps_ai_peripheral/frame_trans_inst0/axis_master_inst/afifo_24w_4096d_u0/U0/inst_fifo_gen/gconvfifo.rf/grf.rf/gntv_or_sync_fifo.mem/gdm.dm_gen.dm/gpr1.dout_i_reg[0]_i_13' is not a valid endpoint. [E:/experiment/¸´µ©Î¢/Fast-BEV/Fastbev2.0_sa/part2_sa/part2_sa_v2.0/Vivado_Project/constrs/impl_constraints.xdc:8942]
Resolution: A valid end point is a data pin of a sequential cell or a primary output or inout port. Please validate that all the objects returned by your query belong to this list.
WARNING: [Constraints 18-401] set_false_path: 'U0_ps_ai_wrap_demo/U0_ps_ai_peripheral/frame_trans_inst0/axis_master_inst/afifo_24w_4096d_u0/U0/inst_fifo_gen/gconvfifo.rf/grf.rf/gntv_or_sync_fifo.mem/gdm.dm_gen.dm/gpr1.dout_i_reg[0]_i_2' is not a valid endpoint. [E:/experiment/¸´µ©Î¢/Fast-BEV/Fastbev2.0_sa/part2_sa/part2_sa_v2.0/Vivado_Project/constrs/impl_constraints.xdc:8942]
Resolution: A valid end point is a data pin of a sequential cell or a primary output or inout port. Please validate that all the objects returned by your query belong to this list.
WARNING: [Constraints 18-401] set_false_path: 'U0_ps_ai_wrap_demo/U0_ps_ai_peripheral/frame_trans_inst0/axis_master_inst/afifo_24w_4096d_u0/U0/inst_fifo_gen/gconvfifo.rf/grf.rf/gntv_or_sync_fifo.mem/gdm.dm_gen.dm/gpr1.dout_i_reg[0]_i_3' is not a valid endpoint. [E:/experiment/¸´µ©Î¢/Fast-BEV/Fastbev2.0_sa/part2_sa/part2_sa_v2.0/Vivado_Project/constrs/impl_constraints.xdc:8942]
Resolution: A valid end point is a data pin of a sequential cell or a primary output or inout port. Please validate that all the objects returned by your query belong to this list.
WARNING: [Constraints 18-401] set_false_path: 'U0_ps_ai_wrap_demo/U0_ps_ai_peripheral/frame_trans_inst0/axis_master_inst/afifo_24w_4096d_u0/U0/inst_fifo_gen/gconvfifo.rf/grf.rf/gntv_or_sync_fifo.mem/gdm.dm_gen.dm/gpr1.dout_i_reg[0]_i_4' is not a valid endpoint. [E:/experiment/¸´µ©Î¢/Fast-BEV/Fastbev2.0_sa/part2_sa/part2_sa_v2.0/Vivado_Project/constrs/impl_constraints.xdc:8942]
Resolution: A valid end point is a data pin of a sequential cell or a primary output or inout port. Please validate that all the objects returned by your query belong to this list.
WARNING: [Constraints 18-401] set_false_path: 'U0_ps_ai_wrap_demo/U0_ps_ai_peripheral/frame_trans_inst0/axis_master_inst/afifo_24w_4096d_u0/U0/inst_fifo_gen/gconvfifo.rf/grf.rf/gntv_or_sync_fifo.mem/gdm.dm_gen.dm/gpr1.dout_i_reg[0]_i_5' is not a valid endpoint. [E:/experiment/¸´µ©Î¢/Fast-BEV/Fastbev2.0_sa/part2_sa/part2_sa_v2.0/Vivado_Project/constrs/impl_constraints.xdc:8942]
Resolution: A valid end point is a data pin of a sequential cell or a primary output or inout port. Please validate that all the objects returned by your query belong to this list.
WARNING: [Constraints 18-401] set_false_path: 'U0_ps_ai_wrap_demo/U0_ps_ai_peripheral/frame_trans_inst0/axis_master_inst/afifo_24w_4096d_u0/U0/inst_fifo_gen/gconvfifo.rf/grf.rf/gntv_or_sync_fifo.mem/gdm.dm_gen.dm/gpr1.dout_i_reg[0]_i_6' is not a valid endpoint. [E:/experiment/¸´µ©Î¢/Fast-BEV/Fastbev2.0_sa/part2_sa/part2_sa_v2.0/Vivado_Project/constrs/impl_constraints.xdc:8942]
Resolution: A valid end point is a data pin of a sequential cell or a primary output or inout port. Please validate that all the objects returned by your query belong to this list.
WARNING: [Constraints 18-401] set_false_path: 'U0_ps_ai_wrap_demo/U0_ps_ai_peripheral/frame_trans_inst0/axis_master_inst/afifo_24w_4096d_u0/U0/inst_fifo_gen/gconvfifo.rf/grf.rf/gntv_or_sync_fifo.mem/gdm.dm_gen.dm/gpr1.dout_i_reg[0]_i_7' is not a valid endpoint. [E:/experiment/¸´µ©Î¢/Fast-BEV/Fastbev2.0_sa/part2_sa/part2_sa_v2.0/Vivado_Project/constrs/impl_constraints.xdc:8942]
Resolution: A valid end point is a data pin of a sequential cell or a primary output or inout port. Please validate that all the objects returned by your query belong to this list.
WARNING: [Constraints 18-401] set_false_path: 'U0_ps_ai_wrap_demo/U0_ps_ai_peripheral/frame_trans_inst0/axis_master_inst/afifo_24w_4096d_u0/U0/inst_fifo_gen/gconvfifo.rf/grf.rf/gntv_or_sync_fifo.mem/gdm.dm_gen.dm/gpr1.dout_i_reg[0]_i_8' is not a valid endpoint. [E:/experiment/¸´µ©Î¢/Fast-BEV/Fastbev2.0_sa/part2_sa/part2_sa_v2.0/Vivado_Project/constrs/impl_constraints.xdc:8942]
Resolution: A valid end point is a data pin of a sequential cell or a primary output or inout port. Please validate that all the objects returned by your query belong to this list.
WARNING: [Constraints 18-401] set_false_path: 'U0_ps_ai_wrap_demo/U0_ps_ai_peripheral/frame_trans_inst0/axis_master_inst/afifo_24w_4096d_u0/U0/inst_fifo_gen/gconvfifo.rf/grf.rf/gntv_or_sync_fifo.mem/gdm.dm_gen.dm/gpr1.dout_i_reg[0]_i_9' is not a valid endpoint. [E:/experiment/¸´µ©Î¢/Fast-BEV/Fastbev2.0_sa/part2_sa/part2_sa_v2.0/Vivado_Project/constrs/impl_constraints.xdc:8942]
Resolution: A valid end point is a data pin of a sequential cell or a primary output or inout port. Please validate that all the objects returned by your query belong to this list.
WARNING: [Constraints 18-401] set_false_path: 'U0_ps_ai_wrap_demo/U0_ps_ai_peripheral/frame_trans_inst0/axis_master_inst/afifo_24w_4096d_u0/U0/inst_fifo_gen/gconvfifo.rf/grf.rf/gntv_or_sync_fifo.mem/gdm.dm_gen.dm/gpr1.dout_i_reg[10]_i_10' is not a valid endpoint. [E:/experiment/¸´µ©Î¢/Fast-BEV/Fastbev2.0_sa/part2_sa/part2_sa_v2.0/Vivado_Project/constrs/impl_constraints.xdc:8942]
Resolution: A valid end point is a data pin of a sequential cell or a primary output or inout port. Please validate that all the objects returned by your query belong to this list.
WARNING: [Constraints 18-401] set_false_path: 'U0_ps_ai_wrap_demo/U0_ps_ai_peripheral/frame_trans_inst0/axis_master_inst/afifo_24w_4096d_u0/U0/inst_fifo_gen/gconvfifo.rf/grf.rf/gntv_or_sync_fifo.mem/gdm.dm_gen.dm/gpr1.dout_i_reg[10]_i_11' is not a valid endpoint. [E:/experiment/¸´µ©Î¢/Fast-BEV/Fastbev2.0_sa/part2_sa/part2_sa_v2.0/Vivado_Project/constrs/impl_constraints.xdc:8942]
Resolution: A valid end point is a data pin of a sequential cell or a primary output or inout port. Please validate that all the objects returned by your query belong to this list.
WARNING: [Constraints 18-401] set_false_path: 'U0_ps_ai_wrap_demo/U0_ps_ai_peripheral/frame_trans_inst0/axis_master_inst/afifo_24w_4096d_u0/U0/inst_fifo_gen/gconvfifo.rf/grf.rf/gntv_or_sync_fifo.mem/gdm.dm_gen.dm/gpr1.dout_i_reg[10]_i_12' is not a valid endpoint. [E:/experiment/¸´µ©Î¢/Fast-BEV/Fastbev2.0_sa/part2_sa/part2_sa_v2.0/Vivado_Project/constrs/impl_constraints.xdc:8942]
Resolution: A valid end point is a data pin of a sequential cell or a primary output or inout port. Please validate that all the objects returned by your query belong to this list.
WARNING: [Constraints 18-401] set_false_path: 'U0_ps_ai_wrap_demo/U0_ps_ai_peripheral/frame_trans_inst0/axis_master_inst/afifo_24w_4096d_u0/U0/inst_fifo_gen/gconvfifo.rf/grf.rf/gntv_or_sync_fifo.mem/gdm.dm_gen.dm/gpr1.dout_i_reg[10]_i_13' is not a valid endpoint. [E:/experiment/¸´µ©Î¢/Fast-BEV/Fastbev2.0_sa/part2_sa/part2_sa_v2.0/Vivado_Project/constrs/impl_constraints.xdc:8942]
Resolution: A valid end point is a data pin of a sequential cell or a primary output or inout port. Please validate that all the objects returned by your query belong to this list.
WARNING: [Constraints 18-401] set_false_path: 'U0_ps_ai_wrap_demo/U0_ps_ai_peripheral/frame_trans_inst0/axis_master_inst/afifo_24w_4096d_u0/U0/inst_fifo_gen/gconvfifo.rf/grf.rf/gntv_or_sync_fifo.mem/gdm.dm_gen.dm/gpr1.dout_i_reg[10]_i_2' is not a valid endpoint. [E:/experiment/¸´µ©Î¢/Fast-BEV/Fastbev2.0_sa/part2_sa/part2_sa_v2.0/Vivado_Project/constrs/impl_constraints.xdc:8942]
Resolution: A valid end point is a data pin of a sequential cell or a primary output or inout port. Please validate that all the objects returned by your query belong to this list.
WARNING: [Constraints 18-401] set_false_path: 'U0_ps_ai_wrap_demo/U0_ps_ai_peripheral/frame_trans_inst0/axis_master_inst/afifo_24w_4096d_u0/U0/inst_fifo_gen/gconvfifo.rf/grf.rf/gntv_or_sync_fifo.mem/gdm.dm_gen.dm/gpr1.dout_i_reg[10]_i_3' is not a valid endpoint. [E:/experiment/¸´µ©Î¢/Fast-BEV/Fastbev2.0_sa/part2_sa/part2_sa_v2.0/Vivado_Project/constrs/impl_constraints.xdc:8942]
Resolution: A valid end point is a data pin of a sequential cell or a primary output or inout port. Please validate that all the objects returned by your query belong to this list.
WARNING: [Constraints 18-401] set_false_path: 'U0_ps_ai_wrap_demo/U0_ps_ai_peripheral/frame_trans_inst0/axis_master_inst/afifo_24w_4096d_u0/U0/inst_fifo_gen/gconvfifo.rf/grf.rf/gntv_or_sync_fifo.mem/gdm.dm_gen.dm/gpr1.dout_i_reg[10]_i_4' is not a valid endpoint. [E:/experiment/¸´µ©Î¢/Fast-BEV/Fastbev2.0_sa/part2_sa/part2_sa_v2.0/Vivado_Project/constrs/impl_constraints.xdc:8942]
Resolution: A valid end point is a data pin of a sequential cell or a primary output or inout port. Please validate that all the objects returned by your query belong to this list.
WARNING: [Constraints 18-401] set_false_path: 'U0_ps_ai_wrap_demo/U0_ps_ai_peripheral/frame_trans_inst0/axis_master_inst/afifo_24w_4096d_u0/U0/inst_fifo_gen/gconvfifo.rf/grf.rf/gntv_or_sync_fifo.mem/gdm.dm_gen.dm/gpr1.dout_i_reg[10]_i_5' is not a valid endpoint. [E:/experiment/¸´µ©Î¢/Fast-BEV/Fastbev2.0_sa/part2_sa/part2_sa_v2.0/Vivado_Project/constrs/impl_constraints.xdc:8942]
Resolution: A valid end point is a data pin of a sequential cell or a primary output or inout port. Please validate that all the objects returned by your query belong to this list.
WARNING: [Constraints 18-401] set_false_path: 'U0_ps_ai_wrap_demo/U0_ps_ai_peripheral/frame_trans_inst0/axis_master_inst/afifo_24w_4096d_u0/U0/inst_fifo_gen/gconvfifo.rf/grf.rf/gntv_or_sync_fifo.mem/gdm.dm_gen.dm/gpr1.dout_i_reg[10]_i_6' is not a valid endpoint. [E:/experiment/¸´µ©Î¢/Fast-BEV/Fastbev2.0_sa/part2_sa/part2_sa_v2.0/Vivado_Project/constrs/impl_constraints.xdc:8942]
Resolution: A valid end point is a data pin of a sequential cell or a primary output or inout port. Please validate that all the objects returned by your query belong to this list.
WARNING: [Constraints 18-401] set_false_path: 'U0_ps_ai_wrap_demo/U0_ps_ai_peripheral/frame_trans_inst0/axis_master_inst/afifo_24w_4096d_u0/U0/inst_fifo_gen/gconvfifo.rf/grf.rf/gntv_or_sync_fifo.mem/gdm.dm_gen.dm/gpr1.dout_i_reg[10]_i_7' is not a valid endpoint. [E:/experiment/¸´µ©Î¢/Fast-BEV/Fastbev2.0_sa/part2_sa/part2_sa_v2.0/Vivado_Project/constrs/impl_constraints.xdc:8942]
Resolution: A valid end point is a data pin of a sequential cell or a primary output or inout port. Please validate that all the objects returned by your query belong to this list.
WARNING: [Constraints 18-401] set_false_path: 'U0_ps_ai_wrap_demo/U0_ps_ai_peripheral/frame_trans_inst0/axis_master_inst/afifo_24w_4096d_u0/U0/inst_fifo_gen/gconvfifo.rf/grf.rf/gntv_or_sync_fifo.mem/gdm.dm_gen.dm/gpr1.dout_i_reg[10]_i_8' is not a valid endpoint. [E:/experiment/¸´µ©Î¢/Fast-BEV/Fastbev2.0_sa/part2_sa/part2_sa_v2.0/Vivado_Project/constrs/impl_constraints.xdc:8942]
Resolution: A valid end point is a data pin of a sequential cell or a primary output or inout port. Please validate that all the objects returned by your query belong to this list.
WARNING: [Constraints 18-401] set_false_path: 'U0_ps_ai_wrap_demo/U0_ps_ai_peripheral/frame_trans_inst0/axis_master_inst/afifo_24w_4096d_u0/U0/inst_fifo_gen/gconvfifo.rf/grf.rf/gntv_or_sync_fifo.mem/gdm.dm_gen.dm/gpr1.dout_i_reg[10]_i_9' is not a valid endpoint. [E:/experiment/¸´µ©Î¢/Fast-BEV/Fastbev2.0_sa/part2_sa/part2_sa_v2.0/Vivado_Project/constrs/impl_constraints.xdc:8942]
Resolution: A valid end point is a data pin of a sequential cell or a primary output or inout port. Please validate that all the objects returned by your query belong to this list.
WARNING: [Constraints 18-401] set_false_path: 'U0_ps_ai_wrap_demo/U0_ps_ai_peripheral/frame_trans_inst0/axis_master_inst/afifo_24w_4096d_u0/U0/inst_fifo_gen/gconvfifo.rf/grf.rf/gntv_or_sync_fifo.mem/gdm.dm_gen.dm/gpr1.dout_i_reg[11]_i_10' is not a valid endpoint. [E:/experiment/¸´µ©Î¢/Fast-BEV/Fastbev2.0_sa/part2_sa/part2_sa_v2.0/Vivado_Project/constrs/impl_constraints.xdc:8942]
Resolution: A valid end point is a data pin of a sequential cell or a primary output or inout port. Please validate that all the objects returned by your query belong to this list.
WARNING: [Constraints 18-401] set_false_path: 'U0_ps_ai_wrap_demo/U0_ps_ai_peripheral/frame_trans_inst0/axis_master_inst/afifo_24w_4096d_u0/U0/inst_fifo_gen/gconvfifo.rf/grf.rf/gntv_or_sync_fifo.mem/gdm.dm_gen.dm/gpr1.dout_i_reg[11]_i_11' is not a valid endpoint. [E:/experiment/¸´µ©Î¢/Fast-BEV/Fastbev2.0_sa/part2_sa/part2_sa_v2.0/Vivado_Project/constrs/impl_constraints.xdc:8942]
Resolution: A valid end point is a data pin of a sequential cell or a primary output or inout port. Please validate that all the objects returned by your query belong to this list.
WARNING: [Constraints 18-401] set_false_path: 'U0_ps_ai_wrap_demo/U0_ps_ai_peripheral/frame_trans_inst0/axis_master_inst/afifo_24w_4096d_u0/U0/inst_fifo_gen/gconvfifo.rf/grf.rf/gntv_or_sync_fifo.mem/gdm.dm_gen.dm/gpr1.dout_i_reg[11]_i_12' is not a valid endpoint. [E:/experiment/¸´µ©Î¢/Fast-BEV/Fastbev2.0_sa/part2_sa/part2_sa_v2.0/Vivado_Project/constrs/impl_constraints.xdc:8942]
Resolution: A valid end point is a data pin of a sequential cell or a primary output or inout port. Please validate that all the objects returned by your query belong to this list.
WARNING: [Constraints 18-401] set_false_path: 'U0_ps_ai_wrap_demo/U0_ps_ai_peripheral/frame_trans_inst0/axis_master_inst/afifo_24w_4096d_u0/U0/inst_fifo_gen/gconvfifo.rf/grf.rf/gntv_or_sync_fifo.mem/gdm.dm_gen.dm/gpr1.dout_i_reg[11]_i_13' is not a valid endpoint. [E:/experiment/¸´µ©Î¢/Fast-BEV/Fastbev2.0_sa/part2_sa/part2_sa_v2.0/Vivado_Project/constrs/impl_constraints.xdc:8942]
Resolution: A valid end point is a data pin of a sequential cell or a primary output or inout port. Please validate that all the objects returned by your query belong to this list.
WARNING: [Constraints 18-401] set_false_path: 'U0_ps_ai_wrap_demo/U0_ps_ai_peripheral/frame_trans_inst0/axis_master_inst/afifo_24w_4096d_u0/U0/inst_fifo_gen/gconvfifo.rf/grf.rf/gntv_or_sync_fifo.mem/gdm.dm_gen.dm/gpr1.dout_i_reg[11]_i_2' is not a valid endpoint. [E:/experiment/¸´µ©Î¢/Fast-BEV/Fastbev2.0_sa/part2_sa/part2_sa_v2.0/Vivado_Project/constrs/impl_constraints.xdc:8942]
Resolution: A valid end point is a data pin of a sequential cell or a primary output or inout port. Please validate that all the objects returned by your query belong to this list.
WARNING: [Constraints 18-401] set_false_path: 'U0_ps_ai_wrap_demo/U0_ps_ai_peripheral/frame_trans_inst0/axis_master_inst/afifo_24w_4096d_u0/U0/inst_fifo_gen/gconvfifo.rf/grf.rf/gntv_or_sync_fifo.mem/gdm.dm_gen.dm/gpr1.dout_i_reg[11]_i_3' is not a valid endpoint. [E:/experiment/¸´µ©Î¢/Fast-BEV/Fastbev2.0_sa/part2_sa/part2_sa_v2.0/Vivado_Project/constrs/impl_constraints.xdc:8942]
Resolution: A valid end point is a data pin of a sequential cell or a primary output or inout port. Please validate that all the objects returned by your query belong to this list.
WARNING: [Constraints 18-401] set_false_path: 'U0_ps_ai_wrap_demo/U0_ps_ai_peripheral/frame_trans_inst0/axis_master_inst/afifo_24w_4096d_u0/U0/inst_fifo_gen/gconvfifo.rf/grf.rf/gntv_or_sync_fifo.mem/gdm.dm_gen.dm/gpr1.dout_i_reg[11]_i_4' is not a valid endpoint. [E:/experiment/¸´µ©Î¢/Fast-BEV/Fastbev2.0_sa/part2_sa/part2_sa_v2.0/Vivado_Project/constrs/impl_constraints.xdc:8942]
Resolution: A valid end point is a data pin of a sequential cell or a primary output or inout port. Please validate that all the objects returned by your query belong to this list.
WARNING: [Constraints 18-401] set_false_path: 'U0_ps_ai_wrap_demo/U0_ps_ai_peripheral/frame_trans_inst0/axis_master_inst/afifo_24w_4096d_u0/U0/inst_fifo_gen/gconvfifo.rf/grf.rf/gntv_or_sync_fifo.mem/gdm.dm_gen.dm/gpr1.dout_i_reg[11]_i_5' is not a valid endpoint. [E:/experiment/¸´µ©Î¢/Fast-BEV/Fastbev2.0_sa/part2_sa/part2_sa_v2.0/Vivado_Project/constrs/impl_constraints.xdc:8942]
Resolution: A valid end point is a data pin of a sequential cell or a primary output or inout port. Please validate that all the objects returned by your query belong to this list.
WARNING: [Constraints 18-401] set_false_path: 'U0_ps_ai_wrap_demo/U0_ps_ai_peripheral/frame_trans_inst0/axis_master_inst/afifo_24w_4096d_u0/U0/inst_fifo_gen/gconvfifo.rf/grf.rf/gntv_or_sync_fifo.mem/gdm.dm_gen.dm/gpr1.dout_i_reg[11]_i_6' is not a valid endpoint. [E:/experiment/¸´µ©Î¢/Fast-BEV/Fastbev2.0_sa/part2_sa/part2_sa_v2.0/Vivado_Project/constrs/impl_constraints.xdc:8942]
Resolution: A valid end point is a data pin of a sequential cell or a primary output or inout port. Please validate that all the objects returned by your query belong to this list.
WARNING: [Constraints 18-401] set_false_path: 'U0_ps_ai_wrap_demo/U0_ps_ai_peripheral/frame_trans_inst0/axis_master_inst/afifo_24w_4096d_u0/U0/inst_fifo_gen/gconvfifo.rf/grf.rf/gntv_or_sync_fifo.mem/gdm.dm_gen.dm/gpr1.dout_i_reg[11]_i_7' is not a valid endpoint. [E:/experiment/¸´µ©Î¢/Fast-BEV/Fastbev2.0_sa/part2_sa/part2_sa_v2.0/Vivado_Project/constrs/impl_constraints.xdc:8942]
Resolution: A valid end point is a data pin of a sequential cell or a primary output or inout port. Please validate that all the objects returned by your query belong to this list.
WARNING: [Constraints 18-401] set_false_path: 'U0_ps_ai_wrap_demo/U0_ps_ai_peripheral/frame_trans_inst0/axis_master_inst/afifo_24w_4096d_u0/U0/inst_fifo_gen/gconvfifo.rf/grf.rf/gntv_or_sync_fifo.mem/gdm.dm_gen.dm/gpr1.dout_i_reg[11]_i_8' is not a valid endpoint. [E:/experiment/¸´µ©Î¢/Fast-BEV/Fastbev2.0_sa/part2_sa/part2_sa_v2.0/Vivado_Project/constrs/impl_constraints.xdc:8942]
Resolution: A valid end point is a data pin of a sequential cell or a primary output or inout port. Please validate that all the objects returned by your query belong to this list.
WARNING: [Constraints 18-401] set_false_path: 'U0_ps_ai_wrap_demo/U0_ps_ai_peripheral/frame_trans_inst0/axis_master_inst/afifo_24w_4096d_u0/U0/inst_fifo_gen/gconvfifo.rf/grf.rf/gntv_or_sync_fifo.mem/gdm.dm_gen.dm/gpr1.dout_i_reg[11]_i_9' is not a valid endpoint. [E:/experiment/¸´µ©Î¢/Fast-BEV/Fastbev2.0_sa/part2_sa/part2_sa_v2.0/Vivado_Project/constrs/impl_constraints.xdc:8942]
Resolution: A valid end point is a data pin of a sequential cell or a primary output or inout port. Please validate that all the objects returned by your query belong to this list.
WARNING: [Constraints 18-401] set_false_path: 'U0_ps_ai_wrap_demo/U0_ps_ai_peripheral/frame_trans_inst0/axis_master_inst/afifo_24w_4096d_u0/U0/inst_fifo_gen/gconvfifo.rf/grf.rf/gntv_or_sync_fifo.mem/gdm.dm_gen.dm/gpr1.dout_i_reg[12]_i_10' is not a valid endpoint. [E:/experiment/¸´µ©Î¢/Fast-BEV/Fastbev2.0_sa/part2_sa/part2_sa_v2.0/Vivado_Project/constrs/impl_constraints.xdc:8942]
Resolution: A valid end point is a data pin of a sequential cell or a primary output or inout port. Please validate that all the objects returned by your query belong to this list.
WARNING: [Constraints 18-401] set_false_path: 'U0_ps_ai_wrap_demo/U0_ps_ai_peripheral/frame_trans_inst0/axis_master_inst/afifo_24w_4096d_u0/U0/inst_fifo_gen/gconvfifo.rf/grf.rf/gntv_or_sync_fifo.mem/gdm.dm_gen.dm/gpr1.dout_i_reg[12]_i_11' is not a valid endpoint. [E:/experiment/¸´µ©Î¢/Fast-BEV/Fastbev2.0_sa/part2_sa/part2_sa_v2.0/Vivado_Project/constrs/impl_constraints.xdc:8942]
Resolution: A valid end point is a data pin of a sequential cell or a primary output or inout port. Please validate that all the objects returned by your query belong to this list.
WARNING: [Constraints 18-401] set_false_path: 'U0_ps_ai_wrap_demo/U0_ps_ai_peripheral/frame_trans_inst0/axis_master_inst/afifo_24w_4096d_u0/U0/inst_fifo_gen/gconvfifo.rf/grf.rf/gntv_or_sync_fifo.mem/gdm.dm_gen.dm/gpr1.dout_i_reg[12]_i_12' is not a valid endpoint. [E:/experiment/¸´µ©Î¢/Fast-BEV/Fastbev2.0_sa/part2_sa/part2_sa_v2.0/Vivado_Project/constrs/impl_constraints.xdc:8942]
Resolution: A valid end point is a data pin of a sequential cell or a primary output or inout port. Please validate that all the objects returned by your query belong to this list.
WARNING: [Constraints 18-401] set_false_path: 'U0_ps_ai_wrap_demo/U0_ps_ai_peripheral/frame_trans_inst0/axis_master_inst/afifo_24w_4096d_u0/U0/inst_fifo_gen/gconvfifo.rf/grf.rf/gntv_or_sync_fifo.mem/gdm.dm_gen.dm/gpr1.dout_i_reg[12]_i_13' is not a valid endpoint. [E:/experiment/¸´µ©Î¢/Fast-BEV/Fastbev2.0_sa/part2_sa/part2_sa_v2.0/Vivado_Project/constrs/impl_constraints.xdc:8942]
Resolution: A valid end point is a data pin of a sequential cell or a primary output or inout port. Please validate that all the objects returned by your query belong to this list.
WARNING: [Constraints 18-401] set_false_path: 'U0_ps_ai_wrap_demo/U0_ps_ai_peripheral/frame_trans_inst0/axis_master_inst/afifo_24w_4096d_u0/U0/inst_fifo_gen/gconvfifo.rf/grf.rf/gntv_or_sync_fifo.mem/gdm.dm_gen.dm/gpr1.dout_i_reg[12]_i_2' is not a valid endpoint. [E:/experiment/¸´µ©Î¢/Fast-BEV/Fastbev2.0_sa/part2_sa/part2_sa_v2.0/Vivado_Project/constrs/impl_constraints.xdc:8942]
Resolution: A valid end point is a data pin of a sequential cell or a primary output or inout port. Please validate that all the objects returned by your query belong to this list.
WARNING: [Constraints 18-401] set_false_path: 'U0_ps_ai_wrap_demo/U0_ps_ai_peripheral/frame_trans_inst0/axis_master_inst/afifo_24w_4096d_u0/U0/inst_fifo_gen/gconvfifo.rf/grf.rf/gntv_or_sync_fifo.mem/gdm.dm_gen.dm/gpr1.dout_i_reg[12]_i_3' is not a valid endpoint. [E:/experiment/¸´µ©Î¢/Fast-BEV/Fastbev2.0_sa/part2_sa/part2_sa_v2.0/Vivado_Project/constrs/impl_constraints.xdc:8942]
Resolution: A valid end point is a data pin of a sequential cell or a primary output or inout port. Please validate that all the objects returned by your query belong to this list.
WARNING: [Constraints 18-401] set_false_path: 'U0_ps_ai_wrap_demo/U0_ps_ai_peripheral/frame_trans_inst0/axis_master_inst/afifo_24w_4096d_u0/U0/inst_fifo_gen/gconvfifo.rf/grf.rf/gntv_or_sync_fifo.mem/gdm.dm_gen.dm/gpr1.dout_i_reg[12]_i_4' is not a valid endpoint. [E:/experiment/¸´µ©Î¢/Fast-BEV/Fastbev2.0_sa/part2_sa/part2_sa_v2.0/Vivado_Project/constrs/impl_constraints.xdc:8942]
Resolution: A valid end point is a data pin of a sequential cell or a primary output or inout port. Please validate that all the objects returned by your query belong to this list.
WARNING: [Constraints 18-401] set_false_path: 'U0_ps_ai_wrap_demo/U0_ps_ai_peripheral/frame_trans_inst0/axis_master_inst/afifo_24w_4096d_u0/U0/inst_fifo_gen/gconvfifo.rf/grf.rf/gntv_or_sync_fifo.mem/gdm.dm_gen.dm/gpr1.dout_i_reg[12]_i_5' is not a valid endpoint. [E:/experiment/¸´µ©Î¢/Fast-BEV/Fastbev2.0_sa/part2_sa/part2_sa_v2.0/Vivado_Project/constrs/impl_constraints.xdc:8942]
Resolution: A valid end point is a data pin of a sequential cell or a primary output or inout port. Please validate that all the objects returned by your query belong to this list.
WARNING: [Constraints 18-401] set_false_path: 'U0_ps_ai_wrap_demo/U0_ps_ai_peripheral/frame_trans_inst0/axis_master_inst/afifo_24w_4096d_u0/U0/inst_fifo_gen/gconvfifo.rf/grf.rf/gntv_or_sync_fifo.mem/gdm.dm_gen.dm/gpr1.dout_i_reg[12]_i_6' is not a valid endpoint. [E:/experiment/¸´µ©Î¢/Fast-BEV/Fastbev2.0_sa/part2_sa/part2_sa_v2.0/Vivado_Project/constrs/impl_constraints.xdc:8942]
Resolution: A valid end point is a data pin of a sequential cell or a primary output or inout port. Please validate that all the objects returned by your query belong to this list.
WARNING: [Constraints 18-401] set_false_path: 'U0_ps_ai_wrap_demo/U0_ps_ai_peripheral/frame_trans_inst0/axis_master_inst/afifo_24w_4096d_u0/U0/inst_fifo_gen/gconvfifo.rf/grf.rf/gntv_or_sync_fifo.mem/gdm.dm_gen.dm/gpr1.dout_i_reg[12]_i_7' is not a valid endpoint. [E:/experiment/¸´µ©Î¢/Fast-BEV/Fastbev2.0_sa/part2_sa/part2_sa_v2.0/Vivado_Project/constrs/impl_constraints.xdc:8942]
Resolution: A valid end point is a data pin of a sequential cell or a primary output or inout port. Please validate that all the objects returned by your query belong to this list.
WARNING: [Constraints 18-401] set_false_path: 'U0_ps_ai_wrap_demo/U0_ps_ai_peripheral/frame_trans_inst0/axis_master_inst/afifo_24w_4096d_u0/U0/inst_fifo_gen/gconvfifo.rf/grf.rf/gntv_or_sync_fifo.mem/gdm.dm_gen.dm/gpr1.dout_i_reg[12]_i_8' is not a valid endpoint. [E:/experiment/¸´µ©Î¢/Fast-BEV/Fastbev2.0_sa/part2_sa/part2_sa_v2.0/Vivado_Project/constrs/impl_constraints.xdc:8942]
Resolution: A valid end point is a data pin of a sequential cell or a primary output or inout port. Please validate that all the objects returned by your query belong to this list.
WARNING: [Constraints 18-401] set_false_path: 'U0_ps_ai_wrap_demo/U0_ps_ai_peripheral/frame_trans_inst0/axis_master_inst/afifo_24w_4096d_u0/U0/inst_fifo_gen/gconvfifo.rf/grf.rf/gntv_or_sync_fifo.mem/gdm.dm_gen.dm/gpr1.dout_i_reg[12]_i_9' is not a valid endpoint. [E:/experiment/¸´µ©Î¢/Fast-BEV/Fastbev2.0_sa/part2_sa/part2_sa_v2.0/Vivado_Project/constrs/impl_constraints.xdc:8942]
Resolution: A valid end point is a data pin of a sequential cell or a primary output or inout port. Please validate that all the objects returned by your query belong to this list.
WARNING: [Constraints 18-401] set_false_path: 'U0_ps_ai_wrap_demo/U0_ps_ai_peripheral/frame_trans_inst0/axis_master_inst/afifo_24w_4096d_u0/U0/inst_fifo_gen/gconvfifo.rf/grf.rf/gntv_or_sync_fifo.mem/gdm.dm_gen.dm/gpr1.dout_i_reg[13]_i_10' is not a valid endpoint. [E:/experiment/¸´µ©Î¢/Fast-BEV/Fastbev2.0_sa/part2_sa/part2_sa_v2.0/Vivado_Project/constrs/impl_constraints.xdc:8942]
Resolution: A valid end point is a data pin of a sequential cell or a primary output or inout port. Please validate that all the objects returned by your query belong to this list.
WARNING: [Constraints 18-401] set_false_path: 'U0_ps_ai_wrap_demo/U0_ps_ai_peripheral/frame_trans_inst0/axis_master_inst/afifo_24w_4096d_u0/U0/inst_fifo_gen/gconvfifo.rf/grf.rf/gntv_or_sync_fifo.mem/gdm.dm_gen.dm/gpr1.dout_i_reg[13]_i_11' is not a valid endpoint. [E:/experiment/¸´µ©Î¢/Fast-BEV/Fastbev2.0_sa/part2_sa/part2_sa_v2.0/Vivado_Project/constrs/impl_constraints.xdc:8942]
Resolution: A valid end point is a data pin of a sequential cell or a primary output or inout port. Please validate that all the objects returned by your query belong to this list.
WARNING: [Constraints 18-401] set_false_path: 'U0_ps_ai_wrap_demo/U0_ps_ai_peripheral/frame_trans_inst0/axis_master_inst/afifo_24w_4096d_u0/U0/inst_fifo_gen/gconvfifo.rf/grf.rf/gntv_or_sync_fifo.mem/gdm.dm_gen.dm/gpr1.dout_i_reg[13]_i_12' is not a valid endpoint. [E:/experiment/¸´µ©Î¢/Fast-BEV/Fastbev2.0_sa/part2_sa/part2_sa_v2.0/Vivado_Project/constrs/impl_constraints.xdc:8942]
Resolution: A valid end point is a data pin of a sequential cell or a primary output or inout port. Please validate that all the objects returned by your query belong to this list.
WARNING: [Constraints 18-401] set_false_path: 'U0_ps_ai_wrap_demo/U0_ps_ai_peripheral/frame_trans_inst0/axis_master_inst/afifo_24w_4096d_u0/U0/inst_fifo_gen/gconvfifo.rf/grf.rf/gntv_or_sync_fifo.mem/gdm.dm_gen.dm/gpr1.dout_i_reg[13]_i_13' is not a valid endpoint. [E:/experiment/¸´µ©Î¢/Fast-BEV/Fastbev2.0_sa/part2_sa/part2_sa_v2.0/Vivado_Project/constrs/impl_constraints.xdc:8942]
Resolution: A valid end point is a data pin of a sequential cell or a primary output or inout port. Please validate that all the objects returned by your query belong to this list.
WARNING: [Constraints 18-401] set_false_path: 'U0_ps_ai_wrap_demo/U0_ps_ai_peripheral/frame_trans_inst0/axis_master_inst/afifo_24w_4096d_u0/U0/inst_fifo_gen/gconvfifo.rf/grf.rf/gntv_or_sync_fifo.mem/gdm.dm_gen.dm/gpr1.dout_i_reg[13]_i_2' is not a valid endpoint. [E:/experiment/¸´µ©Î¢/Fast-BEV/Fastbev2.0_sa/part2_sa/part2_sa_v2.0/Vivado_Project/constrs/impl_constraints.xdc:8942]
Resolution: A valid end point is a data pin of a sequential cell or a primary output or inout port. Please validate that all the objects returned by your query belong to this list.
WARNING: [Constraints 18-401] set_false_path: 'U0_ps_ai_wrap_demo/U0_ps_ai_peripheral/frame_trans_inst0/axis_master_inst/afifo_24w_4096d_u0/U0/inst_fifo_gen/gconvfifo.rf/grf.rf/gntv_or_sync_fifo.mem/gdm.dm_gen.dm/gpr1.dout_i_reg[13]_i_3' is not a valid endpoint. [E:/experiment/¸´µ©Î¢/Fast-BEV/Fastbev2.0_sa/part2_sa/part2_sa_v2.0/Vivado_Project/constrs/impl_constraints.xdc:8942]
Resolution: A valid end point is a data pin of a sequential cell or a primary output or inout port. Please validate that all the objects returned by your query belong to this list.
WARNING: [Constraints 18-401] set_false_path: 'U0_ps_ai_wrap_demo/U0_ps_ai_peripheral/frame_trans_inst0/axis_master_inst/afifo_24w_4096d_u0/U0/inst_fifo_gen/gconvfifo.rf/grf.rf/gntv_or_sync_fifo.mem/gdm.dm_gen.dm/gpr1.dout_i_reg[13]_i_4' is not a valid endpoint. [E:/experiment/¸´µ©Î¢/Fast-BEV/Fastbev2.0_sa/part2_sa/part2_sa_v2.0/Vivado_Project/constrs/impl_constraints.xdc:8942]
Resolution: A valid end point is a data pin of a sequential cell or a primary output or inout port. Please validate that all the objects returned by your query belong to this list.
WARNING: [Constraints 18-401] set_false_path: 'U0_ps_ai_wrap_demo/U0_ps_ai_peripheral/frame_trans_inst0/axis_master_inst/afifo_24w_4096d_u0/U0/inst_fifo_gen/gconvfifo.rf/grf.rf/gntv_or_sync_fifo.mem/gdm.dm_gen.dm/gpr1.dout_i_reg[13]_i_5' is not a valid endpoint. [E:/experiment/¸´µ©Î¢/Fast-BEV/Fastbev2.0_sa/part2_sa/part2_sa_v2.0/Vivado_Project/constrs/impl_constraints.xdc:8942]
Resolution: A valid end point is a data pin of a sequential cell or a primary output or inout port. Please validate that all the objects returned by your query belong to this list.
WARNING: [Constraints 18-401] set_false_path: 'U0_ps_ai_wrap_demo/U0_ps_ai_peripheral/frame_trans_inst0/axis_master_inst/afifo_24w_4096d_u0/U0/inst_fifo_gen/gconvfifo.rf/grf.rf/gntv_or_sync_fifo.mem/gdm.dm_gen.dm/gpr1.dout_i_reg[13]_i_6' is not a valid endpoint. [E:/experiment/¸´µ©Î¢/Fast-BEV/Fastbev2.0_sa/part2_sa/part2_sa_v2.0/Vivado_Project/constrs/impl_constraints.xdc:8942]
Resolution: A valid end point is a data pin of a sequential cell or a primary output or inout port. Please validate that all the objects returned by your query belong to this list.
WARNING: [Constraints 18-401] set_false_path: 'U0_ps_ai_wrap_demo/U0_ps_ai_peripheral/frame_trans_inst0/axis_master_inst/afifo_24w_4096d_u0/U0/inst_fifo_gen/gconvfifo.rf/grf.rf/gntv_or_sync_fifo.mem/gdm.dm_gen.dm/gpr1.dout_i_reg[13]_i_7' is not a valid endpoint. [E:/experiment/¸´µ©Î¢/Fast-BEV/Fastbev2.0_sa/part2_sa/part2_sa_v2.0/Vivado_Project/constrs/impl_constraints.xdc:8942]
Resolution: A valid end point is a data pin of a sequential cell or a primary output or inout port. Please validate that all the objects returned by your query belong to this list.
WARNING: [Constraints 18-401] set_false_path: 'U0_ps_ai_wrap_demo/U0_ps_ai_peripheral/frame_trans_inst0/axis_master_inst/afifo_24w_4096d_u0/U0/inst_fifo_gen/gconvfifo.rf/grf.rf/gntv_or_sync_fifo.mem/gdm.dm_gen.dm/gpr1.dout_i_reg[13]_i_8' is not a valid endpoint. [E:/experiment/¸´µ©Î¢/Fast-BEV/Fastbev2.0_sa/part2_sa/part2_sa_v2.0/Vivado_Project/constrs/impl_constraints.xdc:8942]
Resolution: A valid end point is a data pin of a sequential cell or a primary output or inout port. Please validate that all the objects returned by your query belong to this list.
WARNING: [Constraints 18-401] set_false_path: 'U0_ps_ai_wrap_demo/U0_ps_ai_peripheral/frame_trans_inst0/axis_master_inst/afifo_24w_4096d_u0/U0/inst_fifo_gen/gconvfifo.rf/grf.rf/gntv_or_sync_fifo.mem/gdm.dm_gen.dm/gpr1.dout_i_reg[13]_i_9' is not a valid endpoint. [E:/experiment/¸´µ©Î¢/Fast-BEV/Fastbev2.0_sa/part2_sa/part2_sa_v2.0/Vivado_Project/constrs/impl_constraints.xdc:8942]
Resolution: A valid end point is a data pin of a sequential cell or a primary output or inout port. Please validate that all the objects returned by your query belong to this list.
WARNING: [Constraints 18-401] set_false_path: 'U0_ps_ai_wrap_demo/U0_ps_ai_peripheral/frame_trans_inst0/axis_master_inst/afifo_24w_4096d_u0/U0/inst_fifo_gen/gconvfifo.rf/grf.rf/gntv_or_sync_fifo.mem/gdm.dm_gen.dm/gpr1.dout_i_reg[14]_i_10' is not a valid endpoint. [E:/experiment/¸´µ©Î¢/Fast-BEV/Fastbev2.0_sa/part2_sa/part2_sa_v2.0/Vivado_Project/constrs/impl_constraints.xdc:8942]
Resolution: A valid end point is a data pin of a sequential cell or a primary output or inout port. Please validate that all the objects returned by your query belong to this list.
WARNING: [Constraints 18-401] set_false_path: 'U0_ps_ai_wrap_demo/U0_ps_ai_peripheral/frame_trans_inst0/axis_master_inst/afifo_24w_4096d_u0/U0/inst_fifo_gen/gconvfifo.rf/grf.rf/gntv_or_sync_fifo.mem/gdm.dm_gen.dm/gpr1.dout_i_reg[14]_i_11' is not a valid endpoint. [E:/experiment/¸´µ©Î¢/Fast-BEV/Fastbev2.0_sa/part2_sa/part2_sa_v2.0/Vivado_Project/constrs/impl_constraints.xdc:8942]
Resolution: A valid end point is a data pin of a sequential cell or a primary output or inout port. Please validate that all the objects returned by your query belong to this list.
WARNING: [Constraints 18-401] set_false_path: 'U0_ps_ai_wrap_demo/U0_ps_ai_peripheral/frame_trans_inst0/axis_master_inst/afifo_24w_4096d_u0/U0/inst_fifo_gen/gconvfifo.rf/grf.rf/gntv_or_sync_fifo.mem/gdm.dm_gen.dm/gpr1.dout_i_reg[14]_i_12' is not a valid endpoint. [E:/experiment/¸´µ©Î¢/Fast-BEV/Fastbev2.0_sa/part2_sa/part2_sa_v2.0/Vivado_Project/constrs/impl_constraints.xdc:8942]
Resolution: A valid end point is a data pin of a sequential cell or a primary output or inout port. Please validate that all the objects returned by your query belong to this list.
WARNING: [Constraints 18-401] set_false_path: 'U0_ps_ai_wrap_demo/U0_ps_ai_peripheral/frame_trans_inst0/axis_master_inst/afifo_24w_4096d_u0/U0/inst_fifo_gen/gconvfifo.rf/grf.rf/gntv_or_sync_fifo.mem/gdm.dm_gen.dm/gpr1.dout_i_reg[14]_i_13' is not a valid endpoint. [E:/experiment/¸´µ©Î¢/Fast-BEV/Fastbev2.0_sa/part2_sa/part2_sa_v2.0/Vivado_Project/constrs/impl_constraints.xdc:8942]
Resolution: A valid end point is a data pin of a sequential cell or a primary output or inout port. Please validate that all the objects returned by your query belong to this list.
WARNING: [Constraints 18-401] set_false_path: 'U0_ps_ai_wrap_demo/U0_ps_ai_peripheral/frame_trans_inst0/axis_master_inst/afifo_24w_4096d_u0/U0/inst_fifo_gen/gconvfifo.rf/grf.rf/gntv_or_sync_fifo.mem/gdm.dm_gen.dm/gpr1.dout_i_reg[14]_i_2' is not a valid endpoint. [E:/experiment/¸´µ©Î¢/Fast-BEV/Fastbev2.0_sa/part2_sa/part2_sa_v2.0/Vivado_Project/constrs/impl_constraints.xdc:8942]
Resolution: A valid end point is a data pin of a sequential cell or a primary output or inout port. Please validate that all the objects returned by your query belong to this list.
WARNING: [Constraints 18-401] set_false_path: 'U0_ps_ai_wrap_demo/U0_ps_ai_peripheral/frame_trans_inst0/axis_master_inst/afifo_24w_4096d_u0/U0/inst_fifo_gen/gconvfifo.rf/grf.rf/gntv_or_sync_fifo.mem/gdm.dm_gen.dm/gpr1.dout_i_reg[14]_i_3' is not a valid endpoint. [E:/experiment/¸´µ©Î¢/Fast-BEV/Fastbev2.0_sa/part2_sa/part2_sa_v2.0/Vivado_Project/constrs/impl_constraints.xdc:8942]
Resolution: A valid end point is a data pin of a sequential cell or a primary output or inout port. Please validate that all the objects returned by your query belong to this list.
WARNING: [Constraints 18-401] set_false_path: 'U0_ps_ai_wrap_demo/U0_ps_ai_peripheral/frame_trans_inst0/axis_master_inst/afifo_24w_4096d_u0/U0/inst_fifo_gen/gconvfifo.rf/grf.rf/gntv_or_sync_fifo.mem/gdm.dm_gen.dm/gpr1.dout_i_reg[14]_i_4' is not a valid endpoint. [E:/experiment/¸´µ©Î¢/Fast-BEV/Fastbev2.0_sa/part2_sa/part2_sa_v2.0/Vivado_Project/constrs/impl_constraints.xdc:8942]
Resolution: A valid end point is a data pin of a sequential cell or a primary output or inout port. Please validate that all the objects returned by your query belong to this list.
WARNING: [Constraints 18-401] set_false_path: 'U0_ps_ai_wrap_demo/U0_ps_ai_peripheral/frame_trans_inst0/axis_master_inst/afifo_24w_4096d_u0/U0/inst_fifo_gen/gconvfifo.rf/grf.rf/gntv_or_sync_fifo.mem/gdm.dm_gen.dm/gpr1.dout_i_reg[14]_i_5' is not a valid endpoint. [E:/experiment/¸´µ©Î¢/Fast-BEV/Fastbev2.0_sa/part2_sa/part2_sa_v2.0/Vivado_Project/constrs/impl_constraints.xdc:8942]
Resolution: A valid end point is a data pin of a sequential cell or a primary output or inout port. Please validate that all the objects returned by your query belong to this list.
WARNING: [Constraints 18-401] set_false_path: 'U0_ps_ai_wrap_demo/U0_ps_ai_peripheral/frame_trans_inst0/axis_master_inst/afifo_24w_4096d_u0/U0/inst_fifo_gen/gconvfifo.rf/grf.rf/gntv_or_sync_fifo.mem/gdm.dm_gen.dm/gpr1.dout_i_reg[14]_i_6' is not a valid endpoint. [E:/experiment/¸´µ©Î¢/Fast-BEV/Fastbev2.0_sa/part2_sa/part2_sa_v2.0/Vivado_Project/constrs/impl_constraints.xdc:8942]
Resolution: A valid end point is a data pin of a sequential cell or a primary output or inout port. Please validate that all the objects returned by your query belong to this list.
WARNING: [Constraints 18-401] set_false_path: 'U0_ps_ai_wrap_demo/U0_ps_ai_peripheral/frame_trans_inst0/axis_master_inst/afifo_24w_4096d_u0/U0/inst_fifo_gen/gconvfifo.rf/grf.rf/gntv_or_sync_fifo.mem/gdm.dm_gen.dm/gpr1.dout_i_reg[14]_i_7' is not a valid endpoint. [E:/experiment/¸´µ©Î¢/Fast-BEV/Fastbev2.0_sa/part2_sa/part2_sa_v2.0/Vivado_Project/constrs/impl_constraints.xdc:8942]
Resolution: A valid end point is a data pin of a sequential cell or a primary output or inout port. Please validate that all the objects returned by your query belong to this list.
WARNING: [Constraints 18-401] set_false_path: 'U0_ps_ai_wrap_demo/U0_ps_ai_peripheral/frame_trans_inst0/axis_master_inst/afifo_24w_4096d_u0/U0/inst_fifo_gen/gconvfifo.rf/grf.rf/gntv_or_sync_fifo.mem/gdm.dm_gen.dm/gpr1.dout_i_reg[14]_i_8' is not a valid endpoint. [E:/experiment/¸´µ©Î¢/Fast-BEV/Fastbev2.0_sa/part2_sa/part2_sa_v2.0/Vivado_Project/constrs/impl_constraints.xdc:8942]
Resolution: A valid end point is a data pin of a sequential cell or a primary output or inout port. Please validate that all the objects returned by your query belong to this list.
WARNING: [Constraints 18-401] set_false_path: 'U0_ps_ai_wrap_demo/U0_ps_ai_peripheral/frame_trans_inst0/axis_master_inst/afifo_24w_4096d_u0/U0/inst_fifo_gen/gconvfifo.rf/grf.rf/gntv_or_sync_fifo.mem/gdm.dm_gen.dm/gpr1.dout_i_reg[14]_i_9' is not a valid endpoint. [E:/experiment/¸´µ©Î¢/Fast-BEV/Fastbev2.0_sa/part2_sa/part2_sa_v2.0/Vivado_Project/constrs/impl_constraints.xdc:8942]
Resolution: A valid end point is a data pin of a sequential cell or a primary output or inout port. Please validate that all the objects returned by your query belong to this list.
WARNING: [Constraints 18-401] set_false_path: 'U0_ps_ai_wrap_demo/U0_ps_ai_peripheral/frame_trans_inst0/axis_master_inst/afifo_24w_4096d_u0/U0/inst_fifo_gen/gconvfifo.rf/grf.rf/gntv_or_sync_fifo.mem/gdm.dm_gen.dm/gpr1.dout_i_reg[15]_i_10' is not a valid endpoint. [E:/experiment/¸´µ©Î¢/Fast-BEV/Fastbev2.0_sa/part2_sa/part2_sa_v2.0/Vivado_Project/constrs/impl_constraints.xdc:8942]
Resolution: A valid end point is a data pin of a sequential cell or a primary output or inout port. Please validate that all the objects returned by your query belong to this list.
WARNING: [Constraints 18-401] set_false_path: 'U0_ps_ai_wrap_demo/U0_ps_ai_peripheral/frame_trans_inst0/axis_master_inst/afifo_24w_4096d_u0/U0/inst_fifo_gen/gconvfifo.rf/grf.rf/gntv_or_sync_fifo.mem/gdm.dm_gen.dm/gpr1.dout_i_reg[15]_i_11' is not a valid endpoint. [E:/experiment/¸´µ©Î¢/Fast-BEV/Fastbev2.0_sa/part2_sa/part2_sa_v2.0/Vivado_Project/constrs/impl_constraints.xdc:8942]
Resolution: A valid end point is a data pin of a sequential cell or a primary output or inout port. Please validate that all the objects returned by your query belong to this list.
WARNING: [Constraints 18-401] set_false_path: 'U0_ps_ai_wrap_demo/U0_ps_ai_peripheral/frame_trans_inst0/axis_master_inst/afifo_24w_4096d_u0/U0/inst_fifo_gen/gconvfifo.rf/grf.rf/gntv_or_sync_fifo.mem/gdm.dm_gen.dm/gpr1.dout_i_reg[15]_i_12' is not a valid endpoint. [E:/experiment/¸´µ©Î¢/Fast-BEV/Fastbev2.0_sa/part2_sa/part2_sa_v2.0/Vivado_Project/constrs/impl_constraints.xdc:8942]
Resolution: A valid end point is a data pin of a sequential cell or a primary output or inout port. Please validate that all the objects returned by your query belong to this list.
WARNING: [Constraints 18-401] set_false_path: 'U0_ps_ai_wrap_demo/U0_ps_ai_peripheral/frame_trans_inst0/axis_master_inst/afifo_24w_4096d_u0/U0/inst_fifo_gen/gconvfifo.rf/grf.rf/gntv_or_sync_fifo.mem/gdm.dm_gen.dm/gpr1.dout_i_reg[15]_i_13' is not a valid endpoint. [E:/experiment/¸´µ©Î¢/Fast-BEV/Fastbev2.0_sa/part2_sa/part2_sa_v2.0/Vivado_Project/constrs/impl_constraints.xdc:8942]
Resolution: A valid end point is a data pin of a sequential cell or a primary output or inout port. Please validate that all the objects returned by your query belong to this list.
WARNING: [Constraints 18-401] set_false_path: 'U0_ps_ai_wrap_demo/U0_ps_ai_peripheral/frame_trans_inst0/axis_master_inst/afifo_24w_4096d_u0/U0/inst_fifo_gen/gconvfifo.rf/grf.rf/gntv_or_sync_fifo.mem/gdm.dm_gen.dm/gpr1.dout_i_reg[15]_i_2' is not a valid endpoint. [E:/experiment/¸´µ©Î¢/Fast-BEV/Fastbev2.0_sa/part2_sa/part2_sa_v2.0/Vivado_Project/constrs/impl_constraints.xdc:8942]
Resolution: A valid end point is a data pin of a sequential cell or a primary output or inout port. Please validate that all the objects returned by your query belong to this list.
WARNING: [Constraints 18-401] set_false_path: 'U0_ps_ai_wrap_demo/U0_ps_ai_peripheral/frame_trans_inst0/axis_master_inst/afifo_24w_4096d_u0/U0/inst_fifo_gen/gconvfifo.rf/grf.rf/gntv_or_sync_fifo.mem/gdm.dm_gen.dm/gpr1.dout_i_reg[15]_i_3' is not a valid endpoint. [E:/experiment/¸´µ©Î¢/Fast-BEV/Fastbev2.0_sa/part2_sa/part2_sa_v2.0/Vivado_Project/constrs/impl_constraints.xdc:8942]
Resolution: A valid end point is a data pin of a sequential cell or a primary output or inout port. Please validate that all the objects returned by your query belong to this list.
WARNING: [Constraints 18-401] set_false_path: 'U0_ps_ai_wrap_demo/U0_ps_ai_peripheral/frame_trans_inst0/axis_master_inst/afifo_24w_4096d_u0/U0/inst_fifo_gen/gconvfifo.rf/grf.rf/gntv_or_sync_fifo.mem/gdm.dm_gen.dm/gpr1.dout_i_reg[15]_i_4' is not a valid endpoint. [E:/experiment/¸´µ©Î¢/Fast-BEV/Fastbev2.0_sa/part2_sa/part2_sa_v2.0/Vivado_Project/constrs/impl_constraints.xdc:8942]
Resolution: A valid end point is a data pin of a sequential cell or a primary output or inout port. Please validate that all the objects returned by your query belong to this list.
WARNING: [Constraints 18-401] set_false_path: 'U0_ps_ai_wrap_demo/U0_ps_ai_peripheral/frame_trans_inst0/axis_master_inst/afifo_24w_4096d_u0/U0/inst_fifo_gen/gconvfifo.rf/grf.rf/gntv_or_sync_fifo.mem/gdm.dm_gen.dm/gpr1.dout_i_reg[15]_i_5' is not a valid endpoint. [E:/experiment/¸´µ©Î¢/Fast-BEV/Fastbev2.0_sa/part2_sa/part2_sa_v2.0/Vivado_Project/constrs/impl_constraints.xdc:8942]
Resolution: A valid end point is a data pin of a sequential cell or a primary output or inout port. Please validate that all the objects returned by your query belong to this list.
WARNING: [Constraints 18-401] set_false_path: 'U0_ps_ai_wrap_demo/U0_ps_ai_peripheral/frame_trans_inst0/axis_master_inst/afifo_24w_4096d_u0/U0/inst_fifo_gen/gconvfifo.rf/grf.rf/gntv_or_sync_fifo.mem/gdm.dm_gen.dm/gpr1.dout_i_reg[15]_i_6' is not a valid endpoint. [E:/experiment/¸´µ©Î¢/Fast-BEV/Fastbev2.0_sa/part2_sa/part2_sa_v2.0/Vivado_Project/constrs/impl_constraints.xdc:8942]
Resolution: A valid end point is a data pin of a sequential cell or a primary output or inout port. Please validate that all the objects returned by your query belong to this list.
WARNING: [Constraints 18-401] set_false_path: 'U0_ps_ai_wrap_demo/U0_ps_ai_peripheral/frame_trans_inst0/axis_master_inst/afifo_24w_4096d_u0/U0/inst_fifo_gen/gconvfifo.rf/grf.rf/gntv_or_sync_fifo.mem/gdm.dm_gen.dm/gpr1.dout_i_reg[15]_i_7' is not a valid endpoint. [E:/experiment/¸´µ©Î¢/Fast-BEV/Fastbev2.0_sa/part2_sa/part2_sa_v2.0/Vivado_Project/constrs/impl_constraints.xdc:8942]
Resolution: A valid end point is a data pin of a sequential cell or a primary output or inout port. Please validate that all the objects returned by your query belong to this list.
WARNING: [Constraints 18-401] set_false_path: 'U0_ps_ai_wrap_demo/U0_ps_ai_peripheral/frame_trans_inst0/axis_master_inst/afifo_24w_4096d_u0/U0/inst_fifo_gen/gconvfifo.rf/grf.rf/gntv_or_sync_fifo.mem/gdm.dm_gen.dm/gpr1.dout_i_reg[15]_i_8' is not a valid endpoint. [E:/experiment/¸´µ©Î¢/Fast-BEV/Fastbev2.0_sa/part2_sa/part2_sa_v2.0/Vivado_Project/constrs/impl_constraints.xdc:8942]
Resolution: A valid end point is a data pin of a sequential cell or a primary output or inout port. Please validate that all the objects returned by your query belong to this list.
WARNING: [Constraints 18-401] set_false_path: 'U0_ps_ai_wrap_demo/U0_ps_ai_peripheral/frame_trans_inst0/axis_master_inst/afifo_24w_4096d_u0/U0/inst_fifo_gen/gconvfifo.rf/grf.rf/gntv_or_sync_fifo.mem/gdm.dm_gen.dm/gpr1.dout_i_reg[15]_i_9' is not a valid endpoint. [E:/experiment/¸´µ©Î¢/Fast-BEV/Fastbev2.0_sa/part2_sa/part2_sa_v2.0/Vivado_Project/constrs/impl_constraints.xdc:8942]
Resolution: A valid end point is a data pin of a sequential cell or a primary output or inout port. Please validate that all the objects returned by your query belong to this list.
WARNING: [Constraints 18-401] set_false_path: 'U0_ps_ai_wrap_demo/U0_ps_ai_peripheral/frame_trans_inst0/axis_master_inst/afifo_24w_4096d_u0/U0/inst_fifo_gen/gconvfifo.rf/grf.rf/gntv_or_sync_fifo.mem/gdm.dm_gen.dm/gpr1.dout_i_reg[16]_i_10' is not a valid endpoint. [E:/experiment/¸´µ©Î¢/Fast-BEV/Fastbev2.0_sa/part2_sa/part2_sa_v2.0/Vivado_Project/constrs/impl_constraints.xdc:8942]
Resolution: A valid end point is a data pin of a sequential cell or a primary output or inout port. Please validate that all the objects returned by your query belong to this list.
WARNING: [Constraints 18-401] set_false_path: 'U0_ps_ai_wrap_demo/U0_ps_ai_peripheral/frame_trans_inst0/axis_master_inst/afifo_24w_4096d_u0/U0/inst_fifo_gen/gconvfifo.rf/grf.rf/gntv_or_sync_fifo.mem/gdm.dm_gen.dm/gpr1.dout_i_reg[16]_i_11' is not a valid endpoint. [E:/experiment/¸´µ©Î¢/Fast-BEV/Fastbev2.0_sa/part2_sa/part2_sa_v2.0/Vivado_Project/constrs/impl_constraints.xdc:8942]
Resolution: A valid end point is a data pin of a sequential cell or a primary output or inout port. Please validate that all the objects returned by your query belong to this list.
WARNING: [Constraints 18-401] set_false_path: 'U0_ps_ai_wrap_demo/U0_ps_ai_peripheral/frame_trans_inst0/axis_master_inst/afifo_24w_4096d_u0/U0/inst_fifo_gen/gconvfifo.rf/grf.rf/gntv_or_sync_fifo.mem/gdm.dm_gen.dm/gpr1.dout_i_reg[16]_i_12' is not a valid endpoint. [E:/experiment/¸´µ©Î¢/Fast-BEV/Fastbev2.0_sa/part2_sa/part2_sa_v2.0/Vivado_Project/constrs/impl_constraints.xdc:8942]
Resolution: A valid end point is a data pin of a sequential cell or a primary output or inout port. Please validate that all the objects returned by your query belong to this list.
WARNING: [Constraints 18-401] set_false_path: 'U0_ps_ai_wrap_demo/U0_ps_ai_peripheral/frame_trans_inst0/axis_master_inst/afifo_24w_4096d_u0/U0/inst_fifo_gen/gconvfifo.rf/grf.rf/gntv_or_sync_fifo.mem/gdm.dm_gen.dm/gpr1.dout_i_reg[16]_i_13' is not a valid endpoint. [E:/experiment/¸´µ©Î¢/Fast-BEV/Fastbev2.0_sa/part2_sa/part2_sa_v2.0/Vivado_Project/constrs/impl_constraints.xdc:8942]
Resolution: A valid end point is a data pin of a sequential cell or a primary output or inout port. Please validate that all the objects returned by your query belong to this list.
WARNING: [Constraints 18-401] set_false_path: 'U0_ps_ai_wrap_demo/U0_ps_ai_peripheral/frame_trans_inst0/axis_master_inst/afifo_24w_4096d_u0/U0/inst_fifo_gen/gconvfifo.rf/grf.rf/gntv_or_sync_fifo.mem/gdm.dm_gen.dm/gpr1.dout_i_reg[16]_i_2' is not a valid endpoint. [E:/experiment/¸´µ©Î¢/Fast-BEV/Fastbev2.0_sa/part2_sa/part2_sa_v2.0/Vivado_Project/constrs/impl_constraints.xdc:8942]
Resolution: A valid end point is a data pin of a sequential cell or a primary output or inout port. Please validate that all the objects returned by your query belong to this list.
WARNING: [Constraints 18-401] set_false_path: 'U0_ps_ai_wrap_demo/U0_ps_ai_peripheral/frame_trans_inst0/axis_master_inst/afifo_24w_4096d_u0/U0/inst_fifo_gen/gconvfifo.rf/grf.rf/gntv_or_sync_fifo.mem/gdm.dm_gen.dm/gpr1.dout_i_reg[16]_i_3' is not a valid endpoint. [E:/experiment/¸´µ©Î¢/Fast-BEV/Fastbev2.0_sa/part2_sa/part2_sa_v2.0/Vivado_Project/constrs/impl_constraints.xdc:8942]
Resolution: A valid end point is a data pin of a sequential cell or a primary output or inout port. Please validate that all the objects returned by your query belong to this list.
WARNING: [Constraints 18-401] set_false_path: 'U0_ps_ai_wrap_demo/U0_ps_ai_peripheral/frame_trans_inst0/axis_master_inst/afifo_24w_4096d_u0/U0/inst_fifo_gen/gconvfifo.rf/grf.rf/gntv_or_sync_fifo.mem/gdm.dm_gen.dm/gpr1.dout_i_reg[16]_i_4' is not a valid endpoint. [E:/experiment/¸´µ©Î¢/Fast-BEV/Fastbev2.0_sa/part2_sa/part2_sa_v2.0/Vivado_Project/constrs/impl_constraints.xdc:8942]
Resolution: A valid end point is a data pin of a sequential cell or a primary output or inout port. Please validate that all the objects returned by your query belong to this list.
WARNING: [Constraints 18-401] set_false_path: 'U0_ps_ai_wrap_demo/U0_ps_ai_peripheral/frame_trans_inst0/axis_master_inst/afifo_24w_4096d_u0/U0/inst_fifo_gen/gconvfifo.rf/grf.rf/gntv_or_sync_fifo.mem/gdm.dm_gen.dm/gpr1.dout_i_reg[16]_i_5' is not a valid endpoint. [E:/experiment/¸´µ©Î¢/Fast-BEV/Fastbev2.0_sa/part2_sa/part2_sa_v2.0/Vivado_Project/constrs/impl_constraints.xdc:8942]
Resolution: A valid end point is a data pin of a sequential cell or a primary output or inout port. Please validate that all the objects returned by your query belong to this list.
WARNING: [Constraints 18-401] set_false_path: 'U0_ps_ai_wrap_demo/U0_ps_ai_peripheral/frame_trans_inst0/axis_master_inst/afifo_24w_4096d_u0/U0/inst_fifo_gen/gconvfifo.rf/grf.rf/gntv_or_sync_fifo.mem/gdm.dm_gen.dm/gpr1.dout_i_reg[16]_i_6' is not a valid endpoint. [E:/experiment/¸´µ©Î¢/Fast-BEV/Fastbev2.0_sa/part2_sa/part2_sa_v2.0/Vivado_Project/constrs/impl_constraints.xdc:8942]
Resolution: A valid end point is a data pin of a sequential cell or a primary output or inout port. Please validate that all the objects returned by your query belong to this list.
WARNING: [Constraints 18-401] set_false_path: 'U0_ps_ai_wrap_demo/U0_ps_ai_peripheral/frame_trans_inst0/axis_master_inst/afifo_24w_4096d_u0/U0/inst_fifo_gen/gconvfifo.rf/grf.rf/gntv_or_sync_fifo.mem/gdm.dm_gen.dm/gpr1.dout_i_reg[16]_i_7' is not a valid endpoint. [E:/experiment/¸´µ©Î¢/Fast-BEV/Fastbev2.0_sa/part2_sa/part2_sa_v2.0/Vivado_Project/constrs/impl_constraints.xdc:8942]
Resolution: A valid end point is a data pin of a sequential cell or a primary output or inout port. Please validate that all the objects returned by your query belong to this list.
WARNING: [Constraints 18-401] set_false_path: 'U0_ps_ai_wrap_demo/U0_ps_ai_peripheral/frame_trans_inst0/axis_master_inst/afifo_24w_4096d_u0/U0/inst_fifo_gen/gconvfifo.rf/grf.rf/gntv_or_sync_fifo.mem/gdm.dm_gen.dm/gpr1.dout_i_reg[16]_i_8' is not a valid endpoint. [E:/experiment/¸´µ©Î¢/Fast-BEV/Fastbev2.0_sa/part2_sa/part2_sa_v2.0/Vivado_Project/constrs/impl_constraints.xdc:8942]
Resolution: A valid end point is a data pin of a sequential cell or a primary output or inout port. Please validate that all the objects returned by your query belong to this list.
WARNING: [Constraints 18-401] set_false_path: 'U0_ps_ai_wrap_demo/U0_ps_ai_peripheral/frame_trans_inst0/axis_master_inst/afifo_24w_4096d_u0/U0/inst_fifo_gen/gconvfifo.rf/grf.rf/gntv_or_sync_fifo.mem/gdm.dm_gen.dm/gpr1.dout_i_reg[16]_i_9' is not a valid endpoint. [E:/experiment/¸´µ©Î¢/Fast-BEV/Fastbev2.0_sa/part2_sa/part2_sa_v2.0/Vivado_Project/constrs/impl_constraints.xdc:8942]
Resolution: A valid end point is a data pin of a sequential cell or a primary output or inout port. Please validate that all the objects returned by your query belong to this list.
WARNING: [Constraints 18-401] set_false_path: 'U0_ps_ai_wrap_demo/U0_ps_ai_peripheral/frame_trans_inst0/axis_master_inst/afifo_24w_4096d_u0/U0/inst_fifo_gen/gconvfifo.rf/grf.rf/gntv_or_sync_fifo.mem/gdm.dm_gen.dm/gpr1.dout_i_reg[17]_i_10' is not a valid endpoint. [E:/experiment/¸´µ©Î¢/Fast-BEV/Fastbev2.0_sa/part2_sa/part2_sa_v2.0/Vivado_Project/constrs/impl_constraints.xdc:8942]
Resolution: A valid end point is a data pin of a sequential cell or a primary output or inout port. Please validate that all the objects returned by your query belong to this list.
WARNING: [Constraints 18-401] set_false_path: 'U0_ps_ai_wrap_demo/U0_ps_ai_peripheral/frame_trans_inst0/axis_master_inst/afifo_24w_4096d_u0/U0/inst_fifo_gen/gconvfifo.rf/grf.rf/gntv_or_sync_fifo.mem/gdm.dm_gen.dm/gpr1.dout_i_reg[17]_i_11' is not a valid endpoint. [E:/experiment/¸´µ©Î¢/Fast-BEV/Fastbev2.0_sa/part2_sa/part2_sa_v2.0/Vivado_Project/constrs/impl_constraints.xdc:8942]
Resolution: A valid end point is a data pin of a sequential cell or a primary output or inout port. Please validate that all the objects returned by your query belong to this list.
WARNING: [Constraints 18-401] set_false_path: 'U0_ps_ai_wrap_demo/U0_ps_ai_peripheral/frame_trans_inst0/axis_master_inst/afifo_24w_4096d_u0/U0/inst_fifo_gen/gconvfifo.rf/grf.rf/gntv_or_sync_fifo.mem/gdm.dm_gen.dm/gpr1.dout_i_reg[17]_i_12' is not a valid endpoint. [E:/experiment/¸´µ©Î¢/Fast-BEV/Fastbev2.0_sa/part2_sa/part2_sa_v2.0/Vivado_Project/constrs/impl_constraints.xdc:8942]
Resolution: A valid end point is a data pin of a sequential cell or a primary output or inout port. Please validate that all the objects returned by your query belong to this list.
WARNING: [Constraints 18-401] set_false_path: 'U0_ps_ai_wrap_demo/U0_ps_ai_peripheral/frame_trans_inst0/axis_master_inst/afifo_24w_4096d_u0/U0/inst_fifo_gen/gconvfifo.rf/grf.rf/gntv_or_sync_fifo.mem/gdm.dm_gen.dm/gpr1.dout_i_reg[17]_i_13' is not a valid endpoint. [E:/experiment/¸´µ©Î¢/Fast-BEV/Fastbev2.0_sa/part2_sa/part2_sa_v2.0/Vivado_Project/constrs/impl_constraints.xdc:8942]
Resolution: A valid end point is a data pin of a sequential cell or a primary output or inout port. Please validate that all the objects returned by your query belong to this list.
INFO: [Common 17-14] Message 'Constraints 18-401' appears 100 times and further instances of the messages will be disabled. Use the Tcl command set_msg_config to change the current settings. [E:/experiment/¸´µ©Î¢/Fast-BEV/Fastbev2.0_sa/part2_sa/part2_sa_v2.0/Vivado_Project/constrs/impl_constraints.xdc:8942]
Finished Parsing XDC File [E:/experiment/¸´µ©Î¢/Fast-BEV/Fastbev2.0_sa/part2_sa/part2_sa_v2.0/Vivado_Project/constrs/impl_constraints.xdc]
INFO: [Opt 31-138] Pushed 0 inverter(s) to 0 load pin(s).
Netlist sorting complete. Time (s): cpu = 00:00:00 ; elapsed = 00:00:00.040 . Memory (MB): peak = 1924.234 ; gain = 0.000
INFO: [Project 1-111] Unisim Transformation Summary:
  A total of 1526 instances were transformed.
  IOBUFDS_DIFF_OUT_DCIEN => IOBUFDS_DIFF_OUT_DCIEN (IBUFDS_IBUFDISABLE_INT, IBUFDS_IBUFDISABLE_INT, INV, OBUFTDS_DCIEN, OBUFTDS_DCIEN): 8 instances
  IOBUF_DCIEN => IOBUF_DCIEN (IBUF_IBUFDISABLE, OBUFT_DCIEN): 64 instances
  OBUFDS => OBUFDS_DUAL_BUF (INV, OBUFDS, OBUFDS): 1 instances
  RAM32M => RAM32M (RAMD32, RAMD32, RAMD32, RAMD32, RAMD32, RAMD32, RAMS32, RAMS32): 626 instances
  RAM64M => RAM64M (RAMD64E, RAMD64E, RAMD64E, RAMD64E): 779 instances
  RAM64X1D => RAM64X1D (RAMD64E, RAMD64E): 48 instances

11 Infos, 107 Warnings, 0 Critical Warnings and 0 Errors encountered.
link_design completed successfully
link_design: Time (s): cpu = 00:01:04 ; elapsed = 00:01:04 . Memory (MB): peak = 1924.234 ; gain = 1674.688
Command: opt_design
Attempting to get a license for feature 'Implementation' and/or device 'xc7z030'
INFO: [Common 17-349] Got license for feature 'Implementation' and/or device 'xc7z030'
Running DRC as a precondition to command opt_design

Starting DRC Task
INFO: [DRC 23-27] Running DRC with 2 threads
INFO: [Project 1-461] DRC finished with 0 Errors
INFO: [Project 1-462] Please refer to the DRC report (report_drc) for more information.

Time (s): cpu = 00:00:04 ; elapsed = 00:00:02 . Memory (MB): peak = 1924.234 ; gain = 0.000

Starting Cache Timing Information Task
WARNING: [Constraints 18-401] set_false_path: 'U0_ps_ai_wrap_demo/U0_ps_ai_peripheral/frame_trans_inst0/axis_master_inst/afifo_24w_4096d_u0/U0/inst_fifo_gen/gconvfifo.rf/grf.rf/gntv_or_sync_fifo.mem/gdm.dm_gen.dm/gpr1.dout_i_reg[0]_i_10' is not a valid endpoint. [E:/experiment/¸´µ©Î¢/Fast-BEV/Fastbev2.0_sa/part2_sa/part2_sa_v2.0/Vivado_Project/constrs/impl_constraints.xdc:8942]
Resolution: A valid end point is a data pin of a sequential cell or a primary output or inout port. Please validate that all the objects returned by your query belong to this list.
WARNING: [Constraints 18-401] set_false_path: 'U0_ps_ai_wrap_demo/U0_ps_ai_peripheral/frame_trans_inst0/axis_master_inst/afifo_24w_4096d_u0/U0/inst_fifo_gen/gconvfifo.rf/grf.rf/gntv_or_sync_fifo.mem/gdm.dm_gen.dm/gpr1.dout_i_reg[0]_i_11' is not a valid endpoint. [E:/experiment/¸´µ©Î¢/Fast-BEV/Fastbev2.0_sa/part2_sa/part2_sa_v2.0/Vivado_Project/constrs/impl_constraints.xdc:8942]
Resolution: A valid end point is a data pin of a sequential cell or a primary output or inout port. Please validate that all the objects returned by your query belong to this list.
WARNING: [Constraints 18-401] set_false_path: 'U0_ps_ai_wrap_demo/U0_ps_ai_peripheral/frame_trans_inst0/axis_master_inst/afifo_24w_4096d_u0/U0/inst_fifo_gen/gconvfifo.rf/grf.rf/gntv_or_sync_fifo.mem/gdm.dm_gen.dm/gpr1.dout_i_reg[0]_i_12' is not a valid endpoint. [E:/experiment/¸´µ©Î¢/Fast-BEV/Fastbev2.0_sa/part2_sa/part2_sa_v2.0/Vivado_Project/constrs/impl_constraints.xdc:8942]
Resolution: A valid end point is a data pin of a sequential cell or a primary output or inout port. Please validate that all the objects returned by your query belong to this list.
WARNING: [Constraints 18-401] set_false_path: 'U0_ps_ai_wrap_demo/U0_ps_ai_peripheral/frame_trans_inst0/axis_master_inst/afifo_24w_4096d_u0/U0/inst_fifo_gen/gconvfifo.rf/grf.rf/gntv_or_sync_fifo.mem/gdm.dm_gen.dm/gpr1.dout_i_reg[0]_i_13' is not a valid endpoint. [E:/experiment/¸´µ©Î¢/Fast-BEV/Fastbev2.0_sa/part2_sa/part2_sa_v2.0/Vivado_Project/constrs/impl_constraints.xdc:8942]
Resolution: A valid end point is a data pin of a sequential cell or a primary output or inout port. Please validate that all the objects returned by your query belong to this list.
WARNING: [Constraints 18-401] set_false_path: 'U0_ps_ai_wrap_demo/U0_ps_ai_peripheral/frame_trans_inst0/axis_master_inst/afifo_24w_4096d_u0/U0/inst_fifo_gen/gconvfifo.rf/grf.rf/gntv_or_sync_fifo.mem/gdm.dm_gen.dm/gpr1.dout_i_reg[0]_i_2' is not a valid endpoint. [E:/experiment/¸´µ©Î¢/Fast-BEV/Fastbev2.0_sa/part2_sa/part2_sa_v2.0/Vivado_Project/constrs/impl_constraints.xdc:8942]
Resolution: A valid end point is a data pin of a sequential cell or a primary output or inout port. Please validate that all the objects returned by your query belong to this list.
WARNING: [Constraints 18-401] set_false_path: 'U0_ps_ai_wrap_demo/U0_ps_ai_peripheral/frame_trans_inst0/axis_master_inst/afifo_24w_4096d_u0/U0/inst_fifo_gen/gconvfifo.rf/grf.rf/gntv_or_sync_fifo.mem/gdm.dm_gen.dm/gpr1.dout_i_reg[0]_i_3' is not a valid endpoint. [E:/experiment/¸´µ©Î¢/Fast-BEV/Fastbev2.0_sa/part2_sa/part2_sa_v2.0/Vivado_Project/constrs/impl_constraints.xdc:8942]
Resolution: A valid end point is a data pin of a sequential cell or a primary output or inout port. Please validate that all the objects returned by your query belong to this list.
WARNING: [Constraints 18-401] set_false_path: 'U0_ps_ai_wrap_demo/U0_ps_ai_peripheral/frame_trans_inst0/axis_master_inst/afifo_24w_4096d_u0/U0/inst_fifo_gen/gconvfifo.rf/grf.rf/gntv_or_sync_fifo.mem/gdm.dm_gen.dm/gpr1.dout_i_reg[0]_i_4' is not a valid endpoint. [E:/experiment/¸´µ©Î¢/Fast-BEV/Fastbev2.0_sa/part2_sa/part2_sa_v2.0/Vivado_Project/constrs/impl_constraints.xdc:8942]
Resolution: A valid end point is a data pin of a sequential cell or a primary output or inout port. Please validate that all the objects returned by your query belong to this list.
WARNING: [Constraints 18-401] set_false_path: 'U0_ps_ai_wrap_demo/U0_ps_ai_peripheral/frame_trans_inst0/axis_master_inst/afifo_24w_4096d_u0/U0/inst_fifo_gen/gconvfifo.rf/grf.rf/gntv_or_sync_fifo.mem/gdm.dm_gen.dm/gpr1.dout_i_reg[0]_i_5' is not a valid endpoint. [E:/experiment/¸´µ©Î¢/Fast-BEV/Fastbev2.0_sa/part2_sa/part2_sa_v2.0/Vivado_Project/constrs/impl_constraints.xdc:8942]
Resolution: A valid end point is a data pin of a sequential cell or a primary output or inout port. Please validate that all the objects returned by your query belong to this list.
WARNING: [Constraints 18-401] set_false_path: 'U0_ps_ai_wrap_demo/U0_ps_ai_peripheral/frame_trans_inst0/axis_master_inst/afifo_24w_4096d_u0/U0/inst_fifo_gen/gconvfifo.rf/grf.rf/gntv_or_sync_fifo.mem/gdm.dm_gen.dm/gpr1.dout_i_reg[0]_i_6' is not a valid endpoint. [E:/experiment/¸´µ©Î¢/Fast-BEV/Fastbev2.0_sa/part2_sa/part2_sa_v2.0/Vivado_Project/constrs/impl_constraints.xdc:8942]
Resolution: A valid end point is a data pin of a sequential cell or a primary output or inout port. Please validate that all the objects returned by your query belong to this list.
WARNING: [Constraints 18-401] set_false_path: 'U0_ps_ai_wrap_demo/U0_ps_ai_peripheral/frame_trans_inst0/axis_master_inst/afifo_24w_4096d_u0/U0/inst_fifo_gen/gconvfifo.rf/grf.rf/gntv_or_sync_fifo.mem/gdm.dm_gen.dm/gpr1.dout_i_reg[0]_i_7' is not a valid endpoint. [E:/experiment/¸´µ©Î¢/Fast-BEV/Fastbev2.0_sa/part2_sa/part2_sa_v2.0/Vivado_Project/constrs/impl_constraints.xdc:8942]
Resolution: A valid end point is a data pin of a sequential cell or a primary output or inout port. Please validate that all the objects returned by your query belong to this list.
WARNING: [Constraints 18-401] set_false_path: 'U0_ps_ai_wrap_demo/U0_ps_ai_peripheral/frame_trans_inst0/axis_master_inst/afifo_24w_4096d_u0/U0/inst_fifo_gen/gconvfifo.rf/grf.rf/gntv_or_sync_fifo.mem/gdm.dm_gen.dm/gpr1.dout_i_reg[0]_i_8' is not a valid endpoint. [E:/experiment/¸´µ©Î¢/Fast-BEV/Fastbev2.0_sa/part2_sa/part2_sa_v2.0/Vivado_Project/constrs/impl_constraints.xdc:8942]
Resolution: A valid end point is a data pin of a sequential cell or a primary output or inout port. Please validate that all the objects returned by your query belong to this list.
WARNING: [Constraints 18-401] set_false_path: 'U0_ps_ai_wrap_demo/U0_ps_ai_peripheral/frame_trans_inst0/axis_master_inst/afifo_24w_4096d_u0/U0/inst_fifo_gen/gconvfifo.rf/grf.rf/gntv_or_sync_fifo.mem/gdm.dm_gen.dm/gpr1.dout_i_reg[0]_i_9' is not a valid endpoint. [E:/experiment/¸´µ©Î¢/Fast-BEV/Fastbev2.0_sa/part2_sa/part2_sa_v2.0/Vivado_Project/constrs/impl_constraints.xdc:8942]
Resolution: A valid end point is a data pin of a sequential cell or a primary output or inout port. Please validate that all the objects returned by your query belong to this list.
WARNING: [Constraints 18-401] set_false_path: 'U0_ps_ai_wrap_demo/U0_ps_ai_peripheral/frame_trans_inst0/axis_master_inst/afifo_24w_4096d_u0/U0/inst_fifo_gen/gconvfifo.rf/grf.rf/gntv_or_sync_fifo.mem/gdm.dm_gen.dm/gpr1.dout_i_reg[10]_i_10' is not a valid endpoint. [E:/experiment/¸´µ©Î¢/Fast-BEV/Fastbev2.0_sa/part2_sa/part2_sa_v2.0/Vivado_Project/constrs/impl_constraints.xdc:8942]
Resolution: A valid end point is a data pin of a sequential cell or a primary output or inout port. Please validate that all the objects returned by your query belong to this list.
WARNING: [Constraints 18-401] set_false_path: 'U0_ps_ai_wrap_demo/U0_ps_ai_peripheral/frame_trans_inst0/axis_master_inst/afifo_24w_4096d_u0/U0/inst_fifo_gen/gconvfifo.rf/grf.rf/gntv_or_sync_fifo.mem/gdm.dm_gen.dm/gpr1.dout_i_reg[10]_i_11' is not a valid endpoint. [E:/experiment/¸´µ©Î¢/Fast-BEV/Fastbev2.0_sa/part2_sa/part2_sa_v2.0/Vivado_Project/constrs/impl_constraints.xdc:8942]
Resolution: A valid end point is a data pin of a sequential cell or a primary output or inout port. Please validate that all the objects returned by your query belong to this list.
WARNING: [Constraints 18-401] set_false_path: 'U0_ps_ai_wrap_demo/U0_ps_ai_peripheral/frame_trans_inst0/axis_master_inst/afifo_24w_4096d_u0/U0/inst_fifo_gen/gconvfifo.rf/grf.rf/gntv_or_sync_fifo.mem/gdm.dm_gen.dm/gpr1.dout_i_reg[10]_i_12' is not a valid endpoint. [E:/experiment/¸´µ©Î¢/Fast-BEV/Fastbev2.0_sa/part2_sa/part2_sa_v2.0/Vivado_Project/constrs/impl_constraints.xdc:8942]
Resolution: A valid end point is a data pin of a sequential cell or a primary output or inout port. Please validate that all the objects returned by your query belong to this list.
WARNING: [Constraints 18-401] set_false_path: 'U0_ps_ai_wrap_demo/U0_ps_ai_peripheral/frame_trans_inst0/axis_master_inst/afifo_24w_4096d_u0/U0/inst_fifo_gen/gconvfifo.rf/grf.rf/gntv_or_sync_fifo.mem/gdm.dm_gen.dm/gpr1.dout_i_reg[10]_i_13' is not a valid endpoint. [E:/experiment/¸´µ©Î¢/Fast-BEV/Fastbev2.0_sa/part2_sa/part2_sa_v2.0/Vivado_Project/constrs/impl_constraints.xdc:8942]
Resolution: A valid end point is a data pin of a sequential cell or a primary output or inout port. Please validate that all the objects returned by your query belong to this list.
WARNING: [Constraints 18-401] set_false_path: 'U0_ps_ai_wrap_demo/U0_ps_ai_peripheral/frame_trans_inst0/axis_master_inst/afifo_24w_4096d_u0/U0/inst_fifo_gen/gconvfifo.rf/grf.rf/gntv_or_sync_fifo.mem/gdm.dm_gen.dm/gpr1.dout_i_reg[10]_i_2' is not a valid endpoint. [E:/experiment/¸´µ©Î¢/Fast-BEV/Fastbev2.0_sa/part2_sa/part2_sa_v2.0/Vivado_Project/constrs/impl_constraints.xdc:8942]
Resolution: A valid end point is a data pin of a sequential cell or a primary output or inout port. Please validate that all the objects returned by your query belong to this list.
WARNING: [Constraints 18-401] set_false_path: 'U0_ps_ai_wrap_demo/U0_ps_ai_peripheral/frame_trans_inst0/axis_master_inst/afifo_24w_4096d_u0/U0/inst_fifo_gen/gconvfifo.rf/grf.rf/gntv_or_sync_fifo.mem/gdm.dm_gen.dm/gpr1.dout_i_reg[10]_i_3' is not a valid endpoint. [E:/experiment/¸´µ©Î¢/Fast-BEV/Fastbev2.0_sa/part2_sa/part2_sa_v2.0/Vivado_Project/constrs/impl_constraints.xdc:8942]
Resolution: A valid end point is a data pin of a sequential cell or a primary output or inout port. Please validate that all the objects returned by your query belong to this list.
WARNING: [Constraints 18-401] set_false_path: 'U0_ps_ai_wrap_demo/U0_ps_ai_peripheral/frame_trans_inst0/axis_master_inst/afifo_24w_4096d_u0/U0/inst_fifo_gen/gconvfifo.rf/grf.rf/gntv_or_sync_fifo.mem/gdm.dm_gen.dm/gpr1.dout_i_reg[10]_i_4' is not a valid endpoint. [E:/experiment/¸´µ©Î¢/Fast-BEV/Fastbev2.0_sa/part2_sa/part2_sa_v2.0/Vivado_Project/constrs/impl_constraints.xdc:8942]
Resolution: A valid end point is a data pin of a sequential cell or a primary output or inout port. Please validate that all the objects returned by your query belong to this list.
WARNING: [Constraints 18-401] set_false_path: 'U0_ps_ai_wrap_demo/U0_ps_ai_peripheral/frame_trans_inst0/axis_master_inst/afifo_24w_4096d_u0/U0/inst_fifo_gen/gconvfifo.rf/grf.rf/gntv_or_sync_fifo.mem/gdm.dm_gen.dm/gpr1.dout_i_reg[10]_i_5' is not a valid endpoint. [E:/experiment/¸´µ©Î¢/Fast-BEV/Fastbev2.0_sa/part2_sa/part2_sa_v2.0/Vivado_Project/constrs/impl_constraints.xdc:8942]
Resolution: A valid end point is a data pin of a sequential cell or a primary output or inout port. Please validate that all the objects returned by your query belong to this list.
WARNING: [Constraints 18-401] set_false_path: 'U0_ps_ai_wrap_demo/U0_ps_ai_peripheral/frame_trans_inst0/axis_master_inst/afifo_24w_4096d_u0/U0/inst_fifo_gen/gconvfifo.rf/grf.rf/gntv_or_sync_fifo.mem/gdm.dm_gen.dm/gpr1.dout_i_reg[10]_i_6' is not a valid endpoint. [E:/experiment/¸´µ©Î¢/Fast-BEV/Fastbev2.0_sa/part2_sa/part2_sa_v2.0/Vivado_Project/constrs/impl_constraints.xdc:8942]
Resolution: A valid end point is a data pin of a sequential cell or a primary output or inout port. Please validate that all the objects returned by your query belong to this list.
WARNING: [Constraints 18-401] set_false_path: 'U0_ps_ai_wrap_demo/U0_ps_ai_peripheral/frame_trans_inst0/axis_master_inst/afifo_24w_4096d_u0/U0/inst_fifo_gen/gconvfifo.rf/grf.rf/gntv_or_sync_fifo.mem/gdm.dm_gen.dm/gpr1.dout_i_reg[10]_i_7' is not a valid endpoint. [E:/experiment/¸´µ©Î¢/Fast-BEV/Fastbev2.0_sa/part2_sa/part2_sa_v2.0/Vivado_Project/constrs/impl_constraints.xdc:8942]
Resolution: A valid end point is a data pin of a sequential cell or a primary output or inout port. Please validate that all the objects returned by your query belong to this list.
WARNING: [Constraints 18-401] set_false_path: 'U0_ps_ai_wrap_demo/U0_ps_ai_peripheral/frame_trans_inst0/axis_master_inst/afifo_24w_4096d_u0/U0/inst_fifo_gen/gconvfifo.rf/grf.rf/gntv_or_sync_fifo.mem/gdm.dm_gen.dm/gpr1.dout_i_reg[10]_i_8' is not a valid endpoint. [E:/experiment/¸´µ©Î¢/Fast-BEV/Fastbev2.0_sa/part2_sa/part2_sa_v2.0/Vivado_Project/constrs/impl_constraints.xdc:8942]
Resolution: A valid end point is a data pin of a sequential cell or a primary output or inout port. Please validate that all the objects returned by your query belong to this list.
WARNING: [Constraints 18-401] set_false_path: 'U0_ps_ai_wrap_demo/U0_ps_ai_peripheral/frame_trans_inst0/axis_master_inst/afifo_24w_4096d_u0/U0/inst_fifo_gen/gconvfifo.rf/grf.rf/gntv_or_sync_fifo.mem/gdm.dm_gen.dm/gpr1.dout_i_reg[10]_i_9' is not a valid endpoint. [E:/experiment/¸´µ©Î¢/Fast-BEV/Fastbev2.0_sa/part2_sa/part2_sa_v2.0/Vivado_Project/constrs/impl_constraints.xdc:8942]
Resolution: A valid end point is a data pin of a sequential cell or a primary output or inout port. Please validate that all the objects returned by your query belong to this list.
WARNING: [Constraints 18-401] set_false_path: 'U0_ps_ai_wrap_demo/U0_ps_ai_peripheral/frame_trans_inst0/axis_master_inst/afifo_24w_4096d_u0/U0/inst_fifo_gen/gconvfifo.rf/grf.rf/gntv_or_sync_fifo.mem/gdm.dm_gen.dm/gpr1.dout_i_reg[11]_i_10' is not a valid endpoint. [E:/experiment/¸´µ©Î¢/Fast-BEV/Fastbev2.0_sa/part2_sa/part2_sa_v2.0/Vivado_Project/constrs/impl_constraints.xdc:8942]
Resolution: A valid end point is a data pin of a sequential cell or a primary output or inout port. Please validate that all the objects returned by your query belong to this list.
WARNING: [Constraints 18-401] set_false_path: 'U0_ps_ai_wrap_demo/U0_ps_ai_peripheral/frame_trans_inst0/axis_master_inst/afifo_24w_4096d_u0/U0/inst_fifo_gen/gconvfifo.rf/grf.rf/gntv_or_sync_fifo.mem/gdm.dm_gen.dm/gpr1.dout_i_reg[11]_i_11' is not a valid endpoint. [E:/experiment/¸´µ©Î¢/Fast-BEV/Fastbev2.0_sa/part2_sa/part2_sa_v2.0/Vivado_Project/constrs/impl_constraints.xdc:8942]
Resolution: A valid end point is a data pin of a sequential cell or a primary output or inout port. Please validate that all the objects returned by your query belong to this list.
WARNING: [Constraints 18-401] set_false_path: 'U0_ps_ai_wrap_demo/U0_ps_ai_peripheral/frame_trans_inst0/axis_master_inst/afifo_24w_4096d_u0/U0/inst_fifo_gen/gconvfifo.rf/grf.rf/gntv_or_sync_fifo.mem/gdm.dm_gen.dm/gpr1.dout_i_reg[11]_i_12' is not a valid endpoint. [E:/experiment/¸´µ©Î¢/Fast-BEV/Fastbev2.0_sa/part2_sa/part2_sa_v2.0/Vivado_Project/constrs/impl_constraints.xdc:8942]
Resolution: A valid end point is a data pin of a sequential cell or a primary output or inout port. Please validate that all the objects returned by your query belong to this list.
WARNING: [Constraints 18-401] set_false_path: 'U0_ps_ai_wrap_demo/U0_ps_ai_peripheral/frame_trans_inst0/axis_master_inst/afifo_24w_4096d_u0/U0/inst_fifo_gen/gconvfifo.rf/grf.rf/gntv_or_sync_fifo.mem/gdm.dm_gen.dm/gpr1.dout_i_reg[11]_i_13' is not a valid endpoint. [E:/experiment/¸´µ©Î¢/Fast-BEV/Fastbev2.0_sa/part2_sa/part2_sa_v2.0/Vivado_Project/constrs/impl_constraints.xdc:8942]
Resolution: A valid end point is a data pin of a sequential cell or a primary output or inout port. Please validate that all the objects returned by your query belong to this list.
WARNING: [Constraints 18-401] set_false_path: 'U0_ps_ai_wrap_demo/U0_ps_ai_peripheral/frame_trans_inst0/axis_master_inst/afifo_24w_4096d_u0/U0/inst_fifo_gen/gconvfifo.rf/grf.rf/gntv_or_sync_fifo.mem/gdm.dm_gen.dm/gpr1.dout_i_reg[11]_i_2' is not a valid endpoint. [E:/experiment/¸´µ©Î¢/Fast-BEV/Fastbev2.0_sa/part2_sa/part2_sa_v2.0/Vivado_Project/constrs/impl_constraints.xdc:8942]
Resolution: A valid end point is a data pin of a sequential cell or a primary output or inout port. Please validate that all the objects returned by your query belong to this list.
WARNING: [Constraints 18-401] set_false_path: 'U0_ps_ai_wrap_demo/U0_ps_ai_peripheral/frame_trans_inst0/axis_master_inst/afifo_24w_4096d_u0/U0/inst_fifo_gen/gconvfifo.rf/grf.rf/gntv_or_sync_fifo.mem/gdm.dm_gen.dm/gpr1.dout_i_reg[11]_i_3' is not a valid endpoint. [E:/experiment/¸´µ©Î¢/Fast-BEV/Fastbev2.0_sa/part2_sa/part2_sa_v2.0/Vivado_Project/constrs/impl_constraints.xdc:8942]
Resolution: A valid end point is a data pin of a sequential cell or a primary output or inout port. Please validate that all the objects returned by your query belong to this list.
WARNING: [Constraints 18-401] set_false_path: 'U0_ps_ai_wrap_demo/U0_ps_ai_peripheral/frame_trans_inst0/axis_master_inst/afifo_24w_4096d_u0/U0/inst_fifo_gen/gconvfifo.rf/grf.rf/gntv_or_sync_fifo.mem/gdm.dm_gen.dm/gpr1.dout_i_reg[11]_i_4' is not a valid endpoint. [E:/experiment/¸´µ©Î¢/Fast-BEV/Fastbev2.0_sa/part2_sa/part2_sa_v2.0/Vivado_Project/constrs/impl_constraints.xdc:8942]
Resolution: A valid end point is a data pin of a sequential cell or a primary output or inout port. Please validate that all the objects returned by your query belong to this list.
WARNING: [Constraints 18-401] set_false_path: 'U0_ps_ai_wrap_demo/U0_ps_ai_peripheral/frame_trans_inst0/axis_master_inst/afifo_24w_4096d_u0/U0/inst_fifo_gen/gconvfifo.rf/grf.rf/gntv_or_sync_fifo.mem/gdm.dm_gen.dm/gpr1.dout_i_reg[11]_i_5' is not a valid endpoint. [E:/experiment/¸´µ©Î¢/Fast-BEV/Fastbev2.0_sa/part2_sa/part2_sa_v2.0/Vivado_Project/constrs/impl_constraints.xdc:8942]
Resolution: A valid end point is a data pin of a sequential cell or a primary output or inout port. Please validate that all the objects returned by your query belong to this list.
WARNING: [Constraints 18-401] set_false_path: 'U0_ps_ai_wrap_demo/U0_ps_ai_peripheral/frame_trans_inst0/axis_master_inst/afifo_24w_4096d_u0/U0/inst_fifo_gen/gconvfifo.rf/grf.rf/gntv_or_sync_fifo.mem/gdm.dm_gen.dm/gpr1.dout_i_reg[11]_i_6' is not a valid endpoint. [E:/experiment/¸´µ©Î¢/Fast-BEV/Fastbev2.0_sa/part2_sa/part2_sa_v2.0/Vivado_Project/constrs/impl_constraints.xdc:8942]
Resolution: A valid end point is a data pin of a sequential cell or a primary output or inout port. Please validate that all the objects returned by your query belong to this list.
WARNING: [Constraints 18-401] set_false_path: 'U0_ps_ai_wrap_demo/U0_ps_ai_peripheral/frame_trans_inst0/axis_master_inst/afifo_24w_4096d_u0/U0/inst_fifo_gen/gconvfifo.rf/grf.rf/gntv_or_sync_fifo.mem/gdm.dm_gen.dm/gpr1.dout_i_reg[11]_i_7' is not a valid endpoint. [E:/experiment/¸´µ©Î¢/Fast-BEV/Fastbev2.0_sa/part2_sa/part2_sa_v2.0/Vivado_Project/constrs/impl_constraints.xdc:8942]
Resolution: A valid end point is a data pin of a sequential cell or a primary output or inout port. Please validate that all the objects returned by your query belong to this list.
WARNING: [Constraints 18-401] set_false_path: 'U0_ps_ai_wrap_demo/U0_ps_ai_peripheral/frame_trans_inst0/axis_master_inst/afifo_24w_4096d_u0/U0/inst_fifo_gen/gconvfifo.rf/grf.rf/gntv_or_sync_fifo.mem/gdm.dm_gen.dm/gpr1.dout_i_reg[11]_i_8' is not a valid endpoint. [E:/experiment/¸´µ©Î¢/Fast-BEV/Fastbev2.0_sa/part2_sa/part2_sa_v2.0/Vivado_Project/constrs/impl_constraints.xdc:8942]
Resolution: A valid end point is a data pin of a sequential cell or a primary output or inout port. Please validate that all the objects returned by your query belong to this list.
WARNING: [Constraints 18-401] set_false_path: 'U0_ps_ai_wrap_demo/U0_ps_ai_peripheral/frame_trans_inst0/axis_master_inst/afifo_24w_4096d_u0/U0/inst_fifo_gen/gconvfifo.rf/grf.rf/gntv_or_sync_fifo.mem/gdm.dm_gen.dm/gpr1.dout_i_reg[11]_i_9' is not a valid endpoint. [E:/experiment/¸´µ©Î¢/Fast-BEV/Fastbev2.0_sa/part2_sa/part2_sa_v2.0/Vivado_Project/constrs/impl_constraints.xdc:8942]
Resolution: A valid end point is a data pin of a sequential cell or a primary output or inout port. Please validate that all the objects returned by your query belong to this list.
WARNING: [Constraints 18-401] set_false_path: 'U0_ps_ai_wrap_demo/U0_ps_ai_peripheral/frame_trans_inst0/axis_master_inst/afifo_24w_4096d_u0/U0/inst_fifo_gen/gconvfifo.rf/grf.rf/gntv_or_sync_fifo.mem/gdm.dm_gen.dm/gpr1.dout_i_reg[12]_i_10' is not a valid endpoint. [E:/experiment/¸´µ©Î¢/Fast-BEV/Fastbev2.0_sa/part2_sa/part2_sa_v2.0/Vivado_Project/constrs/impl_constraints.xdc:8942]
Resolution: A valid end point is a data pin of a sequential cell or a primary output or inout port. Please validate that all the objects returned by your query belong to this list.
WARNING: [Constraints 18-401] set_false_path: 'U0_ps_ai_wrap_demo/U0_ps_ai_peripheral/frame_trans_inst0/axis_master_inst/afifo_24w_4096d_u0/U0/inst_fifo_gen/gconvfifo.rf/grf.rf/gntv_or_sync_fifo.mem/gdm.dm_gen.dm/gpr1.dout_i_reg[12]_i_11' is not a valid endpoint. [E:/experiment/¸´µ©Î¢/Fast-BEV/Fastbev2.0_sa/part2_sa/part2_sa_v2.0/Vivado_Project/constrs/impl_constraints.xdc:8942]
Resolution: A valid end point is a data pin of a sequential cell or a primary output or inout port. Please validate that all the objects returned by your query belong to this list.
WARNING: [Constraints 18-401] set_false_path: 'U0_ps_ai_wrap_demo/U0_ps_ai_peripheral/frame_trans_inst0/axis_master_inst/afifo_24w_4096d_u0/U0/inst_fifo_gen/gconvfifo.rf/grf.rf/gntv_or_sync_fifo.mem/gdm.dm_gen.dm/gpr1.dout_i_reg[12]_i_12' is not a valid endpoint. [E:/experiment/¸´µ©Î¢/Fast-BEV/Fastbev2.0_sa/part2_sa/part2_sa_v2.0/Vivado_Project/constrs/impl_constraints.xdc:8942]
Resolution: A valid end point is a data pin of a sequential cell or a primary output or inout port. Please validate that all the objects returned by your query belong to this list.
WARNING: [Constraints 18-401] set_false_path: 'U0_ps_ai_wrap_demo/U0_ps_ai_peripheral/frame_trans_inst0/axis_master_inst/afifo_24w_4096d_u0/U0/inst_fifo_gen/gconvfifo.rf/grf.rf/gntv_or_sync_fifo.mem/gdm.dm_gen.dm/gpr1.dout_i_reg[12]_i_13' is not a valid endpoint. [E:/experiment/¸´µ©Î¢/Fast-BEV/Fastbev2.0_sa/part2_sa/part2_sa_v2.0/Vivado_Project/constrs/impl_constraints.xdc:8942]
Resolution: A valid end point is a data pin of a sequential cell or a primary output or inout port. Please validate that all the objects returned by your query belong to this list.
WARNING: [Constraints 18-401] set_false_path: 'U0_ps_ai_wrap_demo/U0_ps_ai_peripheral/frame_trans_inst0/axis_master_inst/afifo_24w_4096d_u0/U0/inst_fifo_gen/gconvfifo.rf/grf.rf/gntv_or_sync_fifo.mem/gdm.dm_gen.dm/gpr1.dout_i_reg[12]_i_2' is not a valid endpoint. [E:/experiment/¸´µ©Î¢/Fast-BEV/Fastbev2.0_sa/part2_sa/part2_sa_v2.0/Vivado_Project/constrs/impl_constraints.xdc:8942]
Resolution: A valid end point is a data pin of a sequential cell or a primary output or inout port. Please validate that all the objects returned by your query belong to this list.
WARNING: [Constraints 18-401] set_false_path: 'U0_ps_ai_wrap_demo/U0_ps_ai_peripheral/frame_trans_inst0/axis_master_inst/afifo_24w_4096d_u0/U0/inst_fifo_gen/gconvfifo.rf/grf.rf/gntv_or_sync_fifo.mem/gdm.dm_gen.dm/gpr1.dout_i_reg[12]_i_3' is not a valid endpoint. [E:/experiment/¸´µ©Î¢/Fast-BEV/Fastbev2.0_sa/part2_sa/part2_sa_v2.0/Vivado_Project/constrs/impl_constraints.xdc:8942]
Resolution: A valid end point is a data pin of a sequential cell or a primary output or inout port. Please validate that all the objects returned by your query belong to this list.
WARNING: [Constraints 18-401] set_false_path: 'U0_ps_ai_wrap_demo/U0_ps_ai_peripheral/frame_trans_inst0/axis_master_inst/afifo_24w_4096d_u0/U0/inst_fifo_gen/gconvfifo.rf/grf.rf/gntv_or_sync_fifo.mem/gdm.dm_gen.dm/gpr1.dout_i_reg[12]_i_4' is not a valid endpoint. [E:/experiment/¸´µ©Î¢/Fast-BEV/Fastbev2.0_sa/part2_sa/part2_sa_v2.0/Vivado_Project/constrs/impl_constraints.xdc:8942]
Resolution: A valid end point is a data pin of a sequential cell or a primary output or inout port. Please validate that all the objects returned by your query belong to this list.
WARNING: [Constraints 18-401] set_false_path: 'U0_ps_ai_wrap_demo/U0_ps_ai_peripheral/frame_trans_inst0/axis_master_inst/afifo_24w_4096d_u0/U0/inst_fifo_gen/gconvfifo.rf/grf.rf/gntv_or_sync_fifo.mem/gdm.dm_gen.dm/gpr1.dout_i_reg[12]_i_5' is not a valid endpoint. [E:/experiment/¸´µ©Î¢/Fast-BEV/Fastbev2.0_sa/part2_sa/part2_sa_v2.0/Vivado_Project/constrs/impl_constraints.xdc:8942]
Resolution: A valid end point is a data pin of a sequential cell or a primary output or inout port. Please validate that all the objects returned by your query belong to this list.
WARNING: [Constraints 18-401] set_false_path: 'U0_ps_ai_wrap_demo/U0_ps_ai_peripheral/frame_trans_inst0/axis_master_inst/afifo_24w_4096d_u0/U0/inst_fifo_gen/gconvfifo.rf/grf.rf/gntv_or_sync_fifo.mem/gdm.dm_gen.dm/gpr1.dout_i_reg[12]_i_6' is not a valid endpoint. [E:/experiment/¸´µ©Î¢/Fast-BEV/Fastbev2.0_sa/part2_sa/part2_sa_v2.0/Vivado_Project/constrs/impl_constraints.xdc:8942]
Resolution: A valid end point is a data pin of a sequential cell or a primary output or inout port. Please validate that all the objects returned by your query belong to this list.
WARNING: [Constraints 18-401] set_false_path: 'U0_ps_ai_wrap_demo/U0_ps_ai_peripheral/frame_trans_inst0/axis_master_inst/afifo_24w_4096d_u0/U0/inst_fifo_gen/gconvfifo.rf/grf.rf/gntv_or_sync_fifo.mem/gdm.dm_gen.dm/gpr1.dout_i_reg[12]_i_7' is not a valid endpoint. [E:/experiment/¸´µ©Î¢/Fast-BEV/Fastbev2.0_sa/part2_sa/part2_sa_v2.0/Vivado_Project/constrs/impl_constraints.xdc:8942]
Resolution: A valid end point is a data pin of a sequential cell or a primary output or inout port. Please validate that all the objects returned by your query belong to this list.
WARNING: [Constraints 18-401] set_false_path: 'U0_ps_ai_wrap_demo/U0_ps_ai_peripheral/frame_trans_inst0/axis_master_inst/afifo_24w_4096d_u0/U0/inst_fifo_gen/gconvfifo.rf/grf.rf/gntv_or_sync_fifo.mem/gdm.dm_gen.dm/gpr1.dout_i_reg[12]_i_8' is not a valid endpoint. [E:/experiment/¸´µ©Î¢/Fast-BEV/Fastbev2.0_sa/part2_sa/part2_sa_v2.0/Vivado_Project/constrs/impl_constraints.xdc:8942]
Resolution: A valid end point is a data pin of a sequential cell or a primary output or inout port. Please validate that all the objects returned by your query belong to this list.
WARNING: [Constraints 18-401] set_false_path: 'U0_ps_ai_wrap_demo/U0_ps_ai_peripheral/frame_trans_inst0/axis_master_inst/afifo_24w_4096d_u0/U0/inst_fifo_gen/gconvfifo.rf/grf.rf/gntv_or_sync_fifo.mem/gdm.dm_gen.dm/gpr1.dout_i_reg[12]_i_9' is not a valid endpoint. [E:/experiment/¸´µ©Î¢/Fast-BEV/Fastbev2.0_sa/part2_sa/part2_sa_v2.0/Vivado_Project/constrs/impl_constraints.xdc:8942]
Resolution: A valid end point is a data pin of a sequential cell or a primary output or inout port. Please validate that all the objects returned by your query belong to this list.
WARNING: [Constraints 18-401] set_false_path: 'U0_ps_ai_wrap_demo/U0_ps_ai_peripheral/frame_trans_inst0/axis_master_inst/afifo_24w_4096d_u0/U0/inst_fifo_gen/gconvfifo.rf/grf.rf/gntv_or_sync_fifo.mem/gdm.dm_gen.dm/gpr1.dout_i_reg[13]_i_10' is not a valid endpoint. [E:/experiment/¸´µ©Î¢/Fast-BEV/Fastbev2.0_sa/part2_sa/part2_sa_v2.0/Vivado_Project/constrs/impl_constraints.xdc:8942]
Resolution: A valid end point is a data pin of a sequential cell or a primary output or inout port. Please validate that all the objects returned by your query belong to this list.
WARNING: [Constraints 18-401] set_false_path: 'U0_ps_ai_wrap_demo/U0_ps_ai_peripheral/frame_trans_inst0/axis_master_inst/afifo_24w_4096d_u0/U0/inst_fifo_gen/gconvfifo.rf/grf.rf/gntv_or_sync_fifo.mem/gdm.dm_gen.dm/gpr1.dout_i_reg[13]_i_11' is not a valid endpoint. [E:/experiment/¸´µ©Î¢/Fast-BEV/Fastbev2.0_sa/part2_sa/part2_sa_v2.0/Vivado_Project/constrs/impl_constraints.xdc:8942]
Resolution: A valid end point is a data pin of a sequential cell or a primary output or inout port. Please validate that all the objects returned by your query belong to this list.
WARNING: [Constraints 18-401] set_false_path: 'U0_ps_ai_wrap_demo/U0_ps_ai_peripheral/frame_trans_inst0/axis_master_inst/afifo_24w_4096d_u0/U0/inst_fifo_gen/gconvfifo.rf/grf.rf/gntv_or_sync_fifo.mem/gdm.dm_gen.dm/gpr1.dout_i_reg[13]_i_12' is not a valid endpoint. [E:/experiment/¸´µ©Î¢/Fast-BEV/Fastbev2.0_sa/part2_sa/part2_sa_v2.0/Vivado_Project/constrs/impl_constraints.xdc:8942]
Resolution: A valid end point is a data pin of a sequential cell or a primary output or inout port. Please validate that all the objects returned by your query belong to this list.
WARNING: [Constraints 18-401] set_false_path: 'U0_ps_ai_wrap_demo/U0_ps_ai_peripheral/frame_trans_inst0/axis_master_inst/afifo_24w_4096d_u0/U0/inst_fifo_gen/gconvfifo.rf/grf.rf/gntv_or_sync_fifo.mem/gdm.dm_gen.dm/gpr1.dout_i_reg[13]_i_13' is not a valid endpoint. [E:/experiment/¸´µ©Î¢/Fast-BEV/Fastbev2.0_sa/part2_sa/part2_sa_v2.0/Vivado_Project/constrs/impl_constraints.xdc:8942]
Resolution: A valid end point is a data pin of a sequential cell or a primary output or inout port. Please validate that all the objects returned by your query belong to this list.
WARNING: [Constraints 18-401] set_false_path: 'U0_ps_ai_wrap_demo/U0_ps_ai_peripheral/frame_trans_inst0/axis_master_inst/afifo_24w_4096d_u0/U0/inst_fifo_gen/gconvfifo.rf/grf.rf/gntv_or_sync_fifo.mem/gdm.dm_gen.dm/gpr1.dout_i_reg[13]_i_2' is not a valid endpoint. [E:/experiment/¸´µ©Î¢/Fast-BEV/Fastbev2.0_sa/part2_sa/part2_sa_v2.0/Vivado_Project/constrs/impl_constraints.xdc:8942]
Resolution: A valid end point is a data pin of a sequential cell or a primary output or inout port. Please validate that all the objects returned by your query belong to this list.
WARNING: [Constraints 18-401] set_false_path: 'U0_ps_ai_wrap_demo/U0_ps_ai_peripheral/frame_trans_inst0/axis_master_inst/afifo_24w_4096d_u0/U0/inst_fifo_gen/gconvfifo.rf/grf.rf/gntv_or_sync_fifo.mem/gdm.dm_gen.dm/gpr1.dout_i_reg[13]_i_3' is not a valid endpoint. [E:/experiment/¸´µ©Î¢/Fast-BEV/Fastbev2.0_sa/part2_sa/part2_sa_v2.0/Vivado_Project/constrs/impl_constraints.xdc:8942]
Resolution: A valid end point is a data pin of a sequential cell or a primary output or inout port. Please validate that all the objects returned by your query belong to this list.
WARNING: [Constraints 18-401] set_false_path: 'U0_ps_ai_wrap_demo/U0_ps_ai_peripheral/frame_trans_inst0/axis_master_inst/afifo_24w_4096d_u0/U0/inst_fifo_gen/gconvfifo.rf/grf.rf/gntv_or_sync_fifo.mem/gdm.dm_gen.dm/gpr1.dout_i_reg[13]_i_4' is not a valid endpoint. [E:/experiment/¸´µ©Î¢/Fast-BEV/Fastbev2.0_sa/part2_sa/part2_sa_v2.0/Vivado_Project/constrs/impl_constraints.xdc:8942]
Resolution: A valid end point is a data pin of a sequential cell or a primary output or inout port. Please validate that all the objects returned by your query belong to this list.
WARNING: [Constraints 18-401] set_false_path: 'U0_ps_ai_wrap_demo/U0_ps_ai_peripheral/frame_trans_inst0/axis_master_inst/afifo_24w_4096d_u0/U0/inst_fifo_gen/gconvfifo.rf/grf.rf/gntv_or_sync_fifo.mem/gdm.dm_gen.dm/gpr1.dout_i_reg[13]_i_5' is not a valid endpoint. [E:/experiment/¸´µ©Î¢/Fast-BEV/Fastbev2.0_sa/part2_sa/part2_sa_v2.0/Vivado_Project/constrs/impl_constraints.xdc:8942]
Resolution: A valid end point is a data pin of a sequential cell or a primary output or inout port. Please validate that all the objects returned by your query belong to this list.
WARNING: [Constraints 18-401] set_false_path: 'U0_ps_ai_wrap_demo/U0_ps_ai_peripheral/frame_trans_inst0/axis_master_inst/afifo_24w_4096d_u0/U0/inst_fifo_gen/gconvfifo.rf/grf.rf/gntv_or_sync_fifo.mem/gdm.dm_gen.dm/gpr1.dout_i_reg[13]_i_6' is not a valid endpoint. [E:/experiment/¸´µ©Î¢/Fast-BEV/Fastbev2.0_sa/part2_sa/part2_sa_v2.0/Vivado_Project/constrs/impl_constraints.xdc:8942]
Resolution: A valid end point is a data pin of a sequential cell or a primary output or inout port. Please validate that all the objects returned by your query belong to this list.
WARNING: [Constraints 18-401] set_false_path: 'U0_ps_ai_wrap_demo/U0_ps_ai_peripheral/frame_trans_inst0/axis_master_inst/afifo_24w_4096d_u0/U0/inst_fifo_gen/gconvfifo.rf/grf.rf/gntv_or_sync_fifo.mem/gdm.dm_gen.dm/gpr1.dout_i_reg[13]_i_7' is not a valid endpoint. [E:/experiment/¸´µ©Î¢/Fast-BEV/Fastbev2.0_sa/part2_sa/part2_sa_v2.0/Vivado_Project/constrs/impl_constraints.xdc:8942]
Resolution: A valid end point is a data pin of a sequential cell or a primary output or inout port. Please validate that all the objects returned by your query belong to this list.
WARNING: [Constraints 18-401] set_false_path: 'U0_ps_ai_wrap_demo/U0_ps_ai_peripheral/frame_trans_inst0/axis_master_inst/afifo_24w_4096d_u0/U0/inst_fifo_gen/gconvfifo.rf/grf.rf/gntv_or_sync_fifo.mem/gdm.dm_gen.dm/gpr1.dout_i_reg[13]_i_8' is not a valid endpoint. [E:/experiment/¸´µ©Î¢/Fast-BEV/Fastbev2.0_sa/part2_sa/part2_sa_v2.0/Vivado_Project/constrs/impl_constraints.xdc:8942]
Resolution: A valid end point is a data pin of a sequential cell or a primary output or inout port. Please validate that all the objects returned by your query belong to this list.
WARNING: [Constraints 18-401] set_false_path: 'U0_ps_ai_wrap_demo/U0_ps_ai_peripheral/frame_trans_inst0/axis_master_inst/afifo_24w_4096d_u0/U0/inst_fifo_gen/gconvfifo.rf/grf.rf/gntv_or_sync_fifo.mem/gdm.dm_gen.dm/gpr1.dout_i_reg[13]_i_9' is not a valid endpoint. [E:/experiment/¸´µ©Î¢/Fast-BEV/Fastbev2.0_sa/part2_sa/part2_sa_v2.0/Vivado_Project/constrs/impl_constraints.xdc:8942]
Resolution: A valid end point is a data pin of a sequential cell or a primary output or inout port. Please validate that all the objects returned by your query belong to this list.
WARNING: [Constraints 18-401] set_false_path: 'U0_ps_ai_wrap_demo/U0_ps_ai_peripheral/frame_trans_inst0/axis_master_inst/afifo_24w_4096d_u0/U0/inst_fifo_gen/gconvfifo.rf/grf.rf/gntv_or_sync_fifo.mem/gdm.dm_gen.dm/gpr1.dout_i_reg[14]_i_10' is not a valid endpoint. [E:/experiment/¸´µ©Î¢/Fast-BEV/Fastbev2.0_sa/part2_sa/part2_sa_v2.0/Vivado_Project/constrs/impl_constraints.xdc:8942]
Resolution: A valid end point is a data pin of a sequential cell or a primary output or inout port. Please validate that all the objects returned by your query belong to this list.
WARNING: [Constraints 18-401] set_false_path: 'U0_ps_ai_wrap_demo/U0_ps_ai_peripheral/frame_trans_inst0/axis_master_inst/afifo_24w_4096d_u0/U0/inst_fifo_gen/gconvfifo.rf/grf.rf/gntv_or_sync_fifo.mem/gdm.dm_gen.dm/gpr1.dout_i_reg[14]_i_11' is not a valid endpoint. [E:/experiment/¸´µ©Î¢/Fast-BEV/Fastbev2.0_sa/part2_sa/part2_sa_v2.0/Vivado_Project/constrs/impl_constraints.xdc:8942]
Resolution: A valid end point is a data pin of a sequential cell or a primary output or inout port. Please validate that all the objects returned by your query belong to this list.
WARNING: [Constraints 18-401] set_false_path: 'U0_ps_ai_wrap_demo/U0_ps_ai_peripheral/frame_trans_inst0/axis_master_inst/afifo_24w_4096d_u0/U0/inst_fifo_gen/gconvfifo.rf/grf.rf/gntv_or_sync_fifo.mem/gdm.dm_gen.dm/gpr1.dout_i_reg[14]_i_12' is not a valid endpoint. [E:/experiment/¸´µ©Î¢/Fast-BEV/Fastbev2.0_sa/part2_sa/part2_sa_v2.0/Vivado_Project/constrs/impl_constraints.xdc:8942]
Resolution: A valid end point is a data pin of a sequential cell or a primary output or inout port. Please validate that all the objects returned by your query belong to this list.
WARNING: [Constraints 18-401] set_false_path: 'U0_ps_ai_wrap_demo/U0_ps_ai_peripheral/frame_trans_inst0/axis_master_inst/afifo_24w_4096d_u0/U0/inst_fifo_gen/gconvfifo.rf/grf.rf/gntv_or_sync_fifo.mem/gdm.dm_gen.dm/gpr1.dout_i_reg[14]_i_13' is not a valid endpoint. [E:/experiment/¸´µ©Î¢/Fast-BEV/Fastbev2.0_sa/part2_sa/part2_sa_v2.0/Vivado_Project/constrs/impl_constraints.xdc:8942]
Resolution: A valid end point is a data pin of a sequential cell or a primary output or inout port. Please validate that all the objects returned by your query belong to this list.
WARNING: [Constraints 18-401] set_false_path: 'U0_ps_ai_wrap_demo/U0_ps_ai_peripheral/frame_trans_inst0/axis_master_inst/afifo_24w_4096d_u0/U0/inst_fifo_gen/gconvfifo.rf/grf.rf/gntv_or_sync_fifo.mem/gdm.dm_gen.dm/gpr1.dout_i_reg[14]_i_2' is not a valid endpoint. [E:/experiment/¸´µ©Î¢/Fast-BEV/Fastbev2.0_sa/part2_sa/part2_sa_v2.0/Vivado_Project/constrs/impl_constraints.xdc:8942]
Resolution: A valid end point is a data pin of a sequential cell or a primary output or inout port. Please validate that all the objects returned by your query belong to this list.
WARNING: [Constraints 18-401] set_false_path: 'U0_ps_ai_wrap_demo/U0_ps_ai_peripheral/frame_trans_inst0/axis_master_inst/afifo_24w_4096d_u0/U0/inst_fifo_gen/gconvfifo.rf/grf.rf/gntv_or_sync_fifo.mem/gdm.dm_gen.dm/gpr1.dout_i_reg[14]_i_3' is not a valid endpoint. [E:/experiment/¸´µ©Î¢/Fast-BEV/Fastbev2.0_sa/part2_sa/part2_sa_v2.0/Vivado_Project/constrs/impl_constraints.xdc:8942]
Resolution: A valid end point is a data pin of a sequential cell or a primary output or inout port. Please validate that all the objects returned by your query belong to this list.
WARNING: [Constraints 18-401] set_false_path: 'U0_ps_ai_wrap_demo/U0_ps_ai_peripheral/frame_trans_inst0/axis_master_inst/afifo_24w_4096d_u0/U0/inst_fifo_gen/gconvfifo.rf/grf.rf/gntv_or_sync_fifo.mem/gdm.dm_gen.dm/gpr1.dout_i_reg[14]_i_4' is not a valid endpoint. [E:/experiment/¸´µ©Î¢/Fast-BEV/Fastbev2.0_sa/part2_sa/part2_sa_v2.0/Vivado_Project/constrs/impl_constraints.xdc:8942]
Resolution: A valid end point is a data pin of a sequential cell or a primary output or inout port. Please validate that all the objects returned by your query belong to this list.
WARNING: [Constraints 18-401] set_false_path: 'U0_ps_ai_wrap_demo/U0_ps_ai_peripheral/frame_trans_inst0/axis_master_inst/afifo_24w_4096d_u0/U0/inst_fifo_gen/gconvfifo.rf/grf.rf/gntv_or_sync_fifo.mem/gdm.dm_gen.dm/gpr1.dout_i_reg[14]_i_5' is not a valid endpoint. [E:/experiment/¸´µ©Î¢/Fast-BEV/Fastbev2.0_sa/part2_sa/part2_sa_v2.0/Vivado_Project/constrs/impl_constraints.xdc:8942]
Resolution: A valid end point is a data pin of a sequential cell or a primary output or inout port. Please validate that all the objects returned by your query belong to this list.
WARNING: [Constraints 18-401] set_false_path: 'U0_ps_ai_wrap_demo/U0_ps_ai_peripheral/frame_trans_inst0/axis_master_inst/afifo_24w_4096d_u0/U0/inst_fifo_gen/gconvfifo.rf/grf.rf/gntv_or_sync_fifo.mem/gdm.dm_gen.dm/gpr1.dout_i_reg[14]_i_6' is not a valid endpoint. [E:/experiment/¸´µ©Î¢/Fast-BEV/Fastbev2.0_sa/part2_sa/part2_sa_v2.0/Vivado_Project/constrs/impl_constraints.xdc:8942]
Resolution: A valid end point is a data pin of a sequential cell or a primary output or inout port. Please validate that all the objects returned by your query belong to this list.
WARNING: [Constraints 18-401] set_false_path: 'U0_ps_ai_wrap_demo/U0_ps_ai_peripheral/frame_trans_inst0/axis_master_inst/afifo_24w_4096d_u0/U0/inst_fifo_gen/gconvfifo.rf/grf.rf/gntv_or_sync_fifo.mem/gdm.dm_gen.dm/gpr1.dout_i_reg[14]_i_7' is not a valid endpoint. [E:/experiment/¸´µ©Î¢/Fast-BEV/Fastbev2.0_sa/part2_sa/part2_sa_v2.0/Vivado_Project/constrs/impl_constraints.xdc:8942]
Resolution: A valid end point is a data pin of a sequential cell or a primary output or inout port. Please validate that all the objects returned by your query belong to this list.
WARNING: [Constraints 18-401] set_false_path: 'U0_ps_ai_wrap_demo/U0_ps_ai_peripheral/frame_trans_inst0/axis_master_inst/afifo_24w_4096d_u0/U0/inst_fifo_gen/gconvfifo.rf/grf.rf/gntv_or_sync_fifo.mem/gdm.dm_gen.dm/gpr1.dout_i_reg[14]_i_8' is not a valid endpoint. [E:/experiment/¸´µ©Î¢/Fast-BEV/Fastbev2.0_sa/part2_sa/part2_sa_v2.0/Vivado_Project/constrs/impl_constraints.xdc:8942]
Resolution: A valid end point is a data pin of a sequential cell or a primary output or inout port. Please validate that all the objects returned by your query belong to this list.
WARNING: [Constraints 18-401] set_false_path: 'U0_ps_ai_wrap_demo/U0_ps_ai_peripheral/frame_trans_inst0/axis_master_inst/afifo_24w_4096d_u0/U0/inst_fifo_gen/gconvfifo.rf/grf.rf/gntv_or_sync_fifo.mem/gdm.dm_gen.dm/gpr1.dout_i_reg[14]_i_9' is not a valid endpoint. [E:/experiment/¸´µ©Î¢/Fast-BEV/Fastbev2.0_sa/part2_sa/part2_sa_v2.0/Vivado_Project/constrs/impl_constraints.xdc:8942]
Resolution: A valid end point is a data pin of a sequential cell or a primary output or inout port. Please validate that all the objects returned by your query belong to this list.
WARNING: [Constraints 18-401] set_false_path: 'U0_ps_ai_wrap_demo/U0_ps_ai_peripheral/frame_trans_inst0/axis_master_inst/afifo_24w_4096d_u0/U0/inst_fifo_gen/gconvfifo.rf/grf.rf/gntv_or_sync_fifo.mem/gdm.dm_gen.dm/gpr1.dout_i_reg[15]_i_10' is not a valid endpoint. [E:/experiment/¸´µ©Î¢/Fast-BEV/Fastbev2.0_sa/part2_sa/part2_sa_v2.0/Vivado_Project/constrs/impl_constraints.xdc:8942]
Resolution: A valid end point is a data pin of a sequential cell or a primary output or inout port. Please validate that all the objects returned by your query belong to this list.
WARNING: [Constraints 18-401] set_false_path: 'U0_ps_ai_wrap_demo/U0_ps_ai_peripheral/frame_trans_inst0/axis_master_inst/afifo_24w_4096d_u0/U0/inst_fifo_gen/gconvfifo.rf/grf.rf/gntv_or_sync_fifo.mem/gdm.dm_gen.dm/gpr1.dout_i_reg[15]_i_11' is not a valid endpoint. [E:/experiment/¸´µ©Î¢/Fast-BEV/Fastbev2.0_sa/part2_sa/part2_sa_v2.0/Vivado_Project/constrs/impl_constraints.xdc:8942]
Resolution: A valid end point is a data pin of a sequential cell or a primary output or inout port. Please validate that all the objects returned by your query belong to this list.
WARNING: [Constraints 18-401] set_false_path: 'U0_ps_ai_wrap_demo/U0_ps_ai_peripheral/frame_trans_inst0/axis_master_inst/afifo_24w_4096d_u0/U0/inst_fifo_gen/gconvfifo.rf/grf.rf/gntv_or_sync_fifo.mem/gdm.dm_gen.dm/gpr1.dout_i_reg[15]_i_12' is not a valid endpoint. [E:/experiment/¸´µ©Î¢/Fast-BEV/Fastbev2.0_sa/part2_sa/part2_sa_v2.0/Vivado_Project/constrs/impl_constraints.xdc:8942]
Resolution: A valid end point is a data pin of a sequential cell or a primary output or inout port. Please validate that all the objects returned by your query belong to this list.
WARNING: [Constraints 18-401] set_false_path: 'U0_ps_ai_wrap_demo/U0_ps_ai_peripheral/frame_trans_inst0/axis_master_inst/afifo_24w_4096d_u0/U0/inst_fifo_gen/gconvfifo.rf/grf.rf/gntv_or_sync_fifo.mem/gdm.dm_gen.dm/gpr1.dout_i_reg[15]_i_13' is not a valid endpoint. [E:/experiment/¸´µ©Î¢/Fast-BEV/Fastbev2.0_sa/part2_sa/part2_sa_v2.0/Vivado_Project/constrs/impl_constraints.xdc:8942]
Resolution: A valid end point is a data pin of a sequential cell or a primary output or inout port. Please validate that all the objects returned by your query belong to this list.
WARNING: [Constraints 18-401] set_false_path: 'U0_ps_ai_wrap_demo/U0_ps_ai_peripheral/frame_trans_inst0/axis_master_inst/afifo_24w_4096d_u0/U0/inst_fifo_gen/gconvfifo.rf/grf.rf/gntv_or_sync_fifo.mem/gdm.dm_gen.dm/gpr1.dout_i_reg[15]_i_2' is not a valid endpoint. [E:/experiment/¸´µ©Î¢/Fast-BEV/Fastbev2.0_sa/part2_sa/part2_sa_v2.0/Vivado_Project/constrs/impl_constraints.xdc:8942]
Resolution: A valid end point is a data pin of a sequential cell or a primary output or inout port. Please validate that all the objects returned by your query belong to this list.
WARNING: [Constraints 18-401] set_false_path: 'U0_ps_ai_wrap_demo/U0_ps_ai_peripheral/frame_trans_inst0/axis_master_inst/afifo_24w_4096d_u0/U0/inst_fifo_gen/gconvfifo.rf/grf.rf/gntv_or_sync_fifo.mem/gdm.dm_gen.dm/gpr1.dout_i_reg[15]_i_3' is not a valid endpoint. [E:/experiment/¸´µ©Î¢/Fast-BEV/Fastbev2.0_sa/part2_sa/part2_sa_v2.0/Vivado_Project/constrs/impl_constraints.xdc:8942]
Resolution: A valid end point is a data pin of a sequential cell or a primary output or inout port. Please validate that all the objects returned by your query belong to this list.
WARNING: [Constraints 18-401] set_false_path: 'U0_ps_ai_wrap_demo/U0_ps_ai_peripheral/frame_trans_inst0/axis_master_inst/afifo_24w_4096d_u0/U0/inst_fifo_gen/gconvfifo.rf/grf.rf/gntv_or_sync_fifo.mem/gdm.dm_gen.dm/gpr1.dout_i_reg[15]_i_4' is not a valid endpoint. [E:/experiment/¸´µ©Î¢/Fast-BEV/Fastbev2.0_sa/part2_sa/part2_sa_v2.0/Vivado_Project/constrs/impl_constraints.xdc:8942]
Resolution: A valid end point is a data pin of a sequential cell or a primary output or inout port. Please validate that all the objects returned by your query belong to this list.
WARNING: [Constraints 18-401] set_false_path: 'U0_ps_ai_wrap_demo/U0_ps_ai_peripheral/frame_trans_inst0/axis_master_inst/afifo_24w_4096d_u0/U0/inst_fifo_gen/gconvfifo.rf/grf.rf/gntv_or_sync_fifo.mem/gdm.dm_gen.dm/gpr1.dout_i_reg[15]_i_5' is not a valid endpoint. [E:/experiment/¸´µ©Î¢/Fast-BEV/Fastbev2.0_sa/part2_sa/part2_sa_v2.0/Vivado_Project/constrs/impl_constraints.xdc:8942]
Resolution: A valid end point is a data pin of a sequential cell or a primary output or inout port. Please validate that all the objects returned by your query belong to this list.
WARNING: [Constraints 18-401] set_false_path: 'U0_ps_ai_wrap_demo/U0_ps_ai_peripheral/frame_trans_inst0/axis_master_inst/afifo_24w_4096d_u0/U0/inst_fifo_gen/gconvfifo.rf/grf.rf/gntv_or_sync_fifo.mem/gdm.dm_gen.dm/gpr1.dout_i_reg[15]_i_6' is not a valid endpoint. [E:/experiment/¸´µ©Î¢/Fast-BEV/Fastbev2.0_sa/part2_sa/part2_sa_v2.0/Vivado_Project/constrs/impl_constraints.xdc:8942]
Resolution: A valid end point is a data pin of a sequential cell or a primary output or inout port. Please validate that all the objects returned by your query belong to this list.
WARNING: [Constraints 18-401] set_false_path: 'U0_ps_ai_wrap_demo/U0_ps_ai_peripheral/frame_trans_inst0/axis_master_inst/afifo_24w_4096d_u0/U0/inst_fifo_gen/gconvfifo.rf/grf.rf/gntv_or_sync_fifo.mem/gdm.dm_gen.dm/gpr1.dout_i_reg[15]_i_7' is not a valid endpoint. [E:/experiment/¸´µ©Î¢/Fast-BEV/Fastbev2.0_sa/part2_sa/part2_sa_v2.0/Vivado_Project/constrs/impl_constraints.xdc:8942]
Resolution: A valid end point is a data pin of a sequential cell or a primary output or inout port. Please validate that all the objects returned by your query belong to this list.
WARNING: [Constraints 18-401] set_false_path: 'U0_ps_ai_wrap_demo/U0_ps_ai_peripheral/frame_trans_inst0/axis_master_inst/afifo_24w_4096d_u0/U0/inst_fifo_gen/gconvfifo.rf/grf.rf/gntv_or_sync_fifo.mem/gdm.dm_gen.dm/gpr1.dout_i_reg[15]_i_8' is not a valid endpoint. [E:/experiment/¸´µ©Î¢/Fast-BEV/Fastbev2.0_sa/part2_sa/part2_sa_v2.0/Vivado_Project/constrs/impl_constraints.xdc:8942]
Resolution: A valid end point is a data pin of a sequential cell or a primary output or inout port. Please validate that all the objects returned by your query belong to this list.
WARNING: [Constraints 18-401] set_false_path: 'U0_ps_ai_wrap_demo/U0_ps_ai_peripheral/frame_trans_inst0/axis_master_inst/afifo_24w_4096d_u0/U0/inst_fifo_gen/gconvfifo.rf/grf.rf/gntv_or_sync_fifo.mem/gdm.dm_gen.dm/gpr1.dout_i_reg[15]_i_9' is not a valid endpoint. [E:/experiment/¸´µ©Î¢/Fast-BEV/Fastbev2.0_sa/part2_sa/part2_sa_v2.0/Vivado_Project/constrs/impl_constraints.xdc:8942]
Resolution: A valid end point is a data pin of a sequential cell or a primary output or inout port. Please validate that all the objects returned by your query belong to this list.
WARNING: [Constraints 18-401] set_false_path: 'U0_ps_ai_wrap_demo/U0_ps_ai_peripheral/frame_trans_inst0/axis_master_inst/afifo_24w_4096d_u0/U0/inst_fifo_gen/gconvfifo.rf/grf.rf/gntv_or_sync_fifo.mem/gdm.dm_gen.dm/gpr1.dout_i_reg[16]_i_10' is not a valid endpoint. [E:/experiment/¸´µ©Î¢/Fast-BEV/Fastbev2.0_sa/part2_sa/part2_sa_v2.0/Vivado_Project/constrs/impl_constraints.xdc:8942]
Resolution: A valid end point is a data pin of a sequential cell or a primary output or inout port. Please validate that all the objects returned by your query belong to this list.
WARNING: [Constraints 18-401] set_false_path: 'U0_ps_ai_wrap_demo/U0_ps_ai_peripheral/frame_trans_inst0/axis_master_inst/afifo_24w_4096d_u0/U0/inst_fifo_gen/gconvfifo.rf/grf.rf/gntv_or_sync_fifo.mem/gdm.dm_gen.dm/gpr1.dout_i_reg[16]_i_11' is not a valid endpoint. [E:/experiment/¸´µ©Î¢/Fast-BEV/Fastbev2.0_sa/part2_sa/part2_sa_v2.0/Vivado_Project/constrs/impl_constraints.xdc:8942]
Resolution: A valid end point is a data pin of a sequential cell or a primary output or inout port. Please validate that all the objects returned by your query belong to this list.
WARNING: [Constraints 18-401] set_false_path: 'U0_ps_ai_wrap_demo/U0_ps_ai_peripheral/frame_trans_inst0/axis_master_inst/afifo_24w_4096d_u0/U0/inst_fifo_gen/gconvfifo.rf/grf.rf/gntv_or_sync_fifo.mem/gdm.dm_gen.dm/gpr1.dout_i_reg[16]_i_12' is not a valid endpoint. [E:/experiment/¸´µ©Î¢/Fast-BEV/Fastbev2.0_sa/part2_sa/part2_sa_v2.0/Vivado_Project/constrs/impl_constraints.xdc:8942]
Resolution: A valid end point is a data pin of a sequential cell or a primary output or inout port. Please validate that all the objects returned by your query belong to this list.
WARNING: [Constraints 18-401] set_false_path: 'U0_ps_ai_wrap_demo/U0_ps_ai_peripheral/frame_trans_inst0/axis_master_inst/afifo_24w_4096d_u0/U0/inst_fifo_gen/gconvfifo.rf/grf.rf/gntv_or_sync_fifo.mem/gdm.dm_gen.dm/gpr1.dout_i_reg[16]_i_13' is not a valid endpoint. [E:/experiment/¸´µ©Î¢/Fast-BEV/Fastbev2.0_sa/part2_sa/part2_sa_v2.0/Vivado_Project/constrs/impl_constraints.xdc:8942]
Resolution: A valid end point is a data pin of a sequential cell or a primary output or inout port. Please validate that all the objects returned by your query belong to this list.
WARNING: [Constraints 18-401] set_false_path: 'U0_ps_ai_wrap_demo/U0_ps_ai_peripheral/frame_trans_inst0/axis_master_inst/afifo_24w_4096d_u0/U0/inst_fifo_gen/gconvfifo.rf/grf.rf/gntv_or_sync_fifo.mem/gdm.dm_gen.dm/gpr1.dout_i_reg[16]_i_2' is not a valid endpoint. [E:/experiment/¸´µ©Î¢/Fast-BEV/Fastbev2.0_sa/part2_sa/part2_sa_v2.0/Vivado_Project/constrs/impl_constraints.xdc:8942]
Resolution: A valid end point is a data pin of a sequential cell or a primary output or inout port. Please validate that all the objects returned by your query belong to this list.
WARNING: [Constraints 18-401] set_false_path: 'U0_ps_ai_wrap_demo/U0_ps_ai_peripheral/frame_trans_inst0/axis_master_inst/afifo_24w_4096d_u0/U0/inst_fifo_gen/gconvfifo.rf/grf.rf/gntv_or_sync_fifo.mem/gdm.dm_gen.dm/gpr1.dout_i_reg[16]_i_3' is not a valid endpoint. [E:/experiment/¸´µ©Î¢/Fast-BEV/Fastbev2.0_sa/part2_sa/part2_sa_v2.0/Vivado_Project/constrs/impl_constraints.xdc:8942]
Resolution: A valid end point is a data pin of a sequential cell or a primary output or inout port. Please validate that all the objects returned by your query belong to this list.
WARNING: [Constraints 18-401] set_false_path: 'U0_ps_ai_wrap_demo/U0_ps_ai_peripheral/frame_trans_inst0/axis_master_inst/afifo_24w_4096d_u0/U0/inst_fifo_gen/gconvfifo.rf/grf.rf/gntv_or_sync_fifo.mem/gdm.dm_gen.dm/gpr1.dout_i_reg[16]_i_4' is not a valid endpoint. [E:/experiment/¸´µ©Î¢/Fast-BEV/Fastbev2.0_sa/part2_sa/part2_sa_v2.0/Vivado_Project/constrs/impl_constraints.xdc:8942]
Resolution: A valid end point is a data pin of a sequential cell or a primary output or inout port. Please validate that all the objects returned by your query belong to this list.
WARNING: [Constraints 18-401] set_false_path: 'U0_ps_ai_wrap_demo/U0_ps_ai_peripheral/frame_trans_inst0/axis_master_inst/afifo_24w_4096d_u0/U0/inst_fifo_gen/gconvfifo.rf/grf.rf/gntv_or_sync_fifo.mem/gdm.dm_gen.dm/gpr1.dout_i_reg[16]_i_5' is not a valid endpoint. [E:/experiment/¸´µ©Î¢/Fast-BEV/Fastbev2.0_sa/part2_sa/part2_sa_v2.0/Vivado_Project/constrs/impl_constraints.xdc:8942]
Resolution: A valid end point is a data pin of a sequential cell or a primary output or inout port. Please validate that all the objects returned by your query belong to this list.
WARNING: [Constraints 18-401] set_false_path: 'U0_ps_ai_wrap_demo/U0_ps_ai_peripheral/frame_trans_inst0/axis_master_inst/afifo_24w_4096d_u0/U0/inst_fifo_gen/gconvfifo.rf/grf.rf/gntv_or_sync_fifo.mem/gdm.dm_gen.dm/gpr1.dout_i_reg[16]_i_6' is not a valid endpoint. [E:/experiment/¸´µ©Î¢/Fast-BEV/Fastbev2.0_sa/part2_sa/part2_sa_v2.0/Vivado_Project/constrs/impl_constraints.xdc:8942]
Resolution: A valid end point is a data pin of a sequential cell or a primary output or inout port. Please validate that all the objects returned by your query belong to this list.
WARNING: [Constraints 18-401] set_false_path: 'U0_ps_ai_wrap_demo/U0_ps_ai_peripheral/frame_trans_inst0/axis_master_inst/afifo_24w_4096d_u0/U0/inst_fifo_gen/gconvfifo.rf/grf.rf/gntv_or_sync_fifo.mem/gdm.dm_gen.dm/gpr1.dout_i_reg[16]_i_7' is not a valid endpoint. [E:/experiment/¸´µ©Î¢/Fast-BEV/Fastbev2.0_sa/part2_sa/part2_sa_v2.0/Vivado_Project/constrs/impl_constraints.xdc:8942]
Resolution: A valid end point is a data pin of a sequential cell or a primary output or inout port. Please validate that all the objects returned by your query belong to this list.
WARNING: [Constraints 18-401] set_false_path: 'U0_ps_ai_wrap_demo/U0_ps_ai_peripheral/frame_trans_inst0/axis_master_inst/afifo_24w_4096d_u0/U0/inst_fifo_gen/gconvfifo.rf/grf.rf/gntv_or_sync_fifo.mem/gdm.dm_gen.dm/gpr1.dout_i_reg[16]_i_8' is not a valid endpoint. [E:/experiment/¸´µ©Î¢/Fast-BEV/Fastbev2.0_sa/part2_sa/part2_sa_v2.0/Vivado_Project/constrs/impl_constraints.xdc:8942]
Resolution: A valid end point is a data pin of a sequential cell or a primary output or inout port. Please validate that all the objects returned by your query belong to this list.
WARNING: [Constraints 18-401] set_false_path: 'U0_ps_ai_wrap_demo/U0_ps_ai_peripheral/frame_trans_inst0/axis_master_inst/afifo_24w_4096d_u0/U0/inst_fifo_gen/gconvfifo.rf/grf.rf/gntv_or_sync_fifo.mem/gdm.dm_gen.dm/gpr1.dout_i_reg[16]_i_9' is not a valid endpoint. [E:/experiment/¸´µ©Î¢/Fast-BEV/Fastbev2.0_sa/part2_sa/part2_sa_v2.0/Vivado_Project/constrs/impl_constraints.xdc:8942]
Resolution: A valid end point is a data pin of a sequential cell or a primary output or inout port. Please validate that all the objects returned by your query belong to this list.
WARNING: [Constraints 18-401] set_false_path: 'U0_ps_ai_wrap_demo/U0_ps_ai_peripheral/frame_trans_inst0/axis_master_inst/afifo_24w_4096d_u0/U0/inst_fifo_gen/gconvfifo.rf/grf.rf/gntv_or_sync_fifo.mem/gdm.dm_gen.dm/gpr1.dout_i_reg[17]_i_10' is not a valid endpoint. [E:/experiment/¸´µ©Î¢/Fast-BEV/Fastbev2.0_sa/part2_sa/part2_sa_v2.0/Vivado_Project/constrs/impl_constraints.xdc:8942]
Resolution: A valid end point is a data pin of a sequential cell or a primary output or inout port. Please validate that all the objects returned by your query belong to this list.
WARNING: [Constraints 18-401] set_false_path: 'U0_ps_ai_wrap_demo/U0_ps_ai_peripheral/frame_trans_inst0/axis_master_inst/afifo_24w_4096d_u0/U0/inst_fifo_gen/gconvfifo.rf/grf.rf/gntv_or_sync_fifo.mem/gdm.dm_gen.dm/gpr1.dout_i_reg[17]_i_11' is not a valid endpoint. [E:/experiment/¸´µ©Î¢/Fast-BEV/Fastbev2.0_sa/part2_sa/part2_sa_v2.0/Vivado_Project/constrs/impl_constraints.xdc:8942]
Resolution: A valid end point is a data pin of a sequential cell or a primary output or inout port. Please validate that all the objects returned by your query belong to this list.
WARNING: [Constraints 18-401] set_false_path: 'U0_ps_ai_wrap_demo/U0_ps_ai_peripheral/frame_trans_inst0/axis_master_inst/afifo_24w_4096d_u0/U0/inst_fifo_gen/gconvfifo.rf/grf.rf/gntv_or_sync_fifo.mem/gdm.dm_gen.dm/gpr1.dout_i_reg[17]_i_12' is not a valid endpoint. [E:/experiment/¸´µ©Î¢/Fast-BEV/Fastbev2.0_sa/part2_sa/part2_sa_v2.0/Vivado_Project/constrs/impl_constraints.xdc:8942]
Resolution: A valid end point is a data pin of a sequential cell or a primary output or inout port. Please validate that all the objects returned by your query belong to this list.
WARNING: [Constraints 18-401] set_false_path: 'U0_ps_ai_wrap_demo/U0_ps_ai_peripheral/frame_trans_inst0/axis_master_inst/afifo_24w_4096d_u0/U0/inst_fifo_gen/gconvfifo.rf/grf.rf/gntv_or_sync_fifo.mem/gdm.dm_gen.dm/gpr1.dout_i_reg[17]_i_13' is not a valid endpoint. [E:/experiment/¸´µ©Î¢/Fast-BEV/Fastbev2.0_sa/part2_sa/part2_sa_v2.0/Vivado_Project/constrs/impl_constraints.xdc:8942]
Resolution: A valid end point is a data pin of a sequential cell or a primary output or inout port. Please validate that all the objects returned by your query belong to this list.
INFO: [Common 17-14] Message 'Constraints 18-401' appears 100 times and further instances of the messages will be disabled. Use the Tcl command set_msg_config to change the current settings.
INFO: [Timing 38-35] Done setting XDC timing constraints.
Ending Cache Timing Information Task | Checksum: 20f164757

Time (s): cpu = 00:00:10 ; elapsed = 00:00:08 . Memory (MB): peak = 1924.234 ; gain = 0.000

Starting Logic Optimization Task

Phase 1 Retarget
INFO: [Opt 31-138] Pushed 76 inverter(s) to 103 load pin(s).
INFO: [Opt 31-49] Retargeted 0 cell(s).
Phase 1 Retarget | Checksum: 1bc030209

Time (s): cpu = 00:00:13 ; elapsed = 00:00:12 . Memory (MB): peak = 1939.297 ; gain = 0.000
INFO: [Opt 31-389] Phase Retarget created 474 cells and removed 684 cells
INFO: [Opt 31-1021] In phase Retarget, 256 netlist objects are constrained preventing optimization. Please run opt_design with -debug_log to get more detail. 

Phase 2 Constant propagation
INFO: [Opt 31-138] Pushed 88 inverter(s) to 186 load pin(s).
Phase 2 Constant propagation | Checksum: 16e8e882d

Time (s): cpu = 00:00:17 ; elapsed = 00:00:17 . Memory (MB): peak = 1939.297 ; gain = 0.000
INFO: [Opt 31-389] Phase Constant propagation created 1292 cells and removed 4589 cells
INFO: [Opt 31-1021] In phase Constant propagation, 178 netlist objects are constrained preventing optimization. Please run opt_design with -debug_log to get more detail. 

Phase 3 Sweep
INFO: [Opt 31-120] Instance U0_ps_ai_wrap_demo/U0_ps_ai_peripheral/frame_to_ps_inst0/frame_read_write_m0/fifo_1_u0/U0/inst_fifo_gen/gconvfifo.rf/grf.rf/gntv_or_sync_fifo.gl0.rd/grss.rsts/gae.c3 (fifo_1_compare_4) has been optimized to an empty box cell during sweep but it has constraints that prevent its removal. Empty box cells do not impact the implementation flow but they have no functional relevance.
Resolution: If this is not expected, please check for DONT_TOUCH properties or timing constraint set on the empty box cell or on nets connected to the cell. If found, remove the relevant DONT_TOUCH property or timing constraint and re-run opt_design.
Phase 3 Sweep | Checksum: 155193e5a

Time (s): cpu = 00:00:28 ; elapsed = 00:00:28 . Memory (MB): peak = 1939.297 ; gain = 0.000
INFO: [Opt 31-389] Phase Sweep created 4 cells and removed 2980 cells
INFO: [Opt 31-1021] In phase Sweep, 746 netlist objects are constrained preventing optimization. Please run opt_design with -debug_log to get more detail. 

Phase 4 BUFG optimization
INFO: [Opt 31-194] Inserted BUFG U0_ps_ai_wrap_demo/U0_ps_ai_peripheral/ZGolo/u_AI_Mate_top/clkrst_wrapper_u0/AI_CORE_CLK/inst/clk_out1_AI_CORE_CLK_ST_BUFG_inst to drive 0 load(s) on clock net U0_ps_ai_wrap_demo/U0_ps_ai_peripheral/ZGolo/u_AI_Mate_top/clkrst_wrapper_u0/AI_CORE_CLK/inst/clk_out1_AI_CORE_CLK_ST_BUFG
INFO: [Opt 31-194] Inserted BUFG U0_ps_ai_wrap_demo/U0_ps_ai_peripheral/ps_ai_wrapper_u0/clk_wiz_0_inst/inst/clk_out1_clk_wiz_0_BUFG_inst to drive 0 load(s) on clock net U0_ps_ai_wrap_demo/U0_ps_ai_peripheral/ps_ai_wrapper_u0/clk_wiz_0_inst/inst/clk_out1_clk_wiz_0_BUFG
INFO: [Opt 31-194] Inserted BUFG U0_ps_ai_wrap_demo/U0_ps_ai_peripheral/mig_ddr3_u0/u_mig_7series_0_mig/u_ddr3_infrastructure/mmcm_ps_clk_bufg_in_BUFG_inst to drive 0 load(s) on clock net U0_ps_ai_wrap_demo/U0_ps_ai_peripheral/mig_ddr3_u0/u_mig_7series_0_mig/u_ddr3_infrastructure/mmcm_ps_clk_bufg_in_BUFG
INFO: [Opt 31-193] Inserted 3 BUFG(s) on clock nets
Phase 4 BUFG optimization | Checksum: 1dc231276

Time (s): cpu = 00:00:32 ; elapsed = 00:00:33 . Memory (MB): peak = 1939.297 ; gain = 0.000
INFO: [Opt 31-662] Phase BUFG optimization created 0 cells of which 0 are BUFGs and removed 0 cells.

Phase 5 Shift Register Optimization
Phase 5 Shift Register Optimization | Checksum: 1a01d12df

Time (s): cpu = 00:00:51 ; elapsed = 00:00:54 . Memory (MB): peak = 1939.297 ; gain = 0.000
INFO: [Opt 31-389] Phase Shift Register Optimization created 0 cells and removed 0 cells

Phase 6 Post Processing Netlist
Phase 6 Post Processing Netlist | Checksum: 1c16199ed

Time (s): cpu = 00:00:53 ; elapsed = 00:00:57 . Memory (MB): peak = 1939.297 ; gain = 0.000
INFO: [Opt 31-389] Phase Post Processing Netlist created 0 cells and removed 2 cells
INFO: [Opt 31-1021] In phase Post Processing Netlist, 148 netlist objects are constrained preventing optimization. Please run opt_design with -debug_log to get more detail. 
Opt_design Change Summary
=========================


-------------------------------------------------------------------------------------------------------------------------
|  Phase                        |  #Cells created  |  #Cells Removed  |  #Constrained objects preventing optimizations  |
-------------------------------------------------------------------------------------------------------------------------
|  Retarget                     |             474  |             684  |                                            256  |
|  Constant propagation         |            1292  |            4589  |                                            178  |
|  Sweep                        |               4  |            2980  |                                            746  |
|  BUFG optimization            |               0  |               0  |                                              0  |
|  Shift Register Optimization  |               0  |               0  |                                              0  |
|  Post Processing Netlist      |               0  |               2  |                                            148  |
-------------------------------------------------------------------------------------------------------------------------



Starting Connectivity Check Task

Time (s): cpu = 00:00:00 ; elapsed = 00:00:00.540 . Memory (MB): peak = 1939.297 ; gain = 0.000
Ending Logic Optimization Task | Checksum: 13c15ce99

Time (s): cpu = 00:00:54 ; elapsed = 00:00:58 . Memory (MB): peak = 1939.297 ; gain = 0.000

Starting Power Optimization Task
INFO: [Pwropt 34-132] Skipping clock gating for clocks with a period < 2.00 ns.
INFO: [Timing 38-35] Done setting XDC timing constraints.
INFO: [Pwropt 34-9] Applying IDT optimizations ...
INFO: [Pwropt 34-10] Applying ODC optimizations ...
INFO: [Physopt 32-619] Estimated Timing Summary | WNS=0.070 | TNS=0.000 |
WARNING: [Power 33-198] PS7 POWER property is not specified on the PS7 instance. Power reported will not be accurate.
Running Vector-less Activity Propagation...

Finished Running Vector-less Activity Propagation


Starting PowerOpt Patch Enables Task
INFO: [Pwropt 34-162] WRITE_MODE attribute of 76 BRAM(s) out of a total of 144 has been updated to save power. Run report_power_opt to get a complete listing of the BRAMs updated.
INFO: [Timing 38-35] Done setting XDC timing constraints.
INFO: [Pwropt 34-201] Structural ODC has moved 4 WE to EN ports
Number of BRAM Ports augmented: 67 newly gated: 5 Total Ports: 288
Number of Flops added for Enable Generation: 4

Ending PowerOpt Patch Enables Task | Checksum: ce5fbb49

Time (s): cpu = 00:00:11 ; elapsed = 00:00:09 . Memory (MB): peak = 3078.652 ; gain = 0.000
Ending Power Optimization Task | Checksum: ce5fbb49

Time (s): cpu = 00:01:38 ; elapsed = 00:01:02 . Memory (MB): peak = 3078.652 ; gain = 1139.355

Starting Final Cleanup Task

Starting Logic Optimization Task
INFO: [Timing 38-35] Done setting XDC timing constraints.
INFO: [Opt 31-194] Inserted BUFG U0_ps_ai_wrap_demo/U0_ps_ai_peripheral/mig_ddr3_u0/u_mig_7series_0_mig/u_ddr3_infrastructure/pll_clk3_out_BUFG_inst to drive 0 load(s) on clock net U0_ps_ai_wrap_demo/U0_ps_ai_peripheral/mig_ddr3_u0/u_mig_7series_0_mig/u_ddr3_infrastructure/pll_clk3_out_BUFG
INFO: [Opt 31-194] Inserted BUFG U0_ps_ai_wrap_demo/U0_ps_ai_peripheral/mig_ddr3_u0/u_mig_7series_0_mig/u_iodelay_ctrl/clk_ref_mmcm_400_BUFG_inst to drive 0 load(s) on clock net U0_ps_ai_wrap_demo/U0_ps_ai_peripheral/mig_ddr3_u0/u_mig_7series_0_mig/u_iodelay_ctrl/clk_ref_mmcm_400_BUFG
INFO: [Opt 31-194] Inserted BUFG U0_ps_ai_wrap_demo/U0_ps_ai_peripheral/mig_ddr3_u0/u_mig_7series_0_mig/u_ddr3_infrastructure/mmcm_ps_clk_bufg_in_BUFG_inst to drive 0 load(s) on clock net U0_ps_ai_wrap_demo/U0_ps_ai_peripheral/mig_ddr3_u0/u_mig_7series_0_mig/u_ddr3_infrastructure/mmcm_ps_clk_bufg_in_BUFG
INFO: [Opt 31-193] Inserted 3 BUFG(s) on clock nets
Ending Logic Optimization Task | Checksum: 2236a8c8b

Time (s): cpu = 00:00:22 ; elapsed = 00:00:20 . Memory (MB): peak = 3078.652 ; gain = 0.000
Ending Final Cleanup Task | Checksum: 2236a8c8b

Time (s): cpu = 00:00:24 ; elapsed = 00:00:22 . Memory (MB): peak = 3078.652 ; gain = 0.000

Starting Netlist Obfuscation Task
Netlist sorting complete. Time (s): cpu = 00:00:00 ; elapsed = 00:00:00.065 . Memory (MB): peak = 3078.652 ; gain = 0.000
Ending Netlist Obfuscation Task | Checksum: 2236a8c8b

Time (s): cpu = 00:00:00 ; elapsed = 00:00:00.066 . Memory (MB): peak = 3078.652 ; gain = 0.000
INFO: [Common 17-83] Releasing license: Implementation
49 Infos, 208 Warnings, 0 Critical Warnings and 0 Errors encountered.
opt_design completed successfully
opt_design: Time (s): cpu = 00:03:15 ; elapsed = 00:02:36 . Memory (MB): peak = 3078.652 ; gain = 1154.418
Netlist sorting complete. Time (s): cpu = 00:00:00 ; elapsed = 00:00:00.059 . Memory (MB): peak = 3078.652 ; gain = 0.000
INFO: [Timing 38-480] Writing timing data to binary archive.
Writing placer database...
Writing XDEF routing.
Writing XDEF routing logical nets.
Writing XDEF routing special nets.
Write XDEF Complete: Time (s): cpu = 00:00:01 ; elapsed = 00:00:00.240 . Memory (MB): peak = 3078.652 ; gain = 0.000
Netlist sorting complete. Time (s): cpu = 00:00:00 ; elapsed = 00:00:00.040 . Memory (MB): peak = 3078.652 ; gain = 0.000
INFO: [Common 17-1381] The checkpoint 'D:/vivado2018.3/part2_sa_2.0/part2_sa_2.0.runs/impl_1/bev_edif_top_opt.dcp' has been generated.
write_checkpoint: Time (s): cpu = 00:00:43 ; elapsed = 00:00:39 . Memory (MB): peak = 3078.652 ; gain = 0.000
INFO: [runtcl-4] Executing : report_drc -file bev_edif_top_drc_opted.rpt -pb bev_edif_top_drc_opted.pb -rpx bev_edif_top_drc_opted.rpx
Command: report_drc -file bev_edif_top_drc_opted.rpt -pb bev_edif_top_drc_opted.pb -rpx bev_edif_top_drc_opted.rpx
INFO: [IP_Flow 19-234] Refreshing IP repositories
INFO: [IP_Flow 19-1704] No user IP repositories specified
INFO: [IP_Flow 19-2313] Loaded Vivado IP repository 'C:/vivado2018.3/vivado/Vivado/2018.3/data/ip'.
INFO: [DRC 23-27] Running DRC with 2 threads
WARNING: [Designutils 20-3303] unexpected site type 'IOPAD' in HDPYFinalizeIO
WARNING: [Designutils 20-3303] unexpected site type 'IOPAD' in HDPYFinalizeIO
WARNING: [Designutils 20-3303] unexpected site type 'IOPAD' in HDPYFinalizeIO
WARNING: [Designutils 20-3303] unexpected site type 'IOPAD' in HDPYFinalizeIO
WARNING: [Designutils 20-3303] unexpected site type 'IOPAD' in HDPYFinalizeIO
WARNING: [Designutils 20-3303] unexpected site type 'IOPAD' in HDPYFinalizeIO
WARNING: [Designutils 20-3303] unexpected site type 'IOPAD' in HDPYFinalizeIO
WARNING: [Designutils 20-3303] unexpected site type 'IOPAD' in HDPYFinalizeIO
WARNING: [Designutils 20-3303] unexpected site type 'IOPAD' in HDPYFinalizeIO
WARNING: [Designutils 20-3303] unexpected site type 'IOPAD' in HDPYFinalizeIO
WARNING: [Designutils 20-3303] unexpected site type 'IOPAD' in HDPYFinalizeIO
WARNING: [Designutils 20-3303] unexpected site type 'IOPAD' in HDPYFinalizeIO
WARNING: [Designutils 20-3303] unexpected site type 'IOPAD' in HDPYFinalizeIO
WARNING: [Designutils 20-3303] unexpected site type 'IOPAD' in HDPYFinalizeIO
WARNING: [Designutils 20-3303] unexpected site type 'IOPAD' in HDPYFinalizeIO
WARNING: [Designutils 20-3303] unexpected site type 'IOPAD' in HDPYFinalizeIO
WARNING: [Designutils 20-3303] unexpected site type 'IOPAD' in HDPYFinalizeIO
WARNING: [Designutils 20-3303] unexpected site type 'IOPAD' in HDPYFinalizeIO
WARNING: [Designutils 20-3303] unexpected site type 'IOPAD' in HDPYFinalizeIO
WARNING: [Designutils 20-3303] unexpected site type 'IOPAD' in HDPYFinalizeIO
WARNING: [Designutils 20-3303] unexpected site type 'IOPAD' in HDPYFinalizeIO
WARNING: [Designutils 20-3303] unexpected site type 'IOPAD' in HDPYFinalizeIO
WARNING: [Designutils 20-3303] unexpected site type 'IOPAD' in HDPYFinalizeIO
WARNING: [Designutils 20-3303] unexpected site type 'IOPAD' in HDPYFinalizeIO
WARNING: [Designutils 20-3303] unexpected site type 'IOPAD' in HDPYFinalizeIO
WARNING: [Designutils 20-3303] unexpected site type 'IOPAD' in HDPYFinalizeIO
WARNING: [Designutils 20-3303] unexpected site type 'IOPAD' in HDPYFinalizeIO
WARNING: [Designutils 20-3303] unexpected site type 'IOPAD' in HDPYFinalizeIO
WARNING: [Designutils 20-3303] unexpected site type 'IOPAD' in HDPYFinalizeIO
WARNING: [Designutils 20-3303] unexpected site type 'IOPAD' in HDPYFinalizeIO
WARNING: [Designutils 20-3303] unexpected site type 'IOPAD' in HDPYFinalizeIO
WARNING: [Designutils 20-3303] unexpected site type 'IOPAD' in HDPYFinalizeIO
WARNING: [Designutils 20-3303] unexpected site type 'IOPAD' in HDPYFinalizeIO
WARNING: [Designutils 20-3303] unexpected site type 'IOPAD' in HDPYFinalizeIO
WARNING: [Designutils 20-3303] unexpected site type 'IOPAD' in HDPYFinalizeIO
WARNING: [Designutils 20-3303] unexpected site type 'IOPAD' in HDPYFinalizeIO
WARNING: [Designutils 20-3303] unexpected site type 'IOPAD' in HDPYFinalizeIO
WARNING: [Designutils 20-3303] unexpected site type 'IOPAD' in HDPYFinalizeIO
WARNING: [Designutils 20-3303] unexpected site type 'IOPAD' in HDPYFinalizeIO
WARNING: [Designutils 20-3303] unexpected site type 'IOPAD' in HDPYFinalizeIO
WARNING: [Designutils 20-3303] unexpected site type 'IOPAD' in HDPYFinalizeIO
WARNING: [Designutils 20-3303] unexpected site type 'IOPAD' in HDPYFinalizeIO
WARNING: [Designutils 20-3303] unexpected site type 'IOPAD' in HDPYFinalizeIO
WARNING: [Designutils 20-3303] unexpected site type 'IOPAD' in HDPYFinalizeIO
WARNING: [Designutils 20-3303] unexpected site type 'IOPAD' in HDPYFinalizeIO
WARNING: [Designutils 20-3303] unexpected site type 'IOPAD' in HDPYFinalizeIO
WARNING: [Designutils 20-3303] unexpected site type 'IOPAD' in HDPYFinalizeIO
WARNING: [Designutils 20-3303] unexpected site type 'IOPAD' in HDPYFinalizeIO
WARNING: [Designutils 20-3303] unexpected site type 'IOPAD' in HDPYFinalizeIO
WARNING: [Designutils 20-3303] unexpected site type 'IOPAD' in HDPYFinalizeIO
WARNING: [Designutils 20-3303] unexpected site type 'IOPAD' in HDPYFinalizeIO
WARNING: [Designutils 20-3303] unexpected site type 'IOPAD' in HDPYFinalizeIO
WARNING: [Designutils 20-3303] unexpected site type 'IOPAD' in HDPYFinalizeIO
WARNING: [Designutils 20-3303] unexpected site type 'IOPAD' in HDPYFinalizeIO
WARNING: [Designutils 20-3303] unexpected site type 'IOPAD' in HDPYFinalizeIO
WARNING: [Designutils 20-3303] unexpected site type 'IOPAD' in HDPYFinalizeIO
WARNING: [Designutils 20-3303] unexpected site type 'IOPAD' in HDPYFinalizeIO
WARNING: [Designutils 20-3303] unexpected site type 'IOPAD' in HDPYFinalizeIO
WARNING: [Designutils 20-3303] unexpected site type 'IOPAD' in HDPYFinalizeIO
WARNING: [Designutils 20-3303] unexpected site type 'IOPAD' in HDPYFinalizeIO
WARNING: [Designutils 20-3303] unexpected site type 'IOPAD' in HDPYFinalizeIO
WARNING: [Designutils 20-3303] unexpected site type 'IOPAD' in HDPYFinalizeIO
WARNING: [Designutils 20-3303] unexpected site type 'IOPAD' in HDPYFinalizeIO
WARNING: [Designutils 20-3303] unexpected site type 'IOPAD' in HDPYFinalizeIO
WARNING: [Designutils 20-3303] unexpected site type 'IOPAD' in HDPYFinalizeIO
WARNING: [Designutils 20-3303] unexpected site type 'IOPAD' in HDPYFinalizeIO
WARNING: [Designutils 20-3303] unexpected site type 'IOPAD' in HDPYFinalizeIO
WARNING: [Designutils 20-3303] unexpected site type 'IOPAD' in HDPYFinalizeIO
WARNING: [Designutils 20-3303] unexpected site type 'IOPAD' in HDPYFinalizeIO
WARNING: [Designutils 20-3303] unexpected site type 'IOPAD' in HDPYFinalizeIO
WARNING: [Designutils 20-3303] unexpected site type 'IOPAD' in HDPYFinalizeIO
WARNING: [Designutils 20-3303] unexpected site type 'IOPAD' in HDPYFinalizeIO
WARNING: [Designutils 20-3303] unexpected site type 'IOPAD' in HDPYFinalizeIO
WARNING: [Designutils 20-3303] unexpected site type 'IOPAD' in HDPYFinalizeIO
WARNING: [Designutils 20-3303] unexpected site type 'IOPAD' in HDPYFinalizeIO
WARNING: [Designutils 20-3303] unexpected site type 'IOPAD' in HDPYFinalizeIO
WARNING: [Designutils 20-3303] unexpected site type 'IOPAD' in HDPYFinalizeIO
WARNING: [Designutils 20-3303] unexpected site type 'IOPAD' in HDPYFinalizeIO
WARNING: [Designutils 20-3303] unexpected site type 'IOPAD' in HDPYFinalizeIO
WARNING: [Designutils 20-3303] unexpected site type 'IOPAD' in HDPYFinalizeIO
WARNING: [Designutils 20-3303] unexpected site type 'IOPAD' in HDPYFinalizeIO
WARNING: [Designutils 20-3303] unexpected site type 'IOPAD' in HDPYFinalizeIO
WARNING: [Designutils 20-3303] unexpected site type 'IOPAD' in HDPYFinalizeIO
WARNING: [Designutils 20-3303] unexpected site type 'IOPAD' in HDPYFinalizeIO
WARNING: [Designutils 20-3303] unexpected site type 'IOPAD' in HDPYFinalizeIO
WARNING: [Designutils 20-3303] unexpected site type 'IOPAD' in HDPYFinalizeIO
WARNING: [Designutils 20-3303] unexpected site type 'IOPAD' in HDPYFinalizeIO
WARNING: [Designutils 20-3303] unexpected site type 'IOPAD' in HDPYFinalizeIO
WARNING: [Designutils 20-3303] unexpected site type 'IOPAD' in HDPYFinalizeIO
WARNING: [Designutils 20-3303] unexpected site type 'IOPAD' in HDPYFinalizeIO
WARNING: [Designutils 20-3303] unexpected site type 'IOPAD' in HDPYFinalizeIO
WARNING: [Designutils 20-3303] unexpected site type 'IOPAD' in HDPYFinalizeIO
WARNING: [Designutils 20-3303] unexpected site type 'IOPAD' in HDPYFinalizeIO
WARNING: [Designutils 20-3303] unexpected site type 'IOPAD' in HDPYFinalizeIO
WARNING: [Designutils 20-3303] unexpected site type 'IOPAD' in HDPYFinalizeIO
WARNING: [Designutils 20-3303] unexpected site type 'IOPAD' in HDPYFinalizeIO
WARNING: [Designutils 20-3303] unexpected site type 'IOPAD' in HDPYFinalizeIO
WARNING: [Designutils 20-3303] unexpected site type 'IOPAD' in HDPYFinalizeIO
WARNING: [Designutils 20-3303] unexpected site type 'IOPAD' in HDPYFinalizeIO
WARNING: [Designutils 20-3303] unexpected site type 'IOPAD' in HDPYFinalizeIO
INFO: [Common 17-14] Message 'Designutils 20-3303' appears 100 times and further instances of the messages will be disabled. Use the Tcl command set_msg_config to change the current settings.
INFO: [Coretcl 2-168] The results of DRC are in file D:/vivado2018.3/part2_sa_2.0/part2_sa_2.0.runs/impl_1/bev_edif_top_drc_opted.rpt.
report_drc completed successfully
report_drc: Time (s): cpu = 00:00:20 ; elapsed = 00:00:16 . Memory (MB): peak = 3078.652 ; gain = 0.000
Command: place_design
Attempting to get a license for feature 'Implementation' and/or device 'xc7z030'
INFO: [Common 17-349] Got license for feature 'Implementation' and/or device 'xc7z030'
INFO: [DRC 23-27] Running DRC with 2 threads
INFO: [Vivado_Tcl 4-198] DRC finished with 0 Errors
INFO: [Vivado_Tcl 4-199] Please refer to the DRC report (report_drc) for more information.
Running DRC as a precondition to command place_design
INFO: [DRC 23-27] Running DRC with 2 threads
WARNING: [DRC CHECK-3] Report rule limit reached: REQP-1839 rule limit reached: 20 violations have been found.
WARNING: [DRC CHECK-3] Report rule limit reached: REQP-1840 rule limit reached: 20 violations have been found.
WARNING: [DRC REQP-1839] RAMB36 async control check: The RAMB36E1 U0_ps_ai_wrap_demo/U0_ps_ai_peripheral/ZGolo/u_AI_Mate_top/U0_ddr2hp_itcn/U0_dmux4/U0_aw_axi_fifo/w616d64_fifo.U0_w616d64_fifo/U0/inst_fifo_gen/gconvfifo.rf/grf.rf/gntv_or_sync_fifo.mem/gbm.gbmg.gbmga.ngecc.bmg/inst_blk_mem_gen/gnbram.gnativebmg.native_blk_mem_gen/valid.cstr/ramloop[0].ram.r/prim_noinit.ram/DEVICE_7SERIES.NO_BMM_INFO.SDP.WIDE_PRIM36_NO_ECC.ram has an input control pin U0_ps_ai_wrap_demo/U0_ps_ai_peripheral/ZGolo/u_AI_Mate_top/U0_ddr2hp_itcn/U0_dmux4/U0_aw_axi_fifo/w616d64_fifo.U0_w616d64_fifo/U0/inst_fifo_gen/gconvfifo.rf/grf.rf/gntv_or_sync_fifo.mem/gbm.gbmg.gbmga.ngecc.bmg/inst_blk_mem_gen/gnbram.gnativebmg.native_blk_mem_gen/valid.cstr/ramloop[0].ram.r/prim_noinit.ram/DEVICE_7SERIES.NO_BMM_INFO.SDP.WIDE_PRIM36_NO_ECC.ram/ENARDEN (net: U0_ps_ai_wrap_demo/U0_ps_ai_peripheral/ZGolo/u_AI_Mate_top/U0_ddr2hp_itcn/U0_dmux4/U0_aw_axi_fifo/w616d64_fifo.U0_w616d64_fifo/U0/inst_fifo_gen/gconvfifo.rf/grf.rf/gntv_or_sync_fifo.mem/gbm.gbmg.gbmga.ngecc.bmg/inst_blk_mem_gen/gnbram.gnativebmg.native_blk_mem_gen/valid.cstr/ramloop[0].ram.r/prim_noinit.ram/tmp_ram_rd_en) which is driven by a register (U0_ps_ai_wrap_demo/U0_ps_ai_peripheral/ZGolo/u_AI_Mate_top/clkrst_wrapper_u0/u_sync_hp0_clk_rst/reset_2d_reg) that has an active asychronous set or reset. This may cause corruption of the memory contents and/or read values when the set/reset is asserted and is not analyzed by the default static timing analysis. It is suggested to eliminate the use of a set/reset to registers driving this RAMB pin or else use a synchronous reset in which the assertion of the reset is timed by default.
WARNING: [DRC REQP-1839] RAMB36 async control check: The RAMB36E1 U0_ps_ai_wrap_demo/U0_ps_ai_peripheral/ZGolo/u_AI_Mate_top/U0_ddr2hp_itcn/U0_dmux4/U0_aw_axi_fifo/w616d64_fifo.U0_w616d64_fifo/U0/inst_fifo_gen/gconvfifo.rf/grf.rf/gntv_or_sync_fifo.mem/gbm.gbmg.gbmga.ngecc.bmg/inst_blk_mem_gen/gnbram.gnativebmg.native_blk_mem_gen/valid.cstr/ramloop[0].ram.r/prim_noinit.ram/DEVICE_7SERIES.NO_BMM_INFO.SDP.WIDE_PRIM36_NO_ECC.ram has an input control pin U0_ps_ai_wrap_demo/U0_ps_ai_peripheral/ZGolo/u_AI_Mate_top/U0_ddr2hp_itcn/U0_dmux4/U0_aw_axi_fifo/w616d64_fifo.U0_w616d64_fifo/U0/inst_fifo_gen/gconvfifo.rf/grf.rf/gntv_or_sync_fifo.mem/gbm.gbmg.gbmga.ngecc.bmg/inst_blk_mem_gen/gnbram.gnativebmg.native_blk_mem_gen/valid.cstr/ramloop[0].ram.r/prim_noinit.ram/DEVICE_7SERIES.NO_BMM_INFO.SDP.WIDE_PRIM36_NO_ECC.ram/ENBWREN (net: U0_ps_ai_wrap_demo/U0_ps_ai_peripheral/ZGolo/u_AI_Mate_top/U0_ddr2hp_itcn/U0_dmux4/U0_aw_axi_fifo/w616d64_fifo.U0_w616d64_fifo/U0/inst_fifo_gen/gconvfifo.rf/grf.rf/gntv_or_sync_fifo.mem/gbm.gbmg.gbmga.ngecc.bmg/inst_blk_mem_gen/gnbram.gnativebmg.native_blk_mem_gen/valid.cstr/ramloop[0].ram.r/prim_noinit.ram/DEVICE_7SERIES.NO_BMM_INFO.SDP.WIDE_PRIM36_NO_ECC.ram_0[0]) which is driven by a register (U0_ps_ai_wrap_demo/U0_ps_ai_peripheral/ZGolo/u_AI_Mate_top/U0_ddr2hp_itcn/u0_aw_cdc_fifo_ddr/u0_cdc_fifo_aw_616/U0/inst_fifo_gen/gconvfifo.rf/grf.rf/gntv_or_sync_fifo.gl0.rd/gr1.gr1_int.rfwft/empty_fwft_i_reg) that has an active asychronous set or reset. This may cause corruption of the memory contents and/or read values when the set/reset is asserted and is not analyzed by the default static timing analysis. It is suggested to eliminate the use of a set/reset to registers driving this RAMB pin or else use a synchronous reset in which the assertion of the reset is timed by default.
WARNING: [DRC REQP-1839] RAMB36 async control check: The RAMB36E1 U0_ps_ai_wrap_demo/U0_ps_ai_peripheral/ZGolo/u_AI_Mate_top/U0_ddr2hp_itcn/U0_dmux4/U0_aw_axi_fifo/w616d64_fifo.U0_w616d64_fifo/U0/inst_fifo_gen/gconvfifo.rf/grf.rf/gntv_or_sync_fifo.mem/gbm.gbmg.gbmga.ngecc.bmg/inst_blk_mem_gen/gnbram.gnativebmg.native_blk_mem_gen/valid.cstr/ramloop[0].ram.r/prim_noinit.ram/DEVICE_7SERIES.NO_BMM_INFO.SDP.WIDE_PRIM36_NO_ECC.ram has an input control pin U0_ps_ai_wrap_demo/U0_ps_ai_peripheral/ZGolo/u_AI_Mate_top/U0_ddr2hp_itcn/U0_dmux4/U0_aw_axi_fifo/w616d64_fifo.U0_w616d64_fifo/U0/inst_fifo_gen/gconvfifo.rf/grf.rf/gntv_or_sync_fifo.mem/gbm.gbmg.gbmga.ngecc.bmg/inst_blk_mem_gen/gnbram.gnativebmg.native_blk_mem_gen/valid.cstr/ramloop[0].ram.r/prim_noinit.ram/DEVICE_7SERIES.NO_BMM_INFO.SDP.WIDE_PRIM36_NO_ECC.ram/RSTRAMARSTRAM (net: U0_ps_ai_wrap_demo/U0_ps_ai_peripheral/ZGolo/u_AI_Mate_top/U0_ddr2hp_itcn/U0_dmux4/U0_aw_axi_fifo/w616d64_fifo.U0_w616d64_fifo/U0/inst_fifo_gen/gconvfifo.rf/grf.rf/gntv_or_sync_fifo.mem/gbm.gbmg.gbmga.ngecc.bmg/inst_blk_mem_gen/gnbram.gnativebmg.native_blk_mem_gen/valid.cstr/ramloop[0].ram.r/prim_noinit.ram/srst) which is driven by a register (U0_ps_ai_wrap_demo/U0_ps_ai_peripheral/ZGolo/u_AI_Mate_top/clkrst_wrapper_u0/u_sync_hp0_clk_rst/reset_2d_reg) that has an active asychronous set or reset. This may cause corruption of the memory contents and/or read values when the set/reset is asserted and is not analyzed by the default static timing analysis. It is suggested to eliminate the use of a set/reset to registers driving this RAMB pin or else use a synchronous reset in which the assertion of the reset is timed by default.
WARNING: [DRC REQP-1839] RAMB36 async control check: The RAMB36E1 U0_ps_ai_wrap_demo/U0_ps_ai_peripheral/ZGolo/u_AI_Mate_top/U0_ddr2hp_itcn/U0_dmux4/U0_aw_axi_fifo/w616d64_fifo.U0_w616d64_fifo/U0/inst_fifo_gen/gconvfifo.rf/grf.rf/gntv_or_sync_fifo.mem/gbm.gbmg.gbmga.ngecc.bmg/inst_blk_mem_gen/gnbram.gnativebmg.native_blk_mem_gen/valid.cstr/ramloop[0].ram.r/prim_noinit.ram/DEVICE_7SERIES.NO_BMM_INFO.SDP.WIDE_PRIM36_NO_ECC.ram has an input control pin U0_ps_ai_wrap_demo/U0_ps_ai_peripheral/ZGolo/u_AI_Mate_top/U0_ddr2hp_itcn/U0_dmux4/U0_aw_axi_fifo/w616d64_fifo.U0_w616d64_fifo/U0/inst_fifo_gen/gconvfifo.rf/grf.rf/gntv_or_sync_fifo.mem/gbm.gbmg.gbmga.ngecc.bmg/inst_blk_mem_gen/gnbram.gnativebmg.native_blk_mem_gen/valid.cstr/ramloop[0].ram.r/prim_noinit.ram/DEVICE_7SERIES.NO_BMM_INFO.SDP.WIDE_PRIM36_NO_ECC.ram/WEBWE[0] (net: U0_ps_ai_wrap_demo/U0_ps_ai_peripheral/ZGolo/u_AI_Mate_top/U0_ddr2hp_itcn/U0_dmux4/U0_aw_axi_fifo/w616d64_fifo.U0_w616d64_fifo/U0/inst_fifo_gen/gconvfifo.rf/grf.rf/gntv_or_sync_fifo.mem/gbm.gbmg.gbmga.ngecc.bmg/inst_blk_mem_gen/gnbram.gnativebmg.native_blk_mem_gen/valid.cstr/ramloop[0].ram.r/prim_noinit.ram/DEVICE_7SERIES.NO_BMM_INFO.SDP.WIDE_PRIM36_NO_ECC.ram_3[0]) which is driven by a register (U0_ps_ai_wrap_demo/U0_ps_ai_peripheral/ZGolo/u_AI_Mate_top/U0_ddr2hp_itcn/u0_aw_cdc_fifo_ddr/u0_cdc_fifo_aw_616/U0/inst_fifo_gen/gconvfifo.rf/grf.rf/gntv_or_sync_fifo.gl0.rd/gr1.gr1_int.rfwft/empty_fwft_i_reg) that has an active asychronous set or reset. This may cause corruption of the memory contents and/or read values when the set/reset is asserted and is not analyzed by the default static timing analysis. It is suggested to eliminate the use of a set/reset to registers driving this RAMB pin or else use a synchronous reset in which the assertion of the reset is timed by default.
WARNING: [DRC REQP-1839] RAMB36 async control check: The RAMB36E1 U0_ps_ai_wrap_demo/U0_ps_ai_peripheral/ZGolo/u_AI_Mate_top/U0_ddr2hp_itcn/U0_dmux4/U0_aw_axi_fifo/w616d64_fifo.U0_w616d64_fifo/U0/inst_fifo_gen/gconvfifo.rf/grf.rf/gntv_or_sync_fifo.mem/gbm.gbmg.gbmga.ngecc.bmg/inst_blk_mem_gen/gnbram.gnativebmg.native_blk_mem_gen/valid.cstr/ramloop[0].ram.r/prim_noinit.ram/DEVICE_7SERIES.NO_BMM_INFO.SDP.WIDE_PRIM36_NO_ECC.ram has an input control pin U0_ps_ai_wrap_demo/U0_ps_ai_peripheral/ZGolo/u_AI_Mate_top/U0_ddr2hp_itcn/U0_dmux4/U0_aw_axi_fifo/w616d64_fifo.U0_w616d64_fifo/U0/inst_fifo_gen/gconvfifo.rf/grf.rf/gntv_or_sync_fifo.mem/gbm.gbmg.gbmga.ngecc.bmg/inst_blk_mem_gen/gnbram.gnativebmg.native_blk_mem_gen/valid.cstr/ramloop[0].ram.r/prim_noinit.ram/DEVICE_7SERIES.NO_BMM_INFO.SDP.WIDE_PRIM36_NO_ECC.ram/WEBWE[1] (net: U0_ps_ai_wrap_demo/U0_ps_ai_peripheral/ZGolo/u_AI_Mate_top/U0_ddr2hp_itcn/U0_dmux4/U0_aw_axi_fifo/w616d64_fifo.U0_w616d64_fifo/U0/inst_fifo_gen/gconvfifo.rf/grf.rf/gntv_or_sync_fifo.mem/gbm.gbmg.gbmga.ngecc.bmg/inst_blk_mem_gen/gnbram.gnativebmg.native_blk_mem_gen/valid.cstr/ramloop[0].ram.r/prim_noinit.ram/DEVICE_7SERIES.NO_BMM_INFO.SDP.WIDE_PRIM36_NO_ECC.ram_3[0]) which is driven by a register (U0_ps_ai_wrap_demo/U0_ps_ai_peripheral/ZGolo/u_AI_Mate_top/U0_ddr2hp_itcn/u0_aw_cdc_fifo_ddr/u0_cdc_fifo_aw_616/U0/inst_fifo_gen/gconvfifo.rf/grf.rf/gntv_or_sync_fifo.gl0.rd/gr1.gr1_int.rfwft/empty_fwft_i_reg) that has an active asychronous set or reset. This may cause corruption of the memory contents and/or read values when the set/reset is asserted and is not analyzed by the default static timing analysis. It is suggested to eliminate the use of a set/reset to registers driving this RAMB pin or else use a synchronous reset in which the assertion of the reset is timed by default.
WARNING: [DRC REQP-1839] RAMB36 async control check: The RAMB36E1 U0_ps_ai_wrap_demo/U0_ps_ai_peripheral/ZGolo/u_AI_Mate_top/U0_ddr2hp_itcn/U0_dmux4/U0_aw_axi_fifo/w616d64_fifo.U0_w616d64_fifo/U0/inst_fifo_gen/gconvfifo.rf/grf.rf/gntv_or_sync_fifo.mem/gbm.gbmg.gbmga.ngecc.bmg/inst_blk_mem_gen/gnbram.gnativebmg.native_blk_mem_gen/valid.cstr/ramloop[0].ram.r/prim_noinit.ram/DEVICE_7SERIES.NO_BMM_INFO.SDP.WIDE_PRIM36_NO_ECC.ram has an input control pin U0_ps_ai_wrap_demo/U0_ps_ai_peripheral/ZGolo/u_AI_Mate_top/U0_ddr2hp_itcn/U0_dmux4/U0_aw_axi_fifo/w616d64_fifo.U0_w616d64_fifo/U0/inst_fifo_gen/gconvfifo.rf/grf.rf/gntv_or_sync_fifo.mem/gbm.gbmg.gbmga.ngecc.bmg/inst_blk_mem_gen/gnbram.gnativebmg.native_blk_mem_gen/valid.cstr/ramloop[0].ram.r/prim_noinit.ram/DEVICE_7SERIES.NO_BMM_INFO.SDP.WIDE_PRIM36_NO_ECC.ram/WEBWE[2] (net: U0_ps_ai_wrap_demo/U0_ps_ai_peripheral/ZGolo/u_AI_Mate_top/U0_ddr2hp_itcn/U0_dmux4/U0_aw_axi_fifo/w616d64_fifo.U0_w616d64_fifo/U0/inst_fifo_gen/gconvfifo.rf/grf.rf/gntv_or_sync_fifo.mem/gbm.gbmg.gbmga.ngecc.bmg/inst_blk_mem_gen/gnbram.gnativebmg.native_blk_mem_gen/valid.cstr/ramloop[0].ram.r/prim_noinit.ram/DEVICE_7SERIES.NO_BMM_INFO.SDP.WIDE_PRIM36_NO_ECC.ram_3[0]) which is driven by a register (U0_ps_ai_wrap_demo/U0_ps_ai_peripheral/ZGolo/u_AI_Mate_top/U0_ddr2hp_itcn/u0_aw_cdc_fifo_ddr/u0_cdc_fifo_aw_616/U0/inst_fifo_gen/gconvfifo.rf/grf.rf/gntv_or_sync_fifo.gl0.rd/gr1.gr1_int.rfwft/empty_fwft_i_reg) that has an active asychronous set or reset. This may cause corruption of the memory contents and/or read values when the set/reset is asserted and is not analyzed by the default static timing analysis. It is suggested to eliminate the use of a set/reset to registers driving this RAMB pin or else use a synchronous reset in which the assertion of the reset is timed by default.
WARNING: [DRC REQP-1839] RAMB36 async control check: The RAMB36E1 U0_ps_ai_wrap_demo/U0_ps_ai_peripheral/ZGolo/u_AI_Mate_top/U0_ddr2hp_itcn/U0_dmux4/U0_aw_axi_fifo/w616d64_fifo.U0_w616d64_fifo/U0/inst_fifo_gen/gconvfifo.rf/grf.rf/gntv_or_sync_fifo.mem/gbm.gbmg.gbmga.ngecc.bmg/inst_blk_mem_gen/gnbram.gnativebmg.native_blk_mem_gen/valid.cstr/ramloop[0].ram.r/prim_noinit.ram/DEVICE_7SERIES.NO_BMM_INFO.SDP.WIDE_PRIM36_NO_ECC.ram has an input control pin U0_ps_ai_wrap_demo/U0_ps_ai_peripheral/ZGolo/u_AI_Mate_top/U0_ddr2hp_itcn/U0_dmux4/U0_aw_axi_fifo/w616d64_fifo.U0_w616d64_fifo/U0/inst_fifo_gen/gconvfifo.rf/grf.rf/gntv_or_sync_fifo.mem/gbm.gbmg.gbmga.ngecc.bmg/inst_blk_mem_gen/gnbram.gnativebmg.native_blk_mem_gen/valid.cstr/ramloop[0].ram.r/prim_noinit.ram/DEVICE_7SERIES.NO_BMM_INFO.SDP.WIDE_PRIM36_NO_ECC.ram/WEBWE[3] (net: U0_ps_ai_wrap_demo/U0_ps_ai_peripheral/ZGolo/u_AI_Mate_top/U0_ddr2hp_itcn/U0_dmux4/U0_aw_axi_fifo/w616d64_fifo.U0_w616d64_fifo/U0/inst_fifo_gen/gconvfifo.rf/grf.rf/gntv_or_sync_fifo.mem/gbm.gbmg.gbmga.ngecc.bmg/inst_blk_mem_gen/gnbram.gnativebmg.native_blk_mem_gen/valid.cstr/ramloop[0].ram.r/prim_noinit.ram/DEVICE_7SERIES.NO_BMM_INFO.SDP.WIDE_PRIM36_NO_ECC.ram_3[0]) which is driven by a register (U0_ps_ai_wrap_demo/U0_ps_ai_peripheral/ZGolo/u_AI_Mate_top/U0_ddr2hp_itcn/u0_aw_cdc_fifo_ddr/u0_cdc_fifo_aw_616/U0/inst_fifo_gen/gconvfifo.rf/grf.rf/gntv_or_sync_fifo.gl0.rd/gr1.gr1_int.rfwft/empty_fwft_i_reg) that has an active asychronous set or reset. This may cause corruption of the memory contents and/or read values when the set/reset is asserted and is not analyzed by the default static timing analysis. It is suggested to eliminate the use of a set/reset to registers driving this RAMB pin or else use a synchronous reset in which the assertion of the reset is timed by default.
WARNING: [DRC REQP-1839] RAMB36 async control check: The RAMB36E1 U0_ps_ai_wrap_demo/U0_ps_ai_peripheral/ZGolo/u_AI_Mate_top/U0_ddr2hp_itcn/U0_dmux4/U0_aw_axi_fifo/w616d64_fifo.U0_w616d64_fifo/U0/inst_fifo_gen/gconvfifo.rf/grf.rf/gntv_or_sync_fifo.mem/gbm.gbmg.gbmga.ngecc.bmg/inst_blk_mem_gen/gnbram.gnativebmg.native_blk_mem_gen/valid.cstr/ramloop[0].ram.r/prim_noinit.ram/DEVICE_7SERIES.NO_BMM_INFO.SDP.WIDE_PRIM36_NO_ECC.ram has an input control pin U0_ps_ai_wrap_demo/U0_ps_ai_peripheral/ZGolo/u_AI_Mate_top/U0_ddr2hp_itcn/U0_dmux4/U0_aw_axi_fifo/w616d64_fifo.U0_w616d64_fifo/U0/inst_fifo_gen/gconvfifo.rf/grf.rf/gntv_or_sync_fifo.mem/gbm.gbmg.gbmga.ngecc.bmg/inst_blk_mem_gen/gnbram.gnativebmg.native_blk_mem_gen/valid.cstr/ramloop[0].ram.r/prim_noinit.ram/DEVICE_7SERIES.NO_BMM_INFO.SDP.WIDE_PRIM36_NO_ECC.ram/WEBWE[4] (net: U0_ps_ai_wrap_demo/U0_ps_ai_peripheral/ZGolo/u_AI_Mate_top/U0_ddr2hp_itcn/U0_dmux4/U0_aw_axi_fifo/w616d64_fifo.U0_w616d64_fifo/U0/inst_fifo_gen/gconvfifo.rf/grf.rf/gntv_or_sync_fifo.mem/gbm.gbmg.gbmga.ngecc.bmg/inst_blk_mem_gen/gnbram.gnativebmg.native_blk_mem_gen/valid.cstr/ramloop[0].ram.r/prim_noinit.ram/DEVICE_7SERIES.NO_BMM_INFO.SDP.WIDE_PRIM36_NO_ECC.ram_3[0]) which is driven by a register (U0_ps_ai_wrap_demo/U0_ps_ai_peripheral/ZGolo/u_AI_Mate_top/U0_ddr2hp_itcn/u0_aw_cdc_fifo_ddr/u0_cdc_fifo_aw_616/U0/inst_fifo_gen/gconvfifo.rf/grf.rf/gntv_or_sync_fifo.gl0.rd/gr1.gr1_int.rfwft/empty_fwft_i_reg) that has an active asychronous set or reset. This may cause corruption of the memory contents and/or read values when the set/reset is asserted and is not analyzed by the default static timing analysis. It is suggested to eliminate the use of a set/reset to registers driving this RAMB pin or else use a synchronous reset in which the assertion of the reset is timed by default.
WARNING: [DRC REQP-1839] RAMB36 async control check: The RAMB36E1 U0_ps_ai_wrap_demo/U0_ps_ai_peripheral/ZGolo/u_AI_Mate_top/U0_ddr2hp_itcn/U0_dmux4/U0_aw_axi_fifo/w616d64_fifo.U0_w616d64_fifo/U0/inst_fifo_gen/gconvfifo.rf/grf.rf/gntv_or_sync_fifo.mem/gbm.gbmg.gbmga.ngecc.bmg/inst_blk_mem_gen/gnbram.gnativebmg.native_blk_mem_gen/valid.cstr/ramloop[0].ram.r/prim_noinit.ram/DEVICE_7SERIES.NO_BMM_INFO.SDP.WIDE_PRIM36_NO_ECC.ram has an input control pin U0_ps_ai_wrap_demo/U0_ps_ai_peripheral/ZGolo/u_AI_Mate_top/U0_ddr2hp_itcn/U0_dmux4/U0_aw_axi_fifo/w616d64_fifo.U0_w616d64_fifo/U0/inst_fifo_gen/gconvfifo.rf/grf.rf/gntv_or_sync_fifo.mem/gbm.gbmg.gbmga.ngecc.bmg/inst_blk_mem_gen/gnbram.gnativebmg.native_blk_mem_gen/valid.cstr/ramloop[0].ram.r/prim_noinit.ram/DEVICE_7SERIES.NO_BMM_INFO.SDP.WIDE_PRIM36_NO_ECC.ram/WEBWE[5] (net: U0_ps_ai_wrap_demo/U0_ps_ai_peripheral/ZGolo/u_AI_Mate_top/U0_ddr2hp_itcn/U0_dmux4/U0_aw_axi_fifo/w616d64_fifo.U0_w616d64_fifo/U0/inst_fifo_gen/gconvfifo.rf/grf.rf/gntv_or_sync_fifo.mem/gbm.gbmg.gbmga.ngecc.bmg/inst_blk_mem_gen/gnbram.gnativebmg.native_blk_mem_gen/valid.cstr/ramloop[0].ram.r/prim_noinit.ram/DEVICE_7SERIES.NO_BMM_INFO.SDP.WIDE_PRIM36_NO_ECC.ram_3[0]) which is driven by a register (U0_ps_ai_wrap_demo/U0_ps_ai_peripheral/ZGolo/u_AI_Mate_top/U0_ddr2hp_itcn/u0_aw_cdc_fifo_ddr/u0_cdc_fifo_aw_616/U0/inst_fifo_gen/gconvfifo.rf/grf.rf/gntv_or_sync_fifo.gl0.rd/gr1.gr1_int.rfwft/empty_fwft_i_reg) that has an active asychronous set or reset. This may cause corruption of the memory contents and/or read values when the set/reset is asserted and is not analyzed by the default static timing analysis. It is suggested to eliminate the use of a set/reset to registers driving this RAMB pin or else use a synchronous reset in which the assertion of the reset is timed by default.
WARNING: [DRC REQP-1839] RAMB36 async control check: The RAMB36E1 U0_ps_ai_wrap_demo/U0_ps_ai_peripheral/ZGolo/u_AI_Mate_top/U0_ddr2hp_itcn/U0_dmux4/U0_aw_axi_fifo/w616d64_fifo.U0_w616d64_fifo/U0/inst_fifo_gen/gconvfifo.rf/grf.rf/gntv_or_sync_fifo.mem/gbm.gbmg.gbmga.ngecc.bmg/inst_blk_mem_gen/gnbram.gnativebmg.native_blk_mem_gen/valid.cstr/ramloop[0].ram.r/prim_noinit.ram/DEVICE_7SERIES.NO_BMM_INFO.SDP.WIDE_PRIM36_NO_ECC.ram has an input control pin U0_ps_ai_wrap_demo/U0_ps_ai_peripheral/ZGolo/u_AI_Mate_top/U0_ddr2hp_itcn/U0_dmux4/U0_aw_axi_fifo/w616d64_fifo.U0_w616d64_fifo/U0/inst_fifo_gen/gconvfifo.rf/grf.rf/gntv_or_sync_fifo.mem/gbm.gbmg.gbmga.ngecc.bmg/inst_blk_mem_gen/gnbram.gnativebmg.native_blk_mem_gen/valid.cstr/ramloop[0].ram.r/prim_noinit.ram/DEVICE_7SERIES.NO_BMM_INFO.SDP.WIDE_PRIM36_NO_ECC.ram/WEBWE[6] (net: U0_ps_ai_wrap_demo/U0_ps_ai_peripheral/ZGolo/u_AI_Mate_top/U0_ddr2hp_itcn/U0_dmux4/U0_aw_axi_fifo/w616d64_fifo.U0_w616d64_fifo/U0/inst_fifo_gen/gconvfifo.rf/grf.rf/gntv_or_sync_fifo.mem/gbm.gbmg.gbmga.ngecc.bmg/inst_blk_mem_gen/gnbram.gnativebmg.native_blk_mem_gen/valid.cstr/ramloop[0].ram.r/prim_noinit.ram/DEVICE_7SERIES.NO_BMM_INFO.SDP.WIDE_PRIM36_NO_ECC.ram_3[0]) which is driven by a register (U0_ps_ai_wrap_demo/U0_ps_ai_peripheral/ZGolo/u_AI_Mate_top/U0_ddr2hp_itcn/u0_aw_cdc_fifo_ddr/u0_cdc_fifo_aw_616/U0/inst_fifo_gen/gconvfifo.rf/grf.rf/gntv_or_sync_fifo.gl0.rd/gr1.gr1_int.rfwft/empty_fwft_i_reg) that has an active asychronous set or reset. This may cause corruption of the memory contents and/or read values when the set/reset is asserted and is not analyzed by the default static timing analysis. It is suggested to eliminate the use of a set/reset to registers driving this RAMB pin or else use a synchronous reset in which the assertion of the reset is timed by default.
WARNING: [DRC REQP-1839] RAMB36 async control check: The RAMB36E1 U0_ps_ai_wrap_demo/U0_ps_ai_peripheral/ZGolo/u_AI_Mate_top/U0_ddr2hp_itcn/U0_dmux4/U0_aw_axi_fifo/w616d64_fifo.U0_w616d64_fifo/U0/inst_fifo_gen/gconvfifo.rf/grf.rf/gntv_or_sync_fifo.mem/gbm.gbmg.gbmga.ngecc.bmg/inst_blk_mem_gen/gnbram.gnativebmg.native_blk_mem_gen/valid.cstr/ramloop[0].ram.r/prim_noinit.ram/DEVICE_7SERIES.NO_BMM_INFO.SDP.WIDE_PRIM36_NO_ECC.ram has an input control pin U0_ps_ai_wrap_demo/U0_ps_ai_peripheral/ZGolo/u_AI_Mate_top/U0_ddr2hp_itcn/U0_dmux4/U0_aw_axi_fifo/w616d64_fifo.U0_w616d64_fifo/U0/inst_fifo_gen/gconvfifo.rf/grf.rf/gntv_or_sync_fifo.mem/gbm.gbmg.gbmga.ngecc.bmg/inst_blk_mem_gen/gnbram.gnativebmg.native_blk_mem_gen/valid.cstr/ramloop[0].ram.r/prim_noinit.ram/DEVICE_7SERIES.NO_BMM_INFO.SDP.WIDE_PRIM36_NO_ECC.ram/WEBWE[7] (net: U0_ps_ai_wrap_demo/U0_ps_ai_peripheral/ZGolo/u_AI_Mate_top/U0_ddr2hp_itcn/U0_dmux4/U0_aw_axi_fifo/w616d64_fifo.U0_w616d64_fifo/U0/inst_fifo_gen/gconvfifo.rf/grf.rf/gntv_or_sync_fifo.mem/gbm.gbmg.gbmga.ngecc.bmg/inst_blk_mem_gen/gnbram.gnativebmg.native_blk_mem_gen/valid.cstr/ramloop[0].ram.r/prim_noinit.ram/DEVICE_7SERIES.NO_BMM_INFO.SDP.WIDE_PRIM36_NO_ECC.ram_3[0]) which is driven by a register (U0_ps_ai_wrap_demo/U0_ps_ai_peripheral/ZGolo/u_AI_Mate_top/U0_ddr2hp_itcn/u0_aw_cdc_fifo_ddr/u0_cdc_fifo_aw_616/U0/inst_fifo_gen/gconvfifo.rf/grf.rf/gntv_or_sync_fifo.gl0.rd/gr1.gr1_int.rfwft/empty_fwft_i_reg) that has an active asychronous set or reset. This may cause corruption of the memory contents and/or read values when the set/reset is asserted and is not analyzed by the default static timing analysis. It is suggested to eliminate the use of a set/reset to registers driving this RAMB pin or else use a synchronous reset in which the assertion of the reset is timed by default.
WARNING: [DRC REQP-1839] RAMB36 async control check: The RAMB36E1 U0_ps_ai_wrap_demo/U0_ps_ai_peripheral/ZGolo/u_AI_Mate_top/U0_ddr2hp_itcn/U0_dmux4/U0_aw_axi_fifo/w616d64_fifo.U0_w616d64_fifo/U0/inst_fifo_gen/gconvfifo.rf/grf.rf/gntv_or_sync_fifo.mem/gbm.gbmg.gbmga.ngecc.bmg/inst_blk_mem_gen/gnbram.gnativebmg.native_blk_mem_gen/valid.cstr/ramloop[1].ram.r/prim_noinit.ram/DEVICE_7SERIES.NO_BMM_INFO.SDP.WIDE_PRIM36_NO_ECC.ram has an input control pin U0_ps_ai_wrap_demo/U0_ps_ai_peripheral/ZGolo/u_AI_Mate_top/U0_ddr2hp_itcn/U0_dmux4/U0_aw_axi_fifo/w616d64_fifo.U0_w616d64_fifo/U0/inst_fifo_gen/gconvfifo.rf/grf.rf/gntv_or_sync_fifo.mem/gbm.gbmg.gbmga.ngecc.bmg/inst_blk_mem_gen/gnbram.gnativebmg.native_blk_mem_gen/valid.cstr/ramloop[1].ram.r/prim_noinit.ram/DEVICE_7SERIES.NO_BMM_INFO.SDP.WIDE_PRIM36_NO_ECC.ram/ENARDEN (net: U0_ps_ai_wrap_demo/U0_ps_ai_peripheral/ZGolo/u_AI_Mate_top/U0_ddr2hp_itcn/U0_dmux4/U0_aw_axi_fifo/w616d64_fifo.U0_w616d64_fifo/U0/inst_fifo_gen/gconvfifo.rf/grf.rf/gntv_or_sync_fifo.mem/gbm.gbmg.gbmga.ngecc.bmg/inst_blk_mem_gen/gnbram.gnativebmg.native_blk_mem_gen/valid.cstr/ramloop[1].ram.r/prim_noinit.ram/tmp_ram_rd_en) which is driven by a register (U0_ps_ai_wrap_demo/U0_ps_ai_peripheral/ZGolo/u_AI_Mate_top/clkrst_wrapper_u0/u_sync_hp0_clk_rst/reset_2d_reg) that has an active asychronous set or reset. This may cause corruption of the memory contents and/or read values when the set/reset is asserted and is not analyzed by the default static timing analysis. It is suggested to eliminate the use of a set/reset to registers driving this RAMB pin or else use a synchronous reset in which the assertion of the reset is timed by default.
WARNING: [DRC REQP-1839] RAMB36 async control check: The RAMB36E1 U0_ps_ai_wrap_demo/U0_ps_ai_peripheral/ZGolo/u_AI_Mate_top/U0_ddr2hp_itcn/U0_dmux4/U0_aw_axi_fifo/w616d64_fifo.U0_w616d64_fifo/U0/inst_fifo_gen/gconvfifo.rf/grf.rf/gntv_or_sync_fifo.mem/gbm.gbmg.gbmga.ngecc.bmg/inst_blk_mem_gen/gnbram.gnativebmg.native_blk_mem_gen/valid.cstr/ramloop[1].ram.r/prim_noinit.ram/DEVICE_7SERIES.NO_BMM_INFO.SDP.WIDE_PRIM36_NO_ECC.ram has an input control pin U0_ps_ai_wrap_demo/U0_ps_ai_peripheral/ZGolo/u_AI_Mate_top/U0_ddr2hp_itcn/U0_dmux4/U0_aw_axi_fifo/w616d64_fifo.U0_w616d64_fifo/U0/inst_fifo_gen/gconvfifo.rf/grf.rf/gntv_or_sync_fifo.mem/gbm.gbmg.gbmga.ngecc.bmg/inst_blk_mem_gen/gnbram.gnativebmg.native_blk_mem_gen/valid.cstr/ramloop[1].ram.r/prim_noinit.ram/DEVICE_7SERIES.NO_BMM_INFO.SDP.WIDE_PRIM36_NO_ECC.ram/ENBWREN (net: U0_ps_ai_wrap_demo/U0_ps_ai_peripheral/ZGolo/u_AI_Mate_top/U0_ddr2hp_itcn/U0_dmux4/U0_aw_axi_fifo/w616d64_fifo.U0_w616d64_fifo/U0/inst_fifo_gen/gconvfifo.rf/grf.rf/gntv_or_sync_fifo.mem/gbm.gbmg.gbmga.ngecc.bmg/inst_blk_mem_gen/gnbram.gnativebmg.native_blk_mem_gen/valid.cstr/ramloop[1].ram.r/prim_noinit.ram/DEVICE_7SERIES.NO_BMM_INFO.SDP.WIDE_PRIM36_NO_ECC.ram_0[0]) which is driven by a register (U0_ps_ai_wrap_demo/U0_ps_ai_peripheral/ZGolo/u_AI_Mate_top/U0_ddr2hp_itcn/u0_aw_cdc_fifo_ddr/u0_cdc_fifo_aw_616/U0/inst_fifo_gen/gconvfifo.rf/grf.rf/gntv_or_sync_fifo.gl0.rd/gr1.gr1_int.rfwft/empty_fwft_i_reg) that has an active asychronous set or reset. This may cause corruption of the memory contents and/or read values when the set/reset is asserted and is not analyzed by the default static timing analysis. It is suggested to eliminate the use of a set/reset to registers driving this RAMB pin or else use a synchronous reset in which the assertion of the reset is timed by default.
WARNING: [DRC REQP-1839] RAMB36 async control check: The RAMB36E1 U0_ps_ai_wrap_demo/U0_ps_ai_peripheral/ZGolo/u_AI_Mate_top/U0_ddr2hp_itcn/U0_dmux4/U0_aw_axi_fifo/w616d64_fifo.U0_w616d64_fifo/U0/inst_fifo_gen/gconvfifo.rf/grf.rf/gntv_or_sync_fifo.mem/gbm.gbmg.gbmga.ngecc.bmg/inst_blk_mem_gen/gnbram.gnativebmg.native_blk_mem_gen/valid.cstr/ramloop[1].ram.r/prim_noinit.ram/DEVICE_7SERIES.NO_BMM_INFO.SDP.WIDE_PRIM36_NO_ECC.ram has an input control pin U0_ps_ai_wrap_demo/U0_ps_ai_peripheral/ZGolo/u_AI_Mate_top/U0_ddr2hp_itcn/U0_dmux4/U0_aw_axi_fifo/w616d64_fifo.U0_w616d64_fifo/U0/inst_fifo_gen/gconvfifo.rf/grf.rf/gntv_or_sync_fifo.mem/gbm.gbmg.gbmga.ngecc.bmg/inst_blk_mem_gen/gnbram.gnativebmg.native_blk_mem_gen/valid.cstr/ramloop[1].ram.r/prim_noinit.ram/DEVICE_7SERIES.NO_BMM_INFO.SDP.WIDE_PRIM36_NO_ECC.ram/RSTRAMARSTRAM (net: U0_ps_ai_wrap_demo/U0_ps_ai_peripheral/ZGolo/u_AI_Mate_top/U0_ddr2hp_itcn/U0_dmux4/U0_aw_axi_fifo/w616d64_fifo.U0_w616d64_fifo/U0/inst_fifo_gen/gconvfifo.rf/grf.rf/gntv_or_sync_fifo.mem/gbm.gbmg.gbmga.ngecc.bmg/inst_blk_mem_gen/gnbram.gnativebmg.native_blk_mem_gen/valid.cstr/ramloop[1].ram.r/prim_noinit.ram/srst) which is driven by a register (U0_ps_ai_wrap_demo/U0_ps_ai_peripheral/ZGolo/u_AI_Mate_top/clkrst_wrapper_u0/u_sync_hp0_clk_rst/reset_2d_reg) that has an active asychronous set or reset. This may cause corruption of the memory contents and/or read values when the set/reset is asserted and is not analyzed by the default static timing analysis. It is suggested to eliminate the use of a set/reset to registers driving this RAMB pin or else use a synchronous reset in which the assertion of the reset is timed by default.
WARNING: [DRC REQP-1839] RAMB36 async control check: The RAMB36E1 U0_ps_ai_wrap_demo/U0_ps_ai_peripheral/ZGolo/u_AI_Mate_top/U0_ddr2hp_itcn/U0_dmux4/U0_aw_axi_fifo/w616d64_fifo.U0_w616d64_fifo/U0/inst_fifo_gen/gconvfifo.rf/grf.rf/gntv_or_sync_fifo.mem/gbm.gbmg.gbmga.ngecc.bmg/inst_blk_mem_gen/gnbram.gnativebmg.native_blk_mem_gen/valid.cstr/ramloop[1].ram.r/prim_noinit.ram/DEVICE_7SERIES.NO_BMM_INFO.SDP.WIDE_PRIM36_NO_ECC.ram has an input control pin U0_ps_ai_wrap_demo/U0_ps_ai_peripheral/ZGolo/u_AI_Mate_top/U0_ddr2hp_itcn/U0_dmux4/U0_aw_axi_fifo/w616d64_fifo.U0_w616d64_fifo/U0/inst_fifo_gen/gconvfifo.rf/grf.rf/gntv_or_sync_fifo.mem/gbm.gbmg.gbmga.ngecc.bmg/inst_blk_mem_gen/gnbram.gnativebmg.native_blk_mem_gen/valid.cstr/ramloop[1].ram.r/prim_noinit.ram/DEVICE_7SERIES.NO_BMM_INFO.SDP.WIDE_PRIM36_NO_ECC.ram/WEBWE[2] (net: U0_ps_ai_wrap_demo/U0_ps_ai_peripheral/ZGolo/u_AI_Mate_top/U0_ddr2hp_itcn/U0_dmux4/U0_aw_axi_fifo/w616d64_fifo.U0_w616d64_fifo/U0/inst_fifo_gen/gconvfifo.rf/grf.rf/gntv_or_sync_fifo.mem/gbm.gbmg.gbmga.ngecc.bmg/inst_blk_mem_gen/gnbram.gnativebmg.native_blk_mem_gen/valid.cstr/ramloop[1].ram.r/prim_noinit.ram/DEVICE_7SERIES.NO_BMM_INFO.SDP.WIDE_PRIM36_NO_ECC.ram_3[0]) which is driven by a register (U0_ps_ai_wrap_demo/U0_ps_ai_peripheral/ZGolo/u_AI_Mate_top/U0_ddr2hp_itcn/u0_aw_cdc_fifo_ddr/u0_cdc_fifo_aw_616/U0/inst_fifo_gen/gconvfifo.rf/grf.rf/gntv_or_sync_fifo.gl0.rd/gr1.gr1_int.rfwft/empty_fwft_i_reg) that has an active asychronous set or reset. This may cause corruption of the memory contents and/or read values when the set/reset is asserted and is not analyzed by the default static timing analysis. It is suggested to eliminate the use of a set/reset to registers driving this RAMB pin or else use a synchronous reset in which the assertion of the reset is timed by default.
WARNING: [DRC REQP-1839] RAMB36 async control check: The RAMB36E1 U0_ps_ai_wrap_demo/U0_ps_ai_peripheral/ZGolo/u_AI_Mate_top/U0_ddr2hp_itcn/U0_dmux4/U0_aw_axi_fifo/w616d64_fifo.U0_w616d64_fifo/U0/inst_fifo_gen/gconvfifo.rf/grf.rf/gntv_or_sync_fifo.mem/gbm.gbmg.gbmga.ngecc.bmg/inst_blk_mem_gen/gnbram.gnativebmg.native_blk_mem_gen/valid.cstr/ramloop[1].ram.r/prim_noinit.ram/DEVICE_7SERIES.NO_BMM_INFO.SDP.WIDE_PRIM36_NO_ECC.ram has an input control pin U0_ps_ai_wrap_demo/U0_ps_ai_peripheral/ZGolo/u_AI_Mate_top/U0_ddr2hp_itcn/U0_dmux4/U0_aw_axi_fifo/w616d64_fifo.U0_w616d64_fifo/U0/inst_fifo_gen/gconvfifo.rf/grf.rf/gntv_or_sync_fifo.mem/gbm.gbmg.gbmga.ngecc.bmg/inst_blk_mem_gen/gnbram.gnativebmg.native_blk_mem_gen/valid.cstr/ramloop[1].ram.r/prim_noinit.ram/DEVICE_7SERIES.NO_BMM_INFO.SDP.WIDE_PRIM36_NO_ECC.ram/WEBWE[3] (net: U0_ps_ai_wrap_demo/U0_ps_ai_peripheral/ZGolo/u_AI_Mate_top/U0_ddr2hp_itcn/U0_dmux4/U0_aw_axi_fifo/w616d64_fifo.U0_w616d64_fifo/U0/inst_fifo_gen/gconvfifo.rf/grf.rf/gntv_or_sync_fifo.mem/gbm.gbmg.gbmga.ngecc.bmg/inst_blk_mem_gen/gnbram.gnativebmg.native_blk_mem_gen/valid.cstr/ramloop[1].ram.r/prim_noinit.ram/DEVICE_7SERIES.NO_BMM_INFO.SDP.WIDE_PRIM36_NO_ECC.ram_3[0]) which is driven by a register (U0_ps_ai_wrap_demo/U0_ps_ai_peripheral/ZGolo/u_AI_Mate_top/U0_ddr2hp_itcn/u0_aw_cdc_fifo_ddr/u0_cdc_fifo_aw_616/U0/inst_fifo_gen/gconvfifo.rf/grf.rf/gntv_or_sync_fifo.gl0.rd/gr1.gr1_int.rfwft/empty_fwft_i_reg) that has an active asychronous set or reset. This may cause corruption of the memory contents and/or read values when the set/reset is asserted and is not analyzed by the default static timing analysis. It is suggested to eliminate the use of a set/reset to registers driving this RAMB pin or else use a synchronous reset in which the assertion of the reset is timed by default.
WARNING: [DRC REQP-1839] RAMB36 async control check: The RAMB36E1 U0_ps_ai_wrap_demo/U0_ps_ai_peripheral/ZGolo/u_AI_Mate_top/U0_ddr2hp_itcn/U0_dmux4/U0_aw_axi_fifo/w616d64_fifo.U0_w616d64_fifo/U0/inst_fifo_gen/gconvfifo.rf/grf.rf/gntv_or_sync_fifo.mem/gbm.gbmg.gbmga.ngecc.bmg/inst_blk_mem_gen/gnbram.gnativebmg.native_blk_mem_gen/valid.cstr/ramloop[1].ram.r/prim_noinit.ram/DEVICE_7SERIES.NO_BMM_INFO.SDP.WIDE_PRIM36_NO_ECC.ram has an input control pin U0_ps_ai_wrap_demo/U0_ps_ai_peripheral/ZGolo/u_AI_Mate_top/U0_ddr2hp_itcn/U0_dmux4/U0_aw_axi_fifo/w616d64_fifo.U0_w616d64_fifo/U0/inst_fifo_gen/gconvfifo.rf/grf.rf/gntv_or_sync_fifo.mem/gbm.gbmg.gbmga.ngecc.bmg/inst_blk_mem_gen/gnbram.gnativebmg.native_blk_mem_gen/valid.cstr/ramloop[1].ram.r/prim_noinit.ram/DEVICE_7SERIES.NO_BMM_INFO.SDP.WIDE_PRIM36_NO_ECC.ram/WEBWE[4] (net: U0_ps_ai_wrap_demo/U0_ps_ai_peripheral/ZGolo/u_AI_Mate_top/U0_ddr2hp_itcn/U0_dmux4/U0_aw_axi_fifo/w616d64_fifo.U0_w616d64_fifo/U0/inst_fifo_gen/gconvfifo.rf/grf.rf/gntv_or_sync_fifo.mem/gbm.gbmg.gbmga.ngecc.bmg/inst_blk_mem_gen/gnbram.gnativebmg.native_blk_mem_gen/valid.cstr/ramloop[1].ram.r/prim_noinit.ram/DEVICE_7SERIES.NO_BMM_INFO.SDP.WIDE_PRIM36_NO_ECC.ram_3[0]) which is driven by a register (U0_ps_ai_wrap_demo/U0_ps_ai_peripheral/ZGolo/u_AI_Mate_top/U0_ddr2hp_itcn/u0_aw_cdc_fifo_ddr/u0_cdc_fifo_aw_616/U0/inst_fifo_gen/gconvfifo.rf/grf.rf/gntv_or_sync_fifo.gl0.rd/gr1.gr1_int.rfwft/empty_fwft_i_reg) that has an active asychronous set or reset. This may cause corruption of the memory contents and/or read values when the set/reset is asserted and is not analyzed by the default static timing analysis. It is suggested to eliminate the use of a set/reset to registers driving this RAMB pin or else use a synchronous reset in which the assertion of the reset is timed by default.
WARNING: [DRC REQP-1839] RAMB36 async control check: The RAMB36E1 U0_ps_ai_wrap_demo/U0_ps_ai_peripheral/ZGolo/u_AI_Mate_top/U0_ddr2hp_itcn/U0_dmux4/U0_aw_axi_fifo/w616d64_fifo.U0_w616d64_fifo/U0/inst_fifo_gen/gconvfifo.rf/grf.rf/gntv_or_sync_fifo.mem/gbm.gbmg.gbmga.ngecc.bmg/inst_blk_mem_gen/gnbram.gnativebmg.native_blk_mem_gen/valid.cstr/ramloop[1].ram.r/prim_noinit.ram/DEVICE_7SERIES.NO_BMM_INFO.SDP.WIDE_PRIM36_NO_ECC.ram has an input control pin U0_ps_ai_wrap_demo/U0_ps_ai_peripheral/ZGolo/u_AI_Mate_top/U0_ddr2hp_itcn/U0_dmux4/U0_aw_axi_fifo/w616d64_fifo.U0_w616d64_fifo/U0/inst_fifo_gen/gconvfifo.rf/grf.rf/gntv_or_sync_fifo.mem/gbm.gbmg.gbmga.ngecc.bmg/inst_blk_mem_gen/gnbram.gnativebmg.native_blk_mem_gen/valid.cstr/ramloop[1].ram.r/prim_noinit.ram/DEVICE_7SERIES.NO_BMM_INFO.SDP.WIDE_PRIM36_NO_ECC.ram/WEBWE[5] (net: U0_ps_ai_wrap_demo/U0_ps_ai_peripheral/ZGolo/u_AI_Mate_top/U0_ddr2hp_itcn/U0_dmux4/U0_aw_axi_fifo/w616d64_fifo.U0_w616d64_fifo/U0/inst_fifo_gen/gconvfifo.rf/grf.rf/gntv_or_sync_fifo.mem/gbm.gbmg.gbmga.ngecc.bmg/inst_blk_mem_gen/gnbram.gnativebmg.native_blk_mem_gen/valid.cstr/ramloop[1].ram.r/prim_noinit.ram/DEVICE_7SERIES.NO_BMM_INFO.SDP.WIDE_PRIM36_NO_ECC.ram_3[0]) which is driven by a register (U0_ps_ai_wrap_demo/U0_ps_ai_peripheral/ZGolo/u_AI_Mate_top/U0_ddr2hp_itcn/u0_aw_cdc_fifo_ddr/u0_cdc_fifo_aw_616/U0/inst_fifo_gen/gconvfifo.rf/grf.rf/gntv_or_sync_fifo.gl0.rd/gr1.gr1_int.rfwft/empty_fwft_i_reg) that has an active asychronous set or reset. This may cause corruption of the memory contents and/or read values when the set/reset is asserted and is not analyzed by the default static timing analysis. It is suggested to eliminate the use of a set/reset to registers driving this RAMB pin or else use a synchronous reset in which the assertion of the reset is timed by default.
WARNING: [DRC REQP-1839] RAMB36 async control check: The RAMB36E1 U0_ps_ai_wrap_demo/U0_ps_ai_peripheral/ZGolo/u_AI_Mate_top/U0_ddr2hp_itcn/U0_dmux4/U0_aw_axi_fifo/w616d64_fifo.U0_w616d64_fifo/U0/inst_fifo_gen/gconvfifo.rf/grf.rf/gntv_or_sync_fifo.mem/gbm.gbmg.gbmga.ngecc.bmg/inst_blk_mem_gen/gnbram.gnativebmg.native_blk_mem_gen/valid.cstr/ramloop[1].ram.r/prim_noinit.ram/DEVICE_7SERIES.NO_BMM_INFO.SDP.WIDE_PRIM36_NO_ECC.ram has an input control pin U0_ps_ai_wrap_demo/U0_ps_ai_peripheral/ZGolo/u_AI_Mate_top/U0_ddr2hp_itcn/U0_dmux4/U0_aw_axi_fifo/w616d64_fifo.U0_w616d64_fifo/U0/inst_fifo_gen/gconvfifo.rf/grf.rf/gntv_or_sync_fifo.mem/gbm.gbmg.gbmga.ngecc.bmg/inst_blk_mem_gen/gnbram.gnativebmg.native_blk_mem_gen/valid.cstr/ramloop[1].ram.r/prim_noinit.ram/DEVICE_7SERIES.NO_BMM_INFO.SDP.WIDE_PRIM36_NO_ECC.ram/WEBWE[6] (net: U0_ps_ai_wrap_demo/U0_ps_ai_peripheral/ZGolo/u_AI_Mate_top/U0_ddr2hp_itcn/U0_dmux4/U0_aw_axi_fifo/w616d64_fifo.U0_w616d64_fifo/U0/inst_fifo_gen/gconvfifo.rf/grf.rf/gntv_or_sync_fifo.mem/gbm.gbmg.gbmga.ngecc.bmg/inst_blk_mem_gen/gnbram.gnativebmg.native_blk_mem_gen/valid.cstr/ramloop[1].ram.r/prim_noinit.ram/DEVICE_7SERIES.NO_BMM_INFO.SDP.WIDE_PRIM36_NO_ECC.ram_3[0]) which is driven by a register (U0_ps_ai_wrap_demo/U0_ps_ai_peripheral/ZGolo/u_AI_Mate_top/U0_ddr2hp_itcn/u0_aw_cdc_fifo_ddr/u0_cdc_fifo_aw_616/U0/inst_fifo_gen/gconvfifo.rf/grf.rf/gntv_or_sync_fifo.gl0.rd/gr1.gr1_int.rfwft/empty_fwft_i_reg) that has an active asychronous set or reset. This may cause corruption of the memory contents and/or read values when the set/reset is asserted and is not analyzed by the default static timing analysis. It is suggested to eliminate the use of a set/reset to registers driving this RAMB pin or else use a synchronous reset in which the assertion of the reset is timed by default.
WARNING: [DRC REQP-1839] RAMB36 async control check: The RAMB36E1 U0_ps_ai_wrap_demo/U0_ps_ai_peripheral/ZGolo/u_AI_Mate_top/U0_ddr2hp_itcn/U0_dmux4/U0_aw_axi_fifo/w616d64_fifo.U0_w616d64_fifo/U0/inst_fifo_gen/gconvfifo.rf/grf.rf/gntv_or_sync_fifo.mem/gbm.gbmg.gbmga.ngecc.bmg/inst_blk_mem_gen/gnbram.gnativebmg.native_blk_mem_gen/valid.cstr/ramloop[1].ram.r/prim_noinit.ram/DEVICE_7SERIES.NO_BMM_INFO.SDP.WIDE_PRIM36_NO_ECC.ram has an input control pin U0_ps_ai_wrap_demo/U0_ps_ai_peripheral/ZGolo/u_AI_Mate_top/U0_ddr2hp_itcn/U0_dmux4/U0_aw_axi_fifo/w616d64_fifo.U0_w616d64_fifo/U0/inst_fifo_gen/gconvfifo.rf/grf.rf/gntv_or_sync_fifo.mem/gbm.gbmg.gbmga.ngecc.bmg/inst_blk_mem_gen/gnbram.gnativebmg.native_blk_mem_gen/valid.cstr/ramloop[1].ram.r/prim_noinit.ram/DEVICE_7SERIES.NO_BMM_INFO.SDP.WIDE_PRIM36_NO_ECC.ram/WEBWE[7] (net: U0_ps_ai_wrap_demo/U0_ps_ai_peripheral/ZGolo/u_AI_Mate_top/U0_ddr2hp_itcn/U0_dmux4/U0_aw_axi_fifo/w616d64_fifo.U0_w616d64_fifo/U0/inst_fifo_gen/gconvfifo.rf/grf.rf/gntv_or_sync_fifo.mem/gbm.gbmg.gbmga.ngecc.bmg/inst_blk_mem_gen/gnbram.gnativebmg.native_blk_mem_gen/valid.cstr/ramloop[1].ram.r/prim_noinit.ram/DEVICE_7SERIES.NO_BMM_INFO.SDP.WIDE_PRIM36_NO_ECC.ram_3[0]) which is driven by a register (U0_ps_ai_wrap_demo/U0_ps_ai_peripheral/ZGolo/u_AI_Mate_top/U0_ddr2hp_itcn/u0_aw_cdc_fifo_ddr/u0_cdc_fifo_aw_616/U0/inst_fifo_gen/gconvfifo.rf/grf.rf/gntv_or_sync_fifo.gl0.rd/gr1.gr1_int.rfwft/empty_fwft_i_reg) that has an active asychronous set or reset. This may cause corruption of the memory contents and/or read values when the set/reset is asserted and is not analyzed by the default static timing analysis. It is suggested to eliminate the use of a set/reset to registers driving this RAMB pin or else use a synchronous reset in which the assertion of the reset is timed by default.
WARNING: [DRC REQP-1840] RAMB18 async control check: The RAMB18E1 U0_ps_ai_wrap_demo/U0_ps_ai_peripheral/ZGolo/u_AI_Mate_top/U0_ddr2hp_itcn/U0_dmux4/U0_ar_axi_fifo/w32d64_fifo.U0_w32d64_fifo/U0/inst_fifo_gen/gconvfifo.rf/grf.rf/gntv_or_sync_fifo.mem/gbm.gbmg.gbmga.ngecc.bmg/inst_blk_mem_gen/gnbram.gnativebmg.native_blk_mem_gen/valid.cstr/ramloop[0].ram.r/prim_noinit.ram/DEVICE_7SERIES.NO_BMM_INFO.SDP.WIDE_PRIM18.ram has an input control pin U0_ps_ai_wrap_demo/U0_ps_ai_peripheral/ZGolo/u_AI_Mate_top/U0_ddr2hp_itcn/U0_dmux4/U0_ar_axi_fifo/w32d64_fifo.U0_w32d64_fifo/U0/inst_fifo_gen/gconvfifo.rf/grf.rf/gntv_or_sync_fifo.mem/gbm.gbmg.gbmga.ngecc.bmg/inst_blk_mem_gen/gnbram.gnativebmg.native_blk_mem_gen/valid.cstr/ramloop[0].ram.r/prim_noinit.ram/DEVICE_7SERIES.NO_BMM_INFO.SDP.WIDE_PRIM18.ram/ENARDEN (net: U0_ps_ai_wrap_demo/U0_ps_ai_peripheral/ZGolo/u_AI_Mate_top/U0_ddr2hp_itcn/U0_dmux4/U0_ar_axi_fifo/w32d64_fifo.U0_w32d64_fifo/U0/inst_fifo_gen/gconvfifo.rf/grf.rf/gntv_or_sync_fifo.mem/gbm.gbmg.gbmga.ngecc.bmg/inst_blk_mem_gen/gnbram.gnativebmg.native_blk_mem_gen/valid.cstr/ramloop[0].ram.r/prim_noinit.ram/tmp_ram_rd_en) which is driven by a register (U0_ps_ai_wrap_demo/U0_ps_ai_peripheral/ZGolo/u_AI_Mate_top/clkrst_wrapper_u0/u_sync_hp0_clk_rst/reset_2d_reg) that has an active asychronous set or reset. This may cause corruption of the memory contents and/or read values when the set/reset is asserted and is not analyzed by the default static timing analysis. It is suggested to eliminate the use of a set/reset to registers driving this RAMB pin or else use a synchronous reset in which the assertion of the reset is timed by default.
WARNING: [DRC REQP-1840] RAMB18 async control check: The RAMB18E1 U0_ps_ai_wrap_demo/U0_ps_ai_peripheral/ZGolo/u_AI_Mate_top/U0_ddr2hp_itcn/U0_dmux4/U0_ar_axi_fifo/w32d64_fifo.U0_w32d64_fifo/U0/inst_fifo_gen/gconvfifo.rf/grf.rf/gntv_or_sync_fifo.mem/gbm.gbmg.gbmga.ngecc.bmg/inst_blk_mem_gen/gnbram.gnativebmg.native_blk_mem_gen/valid.cstr/ramloop[0].ram.r/prim_noinit.ram/DEVICE_7SERIES.NO_BMM_INFO.SDP.WIDE_PRIM18.ram has an input control pin U0_ps_ai_wrap_demo/U0_ps_ai_peripheral/ZGolo/u_AI_Mate_top/U0_ddr2hp_itcn/U0_dmux4/U0_ar_axi_fifo/w32d64_fifo.U0_w32d64_fifo/U0/inst_fifo_gen/gconvfifo.rf/grf.rf/gntv_or_sync_fifo.mem/gbm.gbmg.gbmga.ngecc.bmg/inst_blk_mem_gen/gnbram.gnativebmg.native_blk_mem_gen/valid.cstr/ramloop[0].ram.r/prim_noinit.ram/DEVICE_7SERIES.NO_BMM_INFO.SDP.WIDE_PRIM18.ram/ENBWREN (net: U0_ps_ai_wrap_demo/U0_ps_ai_peripheral/ZGolo/u_AI_Mate_top/U0_ddr2hp_itcn/U0_dmux4/U0_ar_axi_fifo/w32d64_fifo.U0_w32d64_fifo/U0/inst_fifo_gen/gconvfifo.rf/grf.rf/gntv_or_sync_fifo.mem/gbm.gbmg.gbmga.ngecc.bmg/inst_blk_mem_gen/gnbram.gnativebmg.native_blk_mem_gen/valid.cstr/ramloop[0].ram.r/prim_noinit.ram/E[0]) which is driven by a register (U0_ps_ai_wrap_demo/U0_ps_ai_peripheral/ZGolo/u_AI_Mate_top/U0_ddr2hp_itcn/u0_ar_cdc_fifo_ddr/u0_cdc_fifo_ar_64/U0/inst_fifo_gen/gconvfifo.rf/grf.rf/gntv_or_sync_fifo.gl0.rd/gr1.gr1_int.rfwft/empty_fwft_i_reg) that has an active asychronous set or reset. This may cause corruption of the memory contents and/or read values when the set/reset is asserted and is not analyzed by the default static timing analysis. It is suggested to eliminate the use of a set/reset to registers driving this RAMB pin or else use a synchronous reset in which the assertion of the reset is timed by default.
WARNING: [DRC REQP-1840] RAMB18 async control check: The RAMB18E1 U0_ps_ai_wrap_demo/U0_ps_ai_peripheral/ZGolo/u_AI_Mate_top/U0_ddr2hp_itcn/U0_dmux4/U0_ar_axi_fifo/w32d64_fifo.U0_w32d64_fifo/U0/inst_fifo_gen/gconvfifo.rf/grf.rf/gntv_or_sync_fifo.mem/gbm.gbmg.gbmga.ngecc.bmg/inst_blk_mem_gen/gnbram.gnativebmg.native_blk_mem_gen/valid.cstr/ramloop[0].ram.r/prim_noinit.ram/DEVICE_7SERIES.NO_BMM_INFO.SDP.WIDE_PRIM18.ram has an input control pin U0_ps_ai_wrap_demo/U0_ps_ai_peripheral/ZGolo/u_AI_Mate_top/U0_ddr2hp_itcn/U0_dmux4/U0_ar_axi_fifo/w32d64_fifo.U0_w32d64_fifo/U0/inst_fifo_gen/gconvfifo.rf/grf.rf/gntv_or_sync_fifo.mem/gbm.gbmg.gbmga.ngecc.bmg/inst_blk_mem_gen/gnbram.gnativebmg.native_blk_mem_gen/valid.cstr/ramloop[0].ram.r/prim_noinit.ram/DEVICE_7SERIES.NO_BMM_INFO.SDP.WIDE_PRIM18.ram/RSTRAMARSTRAM (net: U0_ps_ai_wrap_demo/U0_ps_ai_peripheral/ZGolo/u_AI_Mate_top/U0_ddr2hp_itcn/U0_dmux4/U0_ar_axi_fifo/w32d64_fifo.U0_w32d64_fifo/U0/inst_fifo_gen/gconvfifo.rf/grf.rf/gntv_or_sync_fifo.mem/gbm.gbmg.gbmga.ngecc.bmg/inst_blk_mem_gen/gnbram.gnativebmg.native_blk_mem_gen/valid.cstr/ramloop[0].ram.r/prim_noinit.ram/srst) which is driven by a register (U0_ps_ai_wrap_demo/U0_ps_ai_peripheral/ZGolo/u_AI_Mate_top/clkrst_wrapper_u0/u_sync_hp0_clk_rst/reset_2d_reg) that has an active asychronous set or reset. This may cause corruption of the memory contents and/or read values when the set/reset is asserted and is not analyzed by the default static timing analysis. It is suggested to eliminate the use of a set/reset to registers driving this RAMB pin or else use a synchronous reset in which the assertion of the reset is timed by default.
WARNING: [DRC REQP-1840] RAMB18 async control check: The RAMB18E1 U0_ps_ai_wrap_demo/U0_ps_ai_peripheral/ZGolo/u_AI_Mate_top/U0_ddr2hp_itcn/U0_dmux4/U0_ar_axi_fifo/w32d64_fifo.U0_w32d64_fifo/U0/inst_fifo_gen/gconvfifo.rf/grf.rf/gntv_or_sync_fifo.mem/gbm.gbmg.gbmga.ngecc.bmg/inst_blk_mem_gen/gnbram.gnativebmg.native_blk_mem_gen/valid.cstr/ramloop[0].ram.r/prim_noinit.ram/DEVICE_7SERIES.NO_BMM_INFO.SDP.WIDE_PRIM18.ram has an input control pin U0_ps_ai_wrap_demo/U0_ps_ai_peripheral/ZGolo/u_AI_Mate_top/U0_ddr2hp_itcn/U0_dmux4/U0_ar_axi_fifo/w32d64_fifo.U0_w32d64_fifo/U0/inst_fifo_gen/gconvfifo.rf/grf.rf/gntv_or_sync_fifo.mem/gbm.gbmg.gbmga.ngecc.bmg/inst_blk_mem_gen/gnbram.gnativebmg.native_blk_mem_gen/valid.cstr/ramloop[0].ram.r/prim_noinit.ram/DEVICE_7SERIES.NO_BMM_INFO.SDP.WIDE_PRIM18.ram/WEBWE[0] (net: U0_ps_ai_wrap_demo/U0_ps_ai_peripheral/ZGolo/u_AI_Mate_top/U0_ddr2hp_itcn/U0_dmux4/U0_ar_axi_fifo/w32d64_fifo.U0_w32d64_fifo/U0/inst_fifo_gen/gconvfifo.rf/grf.rf/gntv_or_sync_fifo.mem/gbm.gbmg.gbmga.ngecc.bmg/inst_blk_mem_gen/gnbram.gnativebmg.native_blk_mem_gen/valid.cstr/ramloop[0].ram.r/prim_noinit.ram/E[0]) which is driven by a register (U0_ps_ai_wrap_demo/U0_ps_ai_peripheral/ZGolo/u_AI_Mate_top/U0_ddr2hp_itcn/u0_ar_cdc_fifo_ddr/u0_cdc_fifo_ar_64/U0/inst_fifo_gen/gconvfifo.rf/grf.rf/gntv_or_sync_fifo.gl0.rd/gr1.gr1_int.rfwft/empty_fwft_i_reg) that has an active asychronous set or reset. This may cause corruption of the memory contents and/or read values when the set/reset is asserted and is not analyzed by the default static timing analysis. It is suggested to eliminate the use of a set/reset to registers driving this RAMB pin or else use a synchronous reset in which the assertion of the reset is timed by default.
WARNING: [DRC REQP-1840] RAMB18 async control check: The RAMB18E1 U0_ps_ai_wrap_demo/U0_ps_ai_peripheral/ZGolo/u_AI_Mate_top/U0_ddr2hp_itcn/U0_dmux4/U0_ar_axi_fifo/w32d64_fifo.U0_w32d64_fifo/U0/inst_fifo_gen/gconvfifo.rf/grf.rf/gntv_or_sync_fifo.mem/gbm.gbmg.gbmga.ngecc.bmg/inst_blk_mem_gen/gnbram.gnativebmg.native_blk_mem_gen/valid.cstr/ramloop[0].ram.r/prim_noinit.ram/DEVICE_7SERIES.NO_BMM_INFO.SDP.WIDE_PRIM18.ram has an input control pin U0_ps_ai_wrap_demo/U0_ps_ai_peripheral/ZGolo/u_AI_Mate_top/U0_ddr2hp_itcn/U0_dmux4/U0_ar_axi_fifo/w32d64_fifo.U0_w32d64_fifo/U0/inst_fifo_gen/gconvfifo.rf/grf.rf/gntv_or_sync_fifo.mem/gbm.gbmg.gbmga.ngecc.bmg/inst_blk_mem_gen/gnbram.gnativebmg.native_blk_mem_gen/valid.cstr/ramloop[0].ram.r/prim_noinit.ram/DEVICE_7SERIES.NO_BMM_INFO.SDP.WIDE_PRIM18.ram/WEBWE[1] (net: U0_ps_ai_wrap_demo/U0_ps_ai_peripheral/ZGolo/u_AI_Mate_top/U0_ddr2hp_itcn/U0_dmux4/U0_ar_axi_fifo/w32d64_fifo.U0_w32d64_fifo/U0/inst_fifo_gen/gconvfifo.rf/grf.rf/gntv_or_sync_fifo.mem/gbm.gbmg.gbmga.ngecc.bmg/inst_blk_mem_gen/gnbram.gnativebmg.native_blk_mem_gen/valid.cstr/ramloop[0].ram.r/prim_noinit.ram/E[0]) which is driven by a register (U0_ps_ai_wrap_demo/U0_ps_ai_peripheral/ZGolo/u_AI_Mate_top/U0_ddr2hp_itcn/u0_ar_cdc_fifo_ddr/u0_cdc_fifo_ar_64/U0/inst_fifo_gen/gconvfifo.rf/grf.rf/gntv_or_sync_fifo.gl0.rd/gr1.gr1_int.rfwft/empty_fwft_i_reg) that has an active asychronous set or reset. This may cause corruption of the memory contents and/or read values when the set/reset is asserted and is not analyzed by the default static timing analysis. It is suggested to eliminate the use of a set/reset to registers driving this RAMB pin or else use a synchronous reset in which the assertion of the reset is timed by default.
WARNING: [DRC REQP-1840] RAMB18 async control check: The RAMB18E1 U0_ps_ai_wrap_demo/U0_ps_ai_peripheral/ZGolo/u_AI_Mate_top/U0_ddr2hp_itcn/U0_dmux4/U0_ar_axi_fifo/w32d64_fifo.U0_w32d64_fifo/U0/inst_fifo_gen/gconvfifo.rf/grf.rf/gntv_or_sync_fifo.mem/gbm.gbmg.gbmga.ngecc.bmg/inst_blk_mem_gen/gnbram.gnativebmg.native_blk_mem_gen/valid.cstr/ramloop[0].ram.r/prim_noinit.ram/DEVICE_7SERIES.NO_BMM_INFO.SDP.WIDE_PRIM18.ram has an input control pin U0_ps_ai_wrap_demo/U0_ps_ai_peripheral/ZGolo/u_AI_Mate_top/U0_ddr2hp_itcn/U0_dmux4/U0_ar_axi_fifo/w32d64_fifo.U0_w32d64_fifo/U0/inst_fifo_gen/gconvfifo.rf/grf.rf/gntv_or_sync_fifo.mem/gbm.gbmg.gbmga.ngecc.bmg/inst_blk_mem_gen/gnbram.gnativebmg.native_blk_mem_gen/valid.cstr/ramloop[0].ram.r/prim_noinit.ram/DEVICE_7SERIES.NO_BMM_INFO.SDP.WIDE_PRIM18.ram/WEBWE[2] (net: U0_ps_ai_wrap_demo/U0_ps_ai_peripheral/ZGolo/u_AI_Mate_top/U0_ddr2hp_itcn/U0_dmux4/U0_ar_axi_fifo/w32d64_fifo.U0_w32d64_fifo/U0/inst_fifo_gen/gconvfifo.rf/grf.rf/gntv_or_sync_fifo.mem/gbm.gbmg.gbmga.ngecc.bmg/inst_blk_mem_gen/gnbram.gnativebmg.native_blk_mem_gen/valid.cstr/ramloop[0].ram.r/prim_noinit.ram/E[0]) which is driven by a register (U0_ps_ai_wrap_demo/U0_ps_ai_peripheral/ZGolo/u_AI_Mate_top/U0_ddr2hp_itcn/u0_ar_cdc_fifo_ddr/u0_cdc_fifo_ar_64/U0/inst_fifo_gen/gconvfifo.rf/grf.rf/gntv_or_sync_fifo.gl0.rd/gr1.gr1_int.rfwft/empty_fwft_i_reg) that has an active asychronous set or reset. This may cause corruption of the memory contents and/or read values when the set/reset is asserted and is not analyzed by the default static timing analysis. It is suggested to eliminate the use of a set/reset to registers driving this RAMB pin or else use a synchronous reset in which the assertion of the reset is timed by default.
WARNING: [DRC REQP-1840] RAMB18 async control check: The RAMB18E1 U0_ps_ai_wrap_demo/U0_ps_ai_peripheral/ZGolo/u_AI_Mate_top/U0_ddr2hp_itcn/U0_dmux4/U0_ar_axi_fifo/w32d64_fifo.U0_w32d64_fifo/U0/inst_fifo_gen/gconvfifo.rf/grf.rf/gntv_or_sync_fifo.mem/gbm.gbmg.gbmga.ngecc.bmg/inst_blk_mem_gen/gnbram.gnativebmg.native_blk_mem_gen/valid.cstr/ramloop[0].ram.r/prim_noinit.ram/DEVICE_7SERIES.NO_BMM_INFO.SDP.WIDE_PRIM18.ram has an input control pin U0_ps_ai_wrap_demo/U0_ps_ai_peripheral/ZGolo/u_AI_Mate_top/U0_ddr2hp_itcn/U0_dmux4/U0_ar_axi_fifo/w32d64_fifo.U0_w32d64_fifo/U0/inst_fifo_gen/gconvfifo.rf/grf.rf/gntv_or_sync_fifo.mem/gbm.gbmg.gbmga.ngecc.bmg/inst_blk_mem_gen/gnbram.gnativebmg.native_blk_mem_gen/valid.cstr/ramloop[0].ram.r/prim_noinit.ram/DEVICE_7SERIES.NO_BMM_INFO.SDP.WIDE_PRIM18.ram/WEBWE[3] (net: U0_ps_ai_wrap_demo/U0_ps_ai_peripheral/ZGolo/u_AI_Mate_top/U0_ddr2hp_itcn/U0_dmux4/U0_ar_axi_fifo/w32d64_fifo.U0_w32d64_fifo/U0/inst_fifo_gen/gconvfifo.rf/grf.rf/gntv_or_sync_fifo.mem/gbm.gbmg.gbmga.ngecc.bmg/inst_blk_mem_gen/gnbram.gnativebmg.native_blk_mem_gen/valid.cstr/ramloop[0].ram.r/prim_noinit.ram/E[0]) which is driven by a register (U0_ps_ai_wrap_demo/U0_ps_ai_peripheral/ZGolo/u_AI_Mate_top/U0_ddr2hp_itcn/u0_ar_cdc_fifo_ddr/u0_cdc_fifo_ar_64/U0/inst_fifo_gen/gconvfifo.rf/grf.rf/gntv_or_sync_fifo.gl0.rd/gr1.gr1_int.rfwft/empty_fwft_i_reg) that has an active asychronous set or reset. This may cause corruption of the memory contents and/or read values when the set/reset is asserted and is not analyzed by the default static timing analysis. It is suggested to eliminate the use of a set/reset to registers driving this RAMB pin or else use a synchronous reset in which the assertion of the reset is timed by default.
WARNING: [DRC REQP-1840] RAMB18 async control check: The RAMB18E1 U0_ps_ai_wrap_demo/U0_ps_ai_peripheral/ZGolo/u_AI_Mate_top/U0_ddr2hp_itcn/U0_dmux4/U1_ar_axi_fifo/w32d64_fifo.U0_w32d64_fifo/U0/inst_fifo_gen/gconvfifo.rf/grf.rf/gntv_or_sync_fifo.mem/gbm.gbmg.gbmga.ngecc.bmg/inst_blk_mem_gen/gnbram.gnativebmg.native_blk_mem_gen/valid.cstr/ramloop[0].ram.r/prim_noinit.ram/DEVICE_7SERIES.NO_BMM_INFO.SDP.WIDE_PRIM18.ram has an input control pin U0_ps_ai_wrap_demo/U0_ps_ai_peripheral/ZGolo/u_AI_Mate_top/U0_ddr2hp_itcn/U0_dmux4/U1_ar_axi_fifo/w32d64_fifo.U0_w32d64_fifo/U0/inst_fifo_gen/gconvfifo.rf/grf.rf/gntv_or_sync_fifo.mem/gbm.gbmg.gbmga.ngecc.bmg/inst_blk_mem_gen/gnbram.gnativebmg.native_blk_mem_gen/valid.cstr/ramloop[0].ram.r/prim_noinit.ram/DEVICE_7SERIES.NO_BMM_INFO.SDP.WIDE_PRIM18.ram/ENARDEN (net: U0_ps_ai_wrap_demo/U0_ps_ai_peripheral/ZGolo/u_AI_Mate_top/U0_ddr2hp_itcn/U0_dmux4/U1_ar_axi_fifo/w32d64_fifo.U0_w32d64_fifo/U0/inst_fifo_gen/gconvfifo.rf/grf.rf/gntv_or_sync_fifo.mem/gbm.gbmg.gbmga.ngecc.bmg/inst_blk_mem_gen/gnbram.gnativebmg.native_blk_mem_gen/valid.cstr/ramloop[0].ram.r/prim_noinit.ram/DEVICE_7SERIES.NO_BMM_INFO.SDP.WIDE_PRIM18.ram_ENARDEN_cooolgate_en_sig_50) which is driven by a register (U0_ps_ai_wrap_demo/U0_ps_ai_peripheral/ZGolo/u_AI_Mate_top/clkrst_wrapper_u0/u_sync_hp0_clk_rst/reset_1d_reg) that has an active asychronous set or reset. This may cause corruption of the memory contents and/or read values when the set/reset is asserted and is not analyzed by the default static timing analysis. It is suggested to eliminate the use of a set/reset to registers driving this RAMB pin or else use a synchronous reset in which the assertion of the reset is timed by default.
WARNING: [DRC REQP-1840] RAMB18 async control check: The RAMB18E1 U0_ps_ai_wrap_demo/U0_ps_ai_peripheral/ZGolo/u_AI_Mate_top/U0_ddr2hp_itcn/U0_dmux4/U1_ar_axi_fifo/w32d64_fifo.U0_w32d64_fifo/U0/inst_fifo_gen/gconvfifo.rf/grf.rf/gntv_or_sync_fifo.mem/gbm.gbmg.gbmga.ngecc.bmg/inst_blk_mem_gen/gnbram.gnativebmg.native_blk_mem_gen/valid.cstr/ramloop[0].ram.r/prim_noinit.ram/DEVICE_7SERIES.NO_BMM_INFO.SDP.WIDE_PRIM18.ram has an input control pin U0_ps_ai_wrap_demo/U0_ps_ai_peripheral/ZGolo/u_AI_Mate_top/U0_ddr2hp_itcn/U0_dmux4/U1_ar_axi_fifo/w32d64_fifo.U0_w32d64_fifo/U0/inst_fifo_gen/gconvfifo.rf/grf.rf/gntv_or_sync_fifo.mem/gbm.gbmg.gbmga.ngecc.bmg/inst_blk_mem_gen/gnbram.gnativebmg.native_blk_mem_gen/valid.cstr/ramloop[0].ram.r/prim_noinit.ram/DEVICE_7SERIES.NO_BMM_INFO.SDP.WIDE_PRIM18.ram/ENARDEN (net: U0_ps_ai_wrap_demo/U0_ps_ai_peripheral/ZGolo/u_AI_Mate_top/U0_ddr2hp_itcn/U0_dmux4/U1_ar_axi_fifo/w32d64_fifo.U0_w32d64_fifo/U0/inst_fifo_gen/gconvfifo.rf/grf.rf/gntv_or_sync_fifo.mem/gbm.gbmg.gbmga.ngecc.bmg/inst_blk_mem_gen/gnbram.gnativebmg.native_blk_mem_gen/valid.cstr/ramloop[0].ram.r/prim_noinit.ram/DEVICE_7SERIES.NO_BMM_INFO.SDP.WIDE_PRIM18.ram_ENARDEN_cooolgate_en_sig_50) which is driven by a register (U0_ps_ai_wrap_demo/U0_ps_ai_peripheral/ZGolo/u_AI_Mate_top/clkrst_wrapper_u0/u_sync_hp0_clk_rst/reset_2d_reg) that has an active asychronous set or reset. This may cause corruption of the memory contents and/or read values when the set/reset is asserted and is not analyzed by the default static timing analysis. It is suggested to eliminate the use of a set/reset to registers driving this RAMB pin or else use a synchronous reset in which the assertion of the reset is timed by default.
WARNING: [DRC REQP-1840] RAMB18 async control check: The RAMB18E1 U0_ps_ai_wrap_demo/U0_ps_ai_peripheral/ZGolo/u_AI_Mate_top/U0_ddr2hp_itcn/U0_dmux4/U1_ar_axi_fifo/w32d64_fifo.U0_w32d64_fifo/U0/inst_fifo_gen/gconvfifo.rf/grf.rf/gntv_or_sync_fifo.mem/gbm.gbmg.gbmga.ngecc.bmg/inst_blk_mem_gen/gnbram.gnativebmg.native_blk_mem_gen/valid.cstr/ramloop[0].ram.r/prim_noinit.ram/DEVICE_7SERIES.NO_BMM_INFO.SDP.WIDE_PRIM18.ram has an input control pin U0_ps_ai_wrap_demo/U0_ps_ai_peripheral/ZGolo/u_AI_Mate_top/U0_ddr2hp_itcn/U0_dmux4/U1_ar_axi_fifo/w32d64_fifo.U0_w32d64_fifo/U0/inst_fifo_gen/gconvfifo.rf/grf.rf/gntv_or_sync_fifo.mem/gbm.gbmg.gbmga.ngecc.bmg/inst_blk_mem_gen/gnbram.gnativebmg.native_blk_mem_gen/valid.cstr/ramloop[0].ram.r/prim_noinit.ram/DEVICE_7SERIES.NO_BMM_INFO.SDP.WIDE_PRIM18.ram/ENBWREN (net: U0_ps_ai_wrap_demo/U0_ps_ai_peripheral/ZGolo/u_AI_Mate_top/U0_ddr2hp_itcn/U0_dmux4/U1_ar_axi_fifo/w32d64_fifo.U0_w32d64_fifo/U0/inst_fifo_gen/gconvfifo.rf/grf.rf/gntv_or_sync_fifo.mem/gbm.gbmg.gbmga.ngecc.bmg/inst_blk_mem_gen/gnbram.gnativebmg.native_blk_mem_gen/valid.cstr/ramloop[0].ram.r/prim_noinit.ram/E[0]) which is driven by a register (U0_ps_ai_wrap_demo/U0_ps_ai_peripheral/ZGolo/u_AI_Mate_top/U0_ddr2hp_itcn/u0_ar_cdc_fifo_ddr/u0_cdc_fifo_ar_64/U0/inst_fifo_gen/gconvfifo.rf/grf.rf/gntv_or_sync_fifo.gl0.rd/gr1.gr1_int.rfwft/empty_fwft_i_reg) that has an active asychronous set or reset. This may cause corruption of the memory contents and/or read values when the set/reset is asserted and is not analyzed by the default static timing analysis. It is suggested to eliminate the use of a set/reset to registers driving this RAMB pin or else use a synchronous reset in which the assertion of the reset is timed by default.
WARNING: [DRC REQP-1840] RAMB18 async control check: The RAMB18E1 U0_ps_ai_wrap_demo/U0_ps_ai_peripheral/ZGolo/u_AI_Mate_top/U0_ddr2hp_itcn/U0_dmux4/U1_ar_axi_fifo/w32d64_fifo.U0_w32d64_fifo/U0/inst_fifo_gen/gconvfifo.rf/grf.rf/gntv_or_sync_fifo.mem/gbm.gbmg.gbmga.ngecc.bmg/inst_blk_mem_gen/gnbram.gnativebmg.native_blk_mem_gen/valid.cstr/ramloop[0].ram.r/prim_noinit.ram/DEVICE_7SERIES.NO_BMM_INFO.SDP.WIDE_PRIM18.ram has an input control pin U0_ps_ai_wrap_demo/U0_ps_ai_peripheral/ZGolo/u_AI_Mate_top/U0_ddr2hp_itcn/U0_dmux4/U1_ar_axi_fifo/w32d64_fifo.U0_w32d64_fifo/U0/inst_fifo_gen/gconvfifo.rf/grf.rf/gntv_or_sync_fifo.mem/gbm.gbmg.gbmga.ngecc.bmg/inst_blk_mem_gen/gnbram.gnativebmg.native_blk_mem_gen/valid.cstr/ramloop[0].ram.r/prim_noinit.ram/DEVICE_7SERIES.NO_BMM_INFO.SDP.WIDE_PRIM18.ram/RSTRAMARSTRAM (net: U0_ps_ai_wrap_demo/U0_ps_ai_peripheral/ZGolo/u_AI_Mate_top/U0_ddr2hp_itcn/U0_dmux4/U1_ar_axi_fifo/w32d64_fifo.U0_w32d64_fifo/U0/inst_fifo_gen/gconvfifo.rf/grf.rf/gntv_or_sync_fifo.mem/gbm.gbmg.gbmga.ngecc.bmg/inst_blk_mem_gen/gnbram.gnativebmg.native_blk_mem_gen/valid.cstr/ramloop[0].ram.r/prim_noinit.ram/srst) which is driven by a register (U0_ps_ai_wrap_demo/U0_ps_ai_peripheral/ZGolo/u_AI_Mate_top/clkrst_wrapper_u0/u_sync_hp0_clk_rst/reset_2d_reg) that has an active asychronous set or reset. This may cause corruption of the memory contents and/or read values when the set/reset is asserted and is not analyzed by the default static timing analysis. It is suggested to eliminate the use of a set/reset to registers driving this RAMB pin or else use a synchronous reset in which the assertion of the reset is timed by default.
WARNING: [DRC REQP-1840] RAMB18 async control check: The RAMB18E1 U0_ps_ai_wrap_demo/U0_ps_ai_peripheral/ZGolo/u_AI_Mate_top/U0_ddr2hp_itcn/U0_dmux4/U1_ar_axi_fifo/w32d64_fifo.U0_w32d64_fifo/U0/inst_fifo_gen/gconvfifo.rf/grf.rf/gntv_or_sync_fifo.mem/gbm.gbmg.gbmga.ngecc.bmg/inst_blk_mem_gen/gnbram.gnativebmg.native_blk_mem_gen/valid.cstr/ramloop[0].ram.r/prim_noinit.ram/DEVICE_7SERIES.NO_BMM_INFO.SDP.WIDE_PRIM18.ram has an input control pin U0_ps_ai_wrap_demo/U0_ps_ai_peripheral/ZGolo/u_AI_Mate_top/U0_ddr2hp_itcn/U0_dmux4/U1_ar_axi_fifo/w32d64_fifo.U0_w32d64_fifo/U0/inst_fifo_gen/gconvfifo.rf/grf.rf/gntv_or_sync_fifo.mem/gbm.gbmg.gbmga.ngecc.bmg/inst_blk_mem_gen/gnbram.gnativebmg.native_blk_mem_gen/valid.cstr/ramloop[0].ram.r/prim_noinit.ram/DEVICE_7SERIES.NO_BMM_INFO.SDP.WIDE_PRIM18.ram/WEBWE[0] (net: U0_ps_ai_wrap_demo/U0_ps_ai_peripheral/ZGolo/u_AI_Mate_top/U0_ddr2hp_itcn/U0_dmux4/U1_ar_axi_fifo/w32d64_fifo.U0_w32d64_fifo/U0/inst_fifo_gen/gconvfifo.rf/grf.rf/gntv_or_sync_fifo.mem/gbm.gbmg.gbmga.ngecc.bmg/inst_blk_mem_gen/gnbram.gnativebmg.native_blk_mem_gen/valid.cstr/ramloop[0].ram.r/prim_noinit.ram/E[0]) which is driven by a register (U0_ps_ai_wrap_demo/U0_ps_ai_peripheral/ZGolo/u_AI_Mate_top/U0_ddr2hp_itcn/u0_ar_cdc_fifo_ddr/u0_cdc_fifo_ar_64/U0/inst_fifo_gen/gconvfifo.rf/grf.rf/gntv_or_sync_fifo.gl0.rd/gr1.gr1_int.rfwft/empty_fwft_i_reg) that has an active asychronous set or reset. This may cause corruption of the memory contents and/or read values when the set/reset is asserted and is not analyzed by the default static timing analysis. It is suggested to eliminate the use of a set/reset to registers driving this RAMB pin or else use a synchronous reset in which the assertion of the reset is timed by default.
WARNING: [DRC REQP-1840] RAMB18 async control check: The RAMB18E1 U0_ps_ai_wrap_demo/U0_ps_ai_peripheral/ZGolo/u_AI_Mate_top/U0_ddr2hp_itcn/U0_dmux4/U1_ar_axi_fifo/w32d64_fifo.U0_w32d64_fifo/U0/inst_fifo_gen/gconvfifo.rf/grf.rf/gntv_or_sync_fifo.mem/gbm.gbmg.gbmga.ngecc.bmg/inst_blk_mem_gen/gnbram.gnativebmg.native_blk_mem_gen/valid.cstr/ramloop[0].ram.r/prim_noinit.ram/DEVICE_7SERIES.NO_BMM_INFO.SDP.WIDE_PRIM18.ram has an input control pin U0_ps_ai_wrap_demo/U0_ps_ai_peripheral/ZGolo/u_AI_Mate_top/U0_ddr2hp_itcn/U0_dmux4/U1_ar_axi_fifo/w32d64_fifo.U0_w32d64_fifo/U0/inst_fifo_gen/gconvfifo.rf/grf.rf/gntv_or_sync_fifo.mem/gbm.gbmg.gbmga.ngecc.bmg/inst_blk_mem_gen/gnbram.gnativebmg.native_blk_mem_gen/valid.cstr/ramloop[0].ram.r/prim_noinit.ram/DEVICE_7SERIES.NO_BMM_INFO.SDP.WIDE_PRIM18.ram/WEBWE[1] (net: U0_ps_ai_wrap_demo/U0_ps_ai_peripheral/ZGolo/u_AI_Mate_top/U0_ddr2hp_itcn/U0_dmux4/U1_ar_axi_fifo/w32d64_fifo.U0_w32d64_fifo/U0/inst_fifo_gen/gconvfifo.rf/grf.rf/gntv_or_sync_fifo.mem/gbm.gbmg.gbmga.ngecc.bmg/inst_blk_mem_gen/gnbram.gnativebmg.native_blk_mem_gen/valid.cstr/ramloop[0].ram.r/prim_noinit.ram/E[0]) which is driven by a register (U0_ps_ai_wrap_demo/U0_ps_ai_peripheral/ZGolo/u_AI_Mate_top/U0_ddr2hp_itcn/u0_ar_cdc_fifo_ddr/u0_cdc_fifo_ar_64/U0/inst_fifo_gen/gconvfifo.rf/grf.rf/gntv_or_sync_fifo.gl0.rd/gr1.gr1_int.rfwft/empty_fwft_i_reg) that has an active asychronous set or reset. This may cause corruption of the memory contents and/or read values when the set/reset is asserted and is not analyzed by the default static timing analysis. It is suggested to eliminate the use of a set/reset to registers driving this RAMB pin or else use a synchronous reset in which the assertion of the reset is timed by default.
WARNING: [DRC REQP-1840] RAMB18 async control check: The RAMB18E1 U0_ps_ai_wrap_demo/U0_ps_ai_peripheral/ZGolo/u_AI_Mate_top/U0_ddr2hp_itcn/U0_dmux4/U1_ar_axi_fifo/w32d64_fifo.U0_w32d64_fifo/U0/inst_fifo_gen/gconvfifo.rf/grf.rf/gntv_or_sync_fifo.mem/gbm.gbmg.gbmga.ngecc.bmg/inst_blk_mem_gen/gnbram.gnativebmg.native_blk_mem_gen/valid.cstr/ramloop[0].ram.r/prim_noinit.ram/DEVICE_7SERIES.NO_BMM_INFO.SDP.WIDE_PRIM18.ram has an input control pin U0_ps_ai_wrap_demo/U0_ps_ai_peripheral/ZGolo/u_AI_Mate_top/U0_ddr2hp_itcn/U0_dmux4/U1_ar_axi_fifo/w32d64_fifo.U0_w32d64_fifo/U0/inst_fifo_gen/gconvfifo.rf/grf.rf/gntv_or_sync_fifo.mem/gbm.gbmg.gbmga.ngecc.bmg/inst_blk_mem_gen/gnbram.gnativebmg.native_blk_mem_gen/valid.cstr/ramloop[0].ram.r/prim_noinit.ram/DEVICE_7SERIES.NO_BMM_INFO.SDP.WIDE_PRIM18.ram/WEBWE[2] (net: U0_ps_ai_wrap_demo/U0_ps_ai_peripheral/ZGolo/u_AI_Mate_top/U0_ddr2hp_itcn/U0_dmux4/U1_ar_axi_fifo/w32d64_fifo.U0_w32d64_fifo/U0/inst_fifo_gen/gconvfifo.rf/grf.rf/gntv_or_sync_fifo.mem/gbm.gbmg.gbmga.ngecc.bmg/inst_blk_mem_gen/gnbram.gnativebmg.native_blk_mem_gen/valid.cstr/ramloop[0].ram.r/prim_noinit.ram/E[0]) which is driven by a register (U0_ps_ai_wrap_demo/U0_ps_ai_peripheral/ZGolo/u_AI_Mate_top/U0_ddr2hp_itcn/u0_ar_cdc_fifo_ddr/u0_cdc_fifo_ar_64/U0/inst_fifo_gen/gconvfifo.rf/grf.rf/gntv_or_sync_fifo.gl0.rd/gr1.gr1_int.rfwft/empty_fwft_i_reg) that has an active asychronous set or reset. This may cause corruption of the memory contents and/or read values when the set/reset is asserted and is not analyzed by the default static timing analysis. It is suggested to eliminate the use of a set/reset to registers driving this RAMB pin or else use a synchronous reset in which the assertion of the reset is timed by default.
WARNING: [DRC REQP-1840] RAMB18 async control check: The RAMB18E1 U0_ps_ai_wrap_demo/U0_ps_ai_peripheral/ZGolo/u_AI_Mate_top/U0_ddr2hp_itcn/U0_dmux4/U1_ar_axi_fifo/w32d64_fifo.U0_w32d64_fifo/U0/inst_fifo_gen/gconvfifo.rf/grf.rf/gntv_or_sync_fifo.mem/gbm.gbmg.gbmga.ngecc.bmg/inst_blk_mem_gen/gnbram.gnativebmg.native_blk_mem_gen/valid.cstr/ramloop[0].ram.r/prim_noinit.ram/DEVICE_7SERIES.NO_BMM_INFO.SDP.WIDE_PRIM18.ram has an input control pin U0_ps_ai_wrap_demo/U0_ps_ai_peripheral/ZGolo/u_AI_Mate_top/U0_ddr2hp_itcn/U0_dmux4/U1_ar_axi_fifo/w32d64_fifo.U0_w32d64_fifo/U0/inst_fifo_gen/gconvfifo.rf/grf.rf/gntv_or_sync_fifo.mem/gbm.gbmg.gbmga.ngecc.bmg/inst_blk_mem_gen/gnbram.gnativebmg.native_blk_mem_gen/valid.cstr/ramloop[0].ram.r/prim_noinit.ram/DEVICE_7SERIES.NO_BMM_INFO.SDP.WIDE_PRIM18.ram/WEBWE[3] (net: U0_ps_ai_wrap_demo/U0_ps_ai_peripheral/ZGolo/u_AI_Mate_top/U0_ddr2hp_itcn/U0_dmux4/U1_ar_axi_fifo/w32d64_fifo.U0_w32d64_fifo/U0/inst_fifo_gen/gconvfifo.rf/grf.rf/gntv_or_sync_fifo.mem/gbm.gbmg.gbmga.ngecc.bmg/inst_blk_mem_gen/gnbram.gnativebmg.native_blk_mem_gen/valid.cstr/ramloop[0].ram.r/prim_noinit.ram/E[0]) which is driven by a register (U0_ps_ai_wrap_demo/U0_ps_ai_peripheral/ZGolo/u_AI_Mate_top/U0_ddr2hp_itcn/u0_ar_cdc_fifo_ddr/u0_cdc_fifo_ar_64/U0/inst_fifo_gen/gconvfifo.rf/grf.rf/gntv_or_sync_fifo.gl0.rd/gr1.gr1_int.rfwft/empty_fwft_i_reg) that has an active asychronous set or reset. This may cause corruption of the memory contents and/or read values when the set/reset is asserted and is not analyzed by the default static timing analysis. It is suggested to eliminate the use of a set/reset to registers driving this RAMB pin or else use a synchronous reset in which the assertion of the reset is timed by default.
WARNING: [DRC REQP-1840] RAMB18 async control check: The RAMB18E1 U0_ps_ai_wrap_demo/U0_ps_ai_peripheral/ZGolo/u_AI_Mate_top/U0_ddr2hp_itcn/U0_dmux4/U2_ar_axi_fifo/w32d64_fifo.U0_w32d64_fifo/U0/inst_fifo_gen/gconvfifo.rf/grf.rf/gntv_or_sync_fifo.mem/gbm.gbmg.gbmga.ngecc.bmg/inst_blk_mem_gen/gnbram.gnativebmg.native_blk_mem_gen/valid.cstr/ramloop[0].ram.r/prim_noinit.ram/DEVICE_7SERIES.NO_BMM_INFO.SDP.WIDE_PRIM18.ram has an input control pin U0_ps_ai_wrap_demo/U0_ps_ai_peripheral/ZGolo/u_AI_Mate_top/U0_ddr2hp_itcn/U0_dmux4/U2_ar_axi_fifo/w32d64_fifo.U0_w32d64_fifo/U0/inst_fifo_gen/gconvfifo.rf/grf.rf/gntv_or_sync_fifo.mem/gbm.gbmg.gbmga.ngecc.bmg/inst_blk_mem_gen/gnbram.gnativebmg.native_blk_mem_gen/valid.cstr/ramloop[0].ram.r/prim_noinit.ram/DEVICE_7SERIES.NO_BMM_INFO.SDP.WIDE_PRIM18.ram/ENARDEN (net: U0_ps_ai_wrap_demo/U0_ps_ai_peripheral/ZGolo/u_AI_Mate_top/U0_ddr2hp_itcn/U0_dmux4/U2_ar_axi_fifo/w32d64_fifo.U0_w32d64_fifo/U0/inst_fifo_gen/gconvfifo.rf/grf.rf/gntv_or_sync_fifo.mem/gbm.gbmg.gbmga.ngecc.bmg/inst_blk_mem_gen/gnbram.gnativebmg.native_blk_mem_gen/valid.cstr/ramloop[0].ram.r/prim_noinit.ram/DEVICE_7SERIES.NO_BMM_INFO.SDP.WIDE_PRIM18.ram_ENARDEN_cooolgate_en_sig_51) which is driven by a register (U0_ps_ai_wrap_demo/U0_ps_ai_peripheral/ZGolo/u_AI_Mate_top/clkrst_wrapper_u0/u_sync_hp0_clk_rst/reset_1d_reg) that has an active asychronous set or reset. This may cause corruption of the memory contents and/or read values when the set/reset is asserted and is not analyzed by the default static timing analysis. It is suggested to eliminate the use of a set/reset to registers driving this RAMB pin or else use a synchronous reset in which the assertion of the reset is timed by default.
WARNING: [DRC REQP-1840] RAMB18 async control check: The RAMB18E1 U0_ps_ai_wrap_demo/U0_ps_ai_peripheral/ZGolo/u_AI_Mate_top/U0_ddr2hp_itcn/U0_dmux4/U2_ar_axi_fifo/w32d64_fifo.U0_w32d64_fifo/U0/inst_fifo_gen/gconvfifo.rf/grf.rf/gntv_or_sync_fifo.mem/gbm.gbmg.gbmga.ngecc.bmg/inst_blk_mem_gen/gnbram.gnativebmg.native_blk_mem_gen/valid.cstr/ramloop[0].ram.r/prim_noinit.ram/DEVICE_7SERIES.NO_BMM_INFO.SDP.WIDE_PRIM18.ram has an input control pin U0_ps_ai_wrap_demo/U0_ps_ai_peripheral/ZGolo/u_AI_Mate_top/U0_ddr2hp_itcn/U0_dmux4/U2_ar_axi_fifo/w32d64_fifo.U0_w32d64_fifo/U0/inst_fifo_gen/gconvfifo.rf/grf.rf/gntv_or_sync_fifo.mem/gbm.gbmg.gbmga.ngecc.bmg/inst_blk_mem_gen/gnbram.gnativebmg.native_blk_mem_gen/valid.cstr/ramloop[0].ram.r/prim_noinit.ram/DEVICE_7SERIES.NO_BMM_INFO.SDP.WIDE_PRIM18.ram/ENARDEN (net: U0_ps_ai_wrap_demo/U0_ps_ai_peripheral/ZGolo/u_AI_Mate_top/U0_ddr2hp_itcn/U0_dmux4/U2_ar_axi_fifo/w32d64_fifo.U0_w32d64_fifo/U0/inst_fifo_gen/gconvfifo.rf/grf.rf/gntv_or_sync_fifo.mem/gbm.gbmg.gbmga.ngecc.bmg/inst_blk_mem_gen/gnbram.gnativebmg.native_blk_mem_gen/valid.cstr/ramloop[0].ram.r/prim_noinit.ram/DEVICE_7SERIES.NO_BMM_INFO.SDP.WIDE_PRIM18.ram_ENARDEN_cooolgate_en_sig_51) which is driven by a register (U0_ps_ai_wrap_demo/U0_ps_ai_peripheral/ZGolo/u_AI_Mate_top/clkrst_wrapper_u0/u_sync_hp0_clk_rst/reset_2d_reg) that has an active asychronous set or reset. This may cause corruption of the memory contents and/or read values when the set/reset is asserted and is not analyzed by the default static timing analysis. It is suggested to eliminate the use of a set/reset to registers driving this RAMB pin or else use a synchronous reset in which the assertion of the reset is timed by default.
WARNING: [DRC REQP-1840] RAMB18 async control check: The RAMB18E1 U0_ps_ai_wrap_demo/U0_ps_ai_peripheral/ZGolo/u_AI_Mate_top/U0_ddr2hp_itcn/U0_dmux4/U2_ar_axi_fifo/w32d64_fifo.U0_w32d64_fifo/U0/inst_fifo_gen/gconvfifo.rf/grf.rf/gntv_or_sync_fifo.mem/gbm.gbmg.gbmga.ngecc.bmg/inst_blk_mem_gen/gnbram.gnativebmg.native_blk_mem_gen/valid.cstr/ramloop[0].ram.r/prim_noinit.ram/DEVICE_7SERIES.NO_BMM_INFO.SDP.WIDE_PRIM18.ram has an input control pin U0_ps_ai_wrap_demo/U0_ps_ai_peripheral/ZGolo/u_AI_Mate_top/U0_ddr2hp_itcn/U0_dmux4/U2_ar_axi_fifo/w32d64_fifo.U0_w32d64_fifo/U0/inst_fifo_gen/gconvfifo.rf/grf.rf/gntv_or_sync_fifo.mem/gbm.gbmg.gbmga.ngecc.bmg/inst_blk_mem_gen/gnbram.gnativebmg.native_blk_mem_gen/valid.cstr/ramloop[0].ram.r/prim_noinit.ram/DEVICE_7SERIES.NO_BMM_INFO.SDP.WIDE_PRIM18.ram/ENBWREN (net: U0_ps_ai_wrap_demo/U0_ps_ai_peripheral/ZGolo/u_AI_Mate_top/U0_ddr2hp_itcn/U0_dmux4/U2_ar_axi_fifo/w32d64_fifo.U0_w32d64_fifo/U0/inst_fifo_gen/gconvfifo.rf/grf.rf/gntv_or_sync_fifo.mem/gbm.gbmg.gbmga.ngecc.bmg/inst_blk_mem_gen/gnbram.gnativebmg.native_blk_mem_gen/valid.cstr/ramloop[0].ram.r/prim_noinit.ram/E[0]) which is driven by a register (U0_ps_ai_wrap_demo/U0_ps_ai_peripheral/ZGolo/u_AI_Mate_top/U0_ddr2hp_itcn/u0_ar_cdc_fifo_ddr/u0_cdc_fifo_ar_64/U0/inst_fifo_gen/gconvfifo.rf/grf.rf/gntv_or_sync_fifo.gl0.rd/gr1.gr1_int.rfwft/empty_fwft_i_reg) that has an active asychronous set or reset. This may cause corruption of the memory contents and/or read values when the set/reset is asserted and is not analyzed by the default static timing analysis. It is suggested to eliminate the use of a set/reset to registers driving this RAMB pin or else use a synchronous reset in which the assertion of the reset is timed by default.
WARNING: [DRC REQP-1840] RAMB18 async control check: The RAMB18E1 U0_ps_ai_wrap_demo/U0_ps_ai_peripheral/ZGolo/u_AI_Mate_top/U0_ddr2hp_itcn/U0_dmux4/U2_ar_axi_fifo/w32d64_fifo.U0_w32d64_fifo/U0/inst_fifo_gen/gconvfifo.rf/grf.rf/gntv_or_sync_fifo.mem/gbm.gbmg.gbmga.ngecc.bmg/inst_blk_mem_gen/gnbram.gnativebmg.native_blk_mem_gen/valid.cstr/ramloop[0].ram.r/prim_noinit.ram/DEVICE_7SERIES.NO_BMM_INFO.SDP.WIDE_PRIM18.ram has an input control pin U0_ps_ai_wrap_demo/U0_ps_ai_peripheral/ZGolo/u_AI_Mate_top/U0_ddr2hp_itcn/U0_dmux4/U2_ar_axi_fifo/w32d64_fifo.U0_w32d64_fifo/U0/inst_fifo_gen/gconvfifo.rf/grf.rf/gntv_or_sync_fifo.mem/gbm.gbmg.gbmga.ngecc.bmg/inst_blk_mem_gen/gnbram.gnativebmg.native_blk_mem_gen/valid.cstr/ramloop[0].ram.r/prim_noinit.ram/DEVICE_7SERIES.NO_BMM_INFO.SDP.WIDE_PRIM18.ram/RSTRAMARSTRAM (net: U0_ps_ai_wrap_demo/U0_ps_ai_peripheral/ZGolo/u_AI_Mate_top/U0_ddr2hp_itcn/U0_dmux4/U2_ar_axi_fifo/w32d64_fifo.U0_w32d64_fifo/U0/inst_fifo_gen/gconvfifo.rf/grf.rf/gntv_or_sync_fifo.mem/gbm.gbmg.gbmga.ngecc.bmg/inst_blk_mem_gen/gnbram.gnativebmg.native_blk_mem_gen/valid.cstr/ramloop[0].ram.r/prim_noinit.ram/srst) which is driven by a register (U0_ps_ai_wrap_demo/U0_ps_ai_peripheral/ZGolo/u_AI_Mate_top/clkrst_wrapper_u0/u_sync_hp0_clk_rst/reset_2d_reg) that has an active asychronous set or reset. This may cause corruption of the memory contents and/or read values when the set/reset is asserted and is not analyzed by the default static timing analysis. It is suggested to eliminate the use of a set/reset to registers driving this RAMB pin or else use a synchronous reset in which the assertion of the reset is timed by default.
WARNING: [DRC REQP-1840] RAMB18 async control check: The RAMB18E1 U0_ps_ai_wrap_demo/U0_ps_ai_peripheral/ZGolo/u_AI_Mate_top/U0_ddr2hp_itcn/U0_dmux4/U2_ar_axi_fifo/w32d64_fifo.U0_w32d64_fifo/U0/inst_fifo_gen/gconvfifo.rf/grf.rf/gntv_or_sync_fifo.mem/gbm.gbmg.gbmga.ngecc.bmg/inst_blk_mem_gen/gnbram.gnativebmg.native_blk_mem_gen/valid.cstr/ramloop[0].ram.r/prim_noinit.ram/DEVICE_7SERIES.NO_BMM_INFO.SDP.WIDE_PRIM18.ram has an input control pin U0_ps_ai_wrap_demo/U0_ps_ai_peripheral/ZGolo/u_AI_Mate_top/U0_ddr2hp_itcn/U0_dmux4/U2_ar_axi_fifo/w32d64_fifo.U0_w32d64_fifo/U0/inst_fifo_gen/gconvfifo.rf/grf.rf/gntv_or_sync_fifo.mem/gbm.gbmg.gbmga.ngecc.bmg/inst_blk_mem_gen/gnbram.gnativebmg.native_blk_mem_gen/valid.cstr/ramloop[0].ram.r/prim_noinit.ram/DEVICE_7SERIES.NO_BMM_INFO.SDP.WIDE_PRIM18.ram/WEBWE[3] (net: U0_ps_ai_wrap_demo/U0_ps_ai_peripheral/ZGolo/u_AI_Mate_top/U0_ddr2hp_itcn/U0_dmux4/U2_ar_axi_fifo/w32d64_fifo.U0_w32d64_fifo/U0/inst_fifo_gen/gconvfifo.rf/grf.rf/gntv_or_sync_fifo.mem/gbm.gbmg.gbmga.ngecc.bmg/inst_blk_mem_gen/gnbram.gnativebmg.native_blk_mem_gen/valid.cstr/ramloop[0].ram.r/prim_noinit.ram/E[0]) which is driven by a register (U0_ps_ai_wrap_demo/U0_ps_ai_peripheral/ZGolo/u_AI_Mate_top/U0_ddr2hp_itcn/u0_ar_cdc_fifo_ddr/u0_cdc_fifo_ar_64/U0/inst_fifo_gen/gconvfifo.rf/grf.rf/gntv_or_sync_fifo.gl0.rd/gr1.gr1_int.rfwft/empty_fwft_i_reg) that has an active asychronous set or reset. This may cause corruption of the memory contents and/or read values when the set/reset is asserted and is not analyzed by the default static timing analysis. It is suggested to eliminate the use of a set/reset to registers driving this RAMB pin or else use a synchronous reset in which the assertion of the reset is timed by default.
INFO: [Vivado_Tcl 4-198] DRC finished with 0 Errors, 42 Warnings
INFO: [Vivado_Tcl 4-199] Please refer to the DRC report (report_drc) for more information.

Starting Placer Task
INFO: [Place 30-611] Multithreading enabled for place_design using a maximum of 2 CPUs

Phase 1 Placer Initialization

Phase 1.1 Placer Initialization Netlist Sorting
Netlist sorting complete. Time (s): cpu = 00:00:00 ; elapsed = 00:00:00.043 . Memory (MB): peak = 3078.652 ; gain = 0.000
Phase 1.1 Placer Initialization Netlist Sorting | Checksum: 14edc1b0b

Time (s): cpu = 00:00:00 ; elapsed = 00:00:00.099 . Memory (MB): peak = 3078.652 ; gain = 0.000
Netlist sorting complete. Time (s): cpu = 00:00:00 ; elapsed = 00:00:00.079 . Memory (MB): peak = 3078.652 ; gain = 0.000

Phase 1.2 IO Placement/ Clock Placement/ Build Placer Device
WARNING: [Constraints 18-401] set_false_path: 'U0_ps_ai_wrap_demo/U0_ps_ai_peripheral/frame_trans_inst0/axis_master_inst/afifo_24w_4096d_u0/U0/inst_fifo_gen/gconvfifo.rf/grf.rf/gntv_or_sync_fifo.mem/gdm.dm_gen.dm/gpr1.dout_i_reg[0]_i_10' is not a valid endpoint. [E:/experiment/¸´µ©Î¢/Fast-BEV/Fastbev2.0_sa/part2_sa/part2_sa_v2.0/Vivado_Project/constrs/impl_constraints.xdc:8942]
Resolution: A valid end point is a data pin of a sequential cell or a primary output or inout port. Please validate that all the objects returned by your query belong to this list.
WARNING: [Constraints 18-401] set_false_path: 'U0_ps_ai_wrap_demo/U0_ps_ai_peripheral/frame_trans_inst0/axis_master_inst/afifo_24w_4096d_u0/U0/inst_fifo_gen/gconvfifo.rf/grf.rf/gntv_or_sync_fifo.mem/gdm.dm_gen.dm/gpr1.dout_i_reg[0]_i_11' is not a valid endpoint. [E:/experiment/¸´µ©Î¢/Fast-BEV/Fastbev2.0_sa/part2_sa/part2_sa_v2.0/Vivado_Project/constrs/impl_constraints.xdc:8942]
Resolution: A valid end point is a data pin of a sequential cell or a primary output or inout port. Please validate that all the objects returned by your query belong to this list.
WARNING: [Constraints 18-401] set_false_path: 'U0_ps_ai_wrap_demo/U0_ps_ai_peripheral/frame_trans_inst0/axis_master_inst/afifo_24w_4096d_u0/U0/inst_fifo_gen/gconvfifo.rf/grf.rf/gntv_or_sync_fifo.mem/gdm.dm_gen.dm/gpr1.dout_i_reg[0]_i_12' is not a valid endpoint. [E:/experiment/¸´µ©Î¢/Fast-BEV/Fastbev2.0_sa/part2_sa/part2_sa_v2.0/Vivado_Project/constrs/impl_constraints.xdc:8942]
Resolution: A valid end point is a data pin of a sequential cell or a primary output or inout port. Please validate that all the objects returned by your query belong to this list.
WARNING: [Constraints 18-401] set_false_path: 'U0_ps_ai_wrap_demo/U0_ps_ai_peripheral/frame_trans_inst0/axis_master_inst/afifo_24w_4096d_u0/U0/inst_fifo_gen/gconvfifo.rf/grf.rf/gntv_or_sync_fifo.mem/gdm.dm_gen.dm/gpr1.dout_i_reg[0]_i_13' is not a valid endpoint. [E:/experiment/¸´µ©Î¢/Fast-BEV/Fastbev2.0_sa/part2_sa/part2_sa_v2.0/Vivado_Project/constrs/impl_constraints.xdc:8942]
Resolution: A valid end point is a data pin of a sequential cell or a primary output or inout port. Please validate that all the objects returned by your query belong to this list.
WARNING: [Constraints 18-401] set_false_path: 'U0_ps_ai_wrap_demo/U0_ps_ai_peripheral/frame_trans_inst0/axis_master_inst/afifo_24w_4096d_u0/U0/inst_fifo_gen/gconvfifo.rf/grf.rf/gntv_or_sync_fifo.mem/gdm.dm_gen.dm/gpr1.dout_i_reg[0]_i_2' is not a valid endpoint. [E:/experiment/¸´µ©Î¢/Fast-BEV/Fastbev2.0_sa/part2_sa/part2_sa_v2.0/Vivado_Project/constrs/impl_constraints.xdc:8942]
Resolution: A valid end point is a data pin of a sequential cell or a primary output or inout port. Please validate that all the objects returned by your query belong to this list.
WARNING: [Constraints 18-401] set_false_path: 'U0_ps_ai_wrap_demo/U0_ps_ai_peripheral/frame_trans_inst0/axis_master_inst/afifo_24w_4096d_u0/U0/inst_fifo_gen/gconvfifo.rf/grf.rf/gntv_or_sync_fifo.mem/gdm.dm_gen.dm/gpr1.dout_i_reg[0]_i_3' is not a valid endpoint. [E:/experiment/¸´µ©Î¢/Fast-BEV/Fastbev2.0_sa/part2_sa/part2_sa_v2.0/Vivado_Project/constrs/impl_constraints.xdc:8942]
Resolution: A valid end point is a data pin of a sequential cell or a primary output or inout port. Please validate that all the objects returned by your query belong to this list.
WARNING: [Constraints 18-401] set_false_path: 'U0_ps_ai_wrap_demo/U0_ps_ai_peripheral/frame_trans_inst0/axis_master_inst/afifo_24w_4096d_u0/U0/inst_fifo_gen/gconvfifo.rf/grf.rf/gntv_or_sync_fifo.mem/gdm.dm_gen.dm/gpr1.dout_i_reg[0]_i_4' is not a valid endpoint. [E:/experiment/¸´µ©Î¢/Fast-BEV/Fastbev2.0_sa/part2_sa/part2_sa_v2.0/Vivado_Project/constrs/impl_constraints.xdc:8942]
Resolution: A valid end point is a data pin of a sequential cell or a primary output or inout port. Please validate that all the objects returned by your query belong to this list.
WARNING: [Constraints 18-401] set_false_path: 'U0_ps_ai_wrap_demo/U0_ps_ai_peripheral/frame_trans_inst0/axis_master_inst/afifo_24w_4096d_u0/U0/inst_fifo_gen/gconvfifo.rf/grf.rf/gntv_or_sync_fifo.mem/gdm.dm_gen.dm/gpr1.dout_i_reg[0]_i_5' is not a valid endpoint. [E:/experiment/¸´µ©Î¢/Fast-BEV/Fastbev2.0_sa/part2_sa/part2_sa_v2.0/Vivado_Project/constrs/impl_constraints.xdc:8942]
Resolution: A valid end point is a data pin of a sequential cell or a primary output or inout port. Please validate that all the objects returned by your query belong to this list.
WARNING: [Constraints 18-401] set_false_path: 'U0_ps_ai_wrap_demo/U0_ps_ai_peripheral/frame_trans_inst0/axis_master_inst/afifo_24w_4096d_u0/U0/inst_fifo_gen/gconvfifo.rf/grf.rf/gntv_or_sync_fifo.mem/gdm.dm_gen.dm/gpr1.dout_i_reg[0]_i_6' is not a valid endpoint. [E:/experiment/¸´µ©Î¢/Fast-BEV/Fastbev2.0_sa/part2_sa/part2_sa_v2.0/Vivado_Project/constrs/impl_constraints.xdc:8942]
Resolution: A valid end point is a data pin of a sequential cell or a primary output or inout port. Please validate that all the objects returned by your query belong to this list.
WARNING: [Constraints 18-401] set_false_path: 'U0_ps_ai_wrap_demo/U0_ps_ai_peripheral/frame_trans_inst0/axis_master_inst/afifo_24w_4096d_u0/U0/inst_fifo_gen/gconvfifo.rf/grf.rf/gntv_or_sync_fifo.mem/gdm.dm_gen.dm/gpr1.dout_i_reg[0]_i_7' is not a valid endpoint. [E:/experiment/¸´µ©Î¢/Fast-BEV/Fastbev2.0_sa/part2_sa/part2_sa_v2.0/Vivado_Project/constrs/impl_constraints.xdc:8942]
Resolution: A valid end point is a data pin of a sequential cell or a primary output or inout port. Please validate that all the objects returned by your query belong to this list.
WARNING: [Constraints 18-401] set_false_path: 'U0_ps_ai_wrap_demo/U0_ps_ai_peripheral/frame_trans_inst0/axis_master_inst/afifo_24w_4096d_u0/U0/inst_fifo_gen/gconvfifo.rf/grf.rf/gntv_or_sync_fifo.mem/gdm.dm_gen.dm/gpr1.dout_i_reg[0]_i_8' is not a valid endpoint. [E:/experiment/¸´µ©Î¢/Fast-BEV/Fastbev2.0_sa/part2_sa/part2_sa_v2.0/Vivado_Project/constrs/impl_constraints.xdc:8942]
Resolution: A valid end point is a data pin of a sequential cell or a primary output or inout port. Please validate that all the objects returned by your query belong to this list.
WARNING: [Constraints 18-401] set_false_path: 'U0_ps_ai_wrap_demo/U0_ps_ai_peripheral/frame_trans_inst0/axis_master_inst/afifo_24w_4096d_u0/U0/inst_fifo_gen/gconvfifo.rf/grf.rf/gntv_or_sync_fifo.mem/gdm.dm_gen.dm/gpr1.dout_i_reg[0]_i_9' is not a valid endpoint. [E:/experiment/¸´µ©Î¢/Fast-BEV/Fastbev2.0_sa/part2_sa/part2_sa_v2.0/Vivado_Project/constrs/impl_constraints.xdc:8942]
Resolution: A valid end point is a data pin of a sequential cell or a primary output or inout port. Please validate that all the objects returned by your query belong to this list.
WARNING: [Constraints 18-401] set_false_path: 'U0_ps_ai_wrap_demo/U0_ps_ai_peripheral/frame_trans_inst0/axis_master_inst/afifo_24w_4096d_u0/U0/inst_fifo_gen/gconvfifo.rf/grf.rf/gntv_or_sync_fifo.mem/gdm.dm_gen.dm/gpr1.dout_i_reg[10]_i_10' is not a valid endpoint. [E:/experiment/¸´µ©Î¢/Fast-BEV/Fastbev2.0_sa/part2_sa/part2_sa_v2.0/Vivado_Project/constrs/impl_constraints.xdc:8942]
Resolution: A valid end point is a data pin of a sequential cell or a primary output or inout port. Please validate that all the objects returned by your query belong to this list.
WARNING: [Constraints 18-401] set_false_path: 'U0_ps_ai_wrap_demo/U0_ps_ai_peripheral/frame_trans_inst0/axis_master_inst/afifo_24w_4096d_u0/U0/inst_fifo_gen/gconvfifo.rf/grf.rf/gntv_or_sync_fifo.mem/gdm.dm_gen.dm/gpr1.dout_i_reg[10]_i_11' is not a valid endpoint. [E:/experiment/¸´µ©Î¢/Fast-BEV/Fastbev2.0_sa/part2_sa/part2_sa_v2.0/Vivado_Project/constrs/impl_constraints.xdc:8942]
Resolution: A valid end point is a data pin of a sequential cell or a primary output or inout port. Please validate that all the objects returned by your query belong to this list.
WARNING: [Constraints 18-401] set_false_path: 'U0_ps_ai_wrap_demo/U0_ps_ai_peripheral/frame_trans_inst0/axis_master_inst/afifo_24w_4096d_u0/U0/inst_fifo_gen/gconvfifo.rf/grf.rf/gntv_or_sync_fifo.mem/gdm.dm_gen.dm/gpr1.dout_i_reg[10]_i_12' is not a valid endpoint. [E:/experiment/¸´µ©Î¢/Fast-BEV/Fastbev2.0_sa/part2_sa/part2_sa_v2.0/Vivado_Project/constrs/impl_constraints.xdc:8942]
Resolution: A valid end point is a data pin of a sequential cell or a primary output or inout port. Please validate that all the objects returned by your query belong to this list.
WARNING: [Constraints 18-401] set_false_path: 'U0_ps_ai_wrap_demo/U0_ps_ai_peripheral/frame_trans_inst0/axis_master_inst/afifo_24w_4096d_u0/U0/inst_fifo_gen/gconvfifo.rf/grf.rf/gntv_or_sync_fifo.mem/gdm.dm_gen.dm/gpr1.dout_i_reg[10]_i_13' is not a valid endpoint. [E:/experiment/¸´µ©Î¢/Fast-BEV/Fastbev2.0_sa/part2_sa/part2_sa_v2.0/Vivado_Project/constrs/impl_constraints.xdc:8942]
Resolution: A valid end point is a data pin of a sequential cell or a primary output or inout port. Please validate that all the objects returned by your query belong to this list.
WARNING: [Constraints 18-401] set_false_path: 'U0_ps_ai_wrap_demo/U0_ps_ai_peripheral/frame_trans_inst0/axis_master_inst/afifo_24w_4096d_u0/U0/inst_fifo_gen/gconvfifo.rf/grf.rf/gntv_or_sync_fifo.mem/gdm.dm_gen.dm/gpr1.dout_i_reg[10]_i_2' is not a valid endpoint. [E:/experiment/¸´µ©Î¢/Fast-BEV/Fastbev2.0_sa/part2_sa/part2_sa_v2.0/Vivado_Project/constrs/impl_constraints.xdc:8942]
Resolution: A valid end point is a data pin of a sequential cell or a primary output or inout port. Please validate that all the objects returned by your query belong to this list.
WARNING: [Constraints 18-401] set_false_path: 'U0_ps_ai_wrap_demo/U0_ps_ai_peripheral/frame_trans_inst0/axis_master_inst/afifo_24w_4096d_u0/U0/inst_fifo_gen/gconvfifo.rf/grf.rf/gntv_or_sync_fifo.mem/gdm.dm_gen.dm/gpr1.dout_i_reg[10]_i_3' is not a valid endpoint. [E:/experiment/¸´µ©Î¢/Fast-BEV/Fastbev2.0_sa/part2_sa/part2_sa_v2.0/Vivado_Project/constrs/impl_constraints.xdc:8942]
Resolution: A valid end point is a data pin of a sequential cell or a primary output or inout port. Please validate that all the objects returned by your query belong to this list.
WARNING: [Constraints 18-401] set_false_path: 'U0_ps_ai_wrap_demo/U0_ps_ai_peripheral/frame_trans_inst0/axis_master_inst/afifo_24w_4096d_u0/U0/inst_fifo_gen/gconvfifo.rf/grf.rf/gntv_or_sync_fifo.mem/gdm.dm_gen.dm/gpr1.dout_i_reg[10]_i_4' is not a valid endpoint. [E:/experiment/¸´µ©Î¢/Fast-BEV/Fastbev2.0_sa/part2_sa/part2_sa_v2.0/Vivado_Project/constrs/impl_constraints.xdc:8942]
Resolution: A valid end point is a data pin of a sequential cell or a primary output or inout port. Please validate that all the objects returned by your query belong to this list.
WARNING: [Constraints 18-401] set_false_path: 'U0_ps_ai_wrap_demo/U0_ps_ai_peripheral/frame_trans_inst0/axis_master_inst/afifo_24w_4096d_u0/U0/inst_fifo_gen/gconvfifo.rf/grf.rf/gntv_or_sync_fifo.mem/gdm.dm_gen.dm/gpr1.dout_i_reg[10]_i_5' is not a valid endpoint. [E:/experiment/¸´µ©Î¢/Fast-BEV/Fastbev2.0_sa/part2_sa/part2_sa_v2.0/Vivado_Project/constrs/impl_constraints.xdc:8942]
Resolution: A valid end point is a data pin of a sequential cell or a primary output or inout port. Please validate that all the objects returned by your query belong to this list.
WARNING: [Constraints 18-401] set_false_path: 'U0_ps_ai_wrap_demo/U0_ps_ai_peripheral/frame_trans_inst0/axis_master_inst/afifo_24w_4096d_u0/U0/inst_fifo_gen/gconvfifo.rf/grf.rf/gntv_or_sync_fifo.mem/gdm.dm_gen.dm/gpr1.dout_i_reg[10]_i_6' is not a valid endpoint. [E:/experiment/¸´µ©Î¢/Fast-BEV/Fastbev2.0_sa/part2_sa/part2_sa_v2.0/Vivado_Project/constrs/impl_constraints.xdc:8942]
Resolution: A valid end point is a data pin of a sequential cell or a primary output or inout port. Please validate that all the objects returned by your query belong to this list.
WARNING: [Constraints 18-401] set_false_path: 'U0_ps_ai_wrap_demo/U0_ps_ai_peripheral/frame_trans_inst0/axis_master_inst/afifo_24w_4096d_u0/U0/inst_fifo_gen/gconvfifo.rf/grf.rf/gntv_or_sync_fifo.mem/gdm.dm_gen.dm/gpr1.dout_i_reg[10]_i_7' is not a valid endpoint. [E:/experiment/¸´µ©Î¢/Fast-BEV/Fastbev2.0_sa/part2_sa/part2_sa_v2.0/Vivado_Project/constrs/impl_constraints.xdc:8942]
Resolution: A valid end point is a data pin of a sequential cell or a primary output or inout port. Please validate that all the objects returned by your query belong to this list.
WARNING: [Constraints 18-401] set_false_path: 'U0_ps_ai_wrap_demo/U0_ps_ai_peripheral/frame_trans_inst0/axis_master_inst/afifo_24w_4096d_u0/U0/inst_fifo_gen/gconvfifo.rf/grf.rf/gntv_or_sync_fifo.mem/gdm.dm_gen.dm/gpr1.dout_i_reg[10]_i_8' is not a valid endpoint. [E:/experiment/¸´µ©Î¢/Fast-BEV/Fastbev2.0_sa/part2_sa/part2_sa_v2.0/Vivado_Project/constrs/impl_constraints.xdc:8942]
Resolution: A valid end point is a data pin of a sequential cell or a primary output or inout port. Please validate that all the objects returned by your query belong to this list.
WARNING: [Constraints 18-401] set_false_path: 'U0_ps_ai_wrap_demo/U0_ps_ai_peripheral/frame_trans_inst0/axis_master_inst/afifo_24w_4096d_u0/U0/inst_fifo_gen/gconvfifo.rf/grf.rf/gntv_or_sync_fifo.mem/gdm.dm_gen.dm/gpr1.dout_i_reg[10]_i_9' is not a valid endpoint. [E:/experiment/¸´µ©Î¢/Fast-BEV/Fastbev2.0_sa/part2_sa/part2_sa_v2.0/Vivado_Project/constrs/impl_constraints.xdc:8942]
Resolution: A valid end point is a data pin of a sequential cell or a primary output or inout port. Please validate that all the objects returned by your query belong to this list.
WARNING: [Constraints 18-401] set_false_path: 'U0_ps_ai_wrap_demo/U0_ps_ai_peripheral/frame_trans_inst0/axis_master_inst/afifo_24w_4096d_u0/U0/inst_fifo_gen/gconvfifo.rf/grf.rf/gntv_or_sync_fifo.mem/gdm.dm_gen.dm/gpr1.dout_i_reg[11]_i_10' is not a valid endpoint. [E:/experiment/¸´µ©Î¢/Fast-BEV/Fastbev2.0_sa/part2_sa/part2_sa_v2.0/Vivado_Project/constrs/impl_constraints.xdc:8942]
Resolution: A valid end point is a data pin of a sequential cell or a primary output or inout port. Please validate that all the objects returned by your query belong to this list.
WARNING: [Constraints 18-401] set_false_path: 'U0_ps_ai_wrap_demo/U0_ps_ai_peripheral/frame_trans_inst0/axis_master_inst/afifo_24w_4096d_u0/U0/inst_fifo_gen/gconvfifo.rf/grf.rf/gntv_or_sync_fifo.mem/gdm.dm_gen.dm/gpr1.dout_i_reg[11]_i_11' is not a valid endpoint. [E:/experiment/¸´µ©Î¢/Fast-BEV/Fastbev2.0_sa/part2_sa/part2_sa_v2.0/Vivado_Project/constrs/impl_constraints.xdc:8942]
Resolution: A valid end point is a data pin of a sequential cell or a primary output or inout port. Please validate that all the objects returned by your query belong to this list.
WARNING: [Constraints 18-401] set_false_path: 'U0_ps_ai_wrap_demo/U0_ps_ai_peripheral/frame_trans_inst0/axis_master_inst/afifo_24w_4096d_u0/U0/inst_fifo_gen/gconvfifo.rf/grf.rf/gntv_or_sync_fifo.mem/gdm.dm_gen.dm/gpr1.dout_i_reg[11]_i_12' is not a valid endpoint. [E:/experiment/¸´µ©Î¢/Fast-BEV/Fastbev2.0_sa/part2_sa/part2_sa_v2.0/Vivado_Project/constrs/impl_constraints.xdc:8942]
Resolution: A valid end point is a data pin of a sequential cell or a primary output or inout port. Please validate that all the objects returned by your query belong to this list.
WARNING: [Constraints 18-401] set_false_path: 'U0_ps_ai_wrap_demo/U0_ps_ai_peripheral/frame_trans_inst0/axis_master_inst/afifo_24w_4096d_u0/U0/inst_fifo_gen/gconvfifo.rf/grf.rf/gntv_or_sync_fifo.mem/gdm.dm_gen.dm/gpr1.dout_i_reg[11]_i_13' is not a valid endpoint. [E:/experiment/¸´µ©Î¢/Fast-BEV/Fastbev2.0_sa/part2_sa/part2_sa_v2.0/Vivado_Project/constrs/impl_constraints.xdc:8942]
Resolution: A valid end point is a data pin of a sequential cell or a primary output or inout port. Please validate that all the objects returned by your query belong to this list.
WARNING: [Constraints 18-401] set_false_path: 'U0_ps_ai_wrap_demo/U0_ps_ai_peripheral/frame_trans_inst0/axis_master_inst/afifo_24w_4096d_u0/U0/inst_fifo_gen/gconvfifo.rf/grf.rf/gntv_or_sync_fifo.mem/gdm.dm_gen.dm/gpr1.dout_i_reg[11]_i_2' is not a valid endpoint. [E:/experiment/¸´µ©Î¢/Fast-BEV/Fastbev2.0_sa/part2_sa/part2_sa_v2.0/Vivado_Project/constrs/impl_constraints.xdc:8942]
Resolution: A valid end point is a data pin of a sequential cell or a primary output or inout port. Please validate that all the objects returned by your query belong to this list.
WARNING: [Constraints 18-401] set_false_path: 'U0_ps_ai_wrap_demo/U0_ps_ai_peripheral/frame_trans_inst0/axis_master_inst/afifo_24w_4096d_u0/U0/inst_fifo_gen/gconvfifo.rf/grf.rf/gntv_or_sync_fifo.mem/gdm.dm_gen.dm/gpr1.dout_i_reg[11]_i_3' is not a valid endpoint. [E:/experiment/¸´µ©Î¢/Fast-BEV/Fastbev2.0_sa/part2_sa/part2_sa_v2.0/Vivado_Project/constrs/impl_constraints.xdc:8942]
Resolution: A valid end point is a data pin of a sequential cell or a primary output or inout port. Please validate that all the objects returned by your query belong to this list.
WARNING: [Constraints 18-401] set_false_path: 'U0_ps_ai_wrap_demo/U0_ps_ai_peripheral/frame_trans_inst0/axis_master_inst/afifo_24w_4096d_u0/U0/inst_fifo_gen/gconvfifo.rf/grf.rf/gntv_or_sync_fifo.mem/gdm.dm_gen.dm/gpr1.dout_i_reg[11]_i_4' is not a valid endpoint. [E:/experiment/¸´µ©Î¢/Fast-BEV/Fastbev2.0_sa/part2_sa/part2_sa_v2.0/Vivado_Project/constrs/impl_constraints.xdc:8942]
Resolution: A valid end point is a data pin of a sequential cell or a primary output or inout port. Please validate that all the objects returned by your query belong to this list.
WARNING: [Constraints 18-401] set_false_path: 'U0_ps_ai_wrap_demo/U0_ps_ai_peripheral/frame_trans_inst0/axis_master_inst/afifo_24w_4096d_u0/U0/inst_fifo_gen/gconvfifo.rf/grf.rf/gntv_or_sync_fifo.mem/gdm.dm_gen.dm/gpr1.dout_i_reg[11]_i_5' is not a valid endpoint. [E:/experiment/¸´µ©Î¢/Fast-BEV/Fastbev2.0_sa/part2_sa/part2_sa_v2.0/Vivado_Project/constrs/impl_constraints.xdc:8942]
Resolution: A valid end point is a data pin of a sequential cell or a primary output or inout port. Please validate that all the objects returned by your query belong to this list.
WARNING: [Constraints 18-401] set_false_path: 'U0_ps_ai_wrap_demo/U0_ps_ai_peripheral/frame_trans_inst0/axis_master_inst/afifo_24w_4096d_u0/U0/inst_fifo_gen/gconvfifo.rf/grf.rf/gntv_or_sync_fifo.mem/gdm.dm_gen.dm/gpr1.dout_i_reg[11]_i_6' is not a valid endpoint. [E:/experiment/¸´µ©Î¢/Fast-BEV/Fastbev2.0_sa/part2_sa/part2_sa_v2.0/Vivado_Project/constrs/impl_constraints.xdc:8942]
Resolution: A valid end point is a data pin of a sequential cell or a primary output or inout port. Please validate that all the objects returned by your query belong to this list.
WARNING: [Constraints 18-401] set_false_path: 'U0_ps_ai_wrap_demo/U0_ps_ai_peripheral/frame_trans_inst0/axis_master_inst/afifo_24w_4096d_u0/U0/inst_fifo_gen/gconvfifo.rf/grf.rf/gntv_or_sync_fifo.mem/gdm.dm_gen.dm/gpr1.dout_i_reg[11]_i_7' is not a valid endpoint. [E:/experiment/¸´µ©Î¢/Fast-BEV/Fastbev2.0_sa/part2_sa/part2_sa_v2.0/Vivado_Project/constrs/impl_constraints.xdc:8942]
Resolution: A valid end point is a data pin of a sequential cell or a primary output or inout port. Please validate that all the objects returned by your query belong to this list.
WARNING: [Constraints 18-401] set_false_path: 'U0_ps_ai_wrap_demo/U0_ps_ai_peripheral/frame_trans_inst0/axis_master_inst/afifo_24w_4096d_u0/U0/inst_fifo_gen/gconvfifo.rf/grf.rf/gntv_or_sync_fifo.mem/gdm.dm_gen.dm/gpr1.dout_i_reg[11]_i_8' is not a valid endpoint. [E:/experiment/¸´µ©Î¢/Fast-BEV/Fastbev2.0_sa/part2_sa/part2_sa_v2.0/Vivado_Project/constrs/impl_constraints.xdc:8942]
Resolution: A valid end point is a data pin of a sequential cell or a primary output or inout port. Please validate that all the objects returned by your query belong to this list.
WARNING: [Constraints 18-401] set_false_path: 'U0_ps_ai_wrap_demo/U0_ps_ai_peripheral/frame_trans_inst0/axis_master_inst/afifo_24w_4096d_u0/U0/inst_fifo_gen/gconvfifo.rf/grf.rf/gntv_or_sync_fifo.mem/gdm.dm_gen.dm/gpr1.dout_i_reg[11]_i_9' is not a valid endpoint. [E:/experiment/¸´µ©Î¢/Fast-BEV/Fastbev2.0_sa/part2_sa/part2_sa_v2.0/Vivado_Project/constrs/impl_constraints.xdc:8942]
Resolution: A valid end point is a data pin of a sequential cell or a primary output or inout port. Please validate that all the objects returned by your query belong to this list.
WARNING: [Constraints 18-401] set_false_path: 'U0_ps_ai_wrap_demo/U0_ps_ai_peripheral/frame_trans_inst0/axis_master_inst/afifo_24w_4096d_u0/U0/inst_fifo_gen/gconvfifo.rf/grf.rf/gntv_or_sync_fifo.mem/gdm.dm_gen.dm/gpr1.dout_i_reg[12]_i_10' is not a valid endpoint. [E:/experiment/¸´µ©Î¢/Fast-BEV/Fastbev2.0_sa/part2_sa/part2_sa_v2.0/Vivado_Project/constrs/impl_constraints.xdc:8942]
Resolution: A valid end point is a data pin of a sequential cell or a primary output or inout port. Please validate that all the objects returned by your query belong to this list.
WARNING: [Constraints 18-401] set_false_path: 'U0_ps_ai_wrap_demo/U0_ps_ai_peripheral/frame_trans_inst0/axis_master_inst/afifo_24w_4096d_u0/U0/inst_fifo_gen/gconvfifo.rf/grf.rf/gntv_or_sync_fifo.mem/gdm.dm_gen.dm/gpr1.dout_i_reg[12]_i_11' is not a valid endpoint. [E:/experiment/¸´µ©Î¢/Fast-BEV/Fastbev2.0_sa/part2_sa/part2_sa_v2.0/Vivado_Project/constrs/impl_constraints.xdc:8942]
Resolution: A valid end point is a data pin of a sequential cell or a primary output or inout port. Please validate that all the objects returned by your query belong to this list.
WARNING: [Constraints 18-401] set_false_path: 'U0_ps_ai_wrap_demo/U0_ps_ai_peripheral/frame_trans_inst0/axis_master_inst/afifo_24w_4096d_u0/U0/inst_fifo_gen/gconvfifo.rf/grf.rf/gntv_or_sync_fifo.mem/gdm.dm_gen.dm/gpr1.dout_i_reg[12]_i_12' is not a valid endpoint. [E:/experiment/¸´µ©Î¢/Fast-BEV/Fastbev2.0_sa/part2_sa/part2_sa_v2.0/Vivado_Project/constrs/impl_constraints.xdc:8942]
Resolution: A valid end point is a data pin of a sequential cell or a primary output or inout port. Please validate that all the objects returned by your query belong to this list.
WARNING: [Constraints 18-401] set_false_path: 'U0_ps_ai_wrap_demo/U0_ps_ai_peripheral/frame_trans_inst0/axis_master_inst/afifo_24w_4096d_u0/U0/inst_fifo_gen/gconvfifo.rf/grf.rf/gntv_or_sync_fifo.mem/gdm.dm_gen.dm/gpr1.dout_i_reg[12]_i_13' is not a valid endpoint. [E:/experiment/¸´µ©Î¢/Fast-BEV/Fastbev2.0_sa/part2_sa/part2_sa_v2.0/Vivado_Project/constrs/impl_constraints.xdc:8942]
Resolution: A valid end point is a data pin of a sequential cell or a primary output or inout port. Please validate that all the objects returned by your query belong to this list.
WARNING: [Constraints 18-401] set_false_path: 'U0_ps_ai_wrap_demo/U0_ps_ai_peripheral/frame_trans_inst0/axis_master_inst/afifo_24w_4096d_u0/U0/inst_fifo_gen/gconvfifo.rf/grf.rf/gntv_or_sync_fifo.mem/gdm.dm_gen.dm/gpr1.dout_i_reg[12]_i_2' is not a valid endpoint. [E:/experiment/¸´µ©Î¢/Fast-BEV/Fastbev2.0_sa/part2_sa/part2_sa_v2.0/Vivado_Project/constrs/impl_constraints.xdc:8942]
Resolution: A valid end point is a data pin of a sequential cell or a primary output or inout port. Please validate that all the objects returned by your query belong to this list.
WARNING: [Constraints 18-401] set_false_path: 'U0_ps_ai_wrap_demo/U0_ps_ai_peripheral/frame_trans_inst0/axis_master_inst/afifo_24w_4096d_u0/U0/inst_fifo_gen/gconvfifo.rf/grf.rf/gntv_or_sync_fifo.mem/gdm.dm_gen.dm/gpr1.dout_i_reg[12]_i_3' is not a valid endpoint. [E:/experiment/¸´µ©Î¢/Fast-BEV/Fastbev2.0_sa/part2_sa/part2_sa_v2.0/Vivado_Project/constrs/impl_constraints.xdc:8942]
Resolution: A valid end point is a data pin of a sequential cell or a primary output or inout port. Please validate that all the objects returned by your query belong to this list.
WARNING: [Constraints 18-401] set_false_path: 'U0_ps_ai_wrap_demo/U0_ps_ai_peripheral/frame_trans_inst0/axis_master_inst/afifo_24w_4096d_u0/U0/inst_fifo_gen/gconvfifo.rf/grf.rf/gntv_or_sync_fifo.mem/gdm.dm_gen.dm/gpr1.dout_i_reg[12]_i_4' is not a valid endpoint. [E:/experiment/¸´µ©Î¢/Fast-BEV/Fastbev2.0_sa/part2_sa/part2_sa_v2.0/Vivado_Project/constrs/impl_constraints.xdc:8942]
Resolution: A valid end point is a data pin of a sequential cell or a primary output or inout port. Please validate that all the objects returned by your query belong to this list.
WARNING: [Constraints 18-401] set_false_path: 'U0_ps_ai_wrap_demo/U0_ps_ai_peripheral/frame_trans_inst0/axis_master_inst/afifo_24w_4096d_u0/U0/inst_fifo_gen/gconvfifo.rf/grf.rf/gntv_or_sync_fifo.mem/gdm.dm_gen.dm/gpr1.dout_i_reg[12]_i_5' is not a valid endpoint. [E:/experiment/¸´µ©Î¢/Fast-BEV/Fastbev2.0_sa/part2_sa/part2_sa_v2.0/Vivado_Project/constrs/impl_constraints.xdc:8942]
Resolution: A valid end point is a data pin of a sequential cell or a primary output or inout port. Please validate that all the objects returned by your query belong to this list.
WARNING: [Constraints 18-401] set_false_path: 'U0_ps_ai_wrap_demo/U0_ps_ai_peripheral/frame_trans_inst0/axis_master_inst/afifo_24w_4096d_u0/U0/inst_fifo_gen/gconvfifo.rf/grf.rf/gntv_or_sync_fifo.mem/gdm.dm_gen.dm/gpr1.dout_i_reg[12]_i_6' is not a valid endpoint. [E:/experiment/¸´µ©Î¢/Fast-BEV/Fastbev2.0_sa/part2_sa/part2_sa_v2.0/Vivado_Project/constrs/impl_constraints.xdc:8942]
Resolution: A valid end point is a data pin of a sequential cell or a primary output or inout port. Please validate that all the objects returned by your query belong to this list.
WARNING: [Constraints 18-401] set_false_path: 'U0_ps_ai_wrap_demo/U0_ps_ai_peripheral/frame_trans_inst0/axis_master_inst/afifo_24w_4096d_u0/U0/inst_fifo_gen/gconvfifo.rf/grf.rf/gntv_or_sync_fifo.mem/gdm.dm_gen.dm/gpr1.dout_i_reg[12]_i_7' is not a valid endpoint. [E:/experiment/¸´µ©Î¢/Fast-BEV/Fastbev2.0_sa/part2_sa/part2_sa_v2.0/Vivado_Project/constrs/impl_constraints.xdc:8942]
Resolution: A valid end point is a data pin of a sequential cell or a primary output or inout port. Please validate that all the objects returned by your query belong to this list.
WARNING: [Constraints 18-401] set_false_path: 'U0_ps_ai_wrap_demo/U0_ps_ai_peripheral/frame_trans_inst0/axis_master_inst/afifo_24w_4096d_u0/U0/inst_fifo_gen/gconvfifo.rf/grf.rf/gntv_or_sync_fifo.mem/gdm.dm_gen.dm/gpr1.dout_i_reg[12]_i_8' is not a valid endpoint. [E:/experiment/¸´µ©Î¢/Fast-BEV/Fastbev2.0_sa/part2_sa/part2_sa_v2.0/Vivado_Project/constrs/impl_constraints.xdc:8942]
Resolution: A valid end point is a data pin of a sequential cell or a primary output or inout port. Please validate that all the objects returned by your query belong to this list.
WARNING: [Constraints 18-401] set_false_path: 'U0_ps_ai_wrap_demo/U0_ps_ai_peripheral/frame_trans_inst0/axis_master_inst/afifo_24w_4096d_u0/U0/inst_fifo_gen/gconvfifo.rf/grf.rf/gntv_or_sync_fifo.mem/gdm.dm_gen.dm/gpr1.dout_i_reg[12]_i_9' is not a valid endpoint. [E:/experiment/¸´µ©Î¢/Fast-BEV/Fastbev2.0_sa/part2_sa/part2_sa_v2.0/Vivado_Project/constrs/impl_constraints.xdc:8942]
Resolution: A valid end point is a data pin of a sequential cell or a primary output or inout port. Please validate that all the objects returned by your query belong to this list.
WARNING: [Constraints 18-401] set_false_path: 'U0_ps_ai_wrap_demo/U0_ps_ai_peripheral/frame_trans_inst0/axis_master_inst/afifo_24w_4096d_u0/U0/inst_fifo_gen/gconvfifo.rf/grf.rf/gntv_or_sync_fifo.mem/gdm.dm_gen.dm/gpr1.dout_i_reg[13]_i_10' is not a valid endpoint. [E:/experiment/¸´µ©Î¢/Fast-BEV/Fastbev2.0_sa/part2_sa/part2_sa_v2.0/Vivado_Project/constrs/impl_constraints.xdc:8942]
Resolution: A valid end point is a data pin of a sequential cell or a primary output or inout port. Please validate that all the objects returned by your query belong to this list.
WARNING: [Constraints 18-401] set_false_path: 'U0_ps_ai_wrap_demo/U0_ps_ai_peripheral/frame_trans_inst0/axis_master_inst/afifo_24w_4096d_u0/U0/inst_fifo_gen/gconvfifo.rf/grf.rf/gntv_or_sync_fifo.mem/gdm.dm_gen.dm/gpr1.dout_i_reg[13]_i_11' is not a valid endpoint. [E:/experiment/¸´µ©Î¢/Fast-BEV/Fastbev2.0_sa/part2_sa/part2_sa_v2.0/Vivado_Project/constrs/impl_constraints.xdc:8942]
Resolution: A valid end point is a data pin of a sequential cell or a primary output or inout port. Please validate that all the objects returned by your query belong to this list.
WARNING: [Constraints 18-401] set_false_path: 'U0_ps_ai_wrap_demo/U0_ps_ai_peripheral/frame_trans_inst0/axis_master_inst/afifo_24w_4096d_u0/U0/inst_fifo_gen/gconvfifo.rf/grf.rf/gntv_or_sync_fifo.mem/gdm.dm_gen.dm/gpr1.dout_i_reg[13]_i_12' is not a valid endpoint. [E:/experiment/¸´µ©Î¢/Fast-BEV/Fastbev2.0_sa/part2_sa/part2_sa_v2.0/Vivado_Project/constrs/impl_constraints.xdc:8942]
Resolution: A valid end point is a data pin of a sequential cell or a primary output or inout port. Please validate that all the objects returned by your query belong to this list.
WARNING: [Constraints 18-401] set_false_path: 'U0_ps_ai_wrap_demo/U0_ps_ai_peripheral/frame_trans_inst0/axis_master_inst/afifo_24w_4096d_u0/U0/inst_fifo_gen/gconvfifo.rf/grf.rf/gntv_or_sync_fifo.mem/gdm.dm_gen.dm/gpr1.dout_i_reg[13]_i_13' is not a valid endpoint. [E:/experiment/¸´µ©Î¢/Fast-BEV/Fastbev2.0_sa/part2_sa/part2_sa_v2.0/Vivado_Project/constrs/impl_constraints.xdc:8942]
Resolution: A valid end point is a data pin of a sequential cell or a primary output or inout port. Please validate that all the objects returned by your query belong to this list.
WARNING: [Constraints 18-401] set_false_path: 'U0_ps_ai_wrap_demo/U0_ps_ai_peripheral/frame_trans_inst0/axis_master_inst/afifo_24w_4096d_u0/U0/inst_fifo_gen/gconvfifo.rf/grf.rf/gntv_or_sync_fifo.mem/gdm.dm_gen.dm/gpr1.dout_i_reg[13]_i_2' is not a valid endpoint. [E:/experiment/¸´µ©Î¢/Fast-BEV/Fastbev2.0_sa/part2_sa/part2_sa_v2.0/Vivado_Project/constrs/impl_constraints.xdc:8942]
Resolution: A valid end point is a data pin of a sequential cell or a primary output or inout port. Please validate that all the objects returned by your query belong to this list.
WARNING: [Constraints 18-401] set_false_path: 'U0_ps_ai_wrap_demo/U0_ps_ai_peripheral/frame_trans_inst0/axis_master_inst/afifo_24w_4096d_u0/U0/inst_fifo_gen/gconvfifo.rf/grf.rf/gntv_or_sync_fifo.mem/gdm.dm_gen.dm/gpr1.dout_i_reg[13]_i_3' is not a valid endpoint. [E:/experiment/¸´µ©Î¢/Fast-BEV/Fastbev2.0_sa/part2_sa/part2_sa_v2.0/Vivado_Project/constrs/impl_constraints.xdc:8942]
Resolution: A valid end point is a data pin of a sequential cell or a primary output or inout port. Please validate that all the objects returned by your query belong to this list.
WARNING: [Constraints 18-401] set_false_path: 'U0_ps_ai_wrap_demo/U0_ps_ai_peripheral/frame_trans_inst0/axis_master_inst/afifo_24w_4096d_u0/U0/inst_fifo_gen/gconvfifo.rf/grf.rf/gntv_or_sync_fifo.mem/gdm.dm_gen.dm/gpr1.dout_i_reg[13]_i_4' is not a valid endpoint. [E:/experiment/¸´µ©Î¢/Fast-BEV/Fastbev2.0_sa/part2_sa/part2_sa_v2.0/Vivado_Project/constrs/impl_constraints.xdc:8942]
Resolution: A valid end point is a data pin of a sequential cell or a primary output or inout port. Please validate that all the objects returned by your query belong to this list.
WARNING: [Constraints 18-401] set_false_path: 'U0_ps_ai_wrap_demo/U0_ps_ai_peripheral/frame_trans_inst0/axis_master_inst/afifo_24w_4096d_u0/U0/inst_fifo_gen/gconvfifo.rf/grf.rf/gntv_or_sync_fifo.mem/gdm.dm_gen.dm/gpr1.dout_i_reg[13]_i_5' is not a valid endpoint. [E:/experiment/¸´µ©Î¢/Fast-BEV/Fastbev2.0_sa/part2_sa/part2_sa_v2.0/Vivado_Project/constrs/impl_constraints.xdc:8942]
Resolution: A valid end point is a data pin of a sequential cell or a primary output or inout port. Please validate that all the objects returned by your query belong to this list.
WARNING: [Constraints 18-401] set_false_path: 'U0_ps_ai_wrap_demo/U0_ps_ai_peripheral/frame_trans_inst0/axis_master_inst/afifo_24w_4096d_u0/U0/inst_fifo_gen/gconvfifo.rf/grf.rf/gntv_or_sync_fifo.mem/gdm.dm_gen.dm/gpr1.dout_i_reg[13]_i_6' is not a valid endpoint. [E:/experiment/¸´µ©Î¢/Fast-BEV/Fastbev2.0_sa/part2_sa/part2_sa_v2.0/Vivado_Project/constrs/impl_constraints.xdc:8942]
Resolution: A valid end point is a data pin of a sequential cell or a primary output or inout port. Please validate that all the objects returned by your query belong to this list.
WARNING: [Constraints 18-401] set_false_path: 'U0_ps_ai_wrap_demo/U0_ps_ai_peripheral/frame_trans_inst0/axis_master_inst/afifo_24w_4096d_u0/U0/inst_fifo_gen/gconvfifo.rf/grf.rf/gntv_or_sync_fifo.mem/gdm.dm_gen.dm/gpr1.dout_i_reg[13]_i_7' is not a valid endpoint. [E:/experiment/¸´µ©Î¢/Fast-BEV/Fastbev2.0_sa/part2_sa/part2_sa_v2.0/Vivado_Project/constrs/impl_constraints.xdc:8942]
Resolution: A valid end point is a data pin of a sequential cell or a primary output or inout port. Please validate that all the objects returned by your query belong to this list.
WARNING: [Constraints 18-401] set_false_path: 'U0_ps_ai_wrap_demo/U0_ps_ai_peripheral/frame_trans_inst0/axis_master_inst/afifo_24w_4096d_u0/U0/inst_fifo_gen/gconvfifo.rf/grf.rf/gntv_or_sync_fifo.mem/gdm.dm_gen.dm/gpr1.dout_i_reg[13]_i_8' is not a valid endpoint. [E:/experiment/¸´µ©Î¢/Fast-BEV/Fastbev2.0_sa/part2_sa/part2_sa_v2.0/Vivado_Project/constrs/impl_constraints.xdc:8942]
Resolution: A valid end point is a data pin of a sequential cell or a primary output or inout port. Please validate that all the objects returned by your query belong to this list.
WARNING: [Constraints 18-401] set_false_path: 'U0_ps_ai_wrap_demo/U0_ps_ai_peripheral/frame_trans_inst0/axis_master_inst/afifo_24w_4096d_u0/U0/inst_fifo_gen/gconvfifo.rf/grf.rf/gntv_or_sync_fifo.mem/gdm.dm_gen.dm/gpr1.dout_i_reg[13]_i_9' is not a valid endpoint. [E:/experiment/¸´µ©Î¢/Fast-BEV/Fastbev2.0_sa/part2_sa/part2_sa_v2.0/Vivado_Project/constrs/impl_constraints.xdc:8942]
Resolution: A valid end point is a data pin of a sequential cell or a primary output or inout port. Please validate that all the objects returned by your query belong to this list.
WARNING: [Constraints 18-401] set_false_path: 'U0_ps_ai_wrap_demo/U0_ps_ai_peripheral/frame_trans_inst0/axis_master_inst/afifo_24w_4096d_u0/U0/inst_fifo_gen/gconvfifo.rf/grf.rf/gntv_or_sync_fifo.mem/gdm.dm_gen.dm/gpr1.dout_i_reg[14]_i_10' is not a valid endpoint. [E:/experiment/¸´µ©Î¢/Fast-BEV/Fastbev2.0_sa/part2_sa/part2_sa_v2.0/Vivado_Project/constrs/impl_constraints.xdc:8942]
Resolution: A valid end point is a data pin of a sequential cell or a primary output or inout port. Please validate that all the objects returned by your query belong to this list.
WARNING: [Constraints 18-401] set_false_path: 'U0_ps_ai_wrap_demo/U0_ps_ai_peripheral/frame_trans_inst0/axis_master_inst/afifo_24w_4096d_u0/U0/inst_fifo_gen/gconvfifo.rf/grf.rf/gntv_or_sync_fifo.mem/gdm.dm_gen.dm/gpr1.dout_i_reg[14]_i_11' is not a valid endpoint. [E:/experiment/¸´µ©Î¢/Fast-BEV/Fastbev2.0_sa/part2_sa/part2_sa_v2.0/Vivado_Project/constrs/impl_constraints.xdc:8942]
Resolution: A valid end point is a data pin of a sequential cell or a primary output or inout port. Please validate that all the objects returned by your query belong to this list.
WARNING: [Constraints 18-401] set_false_path: 'U0_ps_ai_wrap_demo/U0_ps_ai_peripheral/frame_trans_inst0/axis_master_inst/afifo_24w_4096d_u0/U0/inst_fifo_gen/gconvfifo.rf/grf.rf/gntv_or_sync_fifo.mem/gdm.dm_gen.dm/gpr1.dout_i_reg[14]_i_12' is not a valid endpoint. [E:/experiment/¸´µ©Î¢/Fast-BEV/Fastbev2.0_sa/part2_sa/part2_sa_v2.0/Vivado_Project/constrs/impl_constraints.xdc:8942]
Resolution: A valid end point is a data pin of a sequential cell or a primary output or inout port. Please validate that all the objects returned by your query belong to this list.
WARNING: [Constraints 18-401] set_false_path: 'U0_ps_ai_wrap_demo/U0_ps_ai_peripheral/frame_trans_inst0/axis_master_inst/afifo_24w_4096d_u0/U0/inst_fifo_gen/gconvfifo.rf/grf.rf/gntv_or_sync_fifo.mem/gdm.dm_gen.dm/gpr1.dout_i_reg[14]_i_13' is not a valid endpoint. [E:/experiment/¸´µ©Î¢/Fast-BEV/Fastbev2.0_sa/part2_sa/part2_sa_v2.0/Vivado_Project/constrs/impl_constraints.xdc:8942]
Resolution: A valid end point is a data pin of a sequential cell or a primary output or inout port. Please validate that all the objects returned by your query belong to this list.
WARNING: [Constraints 18-401] set_false_path: 'U0_ps_ai_wrap_demo/U0_ps_ai_peripheral/frame_trans_inst0/axis_master_inst/afifo_24w_4096d_u0/U0/inst_fifo_gen/gconvfifo.rf/grf.rf/gntv_or_sync_fifo.mem/gdm.dm_gen.dm/gpr1.dout_i_reg[14]_i_2' is not a valid endpoint. [E:/experiment/¸´µ©Î¢/Fast-BEV/Fastbev2.0_sa/part2_sa/part2_sa_v2.0/Vivado_Project/constrs/impl_constraints.xdc:8942]
Resolution: A valid end point is a data pin of a sequential cell or a primary output or inout port. Please validate that all the objects returned by your query belong to this list.
WARNING: [Constraints 18-401] set_false_path: 'U0_ps_ai_wrap_demo/U0_ps_ai_peripheral/frame_trans_inst0/axis_master_inst/afifo_24w_4096d_u0/U0/inst_fifo_gen/gconvfifo.rf/grf.rf/gntv_or_sync_fifo.mem/gdm.dm_gen.dm/gpr1.dout_i_reg[14]_i_3' is not a valid endpoint. [E:/experiment/¸´µ©Î¢/Fast-BEV/Fastbev2.0_sa/part2_sa/part2_sa_v2.0/Vivado_Project/constrs/impl_constraints.xdc:8942]
Resolution: A valid end point is a data pin of a sequential cell or a primary output or inout port. Please validate that all the objects returned by your query belong to this list.
WARNING: [Constraints 18-401] set_false_path: 'U0_ps_ai_wrap_demo/U0_ps_ai_peripheral/frame_trans_inst0/axis_master_inst/afifo_24w_4096d_u0/U0/inst_fifo_gen/gconvfifo.rf/grf.rf/gntv_or_sync_fifo.mem/gdm.dm_gen.dm/gpr1.dout_i_reg[14]_i_4' is not a valid endpoint. [E:/experiment/¸´µ©Î¢/Fast-BEV/Fastbev2.0_sa/part2_sa/part2_sa_v2.0/Vivado_Project/constrs/impl_constraints.xdc:8942]
Resolution: A valid end point is a data pin of a sequential cell or a primary output or inout port. Please validate that all the objects returned by your query belong to this list.
WARNING: [Constraints 18-401] set_false_path: 'U0_ps_ai_wrap_demo/U0_ps_ai_peripheral/frame_trans_inst0/axis_master_inst/afifo_24w_4096d_u0/U0/inst_fifo_gen/gconvfifo.rf/grf.rf/gntv_or_sync_fifo.mem/gdm.dm_gen.dm/gpr1.dout_i_reg[14]_i_5' is not a valid endpoint. [E:/experiment/¸´µ©Î¢/Fast-BEV/Fastbev2.0_sa/part2_sa/part2_sa_v2.0/Vivado_Project/constrs/impl_constraints.xdc:8942]
Resolution: A valid end point is a data pin of a sequential cell or a primary output or inout port. Please validate that all the objects returned by your query belong to this list.
WARNING: [Constraints 18-401] set_false_path: 'U0_ps_ai_wrap_demo/U0_ps_ai_peripheral/frame_trans_inst0/axis_master_inst/afifo_24w_4096d_u0/U0/inst_fifo_gen/gconvfifo.rf/grf.rf/gntv_or_sync_fifo.mem/gdm.dm_gen.dm/gpr1.dout_i_reg[14]_i_6' is not a valid endpoint. [E:/experiment/¸´µ©Î¢/Fast-BEV/Fastbev2.0_sa/part2_sa/part2_sa_v2.0/Vivado_Project/constrs/impl_constraints.xdc:8942]
Resolution: A valid end point is a data pin of a sequential cell or a primary output or inout port. Please validate that all the objects returned by your query belong to this list.
WARNING: [Constraints 18-401] set_false_path: 'U0_ps_ai_wrap_demo/U0_ps_ai_peripheral/frame_trans_inst0/axis_master_inst/afifo_24w_4096d_u0/U0/inst_fifo_gen/gconvfifo.rf/grf.rf/gntv_or_sync_fifo.mem/gdm.dm_gen.dm/gpr1.dout_i_reg[14]_i_7' is not a valid endpoint. [E:/experiment/¸´µ©Î¢/Fast-BEV/Fastbev2.0_sa/part2_sa/part2_sa_v2.0/Vivado_Project/constrs/impl_constraints.xdc:8942]
Resolution: A valid end point is a data pin of a sequential cell or a primary output or inout port. Please validate that all the objects returned by your query belong to this list.
WARNING: [Constraints 18-401] set_false_path: 'U0_ps_ai_wrap_demo/U0_ps_ai_peripheral/frame_trans_inst0/axis_master_inst/afifo_24w_4096d_u0/U0/inst_fifo_gen/gconvfifo.rf/grf.rf/gntv_or_sync_fifo.mem/gdm.dm_gen.dm/gpr1.dout_i_reg[14]_i_8' is not a valid endpoint. [E:/experiment/¸´µ©Î¢/Fast-BEV/Fastbev2.0_sa/part2_sa/part2_sa_v2.0/Vivado_Project/constrs/impl_constraints.xdc:8942]
Resolution: A valid end point is a data pin of a sequential cell or a primary output or inout port. Please validate that all the objects returned by your query belong to this list.
WARNING: [Constraints 18-401] set_false_path: 'U0_ps_ai_wrap_demo/U0_ps_ai_peripheral/frame_trans_inst0/axis_master_inst/afifo_24w_4096d_u0/U0/inst_fifo_gen/gconvfifo.rf/grf.rf/gntv_or_sync_fifo.mem/gdm.dm_gen.dm/gpr1.dout_i_reg[14]_i_9' is not a valid endpoint. [E:/experiment/¸´µ©Î¢/Fast-BEV/Fastbev2.0_sa/part2_sa/part2_sa_v2.0/Vivado_Project/constrs/impl_constraints.xdc:8942]
Resolution: A valid end point is a data pin of a sequential cell or a primary output or inout port. Please validate that all the objects returned by your query belong to this list.
WARNING: [Constraints 18-401] set_false_path: 'U0_ps_ai_wrap_demo/U0_ps_ai_peripheral/frame_trans_inst0/axis_master_inst/afifo_24w_4096d_u0/U0/inst_fifo_gen/gconvfifo.rf/grf.rf/gntv_or_sync_fifo.mem/gdm.dm_gen.dm/gpr1.dout_i_reg[15]_i_10' is not a valid endpoint. [E:/experiment/¸´µ©Î¢/Fast-BEV/Fastbev2.0_sa/part2_sa/part2_sa_v2.0/Vivado_Project/constrs/impl_constraints.xdc:8942]
Resolution: A valid end point is a data pin of a sequential cell or a primary output or inout port. Please validate that all the objects returned by your query belong to this list.
WARNING: [Constraints 18-401] set_false_path: 'U0_ps_ai_wrap_demo/U0_ps_ai_peripheral/frame_trans_inst0/axis_master_inst/afifo_24w_4096d_u0/U0/inst_fifo_gen/gconvfifo.rf/grf.rf/gntv_or_sync_fifo.mem/gdm.dm_gen.dm/gpr1.dout_i_reg[15]_i_11' is not a valid endpoint. [E:/experiment/¸´µ©Î¢/Fast-BEV/Fastbev2.0_sa/part2_sa/part2_sa_v2.0/Vivado_Project/constrs/impl_constraints.xdc:8942]
Resolution: A valid end point is a data pin of a sequential cell or a primary output or inout port. Please validate that all the objects returned by your query belong to this list.
WARNING: [Constraints 18-401] set_false_path: 'U0_ps_ai_wrap_demo/U0_ps_ai_peripheral/frame_trans_inst0/axis_master_inst/afifo_24w_4096d_u0/U0/inst_fifo_gen/gconvfifo.rf/grf.rf/gntv_or_sync_fifo.mem/gdm.dm_gen.dm/gpr1.dout_i_reg[15]_i_12' is not a valid endpoint. [E:/experiment/¸´µ©Î¢/Fast-BEV/Fastbev2.0_sa/part2_sa/part2_sa_v2.0/Vivado_Project/constrs/impl_constraints.xdc:8942]
Resolution: A valid end point is a data pin of a sequential cell or a primary output or inout port. Please validate that all the objects returned by your query belong to this list.
WARNING: [Constraints 18-401] set_false_path: 'U0_ps_ai_wrap_demo/U0_ps_ai_peripheral/frame_trans_inst0/axis_master_inst/afifo_24w_4096d_u0/U0/inst_fifo_gen/gconvfifo.rf/grf.rf/gntv_or_sync_fifo.mem/gdm.dm_gen.dm/gpr1.dout_i_reg[15]_i_13' is not a valid endpoint. [E:/experiment/¸´µ©Î¢/Fast-BEV/Fastbev2.0_sa/part2_sa/part2_sa_v2.0/Vivado_Project/constrs/impl_constraints.xdc:8942]
Resolution: A valid end point is a data pin of a sequential cell or a primary output or inout port. Please validate that all the objects returned by your query belong to this list.
WARNING: [Constraints 18-401] set_false_path: 'U0_ps_ai_wrap_demo/U0_ps_ai_peripheral/frame_trans_inst0/axis_master_inst/afifo_24w_4096d_u0/U0/inst_fifo_gen/gconvfifo.rf/grf.rf/gntv_or_sync_fifo.mem/gdm.dm_gen.dm/gpr1.dout_i_reg[15]_i_2' is not a valid endpoint. [E:/experiment/¸´µ©Î¢/Fast-BEV/Fastbev2.0_sa/part2_sa/part2_sa_v2.0/Vivado_Project/constrs/impl_constraints.xdc:8942]
Resolution: A valid end point is a data pin of a sequential cell or a primary output or inout port. Please validate that all the objects returned by your query belong to this list.
WARNING: [Constraints 18-401] set_false_path: 'U0_ps_ai_wrap_demo/U0_ps_ai_peripheral/frame_trans_inst0/axis_master_inst/afifo_24w_4096d_u0/U0/inst_fifo_gen/gconvfifo.rf/grf.rf/gntv_or_sync_fifo.mem/gdm.dm_gen.dm/gpr1.dout_i_reg[15]_i_3' is not a valid endpoint. [E:/experiment/¸´µ©Î¢/Fast-BEV/Fastbev2.0_sa/part2_sa/part2_sa_v2.0/Vivado_Project/constrs/impl_constraints.xdc:8942]
Resolution: A valid end point is a data pin of a sequential cell or a primary output or inout port. Please validate that all the objects returned by your query belong to this list.
WARNING: [Constraints 18-401] set_false_path: 'U0_ps_ai_wrap_demo/U0_ps_ai_peripheral/frame_trans_inst0/axis_master_inst/afifo_24w_4096d_u0/U0/inst_fifo_gen/gconvfifo.rf/grf.rf/gntv_or_sync_fifo.mem/gdm.dm_gen.dm/gpr1.dout_i_reg[15]_i_4' is not a valid endpoint. [E:/experiment/¸´µ©Î¢/Fast-BEV/Fastbev2.0_sa/part2_sa/part2_sa_v2.0/Vivado_Project/constrs/impl_constraints.xdc:8942]
Resolution: A valid end point is a data pin of a sequential cell or a primary output or inout port. Please validate that all the objects returned by your query belong to this list.
WARNING: [Constraints 18-401] set_false_path: 'U0_ps_ai_wrap_demo/U0_ps_ai_peripheral/frame_trans_inst0/axis_master_inst/afifo_24w_4096d_u0/U0/inst_fifo_gen/gconvfifo.rf/grf.rf/gntv_or_sync_fifo.mem/gdm.dm_gen.dm/gpr1.dout_i_reg[15]_i_5' is not a valid endpoint. [E:/experiment/¸´µ©Î¢/Fast-BEV/Fastbev2.0_sa/part2_sa/part2_sa_v2.0/Vivado_Project/constrs/impl_constraints.xdc:8942]
Resolution: A valid end point is a data pin of a sequential cell or a primary output or inout port. Please validate that all the objects returned by your query belong to this list.
WARNING: [Constraints 18-401] set_false_path: 'U0_ps_ai_wrap_demo/U0_ps_ai_peripheral/frame_trans_inst0/axis_master_inst/afifo_24w_4096d_u0/U0/inst_fifo_gen/gconvfifo.rf/grf.rf/gntv_or_sync_fifo.mem/gdm.dm_gen.dm/gpr1.dout_i_reg[15]_i_6' is not a valid endpoint. [E:/experiment/¸´µ©Î¢/Fast-BEV/Fastbev2.0_sa/part2_sa/part2_sa_v2.0/Vivado_Project/constrs/impl_constraints.xdc:8942]
Resolution: A valid end point is a data pin of a sequential cell or a primary output or inout port. Please validate that all the objects returned by your query belong to this list.
WARNING: [Constraints 18-401] set_false_path: 'U0_ps_ai_wrap_demo/U0_ps_ai_peripheral/frame_trans_inst0/axis_master_inst/afifo_24w_4096d_u0/U0/inst_fifo_gen/gconvfifo.rf/grf.rf/gntv_or_sync_fifo.mem/gdm.dm_gen.dm/gpr1.dout_i_reg[15]_i_7' is not a valid endpoint. [E:/experiment/¸´µ©Î¢/Fast-BEV/Fastbev2.0_sa/part2_sa/part2_sa_v2.0/Vivado_Project/constrs/impl_constraints.xdc:8942]
Resolution: A valid end point is a data pin of a sequential cell or a primary output or inout port. Please validate that all the objects returned by your query belong to this list.
WARNING: [Constraints 18-401] set_false_path: 'U0_ps_ai_wrap_demo/U0_ps_ai_peripheral/frame_trans_inst0/axis_master_inst/afifo_24w_4096d_u0/U0/inst_fifo_gen/gconvfifo.rf/grf.rf/gntv_or_sync_fifo.mem/gdm.dm_gen.dm/gpr1.dout_i_reg[15]_i_8' is not a valid endpoint. [E:/experiment/¸´µ©Î¢/Fast-BEV/Fastbev2.0_sa/part2_sa/part2_sa_v2.0/Vivado_Project/constrs/impl_constraints.xdc:8942]
Resolution: A valid end point is a data pin of a sequential cell or a primary output or inout port. Please validate that all the objects returned by your query belong to this list.
WARNING: [Constraints 18-401] set_false_path: 'U0_ps_ai_wrap_demo/U0_ps_ai_peripheral/frame_trans_inst0/axis_master_inst/afifo_24w_4096d_u0/U0/inst_fifo_gen/gconvfifo.rf/grf.rf/gntv_or_sync_fifo.mem/gdm.dm_gen.dm/gpr1.dout_i_reg[15]_i_9' is not a valid endpoint. [E:/experiment/¸´µ©Î¢/Fast-BEV/Fastbev2.0_sa/part2_sa/part2_sa_v2.0/Vivado_Project/constrs/impl_constraints.xdc:8942]
Resolution: A valid end point is a data pin of a sequential cell or a primary output or inout port. Please validate that all the objects returned by your query belong to this list.
WARNING: [Constraints 18-401] set_false_path: 'U0_ps_ai_wrap_demo/U0_ps_ai_peripheral/frame_trans_inst0/axis_master_inst/afifo_24w_4096d_u0/U0/inst_fifo_gen/gconvfifo.rf/grf.rf/gntv_or_sync_fifo.mem/gdm.dm_gen.dm/gpr1.dout_i_reg[16]_i_10' is not a valid endpoint. [E:/experiment/¸´µ©Î¢/Fast-BEV/Fastbev2.0_sa/part2_sa/part2_sa_v2.0/Vivado_Project/constrs/impl_constraints.xdc:8942]
Resolution: A valid end point is a data pin of a sequential cell or a primary output or inout port. Please validate that all the objects returned by your query belong to this list.
WARNING: [Constraints 18-401] set_false_path: 'U0_ps_ai_wrap_demo/U0_ps_ai_peripheral/frame_trans_inst0/axis_master_inst/afifo_24w_4096d_u0/U0/inst_fifo_gen/gconvfifo.rf/grf.rf/gntv_or_sync_fifo.mem/gdm.dm_gen.dm/gpr1.dout_i_reg[16]_i_11' is not a valid endpoint. [E:/experiment/¸´µ©Î¢/Fast-BEV/Fastbev2.0_sa/part2_sa/part2_sa_v2.0/Vivado_Project/constrs/impl_constraints.xdc:8942]
Resolution: A valid end point is a data pin of a sequential cell or a primary output or inout port. Please validate that all the objects returned by your query belong to this list.
WARNING: [Constraints 18-401] set_false_path: 'U0_ps_ai_wrap_demo/U0_ps_ai_peripheral/frame_trans_inst0/axis_master_inst/afifo_24w_4096d_u0/U0/inst_fifo_gen/gconvfifo.rf/grf.rf/gntv_or_sync_fifo.mem/gdm.dm_gen.dm/gpr1.dout_i_reg[16]_i_12' is not a valid endpoint. [E:/experiment/¸´µ©Î¢/Fast-BEV/Fastbev2.0_sa/part2_sa/part2_sa_v2.0/Vivado_Project/constrs/impl_constraints.xdc:8942]
Resolution: A valid end point is a data pin of a sequential cell or a primary output or inout port. Please validate that all the objects returned by your query belong to this list.
WARNING: [Constraints 18-401] set_false_path: 'U0_ps_ai_wrap_demo/U0_ps_ai_peripheral/frame_trans_inst0/axis_master_inst/afifo_24w_4096d_u0/U0/inst_fifo_gen/gconvfifo.rf/grf.rf/gntv_or_sync_fifo.mem/gdm.dm_gen.dm/gpr1.dout_i_reg[16]_i_13' is not a valid endpoint. [E:/experiment/¸´µ©Î¢/Fast-BEV/Fastbev2.0_sa/part2_sa/part2_sa_v2.0/Vivado_Project/constrs/impl_constraints.xdc:8942]
Resolution: A valid end point is a data pin of a sequential cell or a primary output or inout port. Please validate that all the objects returned by your query belong to this list.
WARNING: [Constraints 18-401] set_false_path: 'U0_ps_ai_wrap_demo/U0_ps_ai_peripheral/frame_trans_inst0/axis_master_inst/afifo_24w_4096d_u0/U0/inst_fifo_gen/gconvfifo.rf/grf.rf/gntv_or_sync_fifo.mem/gdm.dm_gen.dm/gpr1.dout_i_reg[16]_i_2' is not a valid endpoint. [E:/experiment/¸´µ©Î¢/Fast-BEV/Fastbev2.0_sa/part2_sa/part2_sa_v2.0/Vivado_Project/constrs/impl_constraints.xdc:8942]
Resolution: A valid end point is a data pin of a sequential cell or a primary output or inout port. Please validate that all the objects returned by your query belong to this list.
WARNING: [Constraints 18-401] set_false_path: 'U0_ps_ai_wrap_demo/U0_ps_ai_peripheral/frame_trans_inst0/axis_master_inst/afifo_24w_4096d_u0/U0/inst_fifo_gen/gconvfifo.rf/grf.rf/gntv_or_sync_fifo.mem/gdm.dm_gen.dm/gpr1.dout_i_reg[16]_i_3' is not a valid endpoint. [E:/experiment/¸´µ©Î¢/Fast-BEV/Fastbev2.0_sa/part2_sa/part2_sa_v2.0/Vivado_Project/constrs/impl_constraints.xdc:8942]
Resolution: A valid end point is a data pin of a sequential cell or a primary output or inout port. Please validate that all the objects returned by your query belong to this list.
WARNING: [Constraints 18-401] set_false_path: 'U0_ps_ai_wrap_demo/U0_ps_ai_peripheral/frame_trans_inst0/axis_master_inst/afifo_24w_4096d_u0/U0/inst_fifo_gen/gconvfifo.rf/grf.rf/gntv_or_sync_fifo.mem/gdm.dm_gen.dm/gpr1.dout_i_reg[16]_i_4' is not a valid endpoint. [E:/experiment/¸´µ©Î¢/Fast-BEV/Fastbev2.0_sa/part2_sa/part2_sa_v2.0/Vivado_Project/constrs/impl_constraints.xdc:8942]
Resolution: A valid end point is a data pin of a sequential cell or a primary output or inout port. Please validate that all the objects returned by your query belong to this list.
WARNING: [Constraints 18-401] set_false_path: 'U0_ps_ai_wrap_demo/U0_ps_ai_peripheral/frame_trans_inst0/axis_master_inst/afifo_24w_4096d_u0/U0/inst_fifo_gen/gconvfifo.rf/grf.rf/gntv_or_sync_fifo.mem/gdm.dm_gen.dm/gpr1.dout_i_reg[16]_i_5' is not a valid endpoint. [E:/experiment/¸´µ©Î¢/Fast-BEV/Fastbev2.0_sa/part2_sa/part2_sa_v2.0/Vivado_Project/constrs/impl_constraints.xdc:8942]
Resolution: A valid end point is a data pin of a sequential cell or a primary output or inout port. Please validate that all the objects returned by your query belong to this list.
WARNING: [Constraints 18-401] set_false_path: 'U0_ps_ai_wrap_demo/U0_ps_ai_peripheral/frame_trans_inst0/axis_master_inst/afifo_24w_4096d_u0/U0/inst_fifo_gen/gconvfifo.rf/grf.rf/gntv_or_sync_fifo.mem/gdm.dm_gen.dm/gpr1.dout_i_reg[16]_i_6' is not a valid endpoint. [E:/experiment/¸´µ©Î¢/Fast-BEV/Fastbev2.0_sa/part2_sa/part2_sa_v2.0/Vivado_Project/constrs/impl_constraints.xdc:8942]
Resolution: A valid end point is a data pin of a sequential cell or a primary output or inout port. Please validate that all the objects returned by your query belong to this list.
WARNING: [Constraints 18-401] set_false_path: 'U0_ps_ai_wrap_demo/U0_ps_ai_peripheral/frame_trans_inst0/axis_master_inst/afifo_24w_4096d_u0/U0/inst_fifo_gen/gconvfifo.rf/grf.rf/gntv_or_sync_fifo.mem/gdm.dm_gen.dm/gpr1.dout_i_reg[16]_i_7' is not a valid endpoint. [E:/experiment/¸´µ©Î¢/Fast-BEV/Fastbev2.0_sa/part2_sa/part2_sa_v2.0/Vivado_Project/constrs/impl_constraints.xdc:8942]
Resolution: A valid end point is a data pin of a sequential cell or a primary output or inout port. Please validate that all the objects returned by your query belong to this list.
WARNING: [Constraints 18-401] set_false_path: 'U0_ps_ai_wrap_demo/U0_ps_ai_peripheral/frame_trans_inst0/axis_master_inst/afifo_24w_4096d_u0/U0/inst_fifo_gen/gconvfifo.rf/grf.rf/gntv_or_sync_fifo.mem/gdm.dm_gen.dm/gpr1.dout_i_reg[16]_i_8' is not a valid endpoint. [E:/experiment/¸´µ©Î¢/Fast-BEV/Fastbev2.0_sa/part2_sa/part2_sa_v2.0/Vivado_Project/constrs/impl_constraints.xdc:8942]
Resolution: A valid end point is a data pin of a sequential cell or a primary output or inout port. Please validate that all the objects returned by your query belong to this list.
WARNING: [Constraints 18-401] set_false_path: 'U0_ps_ai_wrap_demo/U0_ps_ai_peripheral/frame_trans_inst0/axis_master_inst/afifo_24w_4096d_u0/U0/inst_fifo_gen/gconvfifo.rf/grf.rf/gntv_or_sync_fifo.mem/gdm.dm_gen.dm/gpr1.dout_i_reg[16]_i_9' is not a valid endpoint. [E:/experiment/¸´µ©Î¢/Fast-BEV/Fastbev2.0_sa/part2_sa/part2_sa_v2.0/Vivado_Project/constrs/impl_constraints.xdc:8942]
Resolution: A valid end point is a data pin of a sequential cell or a primary output or inout port. Please validate that all the objects returned by your query belong to this list.
WARNING: [Constraints 18-401] set_false_path: 'U0_ps_ai_wrap_demo/U0_ps_ai_peripheral/frame_trans_inst0/axis_master_inst/afifo_24w_4096d_u0/U0/inst_fifo_gen/gconvfifo.rf/grf.rf/gntv_or_sync_fifo.mem/gdm.dm_gen.dm/gpr1.dout_i_reg[17]_i_10' is not a valid endpoint. [E:/experiment/¸´µ©Î¢/Fast-BEV/Fastbev2.0_sa/part2_sa/part2_sa_v2.0/Vivado_Project/constrs/impl_constraints.xdc:8942]
Resolution: A valid end point is a data pin of a sequential cell or a primary output or inout port. Please validate that all the objects returned by your query belong to this list.
WARNING: [Constraints 18-401] set_false_path: 'U0_ps_ai_wrap_demo/U0_ps_ai_peripheral/frame_trans_inst0/axis_master_inst/afifo_24w_4096d_u0/U0/inst_fifo_gen/gconvfifo.rf/grf.rf/gntv_or_sync_fifo.mem/gdm.dm_gen.dm/gpr1.dout_i_reg[17]_i_11' is not a valid endpoint. [E:/experiment/¸´µ©Î¢/Fast-BEV/Fastbev2.0_sa/part2_sa/part2_sa_v2.0/Vivado_Project/constrs/impl_constraints.xdc:8942]
Resolution: A valid end point is a data pin of a sequential cell or a primary output or inout port. Please validate that all the objects returned by your query belong to this list.
WARNING: [Constraints 18-401] set_false_path: 'U0_ps_ai_wrap_demo/U0_ps_ai_peripheral/frame_trans_inst0/axis_master_inst/afifo_24w_4096d_u0/U0/inst_fifo_gen/gconvfifo.rf/grf.rf/gntv_or_sync_fifo.mem/gdm.dm_gen.dm/gpr1.dout_i_reg[17]_i_12' is not a valid endpoint. [E:/experiment/¸´µ©Î¢/Fast-BEV/Fastbev2.0_sa/part2_sa/part2_sa_v2.0/Vivado_Project/constrs/impl_constraints.xdc:8942]
Resolution: A valid end point is a data pin of a sequential cell or a primary output or inout port. Please validate that all the objects returned by your query belong to this list.
WARNING: [Constraints 18-401] set_false_path: 'U0_ps_ai_wrap_demo/U0_ps_ai_peripheral/frame_trans_inst0/axis_master_inst/afifo_24w_4096d_u0/U0/inst_fifo_gen/gconvfifo.rf/grf.rf/gntv_or_sync_fifo.mem/gdm.dm_gen.dm/gpr1.dout_i_reg[17]_i_13' is not a valid endpoint. [E:/experiment/¸´µ©Î¢/Fast-BEV/Fastbev2.0_sa/part2_sa/part2_sa_v2.0/Vivado_Project/constrs/impl_constraints.xdc:8942]
Resolution: A valid end point is a data pin of a sequential cell or a primary output or inout port. Please validate that all the objects returned by your query belong to this list.
INFO: [Common 17-14] Message 'Constraints 18-401' appears 100 times and further instances of the messages will be disabled. Use the Tcl command set_msg_config to change the current settings.
INFO: [Timing 38-35] Done setting XDC timing constraints.
GCIO site IOB_X0Y22
GCIO site IOB_X0Y24
GCIO site IOB_X0Y26
GCIO site IOB_X0Y28
GCIO site IOB_X0Y72
GCIO site IOB_X0Y74
GCIO site IOB_X0Y76
GCIO site IOB_X0Y78
GCIO site IOB_X1Y72
GCIO site IOB_X1Y74
GCIO site IOB_X1Y76
GCIO site IOB_X1Y78
GCIO site IOB_X1Y122
GCIO site IOB_X1Y124
GCIO site IOB_X1Y126
GCIO site IOB_X1Y128
GCIO site IOB_X1Y172
GCIO site IOB_X1Y174
GCIO site IOB_X1Y176
GCIO site IOB_X1Y178
WARNING: [Place 30-575] Sub-optimal placement for a clock-capable IO pin and MMCM pair. This is normally an ERROR but the CLOCK_DEDICATED_ROUTE constraint is set to FALSE allowing your design to continue. The use of this override is highly discouraged as it may lead to very poor timing results. It is recommended that this error condition be corrected in the design.

	U0_ps_ai_wrap_demo/U0_ps_ai_peripheral/mig_ddr3_u0/u_mig_7series_0_mig/u_ddr3_clk_ibuf/diff_input_clk.u_ibufg_sys_clk (IBUFDS.O) is locked to IOB_X1Y124
	U0_ps_ai_wrap_demo/U0_ps_ai_peripheral/mig_ddr3_u0/u_mig_7series_0_mig/u_iodelay_ctrl/clk_ref_mmcm_gen.mmcm_i (MMCME2_ADV.CLKIN1) is provisionally placed by clockplacer on MMCME2_ADV_X1Y3
Resolution: A dedicated routing path between the two can be used if: (a) The clock-capable IO (CCIO) is placed on a CCIO capable site (b) The MMCM is placed in the same clock region as the CCIO pin. If the IOB is driving multiple MMCMs, all MMCMs must be placed in the same clock region, one clock region above or one clock region below the IOB. Both the above conditions must be met at the same time, else it may lead to longer and less predictable clock insertion delays.
Phase 1.2 IO Placement/ Clock Placement/ Build Placer Device | Checksum: 121ec5473

Time (s): cpu = 00:00:24 ; elapsed = 00:00:24 . Memory (MB): peak = 3078.652 ; gain = 0.000

Phase 1.3 Build Placer Netlist Model
Phase 1.3 Build Placer Netlist Model | Checksum: 10843efb1

Time (s): cpu = 00:01:20 ; elapsed = 00:01:13 . Memory (MB): peak = 3078.652 ; gain = 0.000

Phase 1.4 Constrain Clocks/Macros
Phase 1.4 Constrain Clocks/Macros | Checksum: 10843efb1

Time (s): cpu = 00:01:20 ; elapsed = 00:01:14 . Memory (MB): peak = 3078.652 ; gain = 0.000
Phase 1 Placer Initialization | Checksum: 10843efb1

Time (s): cpu = 00:01:21 ; elapsed = 00:01:14 . Memory (MB): peak = 3078.652 ; gain = 0.000

Phase 2 Global Placement

Phase 2.1 Floorplanning
Phase 2.1 Floorplanning | Checksum: 1414b3a45

Time (s): cpu = 00:01:37 ; elapsed = 00:01:28 . Memory (MB): peak = 3078.652 ; gain = 0.000

Phase 2.2 Physical Synthesis In Placer
INFO: [Physopt 32-76] Pass 1. Identified 3 candidate nets for fanout optimization.
INFO: [Physopt 32-81] Processed net U0_ps_ai_wrap_demo/U0_ps_ai_peripheral/ZGolo/u_AI_Mate_top/clkrst_wrapper_u0/u_sync_hp0_clk_rst/hp0_clk_rst. Replicated 54 times.
INFO: [Physopt 32-81] Processed net U0_ps_ai_wrap_demo/U0_ps_ai_peripheral/ZGolo/u_AI_Mate_top/clkrst_wrapper_u0/u_sync_ddr_clk_rst/ddr_clk_rst. Replicated 39 times.
INFO: [Physopt 32-81] Processed net U0_ps_ai_wrap_demo/U0_ps_ai_peripheral/mig_ddr3_u0/u_mig_7series_0_mig/u_memc_ui_top_std/u_ui_top/ui_wr_data0/app_wdf_rdy_r_copy2. Replicated 7 times.
INFO: [Physopt 32-232] Optimized 3 nets. Created 100 new instances.
INFO: [Physopt 32-775] End 1 Pass. Optimized 3 nets or cells. Created 100 new cells, deleted 0 existing cell and moved 0 existing cell
Netlist sorting complete. Time (s): cpu = 00:00:00 ; elapsed = 00:00:00.691 . Memory (MB): peak = 3078.652 ; gain = 0.000
INFO: [Physopt 32-456] No candidate cells for DSP register optimization found in the design.
INFO: [Physopt 32-775] End 2 Pass. Optimized 0 net or cell. Created 0 new cell, deleted 0 existing cell and moved 0 existing cell
INFO: [Physopt 32-677] No candidate cells for Shift Register optimization found in the design
INFO: [Physopt 32-775] End 1 Pass. Optimized 0 net or cell. Created 0 new cell, deleted 0 existing cell and moved 0 existing cell
INFO: [Physopt 32-526] No candidate cells for BRAM register optimization found in the design
INFO: [Physopt 32-775] End 1 Pass. Optimized 0 net or cell. Created 0 new cell, deleted 0 existing cell and moved 0 existing cell
INFO: [Physopt 32-949] No candidate nets found for HD net replication
INFO: [Physopt 32-775] End 1 Pass. Optimized 0 net or cell. Created 0 new cell, deleted 0 existing cell and moved 0 existing cell
Netlist sorting complete. Time (s): cpu = 00:00:00 ; elapsed = 00:00:00.045 . Memory (MB): peak = 3078.652 ; gain = 0.000

Summary of Physical Synthesis Optimizations
============================================


----------------------------------------------------------------------------------------------------------------------------------------
|  Optimization                  |  Added Cells  |  Removed Cells  |  Optimized Cells/Nets  |  Dont Touch  |  Iterations  |  Elapsed   |
----------------------------------------------------------------------------------------------------------------------------------------
|  Very High Fanout              |          100  |              0  |                     3  |           0  |           1  |  00:00:15  |
|  DSP Register                  |            0  |              0  |                     0  |           0  |           1  |  00:00:00  |
|  Shift Register                |            0  |              0  |                     0  |           0  |           1  |  00:00:00  |
|  BRAM Register                 |            0  |              0  |                     0  |           0  |           1  |  00:00:00  |
|  HD Interface Net Replication  |            0  |              0  |                     0  |           0  |           1  |  00:00:00  |
|  Total                         |          100  |              0  |                     3  |           0  |           5  |  00:00:16  |
----------------------------------------------------------------------------------------------------------------------------------------


Phase 2.2 Physical Synthesis In Placer | Checksum: 60f7fe9f

Time (s): cpu = 00:05:37 ; elapsed = 00:04:57 . Memory (MB): peak = 3078.652 ; gain = 0.000
Phase 2 Global Placement | Checksum: 1843f77e0

Time (s): cpu = 00:05:55 ; elapsed = 00:05:13 . Memory (MB): peak = 3078.652 ; gain = 0.000

Phase 3 Detail Placement

Phase 3.1 Commit Multi Column Macros
Phase 3.1 Commit Multi Column Macros | Checksum: 1843f77e0

Time (s): cpu = 00:05:56 ; elapsed = 00:05:14 . Memory (MB): peak = 3078.652 ; gain = 0.000

Phase 3.2 Commit Most Macros & LUTRAMs
Phase 3.2 Commit Most Macros & LUTRAMs | Checksum: 1db9e1cba

Time (s): cpu = 00:06:44 ; elapsed = 00:05:54 . Memory (MB): peak = 3078.652 ; gain = 0.000

Phase 3.3 Area Swap Optimization
Phase 3.3 Area Swap Optimization | Checksum: f731a7f5

Time (s): cpu = 00:06:46 ; elapsed = 00:05:56 . Memory (MB): peak = 3078.652 ; gain = 0.000

Phase 3.4 Pipeline Register Optimization
Phase 3.4 Pipeline Register Optimization | Checksum: 1b6dbcec1

Time (s): cpu = 00:06:47 ; elapsed = 00:05:56 . Memory (MB): peak = 3078.652 ; gain = 0.000

Phase 3.5 Fast Optimization
Phase 3.5 Fast Optimization | Checksum: 1137234d8

Time (s): cpu = 00:07:24 ; elapsed = 00:06:24 . Memory (MB): peak = 3078.652 ; gain = 0.000

Phase 3.6 Small Shape Detail Placement
Phase 3.6 Small Shape Detail Placement | Checksum: 216930a60

Time (s): cpu = 00:08:04 ; elapsed = 00:07:16 . Memory (MB): peak = 3078.652 ; gain = 0.000

Phase 3.7 Re-assign LUT pins
Phase 3.7 Re-assign LUT pins | Checksum: 1747706f3

Time (s): cpu = 00:08:12 ; elapsed = 00:07:26 . Memory (MB): peak = 3078.652 ; gain = 0.000

Phase 3.8 Pipeline Register Optimization
Phase 3.8 Pipeline Register Optimization | Checksum: 1da3b207a

Time (s): cpu = 00:08:13 ; elapsed = 00:07:28 . Memory (MB): peak = 3078.652 ; gain = 0.000
Phase 3 Detail Placement | Checksum: 1da3b207a

Time (s): cpu = 00:08:14 ; elapsed = 00:07:29 . Memory (MB): peak = 3078.652 ; gain = 0.000

Phase 4 Post Placement Optimization and Clean-Up

Phase 4.1 Post Commit Optimization
INFO: [Timing 38-35] Done setting XDC timing constraints.

Phase 4.1.1 Post Placement Optimization
Post Placement Optimization Initialization | Checksum: 2a6bd0a03

Phase 4.1.1.1 BUFG Insertion
INFO: [Place 46-33] Processed net U_bev_accel_top/U_sa_engine_int8/p_0_in, BUFG insertion was skipped due to placement/routing conflicts.
INFO: [Place 46-33] Processed net U0_ps_ai_wrap_demo/U0_ps_ai_peripheral/ZGolo/u_AI_Mate_top/image_make_top_u0/image_make_ctrl_u0/soft_rst_reg_0, BUFG insertion was skipped due to placement/routing conflicts.
INFO: [Place 46-33] Processed net U0_ps_ai_wrap_demo/U0_ps_ai_peripheral/ZGolo/u_AI_Mate_top/u_host_ctrl_rst/SR[0], BUFG insertion was skipped due to placement/routing conflicts.
INFO: [Place 46-33] Processed net U_bev_accel_top/U_bev_reg_ctrl/SR[0], BUFG insertion was skipped due to placement/routing conflicts.
INFO: [Place 46-33] Processed net U0_ps_ai_wrap_demo/U0_ps_ai_peripheral/ZGolo/u_AI_Mate_top/image_make_top_u0/imk_30T.U0_aw_dwc/U0_n2w_bwc_serdes/n2w_nack_here, BUFG insertion was skipped due to placement/routing conflicts.
INFO: [Place 46-33] Processed net U0_ps_ai_wrap_demo/U0_ps_ai_peripheral/u_demo_clkrst_wrapper/rst_d2_gp_clk_reg_0, BUFG insertion was skipped due to placement/routing conflicts.
INFO: [Place 46-33] Processed net U0_ps_ai_wrap_demo/U0_ps_ai_peripheral/ZGolo/u_AI_Mate_top/clkrst_wrapper_u0/u_sync_gp0_clk_rst/gp0_clk_rst, BUFG insertion was skipped due to placement/routing conflicts.
INFO: [Place 46-46] BUFG insertion identified 7 candidate nets, 0 success, 0 bufg driver replicated, 7 skipped for placement/routing, 0 skipped for timing, 0 skipped for netlist change reason
Phase 4.1.1.1 BUFG Insertion | Checksum: 2a6bd0a03

Time (s): cpu = 00:09:11 ; elapsed = 00:08:14 . Memory (MB): peak = 3078.652 ; gain = 0.000
INFO: [Place 30-746] Post Placement Timing Summary WNS=0.000. For the most accurate timing information please run report_timing.
Phase 4.1.1 Post Placement Optimization | Checksum: 21e600195

Time (s): cpu = 00:11:02 ; elapsed = 00:10:02 . Memory (MB): peak = 3078.652 ; gain = 0.000
Phase 4.1 Post Commit Optimization | Checksum: 21e600195

Time (s): cpu = 00:11:03 ; elapsed = 00:10:03 . Memory (MB): peak = 3078.652 ; gain = 0.000

Phase 4.2 Post Placement Cleanup
Phase 4.2 Post Placement Cleanup | Checksum: 21e600195

Time (s): cpu = 00:11:05 ; elapsed = 00:10:05 . Memory (MB): peak = 3078.652 ; gain = 0.000

Phase 4.3 Placer Reporting
Phase 4.3 Placer Reporting | Checksum: 21e600195

Time (s): cpu = 00:11:06 ; elapsed = 00:10:06 . Memory (MB): peak = 3078.652 ; gain = 0.000

Phase 4.4 Final Placement Cleanup
Netlist sorting complete. Time (s): cpu = 00:00:00 ; elapsed = 00:00:00.101 . Memory (MB): peak = 3078.652 ; gain = 0.000
Phase 4.4 Final Placement Cleanup | Checksum: 1b9c10465

Time (s): cpu = 00:11:07 ; elapsed = 00:10:07 . Memory (MB): peak = 3078.652 ; gain = 0.000
Phase 4 Post Placement Optimization and Clean-Up | Checksum: 1b9c10465

Time (s): cpu = 00:11:08 ; elapsed = 00:10:08 . Memory (MB): peak = 3078.652 ; gain = 0.000
Ending Placer Task | Checksum: 11252f330

Time (s): cpu = 00:11:08 ; elapsed = 00:10:08 . Memory (MB): peak = 3078.652 ; gain = 0.000
INFO: [Common 17-83] Releasing license: Implementation
93 Infos, 451 Warnings, 0 Critical Warnings and 0 Errors encountered.
place_design completed successfully
place_design: Time (s): cpu = 00:11:21 ; elapsed = 00:10:20 . Memory (MB): peak = 3078.652 ; gain = 0.000
Netlist sorting complete. Time (s): cpu = 00:00:00 ; elapsed = 00:00:00.080 . Memory (MB): peak = 3078.652 ; gain = 0.000
INFO: [Timing 38-480] Writing timing data to binary archive.
Writing placer database...
Netlist sorting complete. Time (s): cpu = 00:00:00 ; elapsed = 00:00:00.039 . Memory (MB): peak = 3078.652 ; gain = 0.000
Writing XDEF routing.
Writing XDEF routing logical nets.
Writing XDEF routing special nets.
Write XDEF Complete: Time (s): cpu = 00:00:26 ; elapsed = 00:00:09 . Memory (MB): peak = 3078.652 ; gain = 0.000
INFO: [Common 17-1381] The checkpoint 'D:/vivado2018.3/part2_sa_2.0/part2_sa_2.0.runs/impl_1/bev_edif_top_placed.dcp' has been generated.
write_checkpoint: Time (s): cpu = 00:00:50 ; elapsed = 00:00:38 . Memory (MB): peak = 3078.652 ; gain = 0.000
INFO: [runtcl-4] Executing : report_io -file bev_edif_top_io_placed.rpt
report_io: Time (s): cpu = 00:00:00 ; elapsed = 00:00:00.194 . Memory (MB): peak = 3078.652 ; gain = 0.000
INFO: [runtcl-4] Executing : report_utilization -file bev_edif_top_utilization_placed.rpt -pb bev_edif_top_utilization_placed.pb
INFO: [runtcl-4] Executing : report_control_sets -verbose -file bev_edif_top_control_sets_placed.rpt
report_control_sets: Time (s): cpu = 00:00:00 ; elapsed = 00:00:00.690 . Memory (MB): peak = 3078.652 ; gain = 0.000
Command: route_design
Attempting to get a license for feature 'Implementation' and/or device 'xc7z030'
INFO: [Common 17-349] Got license for feature 'Implementation' and/or device 'xc7z030'
Running DRC as a precondition to command route_design
INFO: [DRC 23-27] Running DRC with 2 threads
WARNING: [Designutils 20-3303] unexpected site type 'IOPAD' in HDPYFinalizeIO
WARNING: [Designutils 20-3303] unexpected site type 'IOPAD' in HDPYFinalizeIO
WARNING: [Designutils 20-3303] unexpected site type 'IOPAD' in HDPYFinalizeIO
WARNING: [Designutils 20-3303] unexpected site type 'IOPAD' in HDPYFinalizeIO
WARNING: [Designutils 20-3303] unexpected site type 'IOPAD' in HDPYFinalizeIO
WARNING: [Designutils 20-3303] unexpected site type 'IOPAD' in HDPYFinalizeIO
WARNING: [Designutils 20-3303] unexpected site type 'IOPAD' in HDPYFinalizeIO
WARNING: [Designutils 20-3303] unexpected site type 'IOPAD' in HDPYFinalizeIO
WARNING: [Designutils 20-3303] unexpected site type 'IOPAD' in HDPYFinalizeIO
WARNING: [Designutils 20-3303] unexpected site type 'IOPAD' in HDPYFinalizeIO
WARNING: [Designutils 20-3303] unexpected site type 'IOPAD' in HDPYFinalizeIO
WARNING: [Designutils 20-3303] unexpected site type 'IOPAD' in HDPYFinalizeIO
WARNING: [Designutils 20-3303] unexpected site type 'IOPAD' in HDPYFinalizeIO
WARNING: [Designutils 20-3303] unexpected site type 'IOPAD' in HDPYFinalizeIO
WARNING: [Designutils 20-3303] unexpected site type 'IOPAD' in HDPYFinalizeIO
WARNING: [Designutils 20-3303] unexpected site type 'IOPAD' in HDPYFinalizeIO
WARNING: [Designutils 20-3303] unexpected site type 'IOPAD' in HDPYFinalizeIO
WARNING: [Designutils 20-3303] unexpected site type 'IOPAD' in HDPYFinalizeIO
WARNING: [Designutils 20-3303] unexpected site type 'IOPAD' in HDPYFinalizeIO
WARNING: [Designutils 20-3303] unexpected site type 'IOPAD' in HDPYFinalizeIO
WARNING: [Designutils 20-3303] unexpected site type 'IOPAD' in HDPYFinalizeIO
WARNING: [Designutils 20-3303] unexpected site type 'IOPAD' in HDPYFinalizeIO
WARNING: [Designutils 20-3303] unexpected site type 'IOPAD' in HDPYFinalizeIO
WARNING: [Designutils 20-3303] unexpected site type 'IOPAD' in HDPYFinalizeIO
WARNING: [Designutils 20-3303] unexpected site type 'IOPAD' in HDPYFinalizeIO
WARNING: [Designutils 20-3303] unexpected site type 'IOPAD' in HDPYFinalizeIO
WARNING: [Designutils 20-3303] unexpected site type 'IOPAD' in HDPYFinalizeIO
WARNING: [Designutils 20-3303] unexpected site type 'IOPAD' in HDPYFinalizeIO
WARNING: [Designutils 20-3303] unexpected site type 'IOPAD' in HDPYFinalizeIO
WARNING: [Designutils 20-3303] unexpected site type 'IOPAD' in HDPYFinalizeIO
WARNING: [Designutils 20-3303] unexpected site type 'IOPAD' in HDPYFinalizeIO
WARNING: [Designutils 20-3303] unexpected site type 'IOPAD' in HDPYFinalizeIO
WARNING: [Designutils 20-3303] unexpected site type 'IOPAD' in HDPYFinalizeIO
WARNING: [Designutils 20-3303] unexpected site type 'IOPAD' in HDPYFinalizeIO
WARNING: [Designutils 20-3303] unexpected site type 'IOPAD' in HDPYFinalizeIO
WARNING: [Designutils 20-3303] unexpected site type 'IOPAD' in HDPYFinalizeIO
WARNING: [Designutils 20-3303] unexpected site type 'IOPAD' in HDPYFinalizeIO
WARNING: [Designutils 20-3303] unexpected site type 'IOPAD' in HDPYFinalizeIO
WARNING: [Designutils 20-3303] unexpected site type 'IOPAD' in HDPYFinalizeIO
WARNING: [Designutils 20-3303] unexpected site type 'IOPAD' in HDPYFinalizeIO
WARNING: [Designutils 20-3303] unexpected site type 'IOPAD' in HDPYFinalizeIO
WARNING: [Designutils 20-3303] unexpected site type 'IOPAD' in HDPYFinalizeIO
WARNING: [Designutils 20-3303] unexpected site type 'IOPAD' in HDPYFinalizeIO
WARNING: [Designutils 20-3303] unexpected site type 'IOPAD' in HDPYFinalizeIO
WARNING: [Designutils 20-3303] unexpected site type 'IOPAD' in HDPYFinalizeIO
WARNING: [Designutils 20-3303] unexpected site type 'IOPAD' in HDPYFinalizeIO
WARNING: [Designutils 20-3303] unexpected site type 'IOPAD' in HDPYFinalizeIO
WARNING: [Designutils 20-3303] unexpected site type 'IOPAD' in HDPYFinalizeIO
WARNING: [Designutils 20-3303] unexpected site type 'IOPAD' in HDPYFinalizeIO
WARNING: [Designutils 20-3303] unexpected site type 'IOPAD' in HDPYFinalizeIO
WARNING: [Designutils 20-3303] unexpected site type 'IOPAD' in HDPYFinalizeIO
WARNING: [Designutils 20-3303] unexpected site type 'IOPAD' in HDPYFinalizeIO
WARNING: [Designutils 20-3303] unexpected site type 'IOPAD' in HDPYFinalizeIO
WARNING: [Designutils 20-3303] unexpected site type 'IOPAD' in HDPYFinalizeIO
WARNING: [Designutils 20-3303] unexpected site type 'IOPAD' in HDPYFinalizeIO
WARNING: [Designutils 20-3303] unexpected site type 'IOPAD' in HDPYFinalizeIO
WARNING: [Designutils 20-3303] unexpected site type 'IOPAD' in HDPYFinalizeIO
WARNING: [Designutils 20-3303] unexpected site type 'IOPAD' in HDPYFinalizeIO
WARNING: [Designutils 20-3303] unexpected site type 'IOPAD' in HDPYFinalizeIO
WARNING: [Designutils 20-3303] unexpected site type 'IOPAD' in HDPYFinalizeIO
WARNING: [Designutils 20-3303] unexpected site type 'IOPAD' in HDPYFinalizeIO
WARNING: [Designutils 20-3303] unexpected site type 'IOPAD' in HDPYFinalizeIO
WARNING: [Designutils 20-3303] unexpected site type 'IOPAD' in HDPYFinalizeIO
WARNING: [Designutils 20-3303] unexpected site type 'IOPAD' in HDPYFinalizeIO
WARNING: [Designutils 20-3303] unexpected site type 'IOPAD' in HDPYFinalizeIO
WARNING: [Designutils 20-3303] unexpected site type 'IOPAD' in HDPYFinalizeIO
WARNING: [Designutils 20-3303] unexpected site type 'IOPAD' in HDPYFinalizeIO
WARNING: [Designutils 20-3303] unexpected site type 'IOPAD' in HDPYFinalizeIO
WARNING: [Designutils 20-3303] unexpected site type 'IOPAD' in HDPYFinalizeIO
WARNING: [Designutils 20-3303] unexpected site type 'IOPAD' in HDPYFinalizeIO
WARNING: [Designutils 20-3303] unexpected site type 'IOPAD' in HDPYFinalizeIO
WARNING: [Designutils 20-3303] unexpected site type 'IOPAD' in HDPYFinalizeIO
WARNING: [Designutils 20-3303] unexpected site type 'IOPAD' in HDPYFinalizeIO
WARNING: [Designutils 20-3303] unexpected site type 'IOPAD' in HDPYFinalizeIO
WARNING: [Designutils 20-3303] unexpected site type 'IOPAD' in HDPYFinalizeIO
WARNING: [Designutils 20-3303] unexpected site type 'IOPAD' in HDPYFinalizeIO
WARNING: [Designutils 20-3303] unexpected site type 'IOPAD' in HDPYFinalizeIO
WARNING: [Designutils 20-3303] unexpected site type 'IOPAD' in HDPYFinalizeIO
WARNING: [Designutils 20-3303] unexpected site type 'IOPAD' in HDPYFinalizeIO
WARNING: [Designutils 20-3303] unexpected site type 'IOPAD' in HDPYFinalizeIO
WARNING: [Designutils 20-3303] unexpected site type 'IOPAD' in HDPYFinalizeIO
WARNING: [Designutils 20-3303] unexpected site type 'IOPAD' in HDPYFinalizeIO
WARNING: [Designutils 20-3303] unexpected site type 'IOPAD' in HDPYFinalizeIO
WARNING: [Designutils 20-3303] unexpected site type 'IOPAD' in HDPYFinalizeIO
WARNING: [Designutils 20-3303] unexpected site type 'IOPAD' in HDPYFinalizeIO
WARNING: [Designutils 20-3303] unexpected site type 'IOPAD' in HDPYFinalizeIO
WARNING: [Designutils 20-3303] unexpected site type 'IOPAD' in HDPYFinalizeIO
WARNING: [Designutils 20-3303] unexpected site type 'IOPAD' in HDPYFinalizeIO
WARNING: [Designutils 20-3303] unexpected site type 'IOPAD' in HDPYFinalizeIO
WARNING: [Designutils 20-3303] unexpected site type 'IOPAD' in HDPYFinalizeIO
WARNING: [Designutils 20-3303] unexpected site type 'IOPAD' in HDPYFinalizeIO
WARNING: [Designutils 20-3303] unexpected site type 'IOPAD' in HDPYFinalizeIO
WARNING: [Designutils 20-3303] unexpected site type 'IOPAD' in HDPYFinalizeIO
WARNING: [Designutils 20-3303] unexpected site type 'IOPAD' in HDPYFinalizeIO
WARNING: [Designutils 20-3303] unexpected site type 'IOPAD' in HDPYFinalizeIO
WARNING: [Designutils 20-3303] unexpected site type 'IOPAD' in HDPYFinalizeIO
WARNING: [Designutils 20-3303] unexpected site type 'IOPAD' in HDPYFinalizeIO
WARNING: [Designutils 20-3303] unexpected site type 'IOPAD' in HDPYFinalizeIO
WARNING: [Designutils 20-3303] unexpected site type 'IOPAD' in HDPYFinalizeIO
WARNING: [Designutils 20-3303] unexpected site type 'IOPAD' in HDPYFinalizeIO
INFO: [Common 17-14] Message 'Designutils 20-3303' appears 100 times and further instances of the messages will be disabled. Use the Tcl command set_msg_config to change the current settings.
GCIO site IOB_X0Y22
GCIO site IOB_X0Y24
GCIO site IOB_X0Y26
GCIO site IOB_X0Y28
GCIO site IOB_X0Y72
GCIO site IOB_X0Y74
GCIO site IOB_X0Y76
GCIO site IOB_X0Y78
GCIO site IOB_X1Y72
GCIO site IOB_X1Y74
GCIO site IOB_X1Y76
GCIO site IOB_X1Y78
GCIO site IOB_X1Y122
GCIO site IOB_X1Y124
GCIO site IOB_X1Y126
GCIO site IOB_X1Y128
GCIO site IOB_X1Y172
GCIO site IOB_X1Y174
GCIO site IOB_X1Y176
GCIO site IOB_X1Y178
WARNING: [DRC PLCK-23] Clock Placer Checks: Sub-optimal placement for a clock-capable IO pin and MMCM pair. 
Resolution: A dedicated routing path between the two can be used if: (a) The clock-capable IO (CCIO) is placed on a CCIO capable site (b) The MMCM is placed in the same clock region as the CCIO pin. If the IOB is driving multiple MMCMs, all MMCMs must be placed in the same clock region, one clock region above or one clock region below the IOB. Both the above conditions must be met at the same time, else it may lead to longer and less predictable clock insertion delays.
 This is normally an ERROR but the CLOCK_DEDICATED_ROUTE constraint is set to FALSE allowing your design to continue. The use of this override is highly discouraged as it may lead to very poor timing results. It is recommended that this error condition be corrected in the design.

	U0_ps_ai_wrap_demo/U0_ps_ai_peripheral/mig_ddr3_u0/u_mig_7series_0_mig/u_ddr3_clk_ibuf/diff_input_clk.u_ibufg_sys_clk (IBUFDS.O) is locked to IOB_X1Y124
	U0_ps_ai_wrap_demo/U0_ps_ai_peripheral/mig_ddr3_u0/u_mig_7series_0_mig/u_iodelay_ctrl/clk_ref_mmcm_gen.mmcm_i (MMCME2_ADV.CLKIN1) is provisionally placed by clockplacer on MMCME2_ADV_X1Y3
INFO: [Vivado_Tcl 4-198] DRC finished with 0 Errors, 1 Warnings
INFO: [Vivado_Tcl 4-199] Please refer to the DRC report (report_drc) for more information.


Starting Routing Task
INFO: [Route 35-254] Multithreading enabled for route_design using a maximum of 2 CPUs
Checksum: PlaceDB: 8f6f8592 ConstDB: 0 ShapeSum: 82e36d9e RouteDB: 0

Phase 1 Build RT Design
Phase 1 Build RT Design | Checksum: 7a23f9ee

Time (s): cpu = 00:01:19 ; elapsed = 00:00:57 . Memory (MB): peak = 3078.652 ; gain = 0.000
Post Restoration Checksum: NetGraph: 5e2d7a1e NumContArr: 1bf67fd0 Constraints: 0 Timing: 0

Phase 2 Router Initialization

Phase 2.1 Create Timer
Phase 2.1 Create Timer | Checksum: 7a23f9ee

Time (s): cpu = 00:01:21 ; elapsed = 00:00:59 . Memory (MB): peak = 3078.652 ; gain = 0.000

Phase 2.2 Fix Topology Constraints
Phase 2.2 Fix Topology Constraints | Checksum: 7a23f9ee

Time (s): cpu = 00:01:22 ; elapsed = 00:01:00 . Memory (MB): peak = 3078.652 ; gain = 0.000

Phase 2.3 Pre Route Cleanup
Phase 2.3 Pre Route Cleanup | Checksum: 7a23f9ee

Time (s): cpu = 00:01:22 ; elapsed = 00:01:00 . Memory (MB): peak = 3078.652 ; gain = 0.000
 Number of Nodes with overlaps = 0

Phase 2.4 Update Timing
Phase 2.4 Update Timing | Checksum: 1427ded0c

Time (s): cpu = 00:02:26 ; elapsed = 00:01:54 . Memory (MB): peak = 3078.652 ; gain = 0.000
INFO: [Route 35-416] Intermediate Timing Summary | WNS=-0.031 | TNS=-0.051 | WHS=-0.647 | THS=-4482.103|

Phase 2 Router Initialization | Checksum: 19be9a5c4

Time (s): cpu = 00:03:01 ; elapsed = 00:02:19 . Memory (MB): peak = 3302.891 ; gain = 224.238

Phase 3 Initial Routing
Phase 3 Initial Routing | Checksum: 14f882e6b

Time (s): cpu = 00:03:55 ; elapsed = 00:02:51 . Memory (MB): peak = 3302.891 ; gain = 224.238

Phase 4 Rip-up And Reroute

Phase 4.1 Global Iteration 0
 Number of Nodes with overlaps = 16862
 Number of Nodes with overlaps = 1879
 Number of Nodes with overlaps = 309
 Number of Nodes with overlaps = 81
 Number of Nodes with overlaps = 38
 Number of Nodes with overlaps = 10
 Number of Nodes with overlaps = 5
 Number of Nodes with overlaps = 6
 Number of Nodes with overlaps = 2
 Number of Nodes with overlaps = 0
INFO: [Route 35-416] Intermediate Timing Summary | WNS=-0.031 | TNS=-0.051 | WHS=N/A    | THS=N/A    |

Phase 4.1 Global Iteration 0 | Checksum: 1adf00d35

Time (s): cpu = 00:07:30 ; elapsed = 00:05:39 . Memory (MB): peak = 3302.891 ; gain = 224.238

Phase 4.2 Global Iteration 1
 Number of Nodes with overlaps = 218
 Number of Nodes with overlaps = 70
 Number of Nodes with overlaps = 14
 Number of Nodes with overlaps = 1
 Number of Nodes with overlaps = 1
 Number of Nodes with overlaps = 0
INFO: [Route 35-416] Intermediate Timing Summary | WNS=-0.031 | TNS=-0.051 | WHS=N/A    | THS=N/A    |

Phase 4.2 Global Iteration 1 | Checksum: ba07b45f

Time (s): cpu = 00:07:48 ; elapsed = 00:05:59 . Memory (MB): peak = 3302.891 ; gain = 224.238
Phase 4 Rip-up And Reroute | Checksum: ba07b45f

Time (s): cpu = 00:07:48 ; elapsed = 00:05:59 . Memory (MB): peak = 3302.891 ; gain = 224.238

Phase 5 Delay and Skew Optimization

Phase 5.1 Delay CleanUp

Phase 5.1.1 Update Timing
Phase 5.1.1 Update Timing | Checksum: edbed12d

Time (s): cpu = 00:07:57 ; elapsed = 00:06:06 . Memory (MB): peak = 3302.891 ; gain = 224.238
INFO: [Route 35-416] Intermediate Timing Summary | WNS=-0.031 | TNS=-0.051 | WHS=N/A    | THS=N/A    |

Phase 5.1 Delay CleanUp | Checksum: edbed12d

Time (s): cpu = 00:07:59 ; elapsed = 00:06:08 . Memory (MB): peak = 3302.891 ; gain = 224.238

Phase 5.2 Clock Skew Optimization
Phase 5.2 Clock Skew Optimization | Checksum: edbed12d

Time (s): cpu = 00:08:00 ; elapsed = 00:06:08 . Memory (MB): peak = 3302.891 ; gain = 224.238
Phase 5 Delay and Skew Optimization | Checksum: edbed12d

Time (s): cpu = 00:08:00 ; elapsed = 00:06:09 . Memory (MB): peak = 3302.891 ; gain = 224.238

Phase 6 Post Hold Fix

Phase 6.1 Hold Fix Iter

Phase 6.1.1 Update Timing
Phase 6.1.1 Update Timing | Checksum: dc9f455c

Time (s): cpu = 00:08:11 ; elapsed = 00:06:17 . Memory (MB): peak = 3302.891 ; gain = 224.238
INFO: [Route 35-416] Intermediate Timing Summary | WNS=-0.031 | TNS=-0.051 | WHS=0.024  | THS=0.000  |

Phase 6.1 Hold Fix Iter | Checksum: 14986d257

Time (s): cpu = 00:08:12 ; elapsed = 00:06:18 . Memory (MB): peak = 3302.891 ; gain = 224.238
Phase 6 Post Hold Fix | Checksum: 14986d257

Time (s): cpu = 00:08:12 ; elapsed = 00:06:18 . Memory (MB): peak = 3302.891 ; gain = 224.238

Phase 7 Route finalize

Router Utilization Summary
  Global Vertical Routing Utilization    = 32.3752 %
  Global Horizontal Routing Utilization  = 31.9882 %
  Routable Net Status*
  *Does not include unroutable nets such as driverless and loadless.
  Run report_route_status for detailed report.
  Number of Failed Nets               = 0
  Number of Unrouted Nets             = 0
  Number of Partially Routed Nets     = 0
  Number of Node Overlaps             = 0

Congestion Report
North Dir 4x4 Area, Max Cong = 94.482%, Congestion bounded by tiles (Lower Left Tile -> Upper Right Tile):
   PCIE_NULL_X45Y113 -> INT_R_X19Y111
   INT_L_X20Y108 -> INT_R_X23Y111
   INT_L_X24Y108 -> INT_R_X27Y111
   PCIE_NULL_X45Y109 -> INT_R_X19Y107
   INT_L_X20Y104 -> INT_R_X23Y107
South Dir 4x4 Area, Max Cong = 90.5405%, Congestion bounded by tiles (Lower Left Tile -> Upper Right Tile):
   INT_L_X20Y100 -> INT_R_X23Y103
   INT_L_X20Y96 -> INT_R_X23Y99
East Dir 1x1 Area, Max Cong = 98.5294%, Congestion bounded by tiles (Lower Left Tile -> Upper Right Tile):
   INT_L_X60Y111 -> INT_L_X60Y111
   INT_R_X55Y101 -> INT_R_X55Y101
   INT_L_X16Y99 -> INT_L_X16Y99
   INT_R_X17Y99 -> INT_R_X17Y99
   INT_R_X53Y99 -> INT_R_X53Y99
West Dir 16x16 Area, Max Cong = 87.0691%, Congestion bounded by tiles (Lower Left Tile -> Upper Right Tile):
   INT_L_X16Y8 -> INT_R_X31Y23

------------------------------
Reporting congestion hotspots
------------------------------
Direction: North
----------------
Congested clusters found at Level 1
Effective congestion level: 3 Aspect Ratio: 0.555556 Sparse Ratio: 1.6875
Direction: South
----------------
Congested clusters found at Level 2
Effective congestion level: 3 Aspect Ratio: 0.666667 Sparse Ratio: 1
Direction: East
----------------
Congested clusters found at Level 0
Effective congestion level: 1 Aspect Ratio: 0.666667 Sparse Ratio: 1.25
Direction: West
----------------
Congested clusters found at Level 4
Effective congestion level: 4 Aspect Ratio: 1 Sparse Ratio: 1

Phase 7 Route finalize | Checksum: d620443d

Time (s): cpu = 00:08:14 ; elapsed = 00:06:20 . Memory (MB): peak = 3302.891 ; gain = 224.238

Phase 8 Verifying routed nets

 Verification completed successfully
Phase 8 Verifying routed nets | Checksum: d620443d

Time (s): cpu = 00:08:14 ; elapsed = 00:06:21 . Memory (MB): peak = 3302.891 ; gain = 224.238

Phase 9 Depositing Routes
Phase 9 Depositing Routes | Checksum: de102d41

Time (s): cpu = 00:08:22 ; elapsed = 00:06:30 . Memory (MB): peak = 3302.891 ; gain = 224.238

Phase 10 Post Router Timing
INFO: [Route 35-57] Estimated Timing Summary | WNS=-0.031 | TNS=-0.051 | WHS=0.024  | THS=0.000  |

WARNING: [Route 35-328] Router estimated timing not met.
Resolution: For a complete and accurate timing signoff, report_timing_summary must be run after route_design. Alternatively, route_design can be run with the -timing_summary option to enable a complete timing signoff at the end of route_design.
Phase 10 Post Router Timing | Checksum: de102d41

Time (s): cpu = 00:08:22 ; elapsed = 00:06:31 . Memory (MB): peak = 3302.891 ; gain = 224.238
INFO: [Route 35-16] Router Completed Successfully

Time (s): cpu = 00:08:22 ; elapsed = 00:06:31 . Memory (MB): peak = 3302.891 ; gain = 224.238

Routing Is Done.
INFO: [Common 17-83] Releasing license: Implementation
112 Infos, 553 Warnings, 0 Critical Warnings and 0 Errors encountered.
route_design completed successfully
route_design: Time (s): cpu = 00:08:39 ; elapsed = 00:06:42 . Memory (MB): peak = 3302.891 ; gain = 224.238
Netlist sorting complete. Time (s): cpu = 00:00:00 ; elapsed = 00:00:00.037 . Memory (MB): peak = 3302.891 ; gain = 0.000
INFO: [Timing 38-480] Writing timing data to binary archive.
Writing placer database...
Netlist sorting complete. Time (s): cpu = 00:00:00 ; elapsed = 00:00:00.042 . Memory (MB): peak = 3302.891 ; gain = 0.000
Writing XDEF routing.
Writing XDEF routing logical nets.
Writing XDEF routing special nets.
Write XDEF Complete: Time (s): cpu = 00:00:28 ; elapsed = 00:00:11 . Memory (MB): peak = 3302.891 ; gain = 0.000
INFO: [Common 17-1381] The checkpoint 'D:/vivado2018.3/part2_sa_2.0/part2_sa_2.0.runs/impl_1/bev_edif_top_routed.dcp' has been generated.
write_checkpoint: Time (s): cpu = 00:00:46 ; elapsed = 00:00:33 . Memory (MB): peak = 3302.891 ; gain = 0.000
INFO: [runtcl-4] Executing : report_drc -file bev_edif_top_drc_routed.rpt -pb bev_edif_top_drc_routed.pb -rpx bev_edif_top_drc_routed.rpx
Command: report_drc -file bev_edif_top_drc_routed.rpt -pb bev_edif_top_drc_routed.pb -rpx bev_edif_top_drc_routed.rpx
INFO: [IP_Flow 19-1839] IP Catalog is up to date.
INFO: [DRC 23-27] Running DRC with 2 threads
GCIO site IOB_X0Y22
GCIO site IOB_X0Y24
GCIO site IOB_X0Y26
GCIO site IOB_X0Y28
GCIO site IOB_X0Y72
GCIO site IOB_X0Y74
GCIO site IOB_X0Y76
GCIO site IOB_X0Y78
GCIO site IOB_X1Y72
GCIO site IOB_X1Y74
GCIO site IOB_X1Y76
GCIO site IOB_X1Y78
GCIO site IOB_X1Y122
GCIO site IOB_X1Y124
GCIO site IOB_X1Y126
GCIO site IOB_X1Y128
GCIO site IOB_X1Y172
GCIO site IOB_X1Y174
GCIO site IOB_X1Y176
GCIO site IOB_X1Y178
INFO: [Coretcl 2-168] The results of DRC are in file D:/vivado2018.3/part2_sa_2.0/part2_sa_2.0.runs/impl_1/bev_edif_top_drc_routed.rpt.
report_drc completed successfully
report_drc: Time (s): cpu = 00:00:30 ; elapsed = 00:00:17 . Memory (MB): peak = 3302.891 ; gain = 0.000
INFO: [runtcl-4] Executing : report_methodology -file bev_edif_top_methodology_drc_routed.rpt -pb bev_edif_top_methodology_drc_routed.pb -rpx bev_edif_top_methodology_drc_routed.rpx
Command: report_methodology -file bev_edif_top_methodology_drc_routed.rpt -pb bev_edif_top_methodology_drc_routed.pb -rpx bev_edif_top_methodology_drc_routed.rpx
WARNING: [Constraints 18-401] set_false_path: 'U0_ps_ai_wrap_demo/U0_ps_ai_peripheral/frame_trans_inst0/axis_master_inst/afifo_24w_4096d_u0/U0/inst_fifo_gen/gconvfifo.rf/grf.rf/gntv_or_sync_fifo.mem/gdm.dm_gen.dm/gpr1.dout_i_reg[0]_i_10' is not a valid endpoint. [E:/experiment/¸´µ©Î¢/Fast-BEV/Fastbev2.0_sa/part2_sa/part2_sa_v2.0/Vivado_Project/constrs/impl_constraints.xdc:8942]
Resolution: A valid end point is a data pin of a sequential cell or a primary output or inout port. Please validate that all the objects returned by your query belong to this list.
WARNING: [Constraints 18-401] set_false_path: 'U0_ps_ai_wrap_demo/U0_ps_ai_peripheral/frame_trans_inst0/axis_master_inst/afifo_24w_4096d_u0/U0/inst_fifo_gen/gconvfifo.rf/grf.rf/gntv_or_sync_fifo.mem/gdm.dm_gen.dm/gpr1.dout_i_reg[0]_i_11' is not a valid endpoint. [E:/experiment/¸´µ©Î¢/Fast-BEV/Fastbev2.0_sa/part2_sa/part2_sa_v2.0/Vivado_Project/constrs/impl_constraints.xdc:8942]
Resolution: A valid end point is a data pin of a sequential cell or a primary output or inout port. Please validate that all the objects returned by your query belong to this list.
WARNING: [Constraints 18-401] set_false_path: 'U0_ps_ai_wrap_demo/U0_ps_ai_peripheral/frame_trans_inst0/axis_master_inst/afifo_24w_4096d_u0/U0/inst_fifo_gen/gconvfifo.rf/grf.rf/gntv_or_sync_fifo.mem/gdm.dm_gen.dm/gpr1.dout_i_reg[0]_i_12' is not a valid endpoint. [E:/experiment/¸´µ©Î¢/Fast-BEV/Fastbev2.0_sa/part2_sa/part2_sa_v2.0/Vivado_Project/constrs/impl_constraints.xdc:8942]
Resolution: A valid end point is a data pin of a sequential cell or a primary output or inout port. Please validate that all the objects returned by your query belong to this list.
WARNING: [Constraints 18-401] set_false_path: 'U0_ps_ai_wrap_demo/U0_ps_ai_peripheral/frame_trans_inst0/axis_master_inst/afifo_24w_4096d_u0/U0/inst_fifo_gen/gconvfifo.rf/grf.rf/gntv_or_sync_fifo.mem/gdm.dm_gen.dm/gpr1.dout_i_reg[0]_i_13' is not a valid endpoint. [E:/experiment/¸´µ©Î¢/Fast-BEV/Fastbev2.0_sa/part2_sa/part2_sa_v2.0/Vivado_Project/constrs/impl_constraints.xdc:8942]
Resolution: A valid end point is a data pin of a sequential cell or a primary output or inout port. Please validate that all the objects returned by your query belong to this list.
WARNING: [Constraints 18-401] set_false_path: 'U0_ps_ai_wrap_demo/U0_ps_ai_peripheral/frame_trans_inst0/axis_master_inst/afifo_24w_4096d_u0/U0/inst_fifo_gen/gconvfifo.rf/grf.rf/gntv_or_sync_fifo.mem/gdm.dm_gen.dm/gpr1.dout_i_reg[0]_i_2' is not a valid endpoint. [E:/experiment/¸´µ©Î¢/Fast-BEV/Fastbev2.0_sa/part2_sa/part2_sa_v2.0/Vivado_Project/constrs/impl_constraints.xdc:8942]
Resolution: A valid end point is a data pin of a sequential cell or a primary output or inout port. Please validate that all the objects returned by your query belong to this list.
WARNING: [Constraints 18-401] set_false_path: 'U0_ps_ai_wrap_demo/U0_ps_ai_peripheral/frame_trans_inst0/axis_master_inst/afifo_24w_4096d_u0/U0/inst_fifo_gen/gconvfifo.rf/grf.rf/gntv_or_sync_fifo.mem/gdm.dm_gen.dm/gpr1.dout_i_reg[0]_i_3' is not a valid endpoint. [E:/experiment/¸´µ©Î¢/Fast-BEV/Fastbev2.0_sa/part2_sa/part2_sa_v2.0/Vivado_Project/constrs/impl_constraints.xdc:8942]
Resolution: A valid end point is a data pin of a sequential cell or a primary output or inout port. Please validate that all the objects returned by your query belong to this list.
WARNING: [Constraints 18-401] set_false_path: 'U0_ps_ai_wrap_demo/U0_ps_ai_peripheral/frame_trans_inst0/axis_master_inst/afifo_24w_4096d_u0/U0/inst_fifo_gen/gconvfifo.rf/grf.rf/gntv_or_sync_fifo.mem/gdm.dm_gen.dm/gpr1.dout_i_reg[0]_i_4' is not a valid endpoint. [E:/experiment/¸´µ©Î¢/Fast-BEV/Fastbev2.0_sa/part2_sa/part2_sa_v2.0/Vivado_Project/constrs/impl_constraints.xdc:8942]
Resolution: A valid end point is a data pin of a sequential cell or a primary output or inout port. Please validate that all the objects returned by your query belong to this list.
WARNING: [Constraints 18-401] set_false_path: 'U0_ps_ai_wrap_demo/U0_ps_ai_peripheral/frame_trans_inst0/axis_master_inst/afifo_24w_4096d_u0/U0/inst_fifo_gen/gconvfifo.rf/grf.rf/gntv_or_sync_fifo.mem/gdm.dm_gen.dm/gpr1.dout_i_reg[0]_i_5' is not a valid endpoint. [E:/experiment/¸´µ©Î¢/Fast-BEV/Fastbev2.0_sa/part2_sa/part2_sa_v2.0/Vivado_Project/constrs/impl_constraints.xdc:8942]
Resolution: A valid end point is a data pin of a sequential cell or a primary output or inout port. Please validate that all the objects returned by your query belong to this list.
WARNING: [Constraints 18-401] set_false_path: 'U0_ps_ai_wrap_demo/U0_ps_ai_peripheral/frame_trans_inst0/axis_master_inst/afifo_24w_4096d_u0/U0/inst_fifo_gen/gconvfifo.rf/grf.rf/gntv_or_sync_fifo.mem/gdm.dm_gen.dm/gpr1.dout_i_reg[0]_i_6' is not a valid endpoint. [E:/experiment/¸´µ©Î¢/Fast-BEV/Fastbev2.0_sa/part2_sa/part2_sa_v2.0/Vivado_Project/constrs/impl_constraints.xdc:8942]
Resolution: A valid end point is a data pin of a sequential cell or a primary output or inout port. Please validate that all the objects returned by your query belong to this list.
WARNING: [Constraints 18-401] set_false_path: 'U0_ps_ai_wrap_demo/U0_ps_ai_peripheral/frame_trans_inst0/axis_master_inst/afifo_24w_4096d_u0/U0/inst_fifo_gen/gconvfifo.rf/grf.rf/gntv_or_sync_fifo.mem/gdm.dm_gen.dm/gpr1.dout_i_reg[0]_i_7' is not a valid endpoint. [E:/experiment/¸´µ©Î¢/Fast-BEV/Fastbev2.0_sa/part2_sa/part2_sa_v2.0/Vivado_Project/constrs/impl_constraints.xdc:8942]
Resolution: A valid end point is a data pin of a sequential cell or a primary output or inout port. Please validate that all the objects returned by your query belong to this list.
WARNING: [Constraints 18-401] set_false_path: 'U0_ps_ai_wrap_demo/U0_ps_ai_peripheral/frame_trans_inst0/axis_master_inst/afifo_24w_4096d_u0/U0/inst_fifo_gen/gconvfifo.rf/grf.rf/gntv_or_sync_fifo.mem/gdm.dm_gen.dm/gpr1.dout_i_reg[0]_i_8' is not a valid endpoint. [E:/experiment/¸´µ©Î¢/Fast-BEV/Fastbev2.0_sa/part2_sa/part2_sa_v2.0/Vivado_Project/constrs/impl_constraints.xdc:8942]
Resolution: A valid end point is a data pin of a sequential cell or a primary output or inout port. Please validate that all the objects returned by your query belong to this list.
WARNING: [Constraints 18-401] set_false_path: 'U0_ps_ai_wrap_demo/U0_ps_ai_peripheral/frame_trans_inst0/axis_master_inst/afifo_24w_4096d_u0/U0/inst_fifo_gen/gconvfifo.rf/grf.rf/gntv_or_sync_fifo.mem/gdm.dm_gen.dm/gpr1.dout_i_reg[0]_i_9' is not a valid endpoint. [E:/experiment/¸´µ©Î¢/Fast-BEV/Fastbev2.0_sa/part2_sa/part2_sa_v2.0/Vivado_Project/constrs/impl_constraints.xdc:8942]
Resolution: A valid end point is a data pin of a sequential cell or a primary output or inout port. Please validate that all the objects returned by your query belong to this list.
WARNING: [Constraints 18-401] set_false_path: 'U0_ps_ai_wrap_demo/U0_ps_ai_peripheral/frame_trans_inst0/axis_master_inst/afifo_24w_4096d_u0/U0/inst_fifo_gen/gconvfifo.rf/grf.rf/gntv_or_sync_fifo.mem/gdm.dm_gen.dm/gpr1.dout_i_reg[10]_i_10' is not a valid endpoint. [E:/experiment/¸´µ©Î¢/Fast-BEV/Fastbev2.0_sa/part2_sa/part2_sa_v2.0/Vivado_Project/constrs/impl_constraints.xdc:8942]
Resolution: A valid end point is a data pin of a sequential cell or a primary output or inout port. Please validate that all the objects returned by your query belong to this list.
WARNING: [Constraints 18-401] set_false_path: 'U0_ps_ai_wrap_demo/U0_ps_ai_peripheral/frame_trans_inst0/axis_master_inst/afifo_24w_4096d_u0/U0/inst_fifo_gen/gconvfifo.rf/grf.rf/gntv_or_sync_fifo.mem/gdm.dm_gen.dm/gpr1.dout_i_reg[10]_i_11' is not a valid endpoint. [E:/experiment/¸´µ©Î¢/Fast-BEV/Fastbev2.0_sa/part2_sa/part2_sa_v2.0/Vivado_Project/constrs/impl_constraints.xdc:8942]
Resolution: A valid end point is a data pin of a sequential cell or a primary output or inout port. Please validate that all the objects returned by your query belong to this list.
WARNING: [Constraints 18-401] set_false_path: 'U0_ps_ai_wrap_demo/U0_ps_ai_peripheral/frame_trans_inst0/axis_master_inst/afifo_24w_4096d_u0/U0/inst_fifo_gen/gconvfifo.rf/grf.rf/gntv_or_sync_fifo.mem/gdm.dm_gen.dm/gpr1.dout_i_reg[10]_i_12' is not a valid endpoint. [E:/experiment/¸´µ©Î¢/Fast-BEV/Fastbev2.0_sa/part2_sa/part2_sa_v2.0/Vivado_Project/constrs/impl_constraints.xdc:8942]
Resolution: A valid end point is a data pin of a sequential cell or a primary output or inout port. Please validate that all the objects returned by your query belong to this list.
WARNING: [Constraints 18-401] set_false_path: 'U0_ps_ai_wrap_demo/U0_ps_ai_peripheral/frame_trans_inst0/axis_master_inst/afifo_24w_4096d_u0/U0/inst_fifo_gen/gconvfifo.rf/grf.rf/gntv_or_sync_fifo.mem/gdm.dm_gen.dm/gpr1.dout_i_reg[10]_i_13' is not a valid endpoint. [E:/experiment/¸´µ©Î¢/Fast-BEV/Fastbev2.0_sa/part2_sa/part2_sa_v2.0/Vivado_Project/constrs/impl_constraints.xdc:8942]
Resolution: A valid end point is a data pin of a sequential cell or a primary output or inout port. Please validate that all the objects returned by your query belong to this list.
WARNING: [Constraints 18-401] set_false_path: 'U0_ps_ai_wrap_demo/U0_ps_ai_peripheral/frame_trans_inst0/axis_master_inst/afifo_24w_4096d_u0/U0/inst_fifo_gen/gconvfifo.rf/grf.rf/gntv_or_sync_fifo.mem/gdm.dm_gen.dm/gpr1.dout_i_reg[10]_i_2' is not a valid endpoint. [E:/experiment/¸´µ©Î¢/Fast-BEV/Fastbev2.0_sa/part2_sa/part2_sa_v2.0/Vivado_Project/constrs/impl_constraints.xdc:8942]
Resolution: A valid end point is a data pin of a sequential cell or a primary output or inout port. Please validate that all the objects returned by your query belong to this list.
WARNING: [Constraints 18-401] set_false_path: 'U0_ps_ai_wrap_demo/U0_ps_ai_peripheral/frame_trans_inst0/axis_master_inst/afifo_24w_4096d_u0/U0/inst_fifo_gen/gconvfifo.rf/grf.rf/gntv_or_sync_fifo.mem/gdm.dm_gen.dm/gpr1.dout_i_reg[10]_i_3' is not a valid endpoint. [E:/experiment/¸´µ©Î¢/Fast-BEV/Fastbev2.0_sa/part2_sa/part2_sa_v2.0/Vivado_Project/constrs/impl_constraints.xdc:8942]
Resolution: A valid end point is a data pin of a sequential cell or a primary output or inout port. Please validate that all the objects returned by your query belong to this list.
WARNING: [Constraints 18-401] set_false_path: 'U0_ps_ai_wrap_demo/U0_ps_ai_peripheral/frame_trans_inst0/axis_master_inst/afifo_24w_4096d_u0/U0/inst_fifo_gen/gconvfifo.rf/grf.rf/gntv_or_sync_fifo.mem/gdm.dm_gen.dm/gpr1.dout_i_reg[10]_i_4' is not a valid endpoint. [E:/experiment/¸´µ©Î¢/Fast-BEV/Fastbev2.0_sa/part2_sa/part2_sa_v2.0/Vivado_Project/constrs/impl_constraints.xdc:8942]
Resolution: A valid end point is a data pin of a sequential cell or a primary output or inout port. Please validate that all the objects returned by your query belong to this list.
WARNING: [Constraints 18-401] set_false_path: 'U0_ps_ai_wrap_demo/U0_ps_ai_peripheral/frame_trans_inst0/axis_master_inst/afifo_24w_4096d_u0/U0/inst_fifo_gen/gconvfifo.rf/grf.rf/gntv_or_sync_fifo.mem/gdm.dm_gen.dm/gpr1.dout_i_reg[10]_i_5' is not a valid endpoint. [E:/experiment/¸´µ©Î¢/Fast-BEV/Fastbev2.0_sa/part2_sa/part2_sa_v2.0/Vivado_Project/constrs/impl_constraints.xdc:8942]
Resolution: A valid end point is a data pin of a sequential cell or a primary output or inout port. Please validate that all the objects returned by your query belong to this list.
WARNING: [Constraints 18-401] set_false_path: 'U0_ps_ai_wrap_demo/U0_ps_ai_peripheral/frame_trans_inst0/axis_master_inst/afifo_24w_4096d_u0/U0/inst_fifo_gen/gconvfifo.rf/grf.rf/gntv_or_sync_fifo.mem/gdm.dm_gen.dm/gpr1.dout_i_reg[10]_i_6' is not a valid endpoint. [E:/experiment/¸´µ©Î¢/Fast-BEV/Fastbev2.0_sa/part2_sa/part2_sa_v2.0/Vivado_Project/constrs/impl_constraints.xdc:8942]
Resolution: A valid end point is a data pin of a sequential cell or a primary output or inout port. Please validate that all the objects returned by your query belong to this list.
WARNING: [Constraints 18-401] set_false_path: 'U0_ps_ai_wrap_demo/U0_ps_ai_peripheral/frame_trans_inst0/axis_master_inst/afifo_24w_4096d_u0/U0/inst_fifo_gen/gconvfifo.rf/grf.rf/gntv_or_sync_fifo.mem/gdm.dm_gen.dm/gpr1.dout_i_reg[10]_i_7' is not a valid endpoint. [E:/experiment/¸´µ©Î¢/Fast-BEV/Fastbev2.0_sa/part2_sa/part2_sa_v2.0/Vivado_Project/constrs/impl_constraints.xdc:8942]
Resolution: A valid end point is a data pin of a sequential cell or a primary output or inout port. Please validate that all the objects returned by your query belong to this list.
WARNING: [Constraints 18-401] set_false_path: 'U0_ps_ai_wrap_demo/U0_ps_ai_peripheral/frame_trans_inst0/axis_master_inst/afifo_24w_4096d_u0/U0/inst_fifo_gen/gconvfifo.rf/grf.rf/gntv_or_sync_fifo.mem/gdm.dm_gen.dm/gpr1.dout_i_reg[10]_i_8' is not a valid endpoint. [E:/experiment/¸´µ©Î¢/Fast-BEV/Fastbev2.0_sa/part2_sa/part2_sa_v2.0/Vivado_Project/constrs/impl_constraints.xdc:8942]
Resolution: A valid end point is a data pin of a sequential cell or a primary output or inout port. Please validate that all the objects returned by your query belong to this list.
WARNING: [Constraints 18-401] set_false_path: 'U0_ps_ai_wrap_demo/U0_ps_ai_peripheral/frame_trans_inst0/axis_master_inst/afifo_24w_4096d_u0/U0/inst_fifo_gen/gconvfifo.rf/grf.rf/gntv_or_sync_fifo.mem/gdm.dm_gen.dm/gpr1.dout_i_reg[10]_i_9' is not a valid endpoint. [E:/experiment/¸´µ©Î¢/Fast-BEV/Fastbev2.0_sa/part2_sa/part2_sa_v2.0/Vivado_Project/constrs/impl_constraints.xdc:8942]
Resolution: A valid end point is a data pin of a sequential cell or a primary output or inout port. Please validate that all the objects returned by your query belong to this list.
WARNING: [Constraints 18-401] set_false_path: 'U0_ps_ai_wrap_demo/U0_ps_ai_peripheral/frame_trans_inst0/axis_master_inst/afifo_24w_4096d_u0/U0/inst_fifo_gen/gconvfifo.rf/grf.rf/gntv_or_sync_fifo.mem/gdm.dm_gen.dm/gpr1.dout_i_reg[11]_i_10' is not a valid endpoint. [E:/experiment/¸´µ©Î¢/Fast-BEV/Fastbev2.0_sa/part2_sa/part2_sa_v2.0/Vivado_Project/constrs/impl_constraints.xdc:8942]
Resolution: A valid end point is a data pin of a sequential cell or a primary output or inout port. Please validate that all the objects returned by your query belong to this list.
WARNING: [Constraints 18-401] set_false_path: 'U0_ps_ai_wrap_demo/U0_ps_ai_peripheral/frame_trans_inst0/axis_master_inst/afifo_24w_4096d_u0/U0/inst_fifo_gen/gconvfifo.rf/grf.rf/gntv_or_sync_fifo.mem/gdm.dm_gen.dm/gpr1.dout_i_reg[11]_i_11' is not a valid endpoint. [E:/experiment/¸´µ©Î¢/Fast-BEV/Fastbev2.0_sa/part2_sa/part2_sa_v2.0/Vivado_Project/constrs/impl_constraints.xdc:8942]
Resolution: A valid end point is a data pin of a sequential cell or a primary output or inout port. Please validate that all the objects returned by your query belong to this list.
WARNING: [Constraints 18-401] set_false_path: 'U0_ps_ai_wrap_demo/U0_ps_ai_peripheral/frame_trans_inst0/axis_master_inst/afifo_24w_4096d_u0/U0/inst_fifo_gen/gconvfifo.rf/grf.rf/gntv_or_sync_fifo.mem/gdm.dm_gen.dm/gpr1.dout_i_reg[11]_i_12' is not a valid endpoint. [E:/experiment/¸´µ©Î¢/Fast-BEV/Fastbev2.0_sa/part2_sa/part2_sa_v2.0/Vivado_Project/constrs/impl_constraints.xdc:8942]
Resolution: A valid end point is a data pin of a sequential cell or a primary output or inout port. Please validate that all the objects returned by your query belong to this list.
WARNING: [Constraints 18-401] set_false_path: 'U0_ps_ai_wrap_demo/U0_ps_ai_peripheral/frame_trans_inst0/axis_master_inst/afifo_24w_4096d_u0/U0/inst_fifo_gen/gconvfifo.rf/grf.rf/gntv_or_sync_fifo.mem/gdm.dm_gen.dm/gpr1.dout_i_reg[11]_i_13' is not a valid endpoint. [E:/experiment/¸´µ©Î¢/Fast-BEV/Fastbev2.0_sa/part2_sa/part2_sa_v2.0/Vivado_Project/constrs/impl_constraints.xdc:8942]
Resolution: A valid end point is a data pin of a sequential cell or a primary output or inout port. Please validate that all the objects returned by your query belong to this list.
WARNING: [Constraints 18-401] set_false_path: 'U0_ps_ai_wrap_demo/U0_ps_ai_peripheral/frame_trans_inst0/axis_master_inst/afifo_24w_4096d_u0/U0/inst_fifo_gen/gconvfifo.rf/grf.rf/gntv_or_sync_fifo.mem/gdm.dm_gen.dm/gpr1.dout_i_reg[11]_i_2' is not a valid endpoint. [E:/experiment/¸´µ©Î¢/Fast-BEV/Fastbev2.0_sa/part2_sa/part2_sa_v2.0/Vivado_Project/constrs/impl_constraints.xdc:8942]
Resolution: A valid end point is a data pin of a sequential cell or a primary output or inout port. Please validate that all the objects returned by your query belong to this list.
WARNING: [Constraints 18-401] set_false_path: 'U0_ps_ai_wrap_demo/U0_ps_ai_peripheral/frame_trans_inst0/axis_master_inst/afifo_24w_4096d_u0/U0/inst_fifo_gen/gconvfifo.rf/grf.rf/gntv_or_sync_fifo.mem/gdm.dm_gen.dm/gpr1.dout_i_reg[11]_i_3' is not a valid endpoint. [E:/experiment/¸´µ©Î¢/Fast-BEV/Fastbev2.0_sa/part2_sa/part2_sa_v2.0/Vivado_Project/constrs/impl_constraints.xdc:8942]
Resolution: A valid end point is a data pin of a sequential cell or a primary output or inout port. Please validate that all the objects returned by your query belong to this list.
WARNING: [Constraints 18-401] set_false_path: 'U0_ps_ai_wrap_demo/U0_ps_ai_peripheral/frame_trans_inst0/axis_master_inst/afifo_24w_4096d_u0/U0/inst_fifo_gen/gconvfifo.rf/grf.rf/gntv_or_sync_fifo.mem/gdm.dm_gen.dm/gpr1.dout_i_reg[11]_i_4' is not a valid endpoint. [E:/experiment/¸´µ©Î¢/Fast-BEV/Fastbev2.0_sa/part2_sa/part2_sa_v2.0/Vivado_Project/constrs/impl_constraints.xdc:8942]
Resolution: A valid end point is a data pin of a sequential cell or a primary output or inout port. Please validate that all the objects returned by your query belong to this list.
WARNING: [Constraints 18-401] set_false_path: 'U0_ps_ai_wrap_demo/U0_ps_ai_peripheral/frame_trans_inst0/axis_master_inst/afifo_24w_4096d_u0/U0/inst_fifo_gen/gconvfifo.rf/grf.rf/gntv_or_sync_fifo.mem/gdm.dm_gen.dm/gpr1.dout_i_reg[11]_i_5' is not a valid endpoint. [E:/experiment/¸´µ©Î¢/Fast-BEV/Fastbev2.0_sa/part2_sa/part2_sa_v2.0/Vivado_Project/constrs/impl_constraints.xdc:8942]
Resolution: A valid end point is a data pin of a sequential cell or a primary output or inout port. Please validate that all the objects returned by your query belong to this list.
WARNING: [Constraints 18-401] set_false_path: 'U0_ps_ai_wrap_demo/U0_ps_ai_peripheral/frame_trans_inst0/axis_master_inst/afifo_24w_4096d_u0/U0/inst_fifo_gen/gconvfifo.rf/grf.rf/gntv_or_sync_fifo.mem/gdm.dm_gen.dm/gpr1.dout_i_reg[11]_i_6' is not a valid endpoint. [E:/experiment/¸´µ©Î¢/Fast-BEV/Fastbev2.0_sa/part2_sa/part2_sa_v2.0/Vivado_Project/constrs/impl_constraints.xdc:8942]
Resolution: A valid end point is a data pin of a sequential cell or a primary output or inout port. Please validate that all the objects returned by your query belong to this list.
WARNING: [Constraints 18-401] set_false_path: 'U0_ps_ai_wrap_demo/U0_ps_ai_peripheral/frame_trans_inst0/axis_master_inst/afifo_24w_4096d_u0/U0/inst_fifo_gen/gconvfifo.rf/grf.rf/gntv_or_sync_fifo.mem/gdm.dm_gen.dm/gpr1.dout_i_reg[11]_i_7' is not a valid endpoint. [E:/experiment/¸´µ©Î¢/Fast-BEV/Fastbev2.0_sa/part2_sa/part2_sa_v2.0/Vivado_Project/constrs/impl_constraints.xdc:8942]
Resolution: A valid end point is a data pin of a sequential cell or a primary output or inout port. Please validate that all the objects returned by your query belong to this list.
WARNING: [Constraints 18-401] set_false_path: 'U0_ps_ai_wrap_demo/U0_ps_ai_peripheral/frame_trans_inst0/axis_master_inst/afifo_24w_4096d_u0/U0/inst_fifo_gen/gconvfifo.rf/grf.rf/gntv_or_sync_fifo.mem/gdm.dm_gen.dm/gpr1.dout_i_reg[11]_i_8' is not a valid endpoint. [E:/experiment/¸´µ©Î¢/Fast-BEV/Fastbev2.0_sa/part2_sa/part2_sa_v2.0/Vivado_Project/constrs/impl_constraints.xdc:8942]
Resolution: A valid end point is a data pin of a sequential cell or a primary output or inout port. Please validate that all the objects returned by your query belong to this list.
WARNING: [Constraints 18-401] set_false_path: 'U0_ps_ai_wrap_demo/U0_ps_ai_peripheral/frame_trans_inst0/axis_master_inst/afifo_24w_4096d_u0/U0/inst_fifo_gen/gconvfifo.rf/grf.rf/gntv_or_sync_fifo.mem/gdm.dm_gen.dm/gpr1.dout_i_reg[11]_i_9' is not a valid endpoint. [E:/experiment/¸´µ©Î¢/Fast-BEV/Fastbev2.0_sa/part2_sa/part2_sa_v2.0/Vivado_Project/constrs/impl_constraints.xdc:8942]
Resolution: A valid end point is a data pin of a sequential cell or a primary output or inout port. Please validate that all the objects returned by your query belong to this list.
WARNING: [Constraints 18-401] set_false_path: 'U0_ps_ai_wrap_demo/U0_ps_ai_peripheral/frame_trans_inst0/axis_master_inst/afifo_24w_4096d_u0/U0/inst_fifo_gen/gconvfifo.rf/grf.rf/gntv_or_sync_fifo.mem/gdm.dm_gen.dm/gpr1.dout_i_reg[12]_i_10' is not a valid endpoint. [E:/experiment/¸´µ©Î¢/Fast-BEV/Fastbev2.0_sa/part2_sa/part2_sa_v2.0/Vivado_Project/constrs/impl_constraints.xdc:8942]
Resolution: A valid end point is a data pin of a sequential cell or a primary output or inout port. Please validate that all the objects returned by your query belong to this list.
WARNING: [Constraints 18-401] set_false_path: 'U0_ps_ai_wrap_demo/U0_ps_ai_peripheral/frame_trans_inst0/axis_master_inst/afifo_24w_4096d_u0/U0/inst_fifo_gen/gconvfifo.rf/grf.rf/gntv_or_sync_fifo.mem/gdm.dm_gen.dm/gpr1.dout_i_reg[12]_i_11' is not a valid endpoint. [E:/experiment/¸´µ©Î¢/Fast-BEV/Fastbev2.0_sa/part2_sa/part2_sa_v2.0/Vivado_Project/constrs/impl_constraints.xdc:8942]
Resolution: A valid end point is a data pin of a sequential cell or a primary output or inout port. Please validate that all the objects returned by your query belong to this list.
WARNING: [Constraints 18-401] set_false_path: 'U0_ps_ai_wrap_demo/U0_ps_ai_peripheral/frame_trans_inst0/axis_master_inst/afifo_24w_4096d_u0/U0/inst_fifo_gen/gconvfifo.rf/grf.rf/gntv_or_sync_fifo.mem/gdm.dm_gen.dm/gpr1.dout_i_reg[12]_i_12' is not a valid endpoint. [E:/experiment/¸´µ©Î¢/Fast-BEV/Fastbev2.0_sa/part2_sa/part2_sa_v2.0/Vivado_Project/constrs/impl_constraints.xdc:8942]
Resolution: A valid end point is a data pin of a sequential cell or a primary output or inout port. Please validate that all the objects returned by your query belong to this list.
WARNING: [Constraints 18-401] set_false_path: 'U0_ps_ai_wrap_demo/U0_ps_ai_peripheral/frame_trans_inst0/axis_master_inst/afifo_24w_4096d_u0/U0/inst_fifo_gen/gconvfifo.rf/grf.rf/gntv_or_sync_fifo.mem/gdm.dm_gen.dm/gpr1.dout_i_reg[12]_i_13' is not a valid endpoint. [E:/experiment/¸´µ©Î¢/Fast-BEV/Fastbev2.0_sa/part2_sa/part2_sa_v2.0/Vivado_Project/constrs/impl_constraints.xdc:8942]
Resolution: A valid end point is a data pin of a sequential cell or a primary output or inout port. Please validate that all the objects returned by your query belong to this list.
WARNING: [Constraints 18-401] set_false_path: 'U0_ps_ai_wrap_demo/U0_ps_ai_peripheral/frame_trans_inst0/axis_master_inst/afifo_24w_4096d_u0/U0/inst_fifo_gen/gconvfifo.rf/grf.rf/gntv_or_sync_fifo.mem/gdm.dm_gen.dm/gpr1.dout_i_reg[12]_i_2' is not a valid endpoint. [E:/experiment/¸´µ©Î¢/Fast-BEV/Fastbev2.0_sa/part2_sa/part2_sa_v2.0/Vivado_Project/constrs/impl_constraints.xdc:8942]
Resolution: A valid end point is a data pin of a sequential cell or a primary output or inout port. Please validate that all the objects returned by your query belong to this list.
WARNING: [Constraints 18-401] set_false_path: 'U0_ps_ai_wrap_demo/U0_ps_ai_peripheral/frame_trans_inst0/axis_master_inst/afifo_24w_4096d_u0/U0/inst_fifo_gen/gconvfifo.rf/grf.rf/gntv_or_sync_fifo.mem/gdm.dm_gen.dm/gpr1.dout_i_reg[12]_i_3' is not a valid endpoint. [E:/experiment/¸´µ©Î¢/Fast-BEV/Fastbev2.0_sa/part2_sa/part2_sa_v2.0/Vivado_Project/constrs/impl_constraints.xdc:8942]
Resolution: A valid end point is a data pin of a sequential cell or a primary output or inout port. Please validate that all the objects returned by your query belong to this list.
WARNING: [Constraints 18-401] set_false_path: 'U0_ps_ai_wrap_demo/U0_ps_ai_peripheral/frame_trans_inst0/axis_master_inst/afifo_24w_4096d_u0/U0/inst_fifo_gen/gconvfifo.rf/grf.rf/gntv_or_sync_fifo.mem/gdm.dm_gen.dm/gpr1.dout_i_reg[12]_i_4' is not a valid endpoint. [E:/experiment/¸´µ©Î¢/Fast-BEV/Fastbev2.0_sa/part2_sa/part2_sa_v2.0/Vivado_Project/constrs/impl_constraints.xdc:8942]
Resolution: A valid end point is a data pin of a sequential cell or a primary output or inout port. Please validate that all the objects returned by your query belong to this list.
WARNING: [Constraints 18-401] set_false_path: 'U0_ps_ai_wrap_demo/U0_ps_ai_peripheral/frame_trans_inst0/axis_master_inst/afifo_24w_4096d_u0/U0/inst_fifo_gen/gconvfifo.rf/grf.rf/gntv_or_sync_fifo.mem/gdm.dm_gen.dm/gpr1.dout_i_reg[12]_i_5' is not a valid endpoint. [E:/experiment/¸´µ©Î¢/Fast-BEV/Fastbev2.0_sa/part2_sa/part2_sa_v2.0/Vivado_Project/constrs/impl_constraints.xdc:8942]
Resolution: A valid end point is a data pin of a sequential cell or a primary output or inout port. Please validate that all the objects returned by your query belong to this list.
WARNING: [Constraints 18-401] set_false_path: 'U0_ps_ai_wrap_demo/U0_ps_ai_peripheral/frame_trans_inst0/axis_master_inst/afifo_24w_4096d_u0/U0/inst_fifo_gen/gconvfifo.rf/grf.rf/gntv_or_sync_fifo.mem/gdm.dm_gen.dm/gpr1.dout_i_reg[12]_i_6' is not a valid endpoint. [E:/experiment/¸´µ©Î¢/Fast-BEV/Fastbev2.0_sa/part2_sa/part2_sa_v2.0/Vivado_Project/constrs/impl_constraints.xdc:8942]
Resolution: A valid end point is a data pin of a sequential cell or a primary output or inout port. Please validate that all the objects returned by your query belong to this list.
WARNING: [Constraints 18-401] set_false_path: 'U0_ps_ai_wrap_demo/U0_ps_ai_peripheral/frame_trans_inst0/axis_master_inst/afifo_24w_4096d_u0/U0/inst_fifo_gen/gconvfifo.rf/grf.rf/gntv_or_sync_fifo.mem/gdm.dm_gen.dm/gpr1.dout_i_reg[12]_i_7' is not a valid endpoint. [E:/experiment/¸´µ©Î¢/Fast-BEV/Fastbev2.0_sa/part2_sa/part2_sa_v2.0/Vivado_Project/constrs/impl_constraints.xdc:8942]
Resolution: A valid end point is a data pin of a sequential cell or a primary output or inout port. Please validate that all the objects returned by your query belong to this list.
WARNING: [Constraints 18-401] set_false_path: 'U0_ps_ai_wrap_demo/U0_ps_ai_peripheral/frame_trans_inst0/axis_master_inst/afifo_24w_4096d_u0/U0/inst_fifo_gen/gconvfifo.rf/grf.rf/gntv_or_sync_fifo.mem/gdm.dm_gen.dm/gpr1.dout_i_reg[12]_i_8' is not a valid endpoint. [E:/experiment/¸´µ©Î¢/Fast-BEV/Fastbev2.0_sa/part2_sa/part2_sa_v2.0/Vivado_Project/constrs/impl_constraints.xdc:8942]
Resolution: A valid end point is a data pin of a sequential cell or a primary output or inout port. Please validate that all the objects returned by your query belong to this list.
WARNING: [Constraints 18-401] set_false_path: 'U0_ps_ai_wrap_demo/U0_ps_ai_peripheral/frame_trans_inst0/axis_master_inst/afifo_24w_4096d_u0/U0/inst_fifo_gen/gconvfifo.rf/grf.rf/gntv_or_sync_fifo.mem/gdm.dm_gen.dm/gpr1.dout_i_reg[12]_i_9' is not a valid endpoint. [E:/experiment/¸´µ©Î¢/Fast-BEV/Fastbev2.0_sa/part2_sa/part2_sa_v2.0/Vivado_Project/constrs/impl_constraints.xdc:8942]
Resolution: A valid end point is a data pin of a sequential cell or a primary output or inout port. Please validate that all the objects returned by your query belong to this list.
WARNING: [Constraints 18-401] set_false_path: 'U0_ps_ai_wrap_demo/U0_ps_ai_peripheral/frame_trans_inst0/axis_master_inst/afifo_24w_4096d_u0/U0/inst_fifo_gen/gconvfifo.rf/grf.rf/gntv_or_sync_fifo.mem/gdm.dm_gen.dm/gpr1.dout_i_reg[13]_i_10' is not a valid endpoint. [E:/experiment/¸´µ©Î¢/Fast-BEV/Fastbev2.0_sa/part2_sa/part2_sa_v2.0/Vivado_Project/constrs/impl_constraints.xdc:8942]
Resolution: A valid end point is a data pin of a sequential cell or a primary output or inout port. Please validate that all the objects returned by your query belong to this list.
WARNING: [Constraints 18-401] set_false_path: 'U0_ps_ai_wrap_demo/U0_ps_ai_peripheral/frame_trans_inst0/axis_master_inst/afifo_24w_4096d_u0/U0/inst_fifo_gen/gconvfifo.rf/grf.rf/gntv_or_sync_fifo.mem/gdm.dm_gen.dm/gpr1.dout_i_reg[13]_i_11' is not a valid endpoint. [E:/experiment/¸´µ©Î¢/Fast-BEV/Fastbev2.0_sa/part2_sa/part2_sa_v2.0/Vivado_Project/constrs/impl_constraints.xdc:8942]
Resolution: A valid end point is a data pin of a sequential cell or a primary output or inout port. Please validate that all the objects returned by your query belong to this list.
WARNING: [Constraints 18-401] set_false_path: 'U0_ps_ai_wrap_demo/U0_ps_ai_peripheral/frame_trans_inst0/axis_master_inst/afifo_24w_4096d_u0/U0/inst_fifo_gen/gconvfifo.rf/grf.rf/gntv_or_sync_fifo.mem/gdm.dm_gen.dm/gpr1.dout_i_reg[13]_i_12' is not a valid endpoint. [E:/experiment/¸´µ©Î¢/Fast-BEV/Fastbev2.0_sa/part2_sa/part2_sa_v2.0/Vivado_Project/constrs/impl_constraints.xdc:8942]
Resolution: A valid end point is a data pin of a sequential cell or a primary output or inout port. Please validate that all the objects returned by your query belong to this list.
WARNING: [Constraints 18-401] set_false_path: 'U0_ps_ai_wrap_demo/U0_ps_ai_peripheral/frame_trans_inst0/axis_master_inst/afifo_24w_4096d_u0/U0/inst_fifo_gen/gconvfifo.rf/grf.rf/gntv_or_sync_fifo.mem/gdm.dm_gen.dm/gpr1.dout_i_reg[13]_i_13' is not a valid endpoint. [E:/experiment/¸´µ©Î¢/Fast-BEV/Fastbev2.0_sa/part2_sa/part2_sa_v2.0/Vivado_Project/constrs/impl_constraints.xdc:8942]
Resolution: A valid end point is a data pin of a sequential cell or a primary output or inout port. Please validate that all the objects returned by your query belong to this list.
WARNING: [Constraints 18-401] set_false_path: 'U0_ps_ai_wrap_demo/U0_ps_ai_peripheral/frame_trans_inst0/axis_master_inst/afifo_24w_4096d_u0/U0/inst_fifo_gen/gconvfifo.rf/grf.rf/gntv_or_sync_fifo.mem/gdm.dm_gen.dm/gpr1.dout_i_reg[13]_i_2' is not a valid endpoint. [E:/experiment/¸´µ©Î¢/Fast-BEV/Fastbev2.0_sa/part2_sa/part2_sa_v2.0/Vivado_Project/constrs/impl_constraints.xdc:8942]
Resolution: A valid end point is a data pin of a sequential cell or a primary output or inout port. Please validate that all the objects returned by your query belong to this list.
WARNING: [Constraints 18-401] set_false_path: 'U0_ps_ai_wrap_demo/U0_ps_ai_peripheral/frame_trans_inst0/axis_master_inst/afifo_24w_4096d_u0/U0/inst_fifo_gen/gconvfifo.rf/grf.rf/gntv_or_sync_fifo.mem/gdm.dm_gen.dm/gpr1.dout_i_reg[13]_i_3' is not a valid endpoint. [E:/experiment/¸´µ©Î¢/Fast-BEV/Fastbev2.0_sa/part2_sa/part2_sa_v2.0/Vivado_Project/constrs/impl_constraints.xdc:8942]
Resolution: A valid end point is a data pin of a sequential cell or a primary output or inout port. Please validate that all the objects returned by your query belong to this list.
WARNING: [Constraints 18-401] set_false_path: 'U0_ps_ai_wrap_demo/U0_ps_ai_peripheral/frame_trans_inst0/axis_master_inst/afifo_24w_4096d_u0/U0/inst_fifo_gen/gconvfifo.rf/grf.rf/gntv_or_sync_fifo.mem/gdm.dm_gen.dm/gpr1.dout_i_reg[13]_i_4' is not a valid endpoint. [E:/experiment/¸´µ©Î¢/Fast-BEV/Fastbev2.0_sa/part2_sa/part2_sa_v2.0/Vivado_Project/constrs/impl_constraints.xdc:8942]
Resolution: A valid end point is a data pin of a sequential cell or a primary output or inout port. Please validate that all the objects returned by your query belong to this list.
WARNING: [Constraints 18-401] set_false_path: 'U0_ps_ai_wrap_demo/U0_ps_ai_peripheral/frame_trans_inst0/axis_master_inst/afifo_24w_4096d_u0/U0/inst_fifo_gen/gconvfifo.rf/grf.rf/gntv_or_sync_fifo.mem/gdm.dm_gen.dm/gpr1.dout_i_reg[13]_i_5' is not a valid endpoint. [E:/experiment/¸´µ©Î¢/Fast-BEV/Fastbev2.0_sa/part2_sa/part2_sa_v2.0/Vivado_Project/constrs/impl_constraints.xdc:8942]
Resolution: A valid end point is a data pin of a sequential cell or a primary output or inout port. Please validate that all the objects returned by your query belong to this list.
WARNING: [Constraints 18-401] set_false_path: 'U0_ps_ai_wrap_demo/U0_ps_ai_peripheral/frame_trans_inst0/axis_master_inst/afifo_24w_4096d_u0/U0/inst_fifo_gen/gconvfifo.rf/grf.rf/gntv_or_sync_fifo.mem/gdm.dm_gen.dm/gpr1.dout_i_reg[13]_i_6' is not a valid endpoint. [E:/experiment/¸´µ©Î¢/Fast-BEV/Fastbev2.0_sa/part2_sa/part2_sa_v2.0/Vivado_Project/constrs/impl_constraints.xdc:8942]
Resolution: A valid end point is a data pin of a sequential cell or a primary output or inout port. Please validate that all the objects returned by your query belong to this list.
WARNING: [Constraints 18-401] set_false_path: 'U0_ps_ai_wrap_demo/U0_ps_ai_peripheral/frame_trans_inst0/axis_master_inst/afifo_24w_4096d_u0/U0/inst_fifo_gen/gconvfifo.rf/grf.rf/gntv_or_sync_fifo.mem/gdm.dm_gen.dm/gpr1.dout_i_reg[13]_i_7' is not a valid endpoint. [E:/experiment/¸´µ©Î¢/Fast-BEV/Fastbev2.0_sa/part2_sa/part2_sa_v2.0/Vivado_Project/constrs/impl_constraints.xdc:8942]
Resolution: A valid end point is a data pin of a sequential cell or a primary output or inout port. Please validate that all the objects returned by your query belong to this list.
WARNING: [Constraints 18-401] set_false_path: 'U0_ps_ai_wrap_demo/U0_ps_ai_peripheral/frame_trans_inst0/axis_master_inst/afifo_24w_4096d_u0/U0/inst_fifo_gen/gconvfifo.rf/grf.rf/gntv_or_sync_fifo.mem/gdm.dm_gen.dm/gpr1.dout_i_reg[13]_i_8' is not a valid endpoint. [E:/experiment/¸´µ©Î¢/Fast-BEV/Fastbev2.0_sa/part2_sa/part2_sa_v2.0/Vivado_Project/constrs/impl_constraints.xdc:8942]
Resolution: A valid end point is a data pin of a sequential cell or a primary output or inout port. Please validate that all the objects returned by your query belong to this list.
WARNING: [Constraints 18-401] set_false_path: 'U0_ps_ai_wrap_demo/U0_ps_ai_peripheral/frame_trans_inst0/axis_master_inst/afifo_24w_4096d_u0/U0/inst_fifo_gen/gconvfifo.rf/grf.rf/gntv_or_sync_fifo.mem/gdm.dm_gen.dm/gpr1.dout_i_reg[13]_i_9' is not a valid endpoint. [E:/experiment/¸´µ©Î¢/Fast-BEV/Fastbev2.0_sa/part2_sa/part2_sa_v2.0/Vivado_Project/constrs/impl_constraints.xdc:8942]
Resolution: A valid end point is a data pin of a sequential cell or a primary output or inout port. Please validate that all the objects returned by your query belong to this list.
WARNING: [Constraints 18-401] set_false_path: 'U0_ps_ai_wrap_demo/U0_ps_ai_peripheral/frame_trans_inst0/axis_master_inst/afifo_24w_4096d_u0/U0/inst_fifo_gen/gconvfifo.rf/grf.rf/gntv_or_sync_fifo.mem/gdm.dm_gen.dm/gpr1.dout_i_reg[14]_i_10' is not a valid endpoint. [E:/experiment/¸´µ©Î¢/Fast-BEV/Fastbev2.0_sa/part2_sa/part2_sa_v2.0/Vivado_Project/constrs/impl_constraints.xdc:8942]
Resolution: A valid end point is a data pin of a sequential cell or a primary output or inout port. Please validate that all the objects returned by your query belong to this list.
WARNING: [Constraints 18-401] set_false_path: 'U0_ps_ai_wrap_demo/U0_ps_ai_peripheral/frame_trans_inst0/axis_master_inst/afifo_24w_4096d_u0/U0/inst_fifo_gen/gconvfifo.rf/grf.rf/gntv_or_sync_fifo.mem/gdm.dm_gen.dm/gpr1.dout_i_reg[14]_i_11' is not a valid endpoint. [E:/experiment/¸´µ©Î¢/Fast-BEV/Fastbev2.0_sa/part2_sa/part2_sa_v2.0/Vivado_Project/constrs/impl_constraints.xdc:8942]
Resolution: A valid end point is a data pin of a sequential cell or a primary output or inout port. Please validate that all the objects returned by your query belong to this list.
WARNING: [Constraints 18-401] set_false_path: 'U0_ps_ai_wrap_demo/U0_ps_ai_peripheral/frame_trans_inst0/axis_master_inst/afifo_24w_4096d_u0/U0/inst_fifo_gen/gconvfifo.rf/grf.rf/gntv_or_sync_fifo.mem/gdm.dm_gen.dm/gpr1.dout_i_reg[14]_i_12' is not a valid endpoint. [E:/experiment/¸´µ©Î¢/Fast-BEV/Fastbev2.0_sa/part2_sa/part2_sa_v2.0/Vivado_Project/constrs/impl_constraints.xdc:8942]
Resolution: A valid end point is a data pin of a sequential cell or a primary output or inout port. Please validate that all the objects returned by your query belong to this list.
WARNING: [Constraints 18-401] set_false_path: 'U0_ps_ai_wrap_demo/U0_ps_ai_peripheral/frame_trans_inst0/axis_master_inst/afifo_24w_4096d_u0/U0/inst_fifo_gen/gconvfifo.rf/grf.rf/gntv_or_sync_fifo.mem/gdm.dm_gen.dm/gpr1.dout_i_reg[14]_i_13' is not a valid endpoint. [E:/experiment/¸´µ©Î¢/Fast-BEV/Fastbev2.0_sa/part2_sa/part2_sa_v2.0/Vivado_Project/constrs/impl_constraints.xdc:8942]
Resolution: A valid end point is a data pin of a sequential cell or a primary output or inout port. Please validate that all the objects returned by your query belong to this list.
WARNING: [Constraints 18-401] set_false_path: 'U0_ps_ai_wrap_demo/U0_ps_ai_peripheral/frame_trans_inst0/axis_master_inst/afifo_24w_4096d_u0/U0/inst_fifo_gen/gconvfifo.rf/grf.rf/gntv_or_sync_fifo.mem/gdm.dm_gen.dm/gpr1.dout_i_reg[14]_i_2' is not a valid endpoint. [E:/experiment/¸´µ©Î¢/Fast-BEV/Fastbev2.0_sa/part2_sa/part2_sa_v2.0/Vivado_Project/constrs/impl_constraints.xdc:8942]
Resolution: A valid end point is a data pin of a sequential cell or a primary output or inout port. Please validate that all the objects returned by your query belong to this list.
WARNING: [Constraints 18-401] set_false_path: 'U0_ps_ai_wrap_demo/U0_ps_ai_peripheral/frame_trans_inst0/axis_master_inst/afifo_24w_4096d_u0/U0/inst_fifo_gen/gconvfifo.rf/grf.rf/gntv_or_sync_fifo.mem/gdm.dm_gen.dm/gpr1.dout_i_reg[14]_i_3' is not a valid endpoint. [E:/experiment/¸´µ©Î¢/Fast-BEV/Fastbev2.0_sa/part2_sa/part2_sa_v2.0/Vivado_Project/constrs/impl_constraints.xdc:8942]
Resolution: A valid end point is a data pin of a sequential cell or a primary output or inout port. Please validate that all the objects returned by your query belong to this list.
WARNING: [Constraints 18-401] set_false_path: 'U0_ps_ai_wrap_demo/U0_ps_ai_peripheral/frame_trans_inst0/axis_master_inst/afifo_24w_4096d_u0/U0/inst_fifo_gen/gconvfifo.rf/grf.rf/gntv_or_sync_fifo.mem/gdm.dm_gen.dm/gpr1.dout_i_reg[14]_i_4' is not a valid endpoint. [E:/experiment/¸´µ©Î¢/Fast-BEV/Fastbev2.0_sa/part2_sa/part2_sa_v2.0/Vivado_Project/constrs/impl_constraints.xdc:8942]
Resolution: A valid end point is a data pin of a sequential cell or a primary output or inout port. Please validate that all the objects returned by your query belong to this list.
WARNING: [Constraints 18-401] set_false_path: 'U0_ps_ai_wrap_demo/U0_ps_ai_peripheral/frame_trans_inst0/axis_master_inst/afifo_24w_4096d_u0/U0/inst_fifo_gen/gconvfifo.rf/grf.rf/gntv_or_sync_fifo.mem/gdm.dm_gen.dm/gpr1.dout_i_reg[14]_i_5' is not a valid endpoint. [E:/experiment/¸´µ©Î¢/Fast-BEV/Fastbev2.0_sa/part2_sa/part2_sa_v2.0/Vivado_Project/constrs/impl_constraints.xdc:8942]
Resolution: A valid end point is a data pin of a sequential cell or a primary output or inout port. Please validate that all the objects returned by your query belong to this list.
WARNING: [Constraints 18-401] set_false_path: 'U0_ps_ai_wrap_demo/U0_ps_ai_peripheral/frame_trans_inst0/axis_master_inst/afifo_24w_4096d_u0/U0/inst_fifo_gen/gconvfifo.rf/grf.rf/gntv_or_sync_fifo.mem/gdm.dm_gen.dm/gpr1.dout_i_reg[14]_i_6' is not a valid endpoint. [E:/experiment/¸´µ©Î¢/Fast-BEV/Fastbev2.0_sa/part2_sa/part2_sa_v2.0/Vivado_Project/constrs/impl_constraints.xdc:8942]
Resolution: A valid end point is a data pin of a sequential cell or a primary output or inout port. Please validate that all the objects returned by your query belong to this list.
WARNING: [Constraints 18-401] set_false_path: 'U0_ps_ai_wrap_demo/U0_ps_ai_peripheral/frame_trans_inst0/axis_master_inst/afifo_24w_4096d_u0/U0/inst_fifo_gen/gconvfifo.rf/grf.rf/gntv_or_sync_fifo.mem/gdm.dm_gen.dm/gpr1.dout_i_reg[14]_i_7' is not a valid endpoint. [E:/experiment/¸´µ©Î¢/Fast-BEV/Fastbev2.0_sa/part2_sa/part2_sa_v2.0/Vivado_Project/constrs/impl_constraints.xdc:8942]
Resolution: A valid end point is a data pin of a sequential cell or a primary output or inout port. Please validate that all the objects returned by your query belong to this list.
WARNING: [Constraints 18-401] set_false_path: 'U0_ps_ai_wrap_demo/U0_ps_ai_peripheral/frame_trans_inst0/axis_master_inst/afifo_24w_4096d_u0/U0/inst_fifo_gen/gconvfifo.rf/grf.rf/gntv_or_sync_fifo.mem/gdm.dm_gen.dm/gpr1.dout_i_reg[14]_i_8' is not a valid endpoint. [E:/experiment/¸´µ©Î¢/Fast-BEV/Fastbev2.0_sa/part2_sa/part2_sa_v2.0/Vivado_Project/constrs/impl_constraints.xdc:8942]
Resolution: A valid end point is a data pin of a sequential cell or a primary output or inout port. Please validate that all the objects returned by your query belong to this list.
WARNING: [Constraints 18-401] set_false_path: 'U0_ps_ai_wrap_demo/U0_ps_ai_peripheral/frame_trans_inst0/axis_master_inst/afifo_24w_4096d_u0/U0/inst_fifo_gen/gconvfifo.rf/grf.rf/gntv_or_sync_fifo.mem/gdm.dm_gen.dm/gpr1.dout_i_reg[14]_i_9' is not a valid endpoint. [E:/experiment/¸´µ©Î¢/Fast-BEV/Fastbev2.0_sa/part2_sa/part2_sa_v2.0/Vivado_Project/constrs/impl_constraints.xdc:8942]
Resolution: A valid end point is a data pin of a sequential cell or a primary output or inout port. Please validate that all the objects returned by your query belong to this list.
WARNING: [Constraints 18-401] set_false_path: 'U0_ps_ai_wrap_demo/U0_ps_ai_peripheral/frame_trans_inst0/axis_master_inst/afifo_24w_4096d_u0/U0/inst_fifo_gen/gconvfifo.rf/grf.rf/gntv_or_sync_fifo.mem/gdm.dm_gen.dm/gpr1.dout_i_reg[15]_i_10' is not a valid endpoint. [E:/experiment/¸´µ©Î¢/Fast-BEV/Fastbev2.0_sa/part2_sa/part2_sa_v2.0/Vivado_Project/constrs/impl_constraints.xdc:8942]
Resolution: A valid end point is a data pin of a sequential cell or a primary output or inout port. Please validate that all the objects returned by your query belong to this list.
WARNING: [Constraints 18-401] set_false_path: 'U0_ps_ai_wrap_demo/U0_ps_ai_peripheral/frame_trans_inst0/axis_master_inst/afifo_24w_4096d_u0/U0/inst_fifo_gen/gconvfifo.rf/grf.rf/gntv_or_sync_fifo.mem/gdm.dm_gen.dm/gpr1.dout_i_reg[15]_i_11' is not a valid endpoint. [E:/experiment/¸´µ©Î¢/Fast-BEV/Fastbev2.0_sa/part2_sa/part2_sa_v2.0/Vivado_Project/constrs/impl_constraints.xdc:8942]
Resolution: A valid end point is a data pin of a sequential cell or a primary output or inout port. Please validate that all the objects returned by your query belong to this list.
WARNING: [Constraints 18-401] set_false_path: 'U0_ps_ai_wrap_demo/U0_ps_ai_peripheral/frame_trans_inst0/axis_master_inst/afifo_24w_4096d_u0/U0/inst_fifo_gen/gconvfifo.rf/grf.rf/gntv_or_sync_fifo.mem/gdm.dm_gen.dm/gpr1.dout_i_reg[15]_i_12' is not a valid endpoint. [E:/experiment/¸´µ©Î¢/Fast-BEV/Fastbev2.0_sa/part2_sa/part2_sa_v2.0/Vivado_Project/constrs/impl_constraints.xdc:8942]
Resolution: A valid end point is a data pin of a sequential cell or a primary output or inout port. Please validate that all the objects returned by your query belong to this list.
WARNING: [Constraints 18-401] set_false_path: 'U0_ps_ai_wrap_demo/U0_ps_ai_peripheral/frame_trans_inst0/axis_master_inst/afifo_24w_4096d_u0/U0/inst_fifo_gen/gconvfifo.rf/grf.rf/gntv_or_sync_fifo.mem/gdm.dm_gen.dm/gpr1.dout_i_reg[15]_i_13' is not a valid endpoint. [E:/experiment/¸´µ©Î¢/Fast-BEV/Fastbev2.0_sa/part2_sa/part2_sa_v2.0/Vivado_Project/constrs/impl_constraints.xdc:8942]
Resolution: A valid end point is a data pin of a sequential cell or a primary output or inout port. Please validate that all the objects returned by your query belong to this list.
WARNING: [Constraints 18-401] set_false_path: 'U0_ps_ai_wrap_demo/U0_ps_ai_peripheral/frame_trans_inst0/axis_master_inst/afifo_24w_4096d_u0/U0/inst_fifo_gen/gconvfifo.rf/grf.rf/gntv_or_sync_fifo.mem/gdm.dm_gen.dm/gpr1.dout_i_reg[15]_i_2' is not a valid endpoint. [E:/experiment/¸´µ©Î¢/Fast-BEV/Fastbev2.0_sa/part2_sa/part2_sa_v2.0/Vivado_Project/constrs/impl_constraints.xdc:8942]
Resolution: A valid end point is a data pin of a sequential cell or a primary output or inout port. Please validate that all the objects returned by your query belong to this list.
WARNING: [Constraints 18-401] set_false_path: 'U0_ps_ai_wrap_demo/U0_ps_ai_peripheral/frame_trans_inst0/axis_master_inst/afifo_24w_4096d_u0/U0/inst_fifo_gen/gconvfifo.rf/grf.rf/gntv_or_sync_fifo.mem/gdm.dm_gen.dm/gpr1.dout_i_reg[15]_i_3' is not a valid endpoint. [E:/experiment/¸´µ©Î¢/Fast-BEV/Fastbev2.0_sa/part2_sa/part2_sa_v2.0/Vivado_Project/constrs/impl_constraints.xdc:8942]
Resolution: A valid end point is a data pin of a sequential cell or a primary output or inout port. Please validate that all the objects returned by your query belong to this list.
WARNING: [Constraints 18-401] set_false_path: 'U0_ps_ai_wrap_demo/U0_ps_ai_peripheral/frame_trans_inst0/axis_master_inst/afifo_24w_4096d_u0/U0/inst_fifo_gen/gconvfifo.rf/grf.rf/gntv_or_sync_fifo.mem/gdm.dm_gen.dm/gpr1.dout_i_reg[15]_i_4' is not a valid endpoint. [E:/experiment/¸´µ©Î¢/Fast-BEV/Fastbev2.0_sa/part2_sa/part2_sa_v2.0/Vivado_Project/constrs/impl_constraints.xdc:8942]
Resolution: A valid end point is a data pin of a sequential cell or a primary output or inout port. Please validate that all the objects returned by your query belong to this list.
WARNING: [Constraints 18-401] set_false_path: 'U0_ps_ai_wrap_demo/U0_ps_ai_peripheral/frame_trans_inst0/axis_master_inst/afifo_24w_4096d_u0/U0/inst_fifo_gen/gconvfifo.rf/grf.rf/gntv_or_sync_fifo.mem/gdm.dm_gen.dm/gpr1.dout_i_reg[15]_i_5' is not a valid endpoint. [E:/experiment/¸´µ©Î¢/Fast-BEV/Fastbev2.0_sa/part2_sa/part2_sa_v2.0/Vivado_Project/constrs/impl_constraints.xdc:8942]
Resolution: A valid end point is a data pin of a sequential cell or a primary output or inout port. Please validate that all the objects returned by your query belong to this list.
WARNING: [Constraints 18-401] set_false_path: 'U0_ps_ai_wrap_demo/U0_ps_ai_peripheral/frame_trans_inst0/axis_master_inst/afifo_24w_4096d_u0/U0/inst_fifo_gen/gconvfifo.rf/grf.rf/gntv_or_sync_fifo.mem/gdm.dm_gen.dm/gpr1.dout_i_reg[15]_i_6' is not a valid endpoint. [E:/experiment/¸´µ©Î¢/Fast-BEV/Fastbev2.0_sa/part2_sa/part2_sa_v2.0/Vivado_Project/constrs/impl_constraints.xdc:8942]
Resolution: A valid end point is a data pin of a sequential cell or a primary output or inout port. Please validate that all the objects returned by your query belong to this list.
WARNING: [Constraints 18-401] set_false_path: 'U0_ps_ai_wrap_demo/U0_ps_ai_peripheral/frame_trans_inst0/axis_master_inst/afifo_24w_4096d_u0/U0/inst_fifo_gen/gconvfifo.rf/grf.rf/gntv_or_sync_fifo.mem/gdm.dm_gen.dm/gpr1.dout_i_reg[15]_i_7' is not a valid endpoint. [E:/experiment/¸´µ©Î¢/Fast-BEV/Fastbev2.0_sa/part2_sa/part2_sa_v2.0/Vivado_Project/constrs/impl_constraints.xdc:8942]
Resolution: A valid end point is a data pin of a sequential cell or a primary output or inout port. Please validate that all the objects returned by your query belong to this list.
WARNING: [Constraints 18-401] set_false_path: 'U0_ps_ai_wrap_demo/U0_ps_ai_peripheral/frame_trans_inst0/axis_master_inst/afifo_24w_4096d_u0/U0/inst_fifo_gen/gconvfifo.rf/grf.rf/gntv_or_sync_fifo.mem/gdm.dm_gen.dm/gpr1.dout_i_reg[15]_i_8' is not a valid endpoint. [E:/experiment/¸´µ©Î¢/Fast-BEV/Fastbev2.0_sa/part2_sa/part2_sa_v2.0/Vivado_Project/constrs/impl_constraints.xdc:8942]
Resolution: A valid end point is a data pin of a sequential cell or a primary output or inout port. Please validate that all the objects returned by your query belong to this list.
WARNING: [Constraints 18-401] set_false_path: 'U0_ps_ai_wrap_demo/U0_ps_ai_peripheral/frame_trans_inst0/axis_master_inst/afifo_24w_4096d_u0/U0/inst_fifo_gen/gconvfifo.rf/grf.rf/gntv_or_sync_fifo.mem/gdm.dm_gen.dm/gpr1.dout_i_reg[15]_i_9' is not a valid endpoint. [E:/experiment/¸´µ©Î¢/Fast-BEV/Fastbev2.0_sa/part2_sa/part2_sa_v2.0/Vivado_Project/constrs/impl_constraints.xdc:8942]
Resolution: A valid end point is a data pin of a sequential cell or a primary output or inout port. Please validate that all the objects returned by your query belong to this list.
WARNING: [Constraints 18-401] set_false_path: 'U0_ps_ai_wrap_demo/U0_ps_ai_peripheral/frame_trans_inst0/axis_master_inst/afifo_24w_4096d_u0/U0/inst_fifo_gen/gconvfifo.rf/grf.rf/gntv_or_sync_fifo.mem/gdm.dm_gen.dm/gpr1.dout_i_reg[16]_i_10' is not a valid endpoint. [E:/experiment/¸´µ©Î¢/Fast-BEV/Fastbev2.0_sa/part2_sa/part2_sa_v2.0/Vivado_Project/constrs/impl_constraints.xdc:8942]
Resolution: A valid end point is a data pin of a sequential cell or a primary output or inout port. Please validate that all the objects returned by your query belong to this list.
WARNING: [Constraints 18-401] set_false_path: 'U0_ps_ai_wrap_demo/U0_ps_ai_peripheral/frame_trans_inst0/axis_master_inst/afifo_24w_4096d_u0/U0/inst_fifo_gen/gconvfifo.rf/grf.rf/gntv_or_sync_fifo.mem/gdm.dm_gen.dm/gpr1.dout_i_reg[16]_i_11' is not a valid endpoint. [E:/experiment/¸´µ©Î¢/Fast-BEV/Fastbev2.0_sa/part2_sa/part2_sa_v2.0/Vivado_Project/constrs/impl_constraints.xdc:8942]
Resolution: A valid end point is a data pin of a sequential cell or a primary output or inout port. Please validate that all the objects returned by your query belong to this list.
WARNING: [Constraints 18-401] set_false_path: 'U0_ps_ai_wrap_demo/U0_ps_ai_peripheral/frame_trans_inst0/axis_master_inst/afifo_24w_4096d_u0/U0/inst_fifo_gen/gconvfifo.rf/grf.rf/gntv_or_sync_fifo.mem/gdm.dm_gen.dm/gpr1.dout_i_reg[16]_i_12' is not a valid endpoint. [E:/experiment/¸´µ©Î¢/Fast-BEV/Fastbev2.0_sa/part2_sa/part2_sa_v2.0/Vivado_Project/constrs/impl_constraints.xdc:8942]
Resolution: A valid end point is a data pin of a sequential cell or a primary output or inout port. Please validate that all the objects returned by your query belong to this list.
WARNING: [Constraints 18-401] set_false_path: 'U0_ps_ai_wrap_demo/U0_ps_ai_peripheral/frame_trans_inst0/axis_master_inst/afifo_24w_4096d_u0/U0/inst_fifo_gen/gconvfifo.rf/grf.rf/gntv_or_sync_fifo.mem/gdm.dm_gen.dm/gpr1.dout_i_reg[16]_i_13' is not a valid endpoint. [E:/experiment/¸´µ©Î¢/Fast-BEV/Fastbev2.0_sa/part2_sa/part2_sa_v2.0/Vivado_Project/constrs/impl_constraints.xdc:8942]
Resolution: A valid end point is a data pin of a sequential cell or a primary output or inout port. Please validate that all the objects returned by your query belong to this list.
WARNING: [Constraints 18-401] set_false_path: 'U0_ps_ai_wrap_demo/U0_ps_ai_peripheral/frame_trans_inst0/axis_master_inst/afifo_24w_4096d_u0/U0/inst_fifo_gen/gconvfifo.rf/grf.rf/gntv_or_sync_fifo.mem/gdm.dm_gen.dm/gpr1.dout_i_reg[16]_i_2' is not a valid endpoint. [E:/experiment/¸´µ©Î¢/Fast-BEV/Fastbev2.0_sa/part2_sa/part2_sa_v2.0/Vivado_Project/constrs/impl_constraints.xdc:8942]
Resolution: A valid end point is a data pin of a sequential cell or a primary output or inout port. Please validate that all the objects returned by your query belong to this list.
WARNING: [Constraints 18-401] set_false_path: 'U0_ps_ai_wrap_demo/U0_ps_ai_peripheral/frame_trans_inst0/axis_master_inst/afifo_24w_4096d_u0/U0/inst_fifo_gen/gconvfifo.rf/grf.rf/gntv_or_sync_fifo.mem/gdm.dm_gen.dm/gpr1.dout_i_reg[16]_i_3' is not a valid endpoint. [E:/experiment/¸´µ©Î¢/Fast-BEV/Fastbev2.0_sa/part2_sa/part2_sa_v2.0/Vivado_Project/constrs/impl_constraints.xdc:8942]
Resolution: A valid end point is a data pin of a sequential cell or a primary output or inout port. Please validate that all the objects returned by your query belong to this list.
WARNING: [Constraints 18-401] set_false_path: 'U0_ps_ai_wrap_demo/U0_ps_ai_peripheral/frame_trans_inst0/axis_master_inst/afifo_24w_4096d_u0/U0/inst_fifo_gen/gconvfifo.rf/grf.rf/gntv_or_sync_fifo.mem/gdm.dm_gen.dm/gpr1.dout_i_reg[16]_i_4' is not a valid endpoint. [E:/experiment/¸´µ©Î¢/Fast-BEV/Fastbev2.0_sa/part2_sa/part2_sa_v2.0/Vivado_Project/constrs/impl_constraints.xdc:8942]
Resolution: A valid end point is a data pin of a sequential cell or a primary output or inout port. Please validate that all the objects returned by your query belong to this list.
WARNING: [Constraints 18-401] set_false_path: 'U0_ps_ai_wrap_demo/U0_ps_ai_peripheral/frame_trans_inst0/axis_master_inst/afifo_24w_4096d_u0/U0/inst_fifo_gen/gconvfifo.rf/grf.rf/gntv_or_sync_fifo.mem/gdm.dm_gen.dm/gpr1.dout_i_reg[16]_i_5' is not a valid endpoint. [E:/experiment/¸´µ©Î¢/Fast-BEV/Fastbev2.0_sa/part2_sa/part2_sa_v2.0/Vivado_Project/constrs/impl_constraints.xdc:8942]
Resolution: A valid end point is a data pin of a sequential cell or a primary output or inout port. Please validate that all the objects returned by your query belong to this list.
WARNING: [Constraints 18-401] set_false_path: 'U0_ps_ai_wrap_demo/U0_ps_ai_peripheral/frame_trans_inst0/axis_master_inst/afifo_24w_4096d_u0/U0/inst_fifo_gen/gconvfifo.rf/grf.rf/gntv_or_sync_fifo.mem/gdm.dm_gen.dm/gpr1.dout_i_reg[16]_i_6' is not a valid endpoint. [E:/experiment/¸´µ©Î¢/Fast-BEV/Fastbev2.0_sa/part2_sa/part2_sa_v2.0/Vivado_Project/constrs/impl_constraints.xdc:8942]
Resolution: A valid end point is a data pin of a sequential cell or a primary output or inout port. Please validate that all the objects returned by your query belong to this list.
WARNING: [Constraints 18-401] set_false_path: 'U0_ps_ai_wrap_demo/U0_ps_ai_peripheral/frame_trans_inst0/axis_master_inst/afifo_24w_4096d_u0/U0/inst_fifo_gen/gconvfifo.rf/grf.rf/gntv_or_sync_fifo.mem/gdm.dm_gen.dm/gpr1.dout_i_reg[16]_i_7' is not a valid endpoint. [E:/experiment/¸´µ©Î¢/Fast-BEV/Fastbev2.0_sa/part2_sa/part2_sa_v2.0/Vivado_Project/constrs/impl_constraints.xdc:8942]
Resolution: A valid end point is a data pin of a sequential cell or a primary output or inout port. Please validate that all the objects returned by your query belong to this list.
WARNING: [Constraints 18-401] set_false_path: 'U0_ps_ai_wrap_demo/U0_ps_ai_peripheral/frame_trans_inst0/axis_master_inst/afifo_24w_4096d_u0/U0/inst_fifo_gen/gconvfifo.rf/grf.rf/gntv_or_sync_fifo.mem/gdm.dm_gen.dm/gpr1.dout_i_reg[16]_i_8' is not a valid endpoint. [E:/experiment/¸´µ©Î¢/Fast-BEV/Fastbev2.0_sa/part2_sa/part2_sa_v2.0/Vivado_Project/constrs/impl_constraints.xdc:8942]
Resolution: A valid end point is a data pin of a sequential cell or a primary output or inout port. Please validate that all the objects returned by your query belong to this list.
WARNING: [Constraints 18-401] set_false_path: 'U0_ps_ai_wrap_demo/U0_ps_ai_peripheral/frame_trans_inst0/axis_master_inst/afifo_24w_4096d_u0/U0/inst_fifo_gen/gconvfifo.rf/grf.rf/gntv_or_sync_fifo.mem/gdm.dm_gen.dm/gpr1.dout_i_reg[16]_i_9' is not a valid endpoint. [E:/experiment/¸´µ©Î¢/Fast-BEV/Fastbev2.0_sa/part2_sa/part2_sa_v2.0/Vivado_Project/constrs/impl_constraints.xdc:8942]
Resolution: A valid end point is a data pin of a sequential cell or a primary output or inout port. Please validate that all the objects returned by your query belong to this list.
WARNING: [Constraints 18-401] set_false_path: 'U0_ps_ai_wrap_demo/U0_ps_ai_peripheral/frame_trans_inst0/axis_master_inst/afifo_24w_4096d_u0/U0/inst_fifo_gen/gconvfifo.rf/grf.rf/gntv_or_sync_fifo.mem/gdm.dm_gen.dm/gpr1.dout_i_reg[17]_i_10' is not a valid endpoint. [E:/experiment/¸´µ©Î¢/Fast-BEV/Fastbev2.0_sa/part2_sa/part2_sa_v2.0/Vivado_Project/constrs/impl_constraints.xdc:8942]
Resolution: A valid end point is a data pin of a sequential cell or a primary output or inout port. Please validate that all the objects returned by your query belong to this list.
WARNING: [Constraints 18-401] set_false_path: 'U0_ps_ai_wrap_demo/U0_ps_ai_peripheral/frame_trans_inst0/axis_master_inst/afifo_24w_4096d_u0/U0/inst_fifo_gen/gconvfifo.rf/grf.rf/gntv_or_sync_fifo.mem/gdm.dm_gen.dm/gpr1.dout_i_reg[17]_i_11' is not a valid endpoint. [E:/experiment/¸´µ©Î¢/Fast-BEV/Fastbev2.0_sa/part2_sa/part2_sa_v2.0/Vivado_Project/constrs/impl_constraints.xdc:8942]
Resolution: A valid end point is a data pin of a sequential cell or a primary output or inout port. Please validate that all the objects returned by your query belong to this list.
WARNING: [Constraints 18-401] set_false_path: 'U0_ps_ai_wrap_demo/U0_ps_ai_peripheral/frame_trans_inst0/axis_master_inst/afifo_24w_4096d_u0/U0/inst_fifo_gen/gconvfifo.rf/grf.rf/gntv_or_sync_fifo.mem/gdm.dm_gen.dm/gpr1.dout_i_reg[17]_i_12' is not a valid endpoint. [E:/experiment/¸´µ©Î¢/Fast-BEV/Fastbev2.0_sa/part2_sa/part2_sa_v2.0/Vivado_Project/constrs/impl_constraints.xdc:8942]
Resolution: A valid end point is a data pin of a sequential cell or a primary output or inout port. Please validate that all the objects returned by your query belong to this list.
WARNING: [Constraints 18-401] set_false_path: 'U0_ps_ai_wrap_demo/U0_ps_ai_peripheral/frame_trans_inst0/axis_master_inst/afifo_24w_4096d_u0/U0/inst_fifo_gen/gconvfifo.rf/grf.rf/gntv_or_sync_fifo.mem/gdm.dm_gen.dm/gpr1.dout_i_reg[17]_i_13' is not a valid endpoint. [E:/experiment/¸´µ©Î¢/Fast-BEV/Fastbev2.0_sa/part2_sa/part2_sa_v2.0/Vivado_Project/constrs/impl_constraints.xdc:8942]
Resolution: A valid end point is a data pin of a sequential cell or a primary output or inout port. Please validate that all the objects returned by your query belong to this list.
INFO: [Common 17-14] Message 'Constraints 18-401' appears 100 times and further instances of the messages will be disabled. Use the Tcl command set_msg_config to change the current settings.
INFO: [Timing 38-35] Done setting XDC timing constraints.
INFO: [DRC 23-133] Running Methodology with 2 threads
INFO: [Coretcl 2-1520] The results of Report Methodology are in file D:/vivado2018.3/part2_sa_2.0/part2_sa_2.0.runs/impl_1/bev_edif_top_methodology_drc_routed.rpt.
report_methodology completed successfully
report_methodology: Time (s): cpu = 00:01:12 ; elapsed = 00:00:44 . Memory (MB): peak = 3817.668 ; gain = 514.777
INFO: [runtcl-4] Executing : report_power -file bev_edif_top_power_routed.rpt -pb bev_edif_top_power_summary_routed.pb -rpx bev_edif_top_power_routed.rpx
Command: report_power -file bev_edif_top_power_routed.rpt -pb bev_edif_top_power_summary_routed.pb -rpx bev_edif_top_power_routed.rpx
WARNING: [Power 33-198] PS7 POWER property is not specified on the PS7 instance. Power reported will not be accurate.
INFO: [Timing 38-35] Done setting XDC timing constraints.
Running Vector-less Activity Propagation...

Finished Running Vector-less Activity Propagation
WARNING: [Power 33-332] Found switching activity that implies high-fanout reset nets being asserted for excessive periods of time which may result in inaccurate power analysis.
Resolution: To review and fix problems, please run Power Constraints Advisor in the GUI from Tools > Power Constraints Advisor or run report_power with the -advisory option to generate a text report.
125 Infos, 655 Warnings, 0 Critical Warnings and 0 Errors encountered.
report_power completed successfully
report_power: Time (s): cpu = 00:01:15 ; elapsed = 00:00:53 . Memory (MB): peak = 3923.625 ; gain = 105.957
INFO: [runtcl-4] Executing : report_route_status -file bev_edif_top_route_status.rpt -pb bev_edif_top_route_status.pb
INFO: [runtcl-4] Executing : report_timing_summary -max_paths 10 -file bev_edif_top_timing_summary_routed.rpt -pb bev_edif_top_timing_summary_routed.pb -rpx bev_edif_top_timing_summary_routed.rpx -warn_on_violation 
INFO: [Timing 38-91] UpdateTimingParams: Speed grade: -2, Delay Type: min_max.
INFO: [Timing 38-191] Multithreading enabled for timing update using a maximum of 2 CPUs
CRITICAL WARNING: [Timing 38-282] The design failed to meet the timing requirements. Please see the timing summary report for details on the timing violations.
report_timing_summary: Time (s): cpu = 00:00:12 ; elapsed = 00:00:09 . Memory (MB): peak = 3974.410 ; gain = 49.699
INFO: [runtcl-4] Executing : report_incremental_reuse -file bev_edif_top_incremental_reuse_routed.rpt
INFO: [Vivado_Tcl 4-1062] Incremental flow is disabled. No incremental reuse Info to report.
INFO: [runtcl-4] Executing : report_clock_utilization -file bev_edif_top_clock_utilization_routed.rpt
report_clock_utilization: Time (s): cpu = 00:00:08 ; elapsed = 00:00:09 . Memory (MB): peak = 3978.020 ; gain = 3.609
INFO: [runtcl-4] Executing : report_bus_skew -warn_on_violation -file bev_edif_top_bus_skew_routed.rpt -pb bev_edif_top_bus_skew_routed.pb -rpx bev_edif_top_bus_skew_routed.rpx
INFO: [Timing 38-91] UpdateTimingParams: Speed grade: -2, Delay Type: min_max.
INFO: [Timing 38-191] Multithreading enabled for timing update using a maximum of 2 CPUs
Command: write_bitstream -force bev_edif_top.bit
Attempting to get a license for feature 'Implementation' and/or device 'xc7z030'
INFO: [Common 17-349] Got license for feature 'Implementation' and/or device 'xc7z030'
Running DRC as a precondition to command write_bitstream
INFO: [IP_Flow 19-1839] IP Catalog is up to date.
INFO: [DRC 23-27] Running DRC with 2 threads
GCIO site IOB_X0Y22
GCIO site IOB_X0Y24
GCIO site IOB_X0Y26
GCIO site IOB_X0Y28
GCIO site IOB_X0Y72
GCIO site IOB_X0Y74
GCIO site IOB_X0Y76
GCIO site IOB_X0Y78
GCIO site IOB_X1Y72
GCIO site IOB_X1Y74
GCIO site IOB_X1Y76
GCIO site IOB_X1Y78
GCIO site IOB_X1Y122
GCIO site IOB_X1Y124
GCIO site IOB_X1Y126
GCIO site IOB_X1Y128
GCIO site IOB_X1Y172
GCIO site IOB_X1Y174
GCIO site IOB_X1Y176
GCIO site IOB_X1Y178
WARNING: [Designutils 20-3303] unexpected site type 'IOPAD' in HDPYFinalizeIO
WARNING: [Designutils 20-3303] unexpected site type 'IOPAD' in HDPYFinalizeIO
WARNING: [Designutils 20-3303] unexpected site type 'IOPAD' in HDPYFinalizeIO
WARNING: [Designutils 20-3303] unexpected site type 'IOPAD' in HDPYFinalizeIO
WARNING: [Designutils 20-3303] unexpected site type 'IOPAD' in HDPYFinalizeIO
WARNING: [Designutils 20-3303] unexpected site type 'IOPAD' in HDPYFinalizeIO
WARNING: [Designutils 20-3303] unexpected site type 'IOPAD' in HDPYFinalizeIO
WARNING: [Designutils 20-3303] unexpected site type 'IOPAD' in HDPYFinalizeIO
WARNING: [Designutils 20-3303] unexpected site type 'IOPAD' in HDPYFinalizeIO
WARNING: [Designutils 20-3303] unexpected site type 'IOPAD' in HDPYFinalizeIO
WARNING: [Designutils 20-3303] unexpected site type 'IOPAD' in HDPYFinalizeIO
WARNING: [Designutils 20-3303] unexpected site type 'IOPAD' in HDPYFinalizeIO
WARNING: [Designutils 20-3303] unexpected site type 'IOPAD' in HDPYFinalizeIO
WARNING: [Designutils 20-3303] unexpected site type 'IOPAD' in HDPYFinalizeIO
WARNING: [Designutils 20-3303] unexpected site type 'IOPAD' in HDPYFinalizeIO
WARNING: [Designutils 20-3303] unexpected site type 'IOPAD' in HDPYFinalizeIO
WARNING: [Designutils 20-3303] unexpected site type 'IOPAD' in HDPYFinalizeIO
WARNING: [Designutils 20-3303] unexpected site type 'IOPAD' in HDPYFinalizeIO
WARNING: [Designutils 20-3303] unexpected site type 'IOPAD' in HDPYFinalizeIO
WARNING: [Designutils 20-3303] unexpected site type 'IOPAD' in HDPYFinalizeIO
WARNING: [Designutils 20-3303] unexpected site type 'IOPAD' in HDPYFinalizeIO
WARNING: [Designutils 20-3303] unexpected site type 'IOPAD' in HDPYFinalizeIO
WARNING: [Designutils 20-3303] unexpected site type 'IOPAD' in HDPYFinalizeIO
WARNING: [Designutils 20-3303] unexpected site type 'IOPAD' in HDPYFinalizeIO
WARNING: [Designutils 20-3303] unexpected site type 'IOPAD' in HDPYFinalizeIO
WARNING: [Designutils 20-3303] unexpected site type 'IOPAD' in HDPYFinalizeIO
WARNING: [Designutils 20-3303] unexpected site type 'IOPAD' in HDPYFinalizeIO
WARNING: [Designutils 20-3303] unexpected site type 'IOPAD' in HDPYFinalizeIO
WARNING: [Designutils 20-3303] unexpected site type 'IOPAD' in HDPYFinalizeIO
WARNING: [Designutils 20-3303] unexpected site type 'IOPAD' in HDPYFinalizeIO
WARNING: [Designutils 20-3303] unexpected site type 'IOPAD' in HDPYFinalizeIO
WARNING: [Designutils 20-3303] unexpected site type 'IOPAD' in HDPYFinalizeIO
WARNING: [Designutils 20-3303] unexpected site type 'IOPAD' in HDPYFinalizeIO
WARNING: [Designutils 20-3303] unexpected site type 'IOPAD' in HDPYFinalizeIO
WARNING: [Designutils 20-3303] unexpected site type 'IOPAD' in HDPYFinalizeIO
WARNING: [Designutils 20-3303] unexpected site type 'IOPAD' in HDPYFinalizeIO
WARNING: [Designutils 20-3303] unexpected site type 'IOPAD' in HDPYFinalizeIO
WARNING: [Designutils 20-3303] unexpected site type 'IOPAD' in HDPYFinalizeIO
WARNING: [Designutils 20-3303] unexpected site type 'IOPAD' in HDPYFinalizeIO
WARNING: [Designutils 20-3303] unexpected site type 'IOPAD' in HDPYFinalizeIO
WARNING: [Designutils 20-3303] unexpected site type 'IOPAD' in HDPYFinalizeIO
WARNING: [Designutils 20-3303] unexpected site type 'IOPAD' in HDPYFinalizeIO
WARNING: [Designutils 20-3303] unexpected site type 'IOPAD' in HDPYFinalizeIO
WARNING: [Designutils 20-3303] unexpected site type 'IOPAD' in HDPYFinalizeIO
WARNING: [Designutils 20-3303] unexpected site type 'IOPAD' in HDPYFinalizeIO
WARNING: [Designutils 20-3303] unexpected site type 'IOPAD' in HDPYFinalizeIO
WARNING: [Designutils 20-3303] unexpected site type 'IOPAD' in HDPYFinalizeIO
WARNING: [Designutils 20-3303] unexpected site type 'IOPAD' in HDPYFinalizeIO
WARNING: [Designutils 20-3303] unexpected site type 'IOPAD' in HDPYFinalizeIO
WARNING: [Designutils 20-3303] unexpected site type 'IOPAD' in HDPYFinalizeIO
WARNING: [Designutils 20-3303] unexpected site type 'IOPAD' in HDPYFinalizeIO
WARNING: [Designutils 20-3303] unexpected site type 'IOPAD' in HDPYFinalizeIO
WARNING: [Designutils 20-3303] unexpected site type 'IOPAD' in HDPYFinalizeIO
WARNING: [Designutils 20-3303] unexpected site type 'IOPAD' in HDPYFinalizeIO
WARNING: [Designutils 20-3303] unexpected site type 'IOPAD' in HDPYFinalizeIO
WARNING: [Designutils 20-3303] unexpected site type 'IOPAD' in HDPYFinalizeIO
WARNING: [Designutils 20-3303] unexpected site type 'IOPAD' in HDPYFinalizeIO
WARNING: [Designutils 20-3303] unexpected site type 'IOPAD' in HDPYFinalizeIO
WARNING: [Designutils 20-3303] unexpected site type 'IOPAD' in HDPYFinalizeIO
WARNING: [Designutils 20-3303] unexpected site type 'IOPAD' in HDPYFinalizeIO
WARNING: [Designutils 20-3303] unexpected site type 'IOPAD' in HDPYFinalizeIO
WARNING: [Designutils 20-3303] unexpected site type 'IOPAD' in HDPYFinalizeIO
WARNING: [Designutils 20-3303] unexpected site type 'IOPAD' in HDPYFinalizeIO
WARNING: [Designutils 20-3303] unexpected site type 'IOPAD' in HDPYFinalizeIO
WARNING: [Designutils 20-3303] unexpected site type 'IOPAD' in HDPYFinalizeIO
WARNING: [Designutils 20-3303] unexpected site type 'IOPAD' in HDPYFinalizeIO
WARNING: [Designutils 20-3303] unexpected site type 'IOPAD' in HDPYFinalizeIO
WARNING: [Designutils 20-3303] unexpected site type 'IOPAD' in HDPYFinalizeIO
WARNING: [Designutils 20-3303] unexpected site type 'IOPAD' in HDPYFinalizeIO
WARNING: [Designutils 20-3303] unexpected site type 'IOPAD' in HDPYFinalizeIO
WARNING: [Designutils 20-3303] unexpected site type 'IOPAD' in HDPYFinalizeIO
WARNING: [Designutils 20-3303] unexpected site type 'IOPAD' in HDPYFinalizeIO
WARNING: [Designutils 20-3303] unexpected site type 'IOPAD' in HDPYFinalizeIO
WARNING: [Designutils 20-3303] unexpected site type 'IOPAD' in HDPYFinalizeIO
WARNING: [Designutils 20-3303] unexpected site type 'IOPAD' in HDPYFinalizeIO
WARNING: [Designutils 20-3303] unexpected site type 'IOPAD' in HDPYFinalizeIO
WARNING: [Designutils 20-3303] unexpected site type 'IOPAD' in HDPYFinalizeIO
WARNING: [Designutils 20-3303] unexpected site type 'IOPAD' in HDPYFinalizeIO
WARNING: [Designutils 20-3303] unexpected site type 'IOPAD' in HDPYFinalizeIO
WARNING: [Designutils 20-3303] unexpected site type 'IOPAD' in HDPYFinalizeIO
WARNING: [Designutils 20-3303] unexpected site type 'IOPAD' in HDPYFinalizeIO
WARNING: [Designutils 20-3303] unexpected site type 'IOPAD' in HDPYFinalizeIO
WARNING: [Designutils 20-3303] unexpected site type 'IOPAD' in HDPYFinalizeIO
WARNING: [Designutils 20-3303] unexpected site type 'IOPAD' in HDPYFinalizeIO
WARNING: [Designutils 20-3303] unexpected site type 'IOPAD' in HDPYFinalizeIO
WARNING: [Designutils 20-3303] unexpected site type 'IOPAD' in HDPYFinalizeIO
WARNING: [Designutils 20-3303] unexpected site type 'IOPAD' in HDPYFinalizeIO
WARNING: [Designutils 20-3303] unexpected site type 'IOPAD' in HDPYFinalizeIO
WARNING: [Designutils 20-3303] unexpected site type 'IOPAD' in HDPYFinalizeIO
WARNING: [Designutils 20-3303] unexpected site type 'IOPAD' in HDPYFinalizeIO
WARNING: [Designutils 20-3303] unexpected site type 'IOPAD' in HDPYFinalizeIO
WARNING: [Designutils 20-3303] unexpected site type 'IOPAD' in HDPYFinalizeIO
WARNING: [Designutils 20-3303] unexpected site type 'IOPAD' in HDPYFinalizeIO
WARNING: [Designutils 20-3303] unexpected site type 'IOPAD' in HDPYFinalizeIO
WARNING: [Designutils 20-3303] unexpected site type 'IOPAD' in HDPYFinalizeIO
WARNING: [Designutils 20-3303] unexpected site type 'IOPAD' in HDPYFinalizeIO
WARNING: [Designutils 20-3303] unexpected site type 'IOPAD' in HDPYFinalizeIO
WARNING: [Designutils 20-3303] unexpected site type 'IOPAD' in HDPYFinalizeIO
WARNING: [Designutils 20-3303] unexpected site type 'IOPAD' in HDPYFinalizeIO
WARNING: [Designutils 20-3303] unexpected site type 'IOPAD' in HDPYFinalizeIO
INFO: [Common 17-14] Message 'Designutils 20-3303' appears 100 times and further instances of the messages will be disabled. Use the Tcl command set_msg_config to change the current settings.
WARNING: [DRC CHECK-3] Report rule limit reached: REQP-1839 rule limit reached: 20 violations have been found.
WARNING: [DRC CHECK-3] Report rule limit reached: REQP-1840 rule limit reached: 20 violations have been found.
WARNING: [DRC DPIP-1] Input pipelining: DSP U_bev_accel_top/U_lut_engine_int8/final_group_x_r_reg input U_bev_accel_top/U_lut_engine_int8/final_group_x_r_reg/A[29:0] is not pipelined. Pipelining DSP48 input will improve performance.
WARNING: [DRC DPIP-1] Input pipelining: DSP U_bev_accel_top/U_lut_engine_int8/final_group_x_r_reg input U_bev_accel_top/U_lut_engine_int8/final_group_x_r_reg/B[17:0] is not pipelined. Pipelining DSP48 input will improve performance.
WARNING: [DRC DPIP-1] Input pipelining: DSP U_bev_accel_top/U_lut_engine_int8/final_xy_r_reg input U_bev_accel_top/U_lut_engine_int8/final_xy_r_reg/A[29:0] is not pipelined. Pipelining DSP48 input will improve performance.
WARNING: [DRC DPIP-1] Input pipelining: DSP U_bev_accel_top/U_lut_engine_int8/final_xy_r_reg input U_bev_accel_top/U_lut_engine_int8/final_xy_r_reg/B[17:0] is not pipelined. Pipelining DSP48 input will improve performance.
WARNING: [DRC DPIP-1] Input pipelining: DSP U_bev_accel_top/U_lut_engine_int8/pair_addr0_r2 input U_bev_accel_top/U_lut_engine_int8/pair_addr0_r2/B[17:0] is not pipelined. Pipelining DSP48 input will improve performance.
WARNING: [DRC DPIP-1] Input pipelining: DSP U_bev_accel_top/U_lut_engine_int8/pair_addr1_r2 input U_bev_accel_top/U_lut_engine_int8/pair_addr1_r2/A[29:0] is not pipelined. Pipelining DSP48 input will improve performance.
WARNING: [DRC DPIP-1] Input pipelining: DSP U_bev_accel_top/U_lut_engine_int8/pair_addr1_r2 input U_bev_accel_top/U_lut_engine_int8/pair_addr1_r2/B[17:0] is not pipelined. Pipelining DSP48 input will improve performance.
WARNING: [DRC DPIP-1] Input pipelining: DSP U_bev_accel_top/U_lut_engine_int8/pair_group0_base_r_reg input U_bev_accel_top/U_lut_engine_int8/pair_group0_base_r_reg/A[29:0] is not pipelined. Pipelining DSP48 input will improve performance.
WARNING: [DRC DPIP-1] Input pipelining: DSP U_bev_accel_top/U_lut_engine_int8/pair_x_base_r_reg input U_bev_accel_top/U_lut_engine_int8/pair_x_base_r_reg/B[17:0] is not pipelined. Pipelining DSP48 input will improve performance.
WARNING: [DRC DPIP-1] Input pipelining: DSP U_bev_accel_top/U_lut_engine_int8/pipe_cam_v_reg input U_bev_accel_top/U_lut_engine_int8/pipe_cam_v_reg/A[29:0] is not pipelined. Pipelining DSP48 input will improve performance.
WARNING: [DRC DPIP-1] Input pipelining: DSP U_bev_accel_top/U_lut_engine_int8/pipe_cam_v_reg input U_bev_accel_top/U_lut_engine_int8/pipe_cam_v_reg/B[17:0] is not pipelined. Pipelining DSP48 input will improve performance.
WARNING: [DRC DPIP-1] Input pipelining: DSP U_bev_accel_top/U_lut_engine_int8/pixel_idx_r_reg input U_bev_accel_top/U_lut_engine_int8/pixel_idx_r_reg/A[29:0] is not pipelined. Pipelining DSP48 input will improve performance.
WARNING: [DRC DPIP-1] Input pipelining: DSP U_bev_accel_top/U_lut_engine_int8/pixel_idx_r_reg input U_bev_accel_top/U_lut_engine_int8/pixel_idx_r_reg/B[17:0] is not pipelined. Pipelining DSP48 input will improve performance.
WARNING: [DRC DPIP-1] Input pipelining: DSP U_bev_accel_top/U_pipeline_ctrl_group4/quant_total_pixels0 input U_bev_accel_top/U_pipeline_ctrl_group4/quant_total_pixels0/A[29:0] is not pipelined. Pipelining DSP48 input will improve performance.
WARNING: [DRC DPIP-1] Input pipelining: DSP U_bev_accel_top/U_pipeline_ctrl_group4/quant_total_pixels0 input U_bev_accel_top/U_pipeline_ctrl_group4/quant_total_pixels0/B[17:0] is not pipelined. Pipelining DSP48 input will improve performance.
WARNING: [DRC DPIP-1] Input pipelining: DSP U_bev_accel_top/U_pipeline_ctrl_group4/quant_total_pixels__0 input U_bev_accel_top/U_pipeline_ctrl_group4/quant_total_pixels__0/A[29:0] is not pipelined. Pipelining DSP48 input will improve performance.
WARNING: [DRC DPIP-1] Input pipelining: DSP U_bev_accel_top/U_pipeline_ctrl_group4/quant_total_pixels__0 input U_bev_accel_top/U_pipeline_ctrl_group4/quant_total_pixels__0/B[17:0] is not pipelined. Pipelining DSP48 input will improve performance.
WARNING: [DRC DPIP-1] Input pipelining: DSP U_bev_accel_top/U_sa_engine_int8/acc5_reg[0] input U_bev_accel_top/U_sa_engine_int8/acc5_reg[0]/A[29:0] is not pipelined. Pipelining DSP48 input will improve performance.
WARNING: [DRC DPIP-1] Input pipelining: DSP U_bev_accel_top/U_sa_engine_int8/acc5_reg[10] input U_bev_accel_top/U_sa_engine_int8/acc5_reg[10]/A[29:0] is not pipelined. Pipelining DSP48 input will improve performance.
WARNING: [DRC DPIP-1] Input pipelining: DSP U_bev_accel_top/U_sa_engine_int8/acc5_reg[11] input U_bev_accel_top/U_sa_engine_int8/acc5_reg[11]/A[29:0] is not pipelined. Pipelining DSP48 input will improve performance.
WARNING: [DRC DPIP-1] Input pipelining: DSP U_bev_accel_top/U_sa_engine_int8/acc5_reg[12] input U_bev_accel_top/U_sa_engine_int8/acc5_reg[12]/A[29:0] is not pipelined. Pipelining DSP48 input will improve performance.
WARNING: [DRC DPIP-1] Input pipelining: DSP U_bev_accel_top/U_sa_engine_int8/acc5_reg[13] input U_bev_accel_top/U_sa_engine_int8/acc5_reg[13]/A[29:0] is not pipelined. Pipelining DSP48 input will improve performance.
WARNING: [DRC DPIP-1] Input pipelining: DSP U_bev_accel_top/U_sa_engine_int8/acc5_reg[14] input U_bev_accel_top/U_sa_engine_int8/acc5_reg[14]/A[29:0] is not pipelined. Pipelining DSP48 input will improve performance.
WARNING: [DRC DPIP-1] Input pipelining: DSP U_bev_accel_top/U_sa_engine_int8/acc5_reg[15] input U_bev_accel_top/U_sa_engine_int8/acc5_reg[15]/A[29:0] is not pipelined. Pipelining DSP48 input will improve performance.
WARNING: [DRC DPIP-1] Input pipelining: DSP U_bev_accel_top/U_sa_engine_int8/acc5_reg[1] input U_bev_accel_top/U_sa_engine_int8/acc5_reg[1]/A[29:0] is not pipelined. Pipelining DSP48 input will improve performance.
WARNING: [DRC DPIP-1] Input pipelining: DSP U_bev_accel_top/U_sa_engine_int8/acc5_reg[2] input U_bev_accel_top/U_sa_engine_int8/acc5_reg[2]/A[29:0] is not pipelined. Pipelining DSP48 input will improve performance.
WARNING: [DRC DPIP-1] Input pipelining: DSP U_bev_accel_top/U_sa_engine_int8/acc5_reg[3] input U_bev_accel_top/U_sa_engine_int8/acc5_reg[3]/A[29:0] is not pipelined. Pipelining DSP48 input will improve performance.
WARNING: [DRC DPIP-1] Input pipelining: DSP U_bev_accel_top/U_sa_engine_int8/acc5_reg[4] input U_bev_accel_top/U_sa_engine_int8/acc5_reg[4]/A[29:0] is not pipelined. Pipelining DSP48 input will improve performance.
WARNING: [DRC DPIP-1] Input pipelining: DSP U_bev_accel_top/U_sa_engine_int8/acc5_reg[5] input U_bev_accel_top/U_sa_engine_int8/acc5_reg[5]/A[29:0] is not pipelined. Pipelining DSP48 input will improve performance.
WARNING: [DRC DPIP-1] Input pipelining: DSP U_bev_accel_top/U_sa_engine_int8/acc5_reg[6] input U_bev_accel_top/U_sa_engine_int8/acc5_reg[6]/A[29:0] is not pipelined. Pipelining DSP48 input will improve performance.
WARNING: [DRC DPIP-1] Input pipelining: DSP U_bev_accel_top/U_sa_engine_int8/acc5_reg[7] input U_bev_accel_top/U_sa_engine_int8/acc5_reg[7]/A[29:0] is not pipelined. Pipelining DSP48 input will improve performance.
WARNING: [DRC DPIP-1] Input pipelining: DSP U_bev_accel_top/U_sa_engine_int8/acc5_reg[8] input U_bev_accel_top/U_sa_engine_int8/acc5_reg[8]/A[29:0] is not pipelined. Pipelining DSP48 input will improve performance.
WARNING: [DRC DPIP-1] Input pipelining: DSP U_bev_accel_top/U_sa_engine_int8/acc5_reg[9] input U_bev_accel_top/U_sa_engine_int8/acc5_reg[9]/A[29:0] is not pipelined. Pipelining DSP48 input will improve performance.
WARNING: [DRC DPIP-1] Input pipelining: DSP U_bev_accel_top/U_sa_engine_int8/full_count_w input U_bev_accel_top/U_sa_engine_int8/full_count_w/A[29:0] is not pipelined. Pipelining DSP48 input will improve performance.
WARNING: [DRC DPIP-1] Input pipelining: DSP U_bev_accel_top/U_sa_engine_int8/full_count_w input U_bev_accel_top/U_sa_engine_int8/full_count_w/B[17:0] is not pipelined. Pipelining DSP48 input will improve performance.
WARNING: [DRC DPIP-1] Input pipelining: DSP U_bev_accel_top/U_sa_engine_int8/hb2_reg[0] input U_bev_accel_top/U_sa_engine_int8/hb2_reg[0]/A[29:0] is not pipelined. Pipelining DSP48 input will improve performance.
WARNING: [DRC DPIP-1] Input pipelining: DSP U_bev_accel_top/U_sa_engine_int8/ht2_reg[0] input U_bev_accel_top/U_sa_engine_int8/ht2_reg[0]/A[29:0] is not pipelined. Pipelining DSP48 input will improve performance.
WARNING: [DRC DPIP-1] Input pipelining: DSP U_bev_accel_top/U_sa_engine_int8/out_base0_r_reg input U_bev_accel_top/U_sa_engine_int8/out_base0_r_reg/B[17:0] is not pipelined. Pipelining DSP48 input will improve performance.
WARNING: [DRC DPIP-1] Input pipelining: DSP U_bev_accel_top/U_sa_engine_int8/out_base1_r_reg input U_bev_accel_top/U_sa_engine_int8/out_base1_r_reg/B[17:0] is not pipelined. Pipelining DSP48 input will improve performance.
WARNING: [DRC DPIP-1] Input pipelining: DSP U_bev_accel_top/U_sa_engine_int8/out_x_r_reg input U_bev_accel_top/U_sa_engine_int8/out_x_r_reg/B[17:0] is not pipelined. Pipelining DSP48 input will improve performance.
WARNING: [DRC DPIP-1] Input pipelining: DSP U_bev_accel_top/U_sa_engine_int8/pair_idx0_w input U_bev_accel_top/U_sa_engine_int8/pair_idx0_w/B[17:0] is not pipelined. Pipelining DSP48 input will improve performance.
WARNING: [DRC DPIP-1] Input pipelining: DSP U_bev_accel_top/U_sa_engine_int8/src_row_r_reg input U_bev_accel_top/U_sa_engine_int8/src_row_r_reg/B[17:0] is not pipelined. Pipelining DSP48 input will improve performance.
WARNING: [DRC DPOP-1] PREG Output pipelining: DSP U_bev_accel_top/U_lut_engine_int8/pair_addr0_r2 output U_bev_accel_top/U_lut_engine_int8/pair_addr0_r2/P[47:0] is not pipelined (PREG=0). Pipelining the DSP48 output will improve performance and often saves power so it is suggested whenever possible to fully pipeline this function.  If this DSP48 function was inferred, it is suggested to describe an additional register stage after this function.  If the DSP48 was instantiated in the design, it is suggested to set the PREG attribute to 1.
WARNING: [DRC DPOP-1] PREG Output pipelining: DSP U_bev_accel_top/U_lut_engine_int8/pair_addr1_r2 output U_bev_accel_top/U_lut_engine_int8/pair_addr1_r2/P[47:0] is not pipelined (PREG=0). Pipelining the DSP48 output will improve performance and often saves power so it is suggested whenever possible to fully pipeline this function.  If this DSP48 function was inferred, it is suggested to describe an additional register stage after this function.  If the DSP48 was instantiated in the design, it is suggested to set the PREG attribute to 1.
WARNING: [DRC DPOP-1] PREG Output pipelining: DSP U_bev_accel_top/U_pipeline_ctrl_group4/quant_total_pixels0 output U_bev_accel_top/U_pipeline_ctrl_group4/quant_total_pixels0/P[47:0] is not pipelined (PREG=0). Pipelining the DSP48 output will improve performance and often saves power so it is suggested whenever possible to fully pipeline this function.  If this DSP48 function was inferred, it is suggested to describe an additional register stage after this function.  If the DSP48 was instantiated in the design, it is suggested to set the PREG attribute to 1.
WARNING: [DRC DPOP-1] PREG Output pipelining: DSP U_bev_accel_top/U_pipeline_ctrl_group4/quant_total_pixels__0 output U_bev_accel_top/U_pipeline_ctrl_group4/quant_total_pixels__0/P[47:0] is not pipelined (PREG=0). Pipelining the DSP48 output will improve performance and often saves power so it is suggested whenever possible to fully pipeline this function.  If this DSP48 function was inferred, it is suggested to describe an additional register stage after this function.  If the DSP48 was instantiated in the design, it is suggested to set the PREG attribute to 1.
WARNING: [DRC DPOP-1] PREG Output pipelining: DSP U_bev_accel_top/U_sa_engine_int8/full_count_w output U_bev_accel_top/U_sa_engine_int8/full_count_w/P[47:0] is not pipelined (PREG=0). Pipelining the DSP48 output will improve performance and often saves power so it is suggested whenever possible to fully pipeline this function.  If this DSP48 function was inferred, it is suggested to describe an additional register stage after this function.  If the DSP48 was instantiated in the design, it is suggested to set the PREG attribute to 1.
WARNING: [DRC DPOP-1] PREG Output pipelining: DSP U_bev_accel_top/U_sa_engine_int8/pair_idx0_w output U_bev_accel_top/U_sa_engine_int8/pair_idx0_w/P[47:0] is not pipelined (PREG=0). Pipelining the DSP48 output will improve performance and often saves power so it is suggested whenever possible to fully pipeline this function.  If this DSP48 function was inferred, it is suggested to describe an additional register stage after this function.  If the DSP48 was instantiated in the design, it is suggested to set the PREG attribute to 1.
WARNING: [DRC DPOP-1] PREG Output pipelining: DSP U_bev_accel_top/U_sa_engine_int8/src_index_r0 output U_bev_accel_top/U_sa_engine_int8/src_index_r0/P[47:0] is not pipelined (PREG=0). Pipelining the DSP48 output will improve performance and often saves power so it is suggested whenever possible to fully pipeline this function.  If this DSP48 function was inferred, it is suggested to describe an additional register stage after this function.  If the DSP48 was instantiated in the design, it is suggested to set the PREG attribute to 1.
WARNING: [DRC DPOP-2] MREG Output pipelining: DSP U_bev_accel_top/U_lut_engine_int8/final_group_x_r_reg multiplier stage U_bev_accel_top/U_lut_engine_int8/final_group_x_r_reg/P[47:0] is not pipelined (MREG=0). Pipelining the multiplier function will improve performance and will save significant power so it is suggested whenever possible to fully pipeline this function.  If this multiplier was inferred, it is suggested to describe an additional register stage after this function.  If there is no registered adder/accumulator following the multiply function, two pipeline stages are suggested to allow both the MREG and PREG registers to be used.  If the DSP48 was instantiated in the design, it is suggested to set both the MREG and PREG attributes to 1 when performing multiply functions.
WARNING: [DRC DPOP-2] MREG Output pipelining: DSP U_bev_accel_top/U_lut_engine_int8/final_xy_r_reg multiplier stage U_bev_accel_top/U_lut_engine_int8/final_xy_r_reg/P[47:0] is not pipelined (MREG=0). Pipelining the multiplier function will improve performance and will save significant power so it is suggested whenever possible to fully pipeline this function.  If this multiplier was inferred, it is suggested to describe an additional register stage after this function.  If there is no registered adder/accumulator following the multiply function, two pipeline stages are suggested to allow both the MREG and PREG registers to be used.  If the DSP48 was instantiated in the design, it is suggested to set both the MREG and PREG attributes to 1 when performing multiply functions.
WARNING: [DRC DPOP-2] MREG Output pipelining: DSP U_bev_accel_top/U_lut_engine_int8/pair_x_base_r_reg multiplier stage U_bev_accel_top/U_lut_engine_int8/pair_x_base_r_reg/P[47:0] is not pipelined (MREG=0). Pipelining the multiplier function will improve performance and will save significant power so it is suggested whenever possible to fully pipeline this function.  If this multiplier was inferred, it is suggested to describe an additional register stage after this function.  If there is no registered adder/accumulator following the multiply function, two pipeline stages are suggested to allow both the MREG and PREG registers to be used.  If the DSP48 was instantiated in the design, it is suggested to set both the MREG and PREG attributes to 1 when performing multiply functions.
WARNING: [DRC DPOP-2] MREG Output pipelining: DSP U_bev_accel_top/U_lut_engine_int8/pipe_cam_v_reg multiplier stage U_bev_accel_top/U_lut_engine_int8/pipe_cam_v_reg/P[47:0] is not pipelined (MREG=0). Pipelining the multiplier function will improve performance and will save significant power so it is suggested whenever possible to fully pipeline this function.  If this multiplier was inferred, it is suggested to describe an additional register stage after this function.  If there is no registered adder/accumulator following the multiply function, two pipeline stages are suggested to allow both the MREG and PREG registers to be used.  If the DSP48 was instantiated in the design, it is suggested to set both the MREG and PREG attributes to 1 when performing multiply functions.
WARNING: [DRC DPOP-2] MREG Output pipelining: DSP U_bev_accel_top/U_lut_engine_int8/pixel_idx_r_reg multiplier stage U_bev_accel_top/U_lut_engine_int8/pixel_idx_r_reg/P[47:0] is not pipelined (MREG=0). Pipelining the multiplier function will improve performance and will save significant power so it is suggested whenever possible to fully pipeline this function.  If this multiplier was inferred, it is suggested to describe an additional register stage after this function.  If there is no registered adder/accumulator following the multiply function, two pipeline stages are suggested to allow both the MREG and PREG registers to be used.  If the DSP48 was instantiated in the design, it is suggested to set both the MREG and PREG attributes to 1 when performing multiply functions.
WARNING: [DRC DPOP-2] MREG Output pipelining: DSP U_bev_accel_top/U_pipeline_ctrl_group4/quant_total_pixels0 multiplier stage U_bev_accel_top/U_pipeline_ctrl_group4/quant_total_pixels0/P[47:0] is not pipelined (MREG=0). Pipelining the multiplier function will improve performance and will save significant power so it is suggested whenever possible to fully pipeline this function.  If this multiplier was inferred, it is suggested to describe an additional register stage after this function.  If there is no registered adder/accumulator following the multiply function, two pipeline stages are suggested to allow both the MREG and PREG registers to be used.  If the DSP48 was instantiated in the design, it is suggested to set both the MREG and PREG attributes to 1 when performing multiply functions.
WARNING: [DRC DPOP-2] MREG Output pipelining: DSP U_bev_accel_top/U_pipeline_ctrl_group4/quant_total_pixels__0 multiplier stage U_bev_accel_top/U_pipeline_ctrl_group4/quant_total_pixels__0/P[47:0] is not pipelined (MREG=0). Pipelining the multiplier function will improve performance and will save significant power so it is suggested whenever possible to fully pipeline this function.  If this multiplier was inferred, it is suggested to describe an additional register stage after this function.  If there is no registered adder/accumulator following the multiply function, two pipeline stages are suggested to allow both the MREG and PREG registers to be used.  If the DSP48 was instantiated in the design, it is suggested to set both the MREG and PREG attributes to 1 when performing multiply functions.
WARNING: [DRC DPOP-2] MREG Output pipelining: DSP U_bev_accel_top/U_sa_engine_int8/full_count_w multiplier stage U_bev_accel_top/U_sa_engine_int8/full_count_w/P[47:0] is not pipelined (MREG=0). Pipelining the multiplier function will improve performance and will save significant power so it is suggested whenever possible to fully pipeline this function.  If this multiplier was inferred, it is suggested to describe an additional register stage after this function.  If there is no registered adder/accumulator following the multiply function, two pipeline stages are suggested to allow both the MREG and PREG registers to be used.  If the DSP48 was instantiated in the design, it is suggested to set both the MREG and PREG attributes to 1 when performing multiply functions.
WARNING: [DRC DPOP-2] MREG Output pipelining: DSP U_bev_accel_top/U_sa_engine_int8/out_base1_r_reg multiplier stage U_bev_accel_top/U_sa_engine_int8/out_base1_r_reg/P[47:0] is not pipelined (MREG=0). Pipelining the multiplier function will improve performance and will save significant power so it is suggested whenever possible to fully pipeline this function.  If this multiplier was inferred, it is suggested to describe an additional register stage after this function.  If there is no registered adder/accumulator following the multiply function, two pipeline stages are suggested to allow both the MREG and PREG registers to be used.  If the DSP48 was instantiated in the design, it is suggested to set both the MREG and PREG attributes to 1 when performing multiply functions.
WARNING: [DRC DPOP-2] MREG Output pipelining: DSP U_bev_accel_top/U_sa_engine_int8/out_x_r_reg multiplier stage U_bev_accel_top/U_sa_engine_int8/out_x_r_reg/P[47:0] is not pipelined (MREG=0). Pipelining the multiplier function will improve performance and will save significant power so it is suggested whenever possible to fully pipeline this function.  If this multiplier was inferred, it is suggested to describe an additional register stage after this function.  If there is no registered adder/accumulator following the multiply function, two pipeline stages are suggested to allow both the MREG and PREG registers to be used.  If the DSP48 was instantiated in the design, it is suggested to set both the MREG and PREG attributes to 1 when performing multiply functions.
WARNING: [DRC REQP-1577] Clock output buffering: MMCME2_ADV connectivity violation. The signal U0_ps_ai_wrap_demo/U0_ps_ai_peripheral/frame_to_ps_inst0/cmos_clkgen_742_5_u0/inst/clkfbout_cmos_clkgen_742_5 on the U0_ps_ai_wrap_demo/U0_ps_ai_peripheral/frame_to_ps_inst0/cmos_clkgen_742_5_u0/inst/mmcm_adv_inst/CLKFBOUT pin of U0_ps_ai_wrap_demo/U0_ps_ai_peripheral/frame_to_ps_inst0/cmos_clkgen_742_5_u0/inst/mmcm_adv_inst does not drive the same kind of BUFFER load as the other CLKOUT pins. Routing from the different buffer types will not be phase aligned.
WARNING: [DRC REQP-1580] Phase alignment: Unsupported clocking topology used for OSERDESE2 U0_ps_ai_wrap_demo/U0_ps_ai_peripheral/frame_to_ps_inst0/uihdmitx_inst/family_7.Inst_clk_oserdese2_10to1/oserdese2_master. This can result in corrupted data. The U0_ps_ai_wrap_demo/U0_ps_ai_peripheral/frame_to_ps_inst0/uihdmitx_inst/family_7.Inst_clk_oserdese2_10to1/oserdese2_master/CLK / U0_ps_ai_wrap_demo/U0_ps_ai_peripheral/frame_to_ps_inst0/uihdmitx_inst/family_7.Inst_clk_oserdese2_10to1/oserdese2_master/CLKDIV pins should be driven by the same source through the same buffer type or by a BUFIO / BUFR combination in order to have a proper phase relationship. Please refer to the Select I/O User Guide for supported clocking topologies of the chosen INTERFACE_TYPE mode.
WARNING: [DRC REQP-1580] Phase alignment: Unsupported clocking topology used for OSERDESE2 U0_ps_ai_wrap_demo/U0_ps_ai_peripheral/frame_to_ps_inst0/uihdmitx_inst/family_7.Inst_clk_oserdese2_10to1/oserdese2_slave. This can result in corrupted data. The U0_ps_ai_wrap_demo/U0_ps_ai_peripheral/frame_to_ps_inst0/uihdmitx_inst/family_7.Inst_clk_oserdese2_10to1/oserdese2_slave/CLK / U0_ps_ai_wrap_demo/U0_ps_ai_peripheral/frame_to_ps_inst0/uihdmitx_inst/family_7.Inst_clk_oserdese2_10to1/oserdese2_slave/CLKDIV pins should be driven by the same source through the same buffer type or by a BUFIO / BUFR combination in order to have a proper phase relationship. Please refer to the Select I/O User Guide for supported clocking topologies of the chosen INTERFACE_TYPE mode.
WARNING: [DRC REQP-1580] Phase alignment: Unsupported clocking topology used for OSERDESE2 U0_ps_ai_wrap_demo/U0_ps_ai_peripheral/frame_to_ps_inst0/uihdmitx_inst/family_7.Inst_d0_serializer_10_1/oserdese2_master. This can result in corrupted data. The U0_ps_ai_wrap_demo/U0_ps_ai_peripheral/frame_to_ps_inst0/uihdmitx_inst/family_7.Inst_d0_serializer_10_1/oserdese2_master/CLK / U0_ps_ai_wrap_demo/U0_ps_ai_peripheral/frame_to_ps_inst0/uihdmitx_inst/family_7.Inst_d0_serializer_10_1/oserdese2_master/CLKDIV pins should be driven by the same source through the same buffer type or by a BUFIO / BUFR combination in order to have a proper phase relationship. Please refer to the Select I/O User Guide for supported clocking topologies of the chosen INTERFACE_TYPE mode.
WARNING: [DRC REQP-1580] Phase alignment: Unsupported clocking topology used for OSERDESE2 U0_ps_ai_wrap_demo/U0_ps_ai_peripheral/frame_to_ps_inst0/uihdmitx_inst/family_7.Inst_d0_serializer_10_1/oserdese2_slave. This can result in corrupted data. The U0_ps_ai_wrap_demo/U0_ps_ai_peripheral/frame_to_ps_inst0/uihdmitx_inst/family_7.Inst_d0_serializer_10_1/oserdese2_slave/CLK / U0_ps_ai_wrap_demo/U0_ps_ai_peripheral/frame_to_ps_inst0/uihdmitx_inst/family_7.Inst_d0_serializer_10_1/oserdese2_slave/CLKDIV pins should be driven by the same source through the same buffer type or by a BUFIO / BUFR combination in order to have a proper phase relationship. Please refer to the Select I/O User Guide for supported clocking topologies of the chosen INTERFACE_TYPE mode.
WARNING: [DRC REQP-1580] Phase alignment: Unsupported clocking topology used for OSERDESE2 U0_ps_ai_wrap_demo/U0_ps_ai_peripheral/frame_to_ps_inst0/uihdmitx_inst/family_7.Inst_d1_serializer_10_1/oserdese2_master. This can result in corrupted data. The U0_ps_ai_wrap_demo/U0_ps_ai_peripheral/frame_to_ps_inst0/uihdmitx_inst/family_7.Inst_d1_serializer_10_1/oserdese2_master/CLK / U0_ps_ai_wrap_demo/U0_ps_ai_peripheral/frame_to_ps_inst0/uihdmitx_inst/family_7.Inst_d1_serializer_10_1/oserdese2_master/CLKDIV pins should be driven by the same source through the same buffer type or by a BUFIO / BUFR combination in order to have a proper phase relationship. Please refer to the Select I/O User Guide for supported clocking topologies of the chosen INTERFACE_TYPE mode.
WARNING: [DRC REQP-1580] Phase alignment: Unsupported clocking topology used for OSERDESE2 U0_ps_ai_wrap_demo/U0_ps_ai_peripheral/frame_to_ps_inst0/uihdmitx_inst/family_7.Inst_d1_serializer_10_1/oserdese2_slave. This can result in corrupted data. The U0_ps_ai_wrap_demo/U0_ps_ai_peripheral/frame_to_ps_inst0/uihdmitx_inst/family_7.Inst_d1_serializer_10_1/oserdese2_slave/CLK / U0_ps_ai_wrap_demo/U0_ps_ai_peripheral/frame_to_ps_inst0/uihdmitx_inst/family_7.Inst_d1_serializer_10_1/oserdese2_slave/CLKDIV pins should be driven by the same source through the same buffer type or by a BUFIO / BUFR combination in order to have a proper phase relationship. Please refer to the Select I/O User Guide for supported clocking topologies of the chosen INTERFACE_TYPE mode.
WARNING: [DRC REQP-1580] Phase alignment: Unsupported clocking topology used for OSERDESE2 U0_ps_ai_wrap_demo/U0_ps_ai_peripheral/frame_to_ps_inst0/uihdmitx_inst/family_7.Inst_d2_serializer_10_1/oserdese2_master. This can result in corrupted data. The U0_ps_ai_wrap_demo/U0_ps_ai_peripheral/frame_to_ps_inst0/uihdmitx_inst/family_7.Inst_d2_serializer_10_1/oserdese2_master/CLK / U0_ps_ai_wrap_demo/U0_ps_ai_peripheral/frame_to_ps_inst0/uihdmitx_inst/family_7.Inst_d2_serializer_10_1/oserdese2_master/CLKDIV pins should be driven by the same source through the same buffer type or by a BUFIO / BUFR combination in order to have a proper phase relationship. Please refer to the Select I/O User Guide for supported clocking topologies of the chosen INTERFACE_TYPE mode.
WARNING: [DRC REQP-1580] Phase alignment: Unsupported clocking topology used for OSERDESE2 U0_ps_ai_wrap_demo/U0_ps_ai_peripheral/frame_to_ps_inst0/uihdmitx_inst/family_7.Inst_d2_serializer_10_1/oserdese2_slave. This can result in corrupted data. The U0_ps_ai_wrap_demo/U0_ps_ai_peripheral/frame_to_ps_inst0/uihdmitx_inst/family_7.Inst_d2_serializer_10_1/oserdese2_slave/CLK / U0_ps_ai_wrap_demo/U0_ps_ai_peripheral/frame_to_ps_inst0/uihdmitx_inst/family_7.Inst_d2_serializer_10_1/oserdese2_slave/CLKDIV pins should be driven by the same source through the same buffer type or by a BUFIO / BUFR combination in order to have a proper phase relationship. Please refer to the Select I/O User Guide for supported clocking topologies of the chosen INTERFACE_TYPE mode.
WARNING: [DRC REQP-1709] Clock output buffering: PLLE2_ADV connectivity violation. The signal U0_ps_ai_wrap_demo/U0_ps_ai_peripheral/mig_ddr3_u0/u_mig_7series_0_mig/u_ddr3_infrastructure/pll_clk3_out on the U0_ps_ai_wrap_demo/U0_ps_ai_peripheral/mig_ddr3_u0/u_mig_7series_0_mig/u_ddr3_infrastructure/plle2_i/CLKOUT3 pin of U0_ps_ai_wrap_demo/U0_ps_ai_peripheral/mig_ddr3_u0/u_mig_7series_0_mig/u_ddr3_infrastructure/plle2_i does not drive the same kind of BUFFER load as the other CLKOUT pins. Routing from the different buffer types will not be phase aligned.
WARNING: [DRC REQP-1839] RAMB36 async control check: The RAMB36E1 U0_ps_ai_wrap_demo/U0_ps_ai_peripheral/ZGolo/u_AI_Mate_top/U0_ddr2hp_itcn/U0_dmux4/U0_aw_axi_fifo/w616d64_fifo.U0_w616d64_fifo/U0/inst_fifo_gen/gconvfifo.rf/grf.rf/gntv_or_sync_fifo.mem/gbm.gbmg.gbmga.ngecc.bmg/inst_blk_mem_gen/gnbram.gnativebmg.native_blk_mem_gen/valid.cstr/ramloop[0].ram.r/prim_noinit.ram/DEVICE_7SERIES.NO_BMM_INFO.SDP.WIDE_PRIM36_NO_ECC.ram has an input control pin U0_ps_ai_wrap_demo/U0_ps_ai_peripheral/ZGolo/u_AI_Mate_top/U0_ddr2hp_itcn/U0_dmux4/U0_aw_axi_fifo/w616d64_fifo.U0_w616d64_fifo/U0/inst_fifo_gen/gconvfifo.rf/grf.rf/gntv_or_sync_fifo.mem/gbm.gbmg.gbmga.ngecc.bmg/inst_blk_mem_gen/gnbram.gnativebmg.native_blk_mem_gen/valid.cstr/ramloop[0].ram.r/prim_noinit.ram/DEVICE_7SERIES.NO_BMM_INFO.SDP.WIDE_PRIM36_NO_ECC.ram/ENARDEN (net: U0_ps_ai_wrap_demo/U0_ps_ai_peripheral/ZGolo/u_AI_Mate_top/U0_ddr2hp_itcn/U0_dmux4/U0_aw_axi_fifo/w616d64_fifo.U0_w616d64_fifo/U0/inst_fifo_gen/gconvfifo.rf/grf.rf/gntv_or_sync_fifo.mem/gbm.gbmg.gbmga.ngecc.bmg/inst_blk_mem_gen/gnbram.gnativebmg.native_blk_mem_gen/valid.cstr/ramloop[0].ram.r/prim_noinit.ram/tmp_ram_rd_en) which is driven by a register (U0_ps_ai_wrap_demo/U0_ps_ai_peripheral/ZGolo/u_AI_Mate_top/clkrst_wrapper_u0/u_sync_hp0_clk_rst/reset_2d_reg_replica_26) that has an active asychronous set or reset. This may cause corruption of the memory contents and/or read values when the set/reset is asserted and is not analyzed by the default static timing analysis. It is suggested to eliminate the use of a set/reset to registers driving this RAMB pin or else use a synchronous reset in which the assertion of the reset is timed by default.
WARNING: [DRC REQP-1839] RAMB36 async control check: The RAMB36E1 U0_ps_ai_wrap_demo/U0_ps_ai_peripheral/ZGolo/u_AI_Mate_top/U0_ddr2hp_itcn/U0_dmux4/U0_aw_axi_fifo/w616d64_fifo.U0_w616d64_fifo/U0/inst_fifo_gen/gconvfifo.rf/grf.rf/gntv_or_sync_fifo.mem/gbm.gbmg.gbmga.ngecc.bmg/inst_blk_mem_gen/gnbram.gnativebmg.native_blk_mem_gen/valid.cstr/ramloop[0].ram.r/prim_noinit.ram/DEVICE_7SERIES.NO_BMM_INFO.SDP.WIDE_PRIM36_NO_ECC.ram has an input control pin U0_ps_ai_wrap_demo/U0_ps_ai_peripheral/ZGolo/u_AI_Mate_top/U0_ddr2hp_itcn/U0_dmux4/U0_aw_axi_fifo/w616d64_fifo.U0_w616d64_fifo/U0/inst_fifo_gen/gconvfifo.rf/grf.rf/gntv_or_sync_fifo.mem/gbm.gbmg.gbmga.ngecc.bmg/inst_blk_mem_gen/gnbram.gnativebmg.native_blk_mem_gen/valid.cstr/ramloop[0].ram.r/prim_noinit.ram/DEVICE_7SERIES.NO_BMM_INFO.SDP.WIDE_PRIM36_NO_ECC.ram/ENBWREN (net: U0_ps_ai_wrap_demo/U0_ps_ai_peripheral/ZGolo/u_AI_Mate_top/U0_ddr2hp_itcn/U0_dmux4/U0_aw_axi_fifo/w616d64_fifo.U0_w616d64_fifo/U0/inst_fifo_gen/gconvfifo.rf/grf.rf/gntv_or_sync_fifo.mem/gbm.gbmg.gbmga.ngecc.bmg/inst_blk_mem_gen/gnbram.gnativebmg.native_blk_mem_gen/valid.cstr/ramloop[0].ram.r/prim_noinit.ram/DEVICE_7SERIES.NO_BMM_INFO.SDP.WIDE_PRIM36_NO_ECC.ram_0[0]) which is driven by a register (U0_ps_ai_wrap_demo/U0_ps_ai_peripheral/ZGolo/u_AI_Mate_top/U0_ddr2hp_itcn/u0_aw_cdc_fifo_ddr/u0_cdc_fifo_aw_616/U0/inst_fifo_gen/gconvfifo.rf/grf.rf/gntv_or_sync_fifo.gl0.rd/gr1.gr1_int.rfwft/empty_fwft_i_reg) that has an active asychronous set or reset. This may cause corruption of the memory contents and/or read values when the set/reset is asserted and is not analyzed by the default static timing analysis. It is suggested to eliminate the use of a set/reset to registers driving this RAMB pin or else use a synchronous reset in which the assertion of the reset is timed by default.
WARNING: [DRC REQP-1839] RAMB36 async control check: The RAMB36E1 U0_ps_ai_wrap_demo/U0_ps_ai_peripheral/ZGolo/u_AI_Mate_top/U0_ddr2hp_itcn/U0_dmux4/U0_aw_axi_fifo/w616d64_fifo.U0_w616d64_fifo/U0/inst_fifo_gen/gconvfifo.rf/grf.rf/gntv_or_sync_fifo.mem/gbm.gbmg.gbmga.ngecc.bmg/inst_blk_mem_gen/gnbram.gnativebmg.native_blk_mem_gen/valid.cstr/ramloop[0].ram.r/prim_noinit.ram/DEVICE_7SERIES.NO_BMM_INFO.SDP.WIDE_PRIM36_NO_ECC.ram has an input control pin U0_ps_ai_wrap_demo/U0_ps_ai_peripheral/ZGolo/u_AI_Mate_top/U0_ddr2hp_itcn/U0_dmux4/U0_aw_axi_fifo/w616d64_fifo.U0_w616d64_fifo/U0/inst_fifo_gen/gconvfifo.rf/grf.rf/gntv_or_sync_fifo.mem/gbm.gbmg.gbmga.ngecc.bmg/inst_blk_mem_gen/gnbram.gnativebmg.native_blk_mem_gen/valid.cstr/ramloop[0].ram.r/prim_noinit.ram/DEVICE_7SERIES.NO_BMM_INFO.SDP.WIDE_PRIM36_NO_ECC.ram/RSTRAMARSTRAM (net: U0_ps_ai_wrap_demo/U0_ps_ai_peripheral/ZGolo/u_AI_Mate_top/U0_ddr2hp_itcn/U0_dmux4/U0_aw_axi_fifo/w616d64_fifo.U0_w616d64_fifo/U0/inst_fifo_gen/gconvfifo.rf/grf.rf/gntv_or_sync_fifo.mem/gbm.gbmg.gbmga.ngecc.bmg/inst_blk_mem_gen/gnbram.gnativebmg.native_blk_mem_gen/valid.cstr/ramloop[0].ram.r/prim_noinit.ram/hp0_clk_rst_repN_5_alias) which is driven by a register (U0_ps_ai_wrap_demo/U0_ps_ai_peripheral/ZGolo/u_AI_Mate_top/clkrst_wrapper_u0/u_sync_hp0_clk_rst/reset_2d_reg_replica_5) that has an active asychronous set or reset. This may cause corruption of the memory contents and/or read values when the set/reset is asserted and is not analyzed by the default static timing analysis. It is suggested to eliminate the use of a set/reset to registers driving this RAMB pin or else use a synchronous reset in which the assertion of the reset is timed by default.
WARNING: [DRC REQP-1839] RAMB36 async control check: The RAMB36E1 U0_ps_ai_wrap_demo/U0_ps_ai_peripheral/ZGolo/u_AI_Mate_top/U0_ddr2hp_itcn/U0_dmux4/U0_aw_axi_fifo/w616d64_fifo.U0_w616d64_fifo/U0/inst_fifo_gen/gconvfifo.rf/grf.rf/gntv_or_sync_fifo.mem/gbm.gbmg.gbmga.ngecc.bmg/inst_blk_mem_gen/gnbram.gnativebmg.native_blk_mem_gen/valid.cstr/ramloop[0].ram.r/prim_noinit.ram/DEVICE_7SERIES.NO_BMM_INFO.SDP.WIDE_PRIM36_NO_ECC.ram has an input control pin U0_ps_ai_wrap_demo/U0_ps_ai_peripheral/ZGolo/u_AI_Mate_top/U0_ddr2hp_itcn/U0_dmux4/U0_aw_axi_fifo/w616d64_fifo.U0_w616d64_fifo/U0/inst_fifo_gen/gconvfifo.rf/grf.rf/gntv_or_sync_fifo.mem/gbm.gbmg.gbmga.ngecc.bmg/inst_blk_mem_gen/gnbram.gnativebmg.native_blk_mem_gen/valid.cstr/ramloop[0].ram.r/prim_noinit.ram/DEVICE_7SERIES.NO_BMM_INFO.SDP.WIDE_PRIM36_NO_ECC.ram/WEBWE[0] (net: U0_ps_ai_wrap_demo/U0_ps_ai_peripheral/ZGolo/u_AI_Mate_top/U0_ddr2hp_itcn/U0_dmux4/U0_aw_axi_fifo/w616d64_fifo.U0_w616d64_fifo/U0/inst_fifo_gen/gconvfifo.rf/grf.rf/gntv_or_sync_fifo.mem/gbm.gbmg.gbmga.ngecc.bmg/inst_blk_mem_gen/gnbram.gnativebmg.native_blk_mem_gen/valid.cstr/ramloop[0].ram.r/prim_noinit.ram/DEVICE_7SERIES.NO_BMM_INFO.SDP.WIDE_PRIM36_NO_ECC.ram_3[0]) which is driven by a register (U0_ps_ai_wrap_demo/U0_ps_ai_peripheral/ZGolo/u_AI_Mate_top/U0_ddr2hp_itcn/u0_aw_cdc_fifo_ddr/u0_cdc_fifo_aw_616/U0/inst_fifo_gen/gconvfifo.rf/grf.rf/gntv_or_sync_fifo.gl0.rd/gr1.gr1_int.rfwft/empty_fwft_i_reg) that has an active asychronous set or reset. This may cause corruption of the memory contents and/or read values when the set/reset is asserted and is not analyzed by the default static timing analysis. It is suggested to eliminate the use of a set/reset to registers driving this RAMB pin or else use a synchronous reset in which the assertion of the reset is timed by default.
WARNING: [DRC REQP-1839] RAMB36 async control check: The RAMB36E1 U0_ps_ai_wrap_demo/U0_ps_ai_peripheral/ZGolo/u_AI_Mate_top/U0_ddr2hp_itcn/U0_dmux4/U0_aw_axi_fifo/w616d64_fifo.U0_w616d64_fifo/U0/inst_fifo_gen/gconvfifo.rf/grf.rf/gntv_or_sync_fifo.mem/gbm.gbmg.gbmga.ngecc.bmg/inst_blk_mem_gen/gnbram.gnativebmg.native_blk_mem_gen/valid.cstr/ramloop[0].ram.r/prim_noinit.ram/DEVICE_7SERIES.NO_BMM_INFO.SDP.WIDE_PRIM36_NO_ECC.ram has an input control pin U0_ps_ai_wrap_demo/U0_ps_ai_peripheral/ZGolo/u_AI_Mate_top/U0_ddr2hp_itcn/U0_dmux4/U0_aw_axi_fifo/w616d64_fifo.U0_w616d64_fifo/U0/inst_fifo_gen/gconvfifo.rf/grf.rf/gntv_or_sync_fifo.mem/gbm.gbmg.gbmga.ngecc.bmg/inst_blk_mem_gen/gnbram.gnativebmg.native_blk_mem_gen/valid.cstr/ramloop[0].ram.r/prim_noinit.ram/DEVICE_7SERIES.NO_BMM_INFO.SDP.WIDE_PRIM36_NO_ECC.ram/WEBWE[1] (net: U0_ps_ai_wrap_demo/U0_ps_ai_peripheral/ZGolo/u_AI_Mate_top/U0_ddr2hp_itcn/U0_dmux4/U0_aw_axi_fifo/w616d64_fifo.U0_w616d64_fifo/U0/inst_fifo_gen/gconvfifo.rf/grf.rf/gntv_or_sync_fifo.mem/gbm.gbmg.gbmga.ngecc.bmg/inst_blk_mem_gen/gnbram.gnativebmg.native_blk_mem_gen/valid.cstr/ramloop[0].ram.r/prim_noinit.ram/DEVICE_7SERIES.NO_BMM_INFO.SDP.WIDE_PRIM36_NO_ECC.ram_3[0]) which is driven by a register (U0_ps_ai_wrap_demo/U0_ps_ai_peripheral/ZGolo/u_AI_Mate_top/U0_ddr2hp_itcn/u0_aw_cdc_fifo_ddr/u0_cdc_fifo_aw_616/U0/inst_fifo_gen/gconvfifo.rf/grf.rf/gntv_or_sync_fifo.gl0.rd/gr1.gr1_int.rfwft/empty_fwft_i_reg) that has an active asychronous set or reset. This may cause corruption of the memory contents and/or read values when the set/reset is asserted and is not analyzed by the default static timing analysis. It is suggested to eliminate the use of a set/reset to registers driving this RAMB pin or else use a synchronous reset in which the assertion of the reset is timed by default.
WARNING: [DRC REQP-1839] RAMB36 async control check: The RAMB36E1 U0_ps_ai_wrap_demo/U0_ps_ai_peripheral/ZGolo/u_AI_Mate_top/U0_ddr2hp_itcn/U0_dmux4/U0_aw_axi_fifo/w616d64_fifo.U0_w616d64_fifo/U0/inst_fifo_gen/gconvfifo.rf/grf.rf/gntv_or_sync_fifo.mem/gbm.gbmg.gbmga.ngecc.bmg/inst_blk_mem_gen/gnbram.gnativebmg.native_blk_mem_gen/valid.cstr/ramloop[0].ram.r/prim_noinit.ram/DEVICE_7SERIES.NO_BMM_INFO.SDP.WIDE_PRIM36_NO_ECC.ram has an input control pin U0_ps_ai_wrap_demo/U0_ps_ai_peripheral/ZGolo/u_AI_Mate_top/U0_ddr2hp_itcn/U0_dmux4/U0_aw_axi_fifo/w616d64_fifo.U0_w616d64_fifo/U0/inst_fifo_gen/gconvfifo.rf/grf.rf/gntv_or_sync_fifo.mem/gbm.gbmg.gbmga.ngecc.bmg/inst_blk_mem_gen/gnbram.gnativebmg.native_blk_mem_gen/valid.cstr/ramloop[0].ram.r/prim_noinit.ram/DEVICE_7SERIES.NO_BMM_INFO.SDP.WIDE_PRIM36_NO_ECC.ram/WEBWE[2] (net: U0_ps_ai_wrap_demo/U0_ps_ai_peripheral/ZGolo/u_AI_Mate_top/U0_ddr2hp_itcn/U0_dmux4/U0_aw_axi_fifo/w616d64_fifo.U0_w616d64_fifo/U0/inst_fifo_gen/gconvfifo.rf/grf.rf/gntv_or_sync_fifo.mem/gbm.gbmg.gbmga.ngecc.bmg/inst_blk_mem_gen/gnbram.gnativebmg.native_blk_mem_gen/valid.cstr/ramloop[0].ram.r/prim_noinit.ram/DEVICE_7SERIES.NO_BMM_INFO.SDP.WIDE_PRIM36_NO_ECC.ram_3[0]) which is driven by a register (U0_ps_ai_wrap_demo/U0_ps_ai_peripheral/ZGolo/u_AI_Mate_top/U0_ddr2hp_itcn/u0_aw_cdc_fifo_ddr/u0_cdc_fifo_aw_616/U0/inst_fifo_gen/gconvfifo.rf/grf.rf/gntv_or_sync_fifo.gl0.rd/gr1.gr1_int.rfwft/empty_fwft_i_reg) that has an active asychronous set or reset. This may cause corruption of the memory contents and/or read values when the set/reset is asserted and is not analyzed by the default static timing analysis. It is suggested to eliminate the use of a set/reset to registers driving this RAMB pin or else use a synchronous reset in which the assertion of the reset is timed by default.
WARNING: [DRC REQP-1839] RAMB36 async control check: The RAMB36E1 U0_ps_ai_wrap_demo/U0_ps_ai_peripheral/ZGolo/u_AI_Mate_top/U0_ddr2hp_itcn/U0_dmux4/U0_aw_axi_fifo/w616d64_fifo.U0_w616d64_fifo/U0/inst_fifo_gen/gconvfifo.rf/grf.rf/gntv_or_sync_fifo.mem/gbm.gbmg.gbmga.ngecc.bmg/inst_blk_mem_gen/gnbram.gnativebmg.native_blk_mem_gen/valid.cstr/ramloop[0].ram.r/prim_noinit.ram/DEVICE_7SERIES.NO_BMM_INFO.SDP.WIDE_PRIM36_NO_ECC.ram has an input control pin U0_ps_ai_wrap_demo/U0_ps_ai_peripheral/ZGolo/u_AI_Mate_top/U0_ddr2hp_itcn/U0_dmux4/U0_aw_axi_fifo/w616d64_fifo.U0_w616d64_fifo/U0/inst_fifo_gen/gconvfifo.rf/grf.rf/gntv_or_sync_fifo.mem/gbm.gbmg.gbmga.ngecc.bmg/inst_blk_mem_gen/gnbram.gnativebmg.native_blk_mem_gen/valid.cstr/ramloop[0].ram.r/prim_noinit.ram/DEVICE_7SERIES.NO_BMM_INFO.SDP.WIDE_PRIM36_NO_ECC.ram/WEBWE[3] (net: U0_ps_ai_wrap_demo/U0_ps_ai_peripheral/ZGolo/u_AI_Mate_top/U0_ddr2hp_itcn/U0_dmux4/U0_aw_axi_fifo/w616d64_fifo.U0_w616d64_fifo/U0/inst_fifo_gen/gconvfifo.rf/grf.rf/gntv_or_sync_fifo.mem/gbm.gbmg.gbmga.ngecc.bmg/inst_blk_mem_gen/gnbram.gnativebmg.native_blk_mem_gen/valid.cstr/ramloop[0].ram.r/prim_noinit.ram/DEVICE_7SERIES.NO_BMM_INFO.SDP.WIDE_PRIM36_NO_ECC.ram_3[0]) which is driven by a register (U0_ps_ai_wrap_demo/U0_ps_ai_peripheral/ZGolo/u_AI_Mate_top/U0_ddr2hp_itcn/u0_aw_cdc_fifo_ddr/u0_cdc_fifo_aw_616/U0/inst_fifo_gen/gconvfifo.rf/grf.rf/gntv_or_sync_fifo.gl0.rd/gr1.gr1_int.rfwft/empty_fwft_i_reg) that has an active asychronous set or reset. This may cause corruption of the memory contents and/or read values when the set/reset is asserted and is not analyzed by the default static timing analysis. It is suggested to eliminate the use of a set/reset to registers driving this RAMB pin or else use a synchronous reset in which the assertion of the reset is timed by default.
WARNING: [DRC REQP-1839] RAMB36 async control check: The RAMB36E1 U0_ps_ai_wrap_demo/U0_ps_ai_peripheral/ZGolo/u_AI_Mate_top/U0_ddr2hp_itcn/U0_dmux4/U0_aw_axi_fifo/w616d64_fifo.U0_w616d64_fifo/U0/inst_fifo_gen/gconvfifo.rf/grf.rf/gntv_or_sync_fifo.mem/gbm.gbmg.gbmga.ngecc.bmg/inst_blk_mem_gen/gnbram.gnativebmg.native_blk_mem_gen/valid.cstr/ramloop[0].ram.r/prim_noinit.ram/DEVICE_7SERIES.NO_BMM_INFO.SDP.WIDE_PRIM36_NO_ECC.ram has an input control pin U0_ps_ai_wrap_demo/U0_ps_ai_peripheral/ZGolo/u_AI_Mate_top/U0_ddr2hp_itcn/U0_dmux4/U0_aw_axi_fifo/w616d64_fifo.U0_w616d64_fifo/U0/inst_fifo_gen/gconvfifo.rf/grf.rf/gntv_or_sync_fifo.mem/gbm.gbmg.gbmga.ngecc.bmg/inst_blk_mem_gen/gnbram.gnativebmg.native_blk_mem_gen/valid.cstr/ramloop[0].ram.r/prim_noinit.ram/DEVICE_7SERIES.NO_BMM_INFO.SDP.WIDE_PRIM36_NO_ECC.ram/WEBWE[4] (net: U0_ps_ai_wrap_demo/U0_ps_ai_peripheral/ZGolo/u_AI_Mate_top/U0_ddr2hp_itcn/U0_dmux4/U0_aw_axi_fifo/w616d64_fifo.U0_w616d64_fifo/U0/inst_fifo_gen/gconvfifo.rf/grf.rf/gntv_or_sync_fifo.mem/gbm.gbmg.gbmga.ngecc.bmg/inst_blk_mem_gen/gnbram.gnativebmg.native_blk_mem_gen/valid.cstr/ramloop[0].ram.r/prim_noinit.ram/DEVICE_7SERIES.NO_BMM_INFO.SDP.WIDE_PRIM36_NO_ECC.ram_3[0]) which is driven by a register (U0_ps_ai_wrap_demo/U0_ps_ai_peripheral/ZGolo/u_AI_Mate_top/U0_ddr2hp_itcn/u0_aw_cdc_fifo_ddr/u0_cdc_fifo_aw_616/U0/inst_fifo_gen/gconvfifo.rf/grf.rf/gntv_or_sync_fifo.gl0.rd/gr1.gr1_int.rfwft/empty_fwft_i_reg) that has an active asychronous set or reset. This may cause corruption of the memory contents and/or read values when the set/reset is asserted and is not analyzed by the default static timing analysis. It is suggested to eliminate the use of a set/reset to registers driving this RAMB pin or else use a synchronous reset in which the assertion of the reset is timed by default.
WARNING: [DRC REQP-1839] RAMB36 async control check: The RAMB36E1 U0_ps_ai_wrap_demo/U0_ps_ai_peripheral/ZGolo/u_AI_Mate_top/U0_ddr2hp_itcn/U0_dmux4/U0_aw_axi_fifo/w616d64_fifo.U0_w616d64_fifo/U0/inst_fifo_gen/gconvfifo.rf/grf.rf/gntv_or_sync_fifo.mem/gbm.gbmg.gbmga.ngecc.bmg/inst_blk_mem_gen/gnbram.gnativebmg.native_blk_mem_gen/valid.cstr/ramloop[0].ram.r/prim_noinit.ram/DEVICE_7SERIES.NO_BMM_INFO.SDP.WIDE_PRIM36_NO_ECC.ram has an input control pin U0_ps_ai_wrap_demo/U0_ps_ai_peripheral/ZGolo/u_AI_Mate_top/U0_ddr2hp_itcn/U0_dmux4/U0_aw_axi_fifo/w616d64_fifo.U0_w616d64_fifo/U0/inst_fifo_gen/gconvfifo.rf/grf.rf/gntv_or_sync_fifo.mem/gbm.gbmg.gbmga.ngecc.bmg/inst_blk_mem_gen/gnbram.gnativebmg.native_blk_mem_gen/valid.cstr/ramloop[0].ram.r/prim_noinit.ram/DEVICE_7SERIES.NO_BMM_INFO.SDP.WIDE_PRIM36_NO_ECC.ram/WEBWE[5] (net: U0_ps_ai_wrap_demo/U0_ps_ai_peripheral/ZGolo/u_AI_Mate_top/U0_ddr2hp_itcn/U0_dmux4/U0_aw_axi_fifo/w616d64_fifo.U0_w616d64_fifo/U0/inst_fifo_gen/gconvfifo.rf/grf.rf/gntv_or_sync_fifo.mem/gbm.gbmg.gbmga.ngecc.bmg/inst_blk_mem_gen/gnbram.gnativebmg.native_blk_mem_gen/valid.cstr/ramloop[0].ram.r/prim_noinit.ram/DEVICE_7SERIES.NO_BMM_INFO.SDP.WIDE_PRIM36_NO_ECC.ram_3[0]) which is driven by a register (U0_ps_ai_wrap_demo/U0_ps_ai_peripheral/ZGolo/u_AI_Mate_top/U0_ddr2hp_itcn/u0_aw_cdc_fifo_ddr/u0_cdc_fifo_aw_616/U0/inst_fifo_gen/gconvfifo.rf/grf.rf/gntv_or_sync_fifo.gl0.rd/gr1.gr1_int.rfwft/empty_fwft_i_reg) that has an active asychronous set or reset. This may cause corruption of the memory contents and/or read values when the set/reset is asserted and is not analyzed by the default static timing analysis. It is suggested to eliminate the use of a set/reset to registers driving this RAMB pin or else use a synchronous reset in which the assertion of the reset is timed by default.
WARNING: [DRC REQP-1839] RAMB36 async control check: The RAMB36E1 U0_ps_ai_wrap_demo/U0_ps_ai_peripheral/ZGolo/u_AI_Mate_top/U0_ddr2hp_itcn/U0_dmux4/U0_aw_axi_fifo/w616d64_fifo.U0_w616d64_fifo/U0/inst_fifo_gen/gconvfifo.rf/grf.rf/gntv_or_sync_fifo.mem/gbm.gbmg.gbmga.ngecc.bmg/inst_blk_mem_gen/gnbram.gnativebmg.native_blk_mem_gen/valid.cstr/ramloop[0].ram.r/prim_noinit.ram/DEVICE_7SERIES.NO_BMM_INFO.SDP.WIDE_PRIM36_NO_ECC.ram has an input control pin U0_ps_ai_wrap_demo/U0_ps_ai_peripheral/ZGolo/u_AI_Mate_top/U0_ddr2hp_itcn/U0_dmux4/U0_aw_axi_fifo/w616d64_fifo.U0_w616d64_fifo/U0/inst_fifo_gen/gconvfifo.rf/grf.rf/gntv_or_sync_fifo.mem/gbm.gbmg.gbmga.ngecc.bmg/inst_blk_mem_gen/gnbram.gnativebmg.native_blk_mem_gen/valid.cstr/ramloop[0].ram.r/prim_noinit.ram/DEVICE_7SERIES.NO_BMM_INFO.SDP.WIDE_PRIM36_NO_ECC.ram/WEBWE[6] (net: U0_ps_ai_wrap_demo/U0_ps_ai_peripheral/ZGolo/u_AI_Mate_top/U0_ddr2hp_itcn/U0_dmux4/U0_aw_axi_fifo/w616d64_fifo.U0_w616d64_fifo/U0/inst_fifo_gen/gconvfifo.rf/grf.rf/gntv_or_sync_fifo.mem/gbm.gbmg.gbmga.ngecc.bmg/inst_blk_mem_gen/gnbram.gnativebmg.native_blk_mem_gen/valid.cstr/ramloop[0].ram.r/prim_noinit.ram/DEVICE_7SERIES.NO_BMM_INFO.SDP.WIDE_PRIM36_NO_ECC.ram_3[0]) which is driven by a register (U0_ps_ai_wrap_demo/U0_ps_ai_peripheral/ZGolo/u_AI_Mate_top/U0_ddr2hp_itcn/u0_aw_cdc_fifo_ddr/u0_cdc_fifo_aw_616/U0/inst_fifo_gen/gconvfifo.rf/grf.rf/gntv_or_sync_fifo.gl0.rd/gr1.gr1_int.rfwft/empty_fwft_i_reg) that has an active asychronous set or reset. This may cause corruption of the memory contents and/or read values when the set/reset is asserted and is not analyzed by the default static timing analysis. It is suggested to eliminate the use of a set/reset to registers driving this RAMB pin or else use a synchronous reset in which the assertion of the reset is timed by default.
WARNING: [DRC REQP-1839] RAMB36 async control check: The RAMB36E1 U0_ps_ai_wrap_demo/U0_ps_ai_peripheral/ZGolo/u_AI_Mate_top/U0_ddr2hp_itcn/U0_dmux4/U0_aw_axi_fifo/w616d64_fifo.U0_w616d64_fifo/U0/inst_fifo_gen/gconvfifo.rf/grf.rf/gntv_or_sync_fifo.mem/gbm.gbmg.gbmga.ngecc.bmg/inst_blk_mem_gen/gnbram.gnativebmg.native_blk_mem_gen/valid.cstr/ramloop[0].ram.r/prim_noinit.ram/DEVICE_7SERIES.NO_BMM_INFO.SDP.WIDE_PRIM36_NO_ECC.ram has an input control pin U0_ps_ai_wrap_demo/U0_ps_ai_peripheral/ZGolo/u_AI_Mate_top/U0_ddr2hp_itcn/U0_dmux4/U0_aw_axi_fifo/w616d64_fifo.U0_w616d64_fifo/U0/inst_fifo_gen/gconvfifo.rf/grf.rf/gntv_or_sync_fifo.mem/gbm.gbmg.gbmga.ngecc.bmg/inst_blk_mem_gen/gnbram.gnativebmg.native_blk_mem_gen/valid.cstr/ramloop[0].ram.r/prim_noinit.ram/DEVICE_7SERIES.NO_BMM_INFO.SDP.WIDE_PRIM36_NO_ECC.ram/WEBWE[7] (net: U0_ps_ai_wrap_demo/U0_ps_ai_peripheral/ZGolo/u_AI_Mate_top/U0_ddr2hp_itcn/U0_dmux4/U0_aw_axi_fifo/w616d64_fifo.U0_w616d64_fifo/U0/inst_fifo_gen/gconvfifo.rf/grf.rf/gntv_or_sync_fifo.mem/gbm.gbmg.gbmga.ngecc.bmg/inst_blk_mem_gen/gnbram.gnativebmg.native_blk_mem_gen/valid.cstr/ramloop[0].ram.r/prim_noinit.ram/DEVICE_7SERIES.NO_BMM_INFO.SDP.WIDE_PRIM36_NO_ECC.ram_3[0]) which is driven by a register (U0_ps_ai_wrap_demo/U0_ps_ai_peripheral/ZGolo/u_AI_Mate_top/U0_ddr2hp_itcn/u0_aw_cdc_fifo_ddr/u0_cdc_fifo_aw_616/U0/inst_fifo_gen/gconvfifo.rf/grf.rf/gntv_or_sync_fifo.gl0.rd/gr1.gr1_int.rfwft/empty_fwft_i_reg) that has an active asychronous set or reset. This may cause corruption of the memory contents and/or read values when the set/reset is asserted and is not analyzed by the default static timing analysis. It is suggested to eliminate the use of a set/reset to registers driving this RAMB pin or else use a synchronous reset in which the assertion of the reset is timed by default.
WARNING: [DRC REQP-1839] RAMB36 async control check: The RAMB36E1 U0_ps_ai_wrap_demo/U0_ps_ai_peripheral/ZGolo/u_AI_Mate_top/U0_ddr2hp_itcn/U0_dmux4/U0_aw_axi_fifo/w616d64_fifo.U0_w616d64_fifo/U0/inst_fifo_gen/gconvfifo.rf/grf.rf/gntv_or_sync_fifo.mem/gbm.gbmg.gbmga.ngecc.bmg/inst_blk_mem_gen/gnbram.gnativebmg.native_blk_mem_gen/valid.cstr/ramloop[1].ram.r/prim_noinit.ram/DEVICE_7SERIES.NO_BMM_INFO.SDP.WIDE_PRIM36_NO_ECC.ram has an input control pin U0_ps_ai_wrap_demo/U0_ps_ai_peripheral/ZGolo/u_AI_Mate_top/U0_ddr2hp_itcn/U0_dmux4/U0_aw_axi_fifo/w616d64_fifo.U0_w616d64_fifo/U0/inst_fifo_gen/gconvfifo.rf/grf.rf/gntv_or_sync_fifo.mem/gbm.gbmg.gbmga.ngecc.bmg/inst_blk_mem_gen/gnbram.gnativebmg.native_blk_mem_gen/valid.cstr/ramloop[1].ram.r/prim_noinit.ram/DEVICE_7SERIES.NO_BMM_INFO.SDP.WIDE_PRIM36_NO_ECC.ram/ENARDEN (net: U0_ps_ai_wrap_demo/U0_ps_ai_peripheral/ZGolo/u_AI_Mate_top/U0_ddr2hp_itcn/U0_dmux4/U0_aw_axi_fifo/w616d64_fifo.U0_w616d64_fifo/U0/inst_fifo_gen/gconvfifo.rf/grf.rf/gntv_or_sync_fifo.mem/gbm.gbmg.gbmga.ngecc.bmg/inst_blk_mem_gen/gnbram.gnativebmg.native_blk_mem_gen/valid.cstr/ramloop[1].ram.r/prim_noinit.ram/tmp_ram_rd_en) which is driven by a register (U0_ps_ai_wrap_demo/U0_ps_ai_peripheral/ZGolo/u_AI_Mate_top/clkrst_wrapper_u0/u_sync_hp0_clk_rst/reset_2d_reg_replica_26) that has an active asychronous set or reset. This may cause corruption of the memory contents and/or read values when the set/reset is asserted and is not analyzed by the default static timing analysis. It is suggested to eliminate the use of a set/reset to registers driving this RAMB pin or else use a synchronous reset in which the assertion of the reset is timed by default.
WARNING: [DRC REQP-1839] RAMB36 async control check: The RAMB36E1 U0_ps_ai_wrap_demo/U0_ps_ai_peripheral/ZGolo/u_AI_Mate_top/U0_ddr2hp_itcn/U0_dmux4/U0_aw_axi_fifo/w616d64_fifo.U0_w616d64_fifo/U0/inst_fifo_gen/gconvfifo.rf/grf.rf/gntv_or_sync_fifo.mem/gbm.gbmg.gbmga.ngecc.bmg/inst_blk_mem_gen/gnbram.gnativebmg.native_blk_mem_gen/valid.cstr/ramloop[1].ram.r/prim_noinit.ram/DEVICE_7SERIES.NO_BMM_INFO.SDP.WIDE_PRIM36_NO_ECC.ram has an input control pin U0_ps_ai_wrap_demo/U0_ps_ai_peripheral/ZGolo/u_AI_Mate_top/U0_ddr2hp_itcn/U0_dmux4/U0_aw_axi_fifo/w616d64_fifo.U0_w616d64_fifo/U0/inst_fifo_gen/gconvfifo.rf/grf.rf/gntv_or_sync_fifo.mem/gbm.gbmg.gbmga.ngecc.bmg/inst_blk_mem_gen/gnbram.gnativebmg.native_blk_mem_gen/valid.cstr/ramloop[1].ram.r/prim_noinit.ram/DEVICE_7SERIES.NO_BMM_INFO.SDP.WIDE_PRIM36_NO_ECC.ram/ENBWREN (net: U0_ps_ai_wrap_demo/U0_ps_ai_peripheral/ZGolo/u_AI_Mate_top/U0_ddr2hp_itcn/U0_dmux4/U0_aw_axi_fifo/w616d64_fifo.U0_w616d64_fifo/U0/inst_fifo_gen/gconvfifo.rf/grf.rf/gntv_or_sync_fifo.mem/gbm.gbmg.gbmga.ngecc.bmg/inst_blk_mem_gen/gnbram.gnativebmg.native_blk_mem_gen/valid.cstr/ramloop[1].ram.r/prim_noinit.ram/DEVICE_7SERIES.NO_BMM_INFO.SDP.WIDE_PRIM36_NO_ECC.ram_0[0]) which is driven by a register (U0_ps_ai_wrap_demo/U0_ps_ai_peripheral/ZGolo/u_AI_Mate_top/U0_ddr2hp_itcn/u0_aw_cdc_fifo_ddr/u0_cdc_fifo_aw_616/U0/inst_fifo_gen/gconvfifo.rf/grf.rf/gntv_or_sync_fifo.gl0.rd/gr1.gr1_int.rfwft/empty_fwft_i_reg) that has an active asychronous set or reset. This may cause corruption of the memory contents and/or read values when the set/reset is asserted and is not analyzed by the default static timing analysis. It is suggested to eliminate the use of a set/reset to registers driving this RAMB pin or else use a synchronous reset in which the assertion of the reset is timed by default.
WARNING: [DRC REQP-1839] RAMB36 async control check: The RAMB36E1 U0_ps_ai_wrap_demo/U0_ps_ai_peripheral/ZGolo/u_AI_Mate_top/U0_ddr2hp_itcn/U0_dmux4/U0_aw_axi_fifo/w616d64_fifo.U0_w616d64_fifo/U0/inst_fifo_gen/gconvfifo.rf/grf.rf/gntv_or_sync_fifo.mem/gbm.gbmg.gbmga.ngecc.bmg/inst_blk_mem_gen/gnbram.gnativebmg.native_blk_mem_gen/valid.cstr/ramloop[1].ram.r/prim_noinit.ram/DEVICE_7SERIES.NO_BMM_INFO.SDP.WIDE_PRIM36_NO_ECC.ram has an input control pin U0_ps_ai_wrap_demo/U0_ps_ai_peripheral/ZGolo/u_AI_Mate_top/U0_ddr2hp_itcn/U0_dmux4/U0_aw_axi_fifo/w616d64_fifo.U0_w616d64_fifo/U0/inst_fifo_gen/gconvfifo.rf/grf.rf/gntv_or_sync_fifo.mem/gbm.gbmg.gbmga.ngecc.bmg/inst_blk_mem_gen/gnbram.gnativebmg.native_blk_mem_gen/valid.cstr/ramloop[1].ram.r/prim_noinit.ram/DEVICE_7SERIES.NO_BMM_INFO.SDP.WIDE_PRIM36_NO_ECC.ram/RSTRAMARSTRAM (net: U0_ps_ai_wrap_demo/U0_ps_ai_peripheral/ZGolo/u_AI_Mate_top/U0_ddr2hp_itcn/U0_dmux4/U0_aw_axi_fifo/w616d64_fifo.U0_w616d64_fifo/U0/inst_fifo_gen/gconvfifo.rf/grf.rf/gntv_or_sync_fifo.mem/gbm.gbmg.gbmga.ngecc.bmg/inst_blk_mem_gen/gnbram.gnativebmg.native_blk_mem_gen/valid.cstr/ramloop[1].ram.r/prim_noinit.ram/hp0_clk_rst_repN_51_alias) which is driven by a register (U0_ps_ai_wrap_demo/U0_ps_ai_peripheral/ZGolo/u_AI_Mate_top/clkrst_wrapper_u0/u_sync_hp0_clk_rst/reset_2d_reg_replica_51) that has an active asychronous set or reset. This may cause corruption of the memory contents and/or read values when the set/reset is asserted and is not analyzed by the default static timing analysis. It is suggested to eliminate the use of a set/reset to registers driving this RAMB pin or else use a synchronous reset in which the assertion of the reset is timed by default.
WARNING: [DRC REQP-1839] RAMB36 async control check: The RAMB36E1 U0_ps_ai_wrap_demo/U0_ps_ai_peripheral/ZGolo/u_AI_Mate_top/U0_ddr2hp_itcn/U0_dmux4/U0_aw_axi_fifo/w616d64_fifo.U0_w616d64_fifo/U0/inst_fifo_gen/gconvfifo.rf/grf.rf/gntv_or_sync_fifo.mem/gbm.gbmg.gbmga.ngecc.bmg/inst_blk_mem_gen/gnbram.gnativebmg.native_blk_mem_gen/valid.cstr/ramloop[1].ram.r/prim_noinit.ram/DEVICE_7SERIES.NO_BMM_INFO.SDP.WIDE_PRIM36_NO_ECC.ram has an input control pin U0_ps_ai_wrap_demo/U0_ps_ai_peripheral/ZGolo/u_AI_Mate_top/U0_ddr2hp_itcn/U0_dmux4/U0_aw_axi_fifo/w616d64_fifo.U0_w616d64_fifo/U0/inst_fifo_gen/gconvfifo.rf/grf.rf/gntv_or_sync_fifo.mem/gbm.gbmg.gbmga.ngecc.bmg/inst_blk_mem_gen/gnbram.gnativebmg.native_blk_mem_gen/valid.cstr/ramloop[1].ram.r/prim_noinit.ram/DEVICE_7SERIES.NO_BMM_INFO.SDP.WIDE_PRIM36_NO_ECC.ram/WEBWE[2] (net: U0_ps_ai_wrap_demo/U0_ps_ai_peripheral/ZGolo/u_AI_Mate_top/U0_ddr2hp_itcn/U0_dmux4/U0_aw_axi_fifo/w616d64_fifo.U0_w616d64_fifo/U0/inst_fifo_gen/gconvfifo.rf/grf.rf/gntv_or_sync_fifo.mem/gbm.gbmg.gbmga.ngecc.bmg/inst_blk_mem_gen/gnbram.gnativebmg.native_blk_mem_gen/valid.cstr/ramloop[1].ram.r/prim_noinit.ram/DEVICE_7SERIES.NO_BMM_INFO.SDP.WIDE_PRIM36_NO_ECC.ram_3[0]) which is driven by a register (U0_ps_ai_wrap_demo/U0_ps_ai_peripheral/ZGolo/u_AI_Mate_top/U0_ddr2hp_itcn/u0_aw_cdc_fifo_ddr/u0_cdc_fifo_aw_616/U0/inst_fifo_gen/gconvfifo.rf/grf.rf/gntv_or_sync_fifo.gl0.rd/gr1.gr1_int.rfwft/empty_fwft_i_reg) that has an active asychronous set or reset. This may cause corruption of the memory contents and/or read values when the set/reset is asserted and is not analyzed by the default static timing analysis. It is suggested to eliminate the use of a set/reset to registers driving this RAMB pin or else use a synchronous reset in which the assertion of the reset is timed by default.
WARNING: [DRC REQP-1839] RAMB36 async control check: The RAMB36E1 U0_ps_ai_wrap_demo/U0_ps_ai_peripheral/ZGolo/u_AI_Mate_top/U0_ddr2hp_itcn/U0_dmux4/U0_aw_axi_fifo/w616d64_fifo.U0_w616d64_fifo/U0/inst_fifo_gen/gconvfifo.rf/grf.rf/gntv_or_sync_fifo.mem/gbm.gbmg.gbmga.ngecc.bmg/inst_blk_mem_gen/gnbram.gnativebmg.native_blk_mem_gen/valid.cstr/ramloop[1].ram.r/prim_noinit.ram/DEVICE_7SERIES.NO_BMM_INFO.SDP.WIDE_PRIM36_NO_ECC.ram has an input control pin U0_ps_ai_wrap_demo/U0_ps_ai_peripheral/ZGolo/u_AI_Mate_top/U0_ddr2hp_itcn/U0_dmux4/U0_aw_axi_fifo/w616d64_fifo.U0_w616d64_fifo/U0/inst_fifo_gen/gconvfifo.rf/grf.rf/gntv_or_sync_fifo.mem/gbm.gbmg.gbmga.ngecc.bmg/inst_blk_mem_gen/gnbram.gnativebmg.native_blk_mem_gen/valid.cstr/ramloop[1].ram.r/prim_noinit.ram/DEVICE_7SERIES.NO_BMM_INFO.SDP.WIDE_PRIM36_NO_ECC.ram/WEBWE[3] (net: U0_ps_ai_wrap_demo/U0_ps_ai_peripheral/ZGolo/u_AI_Mate_top/U0_ddr2hp_itcn/U0_dmux4/U0_aw_axi_fifo/w616d64_fifo.U0_w616d64_fifo/U0/inst_fifo_gen/gconvfifo.rf/grf.rf/gntv_or_sync_fifo.mem/gbm.gbmg.gbmga.ngecc.bmg/inst_blk_mem_gen/gnbram.gnativebmg.native_blk_mem_gen/valid.cstr/ramloop[1].ram.r/prim_noinit.ram/DEVICE_7SERIES.NO_BMM_INFO.SDP.WIDE_PRIM36_NO_ECC.ram_3[0]) which is driven by a register (U0_ps_ai_wrap_demo/U0_ps_ai_peripheral/ZGolo/u_AI_Mate_top/U0_ddr2hp_itcn/u0_aw_cdc_fifo_ddr/u0_cdc_fifo_aw_616/U0/inst_fifo_gen/gconvfifo.rf/grf.rf/gntv_or_sync_fifo.gl0.rd/gr1.gr1_int.rfwft/empty_fwft_i_reg) that has an active asychronous set or reset. This may cause corruption of the memory contents and/or read values when the set/reset is asserted and is not analyzed by the default static timing analysis. It is suggested to eliminate the use of a set/reset to registers driving this RAMB pin or else use a synchronous reset in which the assertion of the reset is timed by default.
WARNING: [DRC REQP-1839] RAMB36 async control check: The RAMB36E1 U0_ps_ai_wrap_demo/U0_ps_ai_peripheral/ZGolo/u_AI_Mate_top/U0_ddr2hp_itcn/U0_dmux4/U0_aw_axi_fifo/w616d64_fifo.U0_w616d64_fifo/U0/inst_fifo_gen/gconvfifo.rf/grf.rf/gntv_or_sync_fifo.mem/gbm.gbmg.gbmga.ngecc.bmg/inst_blk_mem_gen/gnbram.gnativebmg.native_blk_mem_gen/valid.cstr/ramloop[1].ram.r/prim_noinit.ram/DEVICE_7SERIES.NO_BMM_INFO.SDP.WIDE_PRIM36_NO_ECC.ram has an input control pin U0_ps_ai_wrap_demo/U0_ps_ai_peripheral/ZGolo/u_AI_Mate_top/U0_ddr2hp_itcn/U0_dmux4/U0_aw_axi_fifo/w616d64_fifo.U0_w616d64_fifo/U0/inst_fifo_gen/gconvfifo.rf/grf.rf/gntv_or_sync_fifo.mem/gbm.gbmg.gbmga.ngecc.bmg/inst_blk_mem_gen/gnbram.gnativebmg.native_blk_mem_gen/valid.cstr/ramloop[1].ram.r/prim_noinit.ram/DEVICE_7SERIES.NO_BMM_INFO.SDP.WIDE_PRIM36_NO_ECC.ram/WEBWE[4] (net: U0_ps_ai_wrap_demo/U0_ps_ai_peripheral/ZGolo/u_AI_Mate_top/U0_ddr2hp_itcn/U0_dmux4/U0_aw_axi_fifo/w616d64_fifo.U0_w616d64_fifo/U0/inst_fifo_gen/gconvfifo.rf/grf.rf/gntv_or_sync_fifo.mem/gbm.gbmg.gbmga.ngecc.bmg/inst_blk_mem_gen/gnbram.gnativebmg.native_blk_mem_gen/valid.cstr/ramloop[1].ram.r/prim_noinit.ram/DEVICE_7SERIES.NO_BMM_INFO.SDP.WIDE_PRIM36_NO_ECC.ram_3[0]) which is driven by a register (U0_ps_ai_wrap_demo/U0_ps_ai_peripheral/ZGolo/u_AI_Mate_top/U0_ddr2hp_itcn/u0_aw_cdc_fifo_ddr/u0_cdc_fifo_aw_616/U0/inst_fifo_gen/gconvfifo.rf/grf.rf/gntv_or_sync_fifo.gl0.rd/gr1.gr1_int.rfwft/empty_fwft_i_reg) that has an active asychronous set or reset. This may cause corruption of the memory contents and/or read values when the set/reset is asserted and is not analyzed by the default static timing analysis. It is suggested to eliminate the use of a set/reset to registers driving this RAMB pin or else use a synchronous reset in which the assertion of the reset is timed by default.
WARNING: [DRC REQP-1839] RAMB36 async control check: The RAMB36E1 U0_ps_ai_wrap_demo/U0_ps_ai_peripheral/ZGolo/u_AI_Mate_top/U0_ddr2hp_itcn/U0_dmux4/U0_aw_axi_fifo/w616d64_fifo.U0_w616d64_fifo/U0/inst_fifo_gen/gconvfifo.rf/grf.rf/gntv_or_sync_fifo.mem/gbm.gbmg.gbmga.ngecc.bmg/inst_blk_mem_gen/gnbram.gnativebmg.native_blk_mem_gen/valid.cstr/ramloop[1].ram.r/prim_noinit.ram/DEVICE_7SERIES.NO_BMM_INFO.SDP.WIDE_PRIM36_NO_ECC.ram has an input control pin U0_ps_ai_wrap_demo/U0_ps_ai_peripheral/ZGolo/u_AI_Mate_top/U0_ddr2hp_itcn/U0_dmux4/U0_aw_axi_fifo/w616d64_fifo.U0_w616d64_fifo/U0/inst_fifo_gen/gconvfifo.rf/grf.rf/gntv_or_sync_fifo.mem/gbm.gbmg.gbmga.ngecc.bmg/inst_blk_mem_gen/gnbram.gnativebmg.native_blk_mem_gen/valid.cstr/ramloop[1].ram.r/prim_noinit.ram/DEVICE_7SERIES.NO_BMM_INFO.SDP.WIDE_PRIM36_NO_ECC.ram/WEBWE[5] (net: U0_ps_ai_wrap_demo/U0_ps_ai_peripheral/ZGolo/u_AI_Mate_top/U0_ddr2hp_itcn/U0_dmux4/U0_aw_axi_fifo/w616d64_fifo.U0_w616d64_fifo/U0/inst_fifo_gen/gconvfifo.rf/grf.rf/gntv_or_sync_fifo.mem/gbm.gbmg.gbmga.ngecc.bmg/inst_blk_mem_gen/gnbram.gnativebmg.native_blk_mem_gen/valid.cstr/ramloop[1].ram.r/prim_noinit.ram/DEVICE_7SERIES.NO_BMM_INFO.SDP.WIDE_PRIM36_NO_ECC.ram_3[0]) which is driven by a register (U0_ps_ai_wrap_demo/U0_ps_ai_peripheral/ZGolo/u_AI_Mate_top/U0_ddr2hp_itcn/u0_aw_cdc_fifo_ddr/u0_cdc_fifo_aw_616/U0/inst_fifo_gen/gconvfifo.rf/grf.rf/gntv_or_sync_fifo.gl0.rd/gr1.gr1_int.rfwft/empty_fwft_i_reg) that has an active asychronous set or reset. This may cause corruption of the memory contents and/or read values when the set/reset is asserted and is not analyzed by the default static timing analysis. It is suggested to eliminate the use of a set/reset to registers driving this RAMB pin or else use a synchronous reset in which the assertion of the reset is timed by default.
WARNING: [DRC REQP-1839] RAMB36 async control check: The RAMB36E1 U0_ps_ai_wrap_demo/U0_ps_ai_peripheral/ZGolo/u_AI_Mate_top/U0_ddr2hp_itcn/U0_dmux4/U0_aw_axi_fifo/w616d64_fifo.U0_w616d64_fifo/U0/inst_fifo_gen/gconvfifo.rf/grf.rf/gntv_or_sync_fifo.mem/gbm.gbmg.gbmga.ngecc.bmg/inst_blk_mem_gen/gnbram.gnativebmg.native_blk_mem_gen/valid.cstr/ramloop[1].ram.r/prim_noinit.ram/DEVICE_7SERIES.NO_BMM_INFO.SDP.WIDE_PRIM36_NO_ECC.ram has an input control pin U0_ps_ai_wrap_demo/U0_ps_ai_peripheral/ZGolo/u_AI_Mate_top/U0_ddr2hp_itcn/U0_dmux4/U0_aw_axi_fifo/w616d64_fifo.U0_w616d64_fifo/U0/inst_fifo_gen/gconvfifo.rf/grf.rf/gntv_or_sync_fifo.mem/gbm.gbmg.gbmga.ngecc.bmg/inst_blk_mem_gen/gnbram.gnativebmg.native_blk_mem_gen/valid.cstr/ramloop[1].ram.r/prim_noinit.ram/DEVICE_7SERIES.NO_BMM_INFO.SDP.WIDE_PRIM36_NO_ECC.ram/WEBWE[6] (net: U0_ps_ai_wrap_demo/U0_ps_ai_peripheral/ZGolo/u_AI_Mate_top/U0_ddr2hp_itcn/U0_dmux4/U0_aw_axi_fifo/w616d64_fifo.U0_w616d64_fifo/U0/inst_fifo_gen/gconvfifo.rf/grf.rf/gntv_or_sync_fifo.mem/gbm.gbmg.gbmga.ngecc.bmg/inst_blk_mem_gen/gnbram.gnativebmg.native_blk_mem_gen/valid.cstr/ramloop[1].ram.r/prim_noinit.ram/DEVICE_7SERIES.NO_BMM_INFO.SDP.WIDE_PRIM36_NO_ECC.ram_3[0]) which is driven by a register (U0_ps_ai_wrap_demo/U0_ps_ai_peripheral/ZGolo/u_AI_Mate_top/U0_ddr2hp_itcn/u0_aw_cdc_fifo_ddr/u0_cdc_fifo_aw_616/U0/inst_fifo_gen/gconvfifo.rf/grf.rf/gntv_or_sync_fifo.gl0.rd/gr1.gr1_int.rfwft/empty_fwft_i_reg) that has an active asychronous set or reset. This may cause corruption of the memory contents and/or read values when the set/reset is asserted and is not analyzed by the default static timing analysis. It is suggested to eliminate the use of a set/reset to registers driving this RAMB pin or else use a synchronous reset in which the assertion of the reset is timed by default.
WARNING: [DRC REQP-1839] RAMB36 async control check: The RAMB36E1 U0_ps_ai_wrap_demo/U0_ps_ai_peripheral/ZGolo/u_AI_Mate_top/U0_ddr2hp_itcn/U0_dmux4/U0_aw_axi_fifo/w616d64_fifo.U0_w616d64_fifo/U0/inst_fifo_gen/gconvfifo.rf/grf.rf/gntv_or_sync_fifo.mem/gbm.gbmg.gbmga.ngecc.bmg/inst_blk_mem_gen/gnbram.gnativebmg.native_blk_mem_gen/valid.cstr/ramloop[1].ram.r/prim_noinit.ram/DEVICE_7SERIES.NO_BMM_INFO.SDP.WIDE_PRIM36_NO_ECC.ram has an input control pin U0_ps_ai_wrap_demo/U0_ps_ai_peripheral/ZGolo/u_AI_Mate_top/U0_ddr2hp_itcn/U0_dmux4/U0_aw_axi_fifo/w616d64_fifo.U0_w616d64_fifo/U0/inst_fifo_gen/gconvfifo.rf/grf.rf/gntv_or_sync_fifo.mem/gbm.gbmg.gbmga.ngecc.bmg/inst_blk_mem_gen/gnbram.gnativebmg.native_blk_mem_gen/valid.cstr/ramloop[1].ram.r/prim_noinit.ram/DEVICE_7SERIES.NO_BMM_INFO.SDP.WIDE_PRIM36_NO_ECC.ram/WEBWE[7] (net: U0_ps_ai_wrap_demo/U0_ps_ai_peripheral/ZGolo/u_AI_Mate_top/U0_ddr2hp_itcn/U0_dmux4/U0_aw_axi_fifo/w616d64_fifo.U0_w616d64_fifo/U0/inst_fifo_gen/gconvfifo.rf/grf.rf/gntv_or_sync_fifo.mem/gbm.gbmg.gbmga.ngecc.bmg/inst_blk_mem_gen/gnbram.gnativebmg.native_blk_mem_gen/valid.cstr/ramloop[1].ram.r/prim_noinit.ram/DEVICE_7SERIES.NO_BMM_INFO.SDP.WIDE_PRIM36_NO_ECC.ram_3[0]) which is driven by a register (U0_ps_ai_wrap_demo/U0_ps_ai_peripheral/ZGolo/u_AI_Mate_top/U0_ddr2hp_itcn/u0_aw_cdc_fifo_ddr/u0_cdc_fifo_aw_616/U0/inst_fifo_gen/gconvfifo.rf/grf.rf/gntv_or_sync_fifo.gl0.rd/gr1.gr1_int.rfwft/empty_fwft_i_reg) that has an active asychronous set or reset. This may cause corruption of the memory contents and/or read values when the set/reset is asserted and is not analyzed by the default static timing analysis. It is suggested to eliminate the use of a set/reset to registers driving this RAMB pin or else use a synchronous reset in which the assertion of the reset is timed by default.
WARNING: [DRC REQP-1840] RAMB18 async control check: The RAMB18E1 U0_ps_ai_wrap_demo/U0_ps_ai_peripheral/ZGolo/u_AI_Mate_top/U0_ddr2hp_itcn/U0_dmux4/U0_ar_axi_fifo/w32d64_fifo.U0_w32d64_fifo/U0/inst_fifo_gen/gconvfifo.rf/grf.rf/gntv_or_sync_fifo.mem/gbm.gbmg.gbmga.ngecc.bmg/inst_blk_mem_gen/gnbram.gnativebmg.native_blk_mem_gen/valid.cstr/ramloop[0].ram.r/prim_noinit.ram/DEVICE_7SERIES.NO_BMM_INFO.SDP.WIDE_PRIM18.ram has an input control pin U0_ps_ai_wrap_demo/U0_ps_ai_peripheral/ZGolo/u_AI_Mate_top/U0_ddr2hp_itcn/U0_dmux4/U0_ar_axi_fifo/w32d64_fifo.U0_w32d64_fifo/U0/inst_fifo_gen/gconvfifo.rf/grf.rf/gntv_or_sync_fifo.mem/gbm.gbmg.gbmga.ngecc.bmg/inst_blk_mem_gen/gnbram.gnativebmg.native_blk_mem_gen/valid.cstr/ramloop[0].ram.r/prim_noinit.ram/DEVICE_7SERIES.NO_BMM_INFO.SDP.WIDE_PRIM18.ram/ENARDEN (net: U0_ps_ai_wrap_demo/U0_ps_ai_peripheral/ZGolo/u_AI_Mate_top/U0_ddr2hp_itcn/U0_dmux4/U0_ar_axi_fifo/w32d64_fifo.U0_w32d64_fifo/U0/inst_fifo_gen/gconvfifo.rf/grf.rf/gntv_or_sync_fifo.mem/gbm.gbmg.gbmga.ngecc.bmg/inst_blk_mem_gen/gnbram.gnativebmg.native_blk_mem_gen/valid.cstr/ramloop[0].ram.r/prim_noinit.ram/tmp_ram_rd_en) which is driven by a register (U0_ps_ai_wrap_demo/U0_ps_ai_peripheral/ZGolo/u_AI_Mate_top/clkrst_wrapper_u0/u_sync_hp0_clk_rst/reset_2d_reg_replica_3) that has an active asychronous set or reset. This may cause corruption of the memory contents and/or read values when the set/reset is asserted and is not analyzed by the default static timing analysis. It is suggested to eliminate the use of a set/reset to registers driving this RAMB pin or else use a synchronous reset in which the assertion of the reset is timed by default.
WARNING: [DRC REQP-1840] RAMB18 async control check: The RAMB18E1 U0_ps_ai_wrap_demo/U0_ps_ai_peripheral/ZGolo/u_AI_Mate_top/U0_ddr2hp_itcn/U0_dmux4/U0_ar_axi_fifo/w32d64_fifo.U0_w32d64_fifo/U0/inst_fifo_gen/gconvfifo.rf/grf.rf/gntv_or_sync_fifo.mem/gbm.gbmg.gbmga.ngecc.bmg/inst_blk_mem_gen/gnbram.gnativebmg.native_blk_mem_gen/valid.cstr/ramloop[0].ram.r/prim_noinit.ram/DEVICE_7SERIES.NO_BMM_INFO.SDP.WIDE_PRIM18.ram has an input control pin U0_ps_ai_wrap_demo/U0_ps_ai_peripheral/ZGolo/u_AI_Mate_top/U0_ddr2hp_itcn/U0_dmux4/U0_ar_axi_fifo/w32d64_fifo.U0_w32d64_fifo/U0/inst_fifo_gen/gconvfifo.rf/grf.rf/gntv_or_sync_fifo.mem/gbm.gbmg.gbmga.ngecc.bmg/inst_blk_mem_gen/gnbram.gnativebmg.native_blk_mem_gen/valid.cstr/ramloop[0].ram.r/prim_noinit.ram/DEVICE_7SERIES.NO_BMM_INFO.SDP.WIDE_PRIM18.ram/ENBWREN (net: U0_ps_ai_wrap_demo/U0_ps_ai_peripheral/ZGolo/u_AI_Mate_top/U0_ddr2hp_itcn/U0_dmux4/U0_ar_axi_fifo/w32d64_fifo.U0_w32d64_fifo/U0/inst_fifo_gen/gconvfifo.rf/grf.rf/gntv_or_sync_fifo.mem/gbm.gbmg.gbmga.ngecc.bmg/inst_blk_mem_gen/gnbram.gnativebmg.native_blk_mem_gen/valid.cstr/ramloop[0].ram.r/prim_noinit.ram/E[0]) which is driven by a register (U0_ps_ai_wrap_demo/U0_ps_ai_peripheral/ZGolo/u_AI_Mate_top/U0_ddr2hp_itcn/u0_ar_cdc_fifo_ddr/u0_cdc_fifo_ar_64/U0/inst_fifo_gen/gconvfifo.rf/grf.rf/gntv_or_sync_fifo.gl0.rd/gr1.gr1_int.rfwft/empty_fwft_i_reg) that has an active asychronous set or reset. This may cause corruption of the memory contents and/or read values when the set/reset is asserted and is not analyzed by the default static timing analysis. It is suggested to eliminate the use of a set/reset to registers driving this RAMB pin or else use a synchronous reset in which the assertion of the reset is timed by default.
WARNING: [DRC REQP-1840] RAMB18 async control check: The RAMB18E1 U0_ps_ai_wrap_demo/U0_ps_ai_peripheral/ZGolo/u_AI_Mate_top/U0_ddr2hp_itcn/U0_dmux4/U0_ar_axi_fifo/w32d64_fifo.U0_w32d64_fifo/U0/inst_fifo_gen/gconvfifo.rf/grf.rf/gntv_or_sync_fifo.mem/gbm.gbmg.gbmga.ngecc.bmg/inst_blk_mem_gen/gnbram.gnativebmg.native_blk_mem_gen/valid.cstr/ramloop[0].ram.r/prim_noinit.ram/DEVICE_7SERIES.NO_BMM_INFO.SDP.WIDE_PRIM18.ram has an input control pin U0_ps_ai_wrap_demo/U0_ps_ai_peripheral/ZGolo/u_AI_Mate_top/U0_ddr2hp_itcn/U0_dmux4/U0_ar_axi_fifo/w32d64_fifo.U0_w32d64_fifo/U0/inst_fifo_gen/gconvfifo.rf/grf.rf/gntv_or_sync_fifo.mem/gbm.gbmg.gbmga.ngecc.bmg/inst_blk_mem_gen/gnbram.gnativebmg.native_blk_mem_gen/valid.cstr/ramloop[0].ram.r/prim_noinit.ram/DEVICE_7SERIES.NO_BMM_INFO.SDP.WIDE_PRIM18.ram/RSTRAMARSTRAM (net: U0_ps_ai_wrap_demo/U0_ps_ai_peripheral/ZGolo/u_AI_Mate_top/U0_ddr2hp_itcn/U0_dmux4/U0_ar_axi_fifo/w32d64_fifo.U0_w32d64_fifo/U0/inst_fifo_gen/gconvfifo.rf/grf.rf/gntv_or_sync_fifo.mem/gbm.gbmg.gbmga.ngecc.bmg/inst_blk_mem_gen/gnbram.gnativebmg.native_blk_mem_gen/valid.cstr/ramloop[0].ram.r/prim_noinit.ram/hp0_clk_rst_repN_3_alias) which is driven by a register (U0_ps_ai_wrap_demo/U0_ps_ai_peripheral/ZGolo/u_AI_Mate_top/clkrst_wrapper_u0/u_sync_hp0_clk_rst/reset_2d_reg_replica_3) that has an active asychronous set or reset. This may cause corruption of the memory contents and/or read values when the set/reset is asserted and is not analyzed by the default static timing analysis. It is suggested to eliminate the use of a set/reset to registers driving this RAMB pin or else use a synchronous reset in which the assertion of the reset is timed by default.
WARNING: [DRC REQP-1840] RAMB18 async control check: The RAMB18E1 U0_ps_ai_wrap_demo/U0_ps_ai_peripheral/ZGolo/u_AI_Mate_top/U0_ddr2hp_itcn/U0_dmux4/U0_ar_axi_fifo/w32d64_fifo.U0_w32d64_fifo/U0/inst_fifo_gen/gconvfifo.rf/grf.rf/gntv_or_sync_fifo.mem/gbm.gbmg.gbmga.ngecc.bmg/inst_blk_mem_gen/gnbram.gnativebmg.native_blk_mem_gen/valid.cstr/ramloop[0].ram.r/prim_noinit.ram/DEVICE_7SERIES.NO_BMM_INFO.SDP.WIDE_PRIM18.ram has an input control pin U0_ps_ai_wrap_demo/U0_ps_ai_peripheral/ZGolo/u_AI_Mate_top/U0_ddr2hp_itcn/U0_dmux4/U0_ar_axi_fifo/w32d64_fifo.U0_w32d64_fifo/U0/inst_fifo_gen/gconvfifo.rf/grf.rf/gntv_or_sync_fifo.mem/gbm.gbmg.gbmga.ngecc.bmg/inst_blk_mem_gen/gnbram.gnativebmg.native_blk_mem_gen/valid.cstr/ramloop[0].ram.r/prim_noinit.ram/DEVICE_7SERIES.NO_BMM_INFO.SDP.WIDE_PRIM18.ram/WEBWE[0] (net: U0_ps_ai_wrap_demo/U0_ps_ai_peripheral/ZGolo/u_AI_Mate_top/U0_ddr2hp_itcn/U0_dmux4/U0_ar_axi_fifo/w32d64_fifo.U0_w32d64_fifo/U0/inst_fifo_gen/gconvfifo.rf/grf.rf/gntv_or_sync_fifo.mem/gbm.gbmg.gbmga.ngecc.bmg/inst_blk_mem_gen/gnbram.gnativebmg.native_blk_mem_gen/valid.cstr/ramloop[0].ram.r/prim_noinit.ram/E[0]) which is driven by a register (U0_ps_ai_wrap_demo/U0_ps_ai_peripheral/ZGolo/u_AI_Mate_top/U0_ddr2hp_itcn/u0_ar_cdc_fifo_ddr/u0_cdc_fifo_ar_64/U0/inst_fifo_gen/gconvfifo.rf/grf.rf/gntv_or_sync_fifo.gl0.rd/gr1.gr1_int.rfwft/empty_fwft_i_reg) that has an active asychronous set or reset. This may cause corruption of the memory contents and/or read values when the set/reset is asserted and is not analyzed by the default static timing analysis. It is suggested to eliminate the use of a set/reset to registers driving this RAMB pin or else use a synchronous reset in which the assertion of the reset is timed by default.
WARNING: [DRC REQP-1840] RAMB18 async control check: The RAMB18E1 U0_ps_ai_wrap_demo/U0_ps_ai_peripheral/ZGolo/u_AI_Mate_top/U0_ddr2hp_itcn/U0_dmux4/U0_ar_axi_fifo/w32d64_fifo.U0_w32d64_fifo/U0/inst_fifo_gen/gconvfifo.rf/grf.rf/gntv_or_sync_fifo.mem/gbm.gbmg.gbmga.ngecc.bmg/inst_blk_mem_gen/gnbram.gnativebmg.native_blk_mem_gen/valid.cstr/ramloop[0].ram.r/prim_noinit.ram/DEVICE_7SERIES.NO_BMM_INFO.SDP.WIDE_PRIM18.ram has an input control pin U0_ps_ai_wrap_demo/U0_ps_ai_peripheral/ZGolo/u_AI_Mate_top/U0_ddr2hp_itcn/U0_dmux4/U0_ar_axi_fifo/w32d64_fifo.U0_w32d64_fifo/U0/inst_fifo_gen/gconvfifo.rf/grf.rf/gntv_or_sync_fifo.mem/gbm.gbmg.gbmga.ngecc.bmg/inst_blk_mem_gen/gnbram.gnativebmg.native_blk_mem_gen/valid.cstr/ramloop[0].ram.r/prim_noinit.ram/DEVICE_7SERIES.NO_BMM_INFO.SDP.WIDE_PRIM18.ram/WEBWE[1] (net: U0_ps_ai_wrap_demo/U0_ps_ai_peripheral/ZGolo/u_AI_Mate_top/U0_ddr2hp_itcn/U0_dmux4/U0_ar_axi_fifo/w32d64_fifo.U0_w32d64_fifo/U0/inst_fifo_gen/gconvfifo.rf/grf.rf/gntv_or_sync_fifo.mem/gbm.gbmg.gbmga.ngecc.bmg/inst_blk_mem_gen/gnbram.gnativebmg.native_blk_mem_gen/valid.cstr/ramloop[0].ram.r/prim_noinit.ram/E[0]) which is driven by a register (U0_ps_ai_wrap_demo/U0_ps_ai_peripheral/ZGolo/u_AI_Mate_top/U0_ddr2hp_itcn/u0_ar_cdc_fifo_ddr/u0_cdc_fifo_ar_64/U0/inst_fifo_gen/gconvfifo.rf/grf.rf/gntv_or_sync_fifo.gl0.rd/gr1.gr1_int.rfwft/empty_fwft_i_reg) that has an active asychronous set or reset. This may cause corruption of the memory contents and/or read values when the set/reset is asserted and is not analyzed by the default static timing analysis. It is suggested to eliminate the use of a set/reset to registers driving this RAMB pin or else use a synchronous reset in which the assertion of the reset is timed by default.
WARNING: [DRC REQP-1840] RAMB18 async control check: The RAMB18E1 U0_ps_ai_wrap_demo/U0_ps_ai_peripheral/ZGolo/u_AI_Mate_top/U0_ddr2hp_itcn/U0_dmux4/U0_ar_axi_fifo/w32d64_fifo.U0_w32d64_fifo/U0/inst_fifo_gen/gconvfifo.rf/grf.rf/gntv_or_sync_fifo.mem/gbm.gbmg.gbmga.ngecc.bmg/inst_blk_mem_gen/gnbram.gnativebmg.native_blk_mem_gen/valid.cstr/ramloop[0].ram.r/prim_noinit.ram/DEVICE_7SERIES.NO_BMM_INFO.SDP.WIDE_PRIM18.ram has an input control pin U0_ps_ai_wrap_demo/U0_ps_ai_peripheral/ZGolo/u_AI_Mate_top/U0_ddr2hp_itcn/U0_dmux4/U0_ar_axi_fifo/w32d64_fifo.U0_w32d64_fifo/U0/inst_fifo_gen/gconvfifo.rf/grf.rf/gntv_or_sync_fifo.mem/gbm.gbmg.gbmga.ngecc.bmg/inst_blk_mem_gen/gnbram.gnativebmg.native_blk_mem_gen/valid.cstr/ramloop[0].ram.r/prim_noinit.ram/DEVICE_7SERIES.NO_BMM_INFO.SDP.WIDE_PRIM18.ram/WEBWE[2] (net: U0_ps_ai_wrap_demo/U0_ps_ai_peripheral/ZGolo/u_AI_Mate_top/U0_ddr2hp_itcn/U0_dmux4/U0_ar_axi_fifo/w32d64_fifo.U0_w32d64_fifo/U0/inst_fifo_gen/gconvfifo.rf/grf.rf/gntv_or_sync_fifo.mem/gbm.gbmg.gbmga.ngecc.bmg/inst_blk_mem_gen/gnbram.gnativebmg.native_blk_mem_gen/valid.cstr/ramloop[0].ram.r/prim_noinit.ram/E[0]) which is driven by a register (U0_ps_ai_wrap_demo/U0_ps_ai_peripheral/ZGolo/u_AI_Mate_top/U0_ddr2hp_itcn/u0_ar_cdc_fifo_ddr/u0_cdc_fifo_ar_64/U0/inst_fifo_gen/gconvfifo.rf/grf.rf/gntv_or_sync_fifo.gl0.rd/gr1.gr1_int.rfwft/empty_fwft_i_reg) that has an active asychronous set or reset. This may cause corruption of the memory contents and/or read values when the set/reset is asserted and is not analyzed by the default static timing analysis. It is suggested to eliminate the use of a set/reset to registers driving this RAMB pin or else use a synchronous reset in which the assertion of the reset is timed by default.
WARNING: [DRC REQP-1840] RAMB18 async control check: The RAMB18E1 U0_ps_ai_wrap_demo/U0_ps_ai_peripheral/ZGolo/u_AI_Mate_top/U0_ddr2hp_itcn/U0_dmux4/U0_ar_axi_fifo/w32d64_fifo.U0_w32d64_fifo/U0/inst_fifo_gen/gconvfifo.rf/grf.rf/gntv_or_sync_fifo.mem/gbm.gbmg.gbmga.ngecc.bmg/inst_blk_mem_gen/gnbram.gnativebmg.native_blk_mem_gen/valid.cstr/ramloop[0].ram.r/prim_noinit.ram/DEVICE_7SERIES.NO_BMM_INFO.SDP.WIDE_PRIM18.ram has an input control pin U0_ps_ai_wrap_demo/U0_ps_ai_peripheral/ZGolo/u_AI_Mate_top/U0_ddr2hp_itcn/U0_dmux4/U0_ar_axi_fifo/w32d64_fifo.U0_w32d64_fifo/U0/inst_fifo_gen/gconvfifo.rf/grf.rf/gntv_or_sync_fifo.mem/gbm.gbmg.gbmga.ngecc.bmg/inst_blk_mem_gen/gnbram.gnativebmg.native_blk_mem_gen/valid.cstr/ramloop[0].ram.r/prim_noinit.ram/DEVICE_7SERIES.NO_BMM_INFO.SDP.WIDE_PRIM18.ram/WEBWE[3] (net: U0_ps_ai_wrap_demo/U0_ps_ai_peripheral/ZGolo/u_AI_Mate_top/U0_ddr2hp_itcn/U0_dmux4/U0_ar_axi_fifo/w32d64_fifo.U0_w32d64_fifo/U0/inst_fifo_gen/gconvfifo.rf/grf.rf/gntv_or_sync_fifo.mem/gbm.gbmg.gbmga.ngecc.bmg/inst_blk_mem_gen/gnbram.gnativebmg.native_blk_mem_gen/valid.cstr/ramloop[0].ram.r/prim_noinit.ram/E[0]) which is driven by a register (U0_ps_ai_wrap_demo/U0_ps_ai_peripheral/ZGolo/u_AI_Mate_top/U0_ddr2hp_itcn/u0_ar_cdc_fifo_ddr/u0_cdc_fifo_ar_64/U0/inst_fifo_gen/gconvfifo.rf/grf.rf/gntv_or_sync_fifo.gl0.rd/gr1.gr1_int.rfwft/empty_fwft_i_reg) that has an active asychronous set or reset. This may cause corruption of the memory contents and/or read values when the set/reset is asserted and is not analyzed by the default static timing analysis. It is suggested to eliminate the use of a set/reset to registers driving this RAMB pin or else use a synchronous reset in which the assertion of the reset is timed by default.
WARNING: [DRC REQP-1840] RAMB18 async control check: The RAMB18E1 U0_ps_ai_wrap_demo/U0_ps_ai_peripheral/ZGolo/u_AI_Mate_top/U0_ddr2hp_itcn/U0_dmux4/U1_ar_axi_fifo/w32d64_fifo.U0_w32d64_fifo/U0/inst_fifo_gen/gconvfifo.rf/grf.rf/gntv_or_sync_fifo.mem/gbm.gbmg.gbmga.ngecc.bmg/inst_blk_mem_gen/gnbram.gnativebmg.native_blk_mem_gen/valid.cstr/ramloop[0].ram.r/prim_noinit.ram/DEVICE_7SERIES.NO_BMM_INFO.SDP.WIDE_PRIM18.ram has an input control pin U0_ps_ai_wrap_demo/U0_ps_ai_peripheral/ZGolo/u_AI_Mate_top/U0_ddr2hp_itcn/U0_dmux4/U1_ar_axi_fifo/w32d64_fifo.U0_w32d64_fifo/U0/inst_fifo_gen/gconvfifo.rf/grf.rf/gntv_or_sync_fifo.mem/gbm.gbmg.gbmga.ngecc.bmg/inst_blk_mem_gen/gnbram.gnativebmg.native_blk_mem_gen/valid.cstr/ramloop[0].ram.r/prim_noinit.ram/DEVICE_7SERIES.NO_BMM_INFO.SDP.WIDE_PRIM18.ram/ENARDEN (net: U0_ps_ai_wrap_demo/U0_ps_ai_peripheral/ZGolo/u_AI_Mate_top/U0_ddr2hp_itcn/U0_dmux4/U1_ar_axi_fifo/w32d64_fifo.U0_w32d64_fifo/U0/inst_fifo_gen/gconvfifo.rf/grf.rf/gntv_or_sync_fifo.mem/gbm.gbmg.gbmga.ngecc.bmg/inst_blk_mem_gen/gnbram.gnativebmg.native_blk_mem_gen/valid.cstr/ramloop[0].ram.r/prim_noinit.ram/DEVICE_7SERIES.NO_BMM_INFO.SDP.WIDE_PRIM18.ram_ENARDEN_cooolgate_en_sig_50) which is driven by a register (U0_ps_ai_wrap_demo/U0_ps_ai_peripheral/ZGolo/u_AI_Mate_top/clkrst_wrapper_u0/u_sync_hp0_clk_rst/reset_1d_reg) that has an active asychronous set or reset. This may cause corruption of the memory contents and/or read values when the set/reset is asserted and is not analyzed by the default static timing analysis. It is suggested to eliminate the use of a set/reset to registers driving this RAMB pin or else use a synchronous reset in which the assertion of the reset is timed by default.
WARNING: [DRC REQP-1840] RAMB18 async control check: The RAMB18E1 U0_ps_ai_wrap_demo/U0_ps_ai_peripheral/ZGolo/u_AI_Mate_top/U0_ddr2hp_itcn/U0_dmux4/U1_ar_axi_fifo/w32d64_fifo.U0_w32d64_fifo/U0/inst_fifo_gen/gconvfifo.rf/grf.rf/gntv_or_sync_fifo.mem/gbm.gbmg.gbmga.ngecc.bmg/inst_blk_mem_gen/gnbram.gnativebmg.native_blk_mem_gen/valid.cstr/ramloop[0].ram.r/prim_noinit.ram/DEVICE_7SERIES.NO_BMM_INFO.SDP.WIDE_PRIM18.ram has an input control pin U0_ps_ai_wrap_demo/U0_ps_ai_peripheral/ZGolo/u_AI_Mate_top/U0_ddr2hp_itcn/U0_dmux4/U1_ar_axi_fifo/w32d64_fifo.U0_w32d64_fifo/U0/inst_fifo_gen/gconvfifo.rf/grf.rf/gntv_or_sync_fifo.mem/gbm.gbmg.gbmga.ngecc.bmg/inst_blk_mem_gen/gnbram.gnativebmg.native_blk_mem_gen/valid.cstr/ramloop[0].ram.r/prim_noinit.ram/DEVICE_7SERIES.NO_BMM_INFO.SDP.WIDE_PRIM18.ram/ENARDEN (net: U0_ps_ai_wrap_demo/U0_ps_ai_peripheral/ZGolo/u_AI_Mate_top/U0_ddr2hp_itcn/U0_dmux4/U1_ar_axi_fifo/w32d64_fifo.U0_w32d64_fifo/U0/inst_fifo_gen/gconvfifo.rf/grf.rf/gntv_or_sync_fifo.mem/gbm.gbmg.gbmga.ngecc.bmg/inst_blk_mem_gen/gnbram.gnativebmg.native_blk_mem_gen/valid.cstr/ramloop[0].ram.r/prim_noinit.ram/DEVICE_7SERIES.NO_BMM_INFO.SDP.WIDE_PRIM18.ram_ENARDEN_cooolgate_en_sig_50) which is driven by a register (U0_ps_ai_wrap_demo/U0_ps_ai_peripheral/ZGolo/u_AI_Mate_top/clkrst_wrapper_u0/u_sync_hp0_clk_rst/reset_2d_reg_replica_1) that has an active asychronous set or reset. This may cause corruption of the memory contents and/or read values when the set/reset is asserted and is not analyzed by the default static timing analysis. It is suggested to eliminate the use of a set/reset to registers driving this RAMB pin or else use a synchronous reset in which the assertion of the reset is timed by default.
WARNING: [DRC REQP-1840] RAMB18 async control check: The RAMB18E1 U0_ps_ai_wrap_demo/U0_ps_ai_peripheral/ZGolo/u_AI_Mate_top/U0_ddr2hp_itcn/U0_dmux4/U1_ar_axi_fifo/w32d64_fifo.U0_w32d64_fifo/U0/inst_fifo_gen/gconvfifo.rf/grf.rf/gntv_or_sync_fifo.mem/gbm.gbmg.gbmga.ngecc.bmg/inst_blk_mem_gen/gnbram.gnativebmg.native_blk_mem_gen/valid.cstr/ramloop[0].ram.r/prim_noinit.ram/DEVICE_7SERIES.NO_BMM_INFO.SDP.WIDE_PRIM18.ram has an input control pin U0_ps_ai_wrap_demo/U0_ps_ai_peripheral/ZGolo/u_AI_Mate_top/U0_ddr2hp_itcn/U0_dmux4/U1_ar_axi_fifo/w32d64_fifo.U0_w32d64_fifo/U0/inst_fifo_gen/gconvfifo.rf/grf.rf/gntv_or_sync_fifo.mem/gbm.gbmg.gbmga.ngecc.bmg/inst_blk_mem_gen/gnbram.gnativebmg.native_blk_mem_gen/valid.cstr/ramloop[0].ram.r/prim_noinit.ram/DEVICE_7SERIES.NO_BMM_INFO.SDP.WIDE_PRIM18.ram/ENBWREN (net: U0_ps_ai_wrap_demo/U0_ps_ai_peripheral/ZGolo/u_AI_Mate_top/U0_ddr2hp_itcn/U0_dmux4/U1_ar_axi_fifo/w32d64_fifo.U0_w32d64_fifo/U0/inst_fifo_gen/gconvfifo.rf/grf.rf/gntv_or_sync_fifo.mem/gbm.gbmg.gbmga.ngecc.bmg/inst_blk_mem_gen/gnbram.gnativebmg.native_blk_mem_gen/valid.cstr/ramloop[0].ram.r/prim_noinit.ram/E[0]) which is driven by a register (U0_ps_ai_wrap_demo/U0_ps_ai_peripheral/ZGolo/u_AI_Mate_top/U0_ddr2hp_itcn/u0_ar_cdc_fifo_ddr/u0_cdc_fifo_ar_64/U0/inst_fifo_gen/gconvfifo.rf/grf.rf/gntv_or_sync_fifo.gl0.rd/gr1.gr1_int.rfwft/empty_fwft_i_reg) that has an active asychronous set or reset. This may cause corruption of the memory contents and/or read values when the set/reset is asserted and is not analyzed by the default static timing analysis. It is suggested to eliminate the use of a set/reset to registers driving this RAMB pin or else use a synchronous reset in which the assertion of the reset is timed by default.
WARNING: [DRC REQP-1840] RAMB18 async control check: The RAMB18E1 U0_ps_ai_wrap_demo/U0_ps_ai_peripheral/ZGolo/u_AI_Mate_top/U0_ddr2hp_itcn/U0_dmux4/U1_ar_axi_fifo/w32d64_fifo.U0_w32d64_fifo/U0/inst_fifo_gen/gconvfifo.rf/grf.rf/gntv_or_sync_fifo.mem/gbm.gbmg.gbmga.ngecc.bmg/inst_blk_mem_gen/gnbram.gnativebmg.native_blk_mem_gen/valid.cstr/ramloop[0].ram.r/prim_noinit.ram/DEVICE_7SERIES.NO_BMM_INFO.SDP.WIDE_PRIM18.ram has an input control pin U0_ps_ai_wrap_demo/U0_ps_ai_peripheral/ZGolo/u_AI_Mate_top/U0_ddr2hp_itcn/U0_dmux4/U1_ar_axi_fifo/w32d64_fifo.U0_w32d64_fifo/U0/inst_fifo_gen/gconvfifo.rf/grf.rf/gntv_or_sync_fifo.mem/gbm.gbmg.gbmga.ngecc.bmg/inst_blk_mem_gen/gnbram.gnativebmg.native_blk_mem_gen/valid.cstr/ramloop[0].ram.r/prim_noinit.ram/DEVICE_7SERIES.NO_BMM_INFO.SDP.WIDE_PRIM18.ram/RSTRAMARSTRAM (net: U0_ps_ai_wrap_demo/U0_ps_ai_peripheral/ZGolo/u_AI_Mate_top/U0_ddr2hp_itcn/U0_dmux4/U1_ar_axi_fifo/w32d64_fifo.U0_w32d64_fifo/U0/inst_fifo_gen/gconvfifo.rf/grf.rf/gntv_or_sync_fifo.mem/gbm.gbmg.gbmga.ngecc.bmg/inst_blk_mem_gen/gnbram.gnativebmg.native_blk_mem_gen/valid.cstr/ramloop[0].ram.r/prim_noinit.ram/hp0_clk_rst_repN_4_alias) which is driven by a register (U0_ps_ai_wrap_demo/U0_ps_ai_peripheral/ZGolo/u_AI_Mate_top/clkrst_wrapper_u0/u_sync_hp0_clk_rst/reset_2d_reg_replica_4) that has an active asychronous set or reset. This may cause corruption of the memory contents and/or read values when the set/reset is asserted and is not analyzed by the default static timing analysis. It is suggested to eliminate the use of a set/reset to registers driving this RAMB pin or else use a synchronous reset in which the assertion of the reset is timed by default.
WARNING: [DRC REQP-1840] RAMB18 async control check: The RAMB18E1 U0_ps_ai_wrap_demo/U0_ps_ai_peripheral/ZGolo/u_AI_Mate_top/U0_ddr2hp_itcn/U0_dmux4/U1_ar_axi_fifo/w32d64_fifo.U0_w32d64_fifo/U0/inst_fifo_gen/gconvfifo.rf/grf.rf/gntv_or_sync_fifo.mem/gbm.gbmg.gbmga.ngecc.bmg/inst_blk_mem_gen/gnbram.gnativebmg.native_blk_mem_gen/valid.cstr/ramloop[0].ram.r/prim_noinit.ram/DEVICE_7SERIES.NO_BMM_INFO.SDP.WIDE_PRIM18.ram has an input control pin U0_ps_ai_wrap_demo/U0_ps_ai_peripheral/ZGolo/u_AI_Mate_top/U0_ddr2hp_itcn/U0_dmux4/U1_ar_axi_fifo/w32d64_fifo.U0_w32d64_fifo/U0/inst_fifo_gen/gconvfifo.rf/grf.rf/gntv_or_sync_fifo.mem/gbm.gbmg.gbmga.ngecc.bmg/inst_blk_mem_gen/gnbram.gnativebmg.native_blk_mem_gen/valid.cstr/ramloop[0].ram.r/prim_noinit.ram/DEVICE_7SERIES.NO_BMM_INFO.SDP.WIDE_PRIM18.ram/WEBWE[0] (net: U0_ps_ai_wrap_demo/U0_ps_ai_peripheral/ZGolo/u_AI_Mate_top/U0_ddr2hp_itcn/U0_dmux4/U1_ar_axi_fifo/w32d64_fifo.U0_w32d64_fifo/U0/inst_fifo_gen/gconvfifo.rf/grf.rf/gntv_or_sync_fifo.mem/gbm.gbmg.gbmga.ngecc.bmg/inst_blk_mem_gen/gnbram.gnativebmg.native_blk_mem_gen/valid.cstr/ramloop[0].ram.r/prim_noinit.ram/E[0]) which is driven by a register (U0_ps_ai_wrap_demo/U0_ps_ai_peripheral/ZGolo/u_AI_Mate_top/U0_ddr2hp_itcn/u0_ar_cdc_fifo_ddr/u0_cdc_fifo_ar_64/U0/inst_fifo_gen/gconvfifo.rf/grf.rf/gntv_or_sync_fifo.gl0.rd/gr1.gr1_int.rfwft/empty_fwft_i_reg) that has an active asychronous set or reset. This may cause corruption of the memory contents and/or read values when the set/reset is asserted and is not analyzed by the default static timing analysis. It is suggested to eliminate the use of a set/reset to registers driving this RAMB pin or else use a synchronous reset in which the assertion of the reset is timed by default.
WARNING: [DRC REQP-1840] RAMB18 async control check: The RAMB18E1 U0_ps_ai_wrap_demo/U0_ps_ai_peripheral/ZGolo/u_AI_Mate_top/U0_ddr2hp_itcn/U0_dmux4/U1_ar_axi_fifo/w32d64_fifo.U0_w32d64_fifo/U0/inst_fifo_gen/gconvfifo.rf/grf.rf/gntv_or_sync_fifo.mem/gbm.gbmg.gbmga.ngecc.bmg/inst_blk_mem_gen/gnbram.gnativebmg.native_blk_mem_gen/valid.cstr/ramloop[0].ram.r/prim_noinit.ram/DEVICE_7SERIES.NO_BMM_INFO.SDP.WIDE_PRIM18.ram has an input control pin U0_ps_ai_wrap_demo/U0_ps_ai_peripheral/ZGolo/u_AI_Mate_top/U0_ddr2hp_itcn/U0_dmux4/U1_ar_axi_fifo/w32d64_fifo.U0_w32d64_fifo/U0/inst_fifo_gen/gconvfifo.rf/grf.rf/gntv_or_sync_fifo.mem/gbm.gbmg.gbmga.ngecc.bmg/inst_blk_mem_gen/gnbram.gnativebmg.native_blk_mem_gen/valid.cstr/ramloop[0].ram.r/prim_noinit.ram/DEVICE_7SERIES.NO_BMM_INFO.SDP.WIDE_PRIM18.ram/WEBWE[1] (net: U0_ps_ai_wrap_demo/U0_ps_ai_peripheral/ZGolo/u_AI_Mate_top/U0_ddr2hp_itcn/U0_dmux4/U1_ar_axi_fifo/w32d64_fifo.U0_w32d64_fifo/U0/inst_fifo_gen/gconvfifo.rf/grf.rf/gntv_or_sync_fifo.mem/gbm.gbmg.gbmga.ngecc.bmg/inst_blk_mem_gen/gnbram.gnativebmg.native_blk_mem_gen/valid.cstr/ramloop[0].ram.r/prim_noinit.ram/E[0]) which is driven by a register (U0_ps_ai_wrap_demo/U0_ps_ai_peripheral/ZGolo/u_AI_Mate_top/U0_ddr2hp_itcn/u0_ar_cdc_fifo_ddr/u0_cdc_fifo_ar_64/U0/inst_fifo_gen/gconvfifo.rf/grf.rf/gntv_or_sync_fifo.gl0.rd/gr1.gr1_int.rfwft/empty_fwft_i_reg) that has an active asychronous set or reset. This may cause corruption of the memory contents and/or read values when the set/reset is asserted and is not analyzed by the default static timing analysis. It is suggested to eliminate the use of a set/reset to registers driving this RAMB pin or else use a synchronous reset in which the assertion of the reset is timed by default.
WARNING: [DRC REQP-1840] RAMB18 async control check: The RAMB18E1 U0_ps_ai_wrap_demo/U0_ps_ai_peripheral/ZGolo/u_AI_Mate_top/U0_ddr2hp_itcn/U0_dmux4/U1_ar_axi_fifo/w32d64_fifo.U0_w32d64_fifo/U0/inst_fifo_gen/gconvfifo.rf/grf.rf/gntv_or_sync_fifo.mem/gbm.gbmg.gbmga.ngecc.bmg/inst_blk_mem_gen/gnbram.gnativebmg.native_blk_mem_gen/valid.cstr/ramloop[0].ram.r/prim_noinit.ram/DEVICE_7SERIES.NO_BMM_INFO.SDP.WIDE_PRIM18.ram has an input control pin U0_ps_ai_wrap_demo/U0_ps_ai_peripheral/ZGolo/u_AI_Mate_top/U0_ddr2hp_itcn/U0_dmux4/U1_ar_axi_fifo/w32d64_fifo.U0_w32d64_fifo/U0/inst_fifo_gen/gconvfifo.rf/grf.rf/gntv_or_sync_fifo.mem/gbm.gbmg.gbmga.ngecc.bmg/inst_blk_mem_gen/gnbram.gnativebmg.native_blk_mem_gen/valid.cstr/ramloop[0].ram.r/prim_noinit.ram/DEVICE_7SERIES.NO_BMM_INFO.SDP.WIDE_PRIM18.ram/WEBWE[2] (net: U0_ps_ai_wrap_demo/U0_ps_ai_peripheral/ZGolo/u_AI_Mate_top/U0_ddr2hp_itcn/U0_dmux4/U1_ar_axi_fifo/w32d64_fifo.U0_w32d64_fifo/U0/inst_fifo_gen/gconvfifo.rf/grf.rf/gntv_or_sync_fifo.mem/gbm.gbmg.gbmga.ngecc.bmg/inst_blk_mem_gen/gnbram.gnativebmg.native_blk_mem_gen/valid.cstr/ramloop[0].ram.r/prim_noinit.ram/E[0]) which is driven by a register (U0_ps_ai_wrap_demo/U0_ps_ai_peripheral/ZGolo/u_AI_Mate_top/U0_ddr2hp_itcn/u0_ar_cdc_fifo_ddr/u0_cdc_fifo_ar_64/U0/inst_fifo_gen/gconvfifo.rf/grf.rf/gntv_or_sync_fifo.gl0.rd/gr1.gr1_int.rfwft/empty_fwft_i_reg) that has an active asychronous set or reset. This may cause corruption of the memory contents and/or read values when the set/reset is asserted and is not analyzed by the default static timing analysis. It is suggested to eliminate the use of a set/reset to registers driving this RAMB pin or else use a synchronous reset in which the assertion of the reset is timed by default.
WARNING: [DRC REQP-1840] RAMB18 async control check: The RAMB18E1 U0_ps_ai_wrap_demo/U0_ps_ai_peripheral/ZGolo/u_AI_Mate_top/U0_ddr2hp_itcn/U0_dmux4/U1_ar_axi_fifo/w32d64_fifo.U0_w32d64_fifo/U0/inst_fifo_gen/gconvfifo.rf/grf.rf/gntv_or_sync_fifo.mem/gbm.gbmg.gbmga.ngecc.bmg/inst_blk_mem_gen/gnbram.gnativebmg.native_blk_mem_gen/valid.cstr/ramloop[0].ram.r/prim_noinit.ram/DEVICE_7SERIES.NO_BMM_INFO.SDP.WIDE_PRIM18.ram has an input control pin U0_ps_ai_wrap_demo/U0_ps_ai_peripheral/ZGolo/u_AI_Mate_top/U0_ddr2hp_itcn/U0_dmux4/U1_ar_axi_fifo/w32d64_fifo.U0_w32d64_fifo/U0/inst_fifo_gen/gconvfifo.rf/grf.rf/gntv_or_sync_fifo.mem/gbm.gbmg.gbmga.ngecc.bmg/inst_blk_mem_gen/gnbram.gnativebmg.native_blk_mem_gen/valid.cstr/ramloop[0].ram.r/prim_noinit.ram/DEVICE_7SERIES.NO_BMM_INFO.SDP.WIDE_PRIM18.ram/WEBWE[3] (net: U0_ps_ai_wrap_demo/U0_ps_ai_peripheral/ZGolo/u_AI_Mate_top/U0_ddr2hp_itcn/U0_dmux4/U1_ar_axi_fifo/w32d64_fifo.U0_w32d64_fifo/U0/inst_fifo_gen/gconvfifo.rf/grf.rf/gntv_or_sync_fifo.mem/gbm.gbmg.gbmga.ngecc.bmg/inst_blk_mem_gen/gnbram.gnativebmg.native_blk_mem_gen/valid.cstr/ramloop[0].ram.r/prim_noinit.ram/E[0]) which is driven by a register (U0_ps_ai_wrap_demo/U0_ps_ai_peripheral/ZGolo/u_AI_Mate_top/U0_ddr2hp_itcn/u0_ar_cdc_fifo_ddr/u0_cdc_fifo_ar_64/U0/inst_fifo_gen/gconvfifo.rf/grf.rf/gntv_or_sync_fifo.gl0.rd/gr1.gr1_int.rfwft/empty_fwft_i_reg) that has an active asychronous set or reset. This may cause corruption of the memory contents and/or read values when the set/reset is asserted and is not analyzed by the default static timing analysis. It is suggested to eliminate the use of a set/reset to registers driving this RAMB pin or else use a synchronous reset in which the assertion of the reset is timed by default.
WARNING: [DRC REQP-1840] RAMB18 async control check: The RAMB18E1 U0_ps_ai_wrap_demo/U0_ps_ai_peripheral/ZGolo/u_AI_Mate_top/U0_ddr2hp_itcn/U0_dmux4/U2_ar_axi_fifo/w32d64_fifo.U0_w32d64_fifo/U0/inst_fifo_gen/gconvfifo.rf/grf.rf/gntv_or_sync_fifo.mem/gbm.gbmg.gbmga.ngecc.bmg/inst_blk_mem_gen/gnbram.gnativebmg.native_blk_mem_gen/valid.cstr/ramloop[0].ram.r/prim_noinit.ram/DEVICE_7SERIES.NO_BMM_INFO.SDP.WIDE_PRIM18.ram has an input control pin U0_ps_ai_wrap_demo/U0_ps_ai_peripheral/ZGolo/u_AI_Mate_top/U0_ddr2hp_itcn/U0_dmux4/U2_ar_axi_fifo/w32d64_fifo.U0_w32d64_fifo/U0/inst_fifo_gen/gconvfifo.rf/grf.rf/gntv_or_sync_fifo.mem/gbm.gbmg.gbmga.ngecc.bmg/inst_blk_mem_gen/gnbram.gnativebmg.native_blk_mem_gen/valid.cstr/ramloop[0].ram.r/prim_noinit.ram/DEVICE_7SERIES.NO_BMM_INFO.SDP.WIDE_PRIM18.ram/ENARDEN (net: U0_ps_ai_wrap_demo/U0_ps_ai_peripheral/ZGolo/u_AI_Mate_top/U0_ddr2hp_itcn/U0_dmux4/U2_ar_axi_fifo/w32d64_fifo.U0_w32d64_fifo/U0/inst_fifo_gen/gconvfifo.rf/grf.rf/gntv_or_sync_fifo.mem/gbm.gbmg.gbmga.ngecc.bmg/inst_blk_mem_gen/gnbram.gnativebmg.native_blk_mem_gen/valid.cstr/ramloop[0].ram.r/prim_noinit.ram/DEVICE_7SERIES.NO_BMM_INFO.SDP.WIDE_PRIM18.ram_ENARDEN_cooolgate_en_sig_51) which is driven by a register (U0_ps_ai_wrap_demo/U0_ps_ai_peripheral/ZGolo/u_AI_Mate_top/clkrst_wrapper_u0/u_sync_hp0_clk_rst/reset_1d_reg) that has an active asychronous set or reset. This may cause corruption of the memory contents and/or read values when the set/reset is asserted and is not analyzed by the default static timing analysis. It is suggested to eliminate the use of a set/reset to registers driving this RAMB pin or else use a synchronous reset in which the assertion of the reset is timed by default.
WARNING: [DRC REQP-1840] RAMB18 async control check: The RAMB18E1 U0_ps_ai_wrap_demo/U0_ps_ai_peripheral/ZGolo/u_AI_Mate_top/U0_ddr2hp_itcn/U0_dmux4/U2_ar_axi_fifo/w32d64_fifo.U0_w32d64_fifo/U0/inst_fifo_gen/gconvfifo.rf/grf.rf/gntv_or_sync_fifo.mem/gbm.gbmg.gbmga.ngecc.bmg/inst_blk_mem_gen/gnbram.gnativebmg.native_blk_mem_gen/valid.cstr/ramloop[0].ram.r/prim_noinit.ram/DEVICE_7SERIES.NO_BMM_INFO.SDP.WIDE_PRIM18.ram has an input control pin U0_ps_ai_wrap_demo/U0_ps_ai_peripheral/ZGolo/u_AI_Mate_top/U0_ddr2hp_itcn/U0_dmux4/U2_ar_axi_fifo/w32d64_fifo.U0_w32d64_fifo/U0/inst_fifo_gen/gconvfifo.rf/grf.rf/gntv_or_sync_fifo.mem/gbm.gbmg.gbmga.ngecc.bmg/inst_blk_mem_gen/gnbram.gnativebmg.native_blk_mem_gen/valid.cstr/ramloop[0].ram.r/prim_noinit.ram/DEVICE_7SERIES.NO_BMM_INFO.SDP.WIDE_PRIM18.ram/ENARDEN (net: U0_ps_ai_wrap_demo/U0_ps_ai_peripheral/ZGolo/u_AI_Mate_top/U0_ddr2hp_itcn/U0_dmux4/U2_ar_axi_fifo/w32d64_fifo.U0_w32d64_fifo/U0/inst_fifo_gen/gconvfifo.rf/grf.rf/gntv_or_sync_fifo.mem/gbm.gbmg.gbmga.ngecc.bmg/inst_blk_mem_gen/gnbram.gnativebmg.native_blk_mem_gen/valid.cstr/ramloop[0].ram.r/prim_noinit.ram/DEVICE_7SERIES.NO_BMM_INFO.SDP.WIDE_PRIM18.ram_ENARDEN_cooolgate_en_sig_51) which is driven by a register (U0_ps_ai_wrap_demo/U0_ps_ai_peripheral/ZGolo/u_AI_Mate_top/clkrst_wrapper_u0/u_sync_hp0_clk_rst/reset_2d_reg_replica_1) that has an active asychronous set or reset. This may cause corruption of the memory contents and/or read values when the set/reset is asserted and is not analyzed by the default static timing analysis. It is suggested to eliminate the use of a set/reset to registers driving this RAMB pin or else use a synchronous reset in which the assertion of the reset is timed by default.
WARNING: [DRC REQP-1840] RAMB18 async control check: The RAMB18E1 U0_ps_ai_wrap_demo/U0_ps_ai_peripheral/ZGolo/u_AI_Mate_top/U0_ddr2hp_itcn/U0_dmux4/U2_ar_axi_fifo/w32d64_fifo.U0_w32d64_fifo/U0/inst_fifo_gen/gconvfifo.rf/grf.rf/gntv_or_sync_fifo.mem/gbm.gbmg.gbmga.ngecc.bmg/inst_blk_mem_gen/gnbram.gnativebmg.native_blk_mem_gen/valid.cstr/ramloop[0].ram.r/prim_noinit.ram/DEVICE_7SERIES.NO_BMM_INFO.SDP.WIDE_PRIM18.ram has an input control pin U0_ps_ai_wrap_demo/U0_ps_ai_peripheral/ZGolo/u_AI_Mate_top/U0_ddr2hp_itcn/U0_dmux4/U2_ar_axi_fifo/w32d64_fifo.U0_w32d64_fifo/U0/inst_fifo_gen/gconvfifo.rf/grf.rf/gntv_or_sync_fifo.mem/gbm.gbmg.gbmga.ngecc.bmg/inst_blk_mem_gen/gnbram.gnativebmg.native_blk_mem_gen/valid.cstr/ramloop[0].ram.r/prim_noinit.ram/DEVICE_7SERIES.NO_BMM_INFO.SDP.WIDE_PRIM18.ram/ENBWREN (net: U0_ps_ai_wrap_demo/U0_ps_ai_peripheral/ZGolo/u_AI_Mate_top/U0_ddr2hp_itcn/U0_dmux4/U2_ar_axi_fifo/w32d64_fifo.U0_w32d64_fifo/U0/inst_fifo_gen/gconvfifo.rf/grf.rf/gntv_or_sync_fifo.mem/gbm.gbmg.gbmga.ngecc.bmg/inst_blk_mem_gen/gnbram.gnativebmg.native_blk_mem_gen/valid.cstr/ramloop[0].ram.r/prim_noinit.ram/E[0]) which is driven by a register (U0_ps_ai_wrap_demo/U0_ps_ai_peripheral/ZGolo/u_AI_Mate_top/U0_ddr2hp_itcn/u0_ar_cdc_fifo_ddr/u0_cdc_fifo_ar_64/U0/inst_fifo_gen/gconvfifo.rf/grf.rf/gntv_or_sync_fifo.gl0.rd/gr1.gr1_int.rfwft/empty_fwft_i_reg) that has an active asychronous set or reset. This may cause corruption of the memory contents and/or read values when the set/reset is asserted and is not analyzed by the default static timing analysis. It is suggested to eliminate the use of a set/reset to registers driving this RAMB pin or else use a synchronous reset in which the assertion of the reset is timed by default.
WARNING: [DRC REQP-1840] RAMB18 async control check: The RAMB18E1 U0_ps_ai_wrap_demo/U0_ps_ai_peripheral/ZGolo/u_AI_Mate_top/U0_ddr2hp_itcn/U0_dmux4/U2_ar_axi_fifo/w32d64_fifo.U0_w32d64_fifo/U0/inst_fifo_gen/gconvfifo.rf/grf.rf/gntv_or_sync_fifo.mem/gbm.gbmg.gbmga.ngecc.bmg/inst_blk_mem_gen/gnbram.gnativebmg.native_blk_mem_gen/valid.cstr/ramloop[0].ram.r/prim_noinit.ram/DEVICE_7SERIES.NO_BMM_INFO.SDP.WIDE_PRIM18.ram has an input control pin U0_ps_ai_wrap_demo/U0_ps_ai_peripheral/ZGolo/u_AI_Mate_top/U0_ddr2hp_itcn/U0_dmux4/U2_ar_axi_fifo/w32d64_fifo.U0_w32d64_fifo/U0/inst_fifo_gen/gconvfifo.rf/grf.rf/gntv_or_sync_fifo.mem/gbm.gbmg.gbmga.ngecc.bmg/inst_blk_mem_gen/gnbram.gnativebmg.native_blk_mem_gen/valid.cstr/ramloop[0].ram.r/prim_noinit.ram/DEVICE_7SERIES.NO_BMM_INFO.SDP.WIDE_PRIM18.ram/RSTRAMARSTRAM (net: U0_ps_ai_wrap_demo/U0_ps_ai_peripheral/ZGolo/u_AI_Mate_top/U0_ddr2hp_itcn/U0_dmux4/U2_ar_axi_fifo/w32d64_fifo.U0_w32d64_fifo/U0/inst_fifo_gen/gconvfifo.rf/grf.rf/gntv_or_sync_fifo.mem/gbm.gbmg.gbmga.ngecc.bmg/inst_blk_mem_gen/gnbram.gnativebmg.native_blk_mem_gen/valid.cstr/ramloop[0].ram.r/prim_noinit.ram/hp0_clk_rst_repN_1_alias) which is driven by a register (U0_ps_ai_wrap_demo/U0_ps_ai_peripheral/ZGolo/u_AI_Mate_top/clkrst_wrapper_u0/u_sync_hp0_clk_rst/reset_2d_reg_replica_1) that has an active asychronous set or reset. This may cause corruption of the memory contents and/or read values when the set/reset is asserted and is not analyzed by the default static timing analysis. It is suggested to eliminate the use of a set/reset to registers driving this RAMB pin or else use a synchronous reset in which the assertion of the reset is timed by default.
WARNING: [DRC REQP-1840] RAMB18 async control check: The RAMB18E1 U0_ps_ai_wrap_demo/U0_ps_ai_peripheral/ZGolo/u_AI_Mate_top/U0_ddr2hp_itcn/U0_dmux4/U2_ar_axi_fifo/w32d64_fifo.U0_w32d64_fifo/U0/inst_fifo_gen/gconvfifo.rf/grf.rf/gntv_or_sync_fifo.mem/gbm.gbmg.gbmga.ngecc.bmg/inst_blk_mem_gen/gnbram.gnativebmg.native_blk_mem_gen/valid.cstr/ramloop[0].ram.r/prim_noinit.ram/DEVICE_7SERIES.NO_BMM_INFO.SDP.WIDE_PRIM18.ram has an input control pin U0_ps_ai_wrap_demo/U0_ps_ai_peripheral/ZGolo/u_AI_Mate_top/U0_ddr2hp_itcn/U0_dmux4/U2_ar_axi_fifo/w32d64_fifo.U0_w32d64_fifo/U0/inst_fifo_gen/gconvfifo.rf/grf.rf/gntv_or_sync_fifo.mem/gbm.gbmg.gbmga.ngecc.bmg/inst_blk_mem_gen/gnbram.gnativebmg.native_blk_mem_gen/valid.cstr/ramloop[0].ram.r/prim_noinit.ram/DEVICE_7SERIES.NO_BMM_INFO.SDP.WIDE_PRIM18.ram/WEBWE[3] (net: U0_ps_ai_wrap_demo/U0_ps_ai_peripheral/ZGolo/u_AI_Mate_top/U0_ddr2hp_itcn/U0_dmux4/U2_ar_axi_fifo/w32d64_fifo.U0_w32d64_fifo/U0/inst_fifo_gen/gconvfifo.rf/grf.rf/gntv_or_sync_fifo.mem/gbm.gbmg.gbmga.ngecc.bmg/inst_blk_mem_gen/gnbram.gnativebmg.native_blk_mem_gen/valid.cstr/ramloop[0].ram.r/prim_noinit.ram/E[0]) which is driven by a register (U0_ps_ai_wrap_demo/U0_ps_ai_peripheral/ZGolo/u_AI_Mate_top/U0_ddr2hp_itcn/u0_ar_cdc_fifo_ddr/u0_cdc_fifo_ar_64/U0/inst_fifo_gen/gconvfifo.rf/grf.rf/gntv_or_sync_fifo.gl0.rd/gr1.gr1_int.rfwft/empty_fwft_i_reg) that has an active asychronous set or reset. This may cause corruption of the memory contents and/or read values when the set/reset is asserted and is not analyzed by the default static timing analysis. It is suggested to eliminate the use of a set/reset to registers driving this RAMB pin or else use a synchronous reset in which the assertion of the reset is timed by default.
WARNING: [DRC RTSTAT-10] No routable loads: 138 net(s) have no routable loads. The problem bus(es) and/or net(s) are U0_ps_ai_wrap_demo/U0_ps_ai_peripheral/ZGolo/u_AI_Mate_top/U0_ddr2hp_itcn/U0_dmux4/U0_ar_axi_fifo/w32d64_fifo.U0_w32d64_fifo/U0/inst_fifo_gen/gconvfifo.rf/grf.rf/gntv_or_sync_fifo.gl0.rd/gr1.gr1_int.rfwft/aempty_fwft_i, U0_ps_ai_wrap_demo/U0_ps_ai_peripheral/frame_to_ps_inst0/frame_read_write_m0/write_buf/U0/inst_fifo_gen/gconvfifo.rf/grf.rf/gntv_or_sync_fifo.gl0.rd/gr1.gr1_int.rfwft/aempty_fwft_i, U0_ps_ai_wrap_demo/U0_ps_ai_peripheral/ZGolo/u_AI_Mate_top/U0_ddr2hp_itcn/U0_dmux4/U2_ar_axi_fifo/w32d64_fifo.U0_w32d64_fifo/U0/inst_fifo_gen/gconvfifo.rf/grf.rf/gntv_or_sync_fifo.gl0.rd/gr1.gr1_int.rfwft/aempty_fwft_i, U0_ps_ai_wrap_demo/U0_ps_ai_peripheral/ZGolo/u_AI_Mate_top/u0_ddr64_wrapper/ddr_rdata_fifo_u0/U0/inst_fifo_gen/gconvfifo.rf/grf.rf/gntv_or_sync_fifo.gl0.rd/gr1.gr1_int.rfwft/aempty_fwft_i, U0_ps_ai_wrap_demo/U0_ps_ai_peripheral/ZGolo/u_AI_Mate_top/U0_ddr2hp_itcn/U0_dmux4/U1_aw_axi_fifo/w616d64_fifo.U0_w616d64_fifo/U0/inst_fifo_gen/gconvfifo.rf/grf.rf/gntv_or_sync_fifo.gl0.rd/gr1.gr1_int.rfwft/aempty_fwft_i, U0_ps_ai_wrap_demo/U0_ps_ai_peripheral/frame_trans_inst0/axis_master_inst/afifo_24w_4096d_u0/U0/inst_fifo_gen/gconvfifo.rf/grf.rf/gntv_or_sync_fifo.gl0.rd/gr1.gr1_int.rfwft/aempty_fwft_i, U0_ps_ai_wrap_demo/U0_ps_ai_peripheral/ZGolo/u_AI_Mate_top/U0_ddr2hp_itcn/U0_dmux4/U1_ar_axi_fifo/w32d64_fifo.U0_w32d64_fifo/U0/inst_fifo_gen/gconvfifo.rf/grf.rf/gntv_or_sync_fifo.gl0.rd/gr1.gr1_int.rfwft/aempty_fwft_i, U0_ps_ai_wrap_demo/U0_ps_ai_peripheral/ZGolo/u_AI_Mate_top/U0_ddr2hp_itcn/U0_dmux4/U0_aw_axi_fifo/w616d64_fifo.U0_w616d64_fifo/U0/inst_fifo_gen/gconvfifo.rf/grf.rf/gntv_or_sync_fifo.gl0.rd/gr1.gr1_int.rfwft/aempty_fwft_i, U0_ps_ai_wrap_demo/U0_ps_ai_peripheral/ZGolo/u_AI_Mate_top/U0_ddr2hp_itcn/u0_ar_cdc_fifo_ddr/u0_cdc_fifo_ar_64/U0/inst_fifo_gen/gconvfifo.rf/grf.rf/gntv_or_sync_fifo.gl0.rd/gr1.gr1_int.rfwft/aempty_fwft_i, U0_ps_ai_wrap_demo/U0_ps_ai_peripheral/ZGolo/u_AI_Mate_top/u0_ddr64_wrapper/ddr_rinfo_fifo_u0/U0/inst_fifo_gen/gconvfifo.rf/grf.rf/gntv_or_sync_fifo.gl0.rd/gr1.gr1_int.rfwft/aempty_fwft_i, U0_ps_ai_wrap_demo/U0_ps_ai_peripheral/ZGolo/u_AI_Mate_top/U0_ddr2hp_itcn/u0_aw_cdc_fifo_ddr/u0_cdc_fifo_aw_616/U0/inst_fifo_gen/gconvfifo.rf/grf.rf/gntv_or_sync_fifo.gl0.rd/gr1.gr1_int.rfwft/aempty_fwft_i, U0_ps_ai_wrap_demo/U0_ps_ai_peripheral/ZGolo/u_AI_Mate_top/u_ps_ai_io/u_gp0_io/axi_to_mna_u0/rid_fifo/U0/inst_fifo_gen/gconvfifo.rf/grf.rf/gntv_or_sync_fifo.gl0.rd/gr1.gr1_int.rfwft/aempty_fwft_i, U0_ps_ai_wrap_demo/U0_ps_ai_peripheral/u_gp1_io/axi_to_mna_u0/rid_fifo/U0/inst_fifo_gen/gconvfifo.rf/grf.rf/gntv_or_sync_fifo.gl0.rd/gr1.gr1_int.rfwft/aempty_fwft_i, U0_ps_ai_wrap_demo/U0_ps_ai_peripheral/ZGolo/u_AI_Mate_top/u_ps_ai_io/u_gp1_io/axi_to_mna_u0/bid_fifo/U0/inst_fifo_gen/gconvfifo.rf/grf.rf/gntv_or_sync_fifo.gl0.rd/gr1.gr1_int.rfwft/aempty_fwft_i, U0_ps_ai_wrap_demo/U0_ps_ai_peripheral/ZGolo/u_AI_Mate_top/U0_ddr2hp_itcn/u0_r_cdc_fifo_ddr/u0_cdc_fifo_r_544/U0/inst_fifo_gen/gconvfifo.rf/grf.rf/gntv_or_sync_fifo.gl0.rd/gr1.gr1_int.rfwft/aempty_fwft_i... and (the first 15 of 138 listed).
INFO: [Vivado 12-3199] DRC finished with 0 Errors, 112 Warnings
INFO: [Vivado 12-3200] Please refer to the DRC report (report_drc) for more information.
INFO: [Designutils 20-2272] Running write_bitstream with 2 threads.
Loading data files...
Loading site data...
Loading route data...
Processing options...
Creating bitmap...
Creating bitstream...
Writing bitstream ./bev_edif_top.bit...
INFO: [Vivado 12-1842] Bitgen Completed Successfully.
INFO: [Project 1-120] WebTalk data collection is mandatory when using a WebPACK part without a full Vivado license. To see the specific WebTalk data collected for your design, open the usage_statistics_webtalk.html or usage_statistics_webtalk.xml file in the implementation directory.
INFO: [Common 17-83] Releasing license: Implementation
145 Infos, 867 Warnings, 1 Critical Warnings and 0 Errors encountered.
write_bitstream completed successfully
write_bitstream: Time (s): cpu = 00:00:53 ; elapsed = 00:00:36 . Memory (MB): peak = 4535.918 ; gain = 554.883
INFO: [Common 17-206] Exiting Vivado at Sun Jul 19 11:47:58 2026...
