
*** Running vivado
    with args -log bev_edif_top.vds -m64 -product Vivado -mode batch -messageDb vivado.pb -notrace -source bev_edif_top.tcl


****** Vivado v2018.3 (64-bit)
  **** SW Build 2405991 on Thu Dec  6 23:38:27 MST 2018
  **** IP Build 2404404 on Fri Dec  7 01:43:56 MST 2018
    ** Copyright 1986-2018 Xilinx, Inc. All Rights Reserved.

source bev_edif_top.tcl -notrace
Command: synth_design -top bev_edif_top -part xc7z030ffg676-2
Starting synth_design
Attempting to get a license for feature 'Synthesis' and/or device 'xc7z030'
INFO: [Common 17-349] Got license for feature 'Synthesis' and/or device 'xc7z030'
INFO: Launching helper process for spawning children vivado processes
INFO: Helper process launched with PID 22480 
---------------------------------------------------------------------------------
Starting RTL Elaboration : Time (s): cpu = 00:00:01 ; elapsed = 00:00:02 . Memory (MB): peak = 362.438 ; gain = 104.984
---------------------------------------------------------------------------------
INFO: [Synth 8-6157] synthesizing module 'bev_edif_top' [E:/experiment/¸´µ©Î¢/Fast-BEV/Fastbev2.0_sa/part2_sa/part2_sa_v2.0/Vivado_Project/rtl/bev_edif_top.v:28]
INFO: [Synth 8-6157] synthesizing module 'ps_ai_wrap_demo' [E:/experiment/¸´µ©Î¢/Fast-BEV/Fastbev2.0_sa/part2_sa/part2_sa_v2.0/Vivado_Project/rtl/ps_ai_wrap_demo.v:15]
INFO: [Synth 8-6157] synthesizing module 'bev_accel_top' [E:/experiment/¸´µ©Î¢/Fast-BEV/Fastbev2.0_sa/part2_sa/part2_sa_v2.0/Vivado_Project/rtl/bev_accel_top.v:38]
	Parameter RESET_ADDR bound to: 16'b0000000001110111 
INFO: [Synth 8-6157] synthesizing module 'bev_reg_ctrl' [E:/experiment/¸´µ©Î¢/Fast-BEV/Fastbev2.0_sa/part2_sa/part2_sa_v2.0/Vivado_Project/rtl/bev_reg_ctrl.v:46]
	Parameter CTRL_START_ADDR bound to: 16'b0000000000000000 
	Parameter LUT_BASE_ADDR_A bound to: 16'b0000000000000001 
	Parameter LUT_SIZE_ADDR bound to: 16'b0000000000000010 
	Parameter FEAT2D_BASE_ADDR_A bound to: 16'b0000000000000011 
	Parameter FEAT3D_WR_ADDR_A bound to: 16'b0000000000000100 
	Parameter FEAT3D_WR_SIZE_A bound to: 16'b0000000000000101 
	Parameter SA_SRC_ADDR_A bound to: 16'b0000000000000110 
	Parameter SA_DST_ADDR_A bound to: 16'b0000000000000111 
	Parameter SA_SIZE_ADDR bound to: 16'b0000000000001000 
	Parameter BEV_PARAMS_ADDR bound to: 16'b0000000000001001 
	Parameter IMG_PARAMS_ADDR bound to: 16'b0000000000001010 
	Parameter XFORM_A00_ADDR bound to: 16'b0000000000001011 
	Parameter XFORM_A01_ADDR bound to: 16'b0000000000001100 
	Parameter XFORM_A02_ADDR bound to: 16'b0000000000001101 
	Parameter XFORM_A10_ADDR bound to: 16'b0000000000001110 
	Parameter XFORM_A11_ADDR bound to: 16'b0000000000001111 
	Parameter XFORM_A12_ADDR bound to: 16'b0000000000010000 
	Parameter FRAME0_ADDR_A bound to: 16'b0000000000010001 
	Parameter FRAME1_ADDR_A bound to: 16'b0000000000010010 
	Parameter FRAME2_ADDR_A bound to: 16'b0000000000010011 
	Parameter FRAME3_ADDR_A bound to: 16'b0000000000010100 
	Parameter FRAME_SIZE_ADDR bound to: 16'b0000000000010101 
	Parameter COMP_DONE_ADDR bound to: 16'b0000000000100000 
	Parameter STATUS_ADDR bound to: 16'b0000000000100001 
	Parameter PERF_CNT_LO_ADDR bound to: 16'b0000000000100010 
	Parameter PERF_CNT_HI_ADDR bound to: 16'b0000000000100011 
	Parameter EXT_MODE_ADDR bound to: 16'b0000000000100100 
	Parameter FEAT2D_FP32_ADDR bound to: 16'b0000000000100101 
	Parameter FEAT2D_INT8_ADDR bound to: 16'b0000000000100110 
	Parameter CONCAT_OUT_ADDR bound to: 16'b0000000000100111 
	Parameter GROUP_STATUS_ADDR bound to: 16'b0000000000101000 
	Parameter GROUP_CTRL_ADDR bound to: 16'b0000000000101001 
	Parameter ERROR_STATUS_ADDR bound to: 16'b0000000000101010 
	Parameter PERF_STAGE_SEL_ADDR bound to: 16'b0000000000101011 
	Parameter PERF_STAGE_CNT_LO_ADDR bound to: 16'b0000000000101100 
	Parameter PERF_STAGE_CNT_HI_ADDR bound to: 16'b0000000000101101 
	Parameter VERSION_ADDR bound to: 16'b0000000000110000 
	Parameter XFORM_H0_A00_ADDR bound to: 16'b0000000001000000 
	Parameter XFORM_H0_A01_ADDR bound to: 16'b0000000001000001 
	Parameter XFORM_H0_A02_ADDR bound to: 16'b0000000001000010 
	Parameter XFORM_H0_A10_ADDR bound to: 16'b0000000001000011 
	Parameter XFORM_H0_A11_ADDR bound to: 16'b0000000001000100 
	Parameter XFORM_H0_A12_ADDR bound to: 16'b0000000001000101 
	Parameter XFORM_H1_A00_ADDR bound to: 16'b0000000001000110 
	Parameter XFORM_H1_A01_ADDR bound to: 16'b0000000001000111 
	Parameter XFORM_H1_A02_ADDR bound to: 16'b0000000001001000 
	Parameter XFORM_H1_A10_ADDR bound to: 16'b0000000001001001 
	Parameter XFORM_H1_A11_ADDR bound to: 16'b0000000001001010 
	Parameter XFORM_H1_A12_ADDR bound to: 16'b0000000001001011 
	Parameter XFORM_H2_A00_ADDR bound to: 16'b0000000001001100 
	Parameter XFORM_H2_A01_ADDR bound to: 16'b0000000001001101 
	Parameter XFORM_H2_A02_ADDR bound to: 16'b0000000001001110 
	Parameter XFORM_H2_A10_ADDR bound to: 16'b0000000001001111 
	Parameter XFORM_H2_A11_ADDR bound to: 16'b0000000001010000 
	Parameter XFORM_H2_A12_ADDR bound to: 16'b0000000001010001 
	Parameter RESET_ADDR bound to: 16'b0000000001110111 
	Parameter DEBUG_REG_ADDR bound to: 16'b0000000011111111 
	Parameter BEV_VERSION bound to: 539363079 - type: integer 
INFO: [Synth 8-6155] done synthesizing module 'bev_reg_ctrl' (1#1) [E:/experiment/¸´µ©Î¢/Fast-BEV/Fastbev2.0_sa/part2_sa/part2_sa_v2.0/Vivado_Project/rtl/bev_reg_ctrl.v:46]
INFO: [Synth 8-6157] synthesizing module 'pipeline_ctrl_group4' [E:/experiment/¸´µ©Î¢/Fast-BEV/Fastbev2.0_sa/part2_sa/part2_sa_v2.0/Vivado_Project/rtl/pipeline_ctrl_group4.v:19]
	Parameter ST_IDLE bound to: 4'b0000 
	Parameter ST_QUANT bound to: 4'b0001 
	Parameter ST_LUT_HIST bound to: 4'b0010 
	Parameter ST_LUT_CURRENT bound to: 4'b0011 
	Parameter ST_SA bound to: 4'b0100 
	Parameter ST_DONE bound to: 4'b0101 
	Parameter ST_ERROR bound to: 4'b0110 
	Parameter STAGE_NONE bound to: 2'b00 
	Parameter STAGE_QUANT bound to: 2'b01 
	Parameter STAGE_LUT bound to: 2'b10 
	Parameter STAGE_SA bound to: 2'b11 
	Parameter ERR_ALIGN bound to: 0 - type: integer 
	Parameter ERR_PHASE bound to: 1 - type: integer 
	Parameter ERR_HIST_VALID bound to: 2 - type: integer 
	Parameter ERR_OVERLAP bound to: 3 - type: integer 
	Parameter ERR_BAD_MODE bound to: 4 - type: integer 
INFO: [Synth 8-6155] done synthesizing module 'pipeline_ctrl_group4' (2#1) [E:/experiment/¸´µ©Î¢/Fast-BEV/Fastbev2.0_sa/part2_sa/part2_sa_v2.0/Vivado_Project/rtl/pipeline_ctrl_group4.v:19]
INFO: [Synth 8-6157] synthesizing module 'quant_engine' [E:/experiment/¸´µ©Î¢/Fast-BEV/Fastbev2.0_sa/part2_sa/part2_sa_v2.0/Vivado_Project/rtl/quant_engine.v:7]
	Parameter SHIFT_BASE bound to: 156 - type: integer 
	Parameter MAX_OUTSTANDING bound to: 4 - type: integer 
	Parameter S_IDLE bound to: 2'b00 
	Parameter S_RUN bound to: 2'b01 
	Parameter S_DONE bound to: 2'b10 
	Parameter MAX_OUTSTANDING_C bound to: 4 - type: integer 
INFO: [Synth 8-6157] synthesizing module 'fp32_int8_quant' [E:/experiment/¸´µ©Î¢/Fast-BEV/Fastbev2.0_sa/part2_sa/part2_sa_v2.0/Vivado_Project/rtl/fp32_int8_quant.v:17]
	Parameter SHIFT_BASE bound to: 156 - type: integer 
	Parameter ZERO_E bound to: 116 - type: integer 
	Parameter SAT_E bound to: 156 - type: integer 
	Parameter ZERO_E_U8 bound to: 116 - type: integer 
	Parameter SAT_E_U8 bound to: 156 - type: integer 
INFO: [Synth 8-6155] done synthesizing module 'fp32_int8_quant' (3#1) [E:/experiment/¸´µ©Î¢/Fast-BEV/Fastbev2.0_sa/part2_sa/part2_sa_v2.0/Vivado_Project/rtl/fp32_int8_quant.v:17]
WARNING: [Synth 8-6014] Unused sequential element perf_cycles_reg was removed.  [E:/experiment/¸´µ©Î¢/Fast-BEV/Fastbev2.0_sa/part2_sa/part2_sa_v2.0/Vivado_Project/rtl/quant_engine.v:101]
WARNING: [Synth 8-6014] Unused sequential element perf_read_requests_reg was removed.  [E:/experiment/¸´µ©Î¢/Fast-BEV/Fastbev2.0_sa/part2_sa/part2_sa_v2.0/Vivado_Project/rtl/quant_engine.v:101]
WARNING: [Synth 8-6014] Unused sequential element perf_write_requests_reg was removed.  [E:/experiment/¸´µ©Î¢/Fast-BEV/Fastbev2.0_sa/part2_sa/part2_sa_v2.0/Vivado_Project/rtl/quant_engine.v:101]
INFO: [Synth 8-6155] done synthesizing module 'quant_engine' (4#1) [E:/experiment/¸´µ©Î¢/Fast-BEV/Fastbev2.0_sa/part2_sa/part2_sa_v2.0/Vivado_Project/rtl/quant_engine.v:7]
INFO: [Synth 8-6157] synthesizing module 'lut_engine_int8' [E:/experiment/¸´µ©Î¢/Fast-BEV/Fastbev2.0_sa/part2_sa/part2_sa_v2.0/Vivado_Project/rtl/lut_engine_int8.v:25]
	Parameter DST_HISTORY_CONTIG bound to: 1'b0 
	Parameter DST_FUSED_CURRENT bound to: 1'b1 
	Parameter S_IDLE bound to: 5'b00000 
	Parameter S_REQ_LUT bound to: 5'b00001 
	Parameter S_GRANT_LUT bound to: 5'b00010 
	Parameter S_WAIT_LUT bound to: 5'b00011 
	Parameter S_PARSE_LUT bound to: 5'b00100 
	Parameter S_CALC_ADDR bound to: 5'b00101 
	Parameter S_CALC_ADDR2 bound to: 5'b00110 
	Parameter S_CALC_ADDR3 bound to: 5'b00111 
	Parameter S_REQ_FEAT bound to: 5'b01000 
	Parameter S_GRANT_FEAT bound to: 5'b01001 
	Parameter S_WAIT_FEAT bound to: 5'b01010 
	Parameter S_WRITE_BEV bound to: 5'b01011 
	Parameter S_GRANT_WR bound to: 5'b01100 
	Parameter S_RMW_RD bound to: 5'b01101 
	Parameter S_RMW_WAIT bound to: 5'b01110 
	Parameter S_RMW_WR bound to: 5'b01111 
	Parameter S_NEXT bound to: 5'b10000 
	Parameter S_DONE bound to: 5'b10001 
	Parameter S_RMW_ADDR0 bound to: 5'b10010 
	Parameter S_RMW_ADDR1 bound to: 5'b10011 
	Parameter S_PAIR_READ bound to: 5'b10100 
	Parameter S_PAIR_WR0 bound to: 5'b10101 
	Parameter S_PAIR_WR1 bound to: 5'b10110 
	Parameter S_PAIR_ADDR bound to: 5'b10111 
INFO: [Synth 8-6155] done synthesizing module 'lut_engine_int8' (5#1) [E:/experiment/¸´µ©Î¢/Fast-BEV/Fastbev2.0_sa/part2_sa/part2_sa_v2.0/Vivado_Project/rtl/lut_engine_int8.v:25]
INFO: [Synth 8-6157] synthesizing module 'sa_engine_int8' [E:/experiment/¸´µ©Î¢/Fast-BEV/Fastbev2.0_sa/part2_sa/part2_sa_v2.0/Vivado_Project/rtl/sa_engine_int8.v:7]
	Parameter INTERP_FRAC_BITS bound to: 6 - type: integer 
	Parameter MAX_OUTSTANDING bound to: 4 - type: integer 
	Parameter S_IDLE bound to: 5'b00000 
	Parameter S_PREP bound to: 5'b00001 
	Parameter S_ADDR bound to: 5'b00010 
	Parameter S_FETCH_INIT bound to: 5'b00011 
	Parameter S_FETCH bound to: 5'b00100 
	Parameter S_FETCH_WAIT bound to: 5'b00101 
	Parameter S_FEED bound to: 5'b00110 
	Parameter S_PIPE_WAIT bound to: 5'b00111 
	Parameter S_CAPTURE bound to: 5'b01000 
	Parameter S_OUTPUT bound to: 5'b01001 
	Parameter S_PAIR_READ bound to: 5'b01010 
	Parameter S_PAIR_WR0 bound to: 5'b01011 
	Parameter S_PAIR_WR1 bound to: 5'b01100 
	Parameter S_RMW_ADDR bound to: 5'b01101 
	Parameter S_RMW_READ bound to: 5'b01110 
	Parameter S_RMW_WAIT bound to: 5'b01111 
	Parameter S_RMW_WRITE bound to: 5'b10000 
	Parameter S_NEXT bound to: 5'b10001 
	Parameter S_DONE bound to: 5'b10010 
	Parameter S_ADDR_SUM bound to: 5'b10011 
	Parameter S_ADDR_FINAL bound to: 5'b10100 
	Parameter S_RMW_INDEX bound to: 5'b10101 
	Parameter S_RMW_ALIGN bound to: 5'b10110 
	Parameter MAX_OUTSTANDING_C bound to: 4 - type: integer 
	Parameter FRAC_ONE bound to: 9'b001000000 
WARNING: [Synth 8-6014] Unused sequential element perf_cycles_reg was removed.  [E:/experiment/¸´µ©Î¢/Fast-BEV/Fastbev2.0_sa/part2_sa/part2_sa_v2.0/Vivado_Project/rtl/sa_engine_int8.v:312]
WARNING: [Synth 8-6014] Unused sequential element perf_read_requests_reg was removed.  [E:/experiment/¸´µ©Î¢/Fast-BEV/Fastbev2.0_sa/part2_sa/part2_sa_v2.0/Vivado_Project/rtl/sa_engine_int8.v:312]
WARNING: [Synth 8-6014] Unused sequential element perf_write_requests_reg was removed.  [E:/experiment/¸´µ©Î¢/Fast-BEV/Fastbev2.0_sa/part2_sa/part2_sa_v2.0/Vivado_Project/rtl/sa_engine_int8.v:312]
WARNING: [Synth 8-6014] Unused sequential element perf_cache_hits_reg was removed.  [E:/experiment/¸´µ©Î¢/Fast-BEV/Fastbev2.0_sa/part2_sa/part2_sa_v2.0/Vivado_Project/rtl/sa_engine_int8.v:313]
INFO: [Synth 8-6155] done synthesizing module 'sa_engine_int8' (6#1) [E:/experiment/¸´µ©Î¢/Fast-BEV/Fastbev2.0_sa/part2_sa/part2_sa_v2.0/Vivado_Project/rtl/sa_engine_int8.v:7]
INFO: [Synth 8-6157] synthesizing module 'dma_arbiter_stage' [E:/experiment/¸´µ©Î¢/Fast-BEV/Fastbev2.0_sa/part2_sa/part2_sa_v2.0/Vivado_Project/rtl/dma_arbiter_stage.v:18]
	Parameter STAGE_NONE bound to: 2'b00 
	Parameter STAGE_QUANT bound to: 2'b01 
	Parameter STAGE_LUT bound to: 2'b10 
	Parameter STAGE_SA bound to: 2'b11 
INFO: [Synth 8-6155] done synthesizing module 'dma_arbiter_stage' (7#1) [E:/experiment/¸´µ©Î¢/Fast-BEV/Fastbev2.0_sa/part2_sa/part2_sa_v2.0/Vivado_Project/rtl/dma_arbiter_stage.v:18]
INFO: [Synth 8-6157] synthesizing module 'pulse_cross' [E:/experiment/¸´µ©Î¢/Fast-BEV/Fastbev2.0_sa/part2_sa/part2_sa_v2.0/Vivado_Project/rtl/pulse_cross.v:9]
INFO: [Synth 8-6155] done synthesizing module 'pulse_cross' (8#1) [E:/experiment/¸´µ©Î¢/Fast-BEV/Fastbev2.0_sa/part2_sa/part2_sa_v2.0/Vivado_Project/rtl/pulse_cross.v:9]
INFO: [Synth 8-6155] done synthesizing module 'bev_accel_top' (9#1) [E:/experiment/¸´µ©Î¢/Fast-BEV/Fastbev2.0_sa/part2_sa/part2_sa_v2.0/Vivado_Project/rtl/bev_accel_top.v:38]
INFO: [Synth 8-6155] done synthesizing module 'bev_edif_top' (10#1) [E:/experiment/¸´µ©Î¢/Fast-BEV/Fastbev2.0_sa/part2_sa/part2_sa_v2.0/Vivado_Project/rtl/bev_edif_top.v:28]
WARNING: [Synth 8-3331] design pipeline_ctrl_group4 has unconnected port ext_mode[2]
WARNING: [Synth 8-3331] design pipeline_ctrl_group4 has unconnected port ext_mode[1]
WARNING: [Synth 8-3331] design pipeline_ctrl_group4 has unconnected port ext_mode[0]
WARNING: [Synth 8-3331] design pipeline_ctrl_group4 has unconnected port group_ctrl[31]
WARNING: [Synth 8-3331] design pipeline_ctrl_group4 has unconnected port group_ctrl[30]
WARNING: [Synth 8-3331] design pipeline_ctrl_group4 has unconnected port group_ctrl[29]
WARNING: [Synth 8-3331] design pipeline_ctrl_group4 has unconnected port group_ctrl[28]
WARNING: [Synth 8-3331] design pipeline_ctrl_group4 has unconnected port group_ctrl[27]
WARNING: [Synth 8-3331] design pipeline_ctrl_group4 has unconnected port group_ctrl[26]
WARNING: [Synth 8-3331] design pipeline_ctrl_group4 has unconnected port group_ctrl[25]
WARNING: [Synth 8-3331] design pipeline_ctrl_group4 has unconnected port group_ctrl[24]
WARNING: [Synth 8-3331] design pipeline_ctrl_group4 has unconnected port group_ctrl[23]
WARNING: [Synth 8-3331] design pipeline_ctrl_group4 has unconnected port group_ctrl[22]
WARNING: [Synth 8-3331] design pipeline_ctrl_group4 has unconnected port group_ctrl[21]
WARNING: [Synth 8-3331] design pipeline_ctrl_group4 has unconnected port group_ctrl[20]
WARNING: [Synth 8-3331] design pipeline_ctrl_group4 has unconnected port group_ctrl[19]
WARNING: [Synth 8-3331] design pipeline_ctrl_group4 has unconnected port group_ctrl[18]
WARNING: [Synth 8-3331] design pipeline_ctrl_group4 has unconnected port group_ctrl[17]
WARNING: [Synth 8-3331] design pipeline_ctrl_group4 has unconnected port group_ctrl[16]
WARNING: [Synth 8-3331] design pipeline_ctrl_group4 has unconnected port group_ctrl[15]
WARNING: [Synth 8-3331] design pipeline_ctrl_group4 has unconnected port group_ctrl[14]
WARNING: [Synth 8-3331] design pipeline_ctrl_group4 has unconnected port group_ctrl[13]
WARNING: [Synth 8-3331] design pipeline_ctrl_group4 has unconnected port group_ctrl[12]
WARNING: [Synth 8-3331] design pipeline_ctrl_group4 has unconnected port group_ctrl[11]
WARNING: [Synth 8-3331] design pipeline_ctrl_group4 has unconnected port group_ctrl[10]
WARNING: [Synth 8-3331] design pipeline_ctrl_group4 has unconnected port group_ctrl[9]
WARNING: [Synth 8-3331] design pipeline_ctrl_group4 has unconnected port group_ctrl[8]
WARNING: [Synth 8-3331] design pipeline_ctrl_group4 has unconnected port group_ctrl[7]
WARNING: [Synth 8-3331] design pipeline_ctrl_group4 has unconnected port group_ctrl[6]
WARNING: [Synth 8-3331] design pipeline_ctrl_group4 has unconnected port group_ctrl[5]
WARNING: [Synth 8-3331] design pipeline_ctrl_group4 has unconnected port group_ctrl[4]
WARNING: [Synth 8-3331] design pipeline_ctrl_group4 has unconnected port group_ctrl[3]
WARNING: [Synth 8-3331] design pipeline_ctrl_group4 has unconnected port group_ctrl[2]
WARNING: [Synth 8-3331] design pipeline_ctrl_group4 has unconnected port lut_base_addr[31]
WARNING: [Synth 8-3331] design pipeline_ctrl_group4 has unconnected port lut_base_addr[30]
WARNING: [Synth 8-3331] design pipeline_ctrl_group4 has unconnected port lut_base_addr[29]
WARNING: [Synth 8-3331] design pipeline_ctrl_group4 has unconnected port lut_base_addr[28]
WARNING: [Synth 8-3331] design pipeline_ctrl_group4 has unconnected port lut_base_addr[27]
WARNING: [Synth 8-3331] design pipeline_ctrl_group4 has unconnected port lut_base_addr[26]
WARNING: [Synth 8-3331] design pipeline_ctrl_group4 has unconnected port lut_base_addr[25]
WARNING: [Synth 8-3331] design pipeline_ctrl_group4 has unconnected port lut_base_addr[24]
WARNING: [Synth 8-3331] design pipeline_ctrl_group4 has unconnected port lut_base_addr[23]
WARNING: [Synth 8-3331] design pipeline_ctrl_group4 has unconnected port lut_base_addr[22]
WARNING: [Synth 8-3331] design pipeline_ctrl_group4 has unconnected port lut_base_addr[21]
WARNING: [Synth 8-3331] design pipeline_ctrl_group4 has unconnected port lut_base_addr[20]
WARNING: [Synth 8-3331] design pipeline_ctrl_group4 has unconnected port lut_base_addr[19]
WARNING: [Synth 8-3331] design pipeline_ctrl_group4 has unconnected port lut_base_addr[18]
WARNING: [Synth 8-3331] design pipeline_ctrl_group4 has unconnected port lut_base_addr[17]
WARNING: [Synth 8-3331] design pipeline_ctrl_group4 has unconnected port lut_base_addr[16]
WARNING: [Synth 8-3331] design pipeline_ctrl_group4 has unconnected port lut_base_addr[15]
WARNING: [Synth 8-3331] design pipeline_ctrl_group4 has unconnected port lut_base_addr[14]
WARNING: [Synth 8-3331] design pipeline_ctrl_group4 has unconnected port lut_base_addr[13]
WARNING: [Synth 8-3331] design pipeline_ctrl_group4 has unconnected port lut_base_addr[12]
WARNING: [Synth 8-3331] design pipeline_ctrl_group4 has unconnected port lut_base_addr[11]
WARNING: [Synth 8-3331] design pipeline_ctrl_group4 has unconnected port lut_base_addr[10]
WARNING: [Synth 8-3331] design pipeline_ctrl_group4 has unconnected port lut_base_addr[9]
WARNING: [Synth 8-3331] design pipeline_ctrl_group4 has unconnected port lut_base_addr[8]
WARNING: [Synth 8-3331] design pipeline_ctrl_group4 has unconnected port lut_base_addr[7]
WARNING: [Synth 8-3331] design pipeline_ctrl_group4 has unconnected port lut_base_addr[6]
WARNING: [Synth 8-3331] design pipeline_ctrl_group4 has unconnected port lut_base_addr[5]
WARNING: [Synth 8-3331] design pipeline_ctrl_group4 has unconnected port lut_base_addr[4]
WARNING: [Synth 8-3331] design pipeline_ctrl_group4 has unconnected port lut_base_addr[3]
WARNING: [Synth 8-3331] design pipeline_ctrl_group4 has unconnected port lut_base_addr[2]
WARNING: [Synth 8-3331] design pipeline_ctrl_group4 has unconnected port lut_base_addr[1]
WARNING: [Synth 8-3331] design pipeline_ctrl_group4 has unconnected port lut_base_addr[0]
WARNING: [Synth 8-3331] design pipeline_ctrl_group4 has unconnected port lut_size[31]
WARNING: [Synth 8-3331] design pipeline_ctrl_group4 has unconnected port lut_size[30]
WARNING: [Synth 8-3331] design pipeline_ctrl_group4 has unconnected port lut_size[29]
WARNING: [Synth 8-3331] design pipeline_ctrl_group4 has unconnected port lut_size[28]
WARNING: [Synth 8-3331] design pipeline_ctrl_group4 has unconnected port lut_size[27]
WARNING: [Synth 8-3331] design pipeline_ctrl_group4 has unconnected port lut_size[26]
WARNING: [Synth 8-3331] design pipeline_ctrl_group4 has unconnected port lut_size[25]
WARNING: [Synth 8-3331] design pipeline_ctrl_group4 has unconnected port lut_size[24]
WARNING: [Synth 8-3331] design pipeline_ctrl_group4 has unconnected port lut_size[23]
WARNING: [Synth 8-3331] design pipeline_ctrl_group4 has unconnected port lut_size[22]
WARNING: [Synth 8-3331] design pipeline_ctrl_group4 has unconnected port lut_size[21]
WARNING: [Synth 8-3331] design pipeline_ctrl_group4 has unconnected port lut_size[20]
WARNING: [Synth 8-3331] design pipeline_ctrl_group4 has unconnected port lut_size[19]
WARNING: [Synth 8-3331] design pipeline_ctrl_group4 has unconnected port lut_size[18]
WARNING: [Synth 8-3331] design pipeline_ctrl_group4 has unconnected port lut_size[17]
WARNING: [Synth 8-3331] design pipeline_ctrl_group4 has unconnected port lut_size[16]
WARNING: [Synth 8-3331] design pipeline_ctrl_group4 has unconnected port lut_size[15]
WARNING: [Synth 8-3331] design pipeline_ctrl_group4 has unconnected port lut_size[14]
WARNING: [Synth 8-3331] design pipeline_ctrl_group4 has unconnected port lut_size[13]
WARNING: [Synth 8-3331] design pipeline_ctrl_group4 has unconnected port lut_size[12]
WARNING: [Synth 8-3331] design pipeline_ctrl_group4 has unconnected port lut_size[11]
WARNING: [Synth 8-3331] design pipeline_ctrl_group4 has unconnected port lut_size[10]
WARNING: [Synth 8-3331] design pipeline_ctrl_group4 has unconnected port lut_size[9]
WARNING: [Synth 8-3331] design pipeline_ctrl_group4 has unconnected port lut_size[8]
WARNING: [Synth 8-3331] design pipeline_ctrl_group4 has unconnected port lut_size[7]
WARNING: [Synth 8-3331] design pipeline_ctrl_group4 has unconnected port lut_size[6]
WARNING: [Synth 8-3331] design pipeline_ctrl_group4 has unconnected port lut_size[5]
WARNING: [Synth 8-3331] design pipeline_ctrl_group4 has unconnected port lut_size[4]
WARNING: [Synth 8-3331] design pipeline_ctrl_group4 has unconnected port lut_size[3]
WARNING: [Synth 8-3331] design pipeline_ctrl_group4 has unconnected port lut_size[2]
WARNING: [Synth 8-3331] design pipeline_ctrl_group4 has unconnected port lut_size[1]
WARNING: [Synth 8-3331] design pipeline_ctrl_group4 has unconnected port lut_size[0]
WARNING: [Synth 8-3331] design bev_accel_top has unconnected port itf_ra_awaddr[31]
WARNING: [Synth 8-3331] design bev_accel_top has unconnected port itf_ra_awaddr[30]
WARNING: [Synth 8-3331] design bev_accel_top has unconnected port itf_ra_awaddr[29]
INFO: [Common 17-14] Message 'Synth 8-3331' appears 100 times and further instances of the messages will be disabled. Use the Tcl command set_msg_config to change the current settings.
---------------------------------------------------------------------------------
Finished RTL Elaboration : Time (s): cpu = 00:00:02 ; elapsed = 00:00:03 . Memory (MB): peak = 491.965 ; gain = 234.512
---------------------------------------------------------------------------------

Report Check Netlist: 
+------+------------------+-------+---------+-------+------------------+
|      |Item              |Errors |Warnings |Status |Description       |
+------+------------------+-------+---------+-------+------------------+
|1     |multi_driven_nets |      0|        0|Passed |Multi driven nets |
+------+------------------+-------+---------+-------+------------------+
---------------------------------------------------------------------------------
Start Handling Custom Attributes
---------------------------------------------------------------------------------
---------------------------------------------------------------------------------
Finished Handling Custom Attributes : Time (s): cpu = 00:00:03 ; elapsed = 00:00:04 . Memory (MB): peak = 491.965 ; gain = 234.512
---------------------------------------------------------------------------------
---------------------------------------------------------------------------------
Finished RTL Optimization Phase 1 : Time (s): cpu = 00:00:03 ; elapsed = 00:00:04 . Memory (MB): peak = 491.965 ; gain = 234.512
---------------------------------------------------------------------------------
INFO: [Device 21-403] Loading part xc7z030ffg676-2
INFO: [Project 1-570] Preparing netlist for logic optimization

Processing XDC Constraints
Initializing timing engine
Parsing XDC File [E:/experiment/¸´µ©Î¢/Fast-BEV/Fastbev2.0_sa/part2_sa/part2_sa_v2.0/Vivado_Project/constrs/ai7030.xdc]
Finished Parsing XDC File [E:/experiment/¸´µ©Î¢/Fast-BEV/Fastbev2.0_sa/part2_sa/part2_sa_v2.0/Vivado_Project/constrs/ai7030.xdc]
INFO: [Project 1-236] Implementation specific constraints were found while reading constraint file [E:/experiment/¸´µ©Î¢/Fast-BEV/Fastbev2.0_sa/part2_sa/part2_sa_v2.0/Vivado_Project/constrs/ai7030.xdc]. These constraints will be ignored for synthesis but will be used in implementation. Impacted constraints are listed in the file [.Xil/bev_edif_top_propImpl.xdc].
Resolution: To avoid this warning, move constraints listed in [.Xil/bev_edif_top_propImpl.xdc] to another XDC file and exclude this new file from synthesis with the used_in_synthesis property (File Properties dialog in GUI) and re-run elaboration/synthesis.
Parsing XDC File [E:/experiment/¸´µ©Î¢/Fast-BEV/Fastbev2.0_sa/part2_sa/part2_sa_v2.0/Vivado_Project/constrs/impl_constraints.xdc]
WARNING: [Vivado 12-508] No pins matched 'U0_ps_ai_wrap_demo/U0_ps_ai_peripheral/ZGolo/u_AI_Mate_top/U0_ddr2hp_itcn/u0_ar_cdc_fifo_ddr/u0_cdc_fifo_ar_64/U0/inst_fifo_gen/gconvfifo.rf/grf.rf/gntv_or_sync_fifo.gcx.clkx/rd_pntr_cdc_inst/dest_graysync_ff_reg[0][0]/C'. [E:/experiment/¸´µ©Î¢/Fast-BEV/Fastbev2.0_sa/part2_sa/part2_sa_v2.0/Vivado_Project/constrs/impl_constraints.xdc:1]
WARNING: [Vivado 12-508] No pins matched 'U0_ps_ai_wrap_demo/U0_ps_ai_peripheral/ZGolo/u_AI_Mate_top/U0_ddr2hp_itcn/u0_ar_cdc_fifo_ddr/u0_cdc_fifo_ar_64/U0/inst_fifo_gen/gconvfifo.rf/grf.rf/gntv_or_sync_fifo.gcx.clkx/rd_pntr_cdc_inst/dest_graysync_ff_reg[0][1]/C'. [E:/experiment/¸´µ©Î¢/Fast-BEV/Fastbev2.0_sa/part2_sa/part2_sa_v2.0/Vivado_Project/constrs/impl_constraints.xdc:1]
WARNING: [Vivado 12-508] No pins matched 'U0_ps_ai_wrap_demo/U0_ps_ai_peripheral/ZGolo/u_AI_Mate_top/U0_ddr2hp_itcn/u0_ar_cdc_fifo_ddr/u0_cdc_fifo_ar_64/U0/inst_fifo_gen/gconvfifo.rf/grf.rf/gntv_or_sync_fifo.gcx.clkx/rd_pntr_cdc_inst/dest_graysync_ff_reg[0][2]/C'. [E:/experiment/¸´µ©Î¢/Fast-BEV/Fastbev2.0_sa/part2_sa/part2_sa_v2.0/Vivado_Project/constrs/impl_constraints.xdc:1]
WARNING: [Vivado 12-508] No pins matched 'U0_ps_ai_wrap_demo/U0_ps_ai_peripheral/ZGolo/u_AI_Mate_top/U0_ddr2hp_itcn/u0_ar_cdc_fifo_ddr/u0_cdc_fifo_ar_64/U0/inst_fifo_gen/gconvfifo.rf/grf.rf/gntv_or_sync_fifo.gcx.clkx/rd_pntr_cdc_inst/dest_graysync_ff_reg[0][3]/C'. [E:/experiment/¸´µ©Î¢/Fast-BEV/Fastbev2.0_sa/part2_sa/part2_sa_v2.0/Vivado_Project/constrs/impl_constraints.xdc:1]
WARNING: [Vivado 12-508] No pins matched 'U0_ps_ai_wrap_demo/U0_ps_ai_peripheral/ZGolo/u_AI_Mate_top/U0_ddr2hp_itcn/u0_ar_cdc_fifo_ddr/u0_cdc_fifo_ar_64/U0/inst_fifo_gen/gconvfifo.rf/grf.rf/gntv_or_sync_fifo.gcx.clkx/rd_pntr_cdc_inst/dest_graysync_ff_reg[1][0]/C'. [E:/experiment/¸´µ©Î¢/Fast-BEV/Fastbev2.0_sa/part2_sa/part2_sa_v2.0/Vivado_Project/constrs/impl_constraints.xdc:1]
WARNING: [Vivado 12-508] No pins matched 'U0_ps_ai_wrap_demo/U0_ps_ai_peripheral/ZGolo/u_AI_Mate_top/U0_ddr2hp_itcn/u0_ar_cdc_fifo_ddr/u0_cdc_fifo_ar_64/U0/inst_fifo_gen/gconvfifo.rf/grf.rf/gntv_or_sync_fifo.gcx.clkx/rd_pntr_cdc_inst/dest_graysync_ff_reg[1][1]/C'. [E:/experiment/¸´µ©Î¢/Fast-BEV/Fastbev2.0_sa/part2_sa/part2_sa_v2.0/Vivado_Project/constrs/impl_constraints.xdc:1]
WARNING: [Vivado 12-508] No pins matched 'U0_ps_ai_wrap_demo/U0_ps_ai_peripheral/ZGolo/u_AI_Mate_top/U0_ddr2hp_itcn/u0_ar_cdc_fifo_ddr/u0_cdc_fifo_ar_64/U0/inst_fifo_gen/gconvfifo.rf/grf.rf/gntv_or_sync_fifo.gcx.clkx/rd_pntr_cdc_inst/dest_graysync_ff_reg[1][2]/C'. [E:/experiment/¸´µ©Î¢/Fast-BEV/Fastbev2.0_sa/part2_sa/part2_sa_v2.0/Vivado_Project/constrs/impl_constraints.xdc:1]
WARNING: [Vivado 12-508] No pins matched 'U0_ps_ai_wrap_demo/U0_ps_ai_peripheral/ZGolo/u_AI_Mate_top/U0_ddr2hp_itcn/u0_ar_cdc_fifo_ddr/u0_cdc_fifo_ar_64/U0/inst_fifo_gen/gconvfifo.rf/grf.rf/gntv_or_sync_fifo.gcx.clkx/rd_pntr_cdc_inst/dest_graysync_ff_reg[1][3]/C'. [E:/experiment/¸´µ©Î¢/Fast-BEV/Fastbev2.0_sa/part2_sa/part2_sa_v2.0/Vivado_Project/constrs/impl_constraints.xdc:1]
WARNING: [Vivado 12-508] No pins matched 'U0_ps_ai_wrap_demo/U0_ps_ai_peripheral/ZGolo/u_AI_Mate_top/U0_ddr2hp_itcn/u0_ar_cdc_fifo_ddr/u0_cdc_fifo_ar_64/U0/inst_fifo_gen/gconvfifo.rf/grf.rf/gntv_or_sync_fifo.gcx.clkx/rd_pntr_cdc_inst/dest_out_bin_ff_reg[0]/C'. [E:/experiment/¸´µ©Î¢/Fast-BEV/Fastbev2.0_sa/part2_sa/part2_sa_v2.0/Vivado_Project/constrs/impl_constraints.xdc:1]
WARNING: [Vivado 12-508] No pins matched 'U0_ps_ai_wrap_demo/U0_ps_ai_peripheral/ZGolo/u_AI_Mate_top/U0_ddr2hp_itcn/u0_ar_cdc_fifo_ddr/u0_cdc_fifo_ar_64/U0/inst_fifo_gen/gconvfifo.rf/grf.rf/gntv_or_sync_fifo.gcx.clkx/rd_pntr_cdc_inst/dest_out_bin_ff_reg[1]/C'. [E:/experiment/¸´µ©Î¢/Fast-BEV/Fastbev2.0_sa/part2_sa/part2_sa_v2.0/Vivado_Project/constrs/impl_constraints.xdc:1]
WARNING: [Vivado 12-508] No pins matched 'U0_ps_ai_wrap_demo/U0_ps_ai_peripheral/ZGolo/u_AI_Mate_top/U0_ddr2hp_itcn/u0_ar_cdc_fifo_ddr/u0_cdc_fifo_ar_64/U0/inst_fifo_gen/gconvfifo.rf/grf.rf/gntv_or_sync_fifo.gcx.clkx/rd_pntr_cdc_inst/dest_out_bin_ff_reg[2]/C'. [E:/experiment/¸´µ©Î¢/Fast-BEV/Fastbev2.0_sa/part2_sa/part2_sa_v2.0/Vivado_Project/constrs/impl_constraints.xdc:1]
WARNING: [Vivado 12-508] No pins matched 'U0_ps_ai_wrap_demo/U0_ps_ai_peripheral/ZGolo/u_AI_Mate_top/U0_ddr2hp_itcn/u0_ar_cdc_fifo_ddr/u0_cdc_fifo_ar_64/U0/inst_fifo_gen/gconvfifo.rf/grf.rf/gntv_or_sync_fifo.gcx.clkx/rd_pntr_cdc_inst/dest_out_bin_ff_reg[3]/C'. [E:/experiment/¸´µ©Î¢/Fast-BEV/Fastbev2.0_sa/part2_sa/part2_sa_v2.0/Vivado_Project/constrs/impl_constraints.xdc:1]
WARNING: [Vivado 12-508] No pins matched 'U0_ps_ai_wrap_demo/U0_ps_ai_peripheral/ZGolo/u_AI_Mate_top/U0_ddr2hp_itcn/u0_ar_cdc_fifo_ddr/u0_cdc_fifo_ar_64/U0/inst_fifo_gen/gconvfifo.rf/grf.rf/gntv_or_sync_fifo.gcx.clkx/wr_pntr_cdc_inst/src_gray_ff_reg[0]/C'. [E:/experiment/¸´µ©Î¢/Fast-BEV/Fastbev2.0_sa/part2_sa/part2_sa_v2.0/Vivado_Project/constrs/impl_constraints.xdc:1]
WARNING: [Vivado 12-508] No pins matched 'U0_ps_ai_wrap_demo/U0_ps_ai_peripheral/ZGolo/u_AI_Mate_top/U0_ddr2hp_itcn/u0_ar_cdc_fifo_ddr/u0_cdc_fifo_ar_64/U0/inst_fifo_gen/gconvfifo.rf/grf.rf/gntv_or_sync_fifo.gcx.clkx/wr_pntr_cdc_inst/src_gray_ff_reg[1]/C'. [E:/experiment/¸´µ©Î¢/Fast-BEV/Fastbev2.0_sa/part2_sa/part2_sa_v2.0/Vivado_Project/constrs/impl_constraints.xdc:1]
WARNING: [Vivado 12-508] No pins matched 'U0_ps_ai_wrap_demo/U0_ps_ai_peripheral/ZGolo/u_AI_Mate_top/U0_ddr2hp_itcn/u0_ar_cdc_fifo_ddr/u0_cdc_fifo_ar_64/U0/inst_fifo_gen/gconvfifo.rf/grf.rf/gntv_or_sync_fifo.gcx.clkx/wr_pntr_cdc_inst/src_gray_ff_reg[2]/C'. [E:/experiment/¸´µ©Î¢/Fast-BEV/Fastbev2.0_sa/part2_sa/part2_sa_v2.0/Vivado_Project/constrs/impl_constraints.xdc:1]
WARNING: [Vivado 12-508] No pins matched 'U0_ps_ai_wrap_demo/U0_ps_ai_peripheral/ZGolo/u_AI_Mate_top/U0_ddr2hp_itcn/u0_ar_cdc_fifo_ddr/u0_cdc_fifo_ar_64/U0/inst_fifo_gen/gconvfifo.rf/grf.rf/gntv_or_sync_fifo.gcx.clkx/wr_pntr_cdc_inst/src_gray_ff_reg[3]/C'. [E:/experiment/¸´µ©Î¢/Fast-BEV/Fastbev2.0_sa/part2_sa/part2_sa_v2.0/Vivado_Project/constrs/impl_constraints.xdc:1]
WARNING: [Vivado 12-508] No pins matched 'U0_ps_ai_wrap_demo/U0_ps_ai_peripheral/ZGolo/u_AI_Mate_top/U0_ddr2hp_itcn/u0_ar_cdc_fifo_ddr/u0_cdc_fifo_ar_64/U0/inst_fifo_gen/gconvfifo.rf/grf.rf/gntv_or_sync_fifo.gl0.wr/gwas.gpf.wrpf/gdiff.diff_pntr_pad_reg[1]/C'. [E:/experiment/¸´µ©Î¢/Fast-BEV/Fastbev2.0_sa/part2_sa/part2_sa_v2.0/Vivado_Project/constrs/impl_constraints.xdc:1]
WARNING: [Vivado 12-508] No pins matched 'U0_ps_ai_wrap_demo/U0_ps_ai_peripheral/ZGolo/u_AI_Mate_top/U0_ddr2hp_itcn/u0_ar_cdc_fifo_ddr/u0_cdc_fifo_ar_64/U0/inst_fifo_gen/gconvfifo.rf/grf.rf/gntv_or_sync_fifo.gl0.wr/gwas.gpf.wrpf/gdiff.diff_pntr_pad_reg[2]/C'. [E:/experiment/¸´µ©Î¢/Fast-BEV/Fastbev2.0_sa/part2_sa/part2_sa_v2.0/Vivado_Project/constrs/impl_constraints.xdc:1]
WARNING: [Vivado 12-508] No pins matched 'U0_ps_ai_wrap_demo/U0_ps_ai_peripheral/ZGolo/u_AI_Mate_top/U0_ddr2hp_itcn/u0_ar_cdc_fifo_ddr/u0_cdc_fifo_ar_64/U0/inst_fifo_gen/gconvfifo.rf/grf.rf/gntv_or_sync_fifo.gl0.wr/gwas.gpf.wrpf/gdiff.diff_pntr_pad_reg[3]/C'. [E:/experiment/¸´µ©Î¢/Fast-BEV/Fastbev2.0_sa/part2_sa/part2_sa_v2.0/Vivado_Project/constrs/impl_constraints.xdc:1]
WARNING: [Vivado 12-508] No pins matched 'U0_ps_ai_wrap_demo/U0_ps_ai_peripheral/ZGolo/u_AI_Mate_top/U0_ddr2hp_itcn/u0_ar_cdc_fifo_ddr/u0_cdc_fifo_ar_64/U0/inst_fifo_gen/gconvfifo.rf/grf.rf/gntv_or_sync_fifo.gl0.wr/gwas.gpf.wrpf/gdiff.diff_pntr_pad_reg[4]/C'. [E:/experiment/¸´µ©Î¢/Fast-BEV/Fastbev2.0_sa/part2_sa/part2_sa_v2.0/Vivado_Project/constrs/impl_constraints.xdc:1]
WARNING: [Vivado 12-508] No pins matched 'U0_ps_ai_wrap_demo/U0_ps_ai_peripheral/ZGolo/u_AI_Mate_top/U0_ddr2hp_itcn/u0_ar_cdc_fifo_ddr/u0_cdc_fifo_ar_64/U0/inst_fifo_gen/gconvfifo.rf/grf.rf/gntv_or_sync_fifo.gl0.wr/gwas.gpf.wrpf/gpf1.prog_full_i_reg/C'. [E:/experiment/¸´µ©Î¢/Fast-BEV/Fastbev2.0_sa/part2_sa/part2_sa_v2.0/Vivado_Project/constrs/impl_constraints.xdc:1]
WARNING: [Vivado 12-508] No pins matched 'U0_ps_ai_wrap_demo/U0_ps_ai_peripheral/ZGolo/u_AI_Mate_top/U0_ddr2hp_itcn/u0_ar_cdc_fifo_ddr/u0_cdc_fifo_ar_64/U0/inst_fifo_gen/gconvfifo.rf/grf.rf/gntv_or_sync_fifo.gl0.wr/gwas.wsts/ram_full_fb_i_reg/C'. [E:/experiment/¸´µ©Î¢/Fast-BEV/Fastbev2.0_sa/part2_sa/part2_sa_v2.0/Vivado_Project/constrs/impl_constraints.xdc:1]
WARNING: [Vivado 12-508] No pins matched 'U0_ps_ai_wrap_demo/U0_ps_ai_peripheral/ZGolo/u_AI_Mate_top/U0_ddr2hp_itcn/u0_ar_cdc_fifo_ddr/u0_cdc_fifo_ar_64/U0/inst_fifo_gen/gconvfifo.rf/grf.rf/gntv_or_sync_fifo.gl0.wr/gwas.wsts/ram_full_i_reg/C'. [E:/experiment/¸´µ©Î¢/Fast-BEV/Fastbev2.0_sa/part2_sa/part2_sa_v2.0/Vivado_Project/constrs/impl_constraints.xdc:1]
WARNING: [Vivado 12-508] No pins matched 'U0_ps_ai_wrap_demo/U0_ps_ai_peripheral/ZGolo/u_AI_Mate_top/U0_ddr2hp_itcn/u0_ar_cdc_fifo_ddr/u0_cdc_fifo_ar_64/U0/inst_fifo_gen/gconvfifo.rf/grf.rf/gntv_or_sync_fifo.gl0.wr/wpntr/gic0.gc0.count_d1_reg[0]/C'. [E:/experiment/¸´µ©Î¢/Fast-BEV/Fastbev2.0_sa/part2_sa/part2_sa_v2.0/Vivado_Project/constrs/impl_constraints.xdc:1]
WARNING: [Vivado 12-508] No pins matched 'U0_ps_ai_wrap_demo/U0_ps_ai_peripheral/ZGolo/u_AI_Mate_top/U0_ddr2hp_itcn/u0_ar_cdc_fifo_ddr/u0_cdc_fifo_ar_64/U0/inst_fifo_gen/gconvfifo.rf/grf.rf/gntv_or_sync_fifo.gl0.wr/wpntr/gic0.gc0.count_d1_reg[1]/C'. [E:/experiment/¸´µ©Î¢/Fast-BEV/Fastbev2.0_sa/part2_sa/part2_sa_v2.0/Vivado_Project/constrs/impl_constraints.xdc:1]
WARNING: [Vivado 12-508] No pins matched 'U0_ps_ai_wrap_demo/U0_ps_ai_peripheral/ZGolo/u_AI_Mate_top/U0_ddr2hp_itcn/u0_ar_cdc_fifo_ddr/u0_cdc_fifo_ar_64/U0/inst_fifo_gen/gconvfifo.rf/grf.rf/gntv_or_sync_fifo.gl0.wr/wpntr/gic0.gc0.count_d1_reg[2]/C'. [E:/experiment/¸´µ©Î¢/Fast-BEV/Fastbev2.0_sa/part2_sa/part2_sa_v2.0/Vivado_Project/constrs/impl_constraints.xdc:1]
WARNING: [Vivado 12-508] No pins matched 'U0_ps_ai_wrap_demo/U0_ps_ai_peripheral/ZGolo/u_AI_Mate_top/U0_ddr2hp_itcn/u0_ar_cdc_fifo_ddr/u0_cdc_fifo_ar_64/U0/inst_fifo_gen/gconvfifo.rf/grf.rf/gntv_or_sync_fifo.gl0.wr/wpntr/gic0.gc0.count_d1_reg[3]/C'. [E:/experiment/¸´µ©Î¢/Fast-BEV/Fastbev2.0_sa/part2_sa/part2_sa_v2.0/Vivado_Project/constrs/impl_constraints.xdc:1]
WARNING: [Vivado 12-508] No pins matched 'U0_ps_ai_wrap_demo/U0_ps_ai_peripheral/ZGolo/u_AI_Mate_top/U0_ddr2hp_itcn/u0_ar_cdc_fifo_ddr/u0_cdc_fifo_ar_64/U0/inst_fifo_gen/gconvfifo.rf/grf.rf/gntv_or_sync_fifo.gl0.wr/wpntr/gic0.gc0.count_d2_reg[0]/C'. [E:/experiment/¸´µ©Î¢/Fast-BEV/Fastbev2.0_sa/part2_sa/part2_sa_v2.0/Vivado_Project/constrs/impl_constraints.xdc:1]
WARNING: [Vivado 12-508] No pins matched 'U0_ps_ai_wrap_demo/U0_ps_ai_peripheral/ZGolo/u_AI_Mate_top/U0_ddr2hp_itcn/u0_ar_cdc_fifo_ddr/u0_cdc_fifo_ar_64/U0/inst_fifo_gen/gconvfifo.rf/grf.rf/gntv_or_sync_fifo.gl0.wr/wpntr/gic0.gc0.count_d2_reg[1]/C'. [E:/experiment/¸´µ©Î¢/Fast-BEV/Fastbev2.0_sa/part2_sa/part2_sa_v2.0/Vivado_Project/constrs/impl_constraints.xdc:1]
WARNING: [Vivado 12-508] No pins matched 'U0_ps_ai_wrap_demo/U0_ps_ai_peripheral/ZGolo/u_AI_Mate_top/U0_ddr2hp_itcn/u0_ar_cdc_fifo_ddr/u0_cdc_fifo_ar_64/U0/inst_fifo_gen/gconvfifo.rf/grf.rf/gntv_or_sync_fifo.gl0.wr/wpntr/gic0.gc0.count_d2_reg[2]/C'. [E:/experiment/¸´µ©Î¢/Fast-BEV/Fastbev2.0_sa/part2_sa/part2_sa_v2.0/Vivado_Project/constrs/impl_constraints.xdc:1]
WARNING: [Vivado 12-508] No pins matched 'U0_ps_ai_wrap_demo/U0_ps_ai_peripheral/ZGolo/u_AI_Mate_top/U0_ddr2hp_itcn/u0_ar_cdc_fifo_ddr/u0_cdc_fifo_ar_64/U0/inst_fifo_gen/gconvfifo.rf/grf.rf/gntv_or_sync_fifo.gl0.wr/wpntr/gic0.gc0.count_d2_reg[3]/C'. [E:/experiment/¸´µ©Î¢/Fast-BEV/Fastbev2.0_sa/part2_sa/part2_sa_v2.0/Vivado_Project/constrs/impl_constraints.xdc:1]
WARNING: [Vivado 12-508] No pins matched 'U0_ps_ai_wrap_demo/U0_ps_ai_peripheral/ZGolo/u_AI_Mate_top/U0_ddr2hp_itcn/u0_ar_cdc_fifo_ddr/u0_cdc_fifo_ar_64/U0/inst_fifo_gen/gconvfifo.rf/grf.rf/gntv_or_sync_fifo.gl0.wr/wpntr/gic0.gc0.count_reg[0]/C'. [E:/experiment/¸´µ©Î¢/Fast-BEV/Fastbev2.0_sa/part2_sa/part2_sa_v2.0/Vivado_Project/constrs/impl_constraints.xdc:1]
WARNING: [Vivado 12-508] No pins matched 'U0_ps_ai_wrap_demo/U0_ps_ai_peripheral/ZGolo/u_AI_Mate_top/U0_ddr2hp_itcn/u0_ar_cdc_fifo_ddr/u0_cdc_fifo_ar_64/U0/inst_fifo_gen/gconvfifo.rf/grf.rf/gntv_or_sync_fifo.gl0.wr/wpntr/gic0.gc0.count_reg[1]/C'. [E:/experiment/¸´µ©Î¢/Fast-BEV/Fastbev2.0_sa/part2_sa/part2_sa_v2.0/Vivado_Project/constrs/impl_constraints.xdc:1]
WARNING: [Vivado 12-508] No pins matched 'U0_ps_ai_wrap_demo/U0_ps_ai_peripheral/ZGolo/u_AI_Mate_top/U0_ddr2hp_itcn/u0_ar_cdc_fifo_ddr/u0_cdc_fifo_ar_64/U0/inst_fifo_gen/gconvfifo.rf/grf.rf/gntv_or_sync_fifo.gl0.wr/wpntr/gic0.gc0.count_reg[2]/C'. [E:/experiment/¸´µ©Î¢/Fast-BEV/Fastbev2.0_sa/part2_sa/part2_sa_v2.0/Vivado_Project/constrs/impl_constraints.xdc:1]
WARNING: [Vivado 12-508] No pins matched 'U0_ps_ai_wrap_demo/U0_ps_ai_peripheral/ZGolo/u_AI_Mate_top/U0_ddr2hp_itcn/u0_ar_cdc_fifo_ddr/u0_cdc_fifo_ar_64/U0/inst_fifo_gen/gconvfifo.rf/grf.rf/gntv_or_sync_fifo.gl0.wr/wpntr/gic0.gc0.count_reg[3]/C'. [E:/experiment/¸´µ©Î¢/Fast-BEV/Fastbev2.0_sa/part2_sa/part2_sa_v2.0/Vivado_Project/constrs/impl_constraints.xdc:1]
WARNING: [Vivado 12-508] No pins matched 'U0_ps_ai_wrap_demo/U0_ps_ai_peripheral/ZGolo/u_AI_Mate_top/U0_ddr2hp_itcn/u0_ar_cdc_fifo_ddr/u0_cdc_fifo_ar_64/U0/inst_fifo_gen/gconvfifo.rf/grf.rf/gntv_or_sync_fifo.mem/gdm.dm_gen.dm/RAM_reg_0_15_0_5/RAMA/CLK'. [E:/experiment/¸´µ©Î¢/Fast-BEV/Fastbev2.0_sa/part2_sa/part2_sa_v2.0/Vivado_Project/constrs/impl_constraints.xdc:1]
WARNING: [Vivado 12-508] No pins matched 'U0_ps_ai_wrap_demo/U0_ps_ai_peripheral/ZGolo/u_AI_Mate_top/U0_ddr2hp_itcn/u0_ar_cdc_fifo_ddr/u0_cdc_fifo_ar_64/U0/inst_fifo_gen/gconvfifo.rf/grf.rf/gntv_or_sync_fifo.mem/gdm.dm_gen.dm/RAM_reg_0_15_0_5/RAMA_D1/CLK'. [E:/experiment/¸´µ©Î¢/Fast-BEV/Fastbev2.0_sa/part2_sa/part2_sa_v2.0/Vivado_Project/constrs/impl_constraints.xdc:1]
WARNING: [Vivado 12-508] No pins matched 'U0_ps_ai_wrap_demo/U0_ps_ai_peripheral/ZGolo/u_AI_Mate_top/U0_ddr2hp_itcn/u0_ar_cdc_fifo_ddr/u0_cdc_fifo_ar_64/U0/inst_fifo_gen/gconvfifo.rf/grf.rf/gntv_or_sync_fifo.mem/gdm.dm_gen.dm/RAM_reg_0_15_0_5/RAMB/CLK'. [E:/experiment/¸´µ©Î¢/Fast-BEV/Fastbev2.0_sa/part2_sa/part2_sa_v2.0/Vivado_Project/constrs/impl_constraints.xdc:1]
WARNING: [Vivado 12-508] No pins matched 'U0_ps_ai_wrap_demo/U0_ps_ai_peripheral/ZGolo/u_AI_Mate_top/U0_ddr2hp_itcn/u0_ar_cdc_fifo_ddr/u0_cdc_fifo_ar_64/U0/inst_fifo_gen/gconvfifo.rf/grf.rf/gntv_or_sync_fifo.mem/gdm.dm_gen.dm/RAM_reg_0_15_0_5/RAMB_D1/CLK'. [E:/experiment/¸´µ©Î¢/Fast-BEV/Fastbev2.0_sa/part2_sa/part2_sa_v2.0/Vivado_Project/constrs/impl_constraints.xdc:1]
WARNING: [Vivado 12-508] No pins matched 'U0_ps_ai_wrap_demo/U0_ps_ai_peripheral/ZGolo/u_AI_Mate_top/U0_ddr2hp_itcn/u0_ar_cdc_fifo_ddr/u0_cdc_fifo_ar_64/U0/inst_fifo_gen/gconvfifo.rf/grf.rf/gntv_or_sync_fifo.mem/gdm.dm_gen.dm/RAM_reg_0_15_0_5/RAMC/CLK'. [E:/experiment/¸´µ©Î¢/Fast-BEV/Fastbev2.0_sa/part2_sa/part2_sa_v2.0/Vivado_Project/constrs/impl_constraints.xdc:1]
WARNING: [Vivado 12-508] No pins matched 'U0_ps_ai_wrap_demo/U0_ps_ai_peripheral/ZGolo/u_AI_Mate_top/U0_ddr2hp_itcn/u0_ar_cdc_fifo_ddr/u0_cdc_fifo_ar_64/U0/inst_fifo_gen/gconvfifo.rf/grf.rf/gntv_or_sync_fifo.mem/gdm.dm_gen.dm/RAM_reg_0_15_0_5/RAMC_D1/CLK'. [E:/experiment/¸´µ©Î¢/Fast-BEV/Fastbev2.0_sa/part2_sa/part2_sa_v2.0/Vivado_Project/constrs/impl_constraints.xdc:1]
WARNING: [Vivado 12-508] No pins matched 'U0_ps_ai_wrap_demo/U0_ps_ai_peripheral/ZGolo/u_AI_Mate_top/U0_ddr2hp_itcn/u0_ar_cdc_fifo_ddr/u0_cdc_fifo_ar_64/U0/inst_fifo_gen/gconvfifo.rf/grf.rf/gntv_or_sync_fifo.mem/gdm.dm_gen.dm/RAM_reg_0_15_0_5/RAMD/CLK'. [E:/experiment/¸´µ©Î¢/Fast-BEV/Fastbev2.0_sa/part2_sa/part2_sa_v2.0/Vivado_Project/constrs/impl_constraints.xdc:1]
WARNING: [Vivado 12-508] No pins matched 'U0_ps_ai_wrap_demo/U0_ps_ai_peripheral/ZGolo/u_AI_Mate_top/U0_ddr2hp_itcn/u0_ar_cdc_fifo_ddr/u0_cdc_fifo_ar_64/U0/inst_fifo_gen/gconvfifo.rf/grf.rf/gntv_or_sync_fifo.mem/gdm.dm_gen.dm/RAM_reg_0_15_0_5/RAMD_D1/CLK'. [E:/experiment/¸´µ©Î¢/Fast-BEV/Fastbev2.0_sa/part2_sa/part2_sa_v2.0/Vivado_Project/constrs/impl_constraints.xdc:1]
WARNING: [Vivado 12-508] No pins matched 'U0_ps_ai_wrap_demo/U0_ps_ai_peripheral/ZGolo/u_AI_Mate_top/U0_ddr2hp_itcn/u0_ar_cdc_fifo_ddr/u0_cdc_fifo_ar_64/U0/inst_fifo_gen/gconvfifo.rf/grf.rf/gntv_or_sync_fifo.mem/gdm.dm_gen.dm/RAM_reg_0_15_12_17/RAMA/CLK'. [E:/experiment/¸´µ©Î¢/Fast-BEV/Fastbev2.0_sa/part2_sa/part2_sa_v2.0/Vivado_Project/constrs/impl_constraints.xdc:1]
WARNING: [Vivado 12-508] No pins matched 'U0_ps_ai_wrap_demo/U0_ps_ai_peripheral/ZGolo/u_AI_Mate_top/U0_ddr2hp_itcn/u0_ar_cdc_fifo_ddr/u0_cdc_fifo_ar_64/U0/inst_fifo_gen/gconvfifo.rf/grf.rf/gntv_or_sync_fifo.mem/gdm.dm_gen.dm/RAM_reg_0_15_12_17/RAMA_D1/CLK'. [E:/experiment/¸´µ©Î¢/Fast-BEV/Fastbev2.0_sa/part2_sa/part2_sa_v2.0/Vivado_Project/constrs/impl_constraints.xdc:1]
WARNING: [Vivado 12-508] No pins matched 'U0_ps_ai_wrap_demo/U0_ps_ai_peripheral/ZGolo/u_AI_Mate_top/U0_ddr2hp_itcn/u0_ar_cdc_fifo_ddr/u0_cdc_fifo_ar_64/U0/inst_fifo_gen/gconvfifo.rf/grf.rf/gntv_or_sync_fifo.mem/gdm.dm_gen.dm/RAM_reg_0_15_12_17/RAMB/CLK'. [E:/experiment/¸´µ©Î¢/Fast-BEV/Fastbev2.0_sa/part2_sa/part2_sa_v2.0/Vivado_Project/constrs/impl_constraints.xdc:1]
WARNING: [Vivado 12-508] No pins matched 'U0_ps_ai_wrap_demo/U0_ps_ai_peripheral/ZGolo/u_AI_Mate_top/U0_ddr2hp_itcn/u0_ar_cdc_fifo_ddr/u0_cdc_fifo_ar_64/U0/inst_fifo_gen/gconvfifo.rf/grf.rf/gntv_or_sync_fifo.mem/gdm.dm_gen.dm/RAM_reg_0_15_12_17/RAMB_D1/CLK'. [E:/experiment/¸´µ©Î¢/Fast-BEV/Fastbev2.0_sa/part2_sa/part2_sa_v2.0/Vivado_Project/constrs/impl_constraints.xdc:1]
WARNING: [Vivado 12-508] No pins matched 'U0_ps_ai_wrap_demo/U0_ps_ai_peripheral/ZGolo/u_AI_Mate_top/U0_ddr2hp_itcn/u0_ar_cdc_fifo_ddr/u0_cdc_fifo_ar_64/U0/inst_fifo_gen/gconvfifo.rf/grf.rf/gntv_or_sync_fifo.mem/gdm.dm_gen.dm/RAM_reg_0_15_12_17/RAMC/CLK'. [E:/experiment/¸´µ©Î¢/Fast-BEV/Fastbev2.0_sa/part2_sa/part2_sa_v2.0/Vivado_Project/constrs/impl_constraints.xdc:1]
WARNING: [Vivado 12-508] No pins matched 'U0_ps_ai_wrap_demo/U0_ps_ai_peripheral/ZGolo/u_AI_Mate_top/U0_ddr2hp_itcn/u0_ar_cdc_fifo_ddr/u0_cdc_fifo_ar_64/U0/inst_fifo_gen/gconvfifo.rf/grf.rf/gntv_or_sync_fifo.mem/gdm.dm_gen.dm/RAM_reg_0_15_12_17/RAMC_D1/CLK'. [E:/experiment/¸´µ©Î¢/Fast-BEV/Fastbev2.0_sa/part2_sa/part2_sa_v2.0/Vivado_Project/constrs/impl_constraints.xdc:1]
WARNING: [Vivado 12-508] No pins matched 'U0_ps_ai_wrap_demo/U0_ps_ai_peripheral/ZGolo/u_AI_Mate_top/U0_ddr2hp_itcn/u0_ar_cdc_fifo_ddr/u0_cdc_fifo_ar_64/U0/inst_fifo_gen/gconvfifo.rf/grf.rf/gntv_or_sync_fifo.mem/gdm.dm_gen.dm/RAM_reg_0_15_12_17/RAMD/CLK'. [E:/experiment/¸´µ©Î¢/Fast-BEV/Fastbev2.0_sa/part2_sa/part2_sa_v2.0/Vivado_Project/constrs/impl_constraints.xdc:1]
WARNING: [Vivado 12-508] No pins matched 'U0_ps_ai_wrap_demo/U0_ps_ai_peripheral/ZGolo/u_AI_Mate_top/U0_ddr2hp_itcn/u0_ar_cdc_fifo_ddr/u0_cdc_fifo_ar_64/U0/inst_fifo_gen/gconvfifo.rf/grf.rf/gntv_or_sync_fifo.mem/gdm.dm_gen.dm/RAM_reg_0_15_12_17/RAMD_D1/CLK'. [E:/experiment/¸´µ©Î¢/Fast-BEV/Fastbev2.0_sa/part2_sa/part2_sa_v2.0/Vivado_Project/constrs/impl_constraints.xdc:1]
WARNING: [Vivado 12-508] No pins matched 'U0_ps_ai_wrap_demo/U0_ps_ai_peripheral/ZGolo/u_AI_Mate_top/U0_ddr2hp_itcn/u0_ar_cdc_fifo_ddr/u0_cdc_fifo_ar_64/U0/inst_fifo_gen/gconvfifo.rf/grf.rf/gntv_or_sync_fifo.mem/gdm.dm_gen.dm/RAM_reg_0_15_18_23/RAMA/CLK'. [E:/experiment/¸´µ©Î¢/Fast-BEV/Fastbev2.0_sa/part2_sa/part2_sa_v2.0/Vivado_Project/constrs/impl_constraints.xdc:1]
WARNING: [Vivado 12-508] No pins matched 'U0_ps_ai_wrap_demo/U0_ps_ai_peripheral/ZGolo/u_AI_Mate_top/U0_ddr2hp_itcn/u0_ar_cdc_fifo_ddr/u0_cdc_fifo_ar_64/U0/inst_fifo_gen/gconvfifo.rf/grf.rf/gntv_or_sync_fifo.mem/gdm.dm_gen.dm/RAM_reg_0_15_18_23/RAMA_D1/CLK'. [E:/experiment/¸´µ©Î¢/Fast-BEV/Fastbev2.0_sa/part2_sa/part2_sa_v2.0/Vivado_Project/constrs/impl_constraints.xdc:1]
WARNING: [Vivado 12-508] No pins matched 'U0_ps_ai_wrap_demo/U0_ps_ai_peripheral/ZGolo/u_AI_Mate_top/U0_ddr2hp_itcn/u0_ar_cdc_fifo_ddr/u0_cdc_fifo_ar_64/U0/inst_fifo_gen/gconvfifo.rf/grf.rf/gntv_or_sync_fifo.mem/gdm.dm_gen.dm/RAM_reg_0_15_18_23/RAMB/CLK'. [E:/experiment/¸´µ©Î¢/Fast-BEV/Fastbev2.0_sa/part2_sa/part2_sa_v2.0/Vivado_Project/constrs/impl_constraints.xdc:1]
WARNING: [Vivado 12-508] No pins matched 'U0_ps_ai_wrap_demo/U0_ps_ai_peripheral/ZGolo/u_AI_Mate_top/U0_ddr2hp_itcn/u0_ar_cdc_fifo_ddr/u0_cdc_fifo_ar_64/U0/inst_fifo_gen/gconvfifo.rf/grf.rf/gntv_or_sync_fifo.mem/gdm.dm_gen.dm/RAM_reg_0_15_18_23/RAMB_D1/CLK'. [E:/experiment/¸´µ©Î¢/Fast-BEV/Fastbev2.0_sa/part2_sa/part2_sa_v2.0/Vivado_Project/constrs/impl_constraints.xdc:1]
WARNING: [Vivado 12-508] No pins matched 'U0_ps_ai_wrap_demo/U0_ps_ai_peripheral/ZGolo/u_AI_Mate_top/U0_ddr2hp_itcn/u0_ar_cdc_fifo_ddr/u0_cdc_fifo_ar_64/U0/inst_fifo_gen/gconvfifo.rf/grf.rf/gntv_or_sync_fifo.mem/gdm.dm_gen.dm/RAM_reg_0_15_18_23/RAMC/CLK'. [E:/experiment/¸´µ©Î¢/Fast-BEV/Fastbev2.0_sa/part2_sa/part2_sa_v2.0/Vivado_Project/constrs/impl_constraints.xdc:1]
WARNING: [Vivado 12-508] No pins matched 'U0_ps_ai_wrap_demo/U0_ps_ai_peripheral/ZGolo/u_AI_Mate_top/U0_ddr2hp_itcn/u0_ar_cdc_fifo_ddr/u0_cdc_fifo_ar_64/U0/inst_fifo_gen/gconvfifo.rf/grf.rf/gntv_or_sync_fifo.mem/gdm.dm_gen.dm/RAM_reg_0_15_18_23/RAMC_D1/CLK'. [E:/experiment/¸´µ©Î¢/Fast-BEV/Fastbev2.0_sa/part2_sa/part2_sa_v2.0/Vivado_Project/constrs/impl_constraints.xdc:1]
WARNING: [Vivado 12-508] No pins matched 'U0_ps_ai_wrap_demo/U0_ps_ai_peripheral/ZGolo/u_AI_Mate_top/U0_ddr2hp_itcn/u0_ar_cdc_fifo_ddr/u0_cdc_fifo_ar_64/U0/inst_fifo_gen/gconvfifo.rf/grf.rf/gntv_or_sync_fifo.mem/gdm.dm_gen.dm/RAM_reg_0_15_18_23/RAMD/CLK'. [E:/experiment/¸´µ©Î¢/Fast-BEV/Fastbev2.0_sa/part2_sa/part2_sa_v2.0/Vivado_Project/constrs/impl_constraints.xdc:1]
WARNING: [Vivado 12-508] No pins matched 'U0_ps_ai_wrap_demo/U0_ps_ai_peripheral/ZGolo/u_AI_Mate_top/U0_ddr2hp_itcn/u0_ar_cdc_fifo_ddr/u0_cdc_fifo_ar_64/U0/inst_fifo_gen/gconvfifo.rf/grf.rf/gntv_or_sync_fifo.mem/gdm.dm_gen.dm/RAM_reg_0_15_18_23/RAMD_D1/CLK'. [E:/experiment/¸´µ©Î¢/Fast-BEV/Fastbev2.0_sa/part2_sa/part2_sa_v2.0/Vivado_Project/constrs/impl_constraints.xdc:1]
WARNING: [Vivado 12-508] No pins matched 'U0_ps_ai_wrap_demo/U0_ps_ai_peripheral/ZGolo/u_AI_Mate_top/U0_ddr2hp_itcn/u0_ar_cdc_fifo_ddr/u0_cdc_fifo_ar_64/U0/inst_fifo_gen/gconvfifo.rf/grf.rf/gntv_or_sync_fifo.mem/gdm.dm_gen.dm/RAM_reg_0_15_24_29/RAMA/CLK'. [E:/experiment/¸´µ©Î¢/Fast-BEV/Fastbev2.0_sa/part2_sa/part2_sa_v2.0/Vivado_Project/constrs/impl_constraints.xdc:1]
WARNING: [Vivado 12-508] No pins matched 'U0_ps_ai_wrap_demo/U0_ps_ai_peripheral/ZGolo/u_AI_Mate_top/U0_ddr2hp_itcn/u0_ar_cdc_fifo_ddr/u0_cdc_fifo_ar_64/U0/inst_fifo_gen/gconvfifo.rf/grf.rf/gntv_or_sync_fifo.mem/gdm.dm_gen.dm/RAM_reg_0_15_24_29/RAMA_D1/CLK'. [E:/experiment/¸´µ©Î¢/Fast-BEV/Fastbev2.0_sa/part2_sa/part2_sa_v2.0/Vivado_Project/constrs/impl_constraints.xdc:1]
WARNING: [Vivado 12-508] No pins matched 'U0_ps_ai_wrap_demo/U0_ps_ai_peripheral/ZGolo/u_AI_Mate_top/U0_ddr2hp_itcn/u0_ar_cdc_fifo_ddr/u0_cdc_fifo_ar_64/U0/inst_fifo_gen/gconvfifo.rf/grf.rf/gntv_or_sync_fifo.mem/gdm.dm_gen.dm/RAM_reg_0_15_24_29/RAMB/CLK'. [E:/experiment/¸´µ©Î¢/Fast-BEV/Fastbev2.0_sa/part2_sa/part2_sa_v2.0/Vivado_Project/constrs/impl_constraints.xdc:1]
WARNING: [Vivado 12-508] No pins matched 'U0_ps_ai_wrap_demo/U0_ps_ai_peripheral/ZGolo/u_AI_Mate_top/U0_ddr2hp_itcn/u0_ar_cdc_fifo_ddr/u0_cdc_fifo_ar_64/U0/inst_fifo_gen/gconvfifo.rf/grf.rf/gntv_or_sync_fifo.mem/gdm.dm_gen.dm/RAM_reg_0_15_24_29/RAMB_D1/CLK'. [E:/experiment/¸´µ©Î¢/Fast-BEV/Fastbev2.0_sa/part2_sa/part2_sa_v2.0/Vivado_Project/constrs/impl_constraints.xdc:1]
WARNING: [Vivado 12-508] No pins matched 'U0_ps_ai_wrap_demo/U0_ps_ai_peripheral/ZGolo/u_AI_Mate_top/U0_ddr2hp_itcn/u0_ar_cdc_fifo_ddr/u0_cdc_fifo_ar_64/U0/inst_fifo_gen/gconvfifo.rf/grf.rf/gntv_or_sync_fifo.mem/gdm.dm_gen.dm/RAM_reg_0_15_24_29/RAMC/CLK'. [E:/experiment/¸´µ©Î¢/Fast-BEV/Fastbev2.0_sa/part2_sa/part2_sa_v2.0/Vivado_Project/constrs/impl_constraints.xdc:1]
WARNING: [Vivado 12-508] No pins matched 'U0_ps_ai_wrap_demo/U0_ps_ai_peripheral/ZGolo/u_AI_Mate_top/U0_ddr2hp_itcn/u0_ar_cdc_fifo_ddr/u0_cdc_fifo_ar_64/U0/inst_fifo_gen/gconvfifo.rf/grf.rf/gntv_or_sync_fifo.mem/gdm.dm_gen.dm/RAM_reg_0_15_24_29/RAMC_D1/CLK'. [E:/experiment/¸´µ©Î¢/Fast-BEV/Fastbev2.0_sa/part2_sa/part2_sa_v2.0/Vivado_Project/constrs/impl_constraints.xdc:1]
WARNING: [Vivado 12-508] No pins matched 'U0_ps_ai_wrap_demo/U0_ps_ai_peripheral/ZGolo/u_AI_Mate_top/U0_ddr2hp_itcn/u0_ar_cdc_fifo_ddr/u0_cdc_fifo_ar_64/U0/inst_fifo_gen/gconvfifo.rf/grf.rf/gntv_or_sync_fifo.mem/gdm.dm_gen.dm/RAM_reg_0_15_24_29/RAMD/CLK'. [E:/experiment/¸´µ©Î¢/Fast-BEV/Fastbev2.0_sa/part2_sa/part2_sa_v2.0/Vivado_Project/constrs/impl_constraints.xdc:1]
WARNING: [Vivado 12-508] No pins matched 'U0_ps_ai_wrap_demo/U0_ps_ai_peripheral/ZGolo/u_AI_Mate_top/U0_ddr2hp_itcn/u0_ar_cdc_fifo_ddr/u0_cdc_fifo_ar_64/U0/inst_fifo_gen/gconvfifo.rf/grf.rf/gntv_or_sync_fifo.mem/gdm.dm_gen.dm/RAM_reg_0_15_24_29/RAMD_D1/CLK'. [E:/experiment/¸´µ©Î¢/Fast-BEV/Fastbev2.0_sa/part2_sa/part2_sa_v2.0/Vivado_Project/constrs/impl_constraints.xdc:1]
WARNING: [Vivado 12-508] No pins matched 'U0_ps_ai_wrap_demo/U0_ps_ai_peripheral/ZGolo/u_AI_Mate_top/U0_ddr2hp_itcn/u0_ar_cdc_fifo_ddr/u0_cdc_fifo_ar_64/U0/inst_fifo_gen/gconvfifo.rf/grf.rf/gntv_or_sync_fifo.mem/gdm.dm_gen.dm/RAM_reg_0_15_30_35/RAMA/CLK'. [E:/experiment/¸´µ©Î¢/Fast-BEV/Fastbev2.0_sa/part2_sa/part2_sa_v2.0/Vivado_Project/constrs/impl_constraints.xdc:1]
WARNING: [Vivado 12-508] No pins matched 'U0_ps_ai_wrap_demo/U0_ps_ai_peripheral/ZGolo/u_AI_Mate_top/U0_ddr2hp_itcn/u0_ar_cdc_fifo_ddr/u0_cdc_fifo_ar_64/U0/inst_fifo_gen/gconvfifo.rf/grf.rf/gntv_or_sync_fifo.mem/gdm.dm_gen.dm/RAM_reg_0_15_30_35/RAMA_D1/CLK'. [E:/experiment/¸´µ©Î¢/Fast-BEV/Fastbev2.0_sa/part2_sa/part2_sa_v2.0/Vivado_Project/constrs/impl_constraints.xdc:1]
WARNING: [Vivado 12-508] No pins matched 'U0_ps_ai_wrap_demo/U0_ps_ai_peripheral/ZGolo/u_AI_Mate_top/U0_ddr2hp_itcn/u0_ar_cdc_fifo_ddr/u0_cdc_fifo_ar_64/U0/inst_fifo_gen/gconvfifo.rf/grf.rf/gntv_or_sync_fifo.mem/gdm.dm_gen.dm/RAM_reg_0_15_30_35/RAMB/CLK'. [E:/experiment/¸´µ©Î¢/Fast-BEV/Fastbev2.0_sa/part2_sa/part2_sa_v2.0/Vivado_Project/constrs/impl_constraints.xdc:1]
WARNING: [Vivado 12-508] No pins matched 'U0_ps_ai_wrap_demo/U0_ps_ai_peripheral/ZGolo/u_AI_Mate_top/U0_ddr2hp_itcn/u0_ar_cdc_fifo_ddr/u0_cdc_fifo_ar_64/U0/inst_fifo_gen/gconvfifo.rf/grf.rf/gntv_or_sync_fifo.mem/gdm.dm_gen.dm/RAM_reg_0_15_30_35/RAMB_D1/CLK'. [E:/experiment/¸´µ©Î¢/Fast-BEV/Fastbev2.0_sa/part2_sa/part2_sa_v2.0/Vivado_Project/constrs/impl_constraints.xdc:1]
WARNING: [Vivado 12-508] No pins matched 'U0_ps_ai_wrap_demo/U0_ps_ai_peripheral/ZGolo/u_AI_Mate_top/U0_ddr2hp_itcn/u0_ar_cdc_fifo_ddr/u0_cdc_fifo_ar_64/U0/inst_fifo_gen/gconvfifo.rf/grf.rf/gntv_or_sync_fifo.mem/gdm.dm_gen.dm/RAM_reg_0_15_30_35/RAMC/CLK'. [E:/experiment/¸´µ©Î¢/Fast-BEV/Fastbev2.0_sa/part2_sa/part2_sa_v2.0/Vivado_Project/constrs/impl_constraints.xdc:1]
WARNING: [Vivado 12-508] No pins matched 'U0_ps_ai_wrap_demo/U0_ps_ai_peripheral/ZGolo/u_AI_Mate_top/U0_ddr2hp_itcn/u0_ar_cdc_fifo_ddr/u0_cdc_fifo_ar_64/U0/inst_fifo_gen/gconvfifo.rf/grf.rf/gntv_or_sync_fifo.mem/gdm.dm_gen.dm/RAM_reg_0_15_30_35/RAMC_D1/CLK'. [E:/experiment/¸´µ©Î¢/Fast-BEV/Fastbev2.0_sa/part2_sa/part2_sa_v2.0/Vivado_Project/constrs/impl_constraints.xdc:1]
WARNING: [Vivado 12-508] No pins matched 'U0_ps_ai_wrap_demo/U0_ps_ai_peripheral/ZGolo/u_AI_Mate_top/U0_ddr2hp_itcn/u0_ar_cdc_fifo_ddr/u0_cdc_fifo_ar_64/U0/inst_fifo_gen/gconvfifo.rf/grf.rf/gntv_or_sync_fifo.mem/gdm.dm_gen.dm/RAM_reg_0_15_30_35/RAMD/CLK'. [E:/experiment/¸´µ©Î¢/Fast-BEV/Fastbev2.0_sa/part2_sa/part2_sa_v2.0/Vivado_Project/constrs/impl_constraints.xdc:1]
WARNING: [Vivado 12-508] No pins matched 'U0_ps_ai_wrap_demo/U0_ps_ai_peripheral/ZGolo/u_AI_Mate_top/U0_ddr2hp_itcn/u0_ar_cdc_fifo_ddr/u0_cdc_fifo_ar_64/U0/inst_fifo_gen/gconvfifo.rf/grf.rf/gntv_or_sync_fifo.mem/gdm.dm_gen.dm/RAM_reg_0_15_30_35/RAMD_D1/CLK'. [E:/experiment/¸´µ©Î¢/Fast-BEV/Fastbev2.0_sa/part2_sa/part2_sa_v2.0/Vivado_Project/constrs/impl_constraints.xdc:1]
WARNING: [Vivado 12-508] No pins matched 'U0_ps_ai_wrap_demo/U0_ps_ai_peripheral/ZGolo/u_AI_Mate_top/U0_ddr2hp_itcn/u0_ar_cdc_fifo_ddr/u0_cdc_fifo_ar_64/U0/inst_fifo_gen/gconvfifo.rf/grf.rf/gntv_or_sync_fifo.mem/gdm.dm_gen.dm/RAM_reg_0_15_36_41/RAMA/CLK'. [E:/experiment/¸´µ©Î¢/Fast-BEV/Fastbev2.0_sa/part2_sa/part2_sa_v2.0/Vivado_Project/constrs/impl_constraints.xdc:1]
WARNING: [Vivado 12-508] No pins matched 'U0_ps_ai_wrap_demo/U0_ps_ai_peripheral/ZGolo/u_AI_Mate_top/U0_ddr2hp_itcn/u0_ar_cdc_fifo_ddr/u0_cdc_fifo_ar_64/U0/inst_fifo_gen/gconvfifo.rf/grf.rf/gntv_or_sync_fifo.mem/gdm.dm_gen.dm/RAM_reg_0_15_36_41/RAMA_D1/CLK'. [E:/experiment/¸´µ©Î¢/Fast-BEV/Fastbev2.0_sa/part2_sa/part2_sa_v2.0/Vivado_Project/constrs/impl_constraints.xdc:1]
WARNING: [Vivado 12-508] No pins matched 'U0_ps_ai_wrap_demo/U0_ps_ai_peripheral/ZGolo/u_AI_Mate_top/U0_ddr2hp_itcn/u0_ar_cdc_fifo_ddr/u0_cdc_fifo_ar_64/U0/inst_fifo_gen/gconvfifo.rf/grf.rf/gntv_or_sync_fifo.mem/gdm.dm_gen.dm/RAM_reg_0_15_36_41/RAMB/CLK'. [E:/experiment/¸´µ©Î¢/Fast-BEV/Fastbev2.0_sa/part2_sa/part2_sa_v2.0/Vivado_Project/constrs/impl_constraints.xdc:1]
WARNING: [Vivado 12-508] No pins matched 'U0_ps_ai_wrap_demo/U0_ps_ai_peripheral/ZGolo/u_AI_Mate_top/U0_ddr2hp_itcn/u0_ar_cdc_fifo_ddr/u0_cdc_fifo_ar_64/U0/inst_fifo_gen/gconvfifo.rf/grf.rf/gntv_or_sync_fifo.mem/gdm.dm_gen.dm/RAM_reg_0_15_36_41/RAMB_D1/CLK'. [E:/experiment/¸´µ©Î¢/Fast-BEV/Fastbev2.0_sa/part2_sa/part2_sa_v2.0/Vivado_Project/constrs/impl_constraints.xdc:1]
WARNING: [Vivado 12-508] No pins matched 'U0_ps_ai_wrap_demo/U0_ps_ai_peripheral/ZGolo/u_AI_Mate_top/U0_ddr2hp_itcn/u0_ar_cdc_fifo_ddr/u0_cdc_fifo_ar_64/U0/inst_fifo_gen/gconvfifo.rf/grf.rf/gntv_or_sync_fifo.mem/gdm.dm_gen.dm/RAM_reg_0_15_36_41/RAMC/CLK'. [E:/experiment/¸´µ©Î¢/Fast-BEV/Fastbev2.0_sa/part2_sa/part2_sa_v2.0/Vivado_Project/constrs/impl_constraints.xdc:1]
WARNING: [Vivado 12-508] No pins matched 'U0_ps_ai_wrap_demo/U0_ps_ai_peripheral/ZGolo/u_AI_Mate_top/U0_ddr2hp_itcn/u0_ar_cdc_fifo_ddr/u0_cdc_fifo_ar_64/U0/inst_fifo_gen/gconvfifo.rf/grf.rf/gntv_or_sync_fifo.mem/gdm.dm_gen.dm/RAM_reg_0_15_36_41/RAMC_D1/CLK'. [E:/experiment/¸´µ©Î¢/Fast-BEV/Fastbev2.0_sa/part2_sa/part2_sa_v2.0/Vivado_Project/constrs/impl_constraints.xdc:1]
WARNING: [Vivado 12-508] No pins matched 'U0_ps_ai_wrap_demo/U0_ps_ai_peripheral/ZGolo/u_AI_Mate_top/U0_ddr2hp_itcn/u0_ar_cdc_fifo_ddr/u0_cdc_fifo_ar_64/U0/inst_fifo_gen/gconvfifo.rf/grf.rf/gntv_or_sync_fifo.mem/gdm.dm_gen.dm/RAM_reg_0_15_36_41/RAMD/CLK'. [E:/experiment/¸´µ©Î¢/Fast-BEV/Fastbev2.0_sa/part2_sa/part2_sa_v2.0/Vivado_Project/constrs/impl_constraints.xdc:1]
WARNING: [Vivado 12-508] No pins matched 'U0_ps_ai_wrap_demo/U0_ps_ai_peripheral/ZGolo/u_AI_Mate_top/U0_ddr2hp_itcn/u0_ar_cdc_fifo_ddr/u0_cdc_fifo_ar_64/U0/inst_fifo_gen/gconvfifo.rf/grf.rf/gntv_or_sync_fifo.mem/gdm.dm_gen.dm/RAM_reg_0_15_36_41/RAMD_D1/CLK'. [E:/experiment/¸´µ©Î¢/Fast-BEV/Fastbev2.0_sa/part2_sa/part2_sa_v2.0/Vivado_Project/constrs/impl_constraints.xdc:1]
WARNING: [Vivado 12-508] No pins matched 'U0_ps_ai_wrap_demo/U0_ps_ai_peripheral/ZGolo/u_AI_Mate_top/U0_ddr2hp_itcn/u0_ar_cdc_fifo_ddr/u0_cdc_fifo_ar_64/U0/inst_fifo_gen/gconvfifo.rf/grf.rf/gntv_or_sync_fifo.mem/gdm.dm_gen.dm/RAM_reg_0_15_42_47/RAMA/CLK'. [E:/experiment/¸´µ©Î¢/Fast-BEV/Fastbev2.0_sa/part2_sa/part2_sa_v2.0/Vivado_Project/constrs/impl_constraints.xdc:1]
WARNING: [Vivado 12-508] No pins matched 'U0_ps_ai_wrap_demo/U0_ps_ai_peripheral/ZGolo/u_AI_Mate_top/U0_ddr2hp_itcn/u0_ar_cdc_fifo_ddr/u0_cdc_fifo_ar_64/U0/inst_fifo_gen/gconvfifo.rf/grf.rf/gntv_or_sync_fifo.mem/gdm.dm_gen.dm/RAM_reg_0_15_42_47/RAMA_D1/CLK'. [E:/experiment/¸´µ©Î¢/Fast-BEV/Fastbev2.0_sa/part2_sa/part2_sa_v2.0/Vivado_Project/constrs/impl_constraints.xdc:1]
WARNING: [Vivado 12-508] No pins matched 'U0_ps_ai_wrap_demo/U0_ps_ai_peripheral/ZGolo/u_AI_Mate_top/U0_ddr2hp_itcn/u0_ar_cdc_fifo_ddr/u0_cdc_fifo_ar_64/U0/inst_fifo_gen/gconvfifo.rf/grf.rf/gntv_or_sync_fifo.mem/gdm.dm_gen.dm/RAM_reg_0_15_42_47/RAMB/CLK'. [E:/experiment/¸´µ©Î¢/Fast-BEV/Fastbev2.0_sa/part2_sa/part2_sa_v2.0/Vivado_Project/constrs/impl_constraints.xdc:1]
WARNING: [Vivado 12-508] No pins matched 'U0_ps_ai_wrap_demo/U0_ps_ai_peripheral/ZGolo/u_AI_Mate_top/U0_ddr2hp_itcn/u0_ar_cdc_fifo_ddr/u0_cdc_fifo_ar_64/U0/inst_fifo_gen/gconvfifo.rf/grf.rf/gntv_or_sync_fifo.mem/gdm.dm_gen.dm/RAM_reg_0_15_42_47/RAMB_D1/CLK'. [E:/experiment/¸´µ©Î¢/Fast-BEV/Fastbev2.0_sa/part2_sa/part2_sa_v2.0/Vivado_Project/constrs/impl_constraints.xdc:1]
WARNING: [Vivado 12-508] No pins matched 'U0_ps_ai_wrap_demo/U0_ps_ai_peripheral/ZGolo/u_AI_Mate_top/U0_ddr2hp_itcn/u0_ar_cdc_fifo_ddr/u0_cdc_fifo_ar_64/U0/inst_fifo_gen/gconvfifo.rf/grf.rf/gntv_or_sync_fifo.mem/gdm.dm_gen.dm/RAM_reg_0_15_42_47/RAMC/CLK'. [E:/experiment/¸´µ©Î¢/Fast-BEV/Fastbev2.0_sa/part2_sa/part2_sa_v2.0/Vivado_Project/constrs/impl_constraints.xdc:1]
WARNING: [Vivado 12-508] No pins matched 'U0_ps_ai_wrap_demo/U0_ps_ai_peripheral/ZGolo/u_AI_Mate_top/U0_ddr2hp_itcn/u0_ar_cdc_fifo_ddr/u0_cdc_fifo_ar_64/U0/inst_fifo_gen/gconvfifo.rf/grf.rf/gntv_or_sync_fifo.mem/gdm.dm_gen.dm/RAM_reg_0_15_42_47/RAMC_D1/CLK'. [E:/experiment/¸´µ©Î¢/Fast-BEV/Fastbev2.0_sa/part2_sa/part2_sa_v2.0/Vivado_Project/constrs/impl_constraints.xdc:1]
WARNING: [Vivado 12-508] No pins matched 'U0_ps_ai_wrap_demo/U0_ps_ai_peripheral/ZGolo/u_AI_Mate_top/U0_ddr2hp_itcn/u0_ar_cdc_fifo_ddr/u0_cdc_fifo_ar_64/U0/inst_fifo_gen/gconvfifo.rf/grf.rf/gntv_or_sync_fifo.mem/gdm.dm_gen.dm/RAM_reg_0_15_42_47/RAMD/CLK'. [E:/experiment/¸´µ©Î¢/Fast-BEV/Fastbev2.0_sa/part2_sa/part2_sa_v2.0/Vivado_Project/constrs/impl_constraints.xdc:1]
WARNING: [Vivado 12-508] No pins matched 'U0_ps_ai_wrap_demo/U0_ps_ai_peripheral/ZGolo/u_AI_Mate_top/U0_ddr2hp_itcn/u0_ar_cdc_fifo_ddr/u0_cdc_fifo_ar_64/U0/inst_fifo_gen/gconvfifo.rf/grf.rf/gntv_or_sync_fifo.mem/gdm.dm_gen.dm/RAM_reg_0_15_42_47/RAMD_D1/CLK'. [E:/experiment/¸´µ©Î¢/Fast-BEV/Fastbev2.0_sa/part2_sa/part2_sa_v2.0/Vivado_Project/constrs/impl_constraints.xdc:1]
WARNING: [Vivado 12-508] No pins matched 'U0_ps_ai_wrap_demo/U0_ps_ai_peripheral/ZGolo/u_AI_Mate_top/U0_ddr2hp_itcn/u0_ar_cdc_fifo_ddr/u0_cdc_fifo_ar_64/U0/inst_fifo_gen/gconvfifo.rf/grf.rf/gntv_or_sync_fifo.mem/gdm.dm_gen.dm/RAM_reg_0_15_48_53/RAMA/CLK'. [E:/experiment/¸´µ©Î¢/Fast-BEV/Fastbev2.0_sa/part2_sa/part2_sa_v2.0/Vivado_Project/constrs/impl_constraints.xdc:1]
WARNING: [Vivado 12-508] No pins matched 'U0_ps_ai_wrap_demo/U0_ps_ai_peripheral/ZGolo/u_AI_Mate_top/U0_ddr2hp_itcn/u0_ar_cdc_fifo_ddr/u0_cdc_fifo_ar_64/U0/inst_fifo_gen/gconvfifo.rf/grf.rf/gntv_or_sync_fifo.mem/gdm.dm_gen.dm/RAM_reg_0_15_48_53/RAMA_D1/CLK'. [E:/experiment/¸´µ©Î¢/Fast-BEV/Fastbev2.0_sa/part2_sa/part2_sa_v2.0/Vivado_Project/constrs/impl_constraints.xdc:1]
WARNING: [Vivado 12-508] No pins matched 'U0_ps_ai_wrap_demo/U0_ps_ai_peripheral/ZGolo/u_AI_Mate_top/U0_ddr2hp_itcn/u0_ar_cdc_fifo_ddr/u0_cdc_fifo_ar_64/U0/inst_fifo_gen/gconvfifo.rf/grf.rf/gntv_or_sync_fifo.mem/gdm.dm_gen.dm/RAM_reg_0_15_48_53/RAMB/CLK'. [E:/experiment/¸´µ©Î¢/Fast-BEV/Fastbev2.0_sa/part2_sa/part2_sa_v2.0/Vivado_Project/constrs/impl_constraints.xdc:1]
WARNING: [Vivado 12-508] No pins matched 'U0_ps_ai_wrap_demo/U0_ps_ai_peripheral/ZGolo/u_AI_Mate_top/U0_ddr2hp_itcn/u0_ar_cdc_fifo_ddr/u0_cdc_fifo_ar_64/U0/inst_fifo_gen/gconvfifo.rf/grf.rf/gntv_or_sync_fifo.mem/gdm.dm_gen.dm/RAM_reg_0_15_48_53/RAMB_D1/CLK'. [E:/experiment/¸´µ©Î¢/Fast-BEV/Fastbev2.0_sa/part2_sa/part2_sa_v2.0/Vivado_Project/constrs/impl_constraints.xdc:1]
WARNING: [Vivado 12-508] No pins matched 'U0_ps_ai_wrap_demo/U0_ps_ai_peripheral/ZGolo/u_AI_Mate_top/U0_ddr2hp_itcn/u0_ar_cdc_fifo_ddr/u0_cdc_fifo_ar_64/U0/inst_fifo_gen/gconvfifo.rf/grf.rf/gntv_or_sync_fifo.mem/gdm.dm_gen.dm/RAM_reg_0_15_48_53/RAMC/CLK'. [E:/experiment/¸´µ©Î¢/Fast-BEV/Fastbev2.0_sa/part2_sa/part2_sa_v2.0/Vivado_Project/constrs/impl_constraints.xdc:1]
WARNING: [Vivado 12-508] No pins matched 'U0_ps_ai_wrap_demo/U0_ps_ai_peripheral/ZGolo/u_AI_Mate_top/U0_ddr2hp_itcn/u0_ar_cdc_fifo_ddr/u0_cdc_fifo_ar_64/U0/inst_fifo_gen/gconvfifo.rf/grf.rf/gntv_or_sync_fifo.mem/gdm.dm_gen.dm/RAM_reg_0_15_48_53/RAMC_D1/CLK'. [E:/experiment/¸´µ©Î¢/Fast-BEV/Fastbev2.0_sa/part2_sa/part2_sa_v2.0/Vivado_Project/constrs/impl_constraints.xdc:1]
WARNING: [Vivado 12-508] No pins matched 'U0_ps_ai_wrap_demo/U0_ps_ai_peripheral/ZGolo/u_AI_Mate_top/U0_ddr2hp_itcn/u0_ar_cdc_fifo_ddr/u0_cdc_fifo_ar_64/U0/inst_fifo_gen/gconvfifo.rf/grf.rf/gntv_or_sync_fifo.mem/gdm.dm_gen.dm/RAM_reg_0_15_48_53/RAMD/CLK'. [E:/experiment/¸´µ©Î¢/Fast-BEV/Fastbev2.0_sa/part2_sa/part2_sa_v2.0/Vivado_Project/constrs/impl_constraints.xdc:1]
WARNING: [Vivado 12-508] No pins matched 'U0_ps_ai_wrap_demo/U0_ps_ai_peripheral/ZGolo/u_AI_Mate_top/U0_ddr2hp_itcn/u0_ar_cdc_fifo_ddr/u0_cdc_fifo_ar_64/U0/inst_fifo_gen/gconvfifo.rf/grf.rf/gntv_or_sync_fifo.mem/gdm.dm_gen.dm/RAM_reg_0_15_48_53/RAMD_D1/CLK'. [E:/experiment/¸´µ©Î¢/Fast-BEV/Fastbev2.0_sa/part2_sa/part2_sa_v2.0/Vivado_Project/constrs/impl_constraints.xdc:1]
WARNING: [Vivado 12-508] No pins matched 'U0_ps_ai_wrap_demo/U0_ps_ai_peripheral/ZGolo/u_AI_Mate_top/U0_ddr2hp_itcn/u0_ar_cdc_fifo_ddr/u0_cdc_fifo_ar_64/U0/inst_fifo_gen/gconvfifo.rf/grf.rf/gntv_or_sync_fifo.mem/gdm.dm_gen.dm/RAM_reg_0_15_54_59/RAMA/CLK'. [E:/experiment/¸´µ©Î¢/Fast-BEV/Fastbev2.0_sa/part2_sa/part2_sa_v2.0/Vivado_Project/constrs/impl_constraints.xdc:1]
INFO: [Common 17-14] Message 'Vivado 12-508' appears 100 times and further instances of the messages will be disabled. Use the Tcl command set_msg_config to change the current settings. [E:/experiment/¸´µ©Î¢/Fast-BEV/Fastbev2.0_sa/part2_sa/part2_sa_v2.0/Vivado_Project/constrs/impl_constraints.xdc:1]
WARNING: [Vivado 12-180] No cells matched 'U0_ps_ai_wrap_demo/U0_ps_ai_peripheral/ZGolo/u_AI_Mate_top/U0_ddr2hp_itcn/u0_ar_cdc_fifo_ddr/u0_cdc_fifo_ar_64/U0/inst_fifo_gen/gconvfifo.rf/grf.rf/gntv_or_sync_fifo.mem/gdm.dm_gen.dm/gpr1.dout_i_reg[0]'. [E:/experiment/¸´µ©Î¢/Fast-BEV/Fastbev2.0_sa/part2_sa/part2_sa_v2.0/Vivado_Project/constrs/impl_constraints.xdc:1]
WARNING: [Vivado 12-180] No cells matched 'U0_ps_ai_wrap_demo/U0_ps_ai_peripheral/ZGolo/u_AI_Mate_top/U0_ddr2hp_itcn/u0_ar_cdc_fifo_ddr/u0_cdc_fifo_ar_64/U0/inst_fifo_gen/gconvfifo.rf/grf.rf/gntv_or_sync_fifo.mem/gdm.dm_gen.dm/gpr1.dout_i_reg[10]'. [E:/experiment/¸´µ©Î¢/Fast-BEV/Fastbev2.0_sa/part2_sa/part2_sa_v2.0/Vivado_Project/constrs/impl_constraints.xdc:1]
WARNING: [Vivado 12-180] No cells matched 'U0_ps_ai_wrap_demo/U0_ps_ai_peripheral/ZGolo/u_AI_Mate_top/U0_ddr2hp_itcn/u0_ar_cdc_fifo_ddr/u0_cdc_fifo_ar_64/U0/inst_fifo_gen/gconvfifo.rf/grf.rf/gntv_or_sync_fifo.mem/gdm.dm_gen.dm/gpr1.dout_i_reg[11]'. [E:/experiment/¸´µ©Î¢/Fast-BEV/Fastbev2.0_sa/part2_sa/part2_sa_v2.0/Vivado_Project/constrs/impl_constraints.xdc:1]
WARNING: [Vivado 12-180] No cells matched 'U0_ps_ai_wrap_demo/U0_ps_ai_peripheral/ZGolo/u_AI_Mate_top/U0_ddr2hp_itcn/u0_ar_cdc_fifo_ddr/u0_cdc_fifo_ar_64/U0/inst_fifo_gen/gconvfifo.rf/grf.rf/gntv_or_sync_fifo.mem/gdm.dm_gen.dm/gpr1.dout_i_reg[12]'. [E:/experiment/¸´µ©Î¢/Fast-BEV/Fastbev2.0_sa/part2_sa/part2_sa_v2.0/Vivado_Project/constrs/impl_constraints.xdc:1]
WARNING: [Vivado 12-180] No cells matched 'U0_ps_ai_wrap_demo/U0_ps_ai_peripheral/ZGolo/u_AI_Mate_top/U0_ddr2hp_itcn/u0_ar_cdc_fifo_ddr/u0_cdc_fifo_ar_64/U0/inst_fifo_gen/gconvfifo.rf/grf.rf/gntv_or_sync_fifo.mem/gdm.dm_gen.dm/gpr1.dout_i_reg[13]'. [E:/experiment/¸´µ©Î¢/Fast-BEV/Fastbev2.0_sa/part2_sa/part2_sa_v2.0/Vivado_Project/constrs/impl_constraints.xdc:1]
WARNING: [Vivado 12-180] No cells matched 'U0_ps_ai_wrap_demo/U0_ps_ai_peripheral/ZGolo/u_AI_Mate_top/U0_ddr2hp_itcn/u0_ar_cdc_fifo_ddr/u0_cdc_fifo_ar_64/U0/inst_fifo_gen/gconvfifo.rf/grf.rf/gntv_or_sync_fifo.mem/gdm.dm_gen.dm/gpr1.dout_i_reg[14]'. [E:/experiment/¸´µ©Î¢/Fast-BEV/Fastbev2.0_sa/part2_sa/part2_sa_v2.0/Vivado_Project/constrs/impl_constraints.xdc:1]
WARNING: [Vivado 12-180] No cells matched 'U0_ps_ai_wrap_demo/U0_ps_ai_peripheral/ZGolo/u_AI_Mate_top/U0_ddr2hp_itcn/u0_ar_cdc_fifo_ddr/u0_cdc_fifo_ar_64/U0/inst_fifo_gen/gconvfifo.rf/grf.rf/gntv_or_sync_fifo.mem/gdm.dm_gen.dm/gpr1.dout_i_reg[15]'. [E:/experiment/¸´µ©Î¢/Fast-BEV/Fastbev2.0_sa/part2_sa/part2_sa_v2.0/Vivado_Project/constrs/impl_constraints.xdc:1]
WARNING: [Vivado 12-180] No cells matched 'U0_ps_ai_wrap_demo/U0_ps_ai_peripheral/ZGolo/u_AI_Mate_top/U0_ddr2hp_itcn/u0_ar_cdc_fifo_ddr/u0_cdc_fifo_ar_64/U0/inst_fifo_gen/gconvfifo.rf/grf.rf/gntv_or_sync_fifo.mem/gdm.dm_gen.dm/gpr1.dout_i_reg[16]'. [E:/experiment/¸´µ©Î¢/Fast-BEV/Fastbev2.0_sa/part2_sa/part2_sa_v2.0/Vivado_Project/constrs/impl_constraints.xdc:1]
WARNING: [Vivado 12-180] No cells matched 'U0_ps_ai_wrap_demo/U0_ps_ai_peripheral/ZGolo/u_AI_Mate_top/U0_ddr2hp_itcn/u0_ar_cdc_fifo_ddr/u0_cdc_fifo_ar_64/U0/inst_fifo_gen/gconvfifo.rf/grf.rf/gntv_or_sync_fifo.mem/gdm.dm_gen.dm/gpr1.dout_i_reg[17]'. [E:/experiment/¸´µ©Î¢/Fast-BEV/Fastbev2.0_sa/part2_sa/part2_sa_v2.0/Vivado_Project/constrs/impl_constraints.xdc:1]
WARNING: [Vivado 12-180] No cells matched 'U0_ps_ai_wrap_demo/U0_ps_ai_peripheral/ZGolo/u_AI_Mate_top/U0_ddr2hp_itcn/u0_ar_cdc_fifo_ddr/u0_cdc_fifo_ar_64/U0/inst_fifo_gen/gconvfifo.rf/grf.rf/gntv_or_sync_fifo.mem/gdm.dm_gen.dm/gpr1.dout_i_reg[18]'. [E:/experiment/¸´µ©Î¢/Fast-BEV/Fastbev2.0_sa/part2_sa/part2_sa_v2.0/Vivado_Project/constrs/impl_constraints.xdc:1]
WARNING: [Vivado 12-180] No cells matched 'U0_ps_ai_wrap_demo/U0_ps_ai_peripheral/ZGolo/u_AI_Mate_top/U0_ddr2hp_itcn/u0_ar_cdc_fifo_ddr/u0_cdc_fifo_ar_64/U0/inst_fifo_gen/gconvfifo.rf/grf.rf/gntv_or_sync_fifo.mem/gdm.dm_gen.dm/gpr1.dout_i_reg[19]'. [E:/experiment/¸´µ©Î¢/Fast-BEV/Fastbev2.0_sa/part2_sa/part2_sa_v2.0/Vivado_Project/constrs/impl_constraints.xdc:1]
WARNING: [Vivado 12-180] No cells matched 'U0_ps_ai_wrap_demo/U0_ps_ai_peripheral/ZGolo/u_AI_Mate_top/U0_ddr2hp_itcn/u0_ar_cdc_fifo_ddr/u0_cdc_fifo_ar_64/U0/inst_fifo_gen/gconvfifo.rf/grf.rf/gntv_or_sync_fifo.mem/gdm.dm_gen.dm/gpr1.dout_i_reg[1]'. [E:/experiment/¸´µ©Î¢/Fast-BEV/Fastbev2.0_sa/part2_sa/part2_sa_v2.0/Vivado_Project/constrs/impl_constraints.xdc:1]
WARNING: [Vivado 12-180] No cells matched 'U0_ps_ai_wrap_demo/U0_ps_ai_peripheral/ZGolo/u_AI_Mate_top/U0_ddr2hp_itcn/u0_ar_cdc_fifo_ddr/u0_cdc_fifo_ar_64/U0/inst_fifo_gen/gconvfifo.rf/grf.rf/gntv_or_sync_fifo.mem/gdm.dm_gen.dm/gpr1.dout_i_reg[20]'. [E:/experiment/¸´µ©Î¢/Fast-BEV/Fastbev2.0_sa/part2_sa/part2_sa_v2.0/Vivado_Project/constrs/impl_constraints.xdc:1]
WARNING: [Vivado 12-180] No cells matched 'U0_ps_ai_wrap_demo/U0_ps_ai_peripheral/ZGolo/u_AI_Mate_top/U0_ddr2hp_itcn/u0_ar_cdc_fifo_ddr/u0_cdc_fifo_ar_64/U0/inst_fifo_gen/gconvfifo.rf/grf.rf/gntv_or_sync_fifo.mem/gdm.dm_gen.dm/gpr1.dout_i_reg[21]'. [E:/experiment/¸´µ©Î¢/Fast-BEV/Fastbev2.0_sa/part2_sa/part2_sa_v2.0/Vivado_Project/constrs/impl_constraints.xdc:1]
WARNING: [Vivado 12-180] No cells matched 'U0_ps_ai_wrap_demo/U0_ps_ai_peripheral/ZGolo/u_AI_Mate_top/U0_ddr2hp_itcn/u0_ar_cdc_fifo_ddr/u0_cdc_fifo_ar_64/U0/inst_fifo_gen/gconvfifo.rf/grf.rf/gntv_or_sync_fifo.mem/gdm.dm_gen.dm/gpr1.dout_i_reg[22]'. [E:/experiment/¸´µ©Î¢/Fast-BEV/Fastbev2.0_sa/part2_sa/part2_sa_v2.0/Vivado_Project/constrs/impl_constraints.xdc:1]
WARNING: [Vivado 12-180] No cells matched 'U0_ps_ai_wrap_demo/U0_ps_ai_peripheral/ZGolo/u_AI_Mate_top/U0_ddr2hp_itcn/u0_ar_cdc_fifo_ddr/u0_cdc_fifo_ar_64/U0/inst_fifo_gen/gconvfifo.rf/grf.rf/gntv_or_sync_fifo.mem/gdm.dm_gen.dm/gpr1.dout_i_reg[23]'. [E:/experiment/¸´µ©Î¢/Fast-BEV/Fastbev2.0_sa/part2_sa/part2_sa_v2.0/Vivado_Project/constrs/impl_constraints.xdc:1]
WARNING: [Vivado 12-180] No cells matched 'U0_ps_ai_wrap_demo/U0_ps_ai_peripheral/ZGolo/u_AI_Mate_top/U0_ddr2hp_itcn/u0_ar_cdc_fifo_ddr/u0_cdc_fifo_ar_64/U0/inst_fifo_gen/gconvfifo.rf/grf.rf/gntv_or_sync_fifo.mem/gdm.dm_gen.dm/gpr1.dout_i_reg[24]'. [E:/experiment/¸´µ©Î¢/Fast-BEV/Fastbev2.0_sa/part2_sa/part2_sa_v2.0/Vivado_Project/constrs/impl_constraints.xdc:1]
WARNING: [Vivado 12-180] No cells matched 'U0_ps_ai_wrap_demo/U0_ps_ai_peripheral/ZGolo/u_AI_Mate_top/U0_ddr2hp_itcn/u0_ar_cdc_fifo_ddr/u0_cdc_fifo_ar_64/U0/inst_fifo_gen/gconvfifo.rf/grf.rf/gntv_or_sync_fifo.mem/gdm.dm_gen.dm/gpr1.dout_i_reg[25]'. [E:/experiment/¸´µ©Î¢/Fast-BEV/Fastbev2.0_sa/part2_sa/part2_sa_v2.0/Vivado_Project/constrs/impl_constraints.xdc:1]
WARNING: [Vivado 12-180] No cells matched 'U0_ps_ai_wrap_demo/U0_ps_ai_peripheral/ZGolo/u_AI_Mate_top/U0_ddr2hp_itcn/u0_ar_cdc_fifo_ddr/u0_cdc_fifo_ar_64/U0/inst_fifo_gen/gconvfifo.rf/grf.rf/gntv_or_sync_fifo.mem/gdm.dm_gen.dm/gpr1.dout_i_reg[26]'. [E:/experiment/¸´µ©Î¢/Fast-BEV/Fastbev2.0_sa/part2_sa/part2_sa_v2.0/Vivado_Project/constrs/impl_constraints.xdc:1]
WARNING: [Vivado 12-180] No cells matched 'U0_ps_ai_wrap_demo/U0_ps_ai_peripheral/ZGolo/u_AI_Mate_top/U0_ddr2hp_itcn/u0_ar_cdc_fifo_ddr/u0_cdc_fifo_ar_64/U0/inst_fifo_gen/gconvfifo.rf/grf.rf/gntv_or_sync_fifo.mem/gdm.dm_gen.dm/gpr1.dout_i_reg[27]'. [E:/experiment/¸´µ©Î¢/Fast-BEV/Fastbev2.0_sa/part2_sa/part2_sa_v2.0/Vivado_Project/constrs/impl_constraints.xdc:1]
WARNING: [Vivado 12-180] No cells matched 'U0_ps_ai_wrap_demo/U0_ps_ai_peripheral/ZGolo/u_AI_Mate_top/U0_ddr2hp_itcn/u0_ar_cdc_fifo_ddr/u0_cdc_fifo_ar_64/U0/inst_fifo_gen/gconvfifo.rf/grf.rf/gntv_or_sync_fifo.mem/gdm.dm_gen.dm/gpr1.dout_i_reg[28]'. [E:/experiment/¸´µ©Î¢/Fast-BEV/Fastbev2.0_sa/part2_sa/part2_sa_v2.0/Vivado_Project/constrs/impl_constraints.xdc:1]
WARNING: [Vivado 12-180] No cells matched 'U0_ps_ai_wrap_demo/U0_ps_ai_peripheral/ZGolo/u_AI_Mate_top/U0_ddr2hp_itcn/u0_ar_cdc_fifo_ddr/u0_cdc_fifo_ar_64/U0/inst_fifo_gen/gconvfifo.rf/grf.rf/gntv_or_sync_fifo.mem/gdm.dm_gen.dm/gpr1.dout_i_reg[29]'. [E:/experiment/¸´µ©Î¢/Fast-BEV/Fastbev2.0_sa/part2_sa/part2_sa_v2.0/Vivado_Project/constrs/impl_constraints.xdc:1]
WARNING: [Vivado 12-180] No cells matched 'U0_ps_ai_wrap_demo/U0_ps_ai_peripheral/ZGolo/u_AI_Mate_top/U0_ddr2hp_itcn/u0_ar_cdc_fifo_ddr/u0_cdc_fifo_ar_64/U0/inst_fifo_gen/gconvfifo.rf/grf.rf/gntv_or_sync_fifo.mem/gdm.dm_gen.dm/gpr1.dout_i_reg[2]'. [E:/experiment/¸´µ©Î¢/Fast-BEV/Fastbev2.0_sa/part2_sa/part2_sa_v2.0/Vivado_Project/constrs/impl_constraints.xdc:1]
WARNING: [Vivado 12-180] No cells matched 'U0_ps_ai_wrap_demo/U0_ps_ai_peripheral/ZGolo/u_AI_Mate_top/U0_ddr2hp_itcn/u0_ar_cdc_fifo_ddr/u0_cdc_fifo_ar_64/U0/inst_fifo_gen/gconvfifo.rf/grf.rf/gntv_or_sync_fifo.mem/gdm.dm_gen.dm/gpr1.dout_i_reg[30]'. [E:/experiment/¸´µ©Î¢/Fast-BEV/Fastbev2.0_sa/part2_sa/part2_sa_v2.0/Vivado_Project/constrs/impl_constraints.xdc:1]
WARNING: [Vivado 12-180] No cells matched 'U0_ps_ai_wrap_demo/U0_ps_ai_peripheral/ZGolo/u_AI_Mate_top/U0_ddr2hp_itcn/u0_ar_cdc_fifo_ddr/u0_cdc_fifo_ar_64/U0/inst_fifo_gen/gconvfifo.rf/grf.rf/gntv_or_sync_fifo.mem/gdm.dm_gen.dm/gpr1.dout_i_reg[31]'. [E:/experiment/¸´µ©Î¢/Fast-BEV/Fastbev2.0_sa/part2_sa/part2_sa_v2.0/Vivado_Project/constrs/impl_constraints.xdc:1]
WARNING: [Vivado 12-180] No cells matched 'U0_ps_ai_wrap_demo/U0_ps_ai_peripheral/ZGolo/u_AI_Mate_top/U0_ddr2hp_itcn/u0_ar_cdc_fifo_ddr/u0_cdc_fifo_ar_64/U0/inst_fifo_gen/gconvfifo.rf/grf.rf/gntv_or_sync_fifo.mem/gdm.dm_gen.dm/gpr1.dout_i_reg[32]'. [E:/experiment/¸´µ©Î¢/Fast-BEV/Fastbev2.0_sa/part2_sa/part2_sa_v2.0/Vivado_Project/constrs/impl_constraints.xdc:1]
WARNING: [Vivado 12-180] No cells matched 'U0_ps_ai_wrap_demo/U0_ps_ai_peripheral/ZGolo/u_AI_Mate_top/U0_ddr2hp_itcn/u0_ar_cdc_fifo_ddr/u0_cdc_fifo_ar_64/U0/inst_fifo_gen/gconvfifo.rf/grf.rf/gntv_or_sync_fifo.mem/gdm.dm_gen.dm/gpr1.dout_i_reg[33]'. [E:/experiment/¸´µ©Î¢/Fast-BEV/Fastbev2.0_sa/part2_sa/part2_sa_v2.0/Vivado_Project/constrs/impl_constraints.xdc:1]
WARNING: [Vivado 12-180] No cells matched 'U0_ps_ai_wrap_demo/U0_ps_ai_peripheral/ZGolo/u_AI_Mate_top/U0_ddr2hp_itcn/u0_ar_cdc_fifo_ddr/u0_cdc_fifo_ar_64/U0/inst_fifo_gen/gconvfifo.rf/grf.rf/gntv_or_sync_fifo.mem/gdm.dm_gen.dm/gpr1.dout_i_reg[34]'. [E:/experiment/¸´µ©Î¢/Fast-BEV/Fastbev2.0_sa/part2_sa/part2_sa_v2.0/Vivado_Project/constrs/impl_constraints.xdc:1]
WARNING: [Vivado 12-180] No cells matched 'U0_ps_ai_wrap_demo/U0_ps_ai_peripheral/ZGolo/u_AI_Mate_top/U0_ddr2hp_itcn/u0_ar_cdc_fifo_ddr/u0_cdc_fifo_ar_64/U0/inst_fifo_gen/gconvfifo.rf/grf.rf/gntv_or_sync_fifo.mem/gdm.dm_gen.dm/gpr1.dout_i_reg[35]'. [E:/experiment/¸´µ©Î¢/Fast-BEV/Fastbev2.0_sa/part2_sa/part2_sa_v2.0/Vivado_Project/constrs/impl_constraints.xdc:1]
WARNING: [Vivado 12-180] No cells matched 'U0_ps_ai_wrap_demo/U0_ps_ai_peripheral/ZGolo/u_AI_Mate_top/U0_ddr2hp_itcn/u0_ar_cdc_fifo_ddr/u0_cdc_fifo_ar_64/U0/inst_fifo_gen/gconvfifo.rf/grf.rf/gntv_or_sync_fifo.mem/gdm.dm_gen.dm/gpr1.dout_i_reg[36]'. [E:/experiment/¸´µ©Î¢/Fast-BEV/Fastbev2.0_sa/part2_sa/part2_sa_v2.0/Vivado_Project/constrs/impl_constraints.xdc:1]
WARNING: [Vivado 12-180] No cells matched 'U0_ps_ai_wrap_demo/U0_ps_ai_peripheral/ZGolo/u_AI_Mate_top/U0_ddr2hp_itcn/u0_ar_cdc_fifo_ddr/u0_cdc_fifo_ar_64/U0/inst_fifo_gen/gconvfifo.rf/grf.rf/gntv_or_sync_fifo.mem/gdm.dm_gen.dm/gpr1.dout_i_reg[37]'. [E:/experiment/¸´µ©Î¢/Fast-BEV/Fastbev2.0_sa/part2_sa/part2_sa_v2.0/Vivado_Project/constrs/impl_constraints.xdc:1]
WARNING: [Vivado 12-180] No cells matched 'U0_ps_ai_wrap_demo/U0_ps_ai_peripheral/ZGolo/u_AI_Mate_top/U0_ddr2hp_itcn/u0_ar_cdc_fifo_ddr/u0_cdc_fifo_ar_64/U0/inst_fifo_gen/gconvfifo.rf/grf.rf/gntv_or_sync_fifo.mem/gdm.dm_gen.dm/gpr1.dout_i_reg[38]'. [E:/experiment/¸´µ©Î¢/Fast-BEV/Fastbev2.0_sa/part2_sa/part2_sa_v2.0/Vivado_Project/constrs/impl_constraints.xdc:1]
WARNING: [Vivado 12-180] No cells matched 'U0_ps_ai_wrap_demo/U0_ps_ai_peripheral/ZGolo/u_AI_Mate_top/U0_ddr2hp_itcn/u0_ar_cdc_fifo_ddr/u0_cdc_fifo_ar_64/U0/inst_fifo_gen/gconvfifo.rf/grf.rf/gntv_or_sync_fifo.mem/gdm.dm_gen.dm/gpr1.dout_i_reg[39]'. [E:/experiment/¸´µ©Î¢/Fast-BEV/Fastbev2.0_sa/part2_sa/part2_sa_v2.0/Vivado_Project/constrs/impl_constraints.xdc:1]
WARNING: [Vivado 12-180] No cells matched 'U0_ps_ai_wrap_demo/U0_ps_ai_peripheral/ZGolo/u_AI_Mate_top/U0_ddr2hp_itcn/u0_ar_cdc_fifo_ddr/u0_cdc_fifo_ar_64/U0/inst_fifo_gen/gconvfifo.rf/grf.rf/gntv_or_sync_fifo.mem/gdm.dm_gen.dm/gpr1.dout_i_reg[3]'. [E:/experiment/¸´µ©Î¢/Fast-BEV/Fastbev2.0_sa/part2_sa/part2_sa_v2.0/Vivado_Project/constrs/impl_constraints.xdc:1]
WARNING: [Vivado 12-180] No cells matched 'U0_ps_ai_wrap_demo/U0_ps_ai_peripheral/ZGolo/u_AI_Mate_top/U0_ddr2hp_itcn/u0_ar_cdc_fifo_ddr/u0_cdc_fifo_ar_64/U0/inst_fifo_gen/gconvfifo.rf/grf.rf/gntv_or_sync_fifo.mem/gdm.dm_gen.dm/gpr1.dout_i_reg[40]'. [E:/experiment/¸´µ©Î¢/Fast-BEV/Fastbev2.0_sa/part2_sa/part2_sa_v2.0/Vivado_Project/constrs/impl_constraints.xdc:1]
WARNING: [Vivado 12-180] No cells matched 'U0_ps_ai_wrap_demo/U0_ps_ai_peripheral/ZGolo/u_AI_Mate_top/U0_ddr2hp_itcn/u0_ar_cdc_fifo_ddr/u0_cdc_fifo_ar_64/U0/inst_fifo_gen/gconvfifo.rf/grf.rf/gntv_or_sync_fifo.mem/gdm.dm_gen.dm/gpr1.dout_i_reg[41]'. [E:/experiment/¸´µ©Î¢/Fast-BEV/Fastbev2.0_sa/part2_sa/part2_sa_v2.0/Vivado_Project/constrs/impl_constraints.xdc:1]
WARNING: [Vivado 12-180] No cells matched 'U0_ps_ai_wrap_demo/U0_ps_ai_peripheral/ZGolo/u_AI_Mate_top/U0_ddr2hp_itcn/u0_ar_cdc_fifo_ddr/u0_cdc_fifo_ar_64/U0/inst_fifo_gen/gconvfifo.rf/grf.rf/gntv_or_sync_fifo.mem/gdm.dm_gen.dm/gpr1.dout_i_reg[42]'. [E:/experiment/¸´µ©Î¢/Fast-BEV/Fastbev2.0_sa/part2_sa/part2_sa_v2.0/Vivado_Project/constrs/impl_constraints.xdc:1]
WARNING: [Vivado 12-180] No cells matched 'U0_ps_ai_wrap_demo/U0_ps_ai_peripheral/ZGolo/u_AI_Mate_top/U0_ddr2hp_itcn/u0_ar_cdc_fifo_ddr/u0_cdc_fifo_ar_64/U0/inst_fifo_gen/gconvfifo.rf/grf.rf/gntv_or_sync_fifo.mem/gdm.dm_gen.dm/gpr1.dout_i_reg[43]'. [E:/experiment/¸´µ©Î¢/Fast-BEV/Fastbev2.0_sa/part2_sa/part2_sa_v2.0/Vivado_Project/constrs/impl_constraints.xdc:1]
WARNING: [Vivado 12-180] No cells matched 'U0_ps_ai_wrap_demo/U0_ps_ai_peripheral/ZGolo/u_AI_Mate_top/U0_ddr2hp_itcn/u0_ar_cdc_fifo_ddr/u0_cdc_fifo_ar_64/U0/inst_fifo_gen/gconvfifo.rf/grf.rf/gntv_or_sync_fifo.mem/gdm.dm_gen.dm/gpr1.dout_i_reg[44]'. [E:/experiment/¸´µ©Î¢/Fast-BEV/Fastbev2.0_sa/part2_sa/part2_sa_v2.0/Vivado_Project/constrs/impl_constraints.xdc:1]
WARNING: [Vivado 12-180] No cells matched 'U0_ps_ai_wrap_demo/U0_ps_ai_peripheral/ZGolo/u_AI_Mate_top/U0_ddr2hp_itcn/u0_ar_cdc_fifo_ddr/u0_cdc_fifo_ar_64/U0/inst_fifo_gen/gconvfifo.rf/grf.rf/gntv_or_sync_fifo.mem/gdm.dm_gen.dm/gpr1.dout_i_reg[45]'. [E:/experiment/¸´µ©Î¢/Fast-BEV/Fastbev2.0_sa/part2_sa/part2_sa_v2.0/Vivado_Project/constrs/impl_constraints.xdc:1]
WARNING: [Vivado 12-180] No cells matched 'U0_ps_ai_wrap_demo/U0_ps_ai_peripheral/ZGolo/u_AI_Mate_top/U0_ddr2hp_itcn/u0_ar_cdc_fifo_ddr/u0_cdc_fifo_ar_64/U0/inst_fifo_gen/gconvfifo.rf/grf.rf/gntv_or_sync_fifo.mem/gdm.dm_gen.dm/gpr1.dout_i_reg[46]'. [E:/experiment/¸´µ©Î¢/Fast-BEV/Fastbev2.0_sa/part2_sa/part2_sa_v2.0/Vivado_Project/constrs/impl_constraints.xdc:1]
WARNING: [Vivado 12-180] No cells matched 'U0_ps_ai_wrap_demo/U0_ps_ai_peripheral/ZGolo/u_AI_Mate_top/U0_ddr2hp_itcn/u0_ar_cdc_fifo_ddr/u0_cdc_fifo_ar_64/U0/inst_fifo_gen/gconvfifo.rf/grf.rf/gntv_or_sync_fifo.mem/gdm.dm_gen.dm/gpr1.dout_i_reg[47]'. [E:/experiment/¸´µ©Î¢/Fast-BEV/Fastbev2.0_sa/part2_sa/part2_sa_v2.0/Vivado_Project/constrs/impl_constraints.xdc:1]
WARNING: [Vivado 12-180] No cells matched 'U0_ps_ai_wrap_demo/U0_ps_ai_peripheral/ZGolo/u_AI_Mate_top/U0_ddr2hp_itcn/u0_ar_cdc_fifo_ddr/u0_cdc_fifo_ar_64/U0/inst_fifo_gen/gconvfifo.rf/grf.rf/gntv_or_sync_fifo.mem/gdm.dm_gen.dm/gpr1.dout_i_reg[48]'. [E:/experiment/¸´µ©Î¢/Fast-BEV/Fastbev2.0_sa/part2_sa/part2_sa_v2.0/Vivado_Project/constrs/impl_constraints.xdc:1]
WARNING: [Vivado 12-180] No cells matched 'U0_ps_ai_wrap_demo/U0_ps_ai_peripheral/ZGolo/u_AI_Mate_top/U0_ddr2hp_itcn/u0_ar_cdc_fifo_ddr/u0_cdc_fifo_ar_64/U0/inst_fifo_gen/gconvfifo.rf/grf.rf/gntv_or_sync_fifo.mem/gdm.dm_gen.dm/gpr1.dout_i_reg[49]'. [E:/experiment/¸´µ©Î¢/Fast-BEV/Fastbev2.0_sa/part2_sa/part2_sa_v2.0/Vivado_Project/constrs/impl_constraints.xdc:1]
WARNING: [Vivado 12-180] No cells matched 'U0_ps_ai_wrap_demo/U0_ps_ai_peripheral/ZGolo/u_AI_Mate_top/U0_ddr2hp_itcn/u0_ar_cdc_fifo_ddr/u0_cdc_fifo_ar_64/U0/inst_fifo_gen/gconvfifo.rf/grf.rf/gntv_or_sync_fifo.mem/gdm.dm_gen.dm/gpr1.dout_i_reg[4]'. [E:/experiment/¸´µ©Î¢/Fast-BEV/Fastbev2.0_sa/part2_sa/part2_sa_v2.0/Vivado_Project/constrs/impl_constraints.xdc:1]
WARNING: [Vivado 12-180] No cells matched 'U0_ps_ai_wrap_demo/U0_ps_ai_peripheral/ZGolo/u_AI_Mate_top/U0_ddr2hp_itcn/u0_ar_cdc_fifo_ddr/u0_cdc_fifo_ar_64/U0/inst_fifo_gen/gconvfifo.rf/grf.rf/gntv_or_sync_fifo.mem/gdm.dm_gen.dm/gpr1.dout_i_reg[50]'. [E:/experiment/¸´µ©Î¢/Fast-BEV/Fastbev2.0_sa/part2_sa/part2_sa_v2.0/Vivado_Project/constrs/impl_constraints.xdc:1]
WARNING: [Vivado 12-180] No cells matched 'U0_ps_ai_wrap_demo/U0_ps_ai_peripheral/ZGolo/u_AI_Mate_top/U0_ddr2hp_itcn/u0_ar_cdc_fifo_ddr/u0_cdc_fifo_ar_64/U0/inst_fifo_gen/gconvfifo.rf/grf.rf/gntv_or_sync_fifo.mem/gdm.dm_gen.dm/gpr1.dout_i_reg[51]'. [E:/experiment/¸´µ©Î¢/Fast-BEV/Fastbev2.0_sa/part2_sa/part2_sa_v2.0/Vivado_Project/constrs/impl_constraints.xdc:1]
WARNING: [Vivado 12-180] No cells matched 'U0_ps_ai_wrap_demo/U0_ps_ai_peripheral/ZGolo/u_AI_Mate_top/U0_ddr2hp_itcn/u0_ar_cdc_fifo_ddr/u0_cdc_fifo_ar_64/U0/inst_fifo_gen/gconvfifo.rf/grf.rf/gntv_or_sync_fifo.mem/gdm.dm_gen.dm/gpr1.dout_i_reg[52]'. [E:/experiment/¸´µ©Î¢/Fast-BEV/Fastbev2.0_sa/part2_sa/part2_sa_v2.0/Vivado_Project/constrs/impl_constraints.xdc:1]
WARNING: [Vivado 12-180] No cells matched 'U0_ps_ai_wrap_demo/U0_ps_ai_peripheral/ZGolo/u_AI_Mate_top/U0_ddr2hp_itcn/u0_ar_cdc_fifo_ddr/u0_cdc_fifo_ar_64/U0/inst_fifo_gen/gconvfifo.rf/grf.rf/gntv_or_sync_fifo.mem/gdm.dm_gen.dm/gpr1.dout_i_reg[53]'. [E:/experiment/¸´µ©Î¢/Fast-BEV/Fastbev2.0_sa/part2_sa/part2_sa_v2.0/Vivado_Project/constrs/impl_constraints.xdc:1]
WARNING: [Vivado 12-180] No cells matched 'U0_ps_ai_wrap_demo/U0_ps_ai_peripheral/ZGolo/u_AI_Mate_top/U0_ddr2hp_itcn/u0_ar_cdc_fifo_ddr/u0_cdc_fifo_ar_64/U0/inst_fifo_gen/gconvfifo.rf/grf.rf/gntv_or_sync_fifo.mem/gdm.dm_gen.dm/gpr1.dout_i_reg[54]'. [E:/experiment/¸´µ©Î¢/Fast-BEV/Fastbev2.0_sa/part2_sa/part2_sa_v2.0/Vivado_Project/constrs/impl_constraints.xdc:1]
WARNING: [Vivado 12-180] No cells matched 'U0_ps_ai_wrap_demo/U0_ps_ai_peripheral/ZGolo/u_AI_Mate_top/U0_ddr2hp_itcn/u0_ar_cdc_fifo_ddr/u0_cdc_fifo_ar_64/U0/inst_fifo_gen/gconvfifo.rf/grf.rf/gntv_or_sync_fifo.mem/gdm.dm_gen.dm/gpr1.dout_i_reg[55]'. [E:/experiment/¸´µ©Î¢/Fast-BEV/Fastbev2.0_sa/part2_sa/part2_sa_v2.0/Vivado_Project/constrs/impl_constraints.xdc:1]
WARNING: [Vivado 12-180] No cells matched 'U0_ps_ai_wrap_demo/U0_ps_ai_peripheral/ZGolo/u_AI_Mate_top/U0_ddr2hp_itcn/u0_ar_cdc_fifo_ddr/u0_cdc_fifo_ar_64/U0/inst_fifo_gen/gconvfifo.rf/grf.rf/gntv_or_sync_fifo.mem/gdm.dm_gen.dm/gpr1.dout_i_reg[56]'. [E:/experiment/¸´µ©Î¢/Fast-BEV/Fastbev2.0_sa/part2_sa/part2_sa_v2.0/Vivado_Project/constrs/impl_constraints.xdc:1]
WARNING: [Vivado 12-180] No cells matched 'U0_ps_ai_wrap_demo/U0_ps_ai_peripheral/ZGolo/u_AI_Mate_top/U0_ddr2hp_itcn/u0_ar_cdc_fifo_ddr/u0_cdc_fifo_ar_64/U0/inst_fifo_gen/gconvfifo.rf/grf.rf/gntv_or_sync_fifo.mem/gdm.dm_gen.dm/gpr1.dout_i_reg[57]'. [E:/experiment/¸´µ©Î¢/Fast-BEV/Fastbev2.0_sa/part2_sa/part2_sa_v2.0/Vivado_Project/constrs/impl_constraints.xdc:1]
WARNING: [Vivado 12-180] No cells matched 'U0_ps_ai_wrap_demo/U0_ps_ai_peripheral/ZGolo/u_AI_Mate_top/U0_ddr2hp_itcn/u0_ar_cdc_fifo_ddr/u0_cdc_fifo_ar_64/U0/inst_fifo_gen/gconvfifo.rf/grf.rf/gntv_or_sync_fifo.mem/gdm.dm_gen.dm/gpr1.dout_i_reg[58]'. [E:/experiment/¸´µ©Î¢/Fast-BEV/Fastbev2.0_sa/part2_sa/part2_sa_v2.0/Vivado_Project/constrs/impl_constraints.xdc:1]
WARNING: [Vivado 12-180] No cells matched 'U0_ps_ai_wrap_demo/U0_ps_ai_peripheral/ZGolo/u_AI_Mate_top/U0_ddr2hp_itcn/u0_ar_cdc_fifo_ddr/u0_cdc_fifo_ar_64/U0/inst_fifo_gen/gconvfifo.rf/grf.rf/gntv_or_sync_fifo.mem/gdm.dm_gen.dm/gpr1.dout_i_reg[59]'. [E:/experiment/¸´µ©Î¢/Fast-BEV/Fastbev2.0_sa/part2_sa/part2_sa_v2.0/Vivado_Project/constrs/impl_constraints.xdc:1]
WARNING: [Vivado 12-180] No cells matched 'U0_ps_ai_wrap_demo/U0_ps_ai_peripheral/ZGolo/u_AI_Mate_top/U0_ddr2hp_itcn/u0_ar_cdc_fifo_ddr/u0_cdc_fifo_ar_64/U0/inst_fifo_gen/gconvfifo.rf/grf.rf/gntv_or_sync_fifo.mem/gdm.dm_gen.dm/gpr1.dout_i_reg[5]'. [E:/experiment/¸´µ©Î¢/Fast-BEV/Fastbev2.0_sa/part2_sa/part2_sa_v2.0/Vivado_Project/constrs/impl_constraints.xdc:1]
WARNING: [Vivado 12-180] No cells matched 'U0_ps_ai_wrap_demo/U0_ps_ai_peripheral/ZGolo/u_AI_Mate_top/U0_ddr2hp_itcn/u0_ar_cdc_fifo_ddr/u0_cdc_fifo_ar_64/U0/inst_fifo_gen/gconvfifo.rf/grf.rf/gntv_or_sync_fifo.mem/gdm.dm_gen.dm/gpr1.dout_i_reg[60]'. [E:/experiment/¸´µ©Î¢/Fast-BEV/Fastbev2.0_sa/part2_sa/part2_sa_v2.0/Vivado_Project/constrs/impl_constraints.xdc:1]
WARNING: [Vivado 12-180] No cells matched 'U0_ps_ai_wrap_demo/U0_ps_ai_peripheral/ZGolo/u_AI_Mate_top/U0_ddr2hp_itcn/u0_ar_cdc_fifo_ddr/u0_cdc_fifo_ar_64/U0/inst_fifo_gen/gconvfifo.rf/grf.rf/gntv_or_sync_fifo.mem/gdm.dm_gen.dm/gpr1.dout_i_reg[61]'. [E:/experiment/¸´µ©Î¢/Fast-BEV/Fastbev2.0_sa/part2_sa/part2_sa_v2.0/Vivado_Project/constrs/impl_constraints.xdc:1]
WARNING: [Vivado 12-180] No cells matched 'U0_ps_ai_wrap_demo/U0_ps_ai_peripheral/ZGolo/u_AI_Mate_top/U0_ddr2hp_itcn/u0_ar_cdc_fifo_ddr/u0_cdc_fifo_ar_64/U0/inst_fifo_gen/gconvfifo.rf/grf.rf/gntv_or_sync_fifo.mem/gdm.dm_gen.dm/gpr1.dout_i_reg[62]'. [E:/experiment/¸´µ©Î¢/Fast-BEV/Fastbev2.0_sa/part2_sa/part2_sa_v2.0/Vivado_Project/constrs/impl_constraints.xdc:1]
WARNING: [Vivado 12-180] No cells matched 'U0_ps_ai_wrap_demo/U0_ps_ai_peripheral/ZGolo/u_AI_Mate_top/U0_ddr2hp_itcn/u0_ar_cdc_fifo_ddr/u0_cdc_fifo_ar_64/U0/inst_fifo_gen/gconvfifo.rf/grf.rf/gntv_or_sync_fifo.mem/gdm.dm_gen.dm/gpr1.dout_i_reg[63]'. [E:/experiment/¸´µ©Î¢/Fast-BEV/Fastbev2.0_sa/part2_sa/part2_sa_v2.0/Vivado_Project/constrs/impl_constraints.xdc:1]
WARNING: [Vivado 12-180] No cells matched 'U0_ps_ai_wrap_demo/U0_ps_ai_peripheral/ZGolo/u_AI_Mate_top/U0_ddr2hp_itcn/u0_ar_cdc_fifo_ddr/u0_cdc_fifo_ar_64/U0/inst_fifo_gen/gconvfifo.rf/grf.rf/gntv_or_sync_fifo.mem/gdm.dm_gen.dm/gpr1.dout_i_reg[6]'. [E:/experiment/¸´µ©Î¢/Fast-BEV/Fastbev2.0_sa/part2_sa/part2_sa_v2.0/Vivado_Project/constrs/impl_constraints.xdc:1]
WARNING: [Vivado 12-180] No cells matched 'U0_ps_ai_wrap_demo/U0_ps_ai_peripheral/ZGolo/u_AI_Mate_top/U0_ddr2hp_itcn/u0_ar_cdc_fifo_ddr/u0_cdc_fifo_ar_64/U0/inst_fifo_gen/gconvfifo.rf/grf.rf/gntv_or_sync_fifo.mem/gdm.dm_gen.dm/gpr1.dout_i_reg[7]'. [E:/experiment/¸´µ©Î¢/Fast-BEV/Fastbev2.0_sa/part2_sa/part2_sa_v2.0/Vivado_Project/constrs/impl_constraints.xdc:1]
WARNING: [Vivado 12-180] No cells matched 'U0_ps_ai_wrap_demo/U0_ps_ai_peripheral/ZGolo/u_AI_Mate_top/U0_ddr2hp_itcn/u0_ar_cdc_fifo_ddr/u0_cdc_fifo_ar_64/U0/inst_fifo_gen/gconvfifo.rf/grf.rf/gntv_or_sync_fifo.mem/gdm.dm_gen.dm/gpr1.dout_i_reg[8]'. [E:/experiment/¸´µ©Î¢/Fast-BEV/Fastbev2.0_sa/part2_sa/part2_sa_v2.0/Vivado_Project/constrs/impl_constraints.xdc:1]
WARNING: [Vivado 12-180] No cells matched 'U0_ps_ai_wrap_demo/U0_ps_ai_peripheral/ZGolo/u_AI_Mate_top/U0_ddr2hp_itcn/u0_ar_cdc_fifo_ddr/u0_cdc_fifo_ar_64/U0/inst_fifo_gen/gconvfifo.rf/grf.rf/gntv_or_sync_fifo.mem/gdm.dm_gen.dm/gpr1.dout_i_reg[9]'. [E:/experiment/¸´µ©Î¢/Fast-BEV/Fastbev2.0_sa/part2_sa/part2_sa_v2.0/Vivado_Project/constrs/impl_constraints.xdc:1]
WARNING: [Vivado 12-180] No cells matched 'U0_ps_ai_wrap_demo/U0_ps_ai_peripheral/ZGolo/u_AI_Mate_top/U0_ddr2hp_itcn/u0_r_cdc_fifo_ddr/u0_cdc_fifo_r_544/U0/inst_fifo_gen/gconvfifo.rf/grf.rf/gntv_or_sync_fifo.mem/gdm.dm_gen.dm/gpr1.dout_i_reg[0]'. [E:/experiment/¸´µ©Î¢/Fast-BEV/Fastbev2.0_sa/part2_sa/part2_sa_v2.0/Vivado_Project/constrs/impl_constraints.xdc:202]
WARNING: [Vivado 12-180] No cells matched 'U0_ps_ai_wrap_demo/U0_ps_ai_peripheral/ZGolo/u_AI_Mate_top/U0_ddr2hp_itcn/u0_r_cdc_fifo_ddr/u0_cdc_fifo_r_544/U0/inst_fifo_gen/gconvfifo.rf/grf.rf/gntv_or_sync_fifo.mem/gdm.dm_gen.dm/gpr1.dout_i_reg[100]'. [E:/experiment/¸´µ©Î¢/Fast-BEV/Fastbev2.0_sa/part2_sa/part2_sa_v2.0/Vivado_Project/constrs/impl_constraints.xdc:202]
WARNING: [Vivado 12-180] No cells matched 'U0_ps_ai_wrap_demo/U0_ps_ai_peripheral/ZGolo/u_AI_Mate_top/U0_ddr2hp_itcn/u0_r_cdc_fifo_ddr/u0_cdc_fifo_r_544/U0/inst_fifo_gen/gconvfifo.rf/grf.rf/gntv_or_sync_fifo.mem/gdm.dm_gen.dm/gpr1.dout_i_reg[101]'. [E:/experiment/¸´µ©Î¢/Fast-BEV/Fastbev2.0_sa/part2_sa/part2_sa_v2.0/Vivado_Project/constrs/impl_constraints.xdc:202]
WARNING: [Vivado 12-180] No cells matched 'U0_ps_ai_wrap_demo/U0_ps_ai_peripheral/ZGolo/u_AI_Mate_top/U0_ddr2hp_itcn/u0_r_cdc_fifo_ddr/u0_cdc_fifo_r_544/U0/inst_fifo_gen/gconvfifo.rf/grf.rf/gntv_or_sync_fifo.mem/gdm.dm_gen.dm/gpr1.dout_i_reg[102]'. [E:/experiment/¸´µ©Î¢/Fast-BEV/Fastbev2.0_sa/part2_sa/part2_sa_v2.0/Vivado_Project/constrs/impl_constraints.xdc:202]
WARNING: [Vivado 12-180] No cells matched 'U0_ps_ai_wrap_demo/U0_ps_ai_peripheral/ZGolo/u_AI_Mate_top/U0_ddr2hp_itcn/u0_r_cdc_fifo_ddr/u0_cdc_fifo_r_544/U0/inst_fifo_gen/gconvfifo.rf/grf.rf/gntv_or_sync_fifo.mem/gdm.dm_gen.dm/gpr1.dout_i_reg[103]'. [E:/experiment/¸´µ©Î¢/Fast-BEV/Fastbev2.0_sa/part2_sa/part2_sa_v2.0/Vivado_Project/constrs/impl_constraints.xdc:202]
WARNING: [Vivado 12-180] No cells matched 'U0_ps_ai_wrap_demo/U0_ps_ai_peripheral/ZGolo/u_AI_Mate_top/U0_ddr2hp_itcn/u0_r_cdc_fifo_ddr/u0_cdc_fifo_r_544/U0/inst_fifo_gen/gconvfifo.rf/grf.rf/gntv_or_sync_fifo.mem/gdm.dm_gen.dm/gpr1.dout_i_reg[104]'. [E:/experiment/¸´µ©Î¢/Fast-BEV/Fastbev2.0_sa/part2_sa/part2_sa_v2.0/Vivado_Project/constrs/impl_constraints.xdc:202]
WARNING: [Vivado 12-180] No cells matched 'U0_ps_ai_wrap_demo/U0_ps_ai_peripheral/ZGolo/u_AI_Mate_top/U0_ddr2hp_itcn/u0_r_cdc_fifo_ddr/u0_cdc_fifo_r_544/U0/inst_fifo_gen/gconvfifo.rf/grf.rf/gntv_or_sync_fifo.mem/gdm.dm_gen.dm/gpr1.dout_i_reg[105]'. [E:/experiment/¸´µ©Î¢/Fast-BEV/Fastbev2.0_sa/part2_sa/part2_sa_v2.0/Vivado_Project/constrs/impl_constraints.xdc:202]
WARNING: [Vivado 12-180] No cells matched 'U0_ps_ai_wrap_demo/U0_ps_ai_peripheral/ZGolo/u_AI_Mate_top/U0_ddr2hp_itcn/u0_r_cdc_fifo_ddr/u0_cdc_fifo_r_544/U0/inst_fifo_gen/gconvfifo.rf/grf.rf/gntv_or_sync_fifo.mem/gdm.dm_gen.dm/gpr1.dout_i_reg[106]'. [E:/experiment/¸´µ©Î¢/Fast-BEV/Fastbev2.0_sa/part2_sa/part2_sa_v2.0/Vivado_Project/constrs/impl_constraints.xdc:202]
WARNING: [Vivado 12-180] No cells matched 'U0_ps_ai_wrap_demo/U0_ps_ai_peripheral/ZGolo/u_AI_Mate_top/U0_ddr2hp_itcn/u0_r_cdc_fifo_ddr/u0_cdc_fifo_r_544/U0/inst_fifo_gen/gconvfifo.rf/grf.rf/gntv_or_sync_fifo.mem/gdm.dm_gen.dm/gpr1.dout_i_reg[107]'. [E:/experiment/¸´µ©Î¢/Fast-BEV/Fastbev2.0_sa/part2_sa/part2_sa_v2.0/Vivado_Project/constrs/impl_constraints.xdc:202]
WARNING: [Vivado 12-180] No cells matched 'U0_ps_ai_wrap_demo/U0_ps_ai_peripheral/ZGolo/u_AI_Mate_top/U0_ddr2hp_itcn/u0_r_cdc_fifo_ddr/u0_cdc_fifo_r_544/U0/inst_fifo_gen/gconvfifo.rf/grf.rf/gntv_or_sync_fifo.mem/gdm.dm_gen.dm/gpr1.dout_i_reg[108]'. [E:/experiment/¸´µ©Î¢/Fast-BEV/Fastbev2.0_sa/part2_sa/part2_sa_v2.0/Vivado_Project/constrs/impl_constraints.xdc:202]
WARNING: [Vivado 12-180] No cells matched 'U0_ps_ai_wrap_demo/U0_ps_ai_peripheral/ZGolo/u_AI_Mate_top/U0_ddr2hp_itcn/u0_r_cdc_fifo_ddr/u0_cdc_fifo_r_544/U0/inst_fifo_gen/gconvfifo.rf/grf.rf/gntv_or_sync_fifo.mem/gdm.dm_gen.dm/gpr1.dout_i_reg[109]'. [E:/experiment/¸´µ©Î¢/Fast-BEV/Fastbev2.0_sa/part2_sa/part2_sa_v2.0/Vivado_Project/constrs/impl_constraints.xdc:202]
WARNING: [Vivado 12-180] No cells matched 'U0_ps_ai_wrap_demo/U0_ps_ai_peripheral/ZGolo/u_AI_Mate_top/U0_ddr2hp_itcn/u0_r_cdc_fifo_ddr/u0_cdc_fifo_r_544/U0/inst_fifo_gen/gconvfifo.rf/grf.rf/gntv_or_sync_fifo.mem/gdm.dm_gen.dm/gpr1.dout_i_reg[10]'. [E:/experiment/¸´µ©Î¢/Fast-BEV/Fastbev2.0_sa/part2_sa/part2_sa_v2.0/Vivado_Project/constrs/impl_constraints.xdc:202]
WARNING: [Vivado 12-180] No cells matched 'U0_ps_ai_wrap_demo/U0_ps_ai_peripheral/ZGolo/u_AI_Mate_top/U0_ddr2hp_itcn/u0_r_cdc_fifo_ddr/u0_cdc_fifo_r_544/U0/inst_fifo_gen/gconvfifo.rf/grf.rf/gntv_or_sync_fifo.mem/gdm.dm_gen.dm/gpr1.dout_i_reg[110]'. [E:/experiment/¸´µ©Î¢/Fast-BEV/Fastbev2.0_sa/part2_sa/part2_sa_v2.0/Vivado_Project/constrs/impl_constraints.xdc:202]
WARNING: [Vivado 12-180] No cells matched 'U0_ps_ai_wrap_demo/U0_ps_ai_peripheral/ZGolo/u_AI_Mate_top/U0_ddr2hp_itcn/u0_r_cdc_fifo_ddr/u0_cdc_fifo_r_544/U0/inst_fifo_gen/gconvfifo.rf/grf.rf/gntv_or_sync_fifo.mem/gdm.dm_gen.dm/gpr1.dout_i_reg[111]'. [E:/experiment/¸´µ©Î¢/Fast-BEV/Fastbev2.0_sa/part2_sa/part2_sa_v2.0/Vivado_Project/constrs/impl_constraints.xdc:202]
WARNING: [Vivado 12-180] No cells matched 'U0_ps_ai_wrap_demo/U0_ps_ai_peripheral/ZGolo/u_AI_Mate_top/U0_ddr2hp_itcn/u0_r_cdc_fifo_ddr/u0_cdc_fifo_r_544/U0/inst_fifo_gen/gconvfifo.rf/grf.rf/gntv_or_sync_fifo.mem/gdm.dm_gen.dm/gpr1.dout_i_reg[112]'. [E:/experiment/¸´µ©Î¢/Fast-BEV/Fastbev2.0_sa/part2_sa/part2_sa_v2.0/Vivado_Project/constrs/impl_constraints.xdc:202]
WARNING: [Vivado 12-180] No cells matched 'U0_ps_ai_wrap_demo/U0_ps_ai_peripheral/ZGolo/u_AI_Mate_top/U0_ddr2hp_itcn/u0_r_cdc_fifo_ddr/u0_cdc_fifo_r_544/U0/inst_fifo_gen/gconvfifo.rf/grf.rf/gntv_or_sync_fifo.mem/gdm.dm_gen.dm/gpr1.dout_i_reg[113]'. [E:/experiment/¸´µ©Î¢/Fast-BEV/Fastbev2.0_sa/part2_sa/part2_sa_v2.0/Vivado_Project/constrs/impl_constraints.xdc:202]
WARNING: [Vivado 12-180] No cells matched 'U0_ps_ai_wrap_demo/U0_ps_ai_peripheral/ZGolo/u_AI_Mate_top/U0_ddr2hp_itcn/u0_r_cdc_fifo_ddr/u0_cdc_fifo_r_544/U0/inst_fifo_gen/gconvfifo.rf/grf.rf/gntv_or_sync_fifo.mem/gdm.dm_gen.dm/gpr1.dout_i_reg[114]'. [E:/experiment/¸´µ©Î¢/Fast-BEV/Fastbev2.0_sa/part2_sa/part2_sa_v2.0/Vivado_Project/constrs/impl_constraints.xdc:202]
WARNING: [Vivado 12-180] No cells matched 'U0_ps_ai_wrap_demo/U0_ps_ai_peripheral/ZGolo/u_AI_Mate_top/U0_ddr2hp_itcn/u0_r_cdc_fifo_ddr/u0_cdc_fifo_r_544/U0/inst_fifo_gen/gconvfifo.rf/grf.rf/gntv_or_sync_fifo.mem/gdm.dm_gen.dm/gpr1.dout_i_reg[115]'. [E:/experiment/¸´µ©Î¢/Fast-BEV/Fastbev2.0_sa/part2_sa/part2_sa_v2.0/Vivado_Project/constrs/impl_constraints.xdc:202]
WARNING: [Vivado 12-180] No cells matched 'U0_ps_ai_wrap_demo/U0_ps_ai_peripheral/ZGolo/u_AI_Mate_top/U0_ddr2hp_itcn/u0_r_cdc_fifo_ddr/u0_cdc_fifo_r_544/U0/inst_fifo_gen/gconvfifo.rf/grf.rf/gntv_or_sync_fifo.mem/gdm.dm_gen.dm/gpr1.dout_i_reg[116]'. [E:/experiment/¸´µ©Î¢/Fast-BEV/Fastbev2.0_sa/part2_sa/part2_sa_v2.0/Vivado_Project/constrs/impl_constraints.xdc:202]
WARNING: [Vivado 12-180] No cells matched 'U0_ps_ai_wrap_demo/U0_ps_ai_peripheral/ZGolo/u_AI_Mate_top/U0_ddr2hp_itcn/u0_r_cdc_fifo_ddr/u0_cdc_fifo_r_544/U0/inst_fifo_gen/gconvfifo.rf/grf.rf/gntv_or_sync_fifo.mem/gdm.dm_gen.dm/gpr1.dout_i_reg[117]'. [E:/experiment/¸´µ©Î¢/Fast-BEV/Fastbev2.0_sa/part2_sa/part2_sa_v2.0/Vivado_Project/constrs/impl_constraints.xdc:202]
WARNING: [Vivado 12-180] No cells matched 'U0_ps_ai_wrap_demo/U0_ps_ai_peripheral/ZGolo/u_AI_Mate_top/U0_ddr2hp_itcn/u0_r_cdc_fifo_ddr/u0_cdc_fifo_r_544/U0/inst_fifo_gen/gconvfifo.rf/grf.rf/gntv_or_sync_fifo.mem/gdm.dm_gen.dm/gpr1.dout_i_reg[118]'. [E:/experiment/¸´µ©Î¢/Fast-BEV/Fastbev2.0_sa/part2_sa/part2_sa_v2.0/Vivado_Project/constrs/impl_constraints.xdc:202]
WARNING: [Vivado 12-180] No cells matched 'U0_ps_ai_wrap_demo/U0_ps_ai_peripheral/ZGolo/u_AI_Mate_top/U0_ddr2hp_itcn/u0_r_cdc_fifo_ddr/u0_cdc_fifo_r_544/U0/inst_fifo_gen/gconvfifo.rf/grf.rf/gntv_or_sync_fifo.mem/gdm.dm_gen.dm/gpr1.dout_i_reg[119]'. [E:/experiment/¸´µ©Î¢/Fast-BEV/Fastbev2.0_sa/part2_sa/part2_sa_v2.0/Vivado_Project/constrs/impl_constraints.xdc:202]
WARNING: [Vivado 12-180] No cells matched 'U0_ps_ai_wrap_demo/U0_ps_ai_peripheral/ZGolo/u_AI_Mate_top/U0_ddr2hp_itcn/u0_r_cdc_fifo_ddr/u0_cdc_fifo_r_544/U0/inst_fifo_gen/gconvfifo.rf/grf.rf/gntv_or_sync_fifo.mem/gdm.dm_gen.dm/gpr1.dout_i_reg[11]'. [E:/experiment/¸´µ©Î¢/Fast-BEV/Fastbev2.0_sa/part2_sa/part2_sa_v2.0/Vivado_Project/constrs/impl_constraints.xdc:202]
WARNING: [Vivado 12-180] No cells matched 'U0_ps_ai_wrap_demo/U0_ps_ai_peripheral/ZGolo/u_AI_Mate_top/U0_ddr2hp_itcn/u0_r_cdc_fifo_ddr/u0_cdc_fifo_r_544/U0/inst_fifo_gen/gconvfifo.rf/grf.rf/gntv_or_sync_fifo.mem/gdm.dm_gen.dm/gpr1.dout_i_reg[120]'. [E:/experiment/¸´µ©Î¢/Fast-BEV/Fastbev2.0_sa/part2_sa/part2_sa_v2.0/Vivado_Project/constrs/impl_constraints.xdc:202]
WARNING: [Vivado 12-180] No cells matched 'U0_ps_ai_wrap_demo/U0_ps_ai_peripheral/ZGolo/u_AI_Mate_top/U0_ddr2hp_itcn/u0_r_cdc_fifo_ddr/u0_cdc_fifo_r_544/U0/inst_fifo_gen/gconvfifo.rf/grf.rf/gntv_or_sync_fifo.mem/gdm.dm_gen.dm/gpr1.dout_i_reg[121]'. [E:/experiment/¸´µ©Î¢/Fast-BEV/Fastbev2.0_sa/part2_sa/part2_sa_v2.0/Vivado_Project/constrs/impl_constraints.xdc:202]
WARNING: [Vivado 12-180] No cells matched 'U0_ps_ai_wrap_demo/U0_ps_ai_peripheral/ZGolo/u_AI_Mate_top/U0_ddr2hp_itcn/u0_r_cdc_fifo_ddr/u0_cdc_fifo_r_544/U0/inst_fifo_gen/gconvfifo.rf/grf.rf/gntv_or_sync_fifo.mem/gdm.dm_gen.dm/gpr1.dout_i_reg[122]'. [E:/experiment/¸´µ©Î¢/Fast-BEV/Fastbev2.0_sa/part2_sa/part2_sa_v2.0/Vivado_Project/constrs/impl_constraints.xdc:202]
WARNING: [Vivado 12-180] No cells matched 'U0_ps_ai_wrap_demo/U0_ps_ai_peripheral/ZGolo/u_AI_Mate_top/U0_ddr2hp_itcn/u0_r_cdc_fifo_ddr/u0_cdc_fifo_r_544/U0/inst_fifo_gen/gconvfifo.rf/grf.rf/gntv_or_sync_fifo.mem/gdm.dm_gen.dm/gpr1.dout_i_reg[123]'. [E:/experiment/¸´µ©Î¢/Fast-BEV/Fastbev2.0_sa/part2_sa/part2_sa_v2.0/Vivado_Project/constrs/impl_constraints.xdc:202]
WARNING: [Vivado 12-180] No cells matched 'U0_ps_ai_wrap_demo/U0_ps_ai_peripheral/ZGolo/u_AI_Mate_top/U0_ddr2hp_itcn/u0_r_cdc_fifo_ddr/u0_cdc_fifo_r_544/U0/inst_fifo_gen/gconvfifo.rf/grf.rf/gntv_or_sync_fifo.mem/gdm.dm_gen.dm/gpr1.dout_i_reg[124]'. [E:/experiment/¸´µ©Î¢/Fast-BEV/Fastbev2.0_sa/part2_sa/part2_sa_v2.0/Vivado_Project/constrs/impl_constraints.xdc:202]
WARNING: [Vivado 12-180] No cells matched 'U0_ps_ai_wrap_demo/U0_ps_ai_peripheral/ZGolo/u_AI_Mate_top/U0_ddr2hp_itcn/u0_r_cdc_fifo_ddr/u0_cdc_fifo_r_544/U0/inst_fifo_gen/gconvfifo.rf/grf.rf/gntv_or_sync_fifo.mem/gdm.dm_gen.dm/gpr1.dout_i_reg[125]'. [E:/experiment/¸´µ©Î¢/Fast-BEV/Fastbev2.0_sa/part2_sa/part2_sa_v2.0/Vivado_Project/constrs/impl_constraints.xdc:202]
WARNING: [Vivado 12-180] No cells matched 'U0_ps_ai_wrap_demo/U0_ps_ai_peripheral/ZGolo/u_AI_Mate_top/U0_ddr2hp_itcn/u0_r_cdc_fifo_ddr/u0_cdc_fifo_r_544/U0/inst_fifo_gen/gconvfifo.rf/grf.rf/gntv_or_sync_fifo.mem/gdm.dm_gen.dm/gpr1.dout_i_reg[126]'. [E:/experiment/¸´µ©Î¢/Fast-BEV/Fastbev2.0_sa/part2_sa/part2_sa_v2.0/Vivado_Project/constrs/impl_constraints.xdc:202]
WARNING: [Vivado 12-180] No cells matched 'U0_ps_ai_wrap_demo/U0_ps_ai_peripheral/ZGolo/u_AI_Mate_top/U0_ddr2hp_itcn/u0_r_cdc_fifo_ddr/u0_cdc_fifo_r_544/U0/inst_fifo_gen/gconvfifo.rf/grf.rf/gntv_or_sync_fifo.mem/gdm.dm_gen.dm/gpr1.dout_i_reg[127]'. [E:/experiment/¸´µ©Î¢/Fast-BEV/Fastbev2.0_sa/part2_sa/part2_sa_v2.0/Vivado_Project/constrs/impl_constraints.xdc:202]
WARNING: [Vivado 12-180] No cells matched 'U0_ps_ai_wrap_demo/U0_ps_ai_peripheral/ZGolo/u_AI_Mate_top/U0_ddr2hp_itcn/u0_r_cdc_fifo_ddr/u0_cdc_fifo_r_544/U0/inst_fifo_gen/gconvfifo.rf/grf.rf/gntv_or_sync_fifo.mem/gdm.dm_gen.dm/gpr1.dout_i_reg[128]'. [E:/experiment/¸´µ©Î¢/Fast-BEV/Fastbev2.0_sa/part2_sa/part2_sa_v2.0/Vivado_Project/constrs/impl_constraints.xdc:202]
WARNING: [Vivado 12-180] No cells matched 'U0_ps_ai_wrap_demo/U0_ps_ai_peripheral/ZGolo/u_AI_Mate_top/U0_ddr2hp_itcn/u0_r_cdc_fifo_ddr/u0_cdc_fifo_r_544/U0/inst_fifo_gen/gconvfifo.rf/grf.rf/gntv_or_sync_fifo.mem/gdm.dm_gen.dm/gpr1.dout_i_reg[129]'. [E:/experiment/¸´µ©Î¢/Fast-BEV/Fastbev2.0_sa/part2_sa/part2_sa_v2.0/Vivado_Project/constrs/impl_constraints.xdc:202]
WARNING: [Vivado 12-180] No cells matched 'U0_ps_ai_wrap_demo/U0_ps_ai_peripheral/ZGolo/u_AI_Mate_top/U0_ddr2hp_itcn/u0_r_cdc_fifo_ddr/u0_cdc_fifo_r_544/U0/inst_fifo_gen/gconvfifo.rf/grf.rf/gntv_or_sync_fifo.mem/gdm.dm_gen.dm/gpr1.dout_i_reg[12]'. [E:/experiment/¸´µ©Î¢/Fast-BEV/Fastbev2.0_sa/part2_sa/part2_sa_v2.0/Vivado_Project/constrs/impl_constraints.xdc:202]
WARNING: [Vivado 12-180] No cells matched 'U0_ps_ai_wrap_demo/U0_ps_ai_peripheral/ZGolo/u_AI_Mate_top/U0_ddr2hp_itcn/u0_r_cdc_fifo_ddr/u0_cdc_fifo_r_544/U0/inst_fifo_gen/gconvfifo.rf/grf.rf/gntv_or_sync_fifo.mem/gdm.dm_gen.dm/gpr1.dout_i_reg[130]'. [E:/experiment/¸´µ©Î¢/Fast-BEV/Fastbev2.0_sa/part2_sa/part2_sa_v2.0/Vivado_Project/constrs/impl_constraints.xdc:202]
WARNING: [Vivado 12-180] No cells matched 'U0_ps_ai_wrap_demo/U0_ps_ai_peripheral/ZGolo/u_AI_Mate_top/U0_ddr2hp_itcn/u0_r_cdc_fifo_ddr/u0_cdc_fifo_r_544/U0/inst_fifo_gen/gconvfifo.rf/grf.rf/gntv_or_sync_fifo.mem/gdm.dm_gen.dm/gpr1.dout_i_reg[131]'. [E:/experiment/¸´µ©Î¢/Fast-BEV/Fastbev2.0_sa/part2_sa/part2_sa_v2.0/Vivado_Project/constrs/impl_constraints.xdc:202]
INFO: [Common 17-14] Message 'Vivado 12-180' appears 100 times and further instances of the messages will be disabled. Use the Tcl command set_msg_config to change the current settings. [E:/experiment/¸´µ©Î¢/Fast-BEV/Fastbev2.0_sa/part2_sa/part2_sa_v2.0/Vivado_Project/constrs/impl_constraints.xdc:202]
CRITICAL WARNING: [Vivado 12-613] Cannot find cell 'U0_ps_ai_wrap_demo/U0_ps_ai_peripheral/ps_ai_wrapper_u0/ps_ai_i/proc_sys_reset_0/U0' in current context, where current instance = '' and current design = 'preSynthElab_1' [E:/experiment/¸´µ©Î¢/Fast-BEV/Fastbev2.0_sa/part2_sa/part2_sa_v2.0/Vivado_Project/constrs/impl_constraints.xdc:3111]
CRITICAL WARNING: [Vivado 12-613] Cannot find cell 'U0_ps_ai_wrap_demo/U0_ps_ai_peripheral/ps_ai_wrapper_u0/ps_ai_i/processing_system7_0/inst' in current context, where current instance = '' and current design = 'preSynthElab_1' [E:/experiment/¸´µ©Î¢/Fast-BEV/Fastbev2.0_sa/part2_sa/part2_sa_v2.0/Vivado_Project/constrs/impl_constraints.xdc:3142]
CRITICAL WARNING: [Vivado 12-613] Cannot find cell 'U0_ps_ai_wrap_demo/U0_ps_ai_peripheral/ps_ai_wrapper_u0/ps_ai_i/proc_sys_reset_1/U0' in current context, where current instance = '' and current design = 'preSynthElab_1' [E:/experiment/¸´µ©Î¢/Fast-BEV/Fastbev2.0_sa/part2_sa/part2_sa_v2.0/Vivado_Project/constrs/impl_constraints.xdc:3885]
CRITICAL WARNING: [Vivado 12-613] Cannot find cell 'U0_ps_ai_wrap_demo/U0_ps_ai_peripheral/ZGolo/u_AI_Mate_top/clkrst_wrapper_u0/AI_CORE_CLK/inst' in current context, where current instance = '' and current design = 'preSynthElab_1' [E:/experiment/¸´µ©Î¢/Fast-BEV/Fastbev2.0_sa/part2_sa/part2_sa_v2.0/Vivado_Project/constrs/impl_constraints.xdc:4511]
CRITICAL WARNING: [Vivado 12-613] Cannot find cell 'U0_ps_ai_wrap_demo/U0_ps_ai_peripheral/ps_ai_wrapper_u0/clk_wiz_0_inst/inst' in current context, where current instance = '' and current design = 'preSynthElab_1' [E:/experiment/¸´µ©Î¢/Fast-BEV/Fastbev2.0_sa/part2_sa/part2_sa_v2.0/Vivado_Project/constrs/impl_constraints.xdc:6532]
CRITICAL WARNING: [Vivado 12-613] Cannot find cell 'U0_ps_ai_wrap_demo/U0_ps_ai_peripheral/frame_to_ps_inst0/cmos_clkgen_742_5_u0/inst' in current context, where current instance = '' and current design = 'preSynthElab_1' [E:/experiment/¸´µ©Î¢/Fast-BEV/Fastbev2.0_sa/part2_sa/part2_sa_v2.0/Vivado_Project/constrs/impl_constraints.xdc:6604]
WARNING: [Vivado 12-4214] option '-scoped_to_current_instance' can't be used with top instance, ignoring this option. [E:/experiment/¸´µ©Î¢/Fast-BEV/Fastbev2.0_sa/part2_sa/part2_sa_v2.0/Vivado_Project/constrs/impl_constraints.xdc:6605]
WARNING: [Vivado 12-584] No ports matched 'clk_in1'. [E:/experiment/¸´µ©Î¢/Fast-BEV/Fastbev2.0_sa/part2_sa/part2_sa_v2.0/Vivado_Project/constrs/impl_constraints.xdc:6605]
CRITICAL WARNING: [Vivado 12-613] Cannot find cell 'U0_ps_ai_wrap_demo/U0_ps_ai_peripheral/mig_ddr3_u0' in current context, where current instance = '' and current design = 'preSynthElab_1' [E:/experiment/¸´µ©Î¢/Fast-BEV/Fastbev2.0_sa/part2_sa/part2_sa_v2.0/Vivado_Project/constrs/impl_constraints.xdc:7961]
CRITICAL WARNING: [Vivado 12-613] Cannot find cell 'U0_ps_ai_wrap_demo/U0_ps_ai_peripheral/mig_ddr3_u0' in current context, where current instance = '' and current design = 'preSynthElab_1' [E:/experiment/¸´µ©Î¢/Fast-BEV/Fastbev2.0_sa/part2_sa/part2_sa_v2.0/Vivado_Project/constrs/impl_constraints.xdc:8535]
WARNING: [Designutils 20-1567] Use of 'set_multicycle_path' with '-hold' is not supported by synthesis. The constraint will not be passed to synthesis. [E:/experiment/¸´µ©Î¢/Fast-BEV/Fastbev2.0_sa/part2_sa/part2_sa_v2.0/Vivado_Project/constrs/impl_constraints.xdc:8595]
WARNING: [Designutils 20-1567] Use of 'set_multicycle_path' with '-hold' is not supported by synthesis. The constraint will not be passed to synthesis. [E:/experiment/¸´µ©Î¢/Fast-BEV/Fastbev2.0_sa/part2_sa/part2_sa_v2.0/Vivado_Project/constrs/impl_constraints.xdc:8598]
WARNING: [Vivado 12-1023] No nets matched for command 'get_nets -hier -filter {NAME =~ */u_iodelay_ctrl/sys_rst_i}'. [E:/experiment/¸´µ©Î¢/Fast-BEV/Fastbev2.0_sa/part2_sa/part2_sa_v2.0/Vivado_Project/constrs/impl_constraints.xdc:8603]
WARNING: [Constraints 18-619] A clock with name 'sys_clk_p' already exists, overwriting the previous clock with the same name. [E:/experiment/¸´µ©Î¢/Fast-BEV/Fastbev2.0_sa/part2_sa/part2_sa_v2.0/Vivado_Project/constrs/impl_constraints.xdc:8639]
WARNING: [Vivado 12-627] No clocks matched 'clk_out1_clk_wiz_0'. [E:/experiment/¸´µ©Î¢/Fast-BEV/Fastbev2.0_sa/part2_sa/part2_sa_v2.0/Vivado_Project/constrs/impl_constraints.xdc:8678]
INFO: [Vivado 12-626] No clocks found. Please use 'create_clock' or 'create_generated_clock' command to create clocks. [E:/experiment/¸´µ©Î¢/Fast-BEV/Fastbev2.0_sa/part2_sa/part2_sa_v2.0/Vivado_Project/constrs/impl_constraints.xdc:8678]
WARNING: [Vivado 12-627] No clocks matched 'clk_out2_clk_wiz_0'. [E:/experiment/¸´µ©Î¢/Fast-BEV/Fastbev2.0_sa/part2_sa/part2_sa_v2.0/Vivado_Project/constrs/impl_constraints.xdc:8678]
INFO: [Vivado 12-626] No clocks found. Please use 'create_clock' or 'create_generated_clock' command to create clocks. [E:/experiment/¸´µ©Î¢/Fast-BEV/Fastbev2.0_sa/part2_sa/part2_sa_v2.0/Vivado_Project/constrs/impl_constraints.xdc:8678]
WARNING: [Vivado 12-627] No clocks matched 'clk_out2_clk_wiz_0'. [E:/experiment/¸´µ©Î¢/Fast-BEV/Fastbev2.0_sa/part2_sa/part2_sa_v2.0/Vivado_Project/constrs/impl_constraints.xdc:8679]
INFO: [Vivado 12-626] No clocks found. Please use 'create_clock' or 'create_generated_clock' command to create clocks. [E:/experiment/¸´µ©Î¢/Fast-BEV/Fastbev2.0_sa/part2_sa/part2_sa_v2.0/Vivado_Project/constrs/impl_constraints.xdc:8679]
WARNING: [Vivado 12-627] No clocks matched 'clk_out1_clk_wiz_0'. [E:/experiment/¸´µ©Î¢/Fast-BEV/Fastbev2.0_sa/part2_sa/part2_sa_v2.0/Vivado_Project/constrs/impl_constraints.xdc:8679]
INFO: [Vivado 12-626] No clocks found. Please use 'create_clock' or 'create_generated_clock' command to create clocks. [E:/experiment/¸´µ©Î¢/Fast-BEV/Fastbev2.0_sa/part2_sa/part2_sa_v2.0/Vivado_Project/constrs/impl_constraints.xdc:8679]
WARNING: [Vivado 12-627] No clocks matched 'clk_out1_clk_wiz_0'. [E:/experiment/¸´µ©Î¢/Fast-BEV/Fastbev2.0_sa/part2_sa/part2_sa_v2.0/Vivado_Project/constrs/impl_constraints.xdc:8683]
INFO: [Vivado 12-626] No clocks found. Please use 'create_clock' or 'create_generated_clock' command to create clocks. [E:/experiment/¸´µ©Î¢/Fast-BEV/Fastbev2.0_sa/part2_sa/part2_sa_v2.0/Vivado_Project/constrs/impl_constraints.xdc:8683]
WARNING: [Vivado 12-627] No clocks matched 'clk_pll_i'. [E:/experiment/¸´µ©Î¢/Fast-BEV/Fastbev2.0_sa/part2_sa/part2_sa_v2.0/Vivado_Project/constrs/impl_constraints.xdc:8683]
INFO: [Vivado 12-626] No clocks found. Please use 'create_clock' or 'create_generated_clock' command to create clocks. [E:/experiment/¸´µ©Î¢/Fast-BEV/Fastbev2.0_sa/part2_sa/part2_sa_v2.0/Vivado_Project/constrs/impl_constraints.xdc:8683]
WARNING: [Vivado 12-627] No clocks matched 'clk_pll_i'. [E:/experiment/¸´µ©Î¢/Fast-BEV/Fastbev2.0_sa/part2_sa/part2_sa_v2.0/Vivado_Project/constrs/impl_constraints.xdc:8684]
INFO: [Vivado 12-626] No clocks found. Please use 'create_clock' or 'create_generated_clock' command to create clocks. [E:/experiment/¸´µ©Î¢/Fast-BEV/Fastbev2.0_sa/part2_sa/part2_sa_v2.0/Vivado_Project/constrs/impl_constraints.xdc:8684]
WARNING: [Vivado 12-627] No clocks matched 'clk_out1_clk_wiz_0'. [E:/experiment/¸´µ©Î¢/Fast-BEV/Fastbev2.0_sa/part2_sa/part2_sa_v2.0/Vivado_Project/constrs/impl_constraints.xdc:8684]
INFO: [Vivado 12-626] No clocks found. Please use 'create_clock' or 'create_generated_clock' command to create clocks. [E:/experiment/¸´µ©Î¢/Fast-BEV/Fastbev2.0_sa/part2_sa/part2_sa_v2.0/Vivado_Project/constrs/impl_constraints.xdc:8684]
CRITICAL WARNING: [Vivado 12-613] Cannot find cell 'U0_ps_ai_wrap_demo/U0_ps_ai_peripheral/frame_trans_inst0/axis_master_inst/afifo_24w_4096d_u0/U0' in current context, where current instance = '' and current design = 'preSynthElab_1' [E:/experiment/¸´µ©Î¢/Fast-BEV/Fastbev2.0_sa/part2_sa/part2_sa_v2.0/Vivado_Project/constrs/impl_constraints.xdc:8941]
WARNING: [Vivado 12-4214] option '-scoped_to_current_instance' can't be used with top instance, ignoring this option. [E:/experiment/¸´µ©Î¢/Fast-BEV/Fastbev2.0_sa/part2_sa/part2_sa_v2.0/Vivado_Project/constrs/impl_constraints.xdc:8942]
WARNING: [Vivado 12-584] No ports matched 'wr_clk'. [E:/experiment/¸´µ©Î¢/Fast-BEV/Fastbev2.0_sa/part2_sa/part2_sa_v2.0/Vivado_Project/constrs/impl_constraints.xdc:8942]
WARNING: [Vivado 12-830] No fanout objects found for 'all_fanout -from [get_ports -scoped_to_current_instance wr_clk] -flat -endpoints_only'. [E:/experiment/¸´µ©Î¢/Fast-BEV/Fastbev2.0_sa/part2_sa/part2_sa_v2.0/Vivado_Project/constrs/impl_constraints.xdc:8942]
CRITICAL WARNING: [Vivado 12-613] Cannot find cell 'U0_ps_ai_wrap_demo/U0_ps_ai_peripheral/ZGolo/u_AI_Mate_top/U0_ddr2hp_itcn/u0_ar_cdc_fifo_ddr/u0_cdc_fifo_ar_64/U0' in current context, where current instance = '' and current design = 'preSynthElab_1' [E:/experiment/¸´µ©Î¢/Fast-BEV/Fastbev2.0_sa/part2_sa/part2_sa_v2.0/Vivado_Project/constrs/impl_constraints.xdc:9019]
WARNING: [Vivado 12-4214] option '-scoped_to_current_instance' can't be used with top instance, ignoring this option. [E:/experiment/¸´µ©Î¢/Fast-BEV/Fastbev2.0_sa/part2_sa/part2_sa_v2.0/Vivado_Project/constrs/impl_constraints.xdc:9020]
WARNING: [Vivado 12-584] No ports matched 'wr_clk'. [E:/experiment/¸´µ©Î¢/Fast-BEV/Fastbev2.0_sa/part2_sa/part2_sa_v2.0/Vivado_Project/constrs/impl_constraints.xdc:9020]
WARNING: [Vivado 12-830] No fanout objects found for 'all_fanout -from [get_ports -scoped_to_current_instance wr_clk] -flat -endpoints_only'. [E:/experiment/¸´µ©Î¢/Fast-BEV/Fastbev2.0_sa/part2_sa/part2_sa_v2.0/Vivado_Project/constrs/impl_constraints.xdc:9020]
CRITICAL WARNING: [Vivado 12-613] Cannot find cell 'U0_ps_ai_wrap_demo/U0_ps_ai_peripheral/ZGolo/u_AI_Mate_top/U0_ddr2hp_itcn/u0_aw_cdc_fifo_ddr/u0_cdc_fifo_aw_616/U0' in current context, where current instance = '' and current design = 'preSynthElab_1' [E:/experiment/¸´µ©Î¢/Fast-BEV/Fastbev2.0_sa/part2_sa/part2_sa_v2.0/Vivado_Project/constrs/impl_constraints.xdc:9097]
WARNING: [Vivado 12-4214] option '-scoped_to_current_instance' can't be used with top instance, ignoring this option. [E:/experiment/¸´µ©Î¢/Fast-BEV/Fastbev2.0_sa/part2_sa/part2_sa_v2.0/Vivado_Project/constrs/impl_constraints.xdc:9098]
WARNING: [Vivado 12-584] No ports matched 'wr_clk'. [E:/experiment/¸´µ©Î¢/Fast-BEV/Fastbev2.0_sa/part2_sa/part2_sa_v2.0/Vivado_Project/constrs/impl_constraints.xdc:9098]
WARNING: [Vivado 12-830] No fanout objects found for 'all_fanout -from [get_ports -scoped_to_current_instance wr_clk] -flat -endpoints_only'. [E:/experiment/¸´µ©Î¢/Fast-BEV/Fastbev2.0_sa/part2_sa/part2_sa_v2.0/Vivado_Project/constrs/impl_constraints.xdc:9098]
CRITICAL WARNING: [Vivado 12-613] Cannot find cell 'U0_ps_ai_wrap_demo/U0_ps_ai_peripheral/ZGolo/u_AI_Mate_top/U0_ddr2hp_itcn/u0_r_cdc_fifo_ddr/u0_cdc_fifo_r_544/U0' in current context, where current instance = '' and current design = 'preSynthElab_1' [E:/experiment/¸´µ©Î¢/Fast-BEV/Fastbev2.0_sa/part2_sa/part2_sa_v2.0/Vivado_Project/constrs/impl_constraints.xdc:9234]
WARNING: [Vivado 12-4214] option '-scoped_to_current_instance' can't be used with top instance, ignoring this option. [E:/experiment/¸´µ©Î¢/Fast-BEV/Fastbev2.0_sa/part2_sa/part2_sa_v2.0/Vivado_Project/constrs/impl_constraints.xdc:9235]
WARNING: [Vivado 12-584] No ports matched 'wr_clk'. [E:/experiment/¸´µ©Î¢/Fast-BEV/Fastbev2.0_sa/part2_sa/part2_sa_v2.0/Vivado_Project/constrs/impl_constraints.xdc:9235]
WARNING: [Vivado 12-830] No fanout objects found for 'all_fanout -from [get_ports -scoped_to_current_instance wr_clk] -flat -endpoints_only'. [E:/experiment/¸´µ©Î¢/Fast-BEV/Fastbev2.0_sa/part2_sa/part2_sa_v2.0/Vivado_Project/constrs/impl_constraints.xdc:9235]
CRITICAL WARNING: [Vivado 12-613] Cannot find cell 'U0_ps_ai_wrap_demo/U0_ps_ai_peripheral/ZGolo/u_AI_Mate_top/U0_ddr2hp_itcn/u0_aw_cdc_fifo_ddr/u0_cdc_fifo_aw_616/U0' in current context, where current instance = '' and current design = 'preSynthElab_1' [E:/experiment/¸´µ©Î¢/Fast-BEV/Fastbev2.0_sa/part2_sa/part2_sa_v2.0/Vivado_Project/constrs/impl_constraints.xdc:9312]
WARNING: [Vivado 12-4214] option '-scoped_to_current_instance' can't be used with top instance, ignoring this option. [E:/experiment/¸´µ©Î¢/Fast-BEV/Fastbev2.0_sa/part2_sa/part2_sa_v2.0/Vivado_Project/constrs/impl_constraints.xdc:9313]
WARNING: [Vivado 12-584] No ports matched 'wr_clk'. [E:/experiment/¸´µ©Î¢/Fast-BEV/Fastbev2.0_sa/part2_sa/part2_sa_v2.0/Vivado_Project/constrs/impl_constraints.xdc:9313]
WARNING: [Vivado 12-830] No fanout objects found for 'all_fanout -from [get_ports -scoped_to_current_instance wr_clk] -flat -endpoints_only'. [E:/experiment/¸´µ©Î¢/Fast-BEV/Fastbev2.0_sa/part2_sa/part2_sa_v2.0/Vivado_Project/constrs/impl_constraints.xdc:9313]
CRITICAL WARNING: [Vivado 12-613] Cannot find cell 'U0_ps_ai_wrap_demo/U0_ps_ai_peripheral/ZGolo/u_AI_Mate_top/U0_ddr2hp_itcn/u0_ar_cdc_fifo_ddr/u0_cdc_fifo_ar_64/U0' in current context, where current instance = '' and current design = 'preSynthElab_1' [E:/experiment/¸´µ©Î¢/Fast-BEV/Fastbev2.0_sa/part2_sa/part2_sa_v2.0/Vivado_Project/constrs/impl_constraints.xdc:9390]
WARNING: [Vivado 12-4214] option '-scoped_to_current_instance' can't be used with top instance, ignoring this option. [E:/experiment/¸´µ©Î¢/Fast-BEV/Fastbev2.0_sa/part2_sa/part2_sa_v2.0/Vivado_Project/constrs/impl_constraints.xdc:9391]
WARNING: [Vivado 12-584] No ports matched 'wr_clk'. [E:/experiment/¸´µ©Î¢/Fast-BEV/Fastbev2.0_sa/part2_sa/part2_sa_v2.0/Vivado_Project/constrs/impl_constraints.xdc:9391]
WARNING: [Vivado 12-830] No fanout objects found for 'all_fanout -from [get_ports -scoped_to_current_instance wr_clk] -flat -endpoints_only'. [E:/experiment/¸´µ©Î¢/Fast-BEV/Fastbev2.0_sa/part2_sa/part2_sa_v2.0/Vivado_Project/constrs/impl_constraints.xdc:9391]
CRITICAL WARNING: [Vivado 12-613] Cannot find cell 'U0_ps_ai_wrap_demo/U0_ps_ai_peripheral/ZGolo/u_AI_Mate_top/U0_ddr2hp_itcn/u0_r_cdc_fifo_ddr/u0_cdc_fifo_r_544/U0' in current context, where current instance = '' and current design = 'preSynthElab_1' [E:/experiment/¸´µ©Î¢/Fast-BEV/Fastbev2.0_sa/part2_sa/part2_sa_v2.0/Vivado_Project/constrs/impl_constraints.xdc:9748]
WARNING: [Vivado 12-4214] option '-scoped_to_current_instance' can't be used with top instance, ignoring this option. [E:/experiment/¸´µ©Î¢/Fast-BEV/Fastbev2.0_sa/part2_sa/part2_sa_v2.0/Vivado_Project/constrs/impl_constraints.xdc:9749]
WARNING: [Vivado 12-584] No ports matched 'wr_clk'. [E:/experiment/¸´µ©Î¢/Fast-BEV/Fastbev2.0_sa/part2_sa/part2_sa_v2.0/Vivado_Project/constrs/impl_constraints.xdc:9749]
WARNING: [Vivado 12-830] No fanout objects found for 'all_fanout -from [get_ports -scoped_to_current_instance wr_clk] -flat -endpoints_only'. [E:/experiment/¸´µ©Î¢/Fast-BEV/Fastbev2.0_sa/part2_sa/part2_sa_v2.0/Vivado_Project/constrs/impl_constraints.xdc:9749]
CRITICAL WARNING: [Vivado 12-613] Cannot find cell 'U0_ps_ai_wrap_demo/U0_ps_ai_peripheral/frame_trans_inst0/axis_master_inst/afifo_24w_4096d_u0/U0/inst_fifo_gen/gconvfifo.rf/grf.rf/rstblk/ngwrdrst.grst.g7serrst.gnsckt_wrst.gic_rst.rst_rd_reg2_inst' in current context, where current instance = '' and current design = 'preSynthElab_1' [E:/experiment/¸´µ©Î¢/Fast-BEV/Fastbev2.0_sa/part2_sa/part2_sa_v2.0/Vivado_Project/constrs/impl_constraints.xdc:9902]
WARNING: [Vivado 12-4214] option '-scoped_to_current_instance' can't be used with top instance, ignoring this option. [E:/experiment/¸´µ©Î¢/Fast-BEV/Fastbev2.0_sa/part2_sa/part2_sa_v2.0/Vivado_Project/constrs/impl_constraints.xdc:9903]
WARNING: [Vivado 12-584] No ports matched 'src_arst'. [E:/experiment/¸´µ©Î¢/Fast-BEV/Fastbev2.0_sa/part2_sa/part2_sa_v2.0/Vivado_Project/constrs/impl_constraints.xdc:9903]
CRITICAL WARNING: [Vivado 12-613] Cannot find cell 'U0_ps_ai_wrap_demo/U0_ps_ai_peripheral/frame_trans_inst0/axis_master_inst/afifo_24w_4096d_u0/U0/inst_fifo_gen/gconvfifo.rf/grf.rf/rstblk/ngwrdrst.grst.g7serrst.gnsckt_wrst.rst_wr_reg2_inst' in current context, where current instance = '' and current design = 'preSynthElab_1' [E:/experiment/¸´µ©Î¢/Fast-BEV/Fastbev2.0_sa/part2_sa/part2_sa_v2.0/Vivado_Project/constrs/impl_constraints.xdc:9908]
WARNING: [Vivado 12-4214] option '-scoped_to_current_instance' can't be used with top instance, ignoring this option. [E:/experiment/¸´µ©Î¢/Fast-BEV/Fastbev2.0_sa/part2_sa/part2_sa_v2.0/Vivado_Project/constrs/impl_constraints.xdc:9909]
WARNING: [Vivado 12-584] No ports matched 'src_arst'. [E:/experiment/¸´µ©Î¢/Fast-BEV/Fastbev2.0_sa/part2_sa/part2_sa_v2.0/Vivado_Project/constrs/impl_constraints.xdc:9909]
CRITICAL WARNING: [Vivado 12-613] Cannot find cell 'U0_ps_ai_wrap_demo/U0_ps_ai_peripheral/ZGolo/u_AI_Mate_top/U0_ddr2hp_itcn/u0_ar_cdc_fifo_ddr/u0_cdc_fifo_ar_64/U0/inst_fifo_gen/gconvfifo.rf/grf.rf/rstblk/ngwrdrst.grst.g7serrst.gnsckt_wrst.gic_rst.rst_rd_reg2_inst' in current context, where current instance = '' and current design = 'preSynthElab_1' [E:/experiment/¸´µ©Î¢/Fast-BEV/Fastbev2.0_sa/part2_sa/part2_sa_v2.0/Vivado_Project/constrs/impl_constraints.xdc:9914]
WARNING: [Vivado 12-4214] option '-scoped_to_current_instance' can't be used with top instance, ignoring this option. [E:/experiment/¸´µ©Î¢/Fast-BEV/Fastbev2.0_sa/part2_sa/part2_sa_v2.0/Vivado_Project/constrs/impl_constraints.xdc:9915]
WARNING: [Vivado 12-584] No ports matched 'src_arst'. [E:/experiment/¸´µ©Î¢/Fast-BEV/Fastbev2.0_sa/part2_sa/part2_sa_v2.0/Vivado_Project/constrs/impl_constraints.xdc:9915]
CRITICAL WARNING: [Vivado 12-613] Cannot find cell 'U0_ps_ai_wrap_demo/U0_ps_ai_peripheral/ZGolo/u_AI_Mate_top/U0_ddr2hp_itcn/u0_ar_cdc_fifo_ddr/u0_cdc_fifo_ar_64/U0/inst_fifo_gen/gconvfifo.rf/grf.rf/rstblk/ngwrdrst.grst.g7serrst.gnsckt_wrst.rst_wr_reg2_inst' in current context, where current instance = '' and current design = 'preSynthElab_1' [E:/experiment/¸´µ©Î¢/Fast-BEV/Fastbev2.0_sa/part2_sa/part2_sa_v2.0/Vivado_Project/constrs/impl_constraints.xdc:9920]
WARNING: [Vivado 12-4214] option '-scoped_to_current_instance' can't be used with top instance, ignoring this option. [E:/experiment/¸´µ©Î¢/Fast-BEV/Fastbev2.0_sa/part2_sa/part2_sa_v2.0/Vivado_Project/constrs/impl_constraints.xdc:9921]
WARNING: [Vivado 12-584] No ports matched 'src_arst'. [E:/experiment/¸´µ©Î¢/Fast-BEV/Fastbev2.0_sa/part2_sa/part2_sa_v2.0/Vivado_Project/constrs/impl_constraints.xdc:9921]
CRITICAL WARNING: [Vivado 12-613] Cannot find cell 'U0_ps_ai_wrap_demo/U0_ps_ai_peripheral/ZGolo/u_AI_Mate_top/U0_ddr2hp_itcn/u0_aw_cdc_fifo_ddr/u0_cdc_fifo_aw_616/U0/inst_fifo_gen/gconvfifo.rf/grf.rf/rstblk/ngwrdrst.grst.g7serrst.gnsckt_wrst.gic_rst.rst_rd_reg2_inst' in current context, where current instance = '' and current design = 'preSynthElab_1' [E:/experiment/¸´µ©Î¢/Fast-BEV/Fastbev2.0_sa/part2_sa/part2_sa_v2.0/Vivado_Project/constrs/impl_constraints.xdc:9926]
WARNING: [Vivado 12-4214] option '-scoped_to_current_instance' can't be used with top instance, ignoring this option. [E:/experiment/¸´µ©Î¢/Fast-BEV/Fastbev2.0_sa/part2_sa/part2_sa_v2.0/Vivado_Project/constrs/impl_constraints.xdc:9927]
WARNING: [Vivado 12-584] No ports matched 'src_arst'. [E:/experiment/¸´µ©Î¢/Fast-BEV/Fastbev2.0_sa/part2_sa/part2_sa_v2.0/Vivado_Project/constrs/impl_constraints.xdc:9927]
CRITICAL WARNING: [Vivado 12-613] Cannot find cell 'U0_ps_ai_wrap_demo/U0_ps_ai_peripheral/ZGolo/u_AI_Mate_top/U0_ddr2hp_itcn/u0_aw_cdc_fifo_ddr/u0_cdc_fifo_aw_616/U0/inst_fifo_gen/gconvfifo.rf/grf.rf/rstblk/ngwrdrst.grst.g7serrst.gnsckt_wrst.rst_wr_reg2_inst' in current context, where current instance = '' and current design = 'preSynthElab_1' [E:/experiment/¸´µ©Î¢/Fast-BEV/Fastbev2.0_sa/part2_sa/part2_sa_v2.0/Vivado_Project/constrs/impl_constraints.xdc:9932]
WARNING: [Vivado 12-4214] option '-scoped_to_current_instance' can't be used with top instance, ignoring this option. [E:/experiment/¸´µ©Î¢/Fast-BEV/Fastbev2.0_sa/part2_sa/part2_sa_v2.0/Vivado_Project/constrs/impl_constraints.xdc:9933]
WARNING: [Vivado 12-584] No ports matched 'src_arst'. [E:/experiment/¸´µ©Î¢/Fast-BEV/Fastbev2.0_sa/part2_sa/part2_sa_v2.0/Vivado_Project/constrs/impl_constraints.xdc:9933]
CRITICAL WARNING: [Vivado 12-613] Cannot find cell 'U0_ps_ai_wrap_demo/U0_ps_ai_peripheral/ZGolo/u_AI_Mate_top/U0_ddr2hp_itcn/u0_r_cdc_fifo_ddr/u0_cdc_fifo_r_544/U0/inst_fifo_gen/gconvfifo.rf/grf.rf/rstblk/ngwrdrst.grst.g7serrst.gnsckt_wrst.gic_rst.rst_rd_reg2_inst' in current context, where current instance = '' and current design = 'preSynthElab_1' [E:/experiment/¸´µ©Î¢/Fast-BEV/Fastbev2.0_sa/part2_sa/part2_sa_v2.0/Vivado_Project/constrs/impl_constraints.xdc:9938]
WARNING: [Vivado 12-4214] option '-scoped_to_current_instance' can't be used with top instance, ignoring this option. [E:/experiment/¸´µ©Î¢/Fast-BEV/Fastbev2.0_sa/part2_sa/part2_sa_v2.0/Vivado_Project/constrs/impl_constraints.xdc:9939]
WARNING: [Vivado 12-584] No ports matched 'src_arst'. [E:/experiment/¸´µ©Î¢/Fast-BEV/Fastbev2.0_sa/part2_sa/part2_sa_v2.0/Vivado_Project/constrs/impl_constraints.xdc:9939]
CRITICAL WARNING: [Vivado 12-613] Cannot find cell 'U0_ps_ai_wrap_demo/U0_ps_ai_peripheral/ZGolo/u_AI_Mate_top/U0_ddr2hp_itcn/u0_r_cdc_fifo_ddr/u0_cdc_fifo_r_544/U0/inst_fifo_gen/gconvfifo.rf/grf.rf/rstblk/ngwrdrst.grst.g7serrst.gnsckt_wrst.rst_wr_reg2_inst' in current context, where current instance = '' and current design = 'preSynthElab_1' [E:/experiment/¸´µ©Î¢/Fast-BEV/Fastbev2.0_sa/part2_sa/part2_sa_v2.0/Vivado_Project/constrs/impl_constraints.xdc:9944]
WARNING: [Vivado 12-4214] option '-scoped_to_current_instance' can't be used with top instance, ignoring this option. [E:/experiment/¸´µ©Î¢/Fast-BEV/Fastbev2.0_sa/part2_sa/part2_sa_v2.0/Vivado_Project/constrs/impl_constraints.xdc:9945]
WARNING: [Vivado 12-584] No ports matched 'src_arst'. [E:/experiment/¸´µ©Î¢/Fast-BEV/Fastbev2.0_sa/part2_sa/part2_sa_v2.0/Vivado_Project/constrs/impl_constraints.xdc:9945]
CRITICAL WARNING: [Vivado 12-613] Cannot find cell 'U0_ps_ai_wrap_demo/U0_ps_ai_peripheral/frame_to_ps_inst0/cmos_write_req_gen_m0/rindex_buf_2b_16w_u0/U0/inst_fifo_gen/gconvfifo.rf/grf.rf/rstblk/ngwrdrst.grst.g7serrst.gnsckt_wrst.gic_rst.rst_rd_reg2_inst' in current context, where current instance = '' and current design = 'preSynthElab_1' [E:/experiment/¸´µ©Î¢/Fast-BEV/Fastbev2.0_sa/part2_sa/part2_sa_v2.0/Vivado_Project/constrs/impl_constraints.xdc:9950]
WARNING: [Vivado 12-4214] option '-scoped_to_current_instance' can't be used with top instance, ignoring this option. [E:/experiment/¸´µ©Î¢/Fast-BEV/Fastbev2.0_sa/part2_sa/part2_sa_v2.0/Vivado_Project/constrs/impl_constraints.xdc:9951]
WARNING: [Vivado 12-584] No ports matched 'src_arst'. [E:/experiment/¸´µ©Î¢/Fast-BEV/Fastbev2.0_sa/part2_sa/part2_sa_v2.0/Vivado_Project/constrs/impl_constraints.xdc:9951]
CRITICAL WARNING: [Vivado 12-613] Cannot find cell 'U0_ps_ai_wrap_demo/U0_ps_ai_peripheral/frame_to_ps_inst0/cmos_write_req_gen_m0/rindex_buf_2b_16w_u0/U0/inst_fifo_gen/gconvfifo.rf/grf.rf/rstblk/ngwrdrst.grst.g7serrst.gnsckt_wrst.rst_wr_reg2_inst' in current context, where current instance = '' and current design = 'preSynthElab_1' [E:/experiment/¸´µ©Î¢/Fast-BEV/Fastbev2.0_sa/part2_sa/part2_sa_v2.0/Vivado_Project/constrs/impl_constraints.xdc:9956]
WARNING: [Vivado 12-4214] option '-scoped_to_current_instance' can't be used with top instance, ignoring this option. [E:/experiment/¸´µ©Î¢/Fast-BEV/Fastbev2.0_sa/part2_sa/part2_sa_v2.0/Vivado_Project/constrs/impl_constraints.xdc:9957]
WARNING: [Vivado 12-584] No ports matched 'src_arst'. [E:/experiment/¸´µ©Î¢/Fast-BEV/Fastbev2.0_sa/part2_sa/part2_sa_v2.0/Vivado_Project/constrs/impl_constraints.xdc:9957]
CRITICAL WARNING: [Vivado 12-613] Cannot find cell 'U0_ps_ai_wrap_demo/U0_ps_ai_peripheral/frame_to_ps_inst0/cmos_write_req_gen_m0/windex_buf_2b_16w_u0/U0/inst_fifo_gen/gconvfifo.rf/grf.rf/rstblk/ngwrdrst.grst.g7serrst.gnsckt_wrst.gic_rst.rst_rd_reg2_inst' in current context, where current instance = '' and current design = 'preSynthElab_1' [E:/experiment/¸´µ©Î¢/Fast-BEV/Fastbev2.0_sa/part2_sa/part2_sa_v2.0/Vivado_Project/constrs/impl_constraints.xdc:9962]
WARNING: [Vivado 12-4214] option '-scoped_to_current_instance' can't be used with top instance, ignoring this option. [E:/experiment/¸´µ©Î¢/Fast-BEV/Fastbev2.0_sa/part2_sa/part2_sa_v2.0/Vivado_Project/constrs/impl_constraints.xdc:9963]
WARNING: [Vivado 12-584] No ports matched 'src_arst'. [E:/experiment/¸´µ©Î¢/Fast-BEV/Fastbev2.0_sa/part2_sa/part2_sa_v2.0/Vivado_Project/constrs/impl_constraints.xdc:9963]
CRITICAL WARNING: [Vivado 12-613] Cannot find cell 'U0_ps_ai_wrap_demo/U0_ps_ai_peripheral/frame_to_ps_inst0/cmos_write_req_gen_m0/windex_buf_2b_16w_u0/U0/inst_fifo_gen/gconvfifo.rf/grf.rf/rstblk/ngwrdrst.grst.g7serrst.gnsckt_wrst.rst_wr_reg2_inst' in current context, where current instance = '' and current design = 'preSynthElab_1' [E:/experiment/¸´µ©Î¢/Fast-BEV/Fastbev2.0_sa/part2_sa/part2_sa_v2.0/Vivado_Project/constrs/impl_constraints.xdc:9968]
WARNING: [Vivado 12-4214] option '-scoped_to_current_instance' can't be used with top instance, ignoring this option. [E:/experiment/¸´µ©Î¢/Fast-BEV/Fastbev2.0_sa/part2_sa/part2_sa_v2.0/Vivado_Project/constrs/impl_constraints.xdc:9969]
WARNING: [Vivado 12-584] No ports matched 'src_arst'. [E:/experiment/¸´µ©Î¢/Fast-BEV/Fastbev2.0_sa/part2_sa/part2_sa_v2.0/Vivado_Project/constrs/impl_constraints.xdc:9969]
CRITICAL WARNING: [Vivado 12-613] Cannot find cell 'U0_ps_ai_wrap_demo/U0_ps_ai_peripheral/frame_to_ps_inst0/frame_read_write_m0/write_buf/U0/inst_fifo_gen/gconvfifo.rf/grf.rf/rstblk/ngwrdrst.grst.g7serrst.gsckt_wrst.gic_rst.xpm_cdc_sync_rst_inst_wrst' in current context, where current instance = '' and current design = 'preSynthElab_1' [E:/experiment/¸´µ©Î¢/Fast-BEV/Fastbev2.0_sa/part2_sa/part2_sa_v2.0/Vivado_Project/constrs/impl_constraints.xdc:10181]
CRITICAL WARNING: [Vivado 12-613] Cannot find cell 'U0_ps_ai_wrap_demo/U0_ps_ai_peripheral/frame_to_ps_inst0/frame_read_write_m0/write_buf/U0/inst_fifo_gen/gconvfifo.rf/grf.rf/rstblk/ngwrdrst.grst.g7serrst.gsckt_wrst.xpm_cdc_sync_rst_inst_wrst' in current context, where current instance = '' and current design = 'preSynthElab_1' [E:/experiment/¸´µ©Î¢/Fast-BEV/Fastbev2.0_sa/part2_sa/part2_sa_v2.0/Vivado_Project/constrs/impl_constraints.xdc:10187]
CRITICAL WARNING: [Vivado 12-613] Cannot find cell 'U0_ps_ai_wrap_demo/U0_ps_ai_peripheral/frame_to_ps_inst0/frame_read_write_m0/read_buf/U0/inst_fifo_gen/gconvfifo.rf/grf.rf/rstblk/ngwrdrst.grst.g7serrst.gsckt_wrst.gic_rst.xpm_cdc_sync_rst_inst_wrst' in current context, where current instance = '' and current design = 'preSynthElab_1' [E:/experiment/¸´µ©Î¢/Fast-BEV/Fastbev2.0_sa/part2_sa/part2_sa_v2.0/Vivado_Project/constrs/impl_constraints.xdc:10196]
CRITICAL WARNING: [Vivado 12-613] Cannot find cell 'U0_ps_ai_wrap_demo/U0_ps_ai_peripheral/frame_to_ps_inst0/frame_read_write_m0/read_buf/U0/inst_fifo_gen/gconvfifo.rf/grf.rf/rstblk/ngwrdrst.grst.g7serrst.gsckt_wrst.xpm_cdc_sync_rst_inst_wrst' in current context, where current instance = '' and current design = 'preSynthElab_1' [E:/experiment/¸´µ©Î¢/Fast-BEV/Fastbev2.0_sa/part2_sa/part2_sa_v2.0/Vivado_Project/constrs/impl_constraints.xdc:10202]
CRITICAL WARNING: [Vivado 12-613] Cannot find cell 'U0_ps_ai_wrap_demo/U0_ps_ai_peripheral/frame_to_ps_inst0/frame_read_write_m0/write_buf/U0/inst_fifo_gen/gconvfifo.rf/grf.rf/gntv_or_sync_fifo.gcx.clkx/wr_pntr_cdc_inst' in current context, where current instance = '' and current design = 'preSynthElab_1' [E:/experiment/¸´µ©Î¢/Fast-BEV/Fastbev2.0_sa/part2_sa/part2_sa_v2.0/Vivado_Project/constrs/impl_constraints.xdc:10215]
CRITICAL WARNING: [Vivado 12-613] Cannot find cell 'U0_ps_ai_wrap_demo/U0_ps_ai_peripheral/frame_to_ps_inst0/frame_read_write_m0/write_buf/U0/inst_fifo_gen/gconvfifo.rf/grf.rf/gntv_or_sync_fifo.gcx.clkx/rd_pntr_cdc_inst' in current context, where current instance = '' and current design = 'preSynthElab_1' [E:/experiment/¸´µ©Î¢/Fast-BEV/Fastbev2.0_sa/part2_sa/part2_sa_v2.0/Vivado_Project/constrs/impl_constraints.xdc:10218]
CRITICAL WARNING: [Vivado 12-613] Cannot find cell 'U0_ps_ai_wrap_demo/U0_ps_ai_peripheral/frame_trans_inst0/axis_master_inst/afifo_24w_4096d_u0/U0/inst_fifo_gen/gconvfifo.rf/grf.rf/gntv_or_sync_fifo.gcx.clkx/rd_pntr_cdc_inst' in current context, where current instance = '' and current design = 'preSynthElab_1' [E:/experiment/¸´µ©Î¢/Fast-BEV/Fastbev2.0_sa/part2_sa/part2_sa_v2.0/Vivado_Project/constrs/impl_constraints.xdc:10221]
CRITICAL WARNING: [Vivado 12-613] Cannot find cell 'U0_ps_ai_wrap_demo/U0_ps_ai_peripheral/frame_trans_inst0/axis_master_inst/afifo_24w_4096d_u0/U0/inst_fifo_gen/gconvfifo.rf/grf.rf/gntv_or_sync_fifo.gcx.clkx/wr_pntr_cdc_inst' in current context, where current instance = '' and current design = 'preSynthElab_1' [E:/experiment/¸´µ©Î¢/Fast-BEV/Fastbev2.0_sa/part2_sa/part2_sa_v2.0/Vivado_Project/constrs/impl_constraints.xdc:10224]
CRITICAL WARNING: [Vivado 12-613] Cannot find cell 'U0_ps_ai_wrap_demo/U0_ps_ai_peripheral/frame_to_ps_inst0/frame_read_write_m0/read_buf/U0/inst_fifo_gen/gconvfifo.rf/grf.rf/gntv_or_sync_fifo.gcx.clkx/wr_pntr_cdc_inst' in current context, where current instance = '' and current design = 'preSynthElab_1' [E:/experiment/¸´µ©Î¢/Fast-BEV/Fastbev2.0_sa/part2_sa/part2_sa_v2.0/Vivado_Project/constrs/impl_constraints.xdc:10227]
CRITICAL WARNING: [Vivado 12-613] Cannot find cell 'U0_ps_ai_wrap_demo/U0_ps_ai_peripheral/frame_to_ps_inst0/frame_read_write_m0/read_buf/U0/inst_fifo_gen/gconvfifo.rf/grf.rf/gntv_or_sync_fifo.gcx.clkx/rd_pntr_cdc_inst' in current context, where current instance = '' and current design = 'preSynthElab_1' [E:/experiment/¸´µ©Î¢/Fast-BEV/Fastbev2.0_sa/part2_sa/part2_sa_v2.0/Vivado_Project/constrs/impl_constraints.xdc:10230]
CRITICAL WARNING: [Vivado 12-613] Cannot find cell 'U0_ps_ai_wrap_demo/U0_ps_ai_peripheral/ZGolo/u_AI_Mate_top/U0_ddr2hp_itcn/u0_ar_cdc_fifo_ddr/u0_cdc_fifo_ar_64/U0/inst_fifo_gen/gconvfifo.rf/grf.rf/gntv_or_sync_fifo.gcx.clkx/rd_pntr_cdc_inst' in current context, where current instance = '' and current design = 'preSynthElab_1' [E:/experiment/¸´µ©Î¢/Fast-BEV/Fastbev2.0_sa/part2_sa/part2_sa_v2.0/Vivado_Project/constrs/impl_constraints.xdc:10233]
CRITICAL WARNING: [Vivado 12-613] Cannot find cell 'U0_ps_ai_wrap_demo/U0_ps_ai_peripheral/ZGolo/u_AI_Mate_top/U0_ddr2hp_itcn/u0_ar_cdc_fifo_ddr/u0_cdc_fifo_ar_64/U0/inst_fifo_gen/gconvfifo.rf/grf.rf/gntv_or_sync_fifo.gcx.clkx/wr_pntr_cdc_inst' in current context, where current instance = '' and current design = 'preSynthElab_1' [E:/experiment/¸´µ©Î¢/Fast-BEV/Fastbev2.0_sa/part2_sa/part2_sa_v2.0/Vivado_Project/constrs/impl_constraints.xdc:10236]
CRITICAL WARNING: [Vivado 12-613] Cannot find cell 'U0_ps_ai_wrap_demo/U0_ps_ai_peripheral/ZGolo/u_AI_Mate_top/U0_ddr2hp_itcn/u0_aw_cdc_fifo_ddr/u0_cdc_fifo_aw_616/U0/inst_fifo_gen/gconvfifo.rf/grf.rf/gntv_or_sync_fifo.gcx.clkx/rd_pntr_cdc_inst' in current context, where current instance = '' and current design = 'preSynthElab_1' [E:/experiment/¸´µ©Î¢/Fast-BEV/Fastbev2.0_sa/part2_sa/part2_sa_v2.0/Vivado_Project/constrs/impl_constraints.xdc:10239]
CRITICAL WARNING: [Vivado 12-613] Cannot find cell 'U0_ps_ai_wrap_demo/U0_ps_ai_peripheral/ZGolo/u_AI_Mate_top/U0_ddr2hp_itcn/u0_aw_cdc_fifo_ddr/u0_cdc_fifo_aw_616/U0/inst_fifo_gen/gconvfifo.rf/grf.rf/gntv_or_sync_fifo.gcx.clkx/wr_pntr_cdc_inst' in current context, where current instance = '' and current design = 'preSynthElab_1' [E:/experiment/¸´µ©Î¢/Fast-BEV/Fastbev2.0_sa/part2_sa/part2_sa_v2.0/Vivado_Project/constrs/impl_constraints.xdc:10242]
CRITICAL WARNING: [Vivado 12-613] Cannot find cell 'U0_ps_ai_wrap_demo/U0_ps_ai_peripheral/ZGolo/u_AI_Mate_top/U0_ddr2hp_itcn/u0_r_cdc_fifo_ddr/u0_cdc_fifo_r_544/U0/inst_fifo_gen/gconvfifo.rf/grf.rf/gntv_or_sync_fifo.gcx.clkx/rd_pntr_cdc_inst' in current context, where current instance = '' and current design = 'preSynthElab_1' [E:/experiment/¸´µ©Î¢/Fast-BEV/Fastbev2.0_sa/part2_sa/part2_sa_v2.0/Vivado_Project/constrs/impl_constraints.xdc:10245]
CRITICAL WARNING: [Vivado 12-613] Cannot find cell 'U0_ps_ai_wrap_demo/U0_ps_ai_peripheral/ZGolo/u_AI_Mate_top/U0_ddr2hp_itcn/u0_r_cdc_fifo_ddr/u0_cdc_fifo_r_544/U0/inst_fifo_gen/gconvfifo.rf/grf.rf/gntv_or_sync_fifo.gcx.clkx/wr_pntr_cdc_inst' in current context, where current instance = '' and current design = 'preSynthElab_1' [E:/experiment/¸´µ©Î¢/Fast-BEV/Fastbev2.0_sa/part2_sa/part2_sa_v2.0/Vivado_Project/constrs/impl_constraints.xdc:10248]
CRITICAL WARNING: [Vivado 12-613] Cannot find cell 'U0_ps_ai_wrap_demo/U0_ps_ai_peripheral/frame_to_ps_inst0/cmos_write_req_gen_m0/rindex_buf_2b_16w_u0/U0/inst_fifo_gen/gconvfifo.rf/grf.rf/gntv_or_sync_fifo.gcx.clkx/rd_pntr_cdc_inst' in current context, where current instance = '' and current design = 'preSynthElab_1' [E:/experiment/¸´µ©Î¢/Fast-BEV/Fastbev2.0_sa/part2_sa/part2_sa_v2.0/Vivado_Project/constrs/impl_constraints.xdc:10251]
CRITICAL WARNING: [Vivado 12-613] Cannot find cell 'U0_ps_ai_wrap_demo/U0_ps_ai_peripheral/frame_to_ps_inst0/cmos_write_req_gen_m0/rindex_buf_2b_16w_u0/U0/inst_fifo_gen/gconvfifo.rf/grf.rf/gntv_or_sync_fifo.gcx.clkx/wr_pntr_cdc_inst' in current context, where current instance = '' and current design = 'preSynthElab_1' [E:/experiment/¸´µ©Î¢/Fast-BEV/Fastbev2.0_sa/part2_sa/part2_sa_v2.0/Vivado_Project/constrs/impl_constraints.xdc:10254]
CRITICAL WARNING: [Vivado 12-613] Cannot find cell 'U0_ps_ai_wrap_demo/U0_ps_ai_peripheral/frame_to_ps_inst0/cmos_write_req_gen_m0/windex_buf_2b_16w_u0/U0/inst_fifo_gen/gconvfifo.rf/grf.rf/gntv_or_sync_fifo.gcx.clkx/rd_pntr_cdc_inst' in current context, where current instance = '' and current design = 'preSynthElab_1' [E:/experiment/¸´µ©Î¢/Fast-BEV/Fastbev2.0_sa/part2_sa/part2_sa_v2.0/Vivado_Project/constrs/impl_constraints.xdc:10257]
CRITICAL WARNING: [Vivado 12-613] Cannot find cell 'U0_ps_ai_wrap_demo/U0_ps_ai_peripheral/frame_to_ps_inst0/cmos_write_req_gen_m0/windex_buf_2b_16w_u0/U0/inst_fifo_gen/gconvfifo.rf/grf.rf/gntv_or_sync_fifo.gcx.clkx/wr_pntr_cdc_inst' in current context, where current instance = '' and current design = 'preSynthElab_1' [E:/experiment/¸´µ©Î¢/Fast-BEV/Fastbev2.0_sa/part2_sa/part2_sa_v2.0/Vivado_Project/constrs/impl_constraints.xdc:10260]
Finished Parsing XDC File [E:/experiment/¸´µ©Î¢/Fast-BEV/Fastbev2.0_sa/part2_sa/part2_sa_v2.0/Vivado_Project/constrs/impl_constraints.xdc]
WARNING: [Project 1-498] One or more constraints failed evaluation while reading constraint file [E:/experiment/¸´µ©Î¢/Fast-BEV/Fastbev2.0_sa/part2_sa/part2_sa_v2.0/Vivado_Project/constrs/impl_constraints.xdc] and the design contains unresolved black boxes. These constraints will be read post-synthesis (as long as their source constraint file is marked as used_in_implementation) and should be applied correctly then. You should review the constraints listed in the file [.Xil/bev_edif_top_propImpl.xdc] and check the run log file to verify that these constraints were correctly applied.
INFO: [Project 1-236] Implementation specific constraints were found while reading constraint file [E:/experiment/¸´µ©Î¢/Fast-BEV/Fastbev2.0_sa/part2_sa/part2_sa_v2.0/Vivado_Project/constrs/impl_constraints.xdc]. These constraints will be ignored for synthesis but will be used in implementation. Impacted constraints are listed in the file [.Xil/bev_edif_top_propImpl.xdc].
Resolution: To avoid this warning, move constraints listed in [.Xil/bev_edif_top_propImpl.xdc] to another XDC file and exclude this new file from synthesis with the used_in_synthesis property (File Properties dialog in GUI) and re-run elaboration/synthesis.
Netlist sorting complete. Time (s): cpu = 00:00:00 ; elapsed = 00:00:00.007 . Memory (MB): peak = 1031.906 ; gain = 0.000
Completed Processing XDC Constraints

Netlist sorting complete. Time (s): cpu = 00:00:00 ; elapsed = 00:00:00.005 . Memory (MB): peak = 1031.906 ; gain = 0.000
INFO: [Project 1-111] Unisim Transformation Summary:
No Unisim elements were transformed.

Netlist sorting complete. Time (s): cpu = 00:00:00 ; elapsed = 00:00:00.008 . Memory (MB): peak = 1031.906 ; gain = 0.000
Constraint Validation Runtime : Time (s): cpu = 00:00:00 ; elapsed = 00:00:00.100 . Memory (MB): peak = 1031.906 ; gain = 0.000
---------------------------------------------------------------------------------
Finished Constraint Validation : Time (s): cpu = 00:00:21 ; elapsed = 00:00:26 . Memory (MB): peak = 1031.906 ; gain = 774.453
---------------------------------------------------------------------------------
---------------------------------------------------------------------------------
Start Loading Part and Timing Information
---------------------------------------------------------------------------------
Loading part: xc7z030ffg676-2
---------------------------------------------------------------------------------
Finished Loading Part and Timing Information : Time (s): cpu = 00:00:21 ; elapsed = 00:00:26 . Memory (MB): peak = 1031.906 ; gain = 774.453
---------------------------------------------------------------------------------
---------------------------------------------------------------------------------
Start Applying 'set_property' XDC Constraints
---------------------------------------------------------------------------------
Applied set_property IO_BUFFER_TYPE = NONE for ddr3_ck_n[0]. (constraint file  E:/experiment/¸´µ©Î¢/Fast-BEV/Fastbev2.0_sa/part2_sa/part2_sa_v2.0/Vivado_Project/constrs/impl_constraints.xdc, line 7952).
Applied set_property IO_BUFFER_TYPE = NONE for ddr3_ck_p[0]. (constraint file  E:/experiment/¸´µ©Î¢/Fast-BEV/Fastbev2.0_sa/part2_sa/part2_sa_v2.0/Vivado_Project/constrs/impl_constraints.xdc, line 7953).
---------------------------------------------------------------------------------
Finished applying 'set_property' XDC Constraints : Time (s): cpu = 00:00:22 ; elapsed = 00:00:27 . Memory (MB): peak = 1031.906 ; gain = 774.453
---------------------------------------------------------------------------------
INFO: [Synth 8-5544] ROM "lut_dst_mode" won't be mapped to Block RAM because address size (4) smaller than threshold (5)
INFO: [Synth 8-5544] ROM "state0" won't be mapped to Block RAM because address size (2) smaller than threshold (5)
INFO: [Synth 8-5545] ROM "state" won't be mapped to RAM because address size (32) is larger than maximum supported(25)
INFO: [Synth 8-5544] ROM "group_done" won't be mapped to Block RAM because address size (4) smaller than threshold (5)
INFO: [Synth 8-5544] ROM "active_stage" won't be mapped to Block RAM because address size (4) smaller than threshold (5)
INFO: [Synth 8-5544] ROM "s2_coarse_shifted" won't be mapped to Block RAM because address size (2) smaller than threshold (5)
INFO: [Synth 8-5544] ROM "s2_coarse_shifted" won't be mapped to Block RAM because address size (2) smaller than threshold (5)
INFO: [Synth 8-5544] ROM "s5_mag" won't be mapped to Block RAM because address size (1) smaller than threshold (5)
INFO: [Synth 8-5544] ROM "s5_mag" won't be mapped to Block RAM because address size (1) smaller than threshold (5)
INFO: [Synth 8-5544] ROM "candidate0" won't be mapped to Block RAM because address size (1) smaller than threshold (5)
INFO: [Synth 8-5818] HDL ADVISOR - The operator resource <adder> is shared. To prevent sharing consider applying a KEEP on the output of the operator [E:/experiment/¸´µ©Î¢/Fast-BEV/Fastbev2.0_sa/part2_sa/part2_sa_v2.0/Vivado_Project/rtl/quant_engine.v:140]
INFO: [Synth 8-5544] ROM "req_tag_fifo_reg[0]" won't be mapped to Block RAM because address size (2) smaller than threshold (5)
INFO: [Synth 8-5544] ROM "req_tag_fifo_reg[1]" won't be mapped to Block RAM because address size (2) smaller than threshold (5)
INFO: [Synth 8-5544] ROM "req_tag_fifo_reg[2]" won't be mapped to Block RAM because address size (2) smaller than threshold (5)
INFO: [Synth 8-5544] ROM "req_tag_fifo_reg[3]" won't be mapped to Block RAM because address size (2) smaller than threshold (5)
INFO: [Synth 8-5544] ROM "quant_tag_fifo_reg[0]" won't be mapped to Block RAM because address size (4) smaller than threshold (5)
INFO: [Synth 8-5544] ROM "quant_tag_fifo_reg[1]" won't be mapped to Block RAM because address size (4) smaller than threshold (5)
INFO: [Synth 8-5544] ROM "quant_tag_fifo_reg[2]" won't be mapped to Block RAM because address size (4) smaller than threshold (5)
INFO: [Synth 8-5544] ROM "quant_tag_fifo_reg[3]" won't be mapped to Block RAM because address size (4) smaller than threshold (5)
INFO: [Synth 8-5544] ROM "quant_tag_fifo_reg[4]" won't be mapped to Block RAM because address size (4) smaller than threshold (5)
INFO: [Synth 8-5544] ROM "quant_tag_fifo_reg[5]" won't be mapped to Block RAM because address size (4) smaller than threshold (5)
INFO: [Synth 8-5544] ROM "quant_tag_fifo_reg[6]" won't be mapped to Block RAM because address size (4) smaller than threshold (5)
INFO: [Synth 8-5544] ROM "quant_tag_fifo_reg[7]" won't be mapped to Block RAM because address size (4) smaller than threshold (5)
INFO: [Synth 8-5544] ROM "quant_tag_fifo_reg[8]" won't be mapped to Block RAM because address size (4) smaller than threshold (5)
INFO: [Synth 8-5544] ROM "quant_tag_fifo_reg[9]" won't be mapped to Block RAM because address size (4) smaller than threshold (5)
INFO: [Synth 8-5544] ROM "quant_tag_fifo_reg[10]" won't be mapped to Block RAM because address size (4) smaller than threshold (5)
INFO: [Synth 8-5544] ROM "quant_tag_fifo_reg[11]" won't be mapped to Block RAM because address size (4) smaller than threshold (5)
INFO: [Synth 8-5544] ROM "quant_tag_fifo_reg[12]" won't be mapped to Block RAM because address size (4) smaller than threshold (5)
INFO: [Synth 8-5544] ROM "quant_tag_fifo_reg[13]" won't be mapped to Block RAM because address size (4) smaller than threshold (5)
INFO: [Synth 8-5544] ROM "quant_tag_fifo_reg[14]" won't be mapped to Block RAM because address size (4) smaller than threshold (5)
INFO: [Synth 8-5544] ROM "quant_tag_fifo_reg[15]" won't be mapped to Block RAM because address size (4) smaller than threshold (5)
INFO: [Synth 8-5545] ROM "state0" won't be mapped to RAM because address size (32) is larger than maximum supported(25)
INFO: [Synth 8-5544] ROM "issue_pixel" won't be mapped to Block RAM because address size (2) smaller than threshold (5)
INFO: [Synth 8-5545] ROM "state" won't be mapped to RAM because address size (32) is larger than maximum supported(25)
INFO: [Synth 8-5818] HDL ADVISOR - The operator resource <adder> is shared. To prevent sharing consider applying a KEEP on the output of the operator [E:/experiment/¸´µ©Î¢/Fast-BEV/Fastbev2.0_sa/part2_sa/part2_sa_v2.0/Vivado_Project/rtl/sa_engine_int8.v:206]
INFO: [Synth 8-5818] HDL ADVISOR - The operator resource <adder> is shared. To prevent sharing consider applying a KEEP on the output of the operator [E:/experiment/¸´µ©Î¢/Fast-BEV/Fastbev2.0_sa/part2_sa/part2_sa_v2.0/Vivado_Project/rtl/sa_engine_int8.v:206]
INFO: [Synth 8-5818] HDL ADVISOR - The operator resource <adder> is shared. To prevent sharing consider applying a KEEP on the output of the operator [E:/experiment/¸´µ©Î¢/Fast-BEV/Fastbev2.0_sa/part2_sa/part2_sa_v2.0/Vivado_Project/rtl/sa_engine_int8.v:206]
INFO: [Synth 8-5818] HDL ADVISOR - The operator resource <adder> is shared. To prevent sharing consider applying a KEEP on the output of the operator [E:/experiment/¸´µ©Î¢/Fast-BEV/Fastbev2.0_sa/part2_sa/part2_sa_v2.0/Vivado_Project/rtl/sa_engine_int8.v:206]
INFO: [Synth 8-5818] HDL ADVISOR - The operator resource <adder> is shared. To prevent sharing consider applying a KEEP on the output of the operator [E:/experiment/¸´µ©Î¢/Fast-BEV/Fastbev2.0_sa/part2_sa/part2_sa_v2.0/Vivado_Project/rtl/sa_engine_int8.v:206]
INFO: [Synth 8-5818] HDL ADVISOR - The operator resource <adder> is shared. To prevent sharing consider applying a KEEP on the output of the operator [E:/experiment/¸´µ©Î¢/Fast-BEV/Fastbev2.0_sa/part2_sa/part2_sa_v2.0/Vivado_Project/rtl/sa_engine_int8.v:206]
INFO: [Synth 8-5818] HDL ADVISOR - The operator resource <adder> is shared. To prevent sharing consider applying a KEEP on the output of the operator [E:/experiment/¸´µ©Î¢/Fast-BEV/Fastbev2.0_sa/part2_sa/part2_sa_v2.0/Vivado_Project/rtl/sa_engine_int8.v:206]
INFO: [Synth 8-5818] HDL ADVISOR - The operator resource <adder> is shared. To prevent sharing consider applying a KEEP on the output of the operator [E:/experiment/¸´µ©Î¢/Fast-BEV/Fastbev2.0_sa/part2_sa/part2_sa_v2.0/Vivado_Project/rtl/sa_engine_int8.v:206]
INFO: [Synth 8-5818] HDL ADVISOR - The operator resource <adder> is shared. To prevent sharing consider applying a KEEP on the output of the operator [E:/experiment/¸´µ©Î¢/Fast-BEV/Fastbev2.0_sa/part2_sa/part2_sa_v2.0/Vivado_Project/rtl/sa_engine_int8.v:206]
INFO: [Synth 8-5818] HDL ADVISOR - The operator resource <adder> is shared. To prevent sharing consider applying a KEEP on the output of the operator [E:/experiment/¸´µ©Î¢/Fast-BEV/Fastbev2.0_sa/part2_sa/part2_sa_v2.0/Vivado_Project/rtl/sa_engine_int8.v:206]
INFO: [Synth 8-5818] HDL ADVISOR - The operator resource <adder> is shared. To prevent sharing consider applying a KEEP on the output of the operator [E:/experiment/¸´µ©Î¢/Fast-BEV/Fastbev2.0_sa/part2_sa/part2_sa_v2.0/Vivado_Project/rtl/sa_engine_int8.v:206]
INFO: [Synth 8-5818] HDL ADVISOR - The operator resource <adder> is shared. To prevent sharing consider applying a KEEP on the output of the operator [E:/experiment/¸´µ©Î¢/Fast-BEV/Fastbev2.0_sa/part2_sa/part2_sa_v2.0/Vivado_Project/rtl/sa_engine_int8.v:206]
INFO: [Synth 8-5818] HDL ADVISOR - The operator resource <adder> is shared. To prevent sharing consider applying a KEEP on the output of the operator [E:/experiment/¸´µ©Î¢/Fast-BEV/Fastbev2.0_sa/part2_sa/part2_sa_v2.0/Vivado_Project/rtl/sa_engine_int8.v:206]
INFO: [Synth 8-5818] HDL ADVISOR - The operator resource <adder> is shared. To prevent sharing consider applying a KEEP on the output of the operator [E:/experiment/¸´µ©Î¢/Fast-BEV/Fastbev2.0_sa/part2_sa/part2_sa_v2.0/Vivado_Project/rtl/sa_engine_int8.v:206]
INFO: [Synth 8-5818] HDL ADVISOR - The operator resource <adder> is shared. To prevent sharing consider applying a KEEP on the output of the operator [E:/experiment/¸´µ©Î¢/Fast-BEV/Fastbev2.0_sa/part2_sa/part2_sa_v2.0/Vivado_Project/rtl/sa_engine_int8.v:206]
INFO: [Synth 8-5818] HDL ADVISOR - The operator resource <adder> is shared. To prevent sharing consider applying a KEEP on the output of the operator [E:/experiment/¸´µ©Î¢/Fast-BEV/Fastbev2.0_sa/part2_sa/part2_sa_v2.0/Vivado_Project/rtl/sa_engine_int8.v:206]
INFO: [Synth 8-5546] ROM "rd_req" won't be mapped to RAM because it is too sparse
INFO: [Synth 8-5546] ROM "bt0" won't be mapped to RAM because it is too sparse
INFO: [Synth 8-5544] ROM "cache_tag_reg[0]" won't be mapped to Block RAM because address size (2) smaller than threshold (5)
INFO: [Synth 8-5544] ROM "cache_tag_reg[1]" won't be mapped to Block RAM because address size (2) smaller than threshold (5)
INFO: [Synth 8-5544] ROM "cache_tag_reg[2]" won't be mapped to Block RAM because address size (2) smaller than threshold (5)
INFO: [Synth 8-5544] ROM "cache_tag_reg[3]" won't be mapped to Block RAM because address size (2) smaller than threshold (5)
INFO: [Synth 8-5544] ROM "req_corner_fifo_reg[0]" won't be mapped to Block RAM because address size (2) smaller than threshold (5)
INFO: [Synth 8-5544] ROM "req_corner_fifo_reg[1]" won't be mapped to Block RAM because address size (2) smaller than threshold (5)
INFO: [Synth 8-5544] ROM "req_corner_fifo_reg[2]" won't be mapped to Block RAM because address size (2) smaller than threshold (5)
INFO: [Synth 8-5544] ROM "req_corner_fifo_reg[3]" won't be mapped to Block RAM because address size (2) smaller than threshold (5)
INFO: [Synth 8-5546] ROM "fx0" won't be mapped to RAM because it is too sparse
INFO: [Synth 8-5545] ROM "state0" won't be mapped to RAM because address size (32) is larger than maximum supported(25)
INFO: [Synth 8-5544] ROM "state" won't be mapped to Block RAM because address size (2) smaller than threshold (5)
INFO: [Synth 8-5544] ROM "feed_group" won't be mapped to Block RAM because address size (2) smaller than threshold (5)
INFO: [Synth 8-5544] ROM "pipe_result0" won't be mapped to Block RAM because address size (2) smaller than threshold (5)
WARNING: [Synth 8-6014] Unused sequential element  was removed.  [E:/experiment/¸´µ©Î¢/Fast-BEV/Fastbev2.0_sa/part2_sa/part2_sa_v2.0/Vivado_Project/rtl/sa_engine_int8.v:233]
WARNING: [Synth 8-6014] Unused sequential element  was removed.  [E:/experiment/¸´µ©Î¢/Fast-BEV/Fastbev2.0_sa/part2_sa/part2_sa_v2.0/Vivado_Project/rtl/sa_engine_int8.v:240]
WARNING: [Synth 8-6014] Unused sequential element  was removed.  [E:/experiment/¸´µ©Î¢/Fast-BEV/Fastbev2.0_sa/part2_sa/part2_sa_v2.0/Vivado_Project/rtl/sa_engine_int8.v:241]
WARNING: [Synth 8-6014] Unused sequential element  was removed.  [E:/experiment/¸´µ©Î¢/Fast-BEV/Fastbev2.0_sa/part2_sa/part2_sa_v2.0/Vivado_Project/rtl/sa_engine_int8.v:240]
WARNING: [Synth 8-6014] Unused sequential element  was removed.  [E:/experiment/¸´µ©Î¢/Fast-BEV/Fastbev2.0_sa/part2_sa/part2_sa_v2.0/Vivado_Project/rtl/sa_engine_int8.v:241]
WARNING: [Synth 8-6014] Unused sequential element  was removed.  [E:/experiment/¸´µ©Î¢/Fast-BEV/Fastbev2.0_sa/part2_sa/part2_sa_v2.0/Vivado_Project/rtl/sa_engine_int8.v:240]
WARNING: [Synth 8-6014] Unused sequential element  was removed.  [E:/experiment/¸´µ©Î¢/Fast-BEV/Fastbev2.0_sa/part2_sa/part2_sa_v2.0/Vivado_Project/rtl/sa_engine_int8.v:241]
WARNING: [Synth 8-6014] Unused sequential element  was removed.  [E:/experiment/¸´µ©Î¢/Fast-BEV/Fastbev2.0_sa/part2_sa/part2_sa_v2.0/Vivado_Project/rtl/sa_engine_int8.v:240]
WARNING: [Synth 8-6014] Unused sequential element  was removed.  [E:/experiment/¸´µ©Î¢/Fast-BEV/Fastbev2.0_sa/part2_sa/part2_sa_v2.0/Vivado_Project/rtl/sa_engine_int8.v:241]
WARNING: [Synth 8-6014] Unused sequential element  was removed.  [E:/experiment/¸´µ©Î¢/Fast-BEV/Fastbev2.0_sa/part2_sa/part2_sa_v2.0/Vivado_Project/rtl/sa_engine_int8.v:240]
WARNING: [Synth 8-6014] Unused sequential element  was removed.  [E:/experiment/¸´µ©Î¢/Fast-BEV/Fastbev2.0_sa/part2_sa/part2_sa_v2.0/Vivado_Project/rtl/sa_engine_int8.v:241]
WARNING: [Synth 8-6014] Unused sequential element  was removed.  [E:/experiment/¸´µ©Î¢/Fast-BEV/Fastbev2.0_sa/part2_sa/part2_sa_v2.0/Vivado_Project/rtl/sa_engine_int8.v:240]
WARNING: [Synth 8-6014] Unused sequential element  was removed.  [E:/experiment/¸´µ©Î¢/Fast-BEV/Fastbev2.0_sa/part2_sa/part2_sa_v2.0/Vivado_Project/rtl/sa_engine_int8.v:241]
WARNING: [Synth 8-6014] Unused sequential element  was removed.  [E:/experiment/¸´µ©Î¢/Fast-BEV/Fastbev2.0_sa/part2_sa/part2_sa_v2.0/Vivado_Project/rtl/sa_engine_int8.v:240]
WARNING: [Synth 8-6014] Unused sequential element  was removed.  [E:/experiment/¸´µ©Î¢/Fast-BEV/Fastbev2.0_sa/part2_sa/part2_sa_v2.0/Vivado_Project/rtl/sa_engine_int8.v:241]
WARNING: [Synth 8-6014] Unused sequential element  was removed.  [E:/experiment/¸´µ©Î¢/Fast-BEV/Fastbev2.0_sa/part2_sa/part2_sa_v2.0/Vivado_Project/rtl/sa_engine_int8.v:240]
WARNING: [Synth 8-6014] Unused sequential element  was removed.  [E:/experiment/¸´µ©Î¢/Fast-BEV/Fastbev2.0_sa/part2_sa/part2_sa_v2.0/Vivado_Project/rtl/sa_engine_int8.v:241]
WARNING: [Synth 8-6014] Unused sequential element  was removed.  [E:/experiment/¸´µ©Î¢/Fast-BEV/Fastbev2.0_sa/part2_sa/part2_sa_v2.0/Vivado_Project/rtl/sa_engine_int8.v:240]
WARNING: [Synth 8-6014] Unused sequential element  was removed.  [E:/experiment/¸´µ©Î¢/Fast-BEV/Fastbev2.0_sa/part2_sa/part2_sa_v2.0/Vivado_Project/rtl/sa_engine_int8.v:241]
WARNING: [Synth 8-6014] Unused sequential element  was removed.  [E:/experiment/¸´µ©Î¢/Fast-BEV/Fastbev2.0_sa/part2_sa/part2_sa_v2.0/Vivado_Project/rtl/sa_engine_int8.v:240]
WARNING: [Synth 8-6014] Unused sequential element  was removed.  [E:/experiment/¸´µ©Î¢/Fast-BEV/Fastbev2.0_sa/part2_sa/part2_sa_v2.0/Vivado_Project/rtl/sa_engine_int8.v:241]
WARNING: [Synth 8-6014] Unused sequential element  was removed.  [E:/experiment/¸´µ©Î¢/Fast-BEV/Fastbev2.0_sa/part2_sa/part2_sa_v2.0/Vivado_Project/rtl/sa_engine_int8.v:240]
WARNING: [Synth 8-6014] Unused sequential element  was removed.  [E:/experiment/¸´µ©Î¢/Fast-BEV/Fastbev2.0_sa/part2_sa/part2_sa_v2.0/Vivado_Project/rtl/sa_engine_int8.v:241]
WARNING: [Synth 8-6014] Unused sequential element  was removed.  [E:/experiment/¸´µ©Î¢/Fast-BEV/Fastbev2.0_sa/part2_sa/part2_sa_v2.0/Vivado_Project/rtl/sa_engine_int8.v:240]
WARNING: [Synth 8-6014] Unused sequential element  was removed.  [E:/experiment/¸´µ©Î¢/Fast-BEV/Fastbev2.0_sa/part2_sa/part2_sa_v2.0/Vivado_Project/rtl/sa_engine_int8.v:241]
WARNING: [Synth 8-6014] Unused sequential element  was removed.  [E:/experiment/¸´µ©Î¢/Fast-BEV/Fastbev2.0_sa/part2_sa/part2_sa_v2.0/Vivado_Project/rtl/sa_engine_int8.v:240]
WARNING: [Synth 8-6014] Unused sequential element  was removed.  [E:/experiment/¸´µ©Î¢/Fast-BEV/Fastbev2.0_sa/part2_sa/part2_sa_v2.0/Vivado_Project/rtl/sa_engine_int8.v:241]
WARNING: [Synth 8-6014] Unused sequential element  was removed.  [E:/experiment/¸´µ©Î¢/Fast-BEV/Fastbev2.0_sa/part2_sa/part2_sa_v2.0/Vivado_Project/rtl/sa_engine_int8.v:240]
WARNING: [Synth 8-6014] Unused sequential element  was removed.  [E:/experiment/¸´µ©Î¢/Fast-BEV/Fastbev2.0_sa/part2_sa/part2_sa_v2.0/Vivado_Project/rtl/sa_engine_int8.v:241]
WARNING: [Synth 8-6014] Unused sequential element  was removed.  [E:/experiment/¸´µ©Î¢/Fast-BEV/Fastbev2.0_sa/part2_sa/part2_sa_v2.0/Vivado_Project/rtl/sa_engine_int8.v:240]
WARNING: [Synth 8-6014] Unused sequential element  was removed.  [E:/experiment/¸´µ©Î¢/Fast-BEV/Fastbev2.0_sa/part2_sa/part2_sa_v2.0/Vivado_Project/rtl/sa_engine_int8.v:241]
INFO: [Synth 8-5546] ROM "rd_req" won't be mapped to RAM because it is too sparse
INFO: [Synth 8-5546] ROM "bt0" won't be mapped to RAM because it is too sparse
INFO: [Synth 8-5544] ROM "cache_tag_reg[0]" won't be mapped to Block RAM because address size (2) smaller than threshold (5)
INFO: [Synth 8-5544] ROM "cache_tag_reg[1]" won't be mapped to Block RAM because address size (2) smaller than threshold (5)
INFO: [Synth 8-5544] ROM "cache_tag_reg[2]" won't be mapped to Block RAM because address size (2) smaller than threshold (5)
INFO: [Synth 8-5544] ROM "cache_tag_reg[3]" won't be mapped to Block RAM because address size (2) smaller than threshold (5)
INFO: [Synth 8-5544] ROM "req_corner_fifo_reg[0]" won't be mapped to Block RAM because address size (2) smaller than threshold (5)
INFO: [Synth 8-5544] ROM "req_corner_fifo_reg[1]" won't be mapped to Block RAM because address size (2) smaller than threshold (5)
INFO: [Synth 8-5544] ROM "req_corner_fifo_reg[2]" won't be mapped to Block RAM because address size (2) smaller than threshold (5)
INFO: [Synth 8-5544] ROM "req_corner_fifo_reg[3]" won't be mapped to Block RAM because address size (2) smaller than threshold (5)
INFO: [Synth 8-5546] ROM "fx0" won't be mapped to RAM because it is too sparse
INFO: [Synth 8-5545] ROM "state0" won't be mapped to RAM because address size (32) is larger than maximum supported(25)
INFO: [Synth 8-5544] ROM "state" won't be mapped to Block RAM because address size (2) smaller than threshold (5)
INFO: [Synth 8-5544] ROM "feed_group" won't be mapped to Block RAM because address size (2) smaller than threshold (5)
INFO: [Synth 8-5544] ROM "pipe_result0" won't be mapped to Block RAM because address size (2) smaller than threshold (5)
INFO: [Synth 8-5546] ROM "row_low" won't be mapped to RAM because it is too sparse
INFO: [Synth 8-5544] ROM "state" won't be mapped to Block RAM because address size (1) smaller than threshold (5)
INFO: [Synth 8-5544] ROM "state" won't be mapped to Block RAM because address size (1) smaller than threshold (5)
INFO: [Synth 8-5544] ROM "state" won't be mapped to Block RAM because address size (1) smaller than threshold (5)
INFO: [Synth 8-5544] ROM "state" won't be mapped to Block RAM because address size (1) smaller than threshold (5)
INFO: [Synth 8-5546] ROM "engine_done" won't be mapped to RAM because it is too sparse
INFO: [Synth 8-5546] ROM "u_int_r" won't be mapped to RAM because it is too sparse
INFO: [Synth 8-5546] ROM "frac_x_q" won't be mapped to RAM because it is too sparse
INFO: [Synth 8-5546] ROM "src_z_r" won't be mapped to RAM because it is too sparse
INFO: [Synth 8-5546] ROM "src_index_r" won't be mapped to RAM because it is too sparse
INFO: [Synth 8-5546] ROM "required_mask" won't be mapped to RAM because it is too sparse
INFO: [Synth 8-5544] ROM "received_mask" won't be mapped to Block RAM because address size (2) smaller than threshold (5)
INFO: [Synth 8-5544] ROM "pbuf0" won't be mapped to Block RAM because address size (2) smaller than threshold (5)
INFO: [Synth 8-5544] ROM "pbuf1" won't be mapped to Block RAM because address size (2) smaller than threshold (5)
INFO: [Synth 8-5544] ROM "pbuf2" won't be mapped to Block RAM because address size (2) smaller than threshold (5)
INFO: [Synth 8-5544] ROM "pbuf3" won't be mapped to Block RAM because address size (2) smaller than threshold (5)
INFO: [Synth 8-5544] ROM "cache_valid" won't be mapped to Block RAM because address size (1) smaller than threshold (5)
INFO: [Synth 8-5544] ROM "pending_count" won't be mapped to Block RAM because address size (2) smaller than threshold (5)
INFO: [Synth 8-5546] ROM "rmw_addr_r" won't be mapped to RAM because it is too sparse
INFO: [Synth 8-5546] ROM "lookup1_target" won't be mapped to RAM because it is too sparse
INFO: [Synth 8-5546] ROM "rmw_base_r" won't be mapped to RAM because it is too sparse
INFO: [Synth 8-5546] ROM "rmw_half_addr_r" won't be mapped to RAM because it is too sparse
INFO: [Synth 8-5546] ROM "pair_low_r" won't be mapped to RAM because it is too sparse
INFO: [Synth 8-5544] ROM "rd_head_addr" won't be mapped to Block RAM because address size (2) smaller than threshold (5)
INFO: [Synth 8-5544] ROM "rd_head_addr" won't be mapped to Block RAM because address size (2) smaller than threshold (5)
INFO: [Synth 8-5544] ROM "rd_tail_addr" won't be mapped to Block RAM because address size (2) smaller than threshold (5)
INFO: [Synth 8-5544] ROM "rd_head_addr" won't be mapped to Block RAM because address size (2) smaller than threshold (5)
INFO: [Synth 8-5544] ROM "rd_head_addr" won't be mapped to Block RAM because address size (2) smaller than threshold (5)
INFO: [Synth 8-5544] ROM "rd_tail_addr" won't be mapped to Block RAM because address size (2) smaller than threshold (5)
INFO: [Synth 8-5544] ROM "rd_fifo_count" won't be mapped to Block RAM because address size (2) smaller than threshold (5)
INFO: [Synth 8-5544] ROM "perf_quant_cycles" won't be mapped to Block RAM because address size (2) smaller than threshold (5)
INFO: [Synth 8-5544] ROM "perf_lut_cycles" won't be mapped to Block RAM because address size (2) smaller than threshold (5)
INFO: [Synth 8-5544] ROM "perf_sa_cycles" won't be mapped to Block RAM because address size (2) smaller than threshold (5)
---------------------------------------------------------------------------------
Finished RTL Optimization Phase 2 : Time (s): cpu = 00:00:36 ; elapsed = 00:00:43 . Memory (MB): peak = 1031.906 ; gain = 774.453
---------------------------------------------------------------------------------

Report RTL Partitions: 
+------+--------------------+------------+----------+
|      |RTL Partition       |Replication |Instances |
+------+--------------------+------------+----------+
|1     |quant_engine__GB0   |           1|     43513|
|2     |quant_engine__GB1   |           1|      8799|
|3     |quant_engine__GB2   |           1|     12028|
|4     |sa_engine_int8__GB0 |           1|     38281|
|5     |sa_engine_int8__GB1 |           1|      7455|
|6     |sa_engine_int8__GB2 |           1|      7316|
|7     |bev_accel_top__GC0  |           1|     22053|
|8     |bev_edif_top__GC0   |           1|       698|
+------+--------------------+------------+----------+
---------------------------------------------------------------------------------
Start RTL Component Statistics 
---------------------------------------------------------------------------------
Detailed RTL Component Info : 
+---Adders : 
	   2 Input     48 Bit       Adders := 4     
	   3 Input     40 Bit       Adders := 32    
	   2 Input     40 Bit       Adders := 16    
	   2 Input     33 Bit       Adders := 4     
	   3 Input     32 Bit       Adders := 1     
	   2 Input     32 Bit       Adders := 21    
	   3 Input     30 Bit       Adders := 16    
	   2 Input     17 Bit       Adders := 2     
	   2 Input     16 Bit       Adders := 12    
	   3 Input      9 Bit       Adders := 30    
	   2 Input      9 Bit       Adders := 2     
	   2 Input      8 Bit       Adders := 48    
	   2 Input      6 Bit       Adders := 16    
	   2 Input      5 Bit       Adders := 1     
	   2 Input      4 Bit       Adders := 2     
	   2 Input      3 Bit       Adders := 6     
	   2 Input      2 Bit       Adders := 11    
+---Registers : 
	              512 Bit    Registers := 16    
	              256 Bit    Registers := 6     
	               48 Bit    Registers := 4     
	               41 Bit    Registers := 48    
	               40 Bit    Registers := 48    
	               32 Bit    Registers := 79    
	               20 Bit    Registers := 16    
	               16 Bit    Registers := 19    
	               12 Bit    Registers := 2     
	               11 Bit    Registers := 1     
	               10 Bit    Registers := 19    
	                9 Bit    Registers := 82    
	                8 Bit    Registers := 53    
	                5 Bit    Registers := 3     
	                4 Bit    Registers := 23    
	                3 Bit    Registers := 42    
	                2 Bit    Registers := 28    
	                1 Bit    Registers := 459   
+---RAMs : 
	              64K Bit         RAMs := 4     
+---Muxes : 
	   4 Input    512 Bit        Muxes := 6     
	   2 Input    512 Bit        Muxes := 27    
	  24 Input    512 Bit        Muxes := 1     
	  25 Input    512 Bit        Muxes := 2     
	   2 Input    256 Bit        Muxes := 2     
	   4 Input    128 Bit        Muxes := 4     
	   2 Input     64 Bit        Muxes := 1     
	   2 Input     48 Bit        Muxes := 4     
	   2 Input     41 Bit        Muxes := 64    
	   2 Input     32 Bit        Muxes := 34    
	   4 Input     32 Bit        Muxes := 11    
	  24 Input     32 Bit        Muxes := 1     
	  25 Input     32 Bit        Muxes := 2     
	   2 Input     30 Bit        Muxes := 16    
	  24 Input     16 Bit        Muxes := 3     
	   2 Input     16 Bit        Muxes := 4     
	  25 Input     16 Bit        Muxes := 3     
	   3 Input      9 Bit        Muxes := 16    
	   2 Input      8 Bit        Muxes := 80    
	   2 Input      6 Bit        Muxes := 32    
	   4 Input      5 Bit        Muxes := 1     
	   2 Input      5 Bit        Muxes := 9     
	   3 Input      5 Bit        Muxes := 1     
	   4 Input      4 Bit        Muxes := 3     
	   2 Input      4 Bit        Muxes := 10    
	  25 Input      4 Bit        Muxes := 1     
	   3 Input      4 Bit        Muxes := 1     
	   4 Input      3 Bit        Muxes := 3     
	   2 Input      3 Bit        Muxes := 8     
	   3 Input      3 Bit        Muxes := 2     
	  24 Input      3 Bit        Muxes := 2     
	   8 Input      3 Bit        Muxes := 1     
	  12 Input      3 Bit        Muxes := 1     
	  10 Input      3 Bit        Muxes := 1     
	  25 Input      3 Bit        Muxes := 1     
	   2 Input      2 Bit        Muxes := 21    
	   4 Input      2 Bit        Muxes := 7     
	   5 Input      2 Bit        Muxes := 2     
	   3 Input      2 Bit        Muxes := 1     
	  24 Input      2 Bit        Muxes := 7     
	   8 Input      2 Bit        Muxes := 5     
	  25 Input      2 Bit        Muxes := 1     
	   2 Input      1 Bit        Muxes := 122   
	   4 Input      1 Bit        Muxes := 23    
	   3 Input      1 Bit        Muxes := 7     
	  24 Input      1 Bit        Muxes := 36    
	   8 Input      1 Bit        Muxes := 10    
	  25 Input      1 Bit        Muxes := 29    
	   6 Input      1 Bit        Muxes := 1     
	   5 Input      1 Bit        Muxes := 1     
---------------------------------------------------------------------------------
Finished RTL Component Statistics 
---------------------------------------------------------------------------------
---------------------------------------------------------------------------------
Start RTL Hierarchical Component Statistics 
---------------------------------------------------------------------------------
Hierarchical RTL Component report 
Module fp32_int8_quant__1 
Detailed RTL Component Info : 
+---Adders : 
	   3 Input     40 Bit       Adders := 2     
	   2 Input     40 Bit       Adders := 1     
	   2 Input      8 Bit       Adders := 2     
	   2 Input      6 Bit       Adders := 1     
+---Registers : 
	               41 Bit    Registers := 3     
	               40 Bit    Registers := 3     
	                9 Bit    Registers := 1     
	                8 Bit    Registers := 3     
	                4 Bit    Registers := 1     
	                3 Bit    Registers := 1     
	                1 Bit    Registers := 25    
+---Muxes : 
	   2 Input     41 Bit        Muxes := 4     
	   3 Input      9 Bit        Muxes := 1     
	   2 Input      8 Bit        Muxes := 2     
	   2 Input      6 Bit        Muxes := 2     
	   2 Input      1 Bit        Muxes := 1     
Module fp32_int8_quant__2 
Detailed RTL Component Info : 
+---Adders : 
	   3 Input     40 Bit       Adders := 2     
	   2 Input     40 Bit       Adders := 1     
	   2 Input      8 Bit       Adders := 2     
	   2 Input      6 Bit       Adders := 1     
+---Registers : 
	               41 Bit    Registers := 3     
	               40 Bit    Registers := 3     
	                9 Bit    Registers := 1     
	                8 Bit    Registers := 3     
	                4 Bit    Registers := 1     
	                3 Bit    Registers := 1     
	                1 Bit    Registers := 25    
+---Muxes : 
	   2 Input     41 Bit        Muxes := 4     
	   3 Input      9 Bit        Muxes := 1     
	   2 Input      8 Bit        Muxes := 2     
	   2 Input      6 Bit        Muxes := 2     
	   2 Input      1 Bit        Muxes := 1     
Module fp32_int8_quant__3 
Detailed RTL Component Info : 
+---Adders : 
	   3 Input     40 Bit       Adders := 2     
	   2 Input     40 Bit       Adders := 1     
	   2 Input      8 Bit       Adders := 2     
	   2 Input      6 Bit       Adders := 1     
+---Registers : 
	               41 Bit    Registers := 3     
	               40 Bit    Registers := 3     
	                9 Bit    Registers := 1     
	                8 Bit    Registers := 3     
	                4 Bit    Registers := 1     
	                3 Bit    Registers := 1     
	                1 Bit    Registers := 25    
+---Muxes : 
	   2 Input     41 Bit        Muxes := 4     
	   3 Input      9 Bit        Muxes := 1     
	   2 Input      8 Bit        Muxes := 2     
	   2 Input      6 Bit        Muxes := 2     
	   2 Input      1 Bit        Muxes := 1     
Module fp32_int8_quant__4 
Detailed RTL Component Info : 
+---Adders : 
	   3 Input     40 Bit       Adders := 2     
	   2 Input     40 Bit       Adders := 1     
	   2 Input      8 Bit       Adders := 2     
	   2 Input      6 Bit       Adders := 1     
+---Registers : 
	               41 Bit    Registers := 3     
	               40 Bit    Registers := 3     
	                9 Bit    Registers := 1     
	                8 Bit    Registers := 3     
	                4 Bit    Registers := 1     
	                3 Bit    Registers := 1     
	                1 Bit    Registers := 25    
+---Muxes : 
	   2 Input     41 Bit        Muxes := 4     
	   3 Input      9 Bit        Muxes := 1     
	   2 Input      8 Bit        Muxes := 2     
	   2 Input      6 Bit        Muxes := 2     
	   2 Input      1 Bit        Muxes := 1     
Module fp32_int8_quant__5 
Detailed RTL Component Info : 
+---Adders : 
	   3 Input     40 Bit       Adders := 2     
	   2 Input     40 Bit       Adders := 1     
	   2 Input      8 Bit       Adders := 2     
	   2 Input      6 Bit       Adders := 1     
+---Registers : 
	               41 Bit    Registers := 3     
	               40 Bit    Registers := 3     
	                9 Bit    Registers := 1     
	                8 Bit    Registers := 3     
	                4 Bit    Registers := 1     
	                3 Bit    Registers := 1     
	                1 Bit    Registers := 25    
+---Muxes : 
	   2 Input     41 Bit        Muxes := 4     
	   3 Input      9 Bit        Muxes := 1     
	   2 Input      8 Bit        Muxes := 2     
	   2 Input      6 Bit        Muxes := 2     
	   2 Input      1 Bit        Muxes := 1     
Module fp32_int8_quant__6 
Detailed RTL Component Info : 
+---Adders : 
	   3 Input     40 Bit       Adders := 2     
	   2 Input     40 Bit       Adders := 1     
	   2 Input      8 Bit       Adders := 2     
	   2 Input      6 Bit       Adders := 1     
+---Registers : 
	               41 Bit    Registers := 3     
	               40 Bit    Registers := 3     
	                9 Bit    Registers := 1     
	                8 Bit    Registers := 3     
	                4 Bit    Registers := 1     
	                3 Bit    Registers := 1     
	                1 Bit    Registers := 25    
+---Muxes : 
	   2 Input     41 Bit        Muxes := 4     
	   3 Input      9 Bit        Muxes := 1     
	   2 Input      8 Bit        Muxes := 2     
	   2 Input      6 Bit        Muxes := 2     
	   2 Input      1 Bit        Muxes := 1     
Module fp32_int8_quant__7 
Detailed RTL Component Info : 
+---Adders : 
	   3 Input     40 Bit       Adders := 2     
	   2 Input     40 Bit       Adders := 1     
	   2 Input      8 Bit       Adders := 2     
	   2 Input      6 Bit       Adders := 1     
+---Registers : 
	               41 Bit    Registers := 3     
	               40 Bit    Registers := 3     
	                9 Bit    Registers := 1     
	                8 Bit    Registers := 3     
	                4 Bit    Registers := 1     
	                3 Bit    Registers := 1     
	                1 Bit    Registers := 25    
+---Muxes : 
	   2 Input     41 Bit        Muxes := 4     
	   3 Input      9 Bit        Muxes := 1     
	   2 Input      8 Bit        Muxes := 2     
	   2 Input      6 Bit        Muxes := 2     
	   2 Input      1 Bit        Muxes := 1     
Module fp32_int8_quant__8 
Detailed RTL Component Info : 
+---Adders : 
	   3 Input     40 Bit       Adders := 2     
	   2 Input     40 Bit       Adders := 1     
	   2 Input      8 Bit       Adders := 2     
	   2 Input      6 Bit       Adders := 1     
+---Registers : 
	               41 Bit    Registers := 3     
	               40 Bit    Registers := 3     
	                9 Bit    Registers := 1     
	                8 Bit    Registers := 3     
	                4 Bit    Registers := 1     
	                3 Bit    Registers := 1     
	                1 Bit    Registers := 25    
+---Muxes : 
	   2 Input     41 Bit        Muxes := 4     
	   3 Input      9 Bit        Muxes := 1     
	   2 Input      8 Bit        Muxes := 2     
	   2 Input      6 Bit        Muxes := 2     
	   2 Input      1 Bit        Muxes := 1     
Module fp32_int8_quant__9 
Detailed RTL Component Info : 
+---Adders : 
	   3 Input     40 Bit       Adders := 2     
	   2 Input     40 Bit       Adders := 1     
	   2 Input      8 Bit       Adders := 2     
	   2 Input      6 Bit       Adders := 1     
+---Registers : 
	               41 Bit    Registers := 3     
	               40 Bit    Registers := 3     
	                9 Bit    Registers := 1     
	                8 Bit    Registers := 3     
	                4 Bit    Registers := 1     
	                3 Bit    Registers := 1     
	                1 Bit    Registers := 25    
+---Muxes : 
	   2 Input     41 Bit        Muxes := 4     
	   3 Input      9 Bit        Muxes := 1     
	   2 Input      8 Bit        Muxes := 2     
	   2 Input      6 Bit        Muxes := 2     
	   2 Input      1 Bit        Muxes := 1     
Module fp32_int8_quant__10 
Detailed RTL Component Info : 
+---Adders : 
	   3 Input     40 Bit       Adders := 2     
	   2 Input     40 Bit       Adders := 1     
	   2 Input      8 Bit       Adders := 2     
	   2 Input      6 Bit       Adders := 1     
+---Registers : 
	               41 Bit    Registers := 3     
	               40 Bit    Registers := 3     
	                9 Bit    Registers := 1     
	                8 Bit    Registers := 3     
	                4 Bit    Registers := 1     
	                3 Bit    Registers := 1     
	                1 Bit    Registers := 25    
+---Muxes : 
	   2 Input     41 Bit        Muxes := 4     
	   3 Input      9 Bit        Muxes := 1     
	   2 Input      8 Bit        Muxes := 2     
	   2 Input      6 Bit        Muxes := 2     
	   2 Input      1 Bit        Muxes := 1     
Module fp32_int8_quant__11 
Detailed RTL Component Info : 
+---Adders : 
	   3 Input     40 Bit       Adders := 2     
	   2 Input     40 Bit       Adders := 1     
	   2 Input      8 Bit       Adders := 2     
	   2 Input      6 Bit       Adders := 1     
+---Registers : 
	               41 Bit    Registers := 3     
	               40 Bit    Registers := 3     
	                9 Bit    Registers := 1     
	                8 Bit    Registers := 3     
	                4 Bit    Registers := 1     
	                3 Bit    Registers := 1     
	                1 Bit    Registers := 25    
+---Muxes : 
	   2 Input     41 Bit        Muxes := 4     
	   3 Input      9 Bit        Muxes := 1     
	   2 Input      8 Bit        Muxes := 2     
	   2 Input      6 Bit        Muxes := 2     
	   2 Input      1 Bit        Muxes := 1     
Module fp32_int8_quant__12 
Detailed RTL Component Info : 
+---Adders : 
	   3 Input     40 Bit       Adders := 2     
	   2 Input     40 Bit       Adders := 1     
	   2 Input      8 Bit       Adders := 2     
	   2 Input      6 Bit       Adders := 1     
+---Registers : 
	               41 Bit    Registers := 3     
	               40 Bit    Registers := 3     
	                9 Bit    Registers := 1     
	                8 Bit    Registers := 3     
	                4 Bit    Registers := 1     
	                3 Bit    Registers := 1     
	                1 Bit    Registers := 25    
+---Muxes : 
	   2 Input     41 Bit        Muxes := 4     
	   3 Input      9 Bit        Muxes := 1     
	   2 Input      8 Bit        Muxes := 2     
	   2 Input      6 Bit        Muxes := 2     
	   2 Input      1 Bit        Muxes := 1     
Module fp32_int8_quant__13 
Detailed RTL Component Info : 
+---Adders : 
	   3 Input     40 Bit       Adders := 2     
	   2 Input     40 Bit       Adders := 1     
	   2 Input      8 Bit       Adders := 2     
	   2 Input      6 Bit       Adders := 1     
+---Registers : 
	               41 Bit    Registers := 3     
	               40 Bit    Registers := 3     
	                9 Bit    Registers := 1     
	                8 Bit    Registers := 3     
	                4 Bit    Registers := 1     
	                3 Bit    Registers := 1     
	                1 Bit    Registers := 25    
+---Muxes : 
	   2 Input     41 Bit        Muxes := 4     
	   3 Input      9 Bit        Muxes := 1     
	   2 Input      8 Bit        Muxes := 2     
	   2 Input      6 Bit        Muxes := 2     
	   2 Input      1 Bit        Muxes := 1     
Module fp32_int8_quant__14 
Detailed RTL Component Info : 
+---Adders : 
	   3 Input     40 Bit       Adders := 2     
	   2 Input     40 Bit       Adders := 1     
	   2 Input      8 Bit       Adders := 2     
	   2 Input      6 Bit       Adders := 1     
+---Registers : 
	               41 Bit    Registers := 3     
	               40 Bit    Registers := 3     
	                9 Bit    Registers := 1     
	                8 Bit    Registers := 3     
	                4 Bit    Registers := 1     
	                3 Bit    Registers := 1     
	                1 Bit    Registers := 25    
+---Muxes : 
	   2 Input     41 Bit        Muxes := 4     
	   3 Input      9 Bit        Muxes := 1     
	   2 Input      8 Bit        Muxes := 2     
	   2 Input      6 Bit        Muxes := 2     
	   2 Input      1 Bit        Muxes := 1     
Module fp32_int8_quant__15 
Detailed RTL Component Info : 
+---Adders : 
	   3 Input     40 Bit       Adders := 2     
	   2 Input     40 Bit       Adders := 1     
	   2 Input      8 Bit       Adders := 2     
	   2 Input      6 Bit       Adders := 1     
+---Registers : 
	               41 Bit    Registers := 3     
	               40 Bit    Registers := 3     
	                9 Bit    Registers := 1     
	                8 Bit    Registers := 3     
	                4 Bit    Registers := 1     
	                3 Bit    Registers := 1     
	                1 Bit    Registers := 25    
+---Muxes : 
	   2 Input     41 Bit        Muxes := 4     
	   3 Input      9 Bit        Muxes := 1     
	   2 Input      8 Bit        Muxes := 2     
	   2 Input      6 Bit        Muxes := 2     
	   2 Input      1 Bit        Muxes := 1     
Module fp32_int8_quant 
Detailed RTL Component Info : 
+---Adders : 
	   3 Input     40 Bit       Adders := 2     
	   2 Input     40 Bit       Adders := 1     
	   2 Input      8 Bit       Adders := 2     
	   2 Input      6 Bit       Adders := 1     
+---Registers : 
	               41 Bit    Registers := 3     
	               40 Bit    Registers := 3     
	                9 Bit    Registers := 1     
	                8 Bit    Registers := 3     
	                4 Bit    Registers := 1     
	                3 Bit    Registers := 1     
	                1 Bit    Registers := 25    
+---Muxes : 
	   2 Input     41 Bit        Muxes := 4     
	   3 Input      9 Bit        Muxes := 1     
	   2 Input      8 Bit        Muxes := 2     
	   2 Input      6 Bit        Muxes := 2     
	   2 Input      1 Bit        Muxes := 1     
Module quant_engine 
Detailed RTL Component Info : 
+---Adders : 
	   3 Input     32 Bit       Adders := 1     
	   2 Input     32 Bit       Adders := 3     
	   2 Input      5 Bit       Adders := 1     
	   2 Input      4 Bit       Adders := 2     
	   2 Input      3 Bit       Adders := 2     
	   2 Input      2 Bit       Adders := 3     
+---Registers : 
	              512 Bit    Registers := 2     
	               32 Bit    Registers := 4     
	                5 Bit    Registers := 1     
	                4 Bit    Registers := 2     
	                3 Bit    Registers := 21    
	                2 Bit    Registers := 6     
	                1 Bit    Registers := 3     
+---Muxes : 
	   4 Input    512 Bit        Muxes := 4     
	   2 Input    512 Bit        Muxes := 13    
	   2 Input     32 Bit        Muxes := 4     
	   4 Input     32 Bit        Muxes := 2     
	   4 Input      5 Bit        Muxes := 1     
	   2 Input      5 Bit        Muxes := 1     
	   4 Input      4 Bit        Muxes := 2     
	   2 Input      4 Bit        Muxes := 2     
	   4 Input      3 Bit        Muxes := 2     
	   2 Input      3 Bit        Muxes := 1     
	   3 Input      3 Bit        Muxes := 1     
	   2 Input      2 Bit        Muxes := 11    
	   4 Input      2 Bit        Muxes := 5     
	   5 Input      2 Bit        Muxes := 2     
	   3 Input      2 Bit        Muxes := 1     
	   4 Input      1 Bit        Muxes := 13    
	   2 Input      1 Bit        Muxes := 30    
	   3 Input      1 Bit        Muxes := 2     
Module sa_engine_int8 
Detailed RTL Component Info : 
+---Adders : 
	   2 Input     48 Bit       Adders := 4     
	   2 Input     32 Bit       Adders := 11    
	   3 Input     30 Bit       Adders := 16    
	   2 Input     17 Bit       Adders := 2     
	   2 Input     16 Bit       Adders := 6     
	   3 Input      9 Bit       Adders := 30    
	   2 Input      9 Bit       Adders := 2     
	   2 Input      8 Bit       Adders := 16    
	   2 Input      3 Bit       Adders := 3     
	   2 Input      2 Bit       Adders := 4     
+---Registers : 
	              512 Bit    Registers := 11    
	              256 Bit    Registers := 3     
	               48 Bit    Registers := 4     
	               32 Bit    Registers := 20    
	               20 Bit    Registers := 16    
	               16 Bit    Registers := 8     
	               10 Bit    Registers := 19    
	                9 Bit    Registers := 66    
	                5 Bit    Registers := 1     
	                4 Bit    Registers := 4     
	                3 Bit    Registers := 2     
	                2 Bit    Registers := 16    
	                1 Bit    Registers := 13    
+---RAMs : 
	              64K Bit         RAMs := 2     
+---Muxes : 
	   2 Input    512 Bit        Muxes := 10    
	   4 Input    512 Bit        Muxes := 2     
	  24 Input    512 Bit        Muxes := 1     
	   2 Input    256 Bit        Muxes := 1     
	   4 Input    128 Bit        Muxes := 4     
	   2 Input     48 Bit        Muxes := 4     
	   4 Input     32 Bit        Muxes := 3     
	   2 Input     32 Bit        Muxes := 4     
	  24 Input     32 Bit        Muxes := 1     
	   2 Input     30 Bit        Muxes := 16    
	  24 Input     16 Bit        Muxes := 3     
	   2 Input     16 Bit        Muxes := 2     
	   2 Input      8 Bit        Muxes := 48    
	   3 Input      5 Bit        Muxes := 1     
	   2 Input      5 Bit        Muxes := 3     
	   2 Input      4 Bit        Muxes := 6     
	  25 Input      4 Bit        Muxes := 1     
	   4 Input      4 Bit        Muxes := 1     
	   3 Input      4 Bit        Muxes := 1     
	  24 Input      3 Bit        Muxes := 2     
	   2 Input      3 Bit        Muxes := 1     
	   3 Input      3 Bit        Muxes := 1     
	   2 Input      2 Bit        Muxes := 3     
	  24 Input      2 Bit        Muxes := 7     
	   4 Input      2 Bit        Muxes := 1     
	  24 Input      1 Bit        Muxes := 36    
	   3 Input      1 Bit        Muxes := 5     
	   2 Input      1 Bit        Muxes := 31    
	   4 Input      1 Bit        Muxes := 6     
Module bev_reg_ctrl 
Detailed RTL Component Info : 
+---Registers : 
	               32 Bit    Registers := 45    
	               12 Bit    Registers := 2     
	                8 Bit    Registers := 5     
	                3 Bit    Registers := 1     
	                2 Bit    Registers := 1     
	                1 Bit    Registers := 5     
+---Muxes : 
	   2 Input     32 Bit        Muxes := 1     
	   2 Input      1 Bit        Muxes := 5     
Module pipeline_ctrl_group4 
Detailed RTL Component Info : 
+---Adders : 
	   2 Input     33 Bit       Adders := 4     
	   2 Input      2 Bit       Adders := 2     
+---Registers : 
	               32 Bit    Registers := 1     
	                4 Bit    Registers := 1     
	                3 Bit    Registers := 1     
	                2 Bit    Registers := 4     
	                1 Bit    Registers := 5     
+---Muxes : 
	   2 Input     32 Bit        Muxes := 10    
	   4 Input     32 Bit        Muxes := 4     
	   2 Input      3 Bit        Muxes := 5     
	   8 Input      3 Bit        Muxes := 1     
	   4 Input      3 Bit        Muxes := 1     
	  12 Input      3 Bit        Muxes := 1     
	  10 Input      3 Bit        Muxes := 1     
	   2 Input      2 Bit        Muxes := 7     
	   8 Input      2 Bit        Muxes := 5     
	   2 Input      1 Bit        Muxes := 28    
	   8 Input      1 Bit        Muxes := 10    
	   4 Input      1 Bit        Muxes := 2     
Module lut_engine_int8 
Detailed RTL Component Info : 
+---Adders : 
	   2 Input     32 Bit       Adders := 7     
	   2 Input     16 Bit       Adders := 6     
	   2 Input      3 Bit       Adders := 1     
+---Registers : 
	              512 Bit    Registers := 3     
	              256 Bit    Registers := 3     
	               32 Bit    Registers := 7     
	               16 Bit    Registers := 11    
	               11 Bit    Registers := 1     
	                5 Bit    Registers := 1     
	                3 Bit    Registers := 1     
	                1 Bit    Registers := 6     
+---RAMs : 
	              64K Bit         RAMs := 2     
+---Muxes : 
	   2 Input    512 Bit        Muxes := 1     
	  25 Input    512 Bit        Muxes := 2     
	   2 Input    256 Bit        Muxes := 1     
	  25 Input     32 Bit        Muxes := 2     
	  25 Input     16 Bit        Muxes := 3     
	   2 Input     16 Bit        Muxes := 2     
	   2 Input      5 Bit        Muxes := 5     
	   2 Input      4 Bit        Muxes := 2     
	  25 Input      3 Bit        Muxes := 1     
	   2 Input      3 Bit        Muxes := 1     
	  25 Input      2 Bit        Muxes := 1     
	  25 Input      1 Bit        Muxes := 29    
	   4 Input      1 Bit        Muxes := 1     
Module dma_arbiter_stage 
Detailed RTL Component Info : 
+---Adders : 
	   2 Input      2 Bit       Adders := 2     
+---Registers : 
	               32 Bit    Registers := 2     
	                2 Bit    Registers := 1     
+---Muxes : 
	   2 Input    512 Bit        Muxes := 3     
	   4 Input     32 Bit        Muxes := 2     
	   2 Input     32 Bit        Muxes := 3     
	   4 Input      2 Bit        Muxes := 1     
	   2 Input      1 Bit        Muxes := 4     
	   4 Input      1 Bit        Muxes := 1     
	   6 Input      1 Bit        Muxes := 1     
	   5 Input      1 Bit        Muxes := 1     
Module pulse_cross__1 
Detailed RTL Component Info : 
+---Registers : 
	                1 Bit    Registers := 7     
+---Muxes : 
	   2 Input      1 Bit        Muxes := 1     
Module pulse_cross__2 
Detailed RTL Component Info : 
+---Registers : 
	                1 Bit    Registers := 7     
+---Muxes : 
	   2 Input      1 Bit        Muxes := 1     
Module pulse_cross 
Detailed RTL Component Info : 
+---Registers : 
	                1 Bit    Registers := 7     
+---Muxes : 
	   2 Input      1 Bit        Muxes := 1     
Module bev_accel_top 
Detailed RTL Component Info : 
+---Registers : 
	                1 Bit    Registers := 6     
+---Muxes : 
	   2 Input     64 Bit        Muxes := 1     
	   2 Input     32 Bit        Muxes := 12    
	   2 Input      1 Bit        Muxes := 5     
---------------------------------------------------------------------------------
Finished RTL Hierarchical Component Statistics
---------------------------------------------------------------------------------
---------------------------------------------------------------------------------
Start Part Resource Summary
---------------------------------------------------------------------------------
Part Resources:
DSPs: 400 (col length:80)
BRAMs: 530 (col length: RAMB18 80 RAMB36 40)
---------------------------------------------------------------------------------
Finished Part Resource Summary
---------------------------------------------------------------------------------
---------------------------------------------------------------------------------
Start Cross Boundary and Area Optimization
---------------------------------------------------------------------------------
Warning: Parallel synthesis criteria is not met 
INFO: [Synth 8-5544] ROM "s2_coarse_shifted" won't be mapped to Block RAM because address size (2) smaller than threshold (5)
INFO: [Synth 8-5544] ROM "s2_coarse_shifted" won't be mapped to Block RAM because address size (2) smaller than threshold (5)
INFO: [Synth 8-5544] ROM "s2_coarse_shifted" won't be mapped to Block RAM because address size (2) smaller than threshold (5)
INFO: [Synth 8-5544] ROM "s2_coarse_shifted" won't be mapped to Block RAM because address size (2) smaller than threshold (5)
INFO: [Synth 8-5544] ROM "s2_coarse_shifted" won't be mapped to Block RAM because address size (2) smaller than threshold (5)
INFO: [Synth 8-5544] ROM "s2_coarse_shifted" won't be mapped to Block RAM because address size (2) smaller than threshold (5)
INFO: [Synth 8-5544] ROM "s2_coarse_shifted" won't be mapped to Block RAM because address size (2) smaller than threshold (5)
INFO: [Synth 8-5544] ROM "s2_coarse_shifted" won't be mapped to Block RAM because address size (2) smaller than threshold (5)
INFO: [Synth 8-5544] ROM "s2_coarse_shifted" won't be mapped to Block RAM because address size (2) smaller than threshold (5)
INFO: [Synth 8-5544] ROM "s2_coarse_shifted" won't be mapped to Block RAM because address size (2) smaller than threshold (5)
INFO: [Synth 8-5544] ROM "s2_coarse_shifted" won't be mapped to Block RAM because address size (2) smaller than threshold (5)
INFO: [Synth 8-5544] ROM "s2_coarse_shifted" won't be mapped to Block RAM because address size (2) smaller than threshold (5)
INFO: [Synth 8-5544] ROM "s2_coarse_shifted" won't be mapped to Block RAM because address size (2) smaller than threshold (5)
INFO: [Synth 8-5544] ROM "s2_coarse_shifted" won't be mapped to Block RAM because address size (2) smaller than threshold (5)
INFO: [Synth 8-5544] ROM "s2_coarse_shifted" won't be mapped to Block RAM because address size (2) smaller than threshold (5)
INFO: [Synth 8-5544] ROM "s2_coarse_shifted" won't be mapped to Block RAM because address size (2) smaller than threshold (5)
INFO: [Synth 8-5544] ROM "quant_tag_fifo_reg[0]" won't be mapped to Block RAM because address size (4) smaller than threshold (5)
INFO: [Synth 8-5544] ROM "req_tag_fifo_reg[3]" won't be mapped to Block RAM because address size (2) smaller than threshold (5)
INFO: [Synth 8-5544] ROM "req_tag_fifo_reg[2]" won't be mapped to Block RAM because address size (2) smaller than threshold (5)
INFO: [Synth 8-5544] ROM "req_tag_fifo_reg[1]" won't be mapped to Block RAM because address size (2) smaller than threshold (5)
INFO: [Synth 8-5544] ROM "req_tag_fifo_reg[0]" won't be mapped to Block RAM because address size (2) smaller than threshold (5)
INFO: [Synth 8-5544] ROM "quant_tag_fifo_reg[1]" won't be mapped to Block RAM because address size (4) smaller than threshold (5)
INFO: [Synth 8-5544] ROM "quant_tag_fifo_reg[2]" won't be mapped to Block RAM because address size (4) smaller than threshold (5)
INFO: [Synth 8-5544] ROM "quant_tag_fifo_reg[3]" won't be mapped to Block RAM because address size (4) smaller than threshold (5)
INFO: [Synth 8-5544] ROM "quant_tag_fifo_reg[4]" won't be mapped to Block RAM because address size (4) smaller than threshold (5)
INFO: [Synth 8-5544] ROM "quant_tag_fifo_reg[5]" won't be mapped to Block RAM because address size (4) smaller than threshold (5)
INFO: [Synth 8-5544] ROM "quant_tag_fifo_reg[6]" won't be mapped to Block RAM because address size (4) smaller than threshold (5)
INFO: [Common 17-14] Message 'Synth 8-5544' appears 100 times and further instances of the messages will be disabled. Use the Tcl command set_msg_config to change the current settings.
DSP Report: Generating DSP hb2_reg[13], operation Mode is: (C'+(A2*B2)')'.
DSP Report: register db0_reg[13] is absorbed into DSP hb2_reg[13].
DSP Report: register B is absorbed into DSP hb2_reg[13].
DSP Report: register C is absorbed into DSP hb2_reg[13].
DSP Report: register hb2_reg[13] is absorbed into DSP hb2_reg[13].
DSP Report: register pb1_reg[13] is absorbed into DSP hb2_reg[13].
DSP Report: operator p_0_out is absorbed into DSP hb2_reg[13].
DSP Report: operator p_0_out is absorbed into DSP hb2_reg[13].
DSP Report: Generating DSP ht2_reg[13], operation Mode is: (C'+(A2*B2)')'.
DSP Report: register dt0_reg[13] is absorbed into DSP ht2_reg[13].
DSP Report: register B is absorbed into DSP ht2_reg[13].
DSP Report: register C is absorbed into DSP ht2_reg[13].
DSP Report: register ht2_reg[13] is absorbed into DSP ht2_reg[13].
DSP Report: register pt1_reg[13] is absorbed into DSP ht2_reg[13].
DSP Report: operator p_0_out is absorbed into DSP ht2_reg[13].
DSP Report: operator p_0_out is absorbed into DSP ht2_reg[13].
DSP Report: Generating DSP acc5_reg[13], operation Mode is: (C'+((D-A)*B'')')'.
DSP Report: register B is absorbed into DSP acc5_reg[13].
DSP Report: register B is absorbed into DSP acc5_reg[13].
DSP Report: register C is absorbed into DSP acc5_reg[13].
DSP Report: register acc5_reg[13] is absorbed into DSP acc5_reg[13].
DSP Report: register vp4_reg[13] is absorbed into DSP acc5_reg[13].
DSP Report: register diff3_reg[13] is absorbed into DSP acc5_reg[13].
DSP Report: operator p_0_out is absorbed into DSP acc5_reg[13].
DSP Report: operator p_0_out is absorbed into DSP acc5_reg[13].
DSP Report: operator p_1_out is absorbed into DSP acc5_reg[13].
DSP Report: Generating DSP hb2_reg[12], operation Mode is: (C'+(A2*B2)')'.
DSP Report: register db0_reg[12] is absorbed into DSP hb2_reg[12].
DSP Report: register C is absorbed into DSP hb2_reg[12].
DSP Report: register B is absorbed into DSP hb2_reg[12].
DSP Report: register hb2_reg[12] is absorbed into DSP hb2_reg[12].
DSP Report: register pb1_reg[12] is absorbed into DSP hb2_reg[12].
DSP Report: operator p_0_out is absorbed into DSP hb2_reg[12].
DSP Report: operator p_0_out is absorbed into DSP hb2_reg[12].
DSP Report: Generating DSP ht2_reg[12], operation Mode is: (C'+(A2*B2)')'.
DSP Report: register dt0_reg[12] is absorbed into DSP ht2_reg[12].
DSP Report: register C is absorbed into DSP ht2_reg[12].
DSP Report: register B is absorbed into DSP ht2_reg[12].
DSP Report: register ht2_reg[12] is absorbed into DSP ht2_reg[12].
DSP Report: register pt1_reg[12] is absorbed into DSP ht2_reg[12].
DSP Report: operator p_0_out is absorbed into DSP ht2_reg[12].
DSP Report: operator p_0_out is absorbed into DSP ht2_reg[12].
DSP Report: Generating DSP acc5_reg[12], operation Mode is: (C'+((D-A)*B'')')'.
DSP Report: register B is absorbed into DSP acc5_reg[12].
DSP Report: register B is absorbed into DSP acc5_reg[12].
DSP Report: register C is absorbed into DSP acc5_reg[12].
DSP Report: register acc5_reg[12] is absorbed into DSP acc5_reg[12].
DSP Report: register vp4_reg[12] is absorbed into DSP acc5_reg[12].
DSP Report: register diff3_reg[12] is absorbed into DSP acc5_reg[12].
DSP Report: operator p_0_out is absorbed into DSP acc5_reg[12].
DSP Report: operator p_0_out is absorbed into DSP acc5_reg[12].
DSP Report: operator p_1_out is absorbed into DSP acc5_reg[12].
DSP Report: Generating DSP hb2_reg[11], operation Mode is: (C'+(A2*B2)')'.
DSP Report: register db0_reg[11] is absorbed into DSP hb2_reg[11].
DSP Report: register C is absorbed into DSP hb2_reg[11].
DSP Report: register B is absorbed into DSP hb2_reg[11].
DSP Report: register hb2_reg[11] is absorbed into DSP hb2_reg[11].
DSP Report: register pb1_reg[11] is absorbed into DSP hb2_reg[11].
DSP Report: operator p_0_out is absorbed into DSP hb2_reg[11].
DSP Report: operator p_0_out is absorbed into DSP hb2_reg[11].
DSP Report: Generating DSP ht2_reg[11], operation Mode is: (C'+(A2*B2)')'.
DSP Report: register dt0_reg[11] is absorbed into DSP ht2_reg[11].
DSP Report: register C is absorbed into DSP ht2_reg[11].
DSP Report: register B is absorbed into DSP ht2_reg[11].
DSP Report: register ht2_reg[11] is absorbed into DSP ht2_reg[11].
DSP Report: register pt1_reg[11] is absorbed into DSP ht2_reg[11].
DSP Report: operator p_0_out is absorbed into DSP ht2_reg[11].
DSP Report: operator p_0_out is absorbed into DSP ht2_reg[11].
DSP Report: Generating DSP acc5_reg[11], operation Mode is: (C'+((D-A)*B'')')'.
DSP Report: register B is absorbed into DSP acc5_reg[11].
DSP Report: register B is absorbed into DSP acc5_reg[11].
DSP Report: register C is absorbed into DSP acc5_reg[11].
DSP Report: register acc5_reg[11] is absorbed into DSP acc5_reg[11].
DSP Report: register vp4_reg[11] is absorbed into DSP acc5_reg[11].
DSP Report: register diff3_reg[11] is absorbed into DSP acc5_reg[11].
DSP Report: operator p_0_out is absorbed into DSP acc5_reg[11].
DSP Report: operator p_0_out is absorbed into DSP acc5_reg[11].
DSP Report: operator p_1_out is absorbed into DSP acc5_reg[11].
DSP Report: Generating DSP hb2_reg[14], operation Mode is: (C'+(A2*B2)')'.
DSP Report: register db0_reg[14] is absorbed into DSP hb2_reg[14].
DSP Report: register C is absorbed into DSP hb2_reg[14].
DSP Report: register B is absorbed into DSP hb2_reg[14].
DSP Report: register hb2_reg[14] is absorbed into DSP hb2_reg[14].
DSP Report: register pb1_reg[14] is absorbed into DSP hb2_reg[14].
DSP Report: operator p_0_out is absorbed into DSP hb2_reg[14].
DSP Report: operator p_0_out is absorbed into DSP hb2_reg[14].
DSP Report: Generating DSP ht2_reg[14], operation Mode is: (C'+(A2*B2)')'.
DSP Report: register dt0_reg[14] is absorbed into DSP ht2_reg[14].
DSP Report: register C is absorbed into DSP ht2_reg[14].
DSP Report: register B is absorbed into DSP ht2_reg[14].
DSP Report: register ht2_reg[14] is absorbed into DSP ht2_reg[14].
DSP Report: register pt1_reg[14] is absorbed into DSP ht2_reg[14].
DSP Report: operator p_0_out is absorbed into DSP ht2_reg[14].
DSP Report: operator p_0_out is absorbed into DSP ht2_reg[14].
DSP Report: Generating DSP acc5_reg[14], operation Mode is: (C'+((D-A)*B'')')'.
DSP Report: register B is absorbed into DSP acc5_reg[14].
DSP Report: register B is absorbed into DSP acc5_reg[14].
DSP Report: register C is absorbed into DSP acc5_reg[14].
DSP Report: register acc5_reg[14] is absorbed into DSP acc5_reg[14].
DSP Report: register vp4_reg[14] is absorbed into DSP acc5_reg[14].
DSP Report: register diff3_reg[14] is absorbed into DSP acc5_reg[14].
DSP Report: operator p_0_out is absorbed into DSP acc5_reg[14].
DSP Report: operator p_0_out is absorbed into DSP acc5_reg[14].
DSP Report: operator p_1_out is absorbed into DSP acc5_reg[14].
DSP Report: Generating DSP hb2_reg[10], operation Mode is: (C'+(A2*B2)')'.
DSP Report: register db0_reg[10] is absorbed into DSP hb2_reg[10].
DSP Report: register C is absorbed into DSP hb2_reg[10].
DSP Report: register B is absorbed into DSP hb2_reg[10].
DSP Report: register hb2_reg[10] is absorbed into DSP hb2_reg[10].
DSP Report: register pb1_reg[10] is absorbed into DSP hb2_reg[10].
DSP Report: operator p_0_out is absorbed into DSP hb2_reg[10].
DSP Report: operator p_0_out is absorbed into DSP hb2_reg[10].
DSP Report: Generating DSP ht2_reg[10], operation Mode is: (C'+(A2*B2)')'.
DSP Report: register dt0_reg[10] is absorbed into DSP ht2_reg[10].
DSP Report: register C is absorbed into DSP ht2_reg[10].
DSP Report: register B is absorbed into DSP ht2_reg[10].
DSP Report: register ht2_reg[10] is absorbed into DSP ht2_reg[10].
DSP Report: register pt1_reg[10] is absorbed into DSP ht2_reg[10].
DSP Report: operator p_0_out is absorbed into DSP ht2_reg[10].
DSP Report: operator p_0_out is absorbed into DSP ht2_reg[10].
DSP Report: Generating DSP acc5_reg[10], operation Mode is: (C'+((D-A)*B'')')'.
DSP Report: register B is absorbed into DSP acc5_reg[10].
DSP Report: register B is absorbed into DSP acc5_reg[10].
DSP Report: register C is absorbed into DSP acc5_reg[10].
DSP Report: register acc5_reg[10] is absorbed into DSP acc5_reg[10].
DSP Report: register vp4_reg[10] is absorbed into DSP acc5_reg[10].
DSP Report: register diff3_reg[10] is absorbed into DSP acc5_reg[10].
DSP Report: operator p_0_out is absorbed into DSP acc5_reg[10].
DSP Report: operator p_0_out is absorbed into DSP acc5_reg[10].
DSP Report: operator p_1_out is absorbed into DSP acc5_reg[10].
DSP Report: Generating DSP hb2_reg[9], operation Mode is: (C'+(A2*B2)')'.
DSP Report: register db0_reg[9] is absorbed into DSP hb2_reg[9].
DSP Report: register C is absorbed into DSP hb2_reg[9].
DSP Report: register B is absorbed into DSP hb2_reg[9].
DSP Report: register hb2_reg[9] is absorbed into DSP hb2_reg[9].
DSP Report: register pb1_reg[9] is absorbed into DSP hb2_reg[9].
DSP Report: operator p_0_out is absorbed into DSP hb2_reg[9].
DSP Report: operator p_0_out is absorbed into DSP hb2_reg[9].
DSP Report: Generating DSP ht2_reg[9], operation Mode is: (C'+(A2*B2)')'.
DSP Report: register dt0_reg[9] is absorbed into DSP ht2_reg[9].
DSP Report: register C is absorbed into DSP ht2_reg[9].
DSP Report: register B is absorbed into DSP ht2_reg[9].
DSP Report: register ht2_reg[9] is absorbed into DSP ht2_reg[9].
DSP Report: register pt1_reg[9] is absorbed into DSP ht2_reg[9].
DSP Report: operator p_0_out is absorbed into DSP ht2_reg[9].
DSP Report: operator p_0_out is absorbed into DSP ht2_reg[9].
DSP Report: Generating DSP acc5_reg[9], operation Mode is: (C'+((D-A)*B'')')'.
DSP Report: register B is absorbed into DSP acc5_reg[9].
DSP Report: register B is absorbed into DSP acc5_reg[9].
DSP Report: register C is absorbed into DSP acc5_reg[9].
DSP Report: register acc5_reg[9] is absorbed into DSP acc5_reg[9].
DSP Report: register vp4_reg[9] is absorbed into DSP acc5_reg[9].
DSP Report: register diff3_reg[9] is absorbed into DSP acc5_reg[9].
DSP Report: operator p_0_out is absorbed into DSP acc5_reg[9].
DSP Report: operator p_0_out is absorbed into DSP acc5_reg[9].
DSP Report: operator p_1_out is absorbed into DSP acc5_reg[9].
DSP Report: Generating DSP hb2_reg[8], operation Mode is: (C'+(A2*B2)')'.
DSP Report: register db0_reg[8] is absorbed into DSP hb2_reg[8].
DSP Report: register C is absorbed into DSP hb2_reg[8].
DSP Report: register B is absorbed into DSP hb2_reg[8].
DSP Report: register hb2_reg[8] is absorbed into DSP hb2_reg[8].
DSP Report: register pb1_reg[8] is absorbed into DSP hb2_reg[8].
DSP Report: operator p_0_out is absorbed into DSP hb2_reg[8].
DSP Report: operator p_0_out is absorbed into DSP hb2_reg[8].
DSP Report: Generating DSP ht2_reg[8], operation Mode is: (C'+(A2*B2)')'.
DSP Report: register dt0_reg[8] is absorbed into DSP ht2_reg[8].
DSP Report: register C is absorbed into DSP ht2_reg[8].
DSP Report: register B is absorbed into DSP ht2_reg[8].
DSP Report: register ht2_reg[8] is absorbed into DSP ht2_reg[8].
DSP Report: register pt1_reg[8] is absorbed into DSP ht2_reg[8].
DSP Report: operator p_0_out is absorbed into DSP ht2_reg[8].
DSP Report: operator p_0_out is absorbed into DSP ht2_reg[8].
DSP Report: Generating DSP acc5_reg[8], operation Mode is: (C'+((D-A)*B'')')'.
DSP Report: register B is absorbed into DSP acc5_reg[8].
DSP Report: register B is absorbed into DSP acc5_reg[8].
DSP Report: register C is absorbed into DSP acc5_reg[8].
DSP Report: register acc5_reg[8] is absorbed into DSP acc5_reg[8].
DSP Report: register vp4_reg[8] is absorbed into DSP acc5_reg[8].
DSP Report: register diff3_reg[8] is absorbed into DSP acc5_reg[8].
DSP Report: operator p_0_out is absorbed into DSP acc5_reg[8].
DSP Report: operator p_0_out is absorbed into DSP acc5_reg[8].
DSP Report: operator p_1_out is absorbed into DSP acc5_reg[8].
DSP Report: Generating DSP hb2_reg[1], operation Mode is: (C'+(A2*B2)')'.
DSP Report: register db0_reg[1] is absorbed into DSP hb2_reg[1].
DSP Report: register C is absorbed into DSP hb2_reg[1].
DSP Report: register B is absorbed into DSP hb2_reg[1].
DSP Report: register hb2_reg[1] is absorbed into DSP hb2_reg[1].
DSP Report: register pb1_reg[1] is absorbed into DSP hb2_reg[1].
DSP Report: operator p_0_out is absorbed into DSP hb2_reg[1].
DSP Report: operator p_0_out is absorbed into DSP hb2_reg[1].
DSP Report: Generating DSP ht2_reg[1], operation Mode is: (C'+(A2*B2)')'.
DSP Report: register dt0_reg[1] is absorbed into DSP ht2_reg[1].
DSP Report: register C is absorbed into DSP ht2_reg[1].
DSP Report: register B is absorbed into DSP ht2_reg[1].
DSP Report: register ht2_reg[1] is absorbed into DSP ht2_reg[1].
DSP Report: register pt1_reg[1] is absorbed into DSP ht2_reg[1].
DSP Report: operator p_0_out is absorbed into DSP ht2_reg[1].
DSP Report: operator p_0_out is absorbed into DSP ht2_reg[1].
DSP Report: Generating DSP acc5_reg[1], operation Mode is: (C'+((D-A)*B'')')'.
DSP Report: register B is absorbed into DSP acc5_reg[1].
DSP Report: register B is absorbed into DSP acc5_reg[1].
DSP Report: register C is absorbed into DSP acc5_reg[1].
DSP Report: register acc5_reg[1] is absorbed into DSP acc5_reg[1].
DSP Report: register vp4_reg[1] is absorbed into DSP acc5_reg[1].
DSP Report: register diff3_reg[1] is absorbed into DSP acc5_reg[1].
DSP Report: operator p_0_out is absorbed into DSP acc5_reg[1].
DSP Report: operator p_0_out is absorbed into DSP acc5_reg[1].
DSP Report: operator p_1_out is absorbed into DSP acc5_reg[1].
DSP Report: Generating DSP hb2_reg[2], operation Mode is: (C'+(A2*B2)')'.
DSP Report: register db0_reg[2] is absorbed into DSP hb2_reg[2].
DSP Report: register C is absorbed into DSP hb2_reg[2].
DSP Report: register B is absorbed into DSP hb2_reg[2].
DSP Report: register hb2_reg[2] is absorbed into DSP hb2_reg[2].
DSP Report: register pb1_reg[2] is absorbed into DSP hb2_reg[2].
DSP Report: operator p_0_out is absorbed into DSP hb2_reg[2].
DSP Report: operator p_0_out is absorbed into DSP hb2_reg[2].
DSP Report: Generating DSP ht2_reg[2], operation Mode is: (C'+(A2*B2)')'.
DSP Report: register dt0_reg[2] is absorbed into DSP ht2_reg[2].
DSP Report: register C is absorbed into DSP ht2_reg[2].
DSP Report: register B is absorbed into DSP ht2_reg[2].
DSP Report: register ht2_reg[2] is absorbed into DSP ht2_reg[2].
DSP Report: register pt1_reg[2] is absorbed into DSP ht2_reg[2].
DSP Report: operator p_0_out is absorbed into DSP ht2_reg[2].
DSP Report: operator p_0_out is absorbed into DSP ht2_reg[2].
DSP Report: Generating DSP acc5_reg[2], operation Mode is: (C'+((D-A)*B'')')'.
DSP Report: register B is absorbed into DSP acc5_reg[2].
DSP Report: register B is absorbed into DSP acc5_reg[2].
DSP Report: register C is absorbed into DSP acc5_reg[2].
DSP Report: register acc5_reg[2] is absorbed into DSP acc5_reg[2].
DSP Report: register vp4_reg[2] is absorbed into DSP acc5_reg[2].
DSP Report: register diff3_reg[2] is absorbed into DSP acc5_reg[2].
DSP Report: operator p_0_out is absorbed into DSP acc5_reg[2].
DSP Report: operator p_0_out is absorbed into DSP acc5_reg[2].
DSP Report: operator p_1_out is absorbed into DSP acc5_reg[2].
DSP Report: Generating DSP hb2_reg[3], operation Mode is: (C'+(A2*B2)')'.
DSP Report: register db0_reg[3] is absorbed into DSP hb2_reg[3].
DSP Report: register C is absorbed into DSP hb2_reg[3].
DSP Report: register B is absorbed into DSP hb2_reg[3].
DSP Report: register hb2_reg[3] is absorbed into DSP hb2_reg[3].
DSP Report: register pb1_reg[3] is absorbed into DSP hb2_reg[3].
DSP Report: operator p_0_out is absorbed into DSP hb2_reg[3].
DSP Report: operator p_0_out is absorbed into DSP hb2_reg[3].
DSP Report: Generating DSP ht2_reg[3], operation Mode is: (C'+(A2*B2)')'.
DSP Report: register dt0_reg[3] is absorbed into DSP ht2_reg[3].
DSP Report: register C is absorbed into DSP ht2_reg[3].
DSP Report: register B is absorbed into DSP ht2_reg[3].
DSP Report: register ht2_reg[3] is absorbed into DSP ht2_reg[3].
DSP Report: register pt1_reg[3] is absorbed into DSP ht2_reg[3].
DSP Report: operator p_0_out is absorbed into DSP ht2_reg[3].
DSP Report: operator p_0_out is absorbed into DSP ht2_reg[3].
DSP Report: Generating DSP acc5_reg[3], operation Mode is: (C'+((D-A)*B'')')'.
DSP Report: register B is absorbed into DSP acc5_reg[3].
DSP Report: register B is absorbed into DSP acc5_reg[3].
DSP Report: register C is absorbed into DSP acc5_reg[3].
DSP Report: register acc5_reg[3] is absorbed into DSP acc5_reg[3].
DSP Report: register vp4_reg[3] is absorbed into DSP acc5_reg[3].
DSP Report: register diff3_reg[3] is absorbed into DSP acc5_reg[3].
DSP Report: operator p_0_out is absorbed into DSP acc5_reg[3].
DSP Report: operator p_0_out is absorbed into DSP acc5_reg[3].
DSP Report: operator p_1_out is absorbed into DSP acc5_reg[3].
DSP Report: Generating DSP hb2_reg[4], operation Mode is: (C'+(A2*B2)')'.
DSP Report: register db0_reg[4] is absorbed into DSP hb2_reg[4].
DSP Report: register C is absorbed into DSP hb2_reg[4].
DSP Report: register B is absorbed into DSP hb2_reg[4].
DSP Report: register hb2_reg[4] is absorbed into DSP hb2_reg[4].
DSP Report: register pb1_reg[4] is absorbed into DSP hb2_reg[4].
DSP Report: operator p_0_out is absorbed into DSP hb2_reg[4].
DSP Report: operator p_0_out is absorbed into DSP hb2_reg[4].
DSP Report: Generating DSP ht2_reg[4], operation Mode is: (C'+(A2*B2)')'.
DSP Report: register dt0_reg[4] is absorbed into DSP ht2_reg[4].
DSP Report: register C is absorbed into DSP ht2_reg[4].
DSP Report: register B is absorbed into DSP ht2_reg[4].
DSP Report: register ht2_reg[4] is absorbed into DSP ht2_reg[4].
DSP Report: register pt1_reg[4] is absorbed into DSP ht2_reg[4].
DSP Report: operator p_0_out is absorbed into DSP ht2_reg[4].
DSP Report: operator p_0_out is absorbed into DSP ht2_reg[4].
DSP Report: Generating DSP acc5_reg[4], operation Mode is: (C'+((D-A)*B'')')'.
DSP Report: register B is absorbed into DSP acc5_reg[4].
DSP Report: register B is absorbed into DSP acc5_reg[4].
DSP Report: register C is absorbed into DSP acc5_reg[4].
DSP Report: register acc5_reg[4] is absorbed into DSP acc5_reg[4].
DSP Report: register vp4_reg[4] is absorbed into DSP acc5_reg[4].
DSP Report: register diff3_reg[4] is absorbed into DSP acc5_reg[4].
DSP Report: operator p_0_out is absorbed into DSP acc5_reg[4].
DSP Report: operator p_0_out is absorbed into DSP acc5_reg[4].
DSP Report: operator p_1_out is absorbed into DSP acc5_reg[4].
DSP Report: Generating DSP hb2_reg[5], operation Mode is: (C'+(A2*B2)')'.
DSP Report: register db0_reg[5] is absorbed into DSP hb2_reg[5].
DSP Report: register C is absorbed into DSP hb2_reg[5].
DSP Report: register B is absorbed into DSP hb2_reg[5].
DSP Report: register hb2_reg[5] is absorbed into DSP hb2_reg[5].
DSP Report: register pb1_reg[5] is absorbed into DSP hb2_reg[5].
DSP Report: operator p_0_out is absorbed into DSP hb2_reg[5].
DSP Report: operator p_0_out is absorbed into DSP hb2_reg[5].
DSP Report: Generating DSP ht2_reg[5], operation Mode is: (C'+(A2*B2)')'.
DSP Report: register dt0_reg[5] is absorbed into DSP ht2_reg[5].
DSP Report: register C is absorbed into DSP ht2_reg[5].
DSP Report: register B is absorbed into DSP ht2_reg[5].
DSP Report: register ht2_reg[5] is absorbed into DSP ht2_reg[5].
DSP Report: register pt1_reg[5] is absorbed into DSP ht2_reg[5].
DSP Report: operator p_0_out is absorbed into DSP ht2_reg[5].
DSP Report: operator p_0_out is absorbed into DSP ht2_reg[5].
DSP Report: Generating DSP acc5_reg[5], operation Mode is: (C'+((D-A)*B'')')'.
DSP Report: register B is absorbed into DSP acc5_reg[5].
DSP Report: register B is absorbed into DSP acc5_reg[5].
DSP Report: register C is absorbed into DSP acc5_reg[5].
DSP Report: register acc5_reg[5] is absorbed into DSP acc5_reg[5].
DSP Report: register vp4_reg[5] is absorbed into DSP acc5_reg[5].
DSP Report: register diff3_reg[5] is absorbed into DSP acc5_reg[5].
DSP Report: operator p_0_out is absorbed into DSP acc5_reg[5].
DSP Report: operator p_0_out is absorbed into DSP acc5_reg[5].
DSP Report: operator p_1_out is absorbed into DSP acc5_reg[5].
DSP Report: Generating DSP hb2_reg[6], operation Mode is: (C'+(A2*B2)')'.
DSP Report: register db0_reg[6] is absorbed into DSP hb2_reg[6].
DSP Report: register C is absorbed into DSP hb2_reg[6].
DSP Report: register B is absorbed into DSP hb2_reg[6].
DSP Report: register hb2_reg[6] is absorbed into DSP hb2_reg[6].
DSP Report: register pb1_reg[6] is absorbed into DSP hb2_reg[6].
DSP Report: operator p_0_out is absorbed into DSP hb2_reg[6].
DSP Report: operator p_0_out is absorbed into DSP hb2_reg[6].
DSP Report: Generating DSP ht2_reg[6], operation Mode is: (C'+(A2*B2)')'.
DSP Report: register dt0_reg[6] is absorbed into DSP ht2_reg[6].
DSP Report: register C is absorbed into DSP ht2_reg[6].
DSP Report: register B is absorbed into DSP ht2_reg[6].
DSP Report: register ht2_reg[6] is absorbed into DSP ht2_reg[6].
DSP Report: register pt1_reg[6] is absorbed into DSP ht2_reg[6].
DSP Report: operator p_0_out is absorbed into DSP ht2_reg[6].
DSP Report: operator p_0_out is absorbed into DSP ht2_reg[6].
DSP Report: Generating DSP acc5_reg[6], operation Mode is: (C'+((D-A)*B'')')'.
DSP Report: register B is absorbed into DSP acc5_reg[6].
DSP Report: register B is absorbed into DSP acc5_reg[6].
DSP Report: register C is absorbed into DSP acc5_reg[6].
DSP Report: register acc5_reg[6] is absorbed into DSP acc5_reg[6].
DSP Report: register vp4_reg[6] is absorbed into DSP acc5_reg[6].
DSP Report: register diff3_reg[6] is absorbed into DSP acc5_reg[6].
DSP Report: operator p_0_out is absorbed into DSP acc5_reg[6].
DSP Report: operator p_0_out is absorbed into DSP acc5_reg[6].
DSP Report: operator p_1_out is absorbed into DSP acc5_reg[6].
DSP Report: Generating DSP hb2_reg[7], operation Mode is: (C'+(A2*B2)')'.
DSP Report: register db0_reg[7] is absorbed into DSP hb2_reg[7].
DSP Report: register C is absorbed into DSP hb2_reg[7].
DSP Report: register B is absorbed into DSP hb2_reg[7].
DSP Report: register hb2_reg[7] is absorbed into DSP hb2_reg[7].
DSP Report: register pb1_reg[7] is absorbed into DSP hb2_reg[7].
DSP Report: operator p_0_out is absorbed into DSP hb2_reg[7].
DSP Report: operator p_0_out is absorbed into DSP hb2_reg[7].
DSP Report: Generating DSP ht2_reg[7], operation Mode is: (C'+(A2*B2)')'.
DSP Report: register dt0_reg[7] is absorbed into DSP ht2_reg[7].
DSP Report: register C is absorbed into DSP ht2_reg[7].
DSP Report: register B is absorbed into DSP ht2_reg[7].
DSP Report: register ht2_reg[7] is absorbed into DSP ht2_reg[7].
DSP Report: register pt1_reg[7] is absorbed into DSP ht2_reg[7].
DSP Report: operator p_0_out is absorbed into DSP ht2_reg[7].
DSP Report: operator p_0_out is absorbed into DSP ht2_reg[7].
DSP Report: Generating DSP acc5_reg[7], operation Mode is: (C'+((D-A)*B'')')'.
DSP Report: register B is absorbed into DSP acc5_reg[7].
DSP Report: register B is absorbed into DSP acc5_reg[7].
DSP Report: register C is absorbed into DSP acc5_reg[7].
DSP Report: register acc5_reg[7] is absorbed into DSP acc5_reg[7].
DSP Report: register vp4_reg[7] is absorbed into DSP acc5_reg[7].
DSP Report: register diff3_reg[7] is absorbed into DSP acc5_reg[7].
DSP Report: operator p_0_out is absorbed into DSP acc5_reg[7].
DSP Report: operator p_0_out is absorbed into DSP acc5_reg[7].
DSP Report: operator p_1_out is absorbed into DSP acc5_reg[7].
DSP Report: Generating DSP hb2_reg[15], operation Mode is: (C'+(A2*B2)')'.
DSP Report: register db0_reg[15] is absorbed into DSP hb2_reg[15].
DSP Report: register C is absorbed into DSP hb2_reg[15].
DSP Report: register B is absorbed into DSP hb2_reg[15].
DSP Report: register hb2_reg[15] is absorbed into DSP hb2_reg[15].
DSP Report: register pb1_reg[15] is absorbed into DSP hb2_reg[15].
DSP Report: operator p_0_out is absorbed into DSP hb2_reg[15].
DSP Report: operator p_0_out is absorbed into DSP hb2_reg[15].
DSP Report: Generating DSP ht2_reg[15], operation Mode is: (C'+(A2*B2)')'.
DSP Report: register dt0_reg[15] is absorbed into DSP ht2_reg[15].
DSP Report: register C is absorbed into DSP ht2_reg[15].
DSP Report: register B is absorbed into DSP ht2_reg[15].
DSP Report: register ht2_reg[15] is absorbed into DSP ht2_reg[15].
DSP Report: register pt1_reg[15] is absorbed into DSP ht2_reg[15].
DSP Report: operator p_0_out is absorbed into DSP ht2_reg[15].
DSP Report: operator p_0_out is absorbed into DSP ht2_reg[15].
DSP Report: Generating DSP acc5_reg[15], operation Mode is: (C'+((D-A)*B'')')'.
DSP Report: register B is absorbed into DSP acc5_reg[15].
DSP Report: register B is absorbed into DSP acc5_reg[15].
DSP Report: register C is absorbed into DSP acc5_reg[15].
DSP Report: register acc5_reg[15] is absorbed into DSP acc5_reg[15].
DSP Report: register vp4_reg[15] is absorbed into DSP acc5_reg[15].
DSP Report: register diff3_reg[15] is absorbed into DSP acc5_reg[15].
DSP Report: operator p_0_out is absorbed into DSP acc5_reg[15].
DSP Report: operator p_0_out is absorbed into DSP acc5_reg[15].
DSP Report: operator p_1_out is absorbed into DSP acc5_reg[15].
DSP Report: Generating DSP hb2_reg[0], operation Mode is: (C'+((D-A)*B2)')'.
DSP Report: register B is absorbed into DSP hb2_reg[0].
DSP Report: register C is absorbed into DSP hb2_reg[0].
DSP Report: register hb2_reg[0] is absorbed into DSP hb2_reg[0].
DSP Report: register pb1_reg[0] is absorbed into DSP hb2_reg[0].
DSP Report: register db0_reg[0] is absorbed into DSP hb2_reg[0].
DSP Report: operator p_0_out is absorbed into DSP hb2_reg[0].
DSP Report: operator p_0_out is absorbed into DSP hb2_reg[0].
DSP Report: operator p_1_out is absorbed into DSP hb2_reg[0].
DSP Report: Generating DSP ht2_reg[0], operation Mode is: (C'+((D-A)*B2)')'.
DSP Report: register B is absorbed into DSP ht2_reg[0].
DSP Report: register C is absorbed into DSP ht2_reg[0].
DSP Report: register ht2_reg[0] is absorbed into DSP ht2_reg[0].
DSP Report: register pt1_reg[0] is absorbed into DSP ht2_reg[0].
DSP Report: register dt0_reg[0] is absorbed into DSP ht2_reg[0].
DSP Report: operator p_0_out is absorbed into DSP ht2_reg[0].
DSP Report: operator p_0_out is absorbed into DSP ht2_reg[0].
DSP Report: operator p_1_out is absorbed into DSP ht2_reg[0].
DSP Report: Generating DSP acc5_reg[0], operation Mode is: (C'+((D-A)*B'')')'.
DSP Report: register B is absorbed into DSP acc5_reg[0].
DSP Report: register B is absorbed into DSP acc5_reg[0].
DSP Report: register C is absorbed into DSP acc5_reg[0].
DSP Report: register acc5_reg[0] is absorbed into DSP acc5_reg[0].
DSP Report: register vp4_reg[0] is absorbed into DSP acc5_reg[0].
DSP Report: register diff3_reg[0] is absorbed into DSP acc5_reg[0].
DSP Report: operator p_0_out is absorbed into DSP acc5_reg[0].
DSP Report: operator p_0_out is absorbed into DSP acc5_reg[0].
DSP Report: operator p_1_out is absorbed into DSP acc5_reg[0].
INFO: [Synth 8-4471] merging register 'plane_size_r_reg[15:0]' into 'plane_size_r_reg[15:0]' [E:/experiment/¸´µ©Î¢/Fast-BEV/Fastbev2.0_sa/part2_sa/part2_sa_v2.0/Vivado_Project/rtl/sa_engine_int8.v:75]
INFO: [Synth 8-4471] merging register 'cur_z_reg[15:0]' into 'cur_z_reg[15:0]' [E:/experiment/¸´µ©Î¢/Fast-BEV/Fastbev2.0_sa/part2_sa/part2_sa_v2.0/Vivado_Project/rtl/sa_engine_int8.v:75]
INFO: [Synth 8-4471] merging register 'cur_x_reg[15:0]' into 'cur_x_reg[15:0]' [E:/experiment/¸´µ©Î¢/Fast-BEV/Fastbev2.0_sa/part2_sa/part2_sa_v2.0/Vivado_Project/rtl/sa_engine_int8.v:157]
INFO: [Synth 8-4471] merging register 'plane_size_r_reg[15:0]' into 'plane_size_r_reg[15:0]' [E:/experiment/¸´µ©Î¢/Fast-BEV/Fastbev2.0_sa/part2_sa/part2_sa_v2.0/Vivado_Project/rtl/sa_engine_int8.v:75]
INFO: [Synth 8-4471] merging register 'cur_y_reg[15:0]' into 'cur_y_reg[15:0]' [E:/experiment/¸´µ©Î¢/Fast-BEV/Fastbev2.0_sa/part2_sa/part2_sa_v2.0/Vivado_Project/rtl/sa_engine_int8.v:160]
INFO: [Synth 8-4471] merging register 'out_x_r_reg[15:0]' into 'out_x_r_reg[15:0]' [E:/experiment/¸´µ©Î¢/Fast-BEV/Fastbev2.0_sa/part2_sa/part2_sa_v2.0/Vivado_Project/rtl/sa_engine_int8.v:161]
INFO: [Synth 8-5545] ROM "state0" won't be mapped to RAM because address size (32) is larger than maximum supported(25)
DSP Report: Generating DSP out_x_r_reg, operation Mode is: (A2*B)'.
DSP Report: register cur_x_reg is absorbed into DSP out_x_r_reg.
DSP Report: register out_x_r_reg is absorbed into DSP out_x_r_reg.
DSP Report: operator out_x_w is absorbed into DSP out_x_r_reg.
DSP Report: Generating DSP pair_idx0_w, operation Mode is: PCIN+(A2*B)'.
DSP Report: register plane_size_r_reg is absorbed into DSP pair_idx0_w.
DSP Report: register out_base0_r_reg is absorbed into DSP pair_idx0_w.
DSP Report: operator out_base0_w is absorbed into DSP pair_idx0_w.
DSP Report: operator pair_idx0_w is absorbed into DSP pair_idx0_w.
DSP Report: Generating DSP out_base1_r_reg, operation Mode is: (A2*B)'.
DSP Report: register plane_size_r_reg is absorbed into DSP out_base1_r_reg.
DSP Report: register out_base1_r_reg is absorbed into DSP out_base1_r_reg.
DSP Report: operator out_base1_w is absorbed into DSP out_base1_r_reg.
DSP Report: Generating DSP out_base0_r_reg, operation Mode is: (PCIN or 0)+(0 or (A2*B)').
DSP Report: register plane_size_r_reg is absorbed into DSP out_base0_r_reg.
DSP Report: register out_base0_r_reg is absorbed into DSP out_base0_r_reg.
DSP Report: operator out_base0_w is absorbed into DSP out_base0_r_reg.
DSP Report: Generating DSP src_row_r_reg, operation Mode is: (A''*B)'.
DSP Report: register A is absorbed into DSP src_row_r_reg.
DSP Report: register v_int_r_reg is absorbed into DSP src_row_r_reg.
DSP Report: register src_row_r_reg is absorbed into DSP src_row_r_reg.
DSP Report: operator src_row_w is absorbed into DSP src_row_r_reg.
DSP Report: Generating DSP src_index_r0, operation Mode is: PCIN+(A2*B2)'.
DSP Report: register cur_z_reg is absorbed into DSP src_index_r0.
DSP Report: register plane_size_r_reg is absorbed into DSP src_index_r0.
DSP Report: register src_z_r_reg is absorbed into DSP src_index_r0.
DSP Report: operator src_z_w is absorbed into DSP src_index_r0.
DSP Report: operator src_index_r0 is absorbed into DSP src_index_r0.
DSP Report: Generating DSP full_count_w, operation Mode is: A*B.
DSP Report: operator full_count_w is absorbed into DSP full_count_w.
INFO: [Synth 8-5545] ROM "state" won't be mapped to RAM because address size (32) is larger than maximum supported(25)
DSP Report: Generating DSP quant_total_pixels0, operation Mode is: A*B.
DSP Report: operator quant_total_pixels0 is absorbed into DSP quant_total_pixels0.
DSP Report: Generating DSP quant_total_pixels, operation Mode is: A*B.
DSP Report: operator quant_total_pixels is absorbed into DSP quant_total_pixels.
INFO: [Synth 8-4471] merging register 'cur_y_reg[15:0]' into 'cur_y_reg[15:0]' [E:/experiment/¸´µ©Î¢/Fast-BEV/Fastbev2.0_sa/part2_sa/part2_sa_v2.0/Vivado_Project/rtl/lut_engine_int8.v:179]
INFO: [Synth 8-4471] merging register 'cur_x_reg[15:0]' into 'cur_x_reg[15:0]' [E:/experiment/¸´µ©Î¢/Fast-BEV/Fastbev2.0_sa/part2_sa/part2_sa_v2.0/Vivado_Project/rtl/lut_engine_int8.v:178]
INFO: [Synth 8-4471] merging register 'cur_x_reg[15:0]' into 'cur_x_reg[15:0]' [E:/experiment/¸´µ©Î¢/Fast-BEV/Fastbev2.0_sa/part2_sa/part2_sa_v2.0/Vivado_Project/rtl/lut_engine_int8.v:178]
INFO: [Synth 8-4471] merging register 'pair_y_even_r_reg[15:0]' into 'pair_y_even_r_reg[15:0]' [E:/experiment/¸´µ©Î¢/Fast-BEV/Fastbev2.0_sa/part2_sa/part2_sa_v2.0/Vivado_Project/rtl/lut_engine_int8.v:209]
INFO: [Synth 8-4471] merging register 'pair_x_base_r_reg[15:0]' into 'pair_x_base_r_reg[15:0]' [E:/experiment/¸´µ©Î¢/Fast-BEV/Fastbev2.0_sa/part2_sa/part2_sa_v2.0/Vivado_Project/rtl/lut_engine_int8.v:208]
INFO: [Synth 8-5545] ROM "state" won't be mapped to RAM because address size (32) is larger than maximum supported(25)
DSP Report: Generating DSP pipe_cam_v_reg, operation Mode is: (C'+A*B)'.
DSP Report: register cur_v_reg is absorbed into DSP pipe_cam_v_reg.
DSP Report: register pipe_cam_v_reg is absorbed into DSP pipe_cam_v_reg.
DSP Report: operator pipe_cam_v0 is absorbed into DSP pipe_cam_v_reg.
DSP Report: operator pipe_cam_v1 is absorbed into DSP pipe_cam_v_reg.
DSP Report: Generating DSP pixel_idx_r_reg, operation Mode is: (C'+A*B)'.
DSP Report: register cur_u_reg is absorbed into DSP pixel_idx_r_reg.
DSP Report: register pixel_idx_r_reg is absorbed into DSP pixel_idx_r_reg.
DSP Report: operator pixel_linear_idx_s2 is absorbed into DSP pixel_idx_r_reg.
DSP Report: operator pixel_linear_idx_s20 is absorbed into DSP pixel_idx_r_reg.
DSP Report: Generating DSP final_group_x_r_reg, operation Mode is: (C'+A*B)'.
DSP Report: register cur_x_reg is absorbed into DSP final_group_x_r_reg.
DSP Report: register final_group_x_r_reg is absorbed into DSP final_group_x_r_reg.
DSP Report: operator final_group_x_r0 is absorbed into DSP final_group_x_r_reg.
DSP Report: operator final_group_x_product_w is absorbed into DSP final_group_x_r_reg.
DSP Report: Generating DSP final_xy_r_reg, operation Mode is: (C'+A*B)'.
DSP Report: register cur_y_reg is absorbed into DSP final_xy_r_reg.
DSP Report: register final_xy_r_reg is absorbed into DSP final_xy_r_reg.
DSP Report: operator final_xy_r0 is absorbed into DSP final_xy_r_reg.
DSP Report: operator final_xy_product_w is absorbed into DSP final_xy_r_reg.
DSP Report: Generating DSP pair_x_base_r_reg, operation Mode is: (A2*B)'.
DSP Report: register cur_x_reg is absorbed into DSP pair_x_base_r_reg.
DSP Report: register pair_x_base_r_reg is absorbed into DSP pair_x_base_r_reg.
DSP Report: operator pair_x_base_w is absorbed into DSP pair_x_base_r_reg.
DSP Report: Generating DSP pair_group0_base_r_reg, operation Mode is: (A*B2)'.
DSP Report: register B is absorbed into DSP pair_group0_base_r_reg.
DSP Report: register pair_group0_base_r_reg is absorbed into DSP pair_group0_base_r_reg.
DSP Report: operator pair_group0_base_w is absorbed into DSP pair_group0_base_r_reg.
DSP Report: Generating DSP pair_addr0_r2, operation Mode is: PCIN+(A:0x0):B+C'.
DSP Report: register pair_y_even_r_reg is absorbed into DSP pair_addr0_r2.
DSP Report: operator pair_addr0_r2 is absorbed into DSP pair_addr0_r2.
DSP Report: Generating DSP pair_addr1_r2, operation Mode is: PCIN+(A*B)'.
DSP Report: register pair_group1_base_r_reg is absorbed into DSP pair_addr1_r2.
DSP Report: operator pair_group1_base_w is absorbed into DSP pair_addr1_r2.
DSP Report: operator pair_addr1_r2 is absorbed into DSP pair_addr1_r2.
INFO: [Synth 8-3886] merging instance 'U_quant_enginei_1/GEN_QUANT_LANE[5].U_fp32_int8_quant/s1_partial_hi_reg[0]' (FDR) to 'U_quant_enginei_1/GEN_QUANT_LANE[5].U_fp32_int8_quant/s1_partial_hi_reg[1]'
INFO: [Synth 8-3886] merging instance 'U_quant_enginei_1/GEN_QUANT_LANE[5].U_fp32_int8_quant/s1_partial_hi_reg[1]' (FDR) to 'U_quant_enginei_1/GEN_QUANT_LANE[5].U_fp32_int8_quant/s1_partial_hi_reg[2]'
INFO: [Synth 8-3886] merging instance 'U_quant_enginei_1/GEN_QUANT_LANE[5].U_fp32_int8_quant/s1_partial_hi_reg[2]' (FDR) to 'U_quant_enginei_1/GEN_QUANT_LANE[5].U_fp32_int8_quant/s1_partial_hi_reg[3]'
INFO: [Synth 8-3886] merging instance 'U_quant_enginei_1/GEN_QUANT_LANE[5].U_fp32_int8_quant/s1_partial_hi_reg[3]' (FDR) to 'U_quant_enginei_1/GEN_QUANT_LANE[5].U_fp32_int8_quant/s1_partial_hi_reg[4]'
INFO: [Synth 8-3886] merging instance 'U_quant_enginei_1/GEN_QUANT_LANE[5].U_fp32_int8_quant/s1_partial_hi_reg[4]' (FDR) to 'U_quant_enginei_1/GEN_QUANT_LANE[5].U_fp32_int8_quant/s1_partial_hi_reg[5]'
INFO: [Synth 8-3886] merging instance 'U_quant_enginei_1/GEN_QUANT_LANE[5].U_fp32_int8_quant/s1_partial_hi_reg[5]' (FDR) to 'U_quant_enginei_1/GEN_QUANT_LANE[5].U_fp32_int8_quant/s1_partial_hi_reg[34]'
INFO: [Synth 8-3886] merging instance 'U_quant_enginei_1/GEN_QUANT_LANE[5].U_fp32_int8_quant/s1_partial_lo_reg[29]' (FDR) to 'U_quant_enginei_1/GEN_QUANT_LANE[5].U_fp32_int8_quant/s1_partial_hi_reg[34]'
INFO: [Synth 8-3886] merging instance 'U_quant_enginei_1/GEN_QUANT_LANE[5].U_fp32_int8_quant/s1_partial_lo_reg[30]' (FDR) to 'U_quant_enginei_1/GEN_QUANT_LANE[5].U_fp32_int8_quant/s1_partial_hi_reg[34]'
INFO: [Synth 8-3886] merging instance 'U_quant_enginei_1/GEN_QUANT_LANE[5].U_fp32_int8_quant/s1_partial_lo_reg[31]' (FDR) to 'U_quant_enginei_1/GEN_QUANT_LANE[5].U_fp32_int8_quant/s1_partial_hi_reg[34]'
INFO: [Synth 8-3886] merging instance 'U_quant_enginei_1/GEN_QUANT_LANE[5].U_fp32_int8_quant/s1_partial_lo_reg[32]' (FDR) to 'U_quant_enginei_1/GEN_QUANT_LANE[5].U_fp32_int8_quant/s1_partial_hi_reg[34]'
INFO: [Synth 8-3886] merging instance 'U_quant_enginei_1/GEN_QUANT_LANE[5].U_fp32_int8_quant/s1_partial_lo_reg[33]' (FDR) to 'U_quant_enginei_1/GEN_QUANT_LANE[5].U_fp32_int8_quant/s1_partial_hi_reg[34]'
INFO: [Synth 8-3886] merging instance 'U_quant_enginei_1/GEN_QUANT_LANE[5].U_fp32_int8_quant/s1_partial_hi_reg[34]' (FDR) to 'U_quant_enginei_1/GEN_QUANT_LANE[5].U_fp32_int8_quant/s1_partial_hi_reg[35]'
INFO: [Synth 8-3886] merging instance 'U_quant_enginei_1/GEN_QUANT_LANE[5].U_fp32_int8_quant/s1_partial_lo_reg[34]' (FDR) to 'U_quant_enginei_1/GEN_QUANT_LANE[5].U_fp32_int8_quant/s1_partial_hi_reg[35]'
INFO: [Synth 8-3886] merging instance 'U_quant_enginei_1/GEN_QUANT_LANE[5].U_fp32_int8_quant/s1_partial_hi_reg[35]' (FDR) to 'U_quant_enginei_1/GEN_QUANT_LANE[5].U_fp32_int8_quant/s1_partial_hi_reg[36]'
INFO: [Synth 8-3886] merging instance 'U_quant_enginei_1/GEN_QUANT_LANE[5].U_fp32_int8_quant/s1_partial_lo_reg[35]' (FDR) to 'U_quant_enginei_1/GEN_QUANT_LANE[5].U_fp32_int8_quant/s1_partial_hi_reg[36]'
INFO: [Synth 8-3886] merging instance 'U_quant_enginei_1/GEN_QUANT_LANE[5].U_fp32_int8_quant/s1_partial_hi_reg[36]' (FDR) to 'U_quant_enginei_1/GEN_QUANT_LANE[5].U_fp32_int8_quant/s1_partial_hi_reg[37]'
INFO: [Synth 8-3886] merging instance 'U_quant_enginei_1/GEN_QUANT_LANE[5].U_fp32_int8_quant/s1_partial_lo_reg[36]' (FDR) to 'U_quant_enginei_1/GEN_QUANT_LANE[5].U_fp32_int8_quant/s1_partial_hi_reg[37]'
INFO: [Synth 8-3886] merging instance 'U_quant_enginei_1/GEN_QUANT_LANE[5].U_fp32_int8_quant/s1_partial_hi_reg[37]' (FDR) to 'U_quant_enginei_1/GEN_QUANT_LANE[5].U_fp32_int8_quant/s1_partial_hi_reg[38]'
INFO: [Synth 8-3886] merging instance 'U_quant_enginei_1/GEN_QUANT_LANE[5].U_fp32_int8_quant/s1_partial_lo_reg[37]' (FDR) to 'U_quant_enginei_1/GEN_QUANT_LANE[5].U_fp32_int8_quant/s1_partial_hi_reg[38]'
INFO: [Synth 8-3886] merging instance 'U_quant_enginei_1/GEN_QUANT_LANE[5].U_fp32_int8_quant/s1_partial_hi_reg[38]' (FDR) to 'U_quant_enginei_1/GEN_QUANT_LANE[5].U_fp32_int8_quant/s1_partial_hi_reg[39]'
INFO: [Synth 8-3886] merging instance 'U_quant_enginei_1/GEN_QUANT_LANE[5].U_fp32_int8_quant/s1_partial_lo_reg[38]' (FDR) to 'U_quant_enginei_1/GEN_QUANT_LANE[5].U_fp32_int8_quant/s1_partial_hi_reg[39]'
INFO: [Synth 8-3886] merging instance 'U_quant_enginei_1/GEN_QUANT_LANE[5].U_fp32_int8_quant/s1_partial_hi_reg[39]' (FDR) to 'U_quant_enginei_1/GEN_QUANT_LANE[5].U_fp32_int8_quant/s1_partial_lo_reg[39]'
INFO: [Synth 8-3333] propagating constant 0 across sequential element (U_quant_enginei_1/\GEN_QUANT_LANE[5].U_fp32_int8_quant /\s1_partial_lo_reg[39] )
INFO: [Synth 8-3333] propagating constant 0 across sequential element (U_quant_enginei_1/\GEN_QUANT_LANE[5].U_fp32_int8_quant /\s6_mag_reg[8] )
INFO: [Synth 8-3333] propagating constant 0 across sequential element (U_quant_enginei_2/\GEN_QUANT_LANE[0].U_fp32_int8_quant/s1_partial_hi_reg[0] )
INFO: [Synth 8-3333] propagating constant 0 across sequential element (U_quant_enginei_2/\GEN_QUANT_LANE[0].U_fp32_int8_quant/s1_partial_hi_reg[1] )
INFO: [Synth 8-3333] propagating constant 0 across sequential element (U_quant_enginei_2/\GEN_QUANT_LANE[0].U_fp32_int8_quant/s1_partial_hi_reg[2] )
INFO: [Synth 8-3333] propagating constant 0 across sequential element (U_quant_enginei_2/\GEN_QUANT_LANE[0].U_fp32_int8_quant/s1_partial_hi_reg[3] )
INFO: [Synth 8-3333] propagating constant 0 across sequential element (U_quant_enginei_2/\GEN_QUANT_LANE[0].U_fp32_int8_quant/s1_partial_hi_reg[4] )
INFO: [Synth 8-3333] propagating constant 0 across sequential element (U_quant_enginei_2/\GEN_QUANT_LANE[0].U_fp32_int8_quant/s1_partial_hi_reg[5] )
INFO: [Synth 8-3333] propagating constant 0 across sequential element (U_quant_enginei_2/\GEN_QUANT_LANE[0].U_fp32_int8_quant/s1_partial_lo_reg[29] )
INFO: [Synth 8-3333] propagating constant 0 across sequential element (U_quant_enginei_2/\GEN_QUANT_LANE[0].U_fp32_int8_quant/s1_partial_lo_reg[30] )
INFO: [Synth 8-3333] propagating constant 0 across sequential element (U_quant_enginei_2/\GEN_QUANT_LANE[0].U_fp32_int8_quant/s1_partial_lo_reg[31] )
INFO: [Synth 8-3333] propagating constant 0 across sequential element (U_quant_enginei_2/\GEN_QUANT_LANE[0].U_fp32_int8_quant/s1_partial_lo_reg[32] )
INFO: [Synth 8-3333] propagating constant 0 across sequential element (U_quant_enginei_2/\GEN_QUANT_LANE[0].U_fp32_int8_quant/s1_partial_lo_reg[33] )
INFO: [Synth 8-3333] propagating constant 0 across sequential element (U_quant_enginei_2/\GEN_QUANT_LANE[0].U_fp32_int8_quant/s1_partial_hi_reg[34] )
INFO: [Synth 8-3333] propagating constant 0 across sequential element (U_quant_enginei_2/\GEN_QUANT_LANE[0].U_fp32_int8_quant/s1_partial_lo_reg[34] )
INFO: [Synth 8-3333] propagating constant 0 across sequential element (U_quant_enginei_2/\GEN_QUANT_LANE[0].U_fp32_int8_quant/s1_partial_hi_reg[35] )
INFO: [Synth 8-3333] propagating constant 0 across sequential element (U_quant_enginei_2/\GEN_QUANT_LANE[0].U_fp32_int8_quant/s1_partial_lo_reg[35] )
INFO: [Synth 8-3333] propagating constant 0 across sequential element (U_quant_enginei_2/\GEN_QUANT_LANE[0].U_fp32_int8_quant/s1_partial_hi_reg[36] )
INFO: [Synth 8-3333] propagating constant 0 across sequential element (U_quant_enginei_2/\GEN_QUANT_LANE[0].U_fp32_int8_quant/s1_partial_lo_reg[36] )
INFO: [Synth 8-3333] propagating constant 0 across sequential element (U_quant_enginei_2/\GEN_QUANT_LANE[0].U_fp32_int8_quant/s1_partial_hi_reg[37] )
INFO: [Synth 8-3333] propagating constant 0 across sequential element (U_quant_enginei_2/\GEN_QUANT_LANE[0].U_fp32_int8_quant/s1_partial_lo_reg[37] )
INFO: [Synth 8-3333] propagating constant 0 across sequential element (U_quant_enginei_2/\GEN_QUANT_LANE[0].U_fp32_int8_quant/s1_partial_hi_reg[38] )
INFO: [Synth 8-3333] propagating constant 0 across sequential element (U_quant_enginei_2/\GEN_QUANT_LANE[0].U_fp32_int8_quant/s1_partial_lo_reg[38] )
INFO: [Synth 8-3333] propagating constant 0 across sequential element (U_quant_enginei_2/\GEN_QUANT_LANE[0].U_fp32_int8_quant/s1_partial_hi_reg[39] )
INFO: [Synth 8-3333] propagating constant 0 across sequential element (U_quant_enginei_2/\GEN_QUANT_LANE[0].U_fp32_int8_quant/s1_partial_lo_reg[39] )
INFO: [Synth 8-3333] propagating constant 0 across sequential element (U_quant_enginei_2/\GEN_QUANT_LANE[1].U_fp32_int8_quant/s1_partial_hi_reg[0] )
INFO: [Synth 8-3333] propagating constant 0 across sequential element (U_quant_enginei_2/\GEN_QUANT_LANE[1].U_fp32_int8_quant/s1_partial_hi_reg[1] )
INFO: [Synth 8-3333] propagating constant 0 across sequential element (U_quant_enginei_2/\GEN_QUANT_LANE[1].U_fp32_int8_quant/s1_partial_hi_reg[2] )
INFO: [Synth 8-3333] propagating constant 0 across sequential element (U_quant_enginei_2/\GEN_QUANT_LANE[1].U_fp32_int8_quant/s1_partial_hi_reg[3] )
INFO: [Synth 8-3333] propagating constant 0 across sequential element (U_quant_enginei_2/\GEN_QUANT_LANE[1].U_fp32_int8_quant/s1_partial_hi_reg[4] )
INFO: [Synth 8-3333] propagating constant 0 across sequential element (U_quant_enginei_2/\GEN_QUANT_LANE[1].U_fp32_int8_quant/s1_partial_hi_reg[5] )
INFO: [Synth 8-3333] propagating constant 0 across sequential element (U_quant_enginei_2/\GEN_QUANT_LANE[1].U_fp32_int8_quant/s1_partial_lo_reg[29] )
INFO: [Synth 8-3333] propagating constant 0 across sequential element (U_quant_enginei_2/\GEN_QUANT_LANE[1].U_fp32_int8_quant/s1_partial_lo_reg[30] )
INFO: [Synth 8-3333] propagating constant 0 across sequential element (U_quant_enginei_2/\GEN_QUANT_LANE[1].U_fp32_int8_quant/s1_partial_lo_reg[31] )
INFO: [Synth 8-3333] propagating constant 0 across sequential element (U_quant_enginei_2/\GEN_QUANT_LANE[1].U_fp32_int8_quant/s1_partial_lo_reg[32] )
INFO: [Synth 8-3333] propagating constant 0 across sequential element (U_quant_enginei_2/\GEN_QUANT_LANE[1].U_fp32_int8_quant/s1_partial_lo_reg[33] )
INFO: [Synth 8-3333] propagating constant 0 across sequential element (U_quant_enginei_2/\GEN_QUANT_LANE[1].U_fp32_int8_quant/s1_partial_hi_reg[34] )
INFO: [Synth 8-3333] propagating constant 0 across sequential element (U_quant_enginei_2/\GEN_QUANT_LANE[1].U_fp32_int8_quant/s1_partial_lo_reg[34] )
INFO: [Synth 8-3333] propagating constant 0 across sequential element (U_quant_enginei_2/\GEN_QUANT_LANE[1].U_fp32_int8_quant/s1_partial_hi_reg[35] )
INFO: [Synth 8-3333] propagating constant 0 across sequential element (U_quant_enginei_2/\GEN_QUANT_LANE[1].U_fp32_int8_quant/s1_partial_lo_reg[35] )
INFO: [Synth 8-3333] propagating constant 0 across sequential element (U_quant_enginei_2/\GEN_QUANT_LANE[1].U_fp32_int8_quant/s1_partial_hi_reg[36] )
INFO: [Synth 8-3333] propagating constant 0 across sequential element (U_quant_enginei_2/\GEN_QUANT_LANE[1].U_fp32_int8_quant/s1_partial_lo_reg[36] )
INFO: [Synth 8-3333] propagating constant 0 across sequential element (U_quant_enginei_2/\GEN_QUANT_LANE[1].U_fp32_int8_quant/s1_partial_hi_reg[37] )
INFO: [Synth 8-3333] propagating constant 0 across sequential element (U_quant_enginei_2/\GEN_QUANT_LANE[1].U_fp32_int8_quant/s1_partial_lo_reg[37] )
INFO: [Synth 8-3333] propagating constant 0 across sequential element (U_quant_enginei_2/\GEN_QUANT_LANE[1].U_fp32_int8_quant/s1_partial_hi_reg[38] )
INFO: [Synth 8-3333] propagating constant 0 across sequential element (U_quant_enginei_2/\GEN_QUANT_LANE[1].U_fp32_int8_quant/s1_partial_lo_reg[38] )
INFO: [Synth 8-3333] propagating constant 0 across sequential element (U_quant_enginei_2/\GEN_QUANT_LANE[1].U_fp32_int8_quant/s1_partial_hi_reg[39] )
INFO: [Synth 8-3333] propagating constant 0 across sequential element (U_quant_enginei_2/\GEN_QUANT_LANE[1].U_fp32_int8_quant/s1_partial_lo_reg[39] )
INFO: [Synth 8-3333] propagating constant 0 across sequential element (U_quant_enginei_2/\GEN_QUANT_LANE[2].U_fp32_int8_quant/s1_partial_hi_reg[0] )
INFO: [Synth 8-3333] propagating constant 0 across sequential element (U_quant_enginei_2/\GEN_QUANT_LANE[2].U_fp32_int8_quant/s1_partial_hi_reg[1] )
INFO: [Synth 8-3333] propagating constant 0 across sequential element (U_quant_enginei_2/\GEN_QUANT_LANE[2].U_fp32_int8_quant/s1_partial_hi_reg[2] )
INFO: [Synth 8-3333] propagating constant 0 across sequential element (U_quant_enginei_2/\GEN_QUANT_LANE[2].U_fp32_int8_quant/s1_partial_hi_reg[3] )
INFO: [Synth 8-3333] propagating constant 0 across sequential element (U_quant_enginei_2/\GEN_QUANT_LANE[2].U_fp32_int8_quant/s1_partial_hi_reg[4] )
INFO: [Synth 8-3333] propagating constant 0 across sequential element (U_quant_enginei_2/\GEN_QUANT_LANE[2].U_fp32_int8_quant/s1_partial_hi_reg[5] )
INFO: [Synth 8-3333] propagating constant 0 across sequential element (U_quant_enginei_2/\GEN_QUANT_LANE[2].U_fp32_int8_quant/s1_partial_lo_reg[29] )
INFO: [Synth 8-3333] propagating constant 0 across sequential element (U_quant_enginei_2/\GEN_QUANT_LANE[2].U_fp32_int8_quant/s1_partial_lo_reg[30] )
INFO: [Synth 8-3333] propagating constant 0 across sequential element (U_quant_enginei_2/\GEN_QUANT_LANE[2].U_fp32_int8_quant/s1_partial_lo_reg[31] )
INFO: [Synth 8-3333] propagating constant 0 across sequential element (U_quant_enginei_2/\GEN_QUANT_LANE[2].U_fp32_int8_quant/s1_partial_lo_reg[32] )
INFO: [Synth 8-3333] propagating constant 0 across sequential element (U_quant_enginei_2/\GEN_QUANT_LANE[2].U_fp32_int8_quant/s1_partial_lo_reg[33] )
INFO: [Synth 8-3333] propagating constant 0 across sequential element (U_quant_enginei_2/\GEN_QUANT_LANE[2].U_fp32_int8_quant/s1_partial_hi_reg[34] )
INFO: [Synth 8-3333] propagating constant 0 across sequential element (U_quant_enginei_2/\GEN_QUANT_LANE[2].U_fp32_int8_quant/s1_partial_lo_reg[34] )
INFO: [Synth 8-3333] propagating constant 0 across sequential element (U_quant_enginei_2/\GEN_QUANT_LANE[2].U_fp32_int8_quant/s1_partial_hi_reg[35] )
INFO: [Synth 8-3333] propagating constant 0 across sequential element (U_quant_enginei_2/\GEN_QUANT_LANE[2].U_fp32_int8_quant/s1_partial_lo_reg[35] )
INFO: [Synth 8-3333] propagating constant 0 across sequential element (U_quant_enginei_2/\GEN_QUANT_LANE[2].U_fp32_int8_quant/s1_partial_hi_reg[36] )
INFO: [Synth 8-3333] propagating constant 0 across sequential element (U_quant_enginei_2/\GEN_QUANT_LANE[2].U_fp32_int8_quant/s1_partial_lo_reg[36] )
INFO: [Synth 8-3333] propagating constant 0 across sequential element (U_quant_enginei_2/\GEN_QUANT_LANE[2].U_fp32_int8_quant/s1_partial_hi_reg[37] )
INFO: [Synth 8-3333] propagating constant 0 across sequential element (U_quant_enginei_2/\GEN_QUANT_LANE[2].U_fp32_int8_quant/s1_partial_lo_reg[37] )
INFO: [Synth 8-3333] propagating constant 0 across sequential element (U_quant_enginei_2/\GEN_QUANT_LANE[2].U_fp32_int8_quant/s1_partial_hi_reg[38] )
INFO: [Synth 8-3333] propagating constant 0 across sequential element (U_quant_enginei_2/\GEN_QUANT_LANE[2].U_fp32_int8_quant/s1_partial_lo_reg[38] )
INFO: [Synth 8-3333] propagating constant 0 across sequential element (U_quant_enginei_2/\GEN_QUANT_LANE[2].U_fp32_int8_quant/s1_partial_hi_reg[39] )
INFO: [Synth 8-3333] propagating constant 0 across sequential element (U_quant_enginei_2/\GEN_QUANT_LANE[2].U_fp32_int8_quant/s1_partial_lo_reg[39] )
INFO: [Synth 8-3333] propagating constant 0 across sequential element (U_quant_enginei_2/\GEN_QUANT_LANE[3].U_fp32_int8_quant/s1_partial_hi_reg[0] )
INFO: [Synth 8-3333] propagating constant 0 across sequential element (U_quant_enginei_2/\GEN_QUANT_LANE[3].U_fp32_int8_quant/s1_partial_hi_reg[1] )
INFO: [Synth 8-3333] propagating constant 0 across sequential element (U_quant_enginei_2/\GEN_QUANT_LANE[3].U_fp32_int8_quant/s1_partial_hi_reg[2] )
INFO: [Synth 8-3333] propagating constant 0 across sequential element (U_quant_enginei_2/\GEN_QUANT_LANE[3].U_fp32_int8_quant/s1_partial_hi_reg[3] )
INFO: [Synth 8-3333] propagating constant 0 across sequential element (U_quant_enginei_2/\GEN_QUANT_LANE[3].U_fp32_int8_quant/s1_partial_hi_reg[4] )
INFO: [Synth 8-3333] propagating constant 0 across sequential element (U_quant_enginei_2/\GEN_QUANT_LANE[3].U_fp32_int8_quant/s1_partial_hi_reg[5] )
INFO: [Synth 8-3333] propagating constant 0 across sequential element (U_quant_enginei_2/\GEN_QUANT_LANE[3].U_fp32_int8_quant/s1_partial_lo_reg[29] )
INFO: [Synth 8-3333] propagating constant 0 across sequential element (U_quant_enginei_2/\GEN_QUANT_LANE[3].U_fp32_int8_quant/s1_partial_lo_reg[30] )
INFO: [Synth 8-3333] propagating constant 0 across sequential element (U_quant_enginei_2/\GEN_QUANT_LANE[3].U_fp32_int8_quant/s1_partial_lo_reg[31] )
INFO: [Synth 8-3333] propagating constant 0 across sequential element (U_quant_enginei_2/\GEN_QUANT_LANE[3].U_fp32_int8_quant/s1_partial_lo_reg[32] )
INFO: [Synth 8-3333] propagating constant 0 across sequential element (U_quant_enginei_2/\GEN_QUANT_LANE[3].U_fp32_int8_quant/s1_partial_lo_reg[33] )
INFO: [Synth 8-3333] propagating constant 0 across sequential element (U_quant_enginei_2/\GEN_QUANT_LANE[3].U_fp32_int8_quant/s1_partial_hi_reg[34] )
INFO: [Synth 8-3333] propagating constant 0 across sequential element (U_quant_enginei_2/\GEN_QUANT_LANE[3].U_fp32_int8_quant/s1_partial_lo_reg[34] )
INFO: [Synth 8-3333] propagating constant 0 across sequential element (U_quant_enginei_2/\GEN_QUANT_LANE[3].U_fp32_int8_quant/s1_partial_hi_reg[35] )
INFO: [Synth 8-3333] propagating constant 0 across sequential element (U_quant_enginei_2/\GEN_QUANT_LANE[3].U_fp32_int8_quant/s1_partial_lo_reg[35] )
INFO: [Synth 8-3333] propagating constant 0 across sequential element (U_quant_enginei_2/\GEN_QUANT_LANE[3].U_fp32_int8_quant/s1_partial_hi_reg[36] )
INFO: [Synth 8-3333] propagating constant 0 across sequential element (U_quant_enginei_2/\GEN_QUANT_LANE[3].U_fp32_int8_quant/s1_partial_lo_reg[36] )
INFO: [Synth 8-3333] propagating constant 0 across sequential element (U_quant_enginei_2/\GEN_QUANT_LANE[3].U_fp32_int8_quant/s1_partial_hi_reg[37] )
INFO: [Synth 8-3333] propagating constant 0 across sequential element (U_quant_enginei_2/\GEN_QUANT_LANE[3].U_fp32_int8_quant/s1_partial_lo_reg[37] )
INFO: [Synth 8-3333] propagating constant 0 across sequential element (U_quant_enginei_2/\GEN_QUANT_LANE[3].U_fp32_int8_quant/s1_partial_hi_reg[38] )
INFO: [Synth 8-3333] propagating constant 0 across sequential element (U_quant_enginei_2/\GEN_QUANT_LANE[3].U_fp32_int8_quant/s1_partial_lo_reg[38] )
INFO: [Synth 8-3333] propagating constant 0 across sequential element (U_quant_enginei_2/\GEN_QUANT_LANE[3].U_fp32_int8_quant/s1_partial_hi_reg[39] )
INFO: [Synth 8-3333] propagating constant 0 across sequential element (U_quant_enginei_2/\GEN_QUANT_LANE[3].U_fp32_int8_quant/s1_partial_lo_reg[39] )
INFO: [Synth 8-3333] propagating constant 0 across sequential element (U_quant_enginei_2/\GEN_QUANT_LANE[4].U_fp32_int8_quant/s1_partial_hi_reg[0] )
INFO: [Synth 8-3333] propagating constant 0 across sequential element (U_quant_enginei_2/\GEN_QUANT_LANE[4].U_fp32_int8_quant/s1_partial_hi_reg[1] )
INFO: [Synth 8-3333] propagating constant 0 across sequential element (U_quant_enginei_2/\GEN_QUANT_LANE[4].U_fp32_int8_quant/s1_partial_hi_reg[2] )
INFO: [Synth 8-3333] propagating constant 0 across sequential element (U_quant_enginei_2/\GEN_QUANT_LANE[4].U_fp32_int8_quant/s1_partial_hi_reg[3] )
INFO: [Synth 8-3333] propagating constant 0 across sequential element (U_quant_enginei_2/\GEN_QUANT_LANE[4].U_fp32_int8_quant/s1_partial_hi_reg[4] )
INFO: [Synth 8-3333] propagating constant 0 across sequential element (U_quant_enginei_2/\GEN_QUANT_LANE[4].U_fp32_int8_quant/s1_partial_hi_reg[5] )
INFO: [Common 17-14] Message 'Synth 8-3333' appears 100 times and further instances of the messages will be disabled. Use the Tcl command set_msg_config to change the current settings.
INFO: [Synth 8-3886] merging instance 'U_quant_enginei_2/GEN_QUANT_LANE[0].U_fp32_int8_quant/s1_v_reg' (FDR) to 'U_quant_enginei_2/GEN_QUANT_LANE[1].U_fp32_int8_quant/s1_v_reg'
INFO: [Synth 8-3886] merging instance 'U_quant_enginei_2/GEN_QUANT_LANE[1].U_fp32_int8_quant/s1_v_reg' (FDR) to 'U_quant_enginei_2/GEN_QUANT_LANE[3].U_fp32_int8_quant/s1_v_reg'
INFO: [Synth 8-3886] merging instance 'U_quant_enginei_2/GEN_QUANT_LANE[2].U_fp32_int8_quant/s1_v_reg' (FDR) to 'U_quant_enginei_2/GEN_QUANT_LANE[3].U_fp32_int8_quant/s1_v_reg'
INFO: [Synth 8-3886] merging instance 'U_quant_enginei_2/GEN_QUANT_LANE[3].U_fp32_int8_quant/s1_v_reg' (FDR) to 'U_quant_enginei_2/GEN_QUANT_LANE[6].U_fp32_int8_quant/s1_v_reg'
INFO: [Synth 8-3886] merging instance 'U_quant_enginei_2/GEN_QUANT_LANE[4].U_fp32_int8_quant/s1_v_reg' (FDR) to 'U_quant_enginei_2/GEN_QUANT_LANE[6].U_fp32_int8_quant/s1_v_reg'
INFO: [Synth 8-3886] merging instance 'U_quant_enginei_2/GEN_QUANT_LANE[6].U_fp32_int8_quant/s1_v_reg' (FDR) to 'U_quant_enginei_2/GEN_QUANT_LANE[15].U_fp32_int8_quant/s1_v_reg'
INFO: [Synth 8-3886] merging instance 'U_quant_enginei_2/GEN_QUANT_LANE[0].U_fp32_int8_quant/s2_v_reg' (FDR) to 'U_quant_enginei_2/GEN_QUANT_LANE[6].U_fp32_int8_quant/s2_v_reg'
INFO: [Synth 8-3886] merging instance 'U_quant_enginei_2/GEN_QUANT_LANE[1].U_fp32_int8_quant/s2_v_reg' (FDR) to 'U_quant_enginei_2/GEN_QUANT_LANE[6].U_fp32_int8_quant/s2_v_reg'
INFO: [Synth 8-3886] merging instance 'U_quant_enginei_2/GEN_QUANT_LANE[2].U_fp32_int8_quant/s2_v_reg' (FDR) to 'U_quant_enginei_2/GEN_QUANT_LANE[6].U_fp32_int8_quant/s2_v_reg'
INFO: [Synth 8-3886] merging instance 'U_quant_enginei_2/GEN_QUANT_LANE[3].U_fp32_int8_quant/s2_v_reg' (FDR) to 'U_quant_enginei_2/GEN_QUANT_LANE[6].U_fp32_int8_quant/s2_v_reg'
INFO: [Synth 8-3886] merging instance 'U_quant_enginei_2/GEN_QUANT_LANE[4].U_fp32_int8_quant/s2_v_reg' (FDR) to 'U_quant_enginei_2/GEN_QUANT_LANE[6].U_fp32_int8_quant/s2_v_reg'
INFO: [Synth 8-3886] merging instance 'U_quant_enginei_2/GEN_QUANT_LANE[6].U_fp32_int8_quant/s2_v_reg' (FDR) to 'U_quant_enginei_2/GEN_QUANT_LANE[15].U_fp32_int8_quant/s2_v_reg'
INFO: [Synth 8-3886] merging instance 'U_quant_enginei_2/GEN_QUANT_LANE[0].U_fp32_int8_quant/s3_v_reg' (FDR) to 'U_quant_enginei_2/GEN_QUANT_LANE[6].U_fp32_int8_quant/s3_v_reg'
INFO: [Synth 8-3886] merging instance 'U_quant_enginei_2/GEN_QUANT_LANE[1].U_fp32_int8_quant/s3_v_reg' (FDR) to 'U_quant_enginei_2/GEN_QUANT_LANE[6].U_fp32_int8_quant/s3_v_reg'
INFO: [Synth 8-3886] merging instance 'U_quant_enginei_2/GEN_QUANT_LANE[2].U_fp32_int8_quant/s3_v_reg' (FDR) to 'U_quant_enginei_2/GEN_QUANT_LANE[6].U_fp32_int8_quant/s3_v_reg'
INFO: [Synth 8-3886] merging instance 'U_quant_enginei_2/GEN_QUANT_LANE[3].U_fp32_int8_quant/s3_v_reg' (FDR) to 'U_quant_enginei_2/GEN_QUANT_LANE[6].U_fp32_int8_quant/s3_v_reg'
INFO: [Synth 8-3886] merging instance 'U_quant_enginei_2/GEN_QUANT_LANE[4].U_fp32_int8_quant/s3_v_reg' (FDR) to 'U_quant_enginei_2/GEN_QUANT_LANE[6].U_fp32_int8_quant/s3_v_reg'
INFO: [Synth 8-3886] merging instance 'U_quant_enginei_2/GEN_QUANT_LANE[6].U_fp32_int8_quant/s3_v_reg' (FDR) to 'U_quant_enginei_2/GEN_QUANT_LANE[15].U_fp32_int8_quant/s3_v_reg'
INFO: [Synth 8-3886] merging instance 'U_quant_enginei_2/GEN_QUANT_LANE[0].U_fp32_int8_quant/s4_v_reg' (FDR) to 'U_quant_enginei_2/GEN_QUANT_LANE[6].U_fp32_int8_quant/s4_v_reg'
INFO: [Synth 8-3886] merging instance 'U_quant_enginei_2/GEN_QUANT_LANE[1].U_fp32_int8_quant/s4_v_reg' (FDR) to 'U_quant_enginei_2/GEN_QUANT_LANE[6].U_fp32_int8_quant/s4_v_reg'
INFO: [Synth 8-3886] merging instance 'U_quant_enginei_2/GEN_QUANT_LANE[2].U_fp32_int8_quant/s4_v_reg' (FDR) to 'U_quant_enginei_2/GEN_QUANT_LANE[6].U_fp32_int8_quant/s4_v_reg'
INFO: [Synth 8-3886] merging instance 'U_quant_enginei_2/GEN_QUANT_LANE[3].U_fp32_int8_quant/s4_v_reg' (FDR) to 'U_quant_enginei_2/GEN_QUANT_LANE[6].U_fp32_int8_quant/s4_v_reg'
INFO: [Synth 8-3886] merging instance 'U_quant_enginei_2/GEN_QUANT_LANE[4].U_fp32_int8_quant/s4_v_reg' (FDR) to 'U_quant_enginei_2/GEN_QUANT_LANE[6].U_fp32_int8_quant/s4_v_reg'
INFO: [Synth 8-3886] merging instance 'U_quant_enginei_2/GEN_QUANT_LANE[6].U_fp32_int8_quant/s4_v_reg' (FDR) to 'U_quant_enginei_2/GEN_QUANT_LANE[15].U_fp32_int8_quant/s4_v_reg'
INFO: [Synth 8-3886] merging instance 'U_quant_enginei_2/GEN_QUANT_LANE[0].U_fp32_int8_quant/s5_v_reg' (FDR) to 'U_quant_enginei_2/GEN_QUANT_LANE[6].U_fp32_int8_quant/s5_v_reg'
INFO: [Synth 8-3886] merging instance 'U_quant_enginei_2/GEN_QUANT_LANE[1].U_fp32_int8_quant/s5_v_reg' (FDR) to 'U_quant_enginei_2/GEN_QUANT_LANE[6].U_fp32_int8_quant/s5_v_reg'
INFO: [Synth 8-3886] merging instance 'U_quant_enginei_2/GEN_QUANT_LANE[2].U_fp32_int8_quant/s5_v_reg' (FDR) to 'U_quant_enginei_2/GEN_QUANT_LANE[6].U_fp32_int8_quant/s5_v_reg'
INFO: [Synth 8-3886] merging instance 'U_quant_enginei_2/GEN_QUANT_LANE[3].U_fp32_int8_quant/s5_v_reg' (FDR) to 'U_quant_enginei_2/GEN_QUANT_LANE[6].U_fp32_int8_quant/s5_v_reg'
INFO: [Synth 8-3886] merging instance 'U_quant_enginei_2/GEN_QUANT_LANE[4].U_fp32_int8_quant/s5_v_reg' (FDR) to 'U_quant_enginei_2/GEN_QUANT_LANE[6].U_fp32_int8_quant/s5_v_reg'
INFO: [Synth 8-3886] merging instance 'U_quant_enginei_2/GEN_QUANT_LANE[6].U_fp32_int8_quant/s5_v_reg' (FDR) to 'U_quant_enginei_2/GEN_QUANT_LANE[15].U_fp32_int8_quant/s5_v_reg'
INFO: [Synth 8-3886] merging instance 'U_quant_enginei_2/GEN_QUANT_LANE[0].U_fp32_int8_quant/s6_v_reg' (FDR) to 'U_quant_enginei_2/GEN_QUANT_LANE[6].U_fp32_int8_quant/s6_v_reg'
INFO: [Synth 8-3886] merging instance 'U_quant_enginei_2/GEN_QUANT_LANE[1].U_fp32_int8_quant/s6_v_reg' (FDR) to 'U_quant_enginei_2/GEN_QUANT_LANE[6].U_fp32_int8_quant/s6_v_reg'
INFO: [Synth 8-3886] merging instance 'U_quant_enginei_2/GEN_QUANT_LANE[2].U_fp32_int8_quant/s6_v_reg' (FDR) to 'U_quant_enginei_2/GEN_QUANT_LANE[6].U_fp32_int8_quant/s6_v_reg'
INFO: [Synth 8-3886] merging instance 'U_quant_enginei_2/GEN_QUANT_LANE[3].U_fp32_int8_quant/s6_v_reg' (FDR) to 'U_quant_enginei_2/GEN_QUANT_LANE[6].U_fp32_int8_quant/s6_v_reg'
INFO: [Synth 8-3886] merging instance 'U_quant_enginei_2/GEN_QUANT_LANE[4].U_fp32_int8_quant/s6_v_reg' (FDR) to 'U_quant_enginei_2/GEN_QUANT_LANE[6].U_fp32_int8_quant/s6_v_reg'
INFO: [Synth 8-3886] merging instance 'U_quant_enginei_2/GEN_QUANT_LANE[6].U_fp32_int8_quant/s6_v_reg' (FDR) to 'U_quant_enginei_2/GEN_QUANT_LANE[15].U_fp32_int8_quant/s6_v_reg'
INFO: [Synth 8-3886] merging instance 'U_quant_enginei_2/GEN_QUANT_LANE[0].U_fp32_int8_quant/out_valid_reg' (FDR) to 'U_quant_enginei_2/GEN_QUANT_LANE[6].U_fp32_int8_quant/out_valid_reg'
INFO: [Synth 8-3886] merging instance 'U_quant_enginei_2/GEN_QUANT_LANE[1].U_fp32_int8_quant/out_valid_reg' (FDR) to 'U_quant_enginei_2/GEN_QUANT_LANE[6].U_fp32_int8_quant/out_valid_reg'
INFO: [Synth 8-3886] merging instance 'U_quant_enginei_2/GEN_QUANT_LANE[2].U_fp32_int8_quant/out_valid_reg' (FDR) to 'U_quant_enginei_2/GEN_QUANT_LANE[6].U_fp32_int8_quant/out_valid_reg'
INFO: [Synth 8-3886] merging instance 'U_quant_enginei_2/GEN_QUANT_LANE[3].U_fp32_int8_quant/out_valid_reg' (FDR) to 'U_quant_enginei_2/GEN_QUANT_LANE[6].U_fp32_int8_quant/out_valid_reg'
INFO: [Synth 8-3886] merging instance 'U_quant_enginei_2/GEN_QUANT_LANE[4].U_fp32_int8_quant/out_valid_reg' (FDR) to 'U_quant_enginei_2/GEN_QUANT_LANE[6].U_fp32_int8_quant/out_valid_reg'
INFO: [Synth 8-3886] merging instance 'U_quant_enginei_2/GEN_QUANT_LANE[6].U_fp32_int8_quant/out_valid_reg' (FDR) to 'U_quant_enginei_2/GEN_QUANT_LANE[15].U_fp32_int8_quant/out_valid_reg'
INFO: [Synth 8-3886] merging instance 'U_quant_enginei_3/GEN_QUANT_LANE[7].U_fp32_int8_quant/s1_partial_hi_reg[0]' (FDR) to 'U_quant_enginei_3/GEN_QUANT_LANE[7].U_fp32_int8_quant/s1_partial_hi_reg[1]'
INFO: [Synth 8-3886] merging instance 'U_quant_enginei_3/GEN_QUANT_LANE[7].U_fp32_int8_quant/s1_partial_hi_reg[1]' (FDR) to 'U_quant_enginei_3/GEN_QUANT_LANE[7].U_fp32_int8_quant/s1_partial_hi_reg[2]'
INFO: [Synth 8-3886] merging instance 'U_quant_enginei_3/GEN_QUANT_LANE[7].U_fp32_int8_quant/s1_partial_hi_reg[2]' (FDR) to 'U_quant_enginei_3/GEN_QUANT_LANE[7].U_fp32_int8_quant/s1_partial_hi_reg[3]'
INFO: [Synth 8-3886] merging instance 'U_quant_enginei_3/GEN_QUANT_LANE[7].U_fp32_int8_quant/s1_partial_hi_reg[3]' (FDR) to 'U_quant_enginei_3/GEN_QUANT_LANE[7].U_fp32_int8_quant/s1_partial_hi_reg[4]'
INFO: [Synth 8-3886] merging instance 'U_quant_enginei_3/GEN_QUANT_LANE[7].U_fp32_int8_quant/s1_partial_hi_reg[4]' (FDR) to 'U_quant_enginei_3/GEN_QUANT_LANE[7].U_fp32_int8_quant/s1_partial_hi_reg[5]'
INFO: [Synth 8-3886] merging instance 'U_quant_enginei_3/GEN_QUANT_LANE[7].U_fp32_int8_quant/s1_partial_hi_reg[5]' (FDR) to 'U_quant_enginei_3/GEN_QUANT_LANE[7].U_fp32_int8_quant/s1_partial_hi_reg[34]'
INFO: [Synth 8-3886] merging instance 'U_quant_enginei_3/GEN_QUANT_LANE[7].U_fp32_int8_quant/s1_partial_lo_reg[29]' (FDR) to 'U_quant_enginei_3/GEN_QUANT_LANE[7].U_fp32_int8_quant/s1_partial_hi_reg[34]'
INFO: [Synth 8-3886] merging instance 'U_quant_enginei_3/GEN_QUANT_LANE[7].U_fp32_int8_quant/s1_partial_lo_reg[30]' (FDR) to 'U_quant_enginei_3/GEN_QUANT_LANE[7].U_fp32_int8_quant/s1_partial_hi_reg[34]'
INFO: [Synth 8-3886] merging instance 'U_quant_enginei_3/GEN_QUANT_LANE[7].U_fp32_int8_quant/s1_partial_lo_reg[31]' (FDR) to 'U_quant_enginei_3/GEN_QUANT_LANE[7].U_fp32_int8_quant/s1_partial_hi_reg[34]'
INFO: [Synth 8-3886] merging instance 'U_quant_enginei_3/GEN_QUANT_LANE[7].U_fp32_int8_quant/s1_partial_lo_reg[32]' (FDR) to 'U_quant_enginei_3/GEN_QUANT_LANE[7].U_fp32_int8_quant/s1_partial_hi_reg[34]'
INFO: [Synth 8-3886] merging instance 'U_quant_enginei_3/GEN_QUANT_LANE[7].U_fp32_int8_quant/s1_partial_lo_reg[33]' (FDR) to 'U_quant_enginei_3/GEN_QUANT_LANE[7].U_fp32_int8_quant/s1_partial_hi_reg[34]'
INFO: [Synth 8-3886] merging instance 'U_quant_enginei_3/GEN_QUANT_LANE[7].U_fp32_int8_quant/s1_partial_hi_reg[34]' (FDR) to 'U_quant_enginei_3/GEN_QUANT_LANE[7].U_fp32_int8_quant/s1_partial_hi_reg[35]'
INFO: [Synth 8-3886] merging instance 'U_quant_enginei_3/GEN_QUANT_LANE[7].U_fp32_int8_quant/s1_partial_lo_reg[34]' (FDR) to 'U_quant_enginei_3/GEN_QUANT_LANE[7].U_fp32_int8_quant/s1_partial_hi_reg[35]'
INFO: [Synth 8-3886] merging instance 'U_quant_enginei_3/GEN_QUANT_LANE[7].U_fp32_int8_quant/s1_partial_hi_reg[35]' (FDR) to 'U_quant_enginei_3/GEN_QUANT_LANE[7].U_fp32_int8_quant/s1_partial_hi_reg[36]'
INFO: [Synth 8-3886] merging instance 'U_quant_enginei_3/GEN_QUANT_LANE[7].U_fp32_int8_quant/s1_partial_lo_reg[35]' (FDR) to 'U_quant_enginei_3/GEN_QUANT_LANE[7].U_fp32_int8_quant/s1_partial_hi_reg[36]'
INFO: [Synth 8-3886] merging instance 'U_quant_enginei_3/GEN_QUANT_LANE[7].U_fp32_int8_quant/s1_partial_hi_reg[36]' (FDR) to 'U_quant_enginei_3/GEN_QUANT_LANE[7].U_fp32_int8_quant/s1_partial_hi_reg[37]'
INFO: [Synth 8-3886] merging instance 'U_quant_enginei_3/GEN_QUANT_LANE[7].U_fp32_int8_quant/s1_partial_lo_reg[36]' (FDR) to 'U_quant_enginei_3/GEN_QUANT_LANE[7].U_fp32_int8_quant/s1_partial_hi_reg[37]'
INFO: [Synth 8-3886] merging instance 'U_quant_enginei_3/GEN_QUANT_LANE[7].U_fp32_int8_quant/s1_partial_hi_reg[37]' (FDR) to 'U_quant_enginei_3/GEN_QUANT_LANE[7].U_fp32_int8_quant/s1_partial_hi_reg[38]'
INFO: [Synth 8-3886] merging instance 'U_quant_enginei_3/GEN_QUANT_LANE[7].U_fp32_int8_quant/s1_partial_lo_reg[37]' (FDR) to 'U_quant_enginei_3/GEN_QUANT_LANE[7].U_fp32_int8_quant/s1_partial_hi_reg[38]'
INFO: [Synth 8-3886] merging instance 'U_quant_enginei_3/GEN_QUANT_LANE[7].U_fp32_int8_quant/s1_partial_hi_reg[38]' (FDR) to 'U_quant_enginei_3/GEN_QUANT_LANE[7].U_fp32_int8_quant/s1_partial_hi_reg[39]'
INFO: [Synth 8-3886] merging instance 'U_quant_enginei_3/GEN_QUANT_LANE[7].U_fp32_int8_quant/s1_partial_lo_reg[38]' (FDR) to 'U_quant_enginei_3/GEN_QUANT_LANE[7].U_fp32_int8_quant/s1_partial_hi_reg[39]'
INFO: [Synth 8-3886] merging instance 'U_quant_enginei_3/GEN_QUANT_LANE[7].U_fp32_int8_quant/s1_partial_hi_reg[39]' (FDR) to 'U_quant_enginei_3/GEN_QUANT_LANE[7].U_fp32_int8_quant/s1_partial_lo_reg[39]'
INFO: [Synth 8-3886] merging instance 'U_quant_enginei_3/GEN_QUANT_LANE[8].U_fp32_int8_quant/s1_partial_hi_reg[0]' (FDR) to 'U_quant_enginei_3/GEN_QUANT_LANE[8].U_fp32_int8_quant/s1_partial_hi_reg[1]'
INFO: [Synth 8-3886] merging instance 'U_quant_enginei_3/GEN_QUANT_LANE[8].U_fp32_int8_quant/s1_partial_hi_reg[1]' (FDR) to 'U_quant_enginei_3/GEN_QUANT_LANE[8].U_fp32_int8_quant/s1_partial_hi_reg[2]'
INFO: [Synth 8-3886] merging instance 'U_quant_enginei_3/GEN_QUANT_LANE[8].U_fp32_int8_quant/s1_partial_hi_reg[2]' (FDR) to 'U_quant_enginei_3/GEN_QUANT_LANE[8].U_fp32_int8_quant/s1_partial_hi_reg[3]'
INFO: [Synth 8-3886] merging instance 'U_quant_enginei_3/GEN_QUANT_LANE[8].U_fp32_int8_quant/s1_partial_hi_reg[3]' (FDR) to 'U_quant_enginei_3/GEN_QUANT_LANE[8].U_fp32_int8_quant/s1_partial_hi_reg[4]'
INFO: [Synth 8-3886] merging instance 'U_quant_enginei_3/GEN_QUANT_LANE[8].U_fp32_int8_quant/s1_partial_hi_reg[4]' (FDR) to 'U_quant_enginei_3/GEN_QUANT_LANE[8].U_fp32_int8_quant/s1_partial_hi_reg[5]'
INFO: [Synth 8-3886] merging instance 'U_quant_enginei_3/GEN_QUANT_LANE[8].U_fp32_int8_quant/s1_partial_hi_reg[5]' (FDR) to 'U_quant_enginei_3/GEN_QUANT_LANE[8].U_fp32_int8_quant/s1_partial_hi_reg[34]'
INFO: [Synth 8-3886] merging instance 'U_quant_enginei_3/GEN_QUANT_LANE[8].U_fp32_int8_quant/s1_partial_lo_reg[29]' (FDR) to 'U_quant_enginei_3/GEN_QUANT_LANE[8].U_fp32_int8_quant/s1_partial_hi_reg[34]'
INFO: [Synth 8-3886] merging instance 'U_quant_enginei_3/GEN_QUANT_LANE[8].U_fp32_int8_quant/s1_partial_lo_reg[30]' (FDR) to 'U_quant_enginei_3/GEN_QUANT_LANE[8].U_fp32_int8_quant/s1_partial_hi_reg[34]'
INFO: [Synth 8-3886] merging instance 'U_quant_enginei_3/GEN_QUANT_LANE[8].U_fp32_int8_quant/s1_partial_lo_reg[31]' (FDR) to 'U_quant_enginei_3/GEN_QUANT_LANE[8].U_fp32_int8_quant/s1_partial_hi_reg[34]'
INFO: [Synth 8-3886] merging instance 'U_quant_enginei_3/GEN_QUANT_LANE[8].U_fp32_int8_quant/s1_partial_lo_reg[32]' (FDR) to 'U_quant_enginei_3/GEN_QUANT_LANE[8].U_fp32_int8_quant/s1_partial_hi_reg[34]'
INFO: [Synth 8-3886] merging instance 'U_quant_enginei_3/GEN_QUANT_LANE[8].U_fp32_int8_quant/s1_partial_lo_reg[33]' (FDR) to 'U_quant_enginei_3/GEN_QUANT_LANE[8].U_fp32_int8_quant/s1_partial_hi_reg[34]'
INFO: [Synth 8-3886] merging instance 'U_quant_enginei_3/GEN_QUANT_LANE[8].U_fp32_int8_quant/s1_partial_hi_reg[34]' (FDR) to 'U_quant_enginei_3/GEN_QUANT_LANE[8].U_fp32_int8_quant/s1_partial_hi_reg[35]'
INFO: [Synth 8-3886] merging instance 'U_quant_enginei_3/GEN_QUANT_LANE[8].U_fp32_int8_quant/s1_partial_lo_reg[34]' (FDR) to 'U_quant_enginei_3/GEN_QUANT_LANE[8].U_fp32_int8_quant/s1_partial_hi_reg[35]'
INFO: [Synth 8-3886] merging instance 'U_quant_enginei_3/GEN_QUANT_LANE[8].U_fp32_int8_quant/s1_partial_hi_reg[35]' (FDR) to 'U_quant_enginei_3/GEN_QUANT_LANE[8].U_fp32_int8_quant/s1_partial_hi_reg[36]'
INFO: [Common 17-14] Message 'Synth 8-3886' appears 100 times and further instances of the messages will be disabled. Use the Tcl command set_msg_config to change the current settings.
---------------------------------------------------------------------------------
Finished Cross Boundary and Area Optimization : Time (s): cpu = 00:02:10 ; elapsed = 00:02:25 . Memory (MB): peak = 1076.645 ; gain = 819.191
---------------------------------------------------------------------------------
---------------------------------------------------------------------------------
Start ROM, RAM, DSP and Shift Register Reporting
---------------------------------------------------------------------------------

Block RAM: Preliminary Mapping  Report (see note below)
+-----------------+---------------------+------------------------+---+---+------------------------+---+---+------------------+--------+--------+
|Module Name      | RTL Object          | PORT A (Depth x Width) | W | R | PORT B (Depth x Width) | W | R | Ports driving FF | RAMB18 | RAMB36 | 
+-----------------+---------------------+------------------------+---+---+------------------------+---+---+------------------+--------+--------+
|sa_engine_int8:  | row_high_reg        | 256 x 256(READ_FIRST)  | W |   | 256 x 256(WRITE_FIRST) |   | R | Port A and B     | 0      | 4      | 
|sa_engine_int8:  | row_low_reg         | 256 x 256(READ_FIRST)  | W |   | 256 x 256(WRITE_FIRST) |   | R | Port A and B     | 0      | 4      | 
|lut_engine_int8: | row_buffer_low_reg  | 256 x 256(READ_FIRST)  | W |   | 256 x 256(WRITE_FIRST) |   | R | Port A and B     | 0      | 4      | 
|lut_engine_int8: | row_buffer_high_reg | 256 x 256(READ_FIRST)  | W |   | 256 x 256(WRITE_FIRST) |   | R | Port A and B     | 0      | 4      | 
+-----------------+---------------------+------------------------+---+---+------------------------+---+---+------------------+--------+--------+

Note: The table above is a preliminary report that shows the Block RAMs at the current stage of the synthesis flow. Some Block RAMs may be reimplemented as non Block RAM primitives later in the synthesis flow. Multiple instantiated Block RAMs are reported only once. 

DSP: Preliminary Mapping  Report (see note below)
+---------------------+----------------------------+--------+--------+--------+--------+--------+------+------+------+------+-------+------+------+
|Module Name          | DSP Mapping                | A Size | B Size | C Size | D Size | P Size | AREG | BREG | CREG | DREG | ADREG | MREG | PREG | 
+---------------------+----------------------------+--------+--------+--------+--------+--------+------+------+------+------+-------+------+------+
|sa_engine_int8       | (C'+(A2*B2)')'             | 10     | 9      | 16     | -      | 20     | 1    | 1    | 1    | -    | -     | 1    | 1    | 
|sa_engine_int8       | (C'+(A2*B2)')'             | 10     | 9      | 16     | -      | 20     | 1    | 1    | 1    | -    | -     | 1    | 1    | 
|bev_edif_top         | (C'+((D-A)*B'')')'         | 20     | 10     | 27     | 20     | 30     | 0    | 2    | 1    | 0    | 1     | 1    | 1    | 
|sa_engine_int8       | (C'+(A2*B2)')'             | 10     | 9      | 16     | -      | 20     | 1    | 1    | 1    | -    | -     | 1    | 1    | 
|sa_engine_int8       | (C'+(A2*B2)')'             | 10     | 9      | 16     | -      | 20     | 1    | 1    | 1    | -    | -     | 1    | 1    | 
|bev_edif_top         | (C'+((D-A)*B'')')'         | 20     | 10     | 27     | 20     | 30     | 0    | 2    | 1    | 0    | 1     | 1    | 1    | 
|sa_engine_int8       | (C'+(A2*B2)')'             | 10     | 9      | 16     | -      | 20     | 1    | 1    | 1    | -    | -     | 1    | 1    | 
|sa_engine_int8       | (C'+(A2*B2)')'             | 10     | 9      | 16     | -      | 20     | 1    | 1    | 1    | -    | -     | 1    | 1    | 
|bev_edif_top         | (C'+((D-A)*B'')')'         | 20     | 10     | 27     | 20     | 30     | 0    | 2    | 1    | 0    | 1     | 1    | 1    | 
|sa_engine_int8       | (C'+(A2*B2)')'             | 10     | 9      | 16     | -      | 20     | 1    | 1    | 1    | -    | -     | 1    | 1    | 
|sa_engine_int8       | (C'+(A2*B2)')'             | 10     | 9      | 16     | -      | 20     | 1    | 1    | 1    | -    | -     | 1    | 1    | 
|bev_edif_top         | (C'+((D-A)*B'')')'         | 20     | 10     | 27     | 20     | 30     | 0    | 2    | 1    | 0    | 1     | 1    | 1    | 
|sa_engine_int8       | (C'+(A2*B2)')'             | 10     | 9      | 16     | -      | 20     | 1    | 1    | 1    | -    | -     | 1    | 1    | 
|sa_engine_int8       | (C'+(A2*B2)')'             | 10     | 9      | 16     | -      | 20     | 1    | 1    | 1    | -    | -     | 1    | 1    | 
|bev_edif_top         | (C'+((D-A)*B'')')'         | 20     | 10     | 27     | 20     | 30     | 0    | 2    | 1    | 0    | 1     | 1    | 1    | 
|sa_engine_int8       | (C'+(A2*B2)')'             | 10     | 9      | 16     | -      | 20     | 1    | 1    | 1    | -    | -     | 1    | 1    | 
|sa_engine_int8       | (C'+(A2*B2)')'             | 10     | 9      | 16     | -      | 20     | 1    | 1    | 1    | -    | -     | 1    | 1    | 
|bev_edif_top         | (C'+((D-A)*B'')')'         | 20     | 10     | 27     | 20     | 30     | 0    | 2    | 1    | 0    | 1     | 1    | 1    | 
|sa_engine_int8       | (C'+(A2*B2)')'             | 10     | 9      | 16     | -      | 20     | 1    | 1    | 1    | -    | -     | 1    | 1    | 
|sa_engine_int8       | (C'+(A2*B2)')'             | 10     | 9      | 16     | -      | 20     | 1    | 1    | 1    | -    | -     | 1    | 1    | 
|bev_edif_top         | (C'+((D-A)*B'')')'         | 20     | 10     | 27     | 20     | 30     | 0    | 2    | 1    | 0    | 1     | 1    | 1    | 
|sa_engine_int8       | (C'+(A2*B2)')'             | 10     | 9      | 16     | -      | 20     | 1    | 1    | 1    | -    | -     | 1    | 1    | 
|sa_engine_int8       | (C'+(A2*B2)')'             | 10     | 9      | 16     | -      | 20     | 1    | 1    | 1    | -    | -     | 1    | 1    | 
|bev_edif_top         | (C'+((D-A)*B'')')'         | 20     | 10     | 27     | 20     | 30     | 0    | 2    | 1    | 0    | 1     | 1    | 1    | 
|sa_engine_int8       | (C'+(A2*B2)')'             | 10     | 9      | 16     | -      | 20     | 1    | 1    | 1    | -    | -     | 1    | 1    | 
|sa_engine_int8       | (C'+(A2*B2)')'             | 10     | 9      | 16     | -      | 20     | 1    | 1    | 1    | -    | -     | 1    | 1    | 
|bev_edif_top         | (C'+((D-A)*B'')')'         | 20     | 10     | 27     | 20     | 30     | 0    | 2    | 1    | 0    | 1     | 1    | 1    | 
|sa_engine_int8       | (C'+(A2*B2)')'             | 10     | 9      | 16     | -      | 20     | 1    | 1    | 1    | -    | -     | 1    | 1    | 
|sa_engine_int8       | (C'+(A2*B2)')'             | 10     | 9      | 16     | -      | 20     | 1    | 1    | 1    | -    | -     | 1    | 1    | 
|bev_edif_top         | (C'+((D-A)*B'')')'         | 20     | 10     | 27     | 20     | 30     | 0    | 2    | 1    | 0    | 1     | 1    | 1    | 
|sa_engine_int8       | (C'+(A2*B2)')'             | 10     | 9      | 16     | -      | 20     | 1    | 1    | 1    | -    | -     | 1    | 1    | 
|sa_engine_int8       | (C'+(A2*B2)')'             | 10     | 9      | 16     | -      | 20     | 1    | 1    | 1    | -    | -     | 1    | 1    | 
|bev_edif_top         | (C'+((D-A)*B'')')'         | 20     | 10     | 27     | 20     | 30     | 0    | 2    | 1    | 0    | 1     | 1    | 1    | 
|sa_engine_int8       | (C'+(A2*B2)')'             | 10     | 9      | 16     | -      | 20     | 1    | 1    | 1    | -    | -     | 1    | 1    | 
|sa_engine_int8       | (C'+(A2*B2)')'             | 10     | 9      | 16     | -      | 20     | 1    | 1    | 1    | -    | -     | 1    | 1    | 
|bev_edif_top         | (C'+((D-A)*B'')')'         | 20     | 10     | 27     | 20     | 30     | 0    | 2    | 1    | 0    | 1     | 1    | 1    | 
|sa_engine_int8       | (C'+(A2*B2)')'             | 10     | 9      | 16     | -      | 20     | 1    | 1    | 1    | -    | -     | 1    | 1    | 
|sa_engine_int8       | (C'+(A2*B2)')'             | 10     | 9      | 16     | -      | 20     | 1    | 1    | 1    | -    | -     | 1    | 1    | 
|bev_edif_top         | (C'+((D-A)*B'')')'         | 20     | 10     | 27     | 20     | 30     | 0    | 2    | 1    | 0    | 1     | 1    | 1    | 
|sa_engine_int8       | (C'+(A2*B2)')'             | 10     | 9      | 16     | -      | 20     | 1    | 1    | 1    | -    | -     | 1    | 1    | 
|sa_engine_int8       | (C'+(A2*B2)')'             | 10     | 9      | 16     | -      | 20     | 1    | 1    | 1    | -    | -     | 1    | 1    | 
|bev_edif_top         | (C'+((D-A)*B'')')'         | 20     | 10     | 27     | 20     | 30     | 0    | 2    | 1    | 0    | 1     | 1    | 1    | 
|sa_engine_int8       | (C'+(A2*B2)')'             | 10     | 9      | 16     | -      | 20     | 1    | 1    | 1    | -    | -     | 1    | 1    | 
|sa_engine_int8       | (C'+(A2*B2)')'             | 10     | 9      | 16     | -      | 20     | 1    | 1    | 1    | -    | -     | 1    | 1    | 
|bev_edif_top         | (C'+((D-A)*B'')')'         | 20     | 10     | 27     | 20     | 30     | 0    | 2    | 1    | 0    | 1     | 1    | 1    | 
|sa_engine_int8       | (C'+((D-A)*B2)')'          | 8      | 10     | 16     | 8      | 20     | 0    | 1    | 1    | 0    | 1     | 1    | 1    | 
|sa_engine_int8       | (C'+((D-A)*B2)')'          | 8      | 10     | 16     | 8      | 20     | 0    | 1    | 1    | 0    | 1     | 1    | 1    | 
|bev_edif_top         | (C'+((D-A)*B'')')'         | 20     | 10     | 27     | 20     | 30     | 0    | 2    | 1    | 0    | 1     | 1    | 1    | 
|sa_engine_int8       | (A2*B)'                    | 8      | 8      | -      | -      | 16     | 1    | 0    | -    | -    | -     | 1    | 0    | 
|sa_engine_int8       | PCIN+(A2*B)'               | 16     | 11     | -      | -      | 27     | 1    | 0    | -    | -    | -     | 1    | 0    | 
|sa_engine_int8       | (A2*B)'                    | 16     | 11     | -      | -      | 27     | 1    | 0    | -    | -    | -     | 1    | 0    | 
|sa_engine_int8       | (PCIN or 0)+(0 or (A2*B)') | 16     | 11     | -      | -      | 27     | 1    | 0    | -    | -    | -     | 1    | 0    | 
|sa_engine_int8       | (A''*B)'                   | 8      | 8      | -      | -      | 16     | 2    | 0    | -    | -    | -     | 1    | 0    | 
|bev_edif_top         | PCIN+(A2*B2)'              | 16     | 8      | -      | -      | 25     | 1    | 1    | -    | -    | -     | 1    | 0    | 
|sa_engine_int8       | A*B                        | 16     | 8      | -      | -      | 24     | 0    | 0    | -    | -    | -     | 0    | 0    | 
|pipeline_ctrl_group4 | A*B                        | 12     | 8      | -      | -      | 20     | 0    | 0    | -    | -    | -     | 0    | 0    | 
|pipeline_ctrl_group4 | A*B                        | 20     | 12     | -      | -      | 32     | 0    | 0    | -    | -    | -     | 0    | 0    | 
|lut_engine_int8      | (C'+A*B)'                  | 12     | 8      | 16     | -      | 21     | 0    | 0    | 1    | -    | -     | 0    | 1    | 
|lut_engine_int8      | (C'+A*B)'                  | 21     | 12     | 16     | -      | 26     | 0    | 0    | 1    | -    | -     | 0    | 1    | 
|lut_engine_int8      | (C'+A*B)'                  | 11     | 8      | 8      | -      | 19     | 0    | 0    | 1    | -    | -     | 0    | 1    | 
|lut_engine_int8      | (C'+A*B)'                  | 19     | 8      | 8      | -      | 27     | 0    | 0    | 1    | -    | -     | 0    | 1    | 
|lut_engine_int8      | (A2*B)'                    | 8      | 8      | -      | -      | 16     | 1    | 0    | -    | -    | -     | 1    | 0    | 
|lut_engine_int8      | (A*B2)'                    | 16     | 11     | -      | -      | 27     | 0    | 1    | -    | -    | -     | 1    | 0    | 
|lut_engine_int8      | PCIN+(A:0x0):B+C'          | 30     | 16     | 16     | -      | -1     | 0    | 0    | 1    | -    | -     | 0    | 0    | 
|lut_engine_int8      | PCIN+(A*B)'                | 16     | 11     | -      | -      | 27     | 0    | 0    | -    | -    | -     | 1    | 0    | 
+---------------------+----------------------------+--------+--------+--------+--------+--------+------+------+------+------+-------+------+------+

Note: The table above is a preliminary report that shows the DSPs inferred at the current stage of the synthesis flow. Some DSP may be reimplemented as non DSP primitives later in the synthesis flow. Multiple instantiated DSPs are reported only once.
---------------------------------------------------------------------------------
Finished ROM, RAM, DSP and Shift Register Reporting
---------------------------------------------------------------------------------
INFO: [Synth 8-6837] The timing for the instance U_sa_engine_int8i_4/i_96/row_high_reg_0 (implemented as a Block RAM) might be sub-optimal as no optional output register could be merged into the block ram. Providing additional output register may help in improving timing.
INFO: [Synth 8-6837] The timing for the instance U_sa_engine_int8i_4/i_96/row_high_reg_1 (implemented as a Block RAM) might be sub-optimal as no optional output register could be merged into the block ram. Providing additional output register may help in improving timing.
INFO: [Synth 8-6837] The timing for the instance U_sa_engine_int8i_4/i_96/row_high_reg_2 (implemented as a Block RAM) might be sub-optimal as no optional output register could be merged into the block ram. Providing additional output register may help in improving timing.
INFO: [Synth 8-6837] The timing for the instance U_sa_engine_int8i_4/i_96/row_high_reg_3 (implemented as a Block RAM) might be sub-optimal as no optional output register could be merged into the block ram. Providing additional output register may help in improving timing.
INFO: [Synth 8-6837] The timing for the instance U_sa_engine_int8i_4/i_93/row_low_reg_0 (implemented as a Block RAM) might be sub-optimal as no optional output register could be merged into the block ram. Providing additional output register may help in improving timing.
INFO: [Synth 8-6837] The timing for the instance U_sa_engine_int8i_4/i_93/row_low_reg_1 (implemented as a Block RAM) might be sub-optimal as no optional output register could be merged into the block ram. Providing additional output register may help in improving timing.
INFO: [Synth 8-6837] The timing for the instance U_sa_engine_int8i_4/i_93/row_low_reg_2 (implemented as a Block RAM) might be sub-optimal as no optional output register could be merged into the block ram. Providing additional output register may help in improving timing.
INFO: [Synth 8-6837] The timing for the instance U_sa_engine_int8i_4/i_93/row_low_reg_3 (implemented as a Block RAM) might be sub-optimal as no optional output register could be merged into the block ram. Providing additional output register may help in improving timing.
INFO: [Synth 8-6837] The timing for the instance U_bev_accel_topi_7/U_lut_engine_int8/i_29/row_buffer_low_reg_0 (implemented as a Block RAM) might be sub-optimal as no optional output register could be merged into the block ram. Providing additional output register may help in improving timing.
INFO: [Synth 8-6837] The timing for the instance U_bev_accel_topi_7/U_lut_engine_int8/i_29/row_buffer_low_reg_1 (implemented as a Block RAM) might be sub-optimal as no optional output register could be merged into the block ram. Providing additional output register may help in improving timing.
INFO: [Synth 8-6837] The timing for the instance U_bev_accel_topi_7/U_lut_engine_int8/i_29/row_buffer_low_reg_2 (implemented as a Block RAM) might be sub-optimal as no optional output register could be merged into the block ram. Providing additional output register may help in improving timing.
INFO: [Synth 8-6837] The timing for the instance U_bev_accel_topi_7/U_lut_engine_int8/i_29/row_buffer_low_reg_3 (implemented as a Block RAM) might be sub-optimal as no optional output register could be merged into the block ram. Providing additional output register may help in improving timing.
INFO: [Synth 8-6837] The timing for the instance U_bev_accel_topi_7/U_lut_engine_int8/i_32/row_buffer_high_reg_0 (implemented as a Block RAM) might be sub-optimal as no optional output register could be merged into the block ram. Providing additional output register may help in improving timing.
INFO: [Synth 8-6837] The timing for the instance U_bev_accel_topi_7/U_lut_engine_int8/i_32/row_buffer_high_reg_1 (implemented as a Block RAM) might be sub-optimal as no optional output register could be merged into the block ram. Providing additional output register may help in improving timing.
INFO: [Synth 8-6837] The timing for the instance U_bev_accel_topi_7/U_lut_engine_int8/i_32/row_buffer_high_reg_2 (implemented as a Block RAM) might be sub-optimal as no optional output register could be merged into the block ram. Providing additional output register may help in improving timing.
INFO: [Synth 8-6837] The timing for the instance U_bev_accel_topi_7/U_lut_engine_int8/i_32/row_buffer_high_reg_3 (implemented as a Block RAM) might be sub-optimal as no optional output register could be merged into the block ram. Providing additional output register may help in improving timing.

Report RTL Partitions: 
+------+--------------------+------------+----------+
|      |RTL Partition       |Replication |Instances |
+------+--------------------+------------+----------+
|1     |quant_engine__GB0   |           1|      5265|
|2     |quant_engine__GB1   |           1|      5636|
|3     |quant_engine__GB2   |           1|      7430|
|4     |sa_engine_int8__GB0 |           1|     22866|
|5     |sa_engine_int8__GB1 |           1|      5487|
|6     |sa_engine_int8__GB2 |           1|      4884|
|7     |bev_accel_top__GC0  |           1|     17659|
|8     |bev_edif_top__GC0   |           1|       698|
+------+--------------------+------------+----------+
---------------------------------------------------------------------------------
Start Applying XDC Timing Constraints
---------------------------------------------------------------------------------
WARNING: [Synth 8-565] redefining clock 'sys_clk_p'
---------------------------------------------------------------------------------
Finished Applying XDC Timing Constraints : Time (s): cpu = 00:02:27 ; elapsed = 00:02:43 . Memory (MB): peak = 1076.645 ; gain = 819.191
---------------------------------------------------------------------------------
---------------------------------------------------------------------------------
Start Timing Optimization
---------------------------------------------------------------------------------
---------------------------------------------------------------------------------
Finished Timing Optimization : Time (s): cpu = 00:02:32 ; elapsed = 00:02:49 . Memory (MB): peak = 1076.645 ; gain = 819.191
---------------------------------------------------------------------------------
---------------------------------------------------------------------------------
Start ROM, RAM, DSP and Shift Register Reporting
---------------------------------------------------------------------------------

Block RAM: Final Mapping  Report
+-----------------+---------------------+------------------------+---+---+------------------------+---+---+------------------+--------+--------+
|Module Name      | RTL Object          | PORT A (Depth x Width) | W | R | PORT B (Depth x Width) | W | R | Ports driving FF | RAMB18 | RAMB36 | 
+-----------------+---------------------+------------------------+---+---+------------------------+---+---+------------------+--------+--------+
|sa_engine_int8:  | row_high_reg        | 256 x 256(READ_FIRST)  | W |   | 256 x 256(WRITE_FIRST) |   | R | Port A and B     | 0      | 4      | 
|sa_engine_int8:  | row_low_reg         | 256 x 256(READ_FIRST)  | W |   | 256 x 256(WRITE_FIRST) |   | R | Port A and B     | 0      | 4      | 
|lut_engine_int8: | row_buffer_low_reg  | 256 x 256(READ_FIRST)  | W |   | 256 x 256(WRITE_FIRST) |   | R | Port A and B     | 0      | 4      | 
|lut_engine_int8: | row_buffer_high_reg | 256 x 256(READ_FIRST)  | W |   | 256 x 256(WRITE_FIRST) |   | R | Port A and B     | 0      | 4      | 
+-----------------+---------------------+------------------------+---+---+------------------------+---+---+------------------+--------+--------+

---------------------------------------------------------------------------------
Finished ROM, RAM, DSP and Shift Register Reporting
---------------------------------------------------------------------------------

Report RTL Partitions: 
+------+--------------------+------------+----------+
|      |RTL Partition       |Replication |Instances |
+------+--------------------+------------+----------+
|1     |quant_engine__GB0   |           1|      5265|
|2     |quant_engine__GB1   |           1|      5636|
|3     |quant_engine__GB2   |           1|      7430|
|4     |sa_engine_int8__GB0 |           1|     22866|
|5     |sa_engine_int8__GB1 |           1|      5487|
|6     |sa_engine_int8__GB2 |           1|      4884|
|7     |bev_accel_top__GC0  |           1|     17659|
|8     |bev_edif_top__GC0   |           1|       698|
+------+--------------------+------------+----------+
---------------------------------------------------------------------------------
Start Technology Mapping
---------------------------------------------------------------------------------
INFO: [Synth 8-6837] The timing for the instance U_bev_accel_top/U_sa_engine_int8/row_high_reg_0 (implemented as a Block RAM) might be sub-optimal as no optional output register could be merged into the block ram. Providing additional output register may help in improving timing.
INFO: [Synth 8-6837] The timing for the instance U_bev_accel_top/U_sa_engine_int8/row_high_reg_1 (implemented as a Block RAM) might be sub-optimal as no optional output register could be merged into the block ram. Providing additional output register may help in improving timing.
INFO: [Synth 8-6837] The timing for the instance U_bev_accel_top/U_sa_engine_int8/row_high_reg_2 (implemented as a Block RAM) might be sub-optimal as no optional output register could be merged into the block ram. Providing additional output register may help in improving timing.
INFO: [Synth 8-6837] The timing for the instance U_bev_accel_top/U_sa_engine_int8/row_high_reg_3 (implemented as a Block RAM) might be sub-optimal as no optional output register could be merged into the block ram. Providing additional output register may help in improving timing.
INFO: [Synth 8-6837] The timing for the instance U_bev_accel_top/U_sa_engine_int8/row_low_reg_0 (implemented as a Block RAM) might be sub-optimal as no optional output register could be merged into the block ram. Providing additional output register may help in improving timing.
INFO: [Synth 8-6837] The timing for the instance U_bev_accel_top/U_sa_engine_int8/row_low_reg_1 (implemented as a Block RAM) might be sub-optimal as no optional output register could be merged into the block ram. Providing additional output register may help in improving timing.
INFO: [Synth 8-6837] The timing for the instance U_bev_accel_top/U_sa_engine_int8/row_low_reg_2 (implemented as a Block RAM) might be sub-optimal as no optional output register could be merged into the block ram. Providing additional output register may help in improving timing.
INFO: [Synth 8-6837] The timing for the instance U_bev_accel_top/U_sa_engine_int8/row_low_reg_3 (implemented as a Block RAM) might be sub-optimal as no optional output register could be merged into the block ram. Providing additional output register may help in improving timing.
INFO: [Synth 8-6837] The timing for the instance U_bev_accel_top/U_lut_engine_int8/row_buffer_low_reg_0 (implemented as a Block RAM) might be sub-optimal as no optional output register could be merged into the block ram. Providing additional output register may help in improving timing.
INFO: [Synth 8-6837] The timing for the instance U_bev_accel_top/U_lut_engine_int8/row_buffer_low_reg_1 (implemented as a Block RAM) might be sub-optimal as no optional output register could be merged into the block ram. Providing additional output register may help in improving timing.
INFO: [Synth 8-6837] The timing for the instance U_bev_accel_top/U_lut_engine_int8/row_buffer_low_reg_2 (implemented as a Block RAM) might be sub-optimal as no optional output register could be merged into the block ram. Providing additional output register may help in improving timing.
INFO: [Synth 8-6837] The timing for the instance U_bev_accel_top/U_lut_engine_int8/row_buffer_low_reg_3 (implemented as a Block RAM) might be sub-optimal as no optional output register could be merged into the block ram. Providing additional output register may help in improving timing.
INFO: [Synth 8-6837] The timing for the instance U_bev_accel_top/U_lut_engine_int8/row_buffer_high_reg_0 (implemented as a Block RAM) might be sub-optimal as no optional output register could be merged into the block ram. Providing additional output register may help in improving timing.
INFO: [Synth 8-6837] The timing for the instance U_bev_accel_top/U_lut_engine_int8/row_buffer_high_reg_1 (implemented as a Block RAM) might be sub-optimal as no optional output register could be merged into the block ram. Providing additional output register may help in improving timing.
INFO: [Synth 8-6837] The timing for the instance U_bev_accel_top/U_lut_engine_int8/row_buffer_high_reg_2 (implemented as a Block RAM) might be sub-optimal as no optional output register could be merged into the block ram. Providing additional output register may help in improving timing.
INFO: [Synth 8-6837] The timing for the instance U_bev_accel_top/U_lut_engine_int8/row_buffer_high_reg_3 (implemented as a Block RAM) might be sub-optimal as no optional output register could be merged into the block ram. Providing additional output register may help in improving timing.
---------------------------------------------------------------------------------
Finished Technology Mapping : Time (s): cpu = 00:02:53 ; elapsed = 00:03:11 . Memory (MB): peak = 1138.309 ; gain = 880.855
---------------------------------------------------------------------------------

Report RTL Partitions: 
+-+--------------+------------+----------+
| |RTL Partition |Replication |Instances |
+-+--------------+------------+----------+
+-+--------------+------------+----------+
---------------------------------------------------------------------------------
Start IO Insertion
---------------------------------------------------------------------------------
---------------------------------------------------------------------------------
Start Flattening Before IO Insertion
---------------------------------------------------------------------------------
---------------------------------------------------------------------------------
Finished Flattening Before IO Insertion
---------------------------------------------------------------------------------
---------------------------------------------------------------------------------
Start Final Netlist Cleanup
---------------------------------------------------------------------------------
INFO: [Synth 8-6064] Net n_0_14458 is driving 64 big block pins (URAM, BRAM and DSP loads). Created 8 replicas of its driver. 
INFO: [Synth 8-6064] Net n_0_11962 is driving 64 big block pins (URAM, BRAM and DSP loads). Created 8 replicas of its driver. 
---------------------------------------------------------------------------------
Finished Final Netlist Cleanup
---------------------------------------------------------------------------------
---------------------------------------------------------------------------------
Finished IO Insertion : Time (s): cpu = 00:02:57 ; elapsed = 00:03:15 . Memory (MB): peak = 1138.922 ; gain = 881.469
---------------------------------------------------------------------------------

Report Check Netlist: 
+------+------------------+-------+---------+-------+------------------+
|      |Item              |Errors |Warnings |Status |Description       |
+------+------------------+-------+---------+-------+------------------+
|1     |multi_driven_nets |      0|        0|Passed |Multi driven nets |
+------+------------------+-------+---------+-------+------------------+
---------------------------------------------------------------------------------
Start Renaming Generated Instances
---------------------------------------------------------------------------------
---------------------------------------------------------------------------------
Finished Renaming Generated Instances : Time (s): cpu = 00:02:58 ; elapsed = 00:03:16 . Memory (MB): peak = 1138.922 ; gain = 881.469
---------------------------------------------------------------------------------

Report RTL Partitions: 
+-+--------------+------------+----------+
| |RTL Partition |Replication |Instances |
+-+--------------+------------+----------+
+-+--------------+------------+----------+
---------------------------------------------------------------------------------
Start Rebuilding User Hierarchy
---------------------------------------------------------------------------------
---------------------------------------------------------------------------------
Finished Rebuilding User Hierarchy : Time (s): cpu = 00:03:01 ; elapsed = 00:03:19 . Memory (MB): peak = 1138.922 ; gain = 881.469
---------------------------------------------------------------------------------
---------------------------------------------------------------------------------
Start Renaming Generated Ports
---------------------------------------------------------------------------------
---------------------------------------------------------------------------------
Finished Renaming Generated Ports : Time (s): cpu = 00:03:01 ; elapsed = 00:03:19 . Memory (MB): peak = 1138.922 ; gain = 881.469
---------------------------------------------------------------------------------
---------------------------------------------------------------------------------
Start Handling Custom Attributes
---------------------------------------------------------------------------------
---------------------------------------------------------------------------------
Finished Handling Custom Attributes : Time (s): cpu = 00:03:05 ; elapsed = 00:03:23 . Memory (MB): peak = 1138.922 ; gain = 881.469
---------------------------------------------------------------------------------
---------------------------------------------------------------------------------
Start Renaming Generated Nets
---------------------------------------------------------------------------------
---------------------------------------------------------------------------------
Finished Renaming Generated Nets : Time (s): cpu = 00:03:05 ; elapsed = 00:03:23 . Memory (MB): peak = 1138.922 ; gain = 881.469
---------------------------------------------------------------------------------
---------------------------------------------------------------------------------
Start ROM, RAM, DSP and Shift Register Reporting
---------------------------------------------------------------------------------

Static Shift Register Report:
+-------------+-----------------------------------------------------------------------------------+--------+-------+--------------+--------------------+-------------------+--------+---------+
|Module Name  | RTL Name                                                                          | Length | Width | Reset Signal | Pull out first Reg | Pull out last Reg | SRL16E | SRLC32E | 
+-------------+-----------------------------------------------------------------------------------+--------+-------+--------------+--------------------+-------------------+--------+---------+
|bev_edif_top | U_bev_accel_top/U_quant_engine/GEN_QUANT_LANE[5].U_fp32_int8_quant/s6_sign_reg    | 6      | 16    | YES          | NO                 | YES               | 16     | 0       | 
|bev_edif_top | U_bev_accel_top/U_quant_engine/GEN_QUANT_LANE[5].U_fp32_int8_quant/s6_is_sat_reg  | 4      | 32    | YES          | NO                 | YES               | 32     | 0       | 
|bev_edif_top | U_bev_accel_top/U_quant_engine/GEN_QUANT_LANE[10].U_fp32_int8_quant/out_valid_reg | 7      | 1     | YES          | NO                 | YES               | 1      | 0       | 
|bev_edif_top | U_bev_accel_top/U_sa_engine_int8/pg5_reg[1]                                       | 6      | 2     | YES          | NO                 | YES               | 2      | 0       | 
+-------------+-----------------------------------------------------------------------------------+--------+-------+--------------+--------------------+-------------------+--------+---------+

---------------------------------------------------------------------------------
Finished ROM, RAM, DSP and Shift Register Reporting
---------------------------------------------------------------------------------
---------------------------------------------------------------------------------
Start Writing Synthesis Report
---------------------------------------------------------------------------------

Report BlackBoxes: 
+------+----------------+----------+
|      |BlackBox name   |Instances |
+------+----------------+----------+
|1     |ps_ai_wrap_demo |         1|
+------+----------------+----------+

Report Cell Usage: 
+------+-----------------------+------+
|      |Cell                   |Count |
+------+-----------------------+------+
|1     |ps_ai_wrap_demo_bbox_0 |     1|
|2     |CARRY4                 |  1117|
|3     |DSP48E1                |    30|
|4     |DSP48E1_1              |    16|
|5     |DSP48E1_10             |     1|
|6     |DSP48E1_11             |     1|
|7     |DSP48E1_12             |     3|
|8     |DSP48E1_13             |     1|
|9     |DSP48E1_14             |     1|
|10    |DSP48E1_2              |     2|
|11    |DSP48E1_3              |     1|
|12    |DSP48E1_4              |     1|
|13    |DSP48E1_6              |     1|
|14    |DSP48E1_7              |     3|
|15    |DSP48E1_8              |     4|
|16    |LUT1                   |   406|
|17    |LUT2                   |  3493|
|18    |LUT3                   |  5421|
|19    |LUT4                   |  2424|
|20    |LUT5                   |  2559|
|21    |LUT6                   |  5485|
|22    |MUXF7                  |   147|
|23    |MUXF8                  |    14|
|24    |RAMB36E1               |    16|
|25    |SRL16E                 |    51|
|26    |FDCE                   |     5|
|27    |FDRE                   | 17572|
|28    |FDSE                   |    45|
|29    |IBUF                   |     6|
|30    |OBUF                   |    44|
+------+-----------------------+------+

Report Instance Areas: 
+------+---------------------------------------------+---------------------+------+
|      |Instance                                     |Module               |Cells |
+------+---------------------------------------------+---------------------+------+
|1     |top                                          |                     | 39566|
|2     |  U_bev_accel_top                            |bev_accel_top        | 38813|
|3     |    U0_pulse_cross                           |pulse_cross          |     8|
|4     |    U1_pulse_cross                           |pulse_cross_0        |    11|
|5     |    U2_pulse_cross                           |pulse_cross_1        |     9|
|6     |    U_bev_reg_ctrl                           |bev_reg_ctrl         |  4067|
|7     |    U_dma_arbiter_stage                      |dma_arbiter_stage    |    75|
|8     |    U_lut_engine_int8                        |lut_engine_int8      |  5104|
|9     |    U_pipeline_ctrl_group4                   |pipeline_ctrl_group4 |   959|
|10    |    U_quant_engine                           |quant_engine         | 11723|
|11    |      \GEN_QUANT_LANE[0].U_fp32_int8_quant   |fp32_int8_quant      |   534|
|12    |      \GEN_QUANT_LANE[10].U_fp32_int8_quant  |fp32_int8_quant_2    |  1585|
|13    |      \GEN_QUANT_LANE[11].U_fp32_int8_quant  |fp32_int8_quant_3    |   534|
|14    |      \GEN_QUANT_LANE[12].U_fp32_int8_quant  |fp32_int8_quant_4    |   534|
|15    |      \GEN_QUANT_LANE[13].U_fp32_int8_quant  |fp32_int8_quant_5    |   534|
|16    |      \GEN_QUANT_LANE[14].U_fp32_int8_quant  |fp32_int8_quant_6    |   534|
|17    |      \GEN_QUANT_LANE[15].U_fp32_int8_quant  |fp32_int8_quant_7    |   534|
|18    |      \GEN_QUANT_LANE[1].U_fp32_int8_quant   |fp32_int8_quant_8    |   534|
|19    |      \GEN_QUANT_LANE[2].U_fp32_int8_quant   |fp32_int8_quant_9    |   534|
|20    |      \GEN_QUANT_LANE[3].U_fp32_int8_quant   |fp32_int8_quant_10   |   534|
|21    |      \GEN_QUANT_LANE[4].U_fp32_int8_quant   |fp32_int8_quant_11   |   534|
|22    |      \GEN_QUANT_LANE[5].U_fp32_int8_quant   |fp32_int8_quant_12   |   534|
|23    |      \GEN_QUANT_LANE[6].U_fp32_int8_quant   |fp32_int8_quant_13   |   534|
|24    |      \GEN_QUANT_LANE[7].U_fp32_int8_quant   |fp32_int8_quant_14   |   534|
|25    |      \GEN_QUANT_LANE[8].U_fp32_int8_quant   |fp32_int8_quant_15   |   534|
|26    |      \GEN_QUANT_LANE[9].U_fp32_int8_quant   |fp32_int8_quant_16   |   534|
|27    |    U_sa_engine_int8                         |sa_engine_int8       | 16197|
+------+---------------------------------------------+---------------------+------+
---------------------------------------------------------------------------------
Finished Writing Synthesis Report : Time (s): cpu = 00:03:05 ; elapsed = 00:03:23 . Memory (MB): peak = 1138.922 ; gain = 881.469
---------------------------------------------------------------------------------
Synthesis finished with 0 errors, 0 critical warnings and 32 warnings.
Synthesis Optimization Runtime : Time (s): cpu = 00:02:47 ; elapsed = 00:03:05 . Memory (MB): peak = 1138.922 ; gain = 341.527
Synthesis Optimization Complete : Time (s): cpu = 00:03:05 ; elapsed = 00:03:24 . Memory (MB): peak = 1138.922 ; gain = 881.469
INFO: [Project 1-571] Translating synthesized netlist
Parsing EDIF File [E:/experiment/¸´µ©Î¢/Fast-BEV/Fastbev2.0_sa/part2_sa/part2_sa_v2.0/Vivado_Project/netlist/ps_ai_wrap_demo.edf]
Finished Parsing EDIF File [E:/experiment/¸´µ©Î¢/Fast-BEV/Fastbev2.0_sa/part2_sa/part2_sa_v2.0/Vivado_Project/netlist/ps_ai_wrap_demo.edf]
INFO: [Netlist 29-17] Analyzing 5062 Unisim elements for replacement
INFO: [Netlist 29-28] Unisim Transformation completed in 4 CPU seconds
INFO: [Project 1-479] Netlist was created with Vivado 2018.3
INFO: [Project 1-570] Preparing netlist for logic optimization
WARNING: [Opt 31-32] Removing redundant IBUF since it is not being driven by a top-level port. U0_ps_ai_wrap_demo/U0_ps_ai_peripheral/frame_to_ps_inst0/cmos_clkgen_742_5_u0/inst/clkin1_ibufg 
Resolution: The tool has removed redundant IBUF. To resolve this warning, check for redundant IBUF in the input design.
WARNING: [Opt 31-36] Removing redundant OBUF, ddr3_cke_OBUF[0]_inst, from the path connected to top-level port: ddr3_cke[0] 
Resolution: The tool has removed redundant OBUF. To resolve this warning, check for redundant OBUF in the input design.
WARNING: [Opt 31-36] Removing redundant OBUF, ddr3_odt_OBUF[0]_inst, from the path connected to top-level port: ddr3_odt[0] 
Resolution: The tool has removed redundant OBUF. To resolve this warning, check for redundant OBUF in the input design.
WARNING: [Opt 31-36] Removing redundant OBUF, ddr3_addr_OBUF[0]_inst, from the path connected to top-level port: ddr3_addr[0] 
Resolution: The tool has removed redundant OBUF. To resolve this warning, check for redundant OBUF in the input design.
WARNING: [Opt 31-36] Removing redundant OBUF, ddr3_addr_OBUF[10]_inst, from the path connected to top-level port: ddr3_addr[10] 
Resolution: The tool has removed redundant OBUF. To resolve this warning, check for redundant OBUF in the input design.
WARNING: [Opt 31-36] Removing redundant OBUF, ddr3_addr_OBUF[11]_inst, from the path connected to top-level port: ddr3_addr[11] 
Resolution: The tool has removed redundant OBUF. To resolve this warning, check for redundant OBUF in the input design.
WARNING: [Opt 31-36] Removing redundant OBUF, ddr3_addr_OBUF[12]_inst, from the path connected to top-level port: ddr3_addr[12] 
Resolution: The tool has removed redundant OBUF. To resolve this warning, check for redundant OBUF in the input design.
WARNING: [Opt 31-36] Removing redundant OBUF, ddr3_addr_OBUF[13]_inst, from the path connected to top-level port: ddr3_addr[13] 
Resolution: The tool has removed redundant OBUF. To resolve this warning, check for redundant OBUF in the input design.
WARNING: [Opt 31-36] Removing redundant OBUF, ddr3_addr_OBUF[14]_inst, from the path connected to top-level port: ddr3_addr[14] 
Resolution: The tool has removed redundant OBUF. To resolve this warning, check for redundant OBUF in the input design.
WARNING: [Opt 31-36] Removing redundant OBUF, ddr3_addr_OBUF[1]_inst, from the path connected to top-level port: ddr3_addr[1] 
Resolution: The tool has removed redundant OBUF. To resolve this warning, check for redundant OBUF in the input design.
WARNING: [Opt 31-36] Removing redundant OBUF, ddr3_addr_OBUF[2]_inst, from the path connected to top-level port: ddr3_addr[2] 
Resolution: The tool has removed redundant OBUF. To resolve this warning, check for redundant OBUF in the input design.
WARNING: [Opt 31-36] Removing redundant OBUF, ddr3_addr_OBUF[3]_inst, from the path connected to top-level port: ddr3_addr[3] 
Resolution: The tool has removed redundant OBUF. To resolve this warning, check for redundant OBUF in the input design.
WARNING: [Opt 31-36] Removing redundant OBUF, ddr3_addr_OBUF[4]_inst, from the path connected to top-level port: ddr3_addr[4] 
Resolution: The tool has removed redundant OBUF. To resolve this warning, check for redundant OBUF in the input design.
WARNING: [Opt 31-36] Removing redundant OBUF, ddr3_addr_OBUF[5]_inst, from the path connected to top-level port: ddr3_addr[5] 
Resolution: The tool has removed redundant OBUF. To resolve this warning, check for redundant OBUF in the input design.
WARNING: [Opt 31-36] Removing redundant OBUF, ddr3_addr_OBUF[6]_inst, from the path connected to top-level port: ddr3_addr[6] 
Resolution: The tool has removed redundant OBUF. To resolve this warning, check for redundant OBUF in the input design.
WARNING: [Opt 31-36] Removing redundant OBUF, ddr3_addr_OBUF[7]_inst, from the path connected to top-level port: ddr3_addr[7] 
Resolution: The tool has removed redundant OBUF. To resolve this warning, check for redundant OBUF in the input design.
WARNING: [Opt 31-36] Removing redundant OBUF, ddr3_addr_OBUF[8]_inst, from the path connected to top-level port: ddr3_addr[8] 
Resolution: The tool has removed redundant OBUF. To resolve this warning, check for redundant OBUF in the input design.
WARNING: [Opt 31-36] Removing redundant OBUF, ddr3_addr_OBUF[9]_inst, from the path connected to top-level port: ddr3_addr[9] 
Resolution: The tool has removed redundant OBUF. To resolve this warning, check for redundant OBUF in the input design.
WARNING: [Opt 31-36] Removing redundant OBUF, ddr3_ba_OBUF[0]_inst, from the path connected to top-level port: ddr3_ba[0] 
Resolution: The tool has removed redundant OBUF. To resolve this warning, check for redundant OBUF in the input design.
WARNING: [Opt 31-36] Removing redundant OBUF, ddr3_ba_OBUF[1]_inst, from the path connected to top-level port: ddr3_ba[1] 
Resolution: The tool has removed redundant OBUF. To resolve this warning, check for redundant OBUF in the input design.
WARNING: [Opt 31-36] Removing redundant OBUF, ddr3_ba_OBUF[2]_inst, from the path connected to top-level port: ddr3_ba[2] 
Resolution: The tool has removed redundant OBUF. To resolve this warning, check for redundant OBUF in the input design.
WARNING: [Opt 31-36] Removing redundant OBUF, ddr3_cs_n_OBUF[0]_inst, from the path connected to top-level port: ddr3_cs_n[0] 
Resolution: The tool has removed redundant OBUF. To resolve this warning, check for redundant OBUF in the input design.
WARNING: [Opt 31-36] Removing redundant OBUF, ddr3_reset_n_OBUF_inst, from the path connected to top-level port: ddr3_reset_n 
Resolution: The tool has removed redundant OBUF. To resolve this warning, check for redundant OBUF in the input design.
WARNING: [Opt 31-36] Removing redundant OBUF, ddr3_cas_n_OBUF_inst, from the path connected to top-level port: ddr3_cas_n 
Resolution: The tool has removed redundant OBUF. To resolve this warning, check for redundant OBUF in the input design.
WARNING: [Opt 31-36] Removing redundant OBUF, ddr3_ras_n_OBUF_inst, from the path connected to top-level port: ddr3_ras_n 
Resolution: The tool has removed redundant OBUF. To resolve this warning, check for redundant OBUF in the input design.
WARNING: [Opt 31-36] Removing redundant OBUF, ddr3_we_n_OBUF_inst, from the path connected to top-level port: ddr3_we_n 
Resolution: The tool has removed redundant OBUF. To resolve this warning, check for redundant OBUF in the input design.
WARNING: [Constraints 18-550] Could not create 'IOSTANDARD' constraint because net 'U0_ps_ai_wrap_demo/PJTAG_TCK' is not directly connected to top level port. Synthesis is ignored for IOSTANDARD but preserved for implementation.
WARNING: [Constraints 18-550] Could not create 'IOSTANDARD' constraint because net 'U0_ps_ai_wrap_demo/PJTAG_TDI' is not directly connected to top level port. Synthesis is ignored for IOSTANDARD but preserved for implementation.
WARNING: [Constraints 18-550] Could not create 'IOSTANDARD' constraint because net 'U0_ps_ai_wrap_demo/PJTAG_TMS' is not directly connected to top level port. Synthesis is ignored for IOSTANDARD but preserved for implementation.
WARNING: [Constraints 18-550] Could not create 'IBUF_LOW_PWR' constraint because net 'U0_ps_ai_wrap_demo/cam_clk' is not directly connected to top level port. Synthesis is ignored for IBUF_LOW_PWR but preserved for implementation.
WARNING: [Constraints 18-550] Could not create 'IOSTANDARD' constraint because net 'U0_ps_ai_wrap_demo/led[0]' is not directly connected to top level port. Synthesis is ignored for IOSTANDARD but preserved for implementation.
WARNING: [Constraints 18-550] Could not create 'IOSTANDARD' constraint because net 'U0_ps_ai_wrap_demo/sys_rst' is not directly connected to top level port. Synthesis is ignored for IOSTANDARD but preserved for implementation.
INFO: [Opt 31-138] Pushed 0 inverter(s) to 0 load pin(s).
Netlist sorting complete. Time (s): cpu = 00:00:00 ; elapsed = 00:00:00.062 . Memory (MB): peak = 1445.375 ; gain = 0.000
INFO: [Project 1-111] Unisim Transformation Summary:
  A total of 1526 instances were transformed.
  IOBUFDS_DIFF_OUT_DCIEN => IOBUFDS_DIFF_OUT_DCIEN (IBUFDS_IBUFDISABLE_INT, IBUFDS_IBUFDISABLE_INT, INV, OBUFTDS_DCIEN, OBUFTDS_DCIEN): 8 instances
  IOBUF_DCIEN => IOBUF_DCIEN (IBUF_IBUFDISABLE, OBUFT_DCIEN): 64 instances
  OBUFDS => OBUFDS_DUAL_BUF (INV, OBUFDS, OBUFDS): 1 instances
  RAM32M => RAM32M (RAMD32, RAMD32, RAMD32, RAMD32, RAMD32, RAMD32, RAMS32, RAMS32): 626 instances
  RAM64M => RAM64M (RAMD64E, RAMD64E, RAMD64E, RAMD64E): 779 instances
  RAM64X1D => RAM64X1D (RAMD64E, RAMD64E): 48 instances

INFO: [Common 17-83] Releasing license: Synthesis
437 Infos, 431 Warnings, 47 Critical Warnings and 0 Errors encountered.
synth_design completed successfully
synth_design: Time (s): cpu = 00:03:38 ; elapsed = 00:04:00 . Memory (MB): peak = 1445.375 ; gain = 1196.953
Netlist sorting complete. Time (s): cpu = 00:00:01 ; elapsed = 00:00:00.058 . Memory (MB): peak = 1445.375 ; gain = 0.000
WARNING: [Constraints 18-5210] No constraints selected for write.
Resolution: This message can indicate that there are no constraints for the design, or it can indicate that the used_in flags are set such that the constraints are ignored. This later case is used when running synth_design to not write synthesis constraints to the resulting checkpoint. Instead, project constraints are read when the synthesized design is opened.
INFO: [Common 17-1381] The checkpoint 'D:/vivado2018.3/part2_sa_2.0/part2_sa_2.0.runs/synth_1/bev_edif_top.dcp' has been generated.
write_checkpoint: Time (s): cpu = 00:00:34 ; elapsed = 00:00:31 . Memory (MB): peak = 1446.426 ; gain = 1.051
INFO: [runtcl-4] Executing : report_utilization -file bev_edif_top_utilization_synth.rpt -pb bev_edif_top_utilization_synth.pb
INFO: [Common 17-206] Exiting Vivado at Sun Jul 19 11:22:07 2026...
