raw_id,size,max,sat,scale,exp
230,1x1x3x3,0.017124753 0.017507004 0.017429193,0.017122664 0.017504867 0.017427066,,
234,1x1x3x3,0.017124753 0.017507004 0.017429193,0.017122664 0.017504867 0.017427066,,
238,1x1x3x3,0.017124753 0.017507004 0.017429193,0.017122664 0.017504867 0.017427066,,
242,1x1x3x3,0.017124753 0.017507004 0.017429193,0.017122664 0.017504867 0.017427066,,
246,1x1x3x3,0.017124753 0.017507004 0.017429193,0.017122664 0.017504867 0.017427066,,
250,1x1x3x3,0.017124753 0.017507004 0.017429193,0.017122664 0.017504867 0.017427066,,
268,7x7x3x64,0.17941876 0.044500463 0 0.048556227 0 0.1136751 0.11658362 0 0.19843829 5.197836e-10 0.09312163 0.07622302 0.036474697 1.9559547e-08 0.021891752 0.19511242 0.03375652 0.013631076 0.07907592 0.021979429 0.05766044 0.010790876 0.032027833 0.19544837 0.39387545 0.03130431 0.02171864 0.033983506 0.07778122 0.10759951 0.13582975 0.06047244 0.035934765 0.08663322 0.048700433 0.036285497 0 0.037774436 0 0.36981946 0.28552818 0.14981999 0.14510995 0.079413325 0.10284542 0.037830915 0.016752034 0.21811299 0 0.15919185 0.30834106 0.1392751 0.06553612 0.26965028 0.011114773 0.20308617 0.053743225 0.02430428 0.061993048 0.15965736 0.12977785 0.009402235 0.035873894 0.12594284,0.17939685 0.04449503 0 0.048550304 0 0.11366123 0.1165694 0 0.19841407 5.197202e-10 0.09311026 0.076213725 0.036470246 1.955716e-08 0.02188908 0.19508861 0.0337524 0.013629412 0.07906626 0.021976747 0.057653405 0.010789559 0.032023925 0.19542453 0.39382738 0.031300493 0.02171599 0.033979356 0.07777173 0.10758638 0.13581316 0.06046506 0.03593038 0.08662265 0.048694488 0.03628107 0 0.037769824 0 0.3697743 0.28549334 0.1498017 0.14509223 0.07940363 0.102832876 0.037826296 0.016749991 0.21808636 0 0.15917242 0.30830345 0.13925812 0.06552812 0.26961738 0.011113416 0.20306137 0.053736668 0.024301313 0.06198548 0.15963788 0.12976201 0.009401088 0.035869516 0.12592746,,
272,7x7x3x64,0.17941876 0.044500463 0 0.048556227 0 0.1136751 0.11658362 0 0.19843829 5.197836e-10 0.09312163 0.07622302 0.036474697 1.9559547e-08 0.021891752 0.19511242 0.03375652 0.013631076 0.07907592 0.021979429 0.05766044 0.010790876 0.032027833 0.19544837 0.39387545 0.03130431 0.02171864 0.033983506 0.07778122 0.10759951 0.13582975 0.06047244 0.035934765 0.08663322 0.048700433 0.036285497 0 0.037774436 0 0.36981946 0.28552818 0.14981999 0.14510995 0.079413325 0.10284542 0.037830915 0.016752034 0.21811299 0 0.15919185 0.30834106 0.1392751 0.06553612 0.26965028 0.011114773 0.20308617 0.053743225 0.02430428 0.061993048 0.15965736 0.12977785 0.009402235 0.035873894 0.12594284,0.17939685 0.04449503 0 0.048550304 0 0.11366123 0.1165694 0 0.19841407 5.197202e-10 0.09311026 0.076213725 0.036470246 1.955716e-08 0.02188908 0.19508861 0.0337524 0.013629412 0.07906626 0.021976747 0.057653405 0.010789559 0.032023925 0.19542453 0.39382738 0.031300493 0.02171599 0.033979356 0.07777173 0.10758638 0.13581316 0.06046506 0.03593038 0.08662265 0.048694488 0.03628107 0 0.037769824 0 0.3697743 0.28549334 0.1498017 0.14509223 0.07940363 0.102832876 0.037826296 0.016749991 0.21808636 0 0.15917242 0.30830345 0.13925812 0.06552812 0.26961738 0.011113416 0.20306137 0.053736668 0.024301313 0.06198548 0.15963788 0.12976201 0.009401088 0.035869516 0.12592746,,
276,7x7x3x64,0.17941876 0.044500463 0 0.048556227 0 0.1136751 0.11658362 0 0.19843829 5.197836e-10 0.09312163 0.07622302 0.036474697 1.9559547e-08 0.021891752 0.19511242 0.03375652 0.013631076 0.07907592 0.021979429 0.05766044 0.010790876 0.032027833 0.19544837 0.39387545 0.03130431 0.02171864 0.033983506 0.07778122 0.10759951 0.13582975 0.06047244 0.035934765 0.08663322 0.048700433 0.036285497 0 0.037774436 0 0.36981946 0.28552818 0.14981999 0.14510995 0.079413325 0.10284542 0.037830915 0.016752034 0.21811299 0 0.15919185 0.30834106 0.1392751 0.06553612 0.26965028 0.011114773 0.20308617 0.053743225 0.02430428 0.061993048 0.15965736 0.12977785 0.009402235 0.035873894 0.12594284,0.17939685 0.04449503 0 0.048550304 0 0.11366123 0.1165694 0 0.19841407 5.197202e-10 0.09311026 0.076213725 0.036470246 1.955716e-08 0.02188908 0.19508861 0.0337524 0.013629412 0.07906626 0.021976747 0.057653405 0.010789559 0.032023925 0.19542453 0.39382738 0.031300493 0.02171599 0.033979356 0.07777173 0.10758638 0.13581316 0.06046506 0.03593038 0.08662265 0.048694488 0.03628107 0 0.037769824 0 0.3697743 0.28549334 0.1498017 0.14509223 0.07940363 0.102832876 0.037826296 0.016749991 0.21808636 0 0.15917242 0.30830345 0.13925812 0.06552812 0.26961738 0.011113416 0.20306137 0.053736668 0.024301313 0.06198548 0.15963788 0.12976201 0.009401088 0.035869516 0.12592746,,
280,7x7x3x64,0.17941876 0.044500463 0 0.048556227 0 0.1136751 0.11658362 0 0.19843829 5.197836e-10 0.09312163 0.07622302 0.036474697 1.9559547e-08 0.021891752 0.19511242 0.03375652 0.013631076 0.07907592 0.021979429 0.05766044 0.010790876 0.032027833 0.19544837 0.39387545 0.03130431 0.02171864 0.033983506 0.07778122 0.10759951 0.13582975 0.06047244 0.035934765 0.08663322 0.048700433 0.036285497 0 0.037774436 0 0.36981946 0.28552818 0.14981999 0.14510995 0.079413325 0.10284542 0.037830915 0.016752034 0.21811299 0 0.15919185 0.30834106 0.1392751 0.06553612 0.26965028 0.011114773 0.20308617 0.053743225 0.02430428 0.061993048 0.15965736 0.12977785 0.009402235 0.035873894 0.12594284,0.17939685 0.04449503 0 0.048550304 0 0.11366123 0.1165694 0 0.19841407 5.197202e-10 0.09311026 0.076213725 0.036470246 1.955716e-08 0.02188908 0.19508861 0.0337524 0.013629412 0.07906626 0.021976747 0.057653405 0.010789559 0.032023925 0.19542453 0.39382738 0.031300493 0.02171599 0.033979356 0.07777173 0.10758638 0.13581316 0.06046506 0.03593038 0.08662265 0.048694488 0.03628107 0 0.037769824 0 0.3697743 0.28549334 0.1498017 0.14509223 0.07940363 0.102832876 0.037826296 0.016749991 0.21808636 0 0.15917242 0.30830345 0.13925812 0.06552812 0.26961738 0.011113416 0.20306137 0.053736668 0.024301313 0.06198548 0.15963788 0.12976201 0.009401088 0.035869516 0.12592746,,
284,7x7x3x64,0.17941876 0.044500463 0 0.048556227 0 0.1136751 0.11658362 0 0.19843829 5.197836e-10 0.09312163 0.07622302 0.036474697 1.9559547e-08 0.021891752 0.19511242 0.03375652 0.013631076 0.07907592 0.021979429 0.05766044 0.010790876 0.032027833 0.19544837 0.39387545 0.03130431 0.02171864 0.033983506 0.07778122 0.10759951 0.13582975 0.06047244 0.035934765 0.08663322 0.048700433 0.036285497 0 0.037774436 0 0.36981946 0.28552818 0.14981999 0.14510995 0.079413325 0.10284542 0.037830915 0.016752034 0.21811299 0 0.15919185 0.30834106 0.1392751 0.06553612 0.26965028 0.011114773 0.20308617 0.053743225 0.02430428 0.061993048 0.15965736 0.12977785 0.009402235 0.035873894 0.12594284,0.17939685 0.04449503 0 0.048550304 0 0.11366123 0.1165694 0 0.19841407 5.197202e-10 0.09311026 0.076213725 0.036470246 1.955716e-08 0.02188908 0.19508861 0.0337524 0.013629412 0.07906626 0.021976747 0.057653405 0.010789559 0.032023925 0.19542453 0.39382738 0.031300493 0.02171599 0.033979356 0.07777173 0.10758638 0.13581316 0.06046506 0.03593038 0.08662265 0.048694488 0.03628107 0 0.037769824 0 0.3697743 0.28549334 0.1498017 0.14509223 0.07940363 0.102832876 0.037826296 0.016749991 0.21808636 0 0.15917242 0.30830345 0.13925812 0.06552812 0.26961738 0.011113416 0.20306137 0.053736668 0.024301313 0.06198548 0.15963788 0.12976201 0.009401088 0.035869516 0.12592746,,
288,7x7x3x64,0.17941876 0.044500463 0 0.048556227 0 0.1136751 0.11658362 0 0.19843829 5.197836e-10 0.09312163 0.07622302 0.036474697 1.9559547e-08 0.021891752 0.19511242 0.03375652 0.013631076 0.07907592 0.021979429 0.05766044 0.010790876 0.032027833 0.19544837 0.39387545 0.03130431 0.02171864 0.033983506 0.07778122 0.10759951 0.13582975 0.06047244 0.035934765 0.08663322 0.048700433 0.036285497 0 0.037774436 0 0.36981946 0.28552818 0.14981999 0.14510995 0.079413325 0.10284542 0.037830915 0.016752034 0.21811299 0 0.15919185 0.30834106 0.1392751 0.06553612 0.26965028 0.011114773 0.20308617 0.053743225 0.02430428 0.061993048 0.15965736 0.12977785 0.009402235 0.035873894 0.12594284,0.17939685 0.04449503 0 0.048550304 0 0.11366123 0.1165694 0 0.19841407 5.197202e-10 0.09311026 0.076213725 0.036470246 1.955716e-08 0.02188908 0.19508861 0.0337524 0.013629412 0.07906626 0.021976747 0.057653405 0.010789559 0.032023925 0.19542453 0.39382738 0.031300493 0.02171599 0.033979356 0.07777173 0.10758638 0.13581316 0.06046506 0.03593038 0.08662265 0.048694488 0.03628107 0 0.037769824 0 0.3697743 0.28549334 0.1498017 0.14509223 0.07940363 0.102832876 0.037826296 0.016749991 0.21808636 0 0.15917242 0.30830345 0.13925812 0.06552812 0.26961738 0.011113416 0.20306137 0.053736668 0.024301313 0.06198548 0.15963788 0.12976201 0.009401088 0.035869516 0.12592746,,
306,3x3x64x64,0.37450415 0.11910731 0.2715729 0.20916116 0.18325216 0.121072456 0.27902475 0.051017437 0.17521541 0.102409974 0.099438414 0.18015195 0.24005003 0.075785965 0.12476005 0.19948037 0.23535575 0.0958919 0.22732133 0.16570626 0.19323738 0.19563758 0.2555065 0.15634343 0.17065676 0.15431438 0.06240527 0.17651193 0.2587372 0.15011825 0.33263966 0.2863033 0.21091548 0.22951871 0.30489415 0.19861153 0.15604654 0.21912538 0.22184528 0.2800366 0.23773544 0.19512637 0.14165254 0.13435563 0.0639136 0.20890394 0.22827047 0.1546484 0.20058133 0.15881237 0.101297215 0.14939584 0.10598239 0.29075435 0.27730063 0.2970121 0.09927035 0.12150299 0.22460994 0.13828938 0.18507145 0.16076143 0.09381127 0.24569012,0.37445846 0.11909278 0.27153975 0.20913564 0.18322979 0.12105768 0.27899072 0.05101121 0.17519403 0.10239747 0.09942628 0.18012996 0.24002074 0.07577671 0.124744825 0.19945604 0.23532704 0.0958802 0.22729358 0.16568604 0.1932138 0.1956137 0.25547528 0.15632434 0.17063594 0.15429555 0.06239765 0.1764904 0.25870565 0.15009992 0.33259907 0.28626835 0.21088973 0.2294907 0.30485696 0.1985873 0.1560275 0.21909864 0.22181821 0.28000244 0.23770642 0.19510256 0.14163525 0.13433923 0.0639058 0.20887844 0.22824262 0.15462953 0.20055684 0.158793 0.101284854 0.14937761 0.10596946 0.29071888 0.2772668 0.29697582 0.09925824 0.12148816 0.22458254 0.13827251 0.18504888 0.16074182 0.09379983 0.24566014,,
310,3x3x64x64,0.37450415 0.11910731 0.2715729 0.20916116 0.18325216 0.121072456 0.27902475 0.051017437 0.17521541 0.102409974 0.099438414 0.18015195 0.24005003 0.075785965 0.12476005 0.19948037 0.23535575 0.0958919 0.22732133 0.16570626 0.19323738 0.19563758 0.2555065 0.15634343 0.17065676 0.15431438 0.06240527 0.17651193 0.2587372 0.15011825 0.33263966 0.2863033 0.21091548 0.22951871 0.30489415 0.19861153 0.15604654 0.21912538 0.22184528 0.2800366 0.23773544 0.19512637 0.14165254 0.13435563 0.0639136 0.20890394 0.22827047 0.1546484 0.20058133 0.15881237 0.101297215 0.14939584 0.10598239 0.29075435 0.27730063 0.2970121 0.09927035 0.12150299 0.22460994 0.13828938 0.18507145 0.16076143 0.09381127 0.24569012,0.37445846 0.11909278 0.27153975 0.20913564 0.18322979 0.12105768 0.27899072 0.05101121 0.17519403 0.10239747 0.09942628 0.18012996 0.24002074 0.07577671 0.124744825 0.19945604 0.23532704 0.0958802 0.22729358 0.16568604 0.1932138 0.1956137 0.25547528 0.15632434 0.17063594 0.15429555 0.06239765 0.1764904 0.25870565 0.15009992 0.33259907 0.28626835 0.21088973 0.2294907 0.30485696 0.1985873 0.1560275 0.21909864 0.22181821 0.28000244 0.23770642 0.19510256 0.14163525 0.13433923 0.0639058 0.20887844 0.22824262 0.15462953 0.20055684 0.158793 0.101284854 0.14937761 0.10596946 0.29071888 0.2772668 0.29697582 0.09925824 0.12148816 0.22458254 0.13827251 0.18504888 0.16074182 0.09379983 0.24566014,,
314,3x3x64x64,0.37450415 0.11910731 0.2715729 0.20916116 0.18325216 0.121072456 0.27902475 0.051017437 0.17521541 0.102409974 0.099438414 0.18015195 0.24005003 0.075785965 0.12476005 0.19948037 0.23535575 0.0958919 0.22732133 0.16570626 0.19323738 0.19563758 0.2555065 0.15634343 0.17065676 0.15431438 0.06240527 0.17651193 0.2587372 0.15011825 0.33263966 0.2863033 0.21091548 0.22951871 0.30489415 0.19861153 0.15604654 0.21912538 0.22184528 0.2800366 0.23773544 0.19512637 0.14165254 0.13435563 0.0639136 0.20890394 0.22827047 0.1546484 0.20058133 0.15881237 0.101297215 0.14939584 0.10598239 0.29075435 0.27730063 0.2970121 0.09927035 0.12150299 0.22460994 0.13828938 0.18507145 0.16076143 0.09381127 0.24569012,0.37445846 0.11909278 0.27153975 0.20913564 0.18322979 0.12105768 0.27899072 0.05101121 0.17519403 0.10239747 0.09942628 0.18012996 0.24002074 0.07577671 0.124744825 0.19945604 0.23532704 0.0958802 0.22729358 0.16568604 0.1932138 0.1956137 0.25547528 0.15632434 0.17063594 0.15429555 0.06239765 0.1764904 0.25870565 0.15009992 0.33259907 0.28626835 0.21088973 0.2294907 0.30485696 0.1985873 0.1560275 0.21909864 0.22181821 0.28000244 0.23770642 0.19510256 0.14163525 0.13433923 0.0639058 0.20887844 0.22824262 0.15462953 0.20055684 0.158793 0.101284854 0.14937761 0.10596946 0.29071888 0.2772668 0.29697582 0.09925824 0.12148816 0.22458254 0.13827251 0.18504888 0.16074182 0.09379983 0.24566014,,
318,3x3x64x64,0.37450415 0.11910731 0.2715729 0.20916116 0.18325216 0.121072456 0.27902475 0.051017437 0.17521541 0.102409974 0.099438414 0.18015195 0.24005003 0.075785965 0.12476005 0.19948037 0.23535575 0.0958919 0.22732133 0.16570626 0.19323738 0.19563758 0.2555065 0.15634343 0.17065676 0.15431438 0.06240527 0.17651193 0.2587372 0.15011825 0.33263966 0.2863033 0.21091548 0.22951871 0.30489415 0.19861153 0.15604654 0.21912538 0.22184528 0.2800366 0.23773544 0.19512637 0.14165254 0.13435563 0.0639136 0.20890394 0.22827047 0.1546484 0.20058133 0.15881237 0.101297215 0.14939584 0.10598239 0.29075435 0.27730063 0.2970121 0.09927035 0.12150299 0.22460994 0.13828938 0.18507145 0.16076143 0.09381127 0.24569012,0.37445846 0.11909278 0.27153975 0.20913564 0.18322979 0.12105768 0.27899072 0.05101121 0.17519403 0.10239747 0.09942628 0.18012996 0.24002074 0.07577671 0.124744825 0.19945604 0.23532704 0.0958802 0.22729358 0.16568604 0.1932138 0.1956137 0.25547528 0.15632434 0.17063594 0.15429555 0.06239765 0.1764904 0.25870565 0.15009992 0.33259907 0.28626835 0.21088973 0.2294907 0.30485696 0.1985873 0.1560275 0.21909864 0.22181821 0.28000244 0.23770642 0.19510256 0.14163525 0.13433923 0.0639058 0.20887844 0.22824262 0.15462953 0.20055684 0.158793 0.101284854 0.14937761 0.10596946 0.29071888 0.2772668 0.29697582 0.09925824 0.12148816 0.22458254 0.13827251 0.18504888 0.16074182 0.09379983 0.24566014,,
322,3x3x64x64,0.37450415 0.11910731 0.2715729 0.20916116 0.18325216 0.121072456 0.27902475 0.051017437 0.17521541 0.102409974 0.099438414 0.18015195 0.24005003 0.075785965 0.12476005 0.19948037 0.23535575 0.0958919 0.22732133 0.16570626 0.19323738 0.19563758 0.2555065 0.15634343 0.17065676 0.15431438 0.06240527 0.17651193 0.2587372 0.15011825 0.33263966 0.2863033 0.21091548 0.22951871 0.30489415 0.19861153 0.15604654 0.21912538 0.22184528 0.2800366 0.23773544 0.19512637 0.14165254 0.13435563 0.0639136 0.20890394 0.22827047 0.1546484 0.20058133 0.15881237 0.101297215 0.14939584 0.10598239 0.29075435 0.27730063 0.2970121 0.09927035 0.12150299 0.22460994 0.13828938 0.18507145 0.16076143 0.09381127 0.24569012,0.37445846 0.11909278 0.27153975 0.20913564 0.18322979 0.12105768 0.27899072 0.05101121 0.17519403 0.10239747 0.09942628 0.18012996 0.24002074 0.07577671 0.124744825 0.19945604 0.23532704 0.0958802 0.22729358 0.16568604 0.1932138 0.1956137 0.25547528 0.15632434 0.17063594 0.15429555 0.06239765 0.1764904 0.25870565 0.15009992 0.33259907 0.28626835 0.21088973 0.2294907 0.30485696 0.1985873 0.1560275 0.21909864 0.22181821 0.28000244 0.23770642 0.19510256 0.14163525 0.13433923 0.0639058 0.20887844 0.22824262 0.15462953 0.20055684 0.158793 0.101284854 0.14937761 0.10596946 0.29071888 0.2772668 0.29697582 0.09925824 0.12148816 0.22458254 0.13827251 0.18504888 0.16074182 0.09379983 0.24566014,,
326,3x3x64x64,0.37450415 0.11910731 0.2715729 0.20916116 0.18325216 0.121072456 0.27902475 0.051017437 0.17521541 0.102409974 0.099438414 0.18015195 0.24005003 0.075785965 0.12476005 0.19948037 0.23535575 0.0958919 0.22732133 0.16570626 0.19323738 0.19563758 0.2555065 0.15634343 0.17065676 0.15431438 0.06240527 0.17651193 0.2587372 0.15011825 0.33263966 0.2863033 0.21091548 0.22951871 0.30489415 0.19861153 0.15604654 0.21912538 0.22184528 0.2800366 0.23773544 0.19512637 0.14165254 0.13435563 0.0639136 0.20890394 0.22827047 0.1546484 0.20058133 0.15881237 0.101297215 0.14939584 0.10598239 0.29075435 0.27730063 0.2970121 0.09927035 0.12150299 0.22460994 0.13828938 0.18507145 0.16076143 0.09381127 0.24569012,0.37445846 0.11909278 0.27153975 0.20913564 0.18322979 0.12105768 0.27899072 0.05101121 0.17519403 0.10239747 0.09942628 0.18012996 0.24002074 0.07577671 0.124744825 0.19945604 0.23532704 0.0958802 0.22729358 0.16568604 0.1932138 0.1956137 0.25547528 0.15632434 0.17063594 0.15429555 0.06239765 0.1764904 0.25870565 0.15009992 0.33259907 0.28626835 0.21088973 0.2294907 0.30485696 0.1985873 0.1560275 0.21909864 0.22181821 0.28000244 0.23770642 0.19510256 0.14163525 0.13433923 0.0639058 0.20887844 0.22824262 0.15462953 0.20055684 0.158793 0.101284854 0.14937761 0.10596946 0.29071888 0.2772668 0.29697582 0.09925824 0.12148816 0.22458254 0.13827251 0.18504888 0.16074182 0.09379983 0.24566014,,
344,3x3x64x64,0.24522248 0.15553294 0.1383362 0.3890562 0.07970856 0.38728872 0.112488426 0.2947211 0.444513 0.3752888 0.10695986 0.5358689 0.5674289 0.438309 0.2811306 0.24600172 0.17702219 0.45165634 0.34184545 0.18946697 0.45118994 0.22622317 0.24056515 0.26026198 0.12965703 0.15595491 0.20149033 0.2192497 0.34443662 0.22981389 0.30292243 0.30963245 0.20549619 0.32503226 0.14723675 0.113140546 0.3223718 0.48381898 0.2373055 0.22635536 0.32233644 0.10053313 0.2675846 0.3492821 0.20669386 0.11241386 0.44304016 0.22596727 0.31300485 0.47877514 0.4436872 0.21641217 0.114512466 0.18721959 0.43017277 0.17788424 0.3053878 0.2731459 0.32794863 0.3829987 0.23679052 0.080408484 0.430934 0.77078116,0.24519254 0.15551396 0.13831931 0.38900873 0.07969884 0.38724145 0.1124747 0.29468513 0.44445872 0.375243 0.1069468 0.5358035 0.5673596 0.43825552 0.2810963 0.2459717 0.17700058 0.45160124 0.34180373 0.18944386 0.4511349 0.22619556 0.2405358 0.2602302 0.1296412 0.15593587 0.20146574 0.21922295 0.34439456 0.22978584 0.30288544 0.30959466 0.20547111 0.3249926 0.14721878 0.11312674 0.32233247 0.48375994 0.23727655 0.22632773 0.3222971 0.100520864 0.26755193 0.34923944 0.20666863 0.11240014 0.4429861 0.2259397 0.31296664 0.47871673 0.44363305 0.21638575 0.114498496 0.18719673 0.4301203 0.17786252 0.30535054 0.2731126 0.3279086 0.38295195 0.23676161 0.08039867 0.43088144 0.7706871,,
348,3x3x64x64,0.24522248 0.15553294 0.1383362 0.3890562 0.07970856 0.38728872 0.112488426 0.2947211 0.444513 0.3752888 0.10695986 0.5358689 0.5674289 0.438309 0.2811306 0.24600172 0.17702219 0.45165634 0.34184545 0.18946697 0.45118994 0.22622317 0.24056515 0.26026198 0.12965703 0.15595491 0.20149033 0.2192497 0.34443662 0.22981389 0.30292243 0.30963245 0.20549619 0.32503226 0.14723675 0.113140546 0.3223718 0.48381898 0.2373055 0.22635536 0.32233644 0.10053313 0.2675846 0.3492821 0.20669386 0.11241386 0.44304016 0.22596727 0.31300485 0.47877514 0.4436872 0.21641217 0.114512466 0.18721959 0.43017277 0.17788424 0.3053878 0.2731459 0.32794863 0.3829987 0.23679052 0.080408484 0.430934 0.77078116,0.24519254 0.15551396 0.13831931 0.38900873 0.07969884 0.38724145 0.1124747 0.29468513 0.44445872 0.375243 0.1069468 0.5358035 0.5673596 0.43825552 0.2810963 0.2459717 0.17700058 0.45160124 0.34180373 0.18944386 0.4511349 0.22619556 0.2405358 0.2602302 0.1296412 0.15593587 0.20146574 0.21922295 0.34439456 0.22978584 0.30288544 0.30959466 0.20547111 0.3249926 0.14721878 0.11312674 0.32233247 0.48375994 0.23727655 0.22632773 0.3222971 0.100520864 0.26755193 0.34923944 0.20666863 0.11240014 0.4429861 0.2259397 0.31296664 0.47871673 0.44363305 0.21638575 0.114498496 0.18719673 0.4301203 0.17786252 0.30535054 0.2731126 0.3279086 0.38295195 0.23676161 0.08039867 0.43088144 0.7706871,,
352,3x3x64x64,0.24522248 0.15553294 0.1383362 0.3890562 0.07970856 0.38728872 0.112488426 0.2947211 0.444513 0.3752888 0.10695986 0.5358689 0.5674289 0.438309 0.2811306 0.24600172 0.17702219 0.45165634 0.34184545 0.18946697 0.45118994 0.22622317 0.24056515 0.26026198 0.12965703 0.15595491 0.20149033 0.2192497 0.34443662 0.22981389 0.30292243 0.30963245 0.20549619 0.32503226 0.14723675 0.113140546 0.3223718 0.48381898 0.2373055 0.22635536 0.32233644 0.10053313 0.2675846 0.3492821 0.20669386 0.11241386 0.44304016 0.22596727 0.31300485 0.47877514 0.4436872 0.21641217 0.114512466 0.18721959 0.43017277 0.17788424 0.3053878 0.2731459 0.32794863 0.3829987 0.23679052 0.080408484 0.430934 0.77078116,0.24519254 0.15551396 0.13831931 0.38900873 0.07969884 0.38724145 0.1124747 0.29468513 0.44445872 0.375243 0.1069468 0.5358035 0.5673596 0.43825552 0.2810963 0.2459717 0.17700058 0.45160124 0.34180373 0.18944386 0.4511349 0.22619556 0.2405358 0.2602302 0.1296412 0.15593587 0.20146574 0.21922295 0.34439456 0.22978584 0.30288544 0.30959466 0.20547111 0.3249926 0.14721878 0.11312674 0.32233247 0.48375994 0.23727655 0.22632773 0.3222971 0.100520864 0.26755193 0.34923944 0.20666863 0.11240014 0.4429861 0.2259397 0.31296664 0.47871673 0.44363305 0.21638575 0.114498496 0.18719673 0.4301203 0.17786252 0.30535054 0.2731126 0.3279086 0.38295195 0.23676161 0.08039867 0.43088144 0.7706871,,
356,3x3x64x64,0.24522248 0.15553294 0.1383362 0.3890562 0.07970856 0.38728872 0.112488426 0.2947211 0.444513 0.3752888 0.10695986 0.5358689 0.5674289 0.438309 0.2811306 0.24600172 0.17702219 0.45165634 0.34184545 0.18946697 0.45118994 0.22622317 0.24056515 0.26026198 0.12965703 0.15595491 0.20149033 0.2192497 0.34443662 0.22981389 0.30292243 0.30963245 0.20549619 0.32503226 0.14723675 0.113140546 0.3223718 0.48381898 0.2373055 0.22635536 0.32233644 0.10053313 0.2675846 0.3492821 0.20669386 0.11241386 0.44304016 0.22596727 0.31300485 0.47877514 0.4436872 0.21641217 0.114512466 0.18721959 0.43017277 0.17788424 0.3053878 0.2731459 0.32794863 0.3829987 0.23679052 0.080408484 0.430934 0.77078116,0.24519254 0.15551396 0.13831931 0.38900873 0.07969884 0.38724145 0.1124747 0.29468513 0.44445872 0.375243 0.1069468 0.5358035 0.5673596 0.43825552 0.2810963 0.2459717 0.17700058 0.45160124 0.34180373 0.18944386 0.4511349 0.22619556 0.2405358 0.2602302 0.1296412 0.15593587 0.20146574 0.21922295 0.34439456 0.22978584 0.30288544 0.30959466 0.20547111 0.3249926 0.14721878 0.11312674 0.32233247 0.48375994 0.23727655 0.22632773 0.3222971 0.100520864 0.26755193 0.34923944 0.20666863 0.11240014 0.4429861 0.2259397 0.31296664 0.47871673 0.44363305 0.21638575 0.114498496 0.18719673 0.4301203 0.17786252 0.30535054 0.2731126 0.3279086 0.38295195 0.23676161 0.08039867 0.43088144 0.7706871,,
360,3x3x64x64,0.24522248 0.15553294 0.1383362 0.3890562 0.07970856 0.38728872 0.112488426 0.2947211 0.444513 0.3752888 0.10695986 0.5358689 0.5674289 0.438309 0.2811306 0.24600172 0.17702219 0.45165634 0.34184545 0.18946697 0.45118994 0.22622317 0.24056515 0.26026198 0.12965703 0.15595491 0.20149033 0.2192497 0.34443662 0.22981389 0.30292243 0.30963245 0.20549619 0.32503226 0.14723675 0.113140546 0.3223718 0.48381898 0.2373055 0.22635536 0.32233644 0.10053313 0.2675846 0.3492821 0.20669386 0.11241386 0.44304016 0.22596727 0.31300485 0.47877514 0.4436872 0.21641217 0.114512466 0.18721959 0.43017277 0.17788424 0.3053878 0.2731459 0.32794863 0.3829987 0.23679052 0.080408484 0.430934 0.77078116,0.24519254 0.15551396 0.13831931 0.38900873 0.07969884 0.38724145 0.1124747 0.29468513 0.44445872 0.375243 0.1069468 0.5358035 0.5673596 0.43825552 0.2810963 0.2459717 0.17700058 0.45160124 0.34180373 0.18944386 0.4511349 0.22619556 0.2405358 0.2602302 0.1296412 0.15593587 0.20146574 0.21922295 0.34439456 0.22978584 0.30288544 0.30959466 0.20547111 0.3249926 0.14721878 0.11312674 0.32233247 0.48375994 0.23727655 0.22632773 0.3222971 0.100520864 0.26755193 0.34923944 0.20666863 0.11240014 0.4429861 0.2259397 0.31296664 0.47871673 0.44363305 0.21638575 0.114498496 0.18719673 0.4301203 0.17786252 0.30535054 0.2731126 0.3279086 0.38295195 0.23676161 0.08039867 0.43088144 0.7706871,,
364,3x3x64x64,0.24522248 0.15553294 0.1383362 0.3890562 0.07970856 0.38728872 0.112488426 0.2947211 0.444513 0.3752888 0.10695986 0.5358689 0.5674289 0.438309 0.2811306 0.24600172 0.17702219 0.45165634 0.34184545 0.18946697 0.45118994 0.22622317 0.24056515 0.26026198 0.12965703 0.15595491 0.20149033 0.2192497 0.34443662 0.22981389 0.30292243 0.30963245 0.20549619 0.32503226 0.14723675 0.113140546 0.3223718 0.48381898 0.2373055 0.22635536 0.32233644 0.10053313 0.2675846 0.3492821 0.20669386 0.11241386 0.44304016 0.22596727 0.31300485 0.47877514 0.4436872 0.21641217 0.114512466 0.18721959 0.43017277 0.17788424 0.3053878 0.2731459 0.32794863 0.3829987 0.23679052 0.080408484 0.430934 0.77078116,0.24519254 0.15551396 0.13831931 0.38900873 0.07969884 0.38724145 0.1124747 0.29468513 0.44445872 0.375243 0.1069468 0.5358035 0.5673596 0.43825552 0.2810963 0.2459717 0.17700058 0.45160124 0.34180373 0.18944386 0.4511349 0.22619556 0.2405358 0.2602302 0.1296412 0.15593587 0.20146574 0.21922295 0.34439456 0.22978584 0.30288544 0.30959466 0.20547111 0.3249926 0.14721878 0.11312674 0.32233247 0.48375994 0.23727655 0.22632773 0.3222971 0.100520864 0.26755193 0.34923944 0.20666863 0.11240014 0.4429861 0.2259397 0.31296664 0.47871673 0.44363305 0.21638575 0.114498496 0.18719673 0.4301203 0.17786252 0.30535054 0.2731126 0.3279086 0.38295195 0.23676161 0.08039867 0.43088144 0.7706871,,
382,3x3x64x64,0.10461885 0.25357738 0.11358678 0.09378288 0.18975651 0.15495476 0.08741035 0.2799574 0.19702435 0.2220403 0.08515968 0.07413302 0.15863873 0.2280121 0.14475742 0.17037962 0.26628444 0.119160816 0.06641571 0.17187116 0.09847173 0.08573676 0.09492394 0.1290331 0.18735202 0.14633988 0.11526358 0.06850307 0.08801883 0.14257132 0.07877482 0.16622745 0.15866055 0.1847136 0.1058457 0.10766844 0.12384472 0.12890029 0.115593135 0.092162296 0.125852 0.12007268 0.07144644 0.12897368 0.09598893 0.10906496 0.1186801 0.21502675 0.135102 0.17119394 0.24031246 0.14073744 0.11574806 0.12930912 0.1322436 0.23361015 0.13051279 0.16539207 0.09553123 0.16050476 0.13068709 0.07347 0.17574883 0.12331936,0.104606085 0.25354642 0.113572925 0.093771435 0.18973336 0.15493585 0.087399684 0.27992323 0.19700031 0.2220132 0.08514929 0.07412397 0.15861936 0.22798426 0.14473976 0.17035882 0.26625192 0.11914627 0.066407606 0.17185019 0.09845971 0.08572629 0.09491236 0.12901735 0.18732914 0.14632203 0.115249515 0.06849471 0.08800809 0.14255393 0.0787652 0.16620715 0.15864117 0.18469106 0.10583278 0.1076553 0.12382961 0.12888457 0.115579024 0.09215105 0.12583666 0.12005802 0.07143772 0.12895793 0.09597721 0.109051645 0.11866561 0.21500051 0.13508551 0.17117305 0.24028313 0.14072028 0.11573394 0.12929334 0.13222747 0.23358163 0.13049686 0.1653719 0.09551957 0.16048518 0.13067113 0.073461026 0.17572737 0.12330431,,
386,3x3x64x64,0.10461885 0.25357738 0.11358678 0.09378288 0.18975651 0.15495476 0.08741035 0.2799574 0.19702435 0.2220403 0.08515968 0.07413302 0.15863873 0.2280121 0.14475742 0.17037962 0.26628444 0.119160816 0.06641571 0.17187116 0.09847173 0.08573676 0.09492394 0.1290331 0.18735202 0.14633988 0.11526358 0.06850307 0.08801883 0.14257132 0.07877482 0.16622745 0.15866055 0.1847136 0.1058457 0.10766844 0.12384472 0.12890029 0.115593135 0.092162296 0.125852 0.12007268 0.07144644 0.12897368 0.09598893 0.10906496 0.1186801 0.21502675 0.135102 0.17119394 0.24031246 0.14073744 0.11574806 0.12930912 0.1322436 0.23361015 0.13051279 0.16539207 0.09553123 0.16050476 0.13068709 0.07347 0.17574883 0.12331936,0.104606085 0.25354642 0.113572925 0.093771435 0.18973336 0.15493585 0.087399684 0.27992323 0.19700031 0.2220132 0.08514929 0.07412397 0.15861936 0.22798426 0.14473976 0.17035882 0.26625192 0.11914627 0.066407606 0.17185019 0.09845971 0.08572629 0.09491236 0.12901735 0.18732914 0.14632203 0.115249515 0.06849471 0.08800809 0.14255393 0.0787652 0.16620715 0.15864117 0.18469106 0.10583278 0.1076553 0.12382961 0.12888457 0.115579024 0.09215105 0.12583666 0.12005802 0.07143772 0.12895793 0.09597721 0.109051645 0.11866561 0.21500051 0.13508551 0.17117305 0.24028313 0.14072028 0.11573394 0.12929334 0.13222747 0.23358163 0.13049686 0.1653719 0.09551957 0.16048518 0.13067113 0.073461026 0.17572737 0.12330431,,
390,3x3x64x64,0.10461885 0.25357738 0.11358678 0.09378288 0.18975651 0.15495476 0.08741035 0.2799574 0.19702435 0.2220403 0.08515968 0.07413302 0.15863873 0.2280121 0.14475742 0.17037962 0.26628444 0.119160816 0.06641571 0.17187116 0.09847173 0.08573676 0.09492394 0.1290331 0.18735202 0.14633988 0.11526358 0.06850307 0.08801883 0.14257132 0.07877482 0.16622745 0.15866055 0.1847136 0.1058457 0.10766844 0.12384472 0.12890029 0.115593135 0.092162296 0.125852 0.12007268 0.07144644 0.12897368 0.09598893 0.10906496 0.1186801 0.21502675 0.135102 0.17119394 0.24031246 0.14073744 0.11574806 0.12930912 0.1322436 0.23361015 0.13051279 0.16539207 0.09553123 0.16050476 0.13068709 0.07347 0.17574883 0.12331936,0.104606085 0.25354642 0.113572925 0.093771435 0.18973336 0.15493585 0.087399684 0.27992323 0.19700031 0.2220132 0.08514929 0.07412397 0.15861936 0.22798426 0.14473976 0.17035882 0.26625192 0.11914627 0.066407606 0.17185019 0.09845971 0.08572629 0.09491236 0.12901735 0.18732914 0.14632203 0.115249515 0.06849471 0.08800809 0.14255393 0.0787652 0.16620715 0.15864117 0.18469106 0.10583278 0.1076553 0.12382961 0.12888457 0.115579024 0.09215105 0.12583666 0.12005802 0.07143772 0.12895793 0.09597721 0.109051645 0.11866561 0.21500051 0.13508551 0.17117305 0.24028313 0.14072028 0.11573394 0.12929334 0.13222747 0.23358163 0.13049686 0.1653719 0.09551957 0.16048518 0.13067113 0.073461026 0.17572737 0.12330431,,
394,3x3x64x64,0.10461885 0.25357738 0.11358678 0.09378288 0.18975651 0.15495476 0.08741035 0.2799574 0.19702435 0.2220403 0.08515968 0.07413302 0.15863873 0.2280121 0.14475742 0.17037962 0.26628444 0.119160816 0.06641571 0.17187116 0.09847173 0.08573676 0.09492394 0.1290331 0.18735202 0.14633988 0.11526358 0.06850307 0.08801883 0.14257132 0.07877482 0.16622745 0.15866055 0.1847136 0.1058457 0.10766844 0.12384472 0.12890029 0.115593135 0.092162296 0.125852 0.12007268 0.07144644 0.12897368 0.09598893 0.10906496 0.1186801 0.21502675 0.135102 0.17119394 0.24031246 0.14073744 0.11574806 0.12930912 0.1322436 0.23361015 0.13051279 0.16539207 0.09553123 0.16050476 0.13068709 0.07347 0.17574883 0.12331936,0.104606085 0.25354642 0.113572925 0.093771435 0.18973336 0.15493585 0.087399684 0.27992323 0.19700031 0.2220132 0.08514929 0.07412397 0.15861936 0.22798426 0.14473976 0.17035882 0.26625192 0.11914627 0.066407606 0.17185019 0.09845971 0.08572629 0.09491236 0.12901735 0.18732914 0.14632203 0.115249515 0.06849471 0.08800809 0.14255393 0.0787652 0.16620715 0.15864117 0.18469106 0.10583278 0.1076553 0.12382961 0.12888457 0.115579024 0.09215105 0.12583666 0.12005802 0.07143772 0.12895793 0.09597721 0.109051645 0.11866561 0.21500051 0.13508551 0.17117305 0.24028313 0.14072028 0.11573394 0.12929334 0.13222747 0.23358163 0.13049686 0.1653719 0.09551957 0.16048518 0.13067113 0.073461026 0.17572737 0.12330431,,
398,3x3x64x64,0.10461885 0.25357738 0.11358678 0.09378288 0.18975651 0.15495476 0.08741035 0.2799574 0.19702435 0.2220403 0.08515968 0.07413302 0.15863873 0.2280121 0.14475742 0.17037962 0.26628444 0.119160816 0.06641571 0.17187116 0.09847173 0.08573676 0.09492394 0.1290331 0.18735202 0.14633988 0.11526358 0.06850307 0.08801883 0.14257132 0.07877482 0.16622745 0.15866055 0.1847136 0.1058457 0.10766844 0.12384472 0.12890029 0.115593135 0.092162296 0.125852 0.12007268 0.07144644 0.12897368 0.09598893 0.10906496 0.1186801 0.21502675 0.135102 0.17119394 0.24031246 0.14073744 0.11574806 0.12930912 0.1322436 0.23361015 0.13051279 0.16539207 0.09553123 0.16050476 0.13068709 0.07347 0.17574883 0.12331936,0.104606085 0.25354642 0.113572925 0.093771435 0.18973336 0.15493585 0.087399684 0.27992323 0.19700031 0.2220132 0.08514929 0.07412397 0.15861936 0.22798426 0.14473976 0.17035882 0.26625192 0.11914627 0.066407606 0.17185019 0.09845971 0.08572629 0.09491236 0.12901735 0.18732914 0.14632203 0.115249515 0.06849471 0.08800809 0.14255393 0.0787652 0.16620715 0.15864117 0.18469106 0.10583278 0.1076553 0.12382961 0.12888457 0.115579024 0.09215105 0.12583666 0.12005802 0.07143772 0.12895793 0.09597721 0.109051645 0.11866561 0.21500051 0.13508551 0.17117305 0.24028313 0.14072028 0.11573394 0.12929334 0.13222747 0.23358163 0.13049686 0.1653719 0.09551957 0.16048518 0.13067113 0.073461026 0.17572737 0.12330431,,
402,3x3x64x64,0.10461885 0.25357738 0.11358678 0.09378288 0.18975651 0.15495476 0.08741035 0.2799574 0.19702435 0.2220403 0.08515968 0.07413302 0.15863873 0.2280121 0.14475742 0.17037962 0.26628444 0.119160816 0.06641571 0.17187116 0.09847173 0.08573676 0.09492394 0.1290331 0.18735202 0.14633988 0.11526358 0.06850307 0.08801883 0.14257132 0.07877482 0.16622745 0.15866055 0.1847136 0.1058457 0.10766844 0.12384472 0.12890029 0.115593135 0.092162296 0.125852 0.12007268 0.07144644 0.12897368 0.09598893 0.10906496 0.1186801 0.21502675 0.135102 0.17119394 0.24031246 0.14073744 0.11574806 0.12930912 0.1322436 0.23361015 0.13051279 0.16539207 0.09553123 0.16050476 0.13068709 0.07347 0.17574883 0.12331936,0.104606085 0.25354642 0.113572925 0.093771435 0.18973336 0.15493585 0.087399684 0.27992323 0.19700031 0.2220132 0.08514929 0.07412397 0.15861936 0.22798426 0.14473976 0.17035882 0.26625192 0.11914627 0.066407606 0.17185019 0.09845971 0.08572629 0.09491236 0.12901735 0.18732914 0.14632203 0.115249515 0.06849471 0.08800809 0.14255393 0.0787652 0.16620715 0.15864117 0.18469106 0.10583278 0.1076553 0.12382961 0.12888457 0.115579024 0.09215105 0.12583666 0.12005802 0.07143772 0.12895793 0.09597721 0.109051645 0.11866561 0.21500051 0.13508551 0.17117305 0.24028313 0.14072028 0.11573394 0.12929334 0.13222747 0.23358163 0.13049686 0.1653719 0.09551957 0.16048518 0.13067113 0.073461026 0.17572737 0.12330431,,
420,3x3x64x64,0.23346446 0.55076617 0.28922477 0.45093787 0.10911301 0.7260783 0.37624285 0.7463598 0.5820926 0.39764744 0.1507296 0.5132443 0.8894179 0.2963573 0.2509523 0.37609902 0.41239154 0.6697599 0.5975851 0.19522326 0.52637345 0.2179784 0.428587 0.32390666 0.18541472 0.07816865 0.17441772 0.18899378 0.6326736 0.2938102 0.3692128 0.33885834 0.66131866 0.29438654 0.2102186 0.15732698 0.5958121 0.3474778 0.6403958 0.36105374 0.7227836 0.120053686 0.2868341 0.31693602 0.24588051 0.20648661 0.3592775 0.1903925 0.46299702 1.0473909 0.4446943 0.20139268 0.93529695 0.112037905 0.4465242 0.17915042 0.23300804 0.14155287 0.39924005 0.34828293 0.14894424 0.056456596 0.42105058 0.4683707,0.23343597 0.550699 0.28918946 0.45088285 0.109099686 0.7259897 0.37619695 0.74626875 0.58202153 0.3975989 0.1507112 0.5131816 0.88930935 0.29632115 0.2509217 0.37605312 0.41234124 0.66967815 0.5975122 0.19519943 0.52630925 0.2179518 0.4285347 0.3238671 0.1853921 0.07815911 0.17439643 0.18897071 0.6325964 0.29377434 0.36916775 0.338817 0.66123796 0.29435062 0.21019295 0.15730779 0.59573936 0.34743538 0.6403177 0.3610097 0.7226954 0.12003903 0.2867991 0.31689733 0.2458505 0.20646141 0.35923365 0.19036925 0.4629405 1.047263 0.44464004 0.2013681 0.9351828 0.11202423 0.44646972 0.17912856 0.2329796 0.14153558 0.39919132 0.34824044 0.14892606 0.056449708 0.4209992 0.46831354,,
424,3x3x64x64,0.23346446 0.55076617 0.28922477 0.45093787 0.10911301 0.7260783 0.37624285 0.7463598 0.5820926 0.39764744 0.1507296 0.5132443 0.8894179 0.2963573 0.2509523 0.37609902 0.41239154 0.6697599 0.5975851 0.19522326 0.52637345 0.2179784 0.428587 0.32390666 0.18541472 0.07816865 0.17441772 0.18899378 0.6326736 0.2938102 0.3692128 0.33885834 0.66131866 0.29438654 0.2102186 0.15732698 0.5958121 0.3474778 0.6403958 0.36105374 0.7227836 0.120053686 0.2868341 0.31693602 0.24588051 0.20648661 0.3592775 0.1903925 0.46299702 1.0473909 0.4446943 0.20139268 0.93529695 0.112037905 0.4465242 0.17915042 0.23300804 0.14155287 0.39924005 0.34828293 0.14894424 0.056456596 0.42105058 0.4683707,0.23343597 0.550699 0.28918946 0.45088285 0.109099686 0.7259897 0.37619695 0.74626875 0.58202153 0.3975989 0.1507112 0.5131816 0.88930935 0.29632115 0.2509217 0.37605312 0.41234124 0.66967815 0.5975122 0.19519943 0.52630925 0.2179518 0.4285347 0.3238671 0.1853921 0.07815911 0.17439643 0.18897071 0.6325964 0.29377434 0.36916775 0.338817 0.66123796 0.29435062 0.21019295 0.15730779 0.59573936 0.34743538 0.6403177 0.3610097 0.7226954 0.12003903 0.2867991 0.31689733 0.2458505 0.20646141 0.35923365 0.19036925 0.4629405 1.047263 0.44464004 0.2013681 0.9351828 0.11202423 0.44646972 0.17912856 0.2329796 0.14153558 0.39919132 0.34824044 0.14892606 0.056449708 0.4209992 0.46831354,,
428,3x3x64x64,0.23346446 0.55076617 0.28922477 0.45093787 0.10911301 0.7260783 0.37624285 0.7463598 0.5820926 0.39764744 0.1507296 0.5132443 0.8894179 0.2963573 0.2509523 0.37609902 0.41239154 0.6697599 0.5975851 0.19522326 0.52637345 0.2179784 0.428587 0.32390666 0.18541472 0.07816865 0.17441772 0.18899378 0.6326736 0.2938102 0.3692128 0.33885834 0.66131866 0.29438654 0.2102186 0.15732698 0.5958121 0.3474778 0.6403958 0.36105374 0.7227836 0.120053686 0.2868341 0.31693602 0.24588051 0.20648661 0.3592775 0.1903925 0.46299702 1.0473909 0.4446943 0.20139268 0.93529695 0.112037905 0.4465242 0.17915042 0.23300804 0.14155287 0.39924005 0.34828293 0.14894424 0.056456596 0.42105058 0.4683707,0.23343597 0.550699 0.28918946 0.45088285 0.109099686 0.7259897 0.37619695 0.74626875 0.58202153 0.3975989 0.1507112 0.5131816 0.88930935 0.29632115 0.2509217 0.37605312 0.41234124 0.66967815 0.5975122 0.19519943 0.52630925 0.2179518 0.4285347 0.3238671 0.1853921 0.07815911 0.17439643 0.18897071 0.6325964 0.29377434 0.36916775 0.338817 0.66123796 0.29435062 0.21019295 0.15730779 0.59573936 0.34743538 0.6403177 0.3610097 0.7226954 0.12003903 0.2867991 0.31689733 0.2458505 0.20646141 0.35923365 0.19036925 0.4629405 1.047263 0.44464004 0.2013681 0.9351828 0.11202423 0.44646972 0.17912856 0.2329796 0.14153558 0.39919132 0.34824044 0.14892606 0.056449708 0.4209992 0.46831354,,
432,3x3x64x64,0.23346446 0.55076617 0.28922477 0.45093787 0.10911301 0.7260783 0.37624285 0.7463598 0.5820926 0.39764744 0.1507296 0.5132443 0.8894179 0.2963573 0.2509523 0.37609902 0.41239154 0.6697599 0.5975851 0.19522326 0.52637345 0.2179784 0.428587 0.32390666 0.18541472 0.07816865 0.17441772 0.18899378 0.6326736 0.2938102 0.3692128 0.33885834 0.66131866 0.29438654 0.2102186 0.15732698 0.5958121 0.3474778 0.6403958 0.36105374 0.7227836 0.120053686 0.2868341 0.31693602 0.24588051 0.20648661 0.3592775 0.1903925 0.46299702 1.0473909 0.4446943 0.20139268 0.93529695 0.112037905 0.4465242 0.17915042 0.23300804 0.14155287 0.39924005 0.34828293 0.14894424 0.056456596 0.42105058 0.4683707,0.23343597 0.550699 0.28918946 0.45088285 0.109099686 0.7259897 0.37619695 0.74626875 0.58202153 0.3975989 0.1507112 0.5131816 0.88930935 0.29632115 0.2509217 0.37605312 0.41234124 0.66967815 0.5975122 0.19519943 0.52630925 0.2179518 0.4285347 0.3238671 0.1853921 0.07815911 0.17439643 0.18897071 0.6325964 0.29377434 0.36916775 0.338817 0.66123796 0.29435062 0.21019295 0.15730779 0.59573936 0.34743538 0.6403177 0.3610097 0.7226954 0.12003903 0.2867991 0.31689733 0.2458505 0.20646141 0.35923365 0.19036925 0.4629405 1.047263 0.44464004 0.2013681 0.9351828 0.11202423 0.44646972 0.17912856 0.2329796 0.14153558 0.39919132 0.34824044 0.14892606 0.056449708 0.4209992 0.46831354,,
436,3x3x64x64,0.23346446 0.55076617 0.28922477 0.45093787 0.10911301 0.7260783 0.37624285 0.7463598 0.5820926 0.39764744 0.1507296 0.5132443 0.8894179 0.2963573 0.2509523 0.37609902 0.41239154 0.6697599 0.5975851 0.19522326 0.52637345 0.2179784 0.428587 0.32390666 0.18541472 0.07816865 0.17441772 0.18899378 0.6326736 0.2938102 0.3692128 0.33885834 0.66131866 0.29438654 0.2102186 0.15732698 0.5958121 0.3474778 0.6403958 0.36105374 0.7227836 0.120053686 0.2868341 0.31693602 0.24588051 0.20648661 0.3592775 0.1903925 0.46299702 1.0473909 0.4446943 0.20139268 0.93529695 0.112037905 0.4465242 0.17915042 0.23300804 0.14155287 0.39924005 0.34828293 0.14894424 0.056456596 0.42105058 0.4683707,0.23343597 0.550699 0.28918946 0.45088285 0.109099686 0.7259897 0.37619695 0.74626875 0.58202153 0.3975989 0.1507112 0.5131816 0.88930935 0.29632115 0.2509217 0.37605312 0.41234124 0.66967815 0.5975122 0.19519943 0.52630925 0.2179518 0.4285347 0.3238671 0.1853921 0.07815911 0.17439643 0.18897071 0.6325964 0.29377434 0.36916775 0.338817 0.66123796 0.29435062 0.21019295 0.15730779 0.59573936 0.34743538 0.6403177 0.3610097 0.7226954 0.12003903 0.2867991 0.31689733 0.2458505 0.20646141 0.35923365 0.19036925 0.4629405 1.047263 0.44464004 0.2013681 0.9351828 0.11202423 0.44646972 0.17912856 0.2329796 0.14153558 0.39919132 0.34824044 0.14892606 0.056449708 0.4209992 0.46831354,,
440,3x3x64x64,0.23346446 0.55076617 0.28922477 0.45093787 0.10911301 0.7260783 0.37624285 0.7463598 0.5820926 0.39764744 0.1507296 0.5132443 0.8894179 0.2963573 0.2509523 0.37609902 0.41239154 0.6697599 0.5975851 0.19522326 0.52637345 0.2179784 0.428587 0.32390666 0.18541472 0.07816865 0.17441772 0.18899378 0.6326736 0.2938102 0.3692128 0.33885834 0.66131866 0.29438654 0.2102186 0.15732698 0.5958121 0.3474778 0.6403958 0.36105374 0.7227836 0.120053686 0.2868341 0.31693602 0.24588051 0.20648661 0.3592775 0.1903925 0.46299702 1.0473909 0.4446943 0.20139268 0.93529695 0.112037905 0.4465242 0.17915042 0.23300804 0.14155287 0.39924005 0.34828293 0.14894424 0.056456596 0.42105058 0.4683707,0.23343597 0.550699 0.28918946 0.45088285 0.109099686 0.7259897 0.37619695 0.74626875 0.58202153 0.3975989 0.1507112 0.5131816 0.88930935 0.29632115 0.2509217 0.37605312 0.41234124 0.66967815 0.5975122 0.19519943 0.52630925 0.2179518 0.4285347 0.3238671 0.1853921 0.07815911 0.17439643 0.18897071 0.6325964 0.29377434 0.36916775 0.338817 0.66123796 0.29435062 0.21019295 0.15730779 0.59573936 0.34743538 0.6403177 0.3610097 0.7226954 0.12003903 0.2867991 0.31689733 0.2458505 0.20646141 0.35923365 0.19036925 0.4629405 1.047263 0.44464004 0.2013681 0.9351828 0.11202423 0.44646972 0.17912856 0.2329796 0.14153558 0.39919132 0.34824044 0.14892606 0.056449708 0.4209992 0.46831354,,
458,3x3x64x128,0.104516156 0.09906597 0.077061914 0.14857022 0.13234185 0.1727579 0.094642155 0.13889594 0.1149883 0.097539246 0.14925514 0.114192225 0.123888515 0.06702122 0.1208563 0.11991915 0.113275014 0.089075305 0.1580548 0.16686134 0.13613501 0.14481914 0.1647028 0.20349993 0.2187123 0.124681205 0.23413853 0.09437001 0.22657654 0.10301226 0.080940954 0.14813828 0.07425847 0.10335007 0.14778976 0.1673231 0.10854839 0.165349 0.11947498 0.16111875 0.15543795 0.1607523 0.29288113 0.14809221 0.10710415 0.104967356 0.071882226 0.14410578 0.10323208 0.17862731 0.13375105 0.123289265 0.21593915 0.1244633 0.09665267 0.14925581 0.12969124 0.115627974 0.09055502 0.23661105 0.093375064 0.14584535 0.07142226 0.16824594 0.09203356 0.13030477 0.12288388 0.08985171 0.10337031 0.20007159 0.1773647 0.06564724 0.14437559 0.10803485 0.15104684 0.17386702 0.21224228 0.12403279 0.10599591 0.087307185 0.15665096 0.11262964 0.14905389 0.11098343 0.14484963 0.13559732 0.09500421 0.086051226 0.09073322 0.12496189 0.1281557 0.07110164 0.112526484 0.19030572 0.09738667 0.121252865 0.17574692 0.10079271 0.12794697 0.16897468 0.15251297 0.11064852 0.11412454 0.09903544 0.08434497 0.099806026 0.15607621 0.16861995 0.160202 0.10356653 0.19802883 0.13173741 0.14775425 0.12828295 0.070306666 0.23588935 0.10438779 0.10797733 0.15343843 0.16340892 0.10872423 0.20043531 0.13452567 0.15763298 0.19975147 0.10416531 0.12936124 0.20615928,0.1045034 0.09905388 0.077052504 0.14855209 0.1323257 0.17273681 0.09463061 0.138879 0.11497427 0.09752735 0.14923692 0.114178285 0.12387339 0.06701304 0.120841555 0.11990451 0.113261186 0.089064434 0.1580355 0.16684099 0.1361184 0.14480147 0.1646827 0.2034751 0.2186856 0.12466598 0.23410997 0.09435849 0.2265489 0.10299968 0.080931075 0.1481202 0.0742494 0.10333746 0.14777172 0.16730267 0.10853514 0.16532883 0.1194604 0.16109909 0.15541898 0.16073269 0.29284537 0.14807414 0.10709108 0.10495454 0.07187345 0.1440882 0.10321948 0.17860551 0.13373472 0.123274215 0.2159128 0.12444811 0.09664088 0.14923759 0.12967542 0.11561386 0.09054396 0.23658217 0.093363665 0.14582755 0.07141354 0.16822541 0.09202233 0.13028887 0.12286888 0.08984074 0.103357695 0.20004718 0.17734307 0.06563922 0.14435796 0.10802167 0.15102841 0.1738458 0.21221636 0.124017656 0.105982974 0.08729653 0.15663184 0.11261589 0.14903569 0.110969886 0.14483194 0.13558078 0.094992615 0.08604073 0.09072215 0.12494664 0.12814006 0.07109297 0.11251275 0.19028251 0.09737479 0.12123807 0.17572546 0.10078041 0.12793136 0.16895406 0.15249436 0.11063501 0.114110604 0.09902336 0.08433468 0.099793844 0.15605715 0.16859937 0.16018245 0.103553884 0.19800466 0.13172133 0.14773622 0.1282673 0.07029809 0.23586056 0.10437505 0.10796416 0.15341972 0.16338897 0.10871096 0.20041086 0.13450925 0.15761374 0.19972709 0.1041526 0.12934545 0.20613411,,
462,3x3x64x128,0.104516156 0.09906597 0.077061914 0.14857022 0.13234185 0.1727579 0.094642155 0.13889594 0.1149883 0.097539246 0.14925514 0.114192225 0.123888515 0.06702122 0.1208563 0.11991915 0.113275014 0.089075305 0.1580548 0.16686134 0.13613501 0.14481914 0.1647028 0.20349993 0.2187123 0.124681205 0.23413853 0.09437001 0.22657654 0.10301226 0.080940954 0.14813828 0.07425847 0.10335007 0.14778976 0.1673231 0.10854839 0.165349 0.11947498 0.16111875 0.15543795 0.1607523 0.29288113 0.14809221 0.10710415 0.104967356 0.071882226 0.14410578 0.10323208 0.17862731 0.13375105 0.123289265 0.21593915 0.1244633 0.09665267 0.14925581 0.12969124 0.115627974 0.09055502 0.23661105 0.093375064 0.14584535 0.07142226 0.16824594 0.09203356 0.13030477 0.12288388 0.08985171 0.10337031 0.20007159 0.1773647 0.06564724 0.14437559 0.10803485 0.15104684 0.17386702 0.21224228 0.12403279 0.10599591 0.087307185 0.15665096 0.11262964 0.14905389 0.11098343 0.14484963 0.13559732 0.09500421 0.086051226 0.09073322 0.12496189 0.1281557 0.07110164 0.112526484 0.19030572 0.09738667 0.121252865 0.17574692 0.10079271 0.12794697 0.16897468 0.15251297 0.11064852 0.11412454 0.09903544 0.08434497 0.099806026 0.15607621 0.16861995 0.160202 0.10356653 0.19802883 0.13173741 0.14775425 0.12828295 0.070306666 0.23588935 0.10438779 0.10797733 0.15343843 0.16340892 0.10872423 0.20043531 0.13452567 0.15763298 0.19975147 0.10416531 0.12936124 0.20615928,0.1045034 0.09905388 0.077052504 0.14855209 0.1323257 0.17273681 0.09463061 0.138879 0.11497427 0.09752735 0.14923692 0.114178285 0.12387339 0.06701304 0.120841555 0.11990451 0.113261186 0.089064434 0.1580355 0.16684099 0.1361184 0.14480147 0.1646827 0.2034751 0.2186856 0.12466598 0.23410997 0.09435849 0.2265489 0.10299968 0.080931075 0.1481202 0.0742494 0.10333746 0.14777172 0.16730267 0.10853514 0.16532883 0.1194604 0.16109909 0.15541898 0.16073269 0.29284537 0.14807414 0.10709108 0.10495454 0.07187345 0.1440882 0.10321948 0.17860551 0.13373472 0.123274215 0.2159128 0.12444811 0.09664088 0.14923759 0.12967542 0.11561386 0.09054396 0.23658217 0.093363665 0.14582755 0.07141354 0.16822541 0.09202233 0.13028887 0.12286888 0.08984074 0.103357695 0.20004718 0.17734307 0.06563922 0.14435796 0.10802167 0.15102841 0.1738458 0.21221636 0.124017656 0.105982974 0.08729653 0.15663184 0.11261589 0.14903569 0.110969886 0.14483194 0.13558078 0.094992615 0.08604073 0.09072215 0.12494664 0.12814006 0.07109297 0.11251275 0.19028251 0.09737479 0.12123807 0.17572546 0.10078041 0.12793136 0.16895406 0.15249436 0.11063501 0.114110604 0.09902336 0.08433468 0.099793844 0.15605715 0.16859937 0.16018245 0.103553884 0.19800466 0.13172133 0.14773622 0.1282673 0.07029809 0.23586056 0.10437505 0.10796416 0.15341972 0.16338897 0.10871096 0.20041086 0.13450925 0.15761374 0.19972709 0.1041526 0.12934545 0.20613411,,
466,3x3x64x128,0.104516156 0.09906597 0.077061914 0.14857022 0.13234185 0.1727579 0.094642155 0.13889594 0.1149883 0.097539246 0.14925514 0.114192225 0.123888515 0.06702122 0.1208563 0.11991915 0.113275014 0.089075305 0.1580548 0.16686134 0.13613501 0.14481914 0.1647028 0.20349993 0.2187123 0.124681205 0.23413853 0.09437001 0.22657654 0.10301226 0.080940954 0.14813828 0.07425847 0.10335007 0.14778976 0.1673231 0.10854839 0.165349 0.11947498 0.16111875 0.15543795 0.1607523 0.29288113 0.14809221 0.10710415 0.104967356 0.071882226 0.14410578 0.10323208 0.17862731 0.13375105 0.123289265 0.21593915 0.1244633 0.09665267 0.14925581 0.12969124 0.115627974 0.09055502 0.23661105 0.093375064 0.14584535 0.07142226 0.16824594 0.09203356 0.13030477 0.12288388 0.08985171 0.10337031 0.20007159 0.1773647 0.06564724 0.14437559 0.10803485 0.15104684 0.17386702 0.21224228 0.12403279 0.10599591 0.087307185 0.15665096 0.11262964 0.14905389 0.11098343 0.14484963 0.13559732 0.09500421 0.086051226 0.09073322 0.12496189 0.1281557 0.07110164 0.112526484 0.19030572 0.09738667 0.121252865 0.17574692 0.10079271 0.12794697 0.16897468 0.15251297 0.11064852 0.11412454 0.09903544 0.08434497 0.099806026 0.15607621 0.16861995 0.160202 0.10356653 0.19802883 0.13173741 0.14775425 0.12828295 0.070306666 0.23588935 0.10438779 0.10797733 0.15343843 0.16340892 0.10872423 0.20043531 0.13452567 0.15763298 0.19975147 0.10416531 0.12936124 0.20615928,0.1045034 0.09905388 0.077052504 0.14855209 0.1323257 0.17273681 0.09463061 0.138879 0.11497427 0.09752735 0.14923692 0.114178285 0.12387339 0.06701304 0.120841555 0.11990451 0.113261186 0.089064434 0.1580355 0.16684099 0.1361184 0.14480147 0.1646827 0.2034751 0.2186856 0.12466598 0.23410997 0.09435849 0.2265489 0.10299968 0.080931075 0.1481202 0.0742494 0.10333746 0.14777172 0.16730267 0.10853514 0.16532883 0.1194604 0.16109909 0.15541898 0.16073269 0.29284537 0.14807414 0.10709108 0.10495454 0.07187345 0.1440882 0.10321948 0.17860551 0.13373472 0.123274215 0.2159128 0.12444811 0.09664088 0.14923759 0.12967542 0.11561386 0.09054396 0.23658217 0.093363665 0.14582755 0.07141354 0.16822541 0.09202233 0.13028887 0.12286888 0.08984074 0.103357695 0.20004718 0.17734307 0.06563922 0.14435796 0.10802167 0.15102841 0.1738458 0.21221636 0.124017656 0.105982974 0.08729653 0.15663184 0.11261589 0.14903569 0.110969886 0.14483194 0.13558078 0.094992615 0.08604073 0.09072215 0.12494664 0.12814006 0.07109297 0.11251275 0.19028251 0.09737479 0.12123807 0.17572546 0.10078041 0.12793136 0.16895406 0.15249436 0.11063501 0.114110604 0.09902336 0.08433468 0.099793844 0.15605715 0.16859937 0.16018245 0.103553884 0.19800466 0.13172133 0.14773622 0.1282673 0.07029809 0.23586056 0.10437505 0.10796416 0.15341972 0.16338897 0.10871096 0.20041086 0.13450925 0.15761374 0.19972709 0.1041526 0.12934545 0.20613411,,
470,3x3x64x128,0.104516156 0.09906597 0.077061914 0.14857022 0.13234185 0.1727579 0.094642155 0.13889594 0.1149883 0.097539246 0.14925514 0.114192225 0.123888515 0.06702122 0.1208563 0.11991915 0.113275014 0.089075305 0.1580548 0.16686134 0.13613501 0.14481914 0.1647028 0.20349993 0.2187123 0.124681205 0.23413853 0.09437001 0.22657654 0.10301226 0.080940954 0.14813828 0.07425847 0.10335007 0.14778976 0.1673231 0.10854839 0.165349 0.11947498 0.16111875 0.15543795 0.1607523 0.29288113 0.14809221 0.10710415 0.104967356 0.071882226 0.14410578 0.10323208 0.17862731 0.13375105 0.123289265 0.21593915 0.1244633 0.09665267 0.14925581 0.12969124 0.115627974 0.09055502 0.23661105 0.093375064 0.14584535 0.07142226 0.16824594 0.09203356 0.13030477 0.12288388 0.08985171 0.10337031 0.20007159 0.1773647 0.06564724 0.14437559 0.10803485 0.15104684 0.17386702 0.21224228 0.12403279 0.10599591 0.087307185 0.15665096 0.11262964 0.14905389 0.11098343 0.14484963 0.13559732 0.09500421 0.086051226 0.09073322 0.12496189 0.1281557 0.07110164 0.112526484 0.19030572 0.09738667 0.121252865 0.17574692 0.10079271 0.12794697 0.16897468 0.15251297 0.11064852 0.11412454 0.09903544 0.08434497 0.099806026 0.15607621 0.16861995 0.160202 0.10356653 0.19802883 0.13173741 0.14775425 0.12828295 0.070306666 0.23588935 0.10438779 0.10797733 0.15343843 0.16340892 0.10872423 0.20043531 0.13452567 0.15763298 0.19975147 0.10416531 0.12936124 0.20615928,0.1045034 0.09905388 0.077052504 0.14855209 0.1323257 0.17273681 0.09463061 0.138879 0.11497427 0.09752735 0.14923692 0.114178285 0.12387339 0.06701304 0.120841555 0.11990451 0.113261186 0.089064434 0.1580355 0.16684099 0.1361184 0.14480147 0.1646827 0.2034751 0.2186856 0.12466598 0.23410997 0.09435849 0.2265489 0.10299968 0.080931075 0.1481202 0.0742494 0.10333746 0.14777172 0.16730267 0.10853514 0.16532883 0.1194604 0.16109909 0.15541898 0.16073269 0.29284537 0.14807414 0.10709108 0.10495454 0.07187345 0.1440882 0.10321948 0.17860551 0.13373472 0.123274215 0.2159128 0.12444811 0.09664088 0.14923759 0.12967542 0.11561386 0.09054396 0.23658217 0.093363665 0.14582755 0.07141354 0.16822541 0.09202233 0.13028887 0.12286888 0.08984074 0.103357695 0.20004718 0.17734307 0.06563922 0.14435796 0.10802167 0.15102841 0.1738458 0.21221636 0.124017656 0.105982974 0.08729653 0.15663184 0.11261589 0.14903569 0.110969886 0.14483194 0.13558078 0.094992615 0.08604073 0.09072215 0.12494664 0.12814006 0.07109297 0.11251275 0.19028251 0.09737479 0.12123807 0.17572546 0.10078041 0.12793136 0.16895406 0.15249436 0.11063501 0.114110604 0.09902336 0.08433468 0.099793844 0.15605715 0.16859937 0.16018245 0.103553884 0.19800466 0.13172133 0.14773622 0.1282673 0.07029809 0.23586056 0.10437505 0.10796416 0.15341972 0.16338897 0.10871096 0.20041086 0.13450925 0.15761374 0.19972709 0.1041526 0.12934545 0.20613411,,
474,3x3x64x128,0.104516156 0.09906597 0.077061914 0.14857022 0.13234185 0.1727579 0.094642155 0.13889594 0.1149883 0.097539246 0.14925514 0.114192225 0.123888515 0.06702122 0.1208563 0.11991915 0.113275014 0.089075305 0.1580548 0.16686134 0.13613501 0.14481914 0.1647028 0.20349993 0.2187123 0.124681205 0.23413853 0.09437001 0.22657654 0.10301226 0.080940954 0.14813828 0.07425847 0.10335007 0.14778976 0.1673231 0.10854839 0.165349 0.11947498 0.16111875 0.15543795 0.1607523 0.29288113 0.14809221 0.10710415 0.104967356 0.071882226 0.14410578 0.10323208 0.17862731 0.13375105 0.123289265 0.21593915 0.1244633 0.09665267 0.14925581 0.12969124 0.115627974 0.09055502 0.23661105 0.093375064 0.14584535 0.07142226 0.16824594 0.09203356 0.13030477 0.12288388 0.08985171 0.10337031 0.20007159 0.1773647 0.06564724 0.14437559 0.10803485 0.15104684 0.17386702 0.21224228 0.12403279 0.10599591 0.087307185 0.15665096 0.11262964 0.14905389 0.11098343 0.14484963 0.13559732 0.09500421 0.086051226 0.09073322 0.12496189 0.1281557 0.07110164 0.112526484 0.19030572 0.09738667 0.121252865 0.17574692 0.10079271 0.12794697 0.16897468 0.15251297 0.11064852 0.11412454 0.09903544 0.08434497 0.099806026 0.15607621 0.16861995 0.160202 0.10356653 0.19802883 0.13173741 0.14775425 0.12828295 0.070306666 0.23588935 0.10438779 0.10797733 0.15343843 0.16340892 0.10872423 0.20043531 0.13452567 0.15763298 0.19975147 0.10416531 0.12936124 0.20615928,0.1045034 0.09905388 0.077052504 0.14855209 0.1323257 0.17273681 0.09463061 0.138879 0.11497427 0.09752735 0.14923692 0.114178285 0.12387339 0.06701304 0.120841555 0.11990451 0.113261186 0.089064434 0.1580355 0.16684099 0.1361184 0.14480147 0.1646827 0.2034751 0.2186856 0.12466598 0.23410997 0.09435849 0.2265489 0.10299968 0.080931075 0.1481202 0.0742494 0.10333746 0.14777172 0.16730267 0.10853514 0.16532883 0.1194604 0.16109909 0.15541898 0.16073269 0.29284537 0.14807414 0.10709108 0.10495454 0.07187345 0.1440882 0.10321948 0.17860551 0.13373472 0.123274215 0.2159128 0.12444811 0.09664088 0.14923759 0.12967542 0.11561386 0.09054396 0.23658217 0.093363665 0.14582755 0.07141354 0.16822541 0.09202233 0.13028887 0.12286888 0.08984074 0.103357695 0.20004718 0.17734307 0.06563922 0.14435796 0.10802167 0.15102841 0.1738458 0.21221636 0.124017656 0.105982974 0.08729653 0.15663184 0.11261589 0.14903569 0.110969886 0.14483194 0.13558078 0.094992615 0.08604073 0.09072215 0.12494664 0.12814006 0.07109297 0.11251275 0.19028251 0.09737479 0.12123807 0.17572546 0.10078041 0.12793136 0.16895406 0.15249436 0.11063501 0.114110604 0.09902336 0.08433468 0.099793844 0.15605715 0.16859937 0.16018245 0.103553884 0.19800466 0.13172133 0.14773622 0.1282673 0.07029809 0.23586056 0.10437505 0.10796416 0.15341972 0.16338897 0.10871096 0.20041086 0.13450925 0.15761374 0.19972709 0.1041526 0.12934545 0.20613411,,
478,3x3x64x128,0.104516156 0.09906597 0.077061914 0.14857022 0.13234185 0.1727579 0.094642155 0.13889594 0.1149883 0.097539246 0.14925514 0.114192225 0.123888515 0.06702122 0.1208563 0.11991915 0.113275014 0.089075305 0.1580548 0.16686134 0.13613501 0.14481914 0.1647028 0.20349993 0.2187123 0.124681205 0.23413853 0.09437001 0.22657654 0.10301226 0.080940954 0.14813828 0.07425847 0.10335007 0.14778976 0.1673231 0.10854839 0.165349 0.11947498 0.16111875 0.15543795 0.1607523 0.29288113 0.14809221 0.10710415 0.104967356 0.071882226 0.14410578 0.10323208 0.17862731 0.13375105 0.123289265 0.21593915 0.1244633 0.09665267 0.14925581 0.12969124 0.115627974 0.09055502 0.23661105 0.093375064 0.14584535 0.07142226 0.16824594 0.09203356 0.13030477 0.12288388 0.08985171 0.10337031 0.20007159 0.1773647 0.06564724 0.14437559 0.10803485 0.15104684 0.17386702 0.21224228 0.12403279 0.10599591 0.087307185 0.15665096 0.11262964 0.14905389 0.11098343 0.14484963 0.13559732 0.09500421 0.086051226 0.09073322 0.12496189 0.1281557 0.07110164 0.112526484 0.19030572 0.09738667 0.121252865 0.17574692 0.10079271 0.12794697 0.16897468 0.15251297 0.11064852 0.11412454 0.09903544 0.08434497 0.099806026 0.15607621 0.16861995 0.160202 0.10356653 0.19802883 0.13173741 0.14775425 0.12828295 0.070306666 0.23588935 0.10438779 0.10797733 0.15343843 0.16340892 0.10872423 0.20043531 0.13452567 0.15763298 0.19975147 0.10416531 0.12936124 0.20615928,0.1045034 0.09905388 0.077052504 0.14855209 0.1323257 0.17273681 0.09463061 0.138879 0.11497427 0.09752735 0.14923692 0.114178285 0.12387339 0.06701304 0.120841555 0.11990451 0.113261186 0.089064434 0.1580355 0.16684099 0.1361184 0.14480147 0.1646827 0.2034751 0.2186856 0.12466598 0.23410997 0.09435849 0.2265489 0.10299968 0.080931075 0.1481202 0.0742494 0.10333746 0.14777172 0.16730267 0.10853514 0.16532883 0.1194604 0.16109909 0.15541898 0.16073269 0.29284537 0.14807414 0.10709108 0.10495454 0.07187345 0.1440882 0.10321948 0.17860551 0.13373472 0.123274215 0.2159128 0.12444811 0.09664088 0.14923759 0.12967542 0.11561386 0.09054396 0.23658217 0.093363665 0.14582755 0.07141354 0.16822541 0.09202233 0.13028887 0.12286888 0.08984074 0.103357695 0.20004718 0.17734307 0.06563922 0.14435796 0.10802167 0.15102841 0.1738458 0.21221636 0.124017656 0.105982974 0.08729653 0.15663184 0.11261589 0.14903569 0.110969886 0.14483194 0.13558078 0.094992615 0.08604073 0.09072215 0.12494664 0.12814006 0.07109297 0.11251275 0.19028251 0.09737479 0.12123807 0.17572546 0.10078041 0.12793136 0.16895406 0.15249436 0.11063501 0.114110604 0.09902336 0.08433468 0.099793844 0.15605715 0.16859937 0.16018245 0.103553884 0.19800466 0.13172133 0.14773622 0.1282673 0.07029809 0.23586056 0.10437505 0.10796416 0.15341972 0.16338897 0.10871096 0.20041086 0.13450925 0.15761374 0.19972709 0.1041526 0.12934545 0.20613411,,
496,3x3x128x128,0.20060873 0.39178082 0.28728396 0.252366 0.33872196 0.3853145 0.36160764 0.2004844 0.33839893 0.13732873 0.2103721 0.34288952 0.2739689 0.3586771 0.1397951 0.17499985 0.22109903 0.28895846 0.14374514 0.32345882 0.46272045 0.3220319 0.33049724 0.38636425 0.14364037 0.20319828 0.21962875 0.2224391 0.14082599 0.13622734 0.37644807 0.36641803 0.15769368 0.15521796 0.33000663 0.48464757 0.17861673 0.20737933 0.3151131 0.2423645 0.35173166 0.13434218 0.730142 0.14486428 0.10456464 0.16878623 0.26297358 0.31239018 0.3295258 0.31886676 0.17465766 0.41955164 0.18998288 0.21738306 0.27036208 0.3432204 0.21052332 0.42066953 0.46091822 0.44441134 0.4370533 0.270579 0.4058906 0.45584565 0.30167753 0.4657645 0.19104145 0.33404884 0.24817376 0.4051997 0.31641263 0.8149721 0.510729 0.22414851 0.17453606 0.2409378 0.34345594 0.15434867 0.23359127 0.5865801 0.35678577 0.31547415 0.6616503 0.23550706 0.21235946 0.16794698 0.24695787 0.46539104 0.2411153 0.810274 0.19802755 0.51872337 0.20672242 0.23219042 0.31902838 0.483281 0.29835275 0.17678215 0.5062417 0.31444564 0.48099256 0.20171846 0.36993563 0.2976362 0.1892074 0.2674674 0.15585595 0.29694334 0.3680786 0.23783061 0.28737676 0.28606603 0.41759542 0.6567196 0.2647456 0.14954394 0.26197657 0.40637773 0.28006 0.22875357 0.38893422 0.23502973 0.46592662 0.2798246 0.39743364 0.77168477 0.1057899 0.5540549,0.20058425 0.391733 0.28724888 0.2523352 0.33868062 0.38526747 0.3615635 0.20045993 0.33835766 0.13731198 0.21034643 0.34284768 0.27393547 0.3586333 0.13977803 0.1749785 0.22107205 0.28892317 0.14372759 0.32341936 0.46266398 0.3219926 0.33045688 0.3863171 0.14362283 0.20317349 0.21960194 0.22241195 0.14080879 0.13621072 0.37640214 0.3663733 0.15767445 0.15519902 0.32996634 0.48458844 0.17859493 0.20735401 0.31507462 0.24233492 0.3516887 0.13432577 0.7300529 0.14484659 0.104551874 0.16876562 0.26294148 0.31235206 0.32948557 0.31882784 0.17463633 0.41950044 0.18995969 0.21735652 0.2703291 0.3431785 0.21049763 0.4206182 0.46086195 0.4443571 0.43699998 0.270546 0.40584108 0.45579004 0.3016407 0.46570763 0.19101815 0.33400807 0.24814348 0.40515023 0.31637403 0.8148727 0.5106667 0.22412115 0.17451476 0.24090838 0.343414 0.15432984 0.23356277 0.5865085 0.35674223 0.31543565 0.6615696 0.23547831 0.21233355 0.16792648 0.24692774 0.46533424 0.24108589 0.8101751 0.19800338 0.51866007 0.2066972 0.23216209 0.31898943 0.483222 0.29831633 0.17676057 0.5061799 0.3144073 0.48093387 0.20169385 0.36989048 0.29759988 0.18918432 0.26743475 0.15583692 0.2969071 0.36803365 0.23780158 0.28734168 0.2860311 0.41754445 0.6566395 0.2647133 0.14952569 0.2619446 0.40632814 0.2800258 0.22872564 0.38888678 0.23500104 0.46586975 0.27979046 0.39738512 0.7715906 0.10577699 0.55398726,,
500,3x3x128x128,0.20060873 0.39178082 0.28728396 0.252366 0.33872196 0.3853145 0.36160764 0.2004844 0.33839893 0.13732873 0.2103721 0.34288952 0.2739689 0.3586771 0.1397951 0.17499985 0.22109903 0.28895846 0.14374514 0.32345882 0.46272045 0.3220319 0.33049724 0.38636425 0.14364037 0.20319828 0.21962875 0.2224391 0.14082599 0.13622734 0.37644807 0.36641803 0.15769368 0.15521796 0.33000663 0.48464757 0.17861673 0.20737933 0.3151131 0.2423645 0.35173166 0.13434218 0.730142 0.14486428 0.10456464 0.16878623 0.26297358 0.31239018 0.3295258 0.31886676 0.17465766 0.41955164 0.18998288 0.21738306 0.27036208 0.3432204 0.21052332 0.42066953 0.46091822 0.44441134 0.4370533 0.270579 0.4058906 0.45584565 0.30167753 0.4657645 0.19104145 0.33404884 0.24817376 0.4051997 0.31641263 0.8149721 0.510729 0.22414851 0.17453606 0.2409378 0.34345594 0.15434867 0.23359127 0.5865801 0.35678577 0.31547415 0.6616503 0.23550706 0.21235946 0.16794698 0.24695787 0.46539104 0.2411153 0.810274 0.19802755 0.51872337 0.20672242 0.23219042 0.31902838 0.483281 0.29835275 0.17678215 0.5062417 0.31444564 0.48099256 0.20171846 0.36993563 0.2976362 0.1892074 0.2674674 0.15585595 0.29694334 0.3680786 0.23783061 0.28737676 0.28606603 0.41759542 0.6567196 0.2647456 0.14954394 0.26197657 0.40637773 0.28006 0.22875357 0.38893422 0.23502973 0.46592662 0.2798246 0.39743364 0.77168477 0.1057899 0.5540549,0.20058425 0.391733 0.28724888 0.2523352 0.33868062 0.38526747 0.3615635 0.20045993 0.33835766 0.13731198 0.21034643 0.34284768 0.27393547 0.3586333 0.13977803 0.1749785 0.22107205 0.28892317 0.14372759 0.32341936 0.46266398 0.3219926 0.33045688 0.3863171 0.14362283 0.20317349 0.21960194 0.22241195 0.14080879 0.13621072 0.37640214 0.3663733 0.15767445 0.15519902 0.32996634 0.48458844 0.17859493 0.20735401 0.31507462 0.24233492 0.3516887 0.13432577 0.7300529 0.14484659 0.104551874 0.16876562 0.26294148 0.31235206 0.32948557 0.31882784 0.17463633 0.41950044 0.18995969 0.21735652 0.2703291 0.3431785 0.21049763 0.4206182 0.46086195 0.4443571 0.43699998 0.270546 0.40584108 0.45579004 0.3016407 0.46570763 0.19101815 0.33400807 0.24814348 0.40515023 0.31637403 0.8148727 0.5106667 0.22412115 0.17451476 0.24090838 0.343414 0.15432984 0.23356277 0.5865085 0.35674223 0.31543565 0.6615696 0.23547831 0.21233355 0.16792648 0.24692774 0.46533424 0.24108589 0.8101751 0.19800338 0.51866007 0.2066972 0.23216209 0.31898943 0.483222 0.29831633 0.17676057 0.5061799 0.3144073 0.48093387 0.20169385 0.36989048 0.29759988 0.18918432 0.26743475 0.15583692 0.2969071 0.36803365 0.23780158 0.28734168 0.2860311 0.41754445 0.6566395 0.2647133 0.14952569 0.2619446 0.40632814 0.2800258 0.22872564 0.38888678 0.23500104 0.46586975 0.27979046 0.39738512 0.7715906 0.10577699 0.55398726,,
504,3x3x128x128,0.20060873 0.39178082 0.28728396 0.252366 0.33872196 0.3853145 0.36160764 0.2004844 0.33839893 0.13732873 0.2103721 0.34288952 0.2739689 0.3586771 0.1397951 0.17499985 0.22109903 0.28895846 0.14374514 0.32345882 0.46272045 0.3220319 0.33049724 0.38636425 0.14364037 0.20319828 0.21962875 0.2224391 0.14082599 0.13622734 0.37644807 0.36641803 0.15769368 0.15521796 0.33000663 0.48464757 0.17861673 0.20737933 0.3151131 0.2423645 0.35173166 0.13434218 0.730142 0.14486428 0.10456464 0.16878623 0.26297358 0.31239018 0.3295258 0.31886676 0.17465766 0.41955164 0.18998288 0.21738306 0.27036208 0.3432204 0.21052332 0.42066953 0.46091822 0.44441134 0.4370533 0.270579 0.4058906 0.45584565 0.30167753 0.4657645 0.19104145 0.33404884 0.24817376 0.4051997 0.31641263 0.8149721 0.510729 0.22414851 0.17453606 0.2409378 0.34345594 0.15434867 0.23359127 0.5865801 0.35678577 0.31547415 0.6616503 0.23550706 0.21235946 0.16794698 0.24695787 0.46539104 0.2411153 0.810274 0.19802755 0.51872337 0.20672242 0.23219042 0.31902838 0.483281 0.29835275 0.17678215 0.5062417 0.31444564 0.48099256 0.20171846 0.36993563 0.2976362 0.1892074 0.2674674 0.15585595 0.29694334 0.3680786 0.23783061 0.28737676 0.28606603 0.41759542 0.6567196 0.2647456 0.14954394 0.26197657 0.40637773 0.28006 0.22875357 0.38893422 0.23502973 0.46592662 0.2798246 0.39743364 0.77168477 0.1057899 0.5540549,0.20058425 0.391733 0.28724888 0.2523352 0.33868062 0.38526747 0.3615635 0.20045993 0.33835766 0.13731198 0.21034643 0.34284768 0.27393547 0.3586333 0.13977803 0.1749785 0.22107205 0.28892317 0.14372759 0.32341936 0.46266398 0.3219926 0.33045688 0.3863171 0.14362283 0.20317349 0.21960194 0.22241195 0.14080879 0.13621072 0.37640214 0.3663733 0.15767445 0.15519902 0.32996634 0.48458844 0.17859493 0.20735401 0.31507462 0.24233492 0.3516887 0.13432577 0.7300529 0.14484659 0.104551874 0.16876562 0.26294148 0.31235206 0.32948557 0.31882784 0.17463633 0.41950044 0.18995969 0.21735652 0.2703291 0.3431785 0.21049763 0.4206182 0.46086195 0.4443571 0.43699998 0.270546 0.40584108 0.45579004 0.3016407 0.46570763 0.19101815 0.33400807 0.24814348 0.40515023 0.31637403 0.8148727 0.5106667 0.22412115 0.17451476 0.24090838 0.343414 0.15432984 0.23356277 0.5865085 0.35674223 0.31543565 0.6615696 0.23547831 0.21233355 0.16792648 0.24692774 0.46533424 0.24108589 0.8101751 0.19800338 0.51866007 0.2066972 0.23216209 0.31898943 0.483222 0.29831633 0.17676057 0.5061799 0.3144073 0.48093387 0.20169385 0.36989048 0.29759988 0.18918432 0.26743475 0.15583692 0.2969071 0.36803365 0.23780158 0.28734168 0.2860311 0.41754445 0.6566395 0.2647133 0.14952569 0.2619446 0.40632814 0.2800258 0.22872564 0.38888678 0.23500104 0.46586975 0.27979046 0.39738512 0.7715906 0.10577699 0.55398726,,
508,3x3x128x128,0.20060873 0.39178082 0.28728396 0.252366 0.33872196 0.3853145 0.36160764 0.2004844 0.33839893 0.13732873 0.2103721 0.34288952 0.2739689 0.3586771 0.1397951 0.17499985 0.22109903 0.28895846 0.14374514 0.32345882 0.46272045 0.3220319 0.33049724 0.38636425 0.14364037 0.20319828 0.21962875 0.2224391 0.14082599 0.13622734 0.37644807 0.36641803 0.15769368 0.15521796 0.33000663 0.48464757 0.17861673 0.20737933 0.3151131 0.2423645 0.35173166 0.13434218 0.730142 0.14486428 0.10456464 0.16878623 0.26297358 0.31239018 0.3295258 0.31886676 0.17465766 0.41955164 0.18998288 0.21738306 0.27036208 0.3432204 0.21052332 0.42066953 0.46091822 0.44441134 0.4370533 0.270579 0.4058906 0.45584565 0.30167753 0.4657645 0.19104145 0.33404884 0.24817376 0.4051997 0.31641263 0.8149721 0.510729 0.22414851 0.17453606 0.2409378 0.34345594 0.15434867 0.23359127 0.5865801 0.35678577 0.31547415 0.6616503 0.23550706 0.21235946 0.16794698 0.24695787 0.46539104 0.2411153 0.810274 0.19802755 0.51872337 0.20672242 0.23219042 0.31902838 0.483281 0.29835275 0.17678215 0.5062417 0.31444564 0.48099256 0.20171846 0.36993563 0.2976362 0.1892074 0.2674674 0.15585595 0.29694334 0.3680786 0.23783061 0.28737676 0.28606603 0.41759542 0.6567196 0.2647456 0.14954394 0.26197657 0.40637773 0.28006 0.22875357 0.38893422 0.23502973 0.46592662 0.2798246 0.39743364 0.77168477 0.1057899 0.5540549,0.20058425 0.391733 0.28724888 0.2523352 0.33868062 0.38526747 0.3615635 0.20045993 0.33835766 0.13731198 0.21034643 0.34284768 0.27393547 0.3586333 0.13977803 0.1749785 0.22107205 0.28892317 0.14372759 0.32341936 0.46266398 0.3219926 0.33045688 0.3863171 0.14362283 0.20317349 0.21960194 0.22241195 0.14080879 0.13621072 0.37640214 0.3663733 0.15767445 0.15519902 0.32996634 0.48458844 0.17859493 0.20735401 0.31507462 0.24233492 0.3516887 0.13432577 0.7300529 0.14484659 0.104551874 0.16876562 0.26294148 0.31235206 0.32948557 0.31882784 0.17463633 0.41950044 0.18995969 0.21735652 0.2703291 0.3431785 0.21049763 0.4206182 0.46086195 0.4443571 0.43699998 0.270546 0.40584108 0.45579004 0.3016407 0.46570763 0.19101815 0.33400807 0.24814348 0.40515023 0.31637403 0.8148727 0.5106667 0.22412115 0.17451476 0.24090838 0.343414 0.15432984 0.23356277 0.5865085 0.35674223 0.31543565 0.6615696 0.23547831 0.21233355 0.16792648 0.24692774 0.46533424 0.24108589 0.8101751 0.19800338 0.51866007 0.2066972 0.23216209 0.31898943 0.483222 0.29831633 0.17676057 0.5061799 0.3144073 0.48093387 0.20169385 0.36989048 0.29759988 0.18918432 0.26743475 0.15583692 0.2969071 0.36803365 0.23780158 0.28734168 0.2860311 0.41754445 0.6566395 0.2647133 0.14952569 0.2619446 0.40632814 0.2800258 0.22872564 0.38888678 0.23500104 0.46586975 0.27979046 0.39738512 0.7715906 0.10577699 0.55398726,,
512,3x3x128x128,0.20060873 0.39178082 0.28728396 0.252366 0.33872196 0.3853145 0.36160764 0.2004844 0.33839893 0.13732873 0.2103721 0.34288952 0.2739689 0.3586771 0.1397951 0.17499985 0.22109903 0.28895846 0.14374514 0.32345882 0.46272045 0.3220319 0.33049724 0.38636425 0.14364037 0.20319828 0.21962875 0.2224391 0.14082599 0.13622734 0.37644807 0.36641803 0.15769368 0.15521796 0.33000663 0.48464757 0.17861673 0.20737933 0.3151131 0.2423645 0.35173166 0.13434218 0.730142 0.14486428 0.10456464 0.16878623 0.26297358 0.31239018 0.3295258 0.31886676 0.17465766 0.41955164 0.18998288 0.21738306 0.27036208 0.3432204 0.21052332 0.42066953 0.46091822 0.44441134 0.4370533 0.270579 0.4058906 0.45584565 0.30167753 0.4657645 0.19104145 0.33404884 0.24817376 0.4051997 0.31641263 0.8149721 0.510729 0.22414851 0.17453606 0.2409378 0.34345594 0.15434867 0.23359127 0.5865801 0.35678577 0.31547415 0.6616503 0.23550706 0.21235946 0.16794698 0.24695787 0.46539104 0.2411153 0.810274 0.19802755 0.51872337 0.20672242 0.23219042 0.31902838 0.483281 0.29835275 0.17678215 0.5062417 0.31444564 0.48099256 0.20171846 0.36993563 0.2976362 0.1892074 0.2674674 0.15585595 0.29694334 0.3680786 0.23783061 0.28737676 0.28606603 0.41759542 0.6567196 0.2647456 0.14954394 0.26197657 0.40637773 0.28006 0.22875357 0.38893422 0.23502973 0.46592662 0.2798246 0.39743364 0.77168477 0.1057899 0.5540549,0.20058425 0.391733 0.28724888 0.2523352 0.33868062 0.38526747 0.3615635 0.20045993 0.33835766 0.13731198 0.21034643 0.34284768 0.27393547 0.3586333 0.13977803 0.1749785 0.22107205 0.28892317 0.14372759 0.32341936 0.46266398 0.3219926 0.33045688 0.3863171 0.14362283 0.20317349 0.21960194 0.22241195 0.14080879 0.13621072 0.37640214 0.3663733 0.15767445 0.15519902 0.32996634 0.48458844 0.17859493 0.20735401 0.31507462 0.24233492 0.3516887 0.13432577 0.7300529 0.14484659 0.104551874 0.16876562 0.26294148 0.31235206 0.32948557 0.31882784 0.17463633 0.41950044 0.18995969 0.21735652 0.2703291 0.3431785 0.21049763 0.4206182 0.46086195 0.4443571 0.43699998 0.270546 0.40584108 0.45579004 0.3016407 0.46570763 0.19101815 0.33400807 0.24814348 0.40515023 0.31637403 0.8148727 0.5106667 0.22412115 0.17451476 0.24090838 0.343414 0.15432984 0.23356277 0.5865085 0.35674223 0.31543565 0.6615696 0.23547831 0.21233355 0.16792648 0.24692774 0.46533424 0.24108589 0.8101751 0.19800338 0.51866007 0.2066972 0.23216209 0.31898943 0.483222 0.29831633 0.17676057 0.5061799 0.3144073 0.48093387 0.20169385 0.36989048 0.29759988 0.18918432 0.26743475 0.15583692 0.2969071 0.36803365 0.23780158 0.28734168 0.2860311 0.41754445 0.6566395 0.2647133 0.14952569 0.2619446 0.40632814 0.2800258 0.22872564 0.38888678 0.23500104 0.46586975 0.27979046 0.39738512 0.7715906 0.10577699 0.55398726,,
516,3x3x128x128,0.20060873 0.39178082 0.28728396 0.252366 0.33872196 0.3853145 0.36160764 0.2004844 0.33839893 0.13732873 0.2103721 0.34288952 0.2739689 0.3586771 0.1397951 0.17499985 0.22109903 0.28895846 0.14374514 0.32345882 0.46272045 0.3220319 0.33049724 0.38636425 0.14364037 0.20319828 0.21962875 0.2224391 0.14082599 0.13622734 0.37644807 0.36641803 0.15769368 0.15521796 0.33000663 0.48464757 0.17861673 0.20737933 0.3151131 0.2423645 0.35173166 0.13434218 0.730142 0.14486428 0.10456464 0.16878623 0.26297358 0.31239018 0.3295258 0.31886676 0.17465766 0.41955164 0.18998288 0.21738306 0.27036208 0.3432204 0.21052332 0.42066953 0.46091822 0.44441134 0.4370533 0.270579 0.4058906 0.45584565 0.30167753 0.4657645 0.19104145 0.33404884 0.24817376 0.4051997 0.31641263 0.8149721 0.510729 0.22414851 0.17453606 0.2409378 0.34345594 0.15434867 0.23359127 0.5865801 0.35678577 0.31547415 0.6616503 0.23550706 0.21235946 0.16794698 0.24695787 0.46539104 0.2411153 0.810274 0.19802755 0.51872337 0.20672242 0.23219042 0.31902838 0.483281 0.29835275 0.17678215 0.5062417 0.31444564 0.48099256 0.20171846 0.36993563 0.2976362 0.1892074 0.2674674 0.15585595 0.29694334 0.3680786 0.23783061 0.28737676 0.28606603 0.41759542 0.6567196 0.2647456 0.14954394 0.26197657 0.40637773 0.28006 0.22875357 0.38893422 0.23502973 0.46592662 0.2798246 0.39743364 0.77168477 0.1057899 0.5540549,0.20058425 0.391733 0.28724888 0.2523352 0.33868062 0.38526747 0.3615635 0.20045993 0.33835766 0.13731198 0.21034643 0.34284768 0.27393547 0.3586333 0.13977803 0.1749785 0.22107205 0.28892317 0.14372759 0.32341936 0.46266398 0.3219926 0.33045688 0.3863171 0.14362283 0.20317349 0.21960194 0.22241195 0.14080879 0.13621072 0.37640214 0.3663733 0.15767445 0.15519902 0.32996634 0.48458844 0.17859493 0.20735401 0.31507462 0.24233492 0.3516887 0.13432577 0.7300529 0.14484659 0.104551874 0.16876562 0.26294148 0.31235206 0.32948557 0.31882784 0.17463633 0.41950044 0.18995969 0.21735652 0.2703291 0.3431785 0.21049763 0.4206182 0.46086195 0.4443571 0.43699998 0.270546 0.40584108 0.45579004 0.3016407 0.46570763 0.19101815 0.33400807 0.24814348 0.40515023 0.31637403 0.8148727 0.5106667 0.22412115 0.17451476 0.24090838 0.343414 0.15432984 0.23356277 0.5865085 0.35674223 0.31543565 0.6615696 0.23547831 0.21233355 0.16792648 0.24692774 0.46533424 0.24108589 0.8101751 0.19800338 0.51866007 0.2066972 0.23216209 0.31898943 0.483222 0.29831633 0.17676057 0.5061799 0.3144073 0.48093387 0.20169385 0.36989048 0.29759988 0.18918432 0.26743475 0.15583692 0.2969071 0.36803365 0.23780158 0.28734168 0.2860311 0.41754445 0.6566395 0.2647133 0.14952569 0.2619446 0.40632814 0.2800258 0.22872564 0.38888678 0.23500104 0.46586975 0.27979046 0.39738512 0.7715906 0.10577699 0.55398726,,
534,1x1x64x128,1.0254084 0.012534545 0.17629784 0.33342275 0.043000374 0.08586103 0.07952031 0.3034106 0.34272465 0.26172134 0.30906665 0.358171 0.82623214 0.06520453 0.6943167 0.18165006 0.23196927 0.20490408 0.42845616 0.02953642 1.0910841 0.10176385 0.25569233 0.020556485 0.464664 0.04293312 0.16949856 0.60405093 0.48788074 0.44749367 0.04960429 0.031737957 0.37731662 0.6027955 0.4109424 0.32893643 0.12489973 0.100853294 0.23010933 0.3479114 0.17288667 0.16659567 0.44661397 0.5188562 0.6019277 0.39501598 0.50929713 0.21370982 0.056849327 0.045913506 1.0148326 0.117800765 0.037966803 0.36175454 0.06703523 0.6292566 0.2934011 0.96752584 0.04756807 0.3426451 0.058900137 0.59367865 0.087417655 0.040072735 0.045205854 0.001971743 0.08695186 0.095116995 0.15551987 0.14860041 0.26012555 0.13227822 0.080176644 0.06026806 0.13825148 0.17669253 0.07259548 0.018804722 0.6850005 0.15782994 0.253929 0.042059347 0.11134312 0.30036145 0.059995037 1.2142373 0.046742328 0.0581905 0.079059936 0.37012422 0.74191767 0.52320266 0.13249466 0.21305308 0.75915474 0.046542276 0.11119929 0.32927102 0.2080773 0.3062816 0.40583584 0.59608716 0.2675358 0.24650326 1.2088057 0.04694425 0.14054579 0.020039426 0.028580075 0.1499732 0.06321245 0.390952 0.4241618 0.08410681 0.7300434 0.34121668 0.2537372 0.06390929 0.029383924 0.12069409 0.009324204 0.7882113 0.11571523 0.000100793906 0.17113788 0.076562405 1.1115264 0.15791216,1.0252832 0.012533016 0.17627633 0.33338204 0.04299513 0.085850544 0.07951061 0.30337355 0.3426828 0.26168942 0.30902895 0.3581273 0.82613134 0.065196574 0.694232 0.1816279 0.23194095 0.20487908 0.42840388 0.029532816 1.090951 0.10175143 0.25566113 0.020553976 0.4646073 0.04292788 0.16947788 0.6039772 0.4878212 0.44743904 0.049598236 0.031734087 0.37727058 0.6027219 0.41089225 0.32889628 0.124884486 0.100840986 0.23008126 0.34786895 0.17286557 0.16657533 0.44655946 0.51879287 0.6018542 0.3949678 0.50923496 0.21368372 0.056842387 0.045907903 1.0147088 0.11778639 0.03796217 0.36171037 0.06702705 0.6291798 0.29336527 0.96740776 0.047562264 0.3426033 0.05889295 0.59360623 0.087406985 0.040067844 0.045200337 0.0019715026 0.08694124 0.09510539 0.1555009 0.14858228 0.2600938 0.13226207 0.080166854 0.060260702 0.1382346 0.17667097 0.07258662 0.018802427 0.6849169 0.15781069 0.253898 0.042054214 0.11132953 0.3003248 0.059987713 1.2140892 0.04673662 0.058183394 0.07905029 0.37007907 0.74182713 0.52313876 0.13247849 0.21302707 0.75906205 0.0465366 0.111185715 0.32923082 0.2080519 0.30624422 0.4057863 0.5960144 0.26750317 0.24647318 1.2086582 0.04693852 0.14052863 0.02003698 0.028576588 0.14995489 0.06320473 0.39090428 0.42411003 0.08409655 0.7299543 0.34117502 0.25370625 0.06390149 0.029380338 0.12067936 0.009323066 0.7881151 0.1157011 0.00010078161 0.17111701 0.07655306 1.1113907 0.15789288,,
538,1x1x64x128,1.0254084 0.012534545 0.17629784 0.33342275 0.043000374 0.08586103 0.07952031 0.3034106 0.34272465 0.26172134 0.30906665 0.358171 0.82623214 0.06520453 0.6943167 0.18165006 0.23196927 0.20490408 0.42845616 0.02953642 1.0910841 0.10176385 0.25569233 0.020556485 0.464664 0.04293312 0.16949856 0.60405093 0.48788074 0.44749367 0.04960429 0.031737957 0.37731662 0.6027955 0.4109424 0.32893643 0.12489973 0.100853294 0.23010933 0.3479114 0.17288667 0.16659567 0.44661397 0.5188562 0.6019277 0.39501598 0.50929713 0.21370982 0.056849327 0.045913506 1.0148326 0.117800765 0.037966803 0.36175454 0.06703523 0.6292566 0.2934011 0.96752584 0.04756807 0.3426451 0.058900137 0.59367865 0.087417655 0.040072735 0.045205854 0.001971743 0.08695186 0.095116995 0.15551987 0.14860041 0.26012555 0.13227822 0.080176644 0.06026806 0.13825148 0.17669253 0.07259548 0.018804722 0.6850005 0.15782994 0.253929 0.042059347 0.11134312 0.30036145 0.059995037 1.2142373 0.046742328 0.0581905 0.079059936 0.37012422 0.74191767 0.52320266 0.13249466 0.21305308 0.75915474 0.046542276 0.11119929 0.32927102 0.2080773 0.3062816 0.40583584 0.59608716 0.2675358 0.24650326 1.2088057 0.04694425 0.14054579 0.020039426 0.028580075 0.1499732 0.06321245 0.390952 0.4241618 0.08410681 0.7300434 0.34121668 0.2537372 0.06390929 0.029383924 0.12069409 0.009324204 0.7882113 0.11571523 0.000100793906 0.17113788 0.076562405 1.1115264 0.15791216,1.0252832 0.012533016 0.17627633 0.33338204 0.04299513 0.085850544 0.07951061 0.30337355 0.3426828 0.26168942 0.30902895 0.3581273 0.82613134 0.065196574 0.694232 0.1816279 0.23194095 0.20487908 0.42840388 0.029532816 1.090951 0.10175143 0.25566113 0.020553976 0.4646073 0.04292788 0.16947788 0.6039772 0.4878212 0.44743904 0.049598236 0.031734087 0.37727058 0.6027219 0.41089225 0.32889628 0.124884486 0.100840986 0.23008126 0.34786895 0.17286557 0.16657533 0.44655946 0.51879287 0.6018542 0.3949678 0.50923496 0.21368372 0.056842387 0.045907903 1.0147088 0.11778639 0.03796217 0.36171037 0.06702705 0.6291798 0.29336527 0.96740776 0.047562264 0.3426033 0.05889295 0.59360623 0.087406985 0.040067844 0.045200337 0.0019715026 0.08694124 0.09510539 0.1555009 0.14858228 0.2600938 0.13226207 0.080166854 0.060260702 0.1382346 0.17667097 0.07258662 0.018802427 0.6849169 0.15781069 0.253898 0.042054214 0.11132953 0.3003248 0.059987713 1.2140892 0.04673662 0.058183394 0.07905029 0.37007907 0.74182713 0.52313876 0.13247849 0.21302707 0.75906205 0.0465366 0.111185715 0.32923082 0.2080519 0.30624422 0.4057863 0.5960144 0.26750317 0.24647318 1.2086582 0.04693852 0.14052863 0.02003698 0.028576588 0.14995489 0.06320473 0.39090428 0.42411003 0.08409655 0.7299543 0.34117502 0.25370625 0.06390149 0.029380338 0.12067936 0.009323066 0.7881151 0.1157011 0.00010078161 0.17111701 0.07655306 1.1113907 0.15789288,,
542,1x1x64x128,1.0254084 0.012534545 0.17629784 0.33342275 0.043000374 0.08586103 0.07952031 0.3034106 0.34272465 0.26172134 0.30906665 0.358171 0.82623214 0.06520453 0.6943167 0.18165006 0.23196927 0.20490408 0.42845616 0.02953642 1.0910841 0.10176385 0.25569233 0.020556485 0.464664 0.04293312 0.16949856 0.60405093 0.48788074 0.44749367 0.04960429 0.031737957 0.37731662 0.6027955 0.4109424 0.32893643 0.12489973 0.100853294 0.23010933 0.3479114 0.17288667 0.16659567 0.44661397 0.5188562 0.6019277 0.39501598 0.50929713 0.21370982 0.056849327 0.045913506 1.0148326 0.117800765 0.037966803 0.36175454 0.06703523 0.6292566 0.2934011 0.96752584 0.04756807 0.3426451 0.058900137 0.59367865 0.087417655 0.040072735 0.045205854 0.001971743 0.08695186 0.095116995 0.15551987 0.14860041 0.26012555 0.13227822 0.080176644 0.06026806 0.13825148 0.17669253 0.07259548 0.018804722 0.6850005 0.15782994 0.253929 0.042059347 0.11134312 0.30036145 0.059995037 1.2142373 0.046742328 0.0581905 0.079059936 0.37012422 0.74191767 0.52320266 0.13249466 0.21305308 0.75915474 0.046542276 0.11119929 0.32927102 0.2080773 0.3062816 0.40583584 0.59608716 0.2675358 0.24650326 1.2088057 0.04694425 0.14054579 0.020039426 0.028580075 0.1499732 0.06321245 0.390952 0.4241618 0.08410681 0.7300434 0.34121668 0.2537372 0.06390929 0.029383924 0.12069409 0.009324204 0.7882113 0.11571523 0.000100793906 0.17113788 0.076562405 1.1115264 0.15791216,1.0252832 0.012533016 0.17627633 0.33338204 0.04299513 0.085850544 0.07951061 0.30337355 0.3426828 0.26168942 0.30902895 0.3581273 0.82613134 0.065196574 0.694232 0.1816279 0.23194095 0.20487908 0.42840388 0.029532816 1.090951 0.10175143 0.25566113 0.020553976 0.4646073 0.04292788 0.16947788 0.6039772 0.4878212 0.44743904 0.049598236 0.031734087 0.37727058 0.6027219 0.41089225 0.32889628 0.124884486 0.100840986 0.23008126 0.34786895 0.17286557 0.16657533 0.44655946 0.51879287 0.6018542 0.3949678 0.50923496 0.21368372 0.056842387 0.045907903 1.0147088 0.11778639 0.03796217 0.36171037 0.06702705 0.6291798 0.29336527 0.96740776 0.047562264 0.3426033 0.05889295 0.59360623 0.087406985 0.040067844 0.045200337 0.0019715026 0.08694124 0.09510539 0.1555009 0.14858228 0.2600938 0.13226207 0.080166854 0.060260702 0.1382346 0.17667097 0.07258662 0.018802427 0.6849169 0.15781069 0.253898 0.042054214 0.11132953 0.3003248 0.059987713 1.2140892 0.04673662 0.058183394 0.07905029 0.37007907 0.74182713 0.52313876 0.13247849 0.21302707 0.75906205 0.0465366 0.111185715 0.32923082 0.2080519 0.30624422 0.4057863 0.5960144 0.26750317 0.24647318 1.2086582 0.04693852 0.14052863 0.02003698 0.028576588 0.14995489 0.06320473 0.39090428 0.42411003 0.08409655 0.7299543 0.34117502 0.25370625 0.06390149 0.029380338 0.12067936 0.009323066 0.7881151 0.1157011 0.00010078161 0.17111701 0.07655306 1.1113907 0.15789288,,
546,1x1x64x128,1.0254084 0.012534545 0.17629784 0.33342275 0.043000374 0.08586103 0.07952031 0.3034106 0.34272465 0.26172134 0.30906665 0.358171 0.82623214 0.06520453 0.6943167 0.18165006 0.23196927 0.20490408 0.42845616 0.02953642 1.0910841 0.10176385 0.25569233 0.020556485 0.464664 0.04293312 0.16949856 0.60405093 0.48788074 0.44749367 0.04960429 0.031737957 0.37731662 0.6027955 0.4109424 0.32893643 0.12489973 0.100853294 0.23010933 0.3479114 0.17288667 0.16659567 0.44661397 0.5188562 0.6019277 0.39501598 0.50929713 0.21370982 0.056849327 0.045913506 1.0148326 0.117800765 0.037966803 0.36175454 0.06703523 0.6292566 0.2934011 0.96752584 0.04756807 0.3426451 0.058900137 0.59367865 0.087417655 0.040072735 0.045205854 0.001971743 0.08695186 0.095116995 0.15551987 0.14860041 0.26012555 0.13227822 0.080176644 0.06026806 0.13825148 0.17669253 0.07259548 0.018804722 0.6850005 0.15782994 0.253929 0.042059347 0.11134312 0.30036145 0.059995037 1.2142373 0.046742328 0.0581905 0.079059936 0.37012422 0.74191767 0.52320266 0.13249466 0.21305308 0.75915474 0.046542276 0.11119929 0.32927102 0.2080773 0.3062816 0.40583584 0.59608716 0.2675358 0.24650326 1.2088057 0.04694425 0.14054579 0.020039426 0.028580075 0.1499732 0.06321245 0.390952 0.4241618 0.08410681 0.7300434 0.34121668 0.2537372 0.06390929 0.029383924 0.12069409 0.009324204 0.7882113 0.11571523 0.000100793906 0.17113788 0.076562405 1.1115264 0.15791216,1.0252832 0.012533016 0.17627633 0.33338204 0.04299513 0.085850544 0.07951061 0.30337355 0.3426828 0.26168942 0.30902895 0.3581273 0.82613134 0.065196574 0.694232 0.1816279 0.23194095 0.20487908 0.42840388 0.029532816 1.090951 0.10175143 0.25566113 0.020553976 0.4646073 0.04292788 0.16947788 0.6039772 0.4878212 0.44743904 0.049598236 0.031734087 0.37727058 0.6027219 0.41089225 0.32889628 0.124884486 0.100840986 0.23008126 0.34786895 0.17286557 0.16657533 0.44655946 0.51879287 0.6018542 0.3949678 0.50923496 0.21368372 0.056842387 0.045907903 1.0147088 0.11778639 0.03796217 0.36171037 0.06702705 0.6291798 0.29336527 0.96740776 0.047562264 0.3426033 0.05889295 0.59360623 0.087406985 0.040067844 0.045200337 0.0019715026 0.08694124 0.09510539 0.1555009 0.14858228 0.2600938 0.13226207 0.080166854 0.060260702 0.1382346 0.17667097 0.07258662 0.018802427 0.6849169 0.15781069 0.253898 0.042054214 0.11132953 0.3003248 0.059987713 1.2140892 0.04673662 0.058183394 0.07905029 0.37007907 0.74182713 0.52313876 0.13247849 0.21302707 0.75906205 0.0465366 0.111185715 0.32923082 0.2080519 0.30624422 0.4057863 0.5960144 0.26750317 0.24647318 1.2086582 0.04693852 0.14052863 0.02003698 0.028576588 0.14995489 0.06320473 0.39090428 0.42411003 0.08409655 0.7299543 0.34117502 0.25370625 0.06390149 0.029380338 0.12067936 0.009323066 0.7881151 0.1157011 0.00010078161 0.17111701 0.07655306 1.1113907 0.15789288,,
550,1x1x64x128,1.0254084 0.012534545 0.17629784 0.33342275 0.043000374 0.08586103 0.07952031 0.3034106 0.34272465 0.26172134 0.30906665 0.358171 0.82623214 0.06520453 0.6943167 0.18165006 0.23196927 0.20490408 0.42845616 0.02953642 1.0910841 0.10176385 0.25569233 0.020556485 0.464664 0.04293312 0.16949856 0.60405093 0.48788074 0.44749367 0.04960429 0.031737957 0.37731662 0.6027955 0.4109424 0.32893643 0.12489973 0.100853294 0.23010933 0.3479114 0.17288667 0.16659567 0.44661397 0.5188562 0.6019277 0.39501598 0.50929713 0.21370982 0.056849327 0.045913506 1.0148326 0.117800765 0.037966803 0.36175454 0.06703523 0.6292566 0.2934011 0.96752584 0.04756807 0.3426451 0.058900137 0.59367865 0.087417655 0.040072735 0.045205854 0.001971743 0.08695186 0.095116995 0.15551987 0.14860041 0.26012555 0.13227822 0.080176644 0.06026806 0.13825148 0.17669253 0.07259548 0.018804722 0.6850005 0.15782994 0.253929 0.042059347 0.11134312 0.30036145 0.059995037 1.2142373 0.046742328 0.0581905 0.079059936 0.37012422 0.74191767 0.52320266 0.13249466 0.21305308 0.75915474 0.046542276 0.11119929 0.32927102 0.2080773 0.3062816 0.40583584 0.59608716 0.2675358 0.24650326 1.2088057 0.04694425 0.14054579 0.020039426 0.028580075 0.1499732 0.06321245 0.390952 0.4241618 0.08410681 0.7300434 0.34121668 0.2537372 0.06390929 0.029383924 0.12069409 0.009324204 0.7882113 0.11571523 0.000100793906 0.17113788 0.076562405 1.1115264 0.15791216,1.0252832 0.012533016 0.17627633 0.33338204 0.04299513 0.085850544 0.07951061 0.30337355 0.3426828 0.26168942 0.30902895 0.3581273 0.82613134 0.065196574 0.694232 0.1816279 0.23194095 0.20487908 0.42840388 0.029532816 1.090951 0.10175143 0.25566113 0.020553976 0.4646073 0.04292788 0.16947788 0.6039772 0.4878212 0.44743904 0.049598236 0.031734087 0.37727058 0.6027219 0.41089225 0.32889628 0.124884486 0.100840986 0.23008126 0.34786895 0.17286557 0.16657533 0.44655946 0.51879287 0.6018542 0.3949678 0.50923496 0.21368372 0.056842387 0.045907903 1.0147088 0.11778639 0.03796217 0.36171037 0.06702705 0.6291798 0.29336527 0.96740776 0.047562264 0.3426033 0.05889295 0.59360623 0.087406985 0.040067844 0.045200337 0.0019715026 0.08694124 0.09510539 0.1555009 0.14858228 0.2600938 0.13226207 0.080166854 0.060260702 0.1382346 0.17667097 0.07258662 0.018802427 0.6849169 0.15781069 0.253898 0.042054214 0.11132953 0.3003248 0.059987713 1.2140892 0.04673662 0.058183394 0.07905029 0.37007907 0.74182713 0.52313876 0.13247849 0.21302707 0.75906205 0.0465366 0.111185715 0.32923082 0.2080519 0.30624422 0.4057863 0.5960144 0.26750317 0.24647318 1.2086582 0.04693852 0.14052863 0.02003698 0.028576588 0.14995489 0.06320473 0.39090428 0.42411003 0.08409655 0.7299543 0.34117502 0.25370625 0.06390149 0.029380338 0.12067936 0.009323066 0.7881151 0.1157011 0.00010078161 0.17111701 0.07655306 1.1113907 0.15789288,,
554,1x1x64x128,1.0254084 0.012534545 0.17629784 0.33342275 0.043000374 0.08586103 0.07952031 0.3034106 0.34272465 0.26172134 0.30906665 0.358171 0.82623214 0.06520453 0.6943167 0.18165006 0.23196927 0.20490408 0.42845616 0.02953642 1.0910841 0.10176385 0.25569233 0.020556485 0.464664 0.04293312 0.16949856 0.60405093 0.48788074 0.44749367 0.04960429 0.031737957 0.37731662 0.6027955 0.4109424 0.32893643 0.12489973 0.100853294 0.23010933 0.3479114 0.17288667 0.16659567 0.44661397 0.5188562 0.6019277 0.39501598 0.50929713 0.21370982 0.056849327 0.045913506 1.0148326 0.117800765 0.037966803 0.36175454 0.06703523 0.6292566 0.2934011 0.96752584 0.04756807 0.3426451 0.058900137 0.59367865 0.087417655 0.040072735 0.045205854 0.001971743 0.08695186 0.095116995 0.15551987 0.14860041 0.26012555 0.13227822 0.080176644 0.06026806 0.13825148 0.17669253 0.07259548 0.018804722 0.6850005 0.15782994 0.253929 0.042059347 0.11134312 0.30036145 0.059995037 1.2142373 0.046742328 0.0581905 0.079059936 0.37012422 0.74191767 0.52320266 0.13249466 0.21305308 0.75915474 0.046542276 0.11119929 0.32927102 0.2080773 0.3062816 0.40583584 0.59608716 0.2675358 0.24650326 1.2088057 0.04694425 0.14054579 0.020039426 0.028580075 0.1499732 0.06321245 0.390952 0.4241618 0.08410681 0.7300434 0.34121668 0.2537372 0.06390929 0.029383924 0.12069409 0.009324204 0.7882113 0.11571523 0.000100793906 0.17113788 0.076562405 1.1115264 0.15791216,1.0252832 0.012533016 0.17627633 0.33338204 0.04299513 0.085850544 0.07951061 0.30337355 0.3426828 0.26168942 0.30902895 0.3581273 0.82613134 0.065196574 0.694232 0.1816279 0.23194095 0.20487908 0.42840388 0.029532816 1.090951 0.10175143 0.25566113 0.020553976 0.4646073 0.04292788 0.16947788 0.6039772 0.4878212 0.44743904 0.049598236 0.031734087 0.37727058 0.6027219 0.41089225 0.32889628 0.124884486 0.100840986 0.23008126 0.34786895 0.17286557 0.16657533 0.44655946 0.51879287 0.6018542 0.3949678 0.50923496 0.21368372 0.056842387 0.045907903 1.0147088 0.11778639 0.03796217 0.36171037 0.06702705 0.6291798 0.29336527 0.96740776 0.047562264 0.3426033 0.05889295 0.59360623 0.087406985 0.040067844 0.045200337 0.0019715026 0.08694124 0.09510539 0.1555009 0.14858228 0.2600938 0.13226207 0.080166854 0.060260702 0.1382346 0.17667097 0.07258662 0.018802427 0.6849169 0.15781069 0.253898 0.042054214 0.11132953 0.3003248 0.059987713 1.2140892 0.04673662 0.058183394 0.07905029 0.37007907 0.74182713 0.52313876 0.13247849 0.21302707 0.75906205 0.0465366 0.111185715 0.32923082 0.2080519 0.30624422 0.4057863 0.5960144 0.26750317 0.24647318 1.2086582 0.04693852 0.14052863 0.02003698 0.028576588 0.14995489 0.06320473 0.39090428 0.42411003 0.08409655 0.7299543 0.34117502 0.25370625 0.06390149 0.029380338 0.12067936 0.009323066 0.7881151 0.1157011 0.00010078161 0.17111701 0.07655306 1.1113907 0.15789288,,
572,3x3x128x128,0.15276583 0.13627832 0.20072618 0.08734068 0.23051916 0.12385724 0.05763966 0.4730508 0.11855772 0.1823992 0.18243766 0.22153549 0.1711154 0.13497233 0.15940383 0.31307438 0.16275722 0.15290521 0.101791926 0.17001337 0.24665245 0.08536972 0.19428319 0.1209726 0.11116977 0.22869226 0.23024808 0.25534633 0.21630663 0.1585689 0.14994797 0.20611769 0.15699713 0.19111359 0.13833098 0.10494646 0.1379347 0.08728376 0.12679099 0.19753341 0.301256 0.0911751 0.20847091 0.17988212 0.15088661 0.16650599 0.33295652 0.19070095 0.16334908 0.22558938 0.32094347 0.2075 0.0948468 0.17693374 0.13024901 0.22757432 0.0446616 0.14681095 0.12858288 0.16399448 0.18849427 0.15735668 0.16836986 0.12360289 0.12273827 0.23605625 0.14764455 0.20796758 0.17259118 0.1065252 0.24738067 0.12888396 0.12354955 0.22880827 0.082460515 0.19314644 0.11025783 0.1779873 0.14170416 0.43455613 0.10709098 0.2600541 0.2406859 0.10257002 0.32879254 0.108094476 0.104710005 0.30762106 0.31289366 0.09825296 0.11522308 0.09136615 0.10658941 0.2068014 0.21129607 0.12558681 0.17440526 0.12139618 0.2210096 0.2981902 0.261442 0.18185678 0.17361937 0.24120545 0.17231531 0.08225019 0.1490748 0.16053726 0.103872225 0.25346944 0.15720624 0.14178433 0.10257061 0.21777476 0.07112744 0.0778153 0.1449788 0.1586491 0.16016841 0.12106122 0.14874406 0.2269932 0.18864167 0.1619463 0.095867656 0.16654402 0.4465442 0.14651467,0.15274718 0.13626169 0.20070168 0.08733003 0.23049103 0.12384212 0.05763262 0.47299308 0.11854325 0.18237694 0.1824154 0.22150844 0.1710945 0.13495585 0.15938438 0.31303617 0.16273735 0.15288654 0.1017795 0.16999261 0.24662235 0.0853593 0.19425948 0.120957844 0.1111562 0.22866435 0.23021999 0.25531518 0.21628024 0.15854956 0.14992967 0.20609254 0.15697797 0.19109027 0.1383141 0.10493365 0.13791788 0.08727311 0.1267755 0.1975093 0.30121925 0.09116397 0.20844546 0.17986017 0.15086819 0.16648568 0.33291587 0.19067767 0.16332914 0.22556186 0.32090428 0.20747466 0.09483523 0.17691214 0.13023312 0.22754654 0.04465615 0.14679302 0.12856719 0.16397446 0.18847126 0.15733747 0.16834931 0.12358781 0.12272329 0.23602743 0.14762653 0.20794219 0.17257012 0.1065122 0.24735048 0.12886824 0.12353448 0.22878034 0.08245046 0.19312286 0.11024437 0.1779656 0.14168687 0.4345031 0.10707791 0.26002237 0.24065652 0.1025575 0.3287524 0.10808129 0.10469723 0.30758354 0.31285545 0.098240964 0.11520901 0.091355 0.1065764 0.20677617 0.21127029 0.12557149 0.17438397 0.12138136 0.22098263 0.29815382 0.26141012 0.18183458 0.17359819 0.24117601 0.17229427 0.08224015 0.1490566 0.16051766 0.103859544 0.2534385 0.15718706 0.14176702 0.10255809 0.2177482 0.07111876 0.07780581 0.1449611 0.15862973 0.16014886 0.121046446 0.14872591 0.2269655 0.18861865 0.16192652 0.09585595 0.1665237 0.44648972 0.14649679,,
576,3x3x128x128,0.15276583 0.13627832 0.20072618 0.08734068 0.23051916 0.12385724 0.05763966 0.4730508 0.11855772 0.1823992 0.18243766 0.22153549 0.1711154 0.13497233 0.15940383 0.31307438 0.16275722 0.15290521 0.101791926 0.17001337 0.24665245 0.08536972 0.19428319 0.1209726 0.11116977 0.22869226 0.23024808 0.25534633 0.21630663 0.1585689 0.14994797 0.20611769 0.15699713 0.19111359 0.13833098 0.10494646 0.1379347 0.08728376 0.12679099 0.19753341 0.301256 0.0911751 0.20847091 0.17988212 0.15088661 0.16650599 0.33295652 0.19070095 0.16334908 0.22558938 0.32094347 0.2075 0.0948468 0.17693374 0.13024901 0.22757432 0.0446616 0.14681095 0.12858288 0.16399448 0.18849427 0.15735668 0.16836986 0.12360289 0.12273827 0.23605625 0.14764455 0.20796758 0.17259118 0.1065252 0.24738067 0.12888396 0.12354955 0.22880827 0.082460515 0.19314644 0.11025783 0.1779873 0.14170416 0.43455613 0.10709098 0.2600541 0.2406859 0.10257002 0.32879254 0.108094476 0.104710005 0.30762106 0.31289366 0.09825296 0.11522308 0.09136615 0.10658941 0.2068014 0.21129607 0.12558681 0.17440526 0.12139618 0.2210096 0.2981902 0.261442 0.18185678 0.17361937 0.24120545 0.17231531 0.08225019 0.1490748 0.16053726 0.103872225 0.25346944 0.15720624 0.14178433 0.10257061 0.21777476 0.07112744 0.0778153 0.1449788 0.1586491 0.16016841 0.12106122 0.14874406 0.2269932 0.18864167 0.1619463 0.095867656 0.16654402 0.4465442 0.14651467,0.15274718 0.13626169 0.20070168 0.08733003 0.23049103 0.12384212 0.05763262 0.47299308 0.11854325 0.18237694 0.1824154 0.22150844 0.1710945 0.13495585 0.15938438 0.31303617 0.16273735 0.15288654 0.1017795 0.16999261 0.24662235 0.0853593 0.19425948 0.120957844 0.1111562 0.22866435 0.23021999 0.25531518 0.21628024 0.15854956 0.14992967 0.20609254 0.15697797 0.19109027 0.1383141 0.10493365 0.13791788 0.08727311 0.1267755 0.1975093 0.30121925 0.09116397 0.20844546 0.17986017 0.15086819 0.16648568 0.33291587 0.19067767 0.16332914 0.22556186 0.32090428 0.20747466 0.09483523 0.17691214 0.13023312 0.22754654 0.04465615 0.14679302 0.12856719 0.16397446 0.18847126 0.15733747 0.16834931 0.12358781 0.12272329 0.23602743 0.14762653 0.20794219 0.17257012 0.1065122 0.24735048 0.12886824 0.12353448 0.22878034 0.08245046 0.19312286 0.11024437 0.1779656 0.14168687 0.4345031 0.10707791 0.26002237 0.24065652 0.1025575 0.3287524 0.10808129 0.10469723 0.30758354 0.31285545 0.098240964 0.11520901 0.091355 0.1065764 0.20677617 0.21127029 0.12557149 0.17438397 0.12138136 0.22098263 0.29815382 0.26141012 0.18183458 0.17359819 0.24117601 0.17229427 0.08224015 0.1490566 0.16051766 0.103859544 0.2534385 0.15718706 0.14176702 0.10255809 0.2177482 0.07111876 0.07780581 0.1449611 0.15862973 0.16014886 0.121046446 0.14872591 0.2269655 0.18861865 0.16192652 0.09585595 0.1665237 0.44648972 0.14649679,,
580,3x3x128x128,0.15276583 0.13627832 0.20072618 0.08734068 0.23051916 0.12385724 0.05763966 0.4730508 0.11855772 0.1823992 0.18243766 0.22153549 0.1711154 0.13497233 0.15940383 0.31307438 0.16275722 0.15290521 0.101791926 0.17001337 0.24665245 0.08536972 0.19428319 0.1209726 0.11116977 0.22869226 0.23024808 0.25534633 0.21630663 0.1585689 0.14994797 0.20611769 0.15699713 0.19111359 0.13833098 0.10494646 0.1379347 0.08728376 0.12679099 0.19753341 0.301256 0.0911751 0.20847091 0.17988212 0.15088661 0.16650599 0.33295652 0.19070095 0.16334908 0.22558938 0.32094347 0.2075 0.0948468 0.17693374 0.13024901 0.22757432 0.0446616 0.14681095 0.12858288 0.16399448 0.18849427 0.15735668 0.16836986 0.12360289 0.12273827 0.23605625 0.14764455 0.20796758 0.17259118 0.1065252 0.24738067 0.12888396 0.12354955 0.22880827 0.082460515 0.19314644 0.11025783 0.1779873 0.14170416 0.43455613 0.10709098 0.2600541 0.2406859 0.10257002 0.32879254 0.108094476 0.104710005 0.30762106 0.31289366 0.09825296 0.11522308 0.09136615 0.10658941 0.2068014 0.21129607 0.12558681 0.17440526 0.12139618 0.2210096 0.2981902 0.261442 0.18185678 0.17361937 0.24120545 0.17231531 0.08225019 0.1490748 0.16053726 0.103872225 0.25346944 0.15720624 0.14178433 0.10257061 0.21777476 0.07112744 0.0778153 0.1449788 0.1586491 0.16016841 0.12106122 0.14874406 0.2269932 0.18864167 0.1619463 0.095867656 0.16654402 0.4465442 0.14651467,0.15274718 0.13626169 0.20070168 0.08733003 0.23049103 0.12384212 0.05763262 0.47299308 0.11854325 0.18237694 0.1824154 0.22150844 0.1710945 0.13495585 0.15938438 0.31303617 0.16273735 0.15288654 0.1017795 0.16999261 0.24662235 0.0853593 0.19425948 0.120957844 0.1111562 0.22866435 0.23021999 0.25531518 0.21628024 0.15854956 0.14992967 0.20609254 0.15697797 0.19109027 0.1383141 0.10493365 0.13791788 0.08727311 0.1267755 0.1975093 0.30121925 0.09116397 0.20844546 0.17986017 0.15086819 0.16648568 0.33291587 0.19067767 0.16332914 0.22556186 0.32090428 0.20747466 0.09483523 0.17691214 0.13023312 0.22754654 0.04465615 0.14679302 0.12856719 0.16397446 0.18847126 0.15733747 0.16834931 0.12358781 0.12272329 0.23602743 0.14762653 0.20794219 0.17257012 0.1065122 0.24735048 0.12886824 0.12353448 0.22878034 0.08245046 0.19312286 0.11024437 0.1779656 0.14168687 0.4345031 0.10707791 0.26002237 0.24065652 0.1025575 0.3287524 0.10808129 0.10469723 0.30758354 0.31285545 0.098240964 0.11520901 0.091355 0.1065764 0.20677617 0.21127029 0.12557149 0.17438397 0.12138136 0.22098263 0.29815382 0.26141012 0.18183458 0.17359819 0.24117601 0.17229427 0.08224015 0.1490566 0.16051766 0.103859544 0.2534385 0.15718706 0.14176702 0.10255809 0.2177482 0.07111876 0.07780581 0.1449611 0.15862973 0.16014886 0.121046446 0.14872591 0.2269655 0.18861865 0.16192652 0.09585595 0.1665237 0.44648972 0.14649679,,
584,3x3x128x128,0.15276583 0.13627832 0.20072618 0.08734068 0.23051916 0.12385724 0.05763966 0.4730508 0.11855772 0.1823992 0.18243766 0.22153549 0.1711154 0.13497233 0.15940383 0.31307438 0.16275722 0.15290521 0.101791926 0.17001337 0.24665245 0.08536972 0.19428319 0.1209726 0.11116977 0.22869226 0.23024808 0.25534633 0.21630663 0.1585689 0.14994797 0.20611769 0.15699713 0.19111359 0.13833098 0.10494646 0.1379347 0.08728376 0.12679099 0.19753341 0.301256 0.0911751 0.20847091 0.17988212 0.15088661 0.16650599 0.33295652 0.19070095 0.16334908 0.22558938 0.32094347 0.2075 0.0948468 0.17693374 0.13024901 0.22757432 0.0446616 0.14681095 0.12858288 0.16399448 0.18849427 0.15735668 0.16836986 0.12360289 0.12273827 0.23605625 0.14764455 0.20796758 0.17259118 0.1065252 0.24738067 0.12888396 0.12354955 0.22880827 0.082460515 0.19314644 0.11025783 0.1779873 0.14170416 0.43455613 0.10709098 0.2600541 0.2406859 0.10257002 0.32879254 0.108094476 0.104710005 0.30762106 0.31289366 0.09825296 0.11522308 0.09136615 0.10658941 0.2068014 0.21129607 0.12558681 0.17440526 0.12139618 0.2210096 0.2981902 0.261442 0.18185678 0.17361937 0.24120545 0.17231531 0.08225019 0.1490748 0.16053726 0.103872225 0.25346944 0.15720624 0.14178433 0.10257061 0.21777476 0.07112744 0.0778153 0.1449788 0.1586491 0.16016841 0.12106122 0.14874406 0.2269932 0.18864167 0.1619463 0.095867656 0.16654402 0.4465442 0.14651467,0.15274718 0.13626169 0.20070168 0.08733003 0.23049103 0.12384212 0.05763262 0.47299308 0.11854325 0.18237694 0.1824154 0.22150844 0.1710945 0.13495585 0.15938438 0.31303617 0.16273735 0.15288654 0.1017795 0.16999261 0.24662235 0.0853593 0.19425948 0.120957844 0.1111562 0.22866435 0.23021999 0.25531518 0.21628024 0.15854956 0.14992967 0.20609254 0.15697797 0.19109027 0.1383141 0.10493365 0.13791788 0.08727311 0.1267755 0.1975093 0.30121925 0.09116397 0.20844546 0.17986017 0.15086819 0.16648568 0.33291587 0.19067767 0.16332914 0.22556186 0.32090428 0.20747466 0.09483523 0.17691214 0.13023312 0.22754654 0.04465615 0.14679302 0.12856719 0.16397446 0.18847126 0.15733747 0.16834931 0.12358781 0.12272329 0.23602743 0.14762653 0.20794219 0.17257012 0.1065122 0.24735048 0.12886824 0.12353448 0.22878034 0.08245046 0.19312286 0.11024437 0.1779656 0.14168687 0.4345031 0.10707791 0.26002237 0.24065652 0.1025575 0.3287524 0.10808129 0.10469723 0.30758354 0.31285545 0.098240964 0.11520901 0.091355 0.1065764 0.20677617 0.21127029 0.12557149 0.17438397 0.12138136 0.22098263 0.29815382 0.26141012 0.18183458 0.17359819 0.24117601 0.17229427 0.08224015 0.1490566 0.16051766 0.103859544 0.2534385 0.15718706 0.14176702 0.10255809 0.2177482 0.07111876 0.07780581 0.1449611 0.15862973 0.16014886 0.121046446 0.14872591 0.2269655 0.18861865 0.16192652 0.09585595 0.1665237 0.44648972 0.14649679,,
588,3x3x128x128,0.15276583 0.13627832 0.20072618 0.08734068 0.23051916 0.12385724 0.05763966 0.4730508 0.11855772 0.1823992 0.18243766 0.22153549 0.1711154 0.13497233 0.15940383 0.31307438 0.16275722 0.15290521 0.101791926 0.17001337 0.24665245 0.08536972 0.19428319 0.1209726 0.11116977 0.22869226 0.23024808 0.25534633 0.21630663 0.1585689 0.14994797 0.20611769 0.15699713 0.19111359 0.13833098 0.10494646 0.1379347 0.08728376 0.12679099 0.19753341 0.301256 0.0911751 0.20847091 0.17988212 0.15088661 0.16650599 0.33295652 0.19070095 0.16334908 0.22558938 0.32094347 0.2075 0.0948468 0.17693374 0.13024901 0.22757432 0.0446616 0.14681095 0.12858288 0.16399448 0.18849427 0.15735668 0.16836986 0.12360289 0.12273827 0.23605625 0.14764455 0.20796758 0.17259118 0.1065252 0.24738067 0.12888396 0.12354955 0.22880827 0.082460515 0.19314644 0.11025783 0.1779873 0.14170416 0.43455613 0.10709098 0.2600541 0.2406859 0.10257002 0.32879254 0.108094476 0.104710005 0.30762106 0.31289366 0.09825296 0.11522308 0.09136615 0.10658941 0.2068014 0.21129607 0.12558681 0.17440526 0.12139618 0.2210096 0.2981902 0.261442 0.18185678 0.17361937 0.24120545 0.17231531 0.08225019 0.1490748 0.16053726 0.103872225 0.25346944 0.15720624 0.14178433 0.10257061 0.21777476 0.07112744 0.0778153 0.1449788 0.1586491 0.16016841 0.12106122 0.14874406 0.2269932 0.18864167 0.1619463 0.095867656 0.16654402 0.4465442 0.14651467,0.15274718 0.13626169 0.20070168 0.08733003 0.23049103 0.12384212 0.05763262 0.47299308 0.11854325 0.18237694 0.1824154 0.22150844 0.1710945 0.13495585 0.15938438 0.31303617 0.16273735 0.15288654 0.1017795 0.16999261 0.24662235 0.0853593 0.19425948 0.120957844 0.1111562 0.22866435 0.23021999 0.25531518 0.21628024 0.15854956 0.14992967 0.20609254 0.15697797 0.19109027 0.1383141 0.10493365 0.13791788 0.08727311 0.1267755 0.1975093 0.30121925 0.09116397 0.20844546 0.17986017 0.15086819 0.16648568 0.33291587 0.19067767 0.16332914 0.22556186 0.32090428 0.20747466 0.09483523 0.17691214 0.13023312 0.22754654 0.04465615 0.14679302 0.12856719 0.16397446 0.18847126 0.15733747 0.16834931 0.12358781 0.12272329 0.23602743 0.14762653 0.20794219 0.17257012 0.1065122 0.24735048 0.12886824 0.12353448 0.22878034 0.08245046 0.19312286 0.11024437 0.1779656 0.14168687 0.4345031 0.10707791 0.26002237 0.24065652 0.1025575 0.3287524 0.10808129 0.10469723 0.30758354 0.31285545 0.098240964 0.11520901 0.091355 0.1065764 0.20677617 0.21127029 0.12557149 0.17438397 0.12138136 0.22098263 0.29815382 0.26141012 0.18183458 0.17359819 0.24117601 0.17229427 0.08224015 0.1490566 0.16051766 0.103859544 0.2534385 0.15718706 0.14176702 0.10255809 0.2177482 0.07111876 0.07780581 0.1449611 0.15862973 0.16014886 0.121046446 0.14872591 0.2269655 0.18861865 0.16192652 0.09585595 0.1665237 0.44648972 0.14649679,,
592,3x3x128x128,0.15276583 0.13627832 0.20072618 0.08734068 0.23051916 0.12385724 0.05763966 0.4730508 0.11855772 0.1823992 0.18243766 0.22153549 0.1711154 0.13497233 0.15940383 0.31307438 0.16275722 0.15290521 0.101791926 0.17001337 0.24665245 0.08536972 0.19428319 0.1209726 0.11116977 0.22869226 0.23024808 0.25534633 0.21630663 0.1585689 0.14994797 0.20611769 0.15699713 0.19111359 0.13833098 0.10494646 0.1379347 0.08728376 0.12679099 0.19753341 0.301256 0.0911751 0.20847091 0.17988212 0.15088661 0.16650599 0.33295652 0.19070095 0.16334908 0.22558938 0.32094347 0.2075 0.0948468 0.17693374 0.13024901 0.22757432 0.0446616 0.14681095 0.12858288 0.16399448 0.18849427 0.15735668 0.16836986 0.12360289 0.12273827 0.23605625 0.14764455 0.20796758 0.17259118 0.1065252 0.24738067 0.12888396 0.12354955 0.22880827 0.082460515 0.19314644 0.11025783 0.1779873 0.14170416 0.43455613 0.10709098 0.2600541 0.2406859 0.10257002 0.32879254 0.108094476 0.104710005 0.30762106 0.31289366 0.09825296 0.11522308 0.09136615 0.10658941 0.2068014 0.21129607 0.12558681 0.17440526 0.12139618 0.2210096 0.2981902 0.261442 0.18185678 0.17361937 0.24120545 0.17231531 0.08225019 0.1490748 0.16053726 0.103872225 0.25346944 0.15720624 0.14178433 0.10257061 0.21777476 0.07112744 0.0778153 0.1449788 0.1586491 0.16016841 0.12106122 0.14874406 0.2269932 0.18864167 0.1619463 0.095867656 0.16654402 0.4465442 0.14651467,0.15274718 0.13626169 0.20070168 0.08733003 0.23049103 0.12384212 0.05763262 0.47299308 0.11854325 0.18237694 0.1824154 0.22150844 0.1710945 0.13495585 0.15938438 0.31303617 0.16273735 0.15288654 0.1017795 0.16999261 0.24662235 0.0853593 0.19425948 0.120957844 0.1111562 0.22866435 0.23021999 0.25531518 0.21628024 0.15854956 0.14992967 0.20609254 0.15697797 0.19109027 0.1383141 0.10493365 0.13791788 0.08727311 0.1267755 0.1975093 0.30121925 0.09116397 0.20844546 0.17986017 0.15086819 0.16648568 0.33291587 0.19067767 0.16332914 0.22556186 0.32090428 0.20747466 0.09483523 0.17691214 0.13023312 0.22754654 0.04465615 0.14679302 0.12856719 0.16397446 0.18847126 0.15733747 0.16834931 0.12358781 0.12272329 0.23602743 0.14762653 0.20794219 0.17257012 0.1065122 0.24735048 0.12886824 0.12353448 0.22878034 0.08245046 0.19312286 0.11024437 0.1779656 0.14168687 0.4345031 0.10707791 0.26002237 0.24065652 0.1025575 0.3287524 0.10808129 0.10469723 0.30758354 0.31285545 0.098240964 0.11520901 0.091355 0.1065764 0.20677617 0.21127029 0.12557149 0.17438397 0.12138136 0.22098263 0.29815382 0.26141012 0.18183458 0.17359819 0.24117601 0.17229427 0.08224015 0.1490566 0.16051766 0.103859544 0.2534385 0.15718706 0.14176702 0.10255809 0.2177482 0.07111876 0.07780581 0.1449611 0.15862973 0.16014886 0.121046446 0.14872591 0.2269655 0.18861865 0.16192652 0.09585595 0.1665237 0.44648972 0.14649679,,
610,3x3x128x128,0.13418521 0.56722784 0.52872586 0.7409506 0.54209167 0.45331863 0.39239758 0.087717585 0.39212808 0.15411764 0.3714908 0.30957747 0.22123605 0.39489377 0.3061354 0.17347786 0.16268113 0.33376566 0.128572 0.28485036 0.20644519 0.47165048 0.84368193 0.46547443 0.23763055 0.3909897 0.20892042 0.11960843 0.21807441 0.31431755 0.34454462 0.37739772 0.18108281 0.13020654 0.39066 0.7011698 0.28745168 0.31940866 0.46357343 0.17653131 0.1026313 0.1337122 0.7537807 0.1659155 0.17062415 0.104359955 0.21835038 0.20582847 0.22623004 0.23650256 0.286417 0.43039858 0.40817237 0.20188715 0.1479991 0.4573424 0.44697285 0.21995705 0.2171535 0.40247378 0.48072132 0.18016969 0.51886255 0.30427274 0.275078 0.44668505 0.15512986 0.27546716 0.4447633 0.34654874 0.15594038 0.40016478 0.80687875 0.5546793 0.06601244 0.40248063 0.52919143 0.3481304 0.25381532 0.586487 0.29450968 0.17902933 0.3306478 0.39271352 0.20956333 0.122458436 0.2544062 0.357204 0.34534407 0.31295347 0.24056655 0.5063561 0.39497623 0.22661963 0.21203358 0.4196124 0.30767798 0.37677926 0.46165773 0.23646449 0.29747984 0.18417759 0.15687527 0.4862777 0.32853708 0.30326164 0.30616057 0.22637907 0.31462955 0.20423603 0.27561128 0.22321896 0.47014695 0.73293966 0.20885763 0.69606066 0.28957528 0.2858517 0.28686446 0.20084915 0.19875993 0.07887669 0.6978495 0.14378332 0.5503722 0.43109778 0.06486038 0.46693933,0.13416883 0.5671586 0.5286614 0.74086016 0.5420255 0.45326328 0.3923497 0.08770688 0.39208022 0.15409884 0.37144545 0.3095397 0.22120905 0.39484558 0.30609804 0.17345668 0.16266127 0.33372492 0.12855631 0.28481558 0.20641999 0.4715929 0.84357893 0.46541762 0.23760155 0.39094198 0.20889492 0.11959384 0.2180478 0.3142792 0.34450257 0.37735164 0.18106072 0.13019064 0.3906123 0.70108426 0.2874166 0.31936967 0.46351683 0.17650977 0.102618776 0.13369589 0.7536887 0.16589525 0.17060332 0.104347214 0.21832372 0.20580336 0.22620243 0.2364737 0.28638205 0.43034604 0.40812254 0.2018625 0.14798103 0.45728657 0.44691828 0.2199302 0.217127 0.40242466 0.48066267 0.18014771 0.5187992 0.3042356 0.2750444 0.44663054 0.15511094 0.27543354 0.444709 0.34650645 0.15592135 0.40011597 0.8067803 0.5546116 0.06600438 0.40243152 0.5291269 0.34808794 0.25378433 0.5864154 0.29447374 0.17900747 0.33060744 0.3926656 0.20953774 0.12244349 0.25437516 0.3571604 0.34530193 0.3129153 0.2405372 0.5062943 0.394928 0.22659197 0.21200772 0.41956118 0.30764043 0.37673327 0.46160138 0.23643564 0.29744354 0.1841551 0.15685612 0.48621833 0.32849696 0.30322462 0.30612323 0.22635144 0.31459114 0.20421112 0.27557766 0.22319172 0.47008955 0.73285025 0.20883214 0.6959757 0.28953993 0.28581682 0.28682947 0.20082463 0.19873567 0.07886706 0.69776434 0.14376578 0.550305 0.43104514 0.06485246 0.46688235,,
614,3x3x128x128,0.13418521 0.56722784 0.52872586 0.7409506 0.54209167 0.45331863 0.39239758 0.087717585 0.39212808 0.15411764 0.3714908 0.30957747 0.22123605 0.39489377 0.3061354 0.17347786 0.16268113 0.33376566 0.128572 0.28485036 0.20644519 0.47165048 0.84368193 0.46547443 0.23763055 0.3909897 0.20892042 0.11960843 0.21807441 0.31431755 0.34454462 0.37739772 0.18108281 0.13020654 0.39066 0.7011698 0.28745168 0.31940866 0.46357343 0.17653131 0.1026313 0.1337122 0.7537807 0.1659155 0.17062415 0.104359955 0.21835038 0.20582847 0.22623004 0.23650256 0.286417 0.43039858 0.40817237 0.20188715 0.1479991 0.4573424 0.44697285 0.21995705 0.2171535 0.40247378 0.48072132 0.18016969 0.51886255 0.30427274 0.275078 0.44668505 0.15512986 0.27546716 0.4447633 0.34654874 0.15594038 0.40016478 0.80687875 0.5546793 0.06601244 0.40248063 0.52919143 0.3481304 0.25381532 0.586487 0.29450968 0.17902933 0.3306478 0.39271352 0.20956333 0.122458436 0.2544062 0.357204 0.34534407 0.31295347 0.24056655 0.5063561 0.39497623 0.22661963 0.21203358 0.4196124 0.30767798 0.37677926 0.46165773 0.23646449 0.29747984 0.18417759 0.15687527 0.4862777 0.32853708 0.30326164 0.30616057 0.22637907 0.31462955 0.20423603 0.27561128 0.22321896 0.47014695 0.73293966 0.20885763 0.69606066 0.28957528 0.2858517 0.28686446 0.20084915 0.19875993 0.07887669 0.6978495 0.14378332 0.5503722 0.43109778 0.06486038 0.46693933,0.13416883 0.5671586 0.5286614 0.74086016 0.5420255 0.45326328 0.3923497 0.08770688 0.39208022 0.15409884 0.37144545 0.3095397 0.22120905 0.39484558 0.30609804 0.17345668 0.16266127 0.33372492 0.12855631 0.28481558 0.20641999 0.4715929 0.84357893 0.46541762 0.23760155 0.39094198 0.20889492 0.11959384 0.2180478 0.3142792 0.34450257 0.37735164 0.18106072 0.13019064 0.3906123 0.70108426 0.2874166 0.31936967 0.46351683 0.17650977 0.102618776 0.13369589 0.7536887 0.16589525 0.17060332 0.104347214 0.21832372 0.20580336 0.22620243 0.2364737 0.28638205 0.43034604 0.40812254 0.2018625 0.14798103 0.45728657 0.44691828 0.2199302 0.217127 0.40242466 0.48066267 0.18014771 0.5187992 0.3042356 0.2750444 0.44663054 0.15511094 0.27543354 0.444709 0.34650645 0.15592135 0.40011597 0.8067803 0.5546116 0.06600438 0.40243152 0.5291269 0.34808794 0.25378433 0.5864154 0.29447374 0.17900747 0.33060744 0.3926656 0.20953774 0.12244349 0.25437516 0.3571604 0.34530193 0.3129153 0.2405372 0.5062943 0.394928 0.22659197 0.21200772 0.41956118 0.30764043 0.37673327 0.46160138 0.23643564 0.29744354 0.1841551 0.15685612 0.48621833 0.32849696 0.30322462 0.30612323 0.22635144 0.31459114 0.20421112 0.27557766 0.22319172 0.47008955 0.73285025 0.20883214 0.6959757 0.28953993 0.28581682 0.28682947 0.20082463 0.19873567 0.07886706 0.69776434 0.14376578 0.550305 0.43104514 0.06485246 0.46688235,,
618,3x3x128x128,0.13418521 0.56722784 0.52872586 0.7409506 0.54209167 0.45331863 0.39239758 0.087717585 0.39212808 0.15411764 0.3714908 0.30957747 0.22123605 0.39489377 0.3061354 0.17347786 0.16268113 0.33376566 0.128572 0.28485036 0.20644519 0.47165048 0.84368193 0.46547443 0.23763055 0.3909897 0.20892042 0.11960843 0.21807441 0.31431755 0.34454462 0.37739772 0.18108281 0.13020654 0.39066 0.7011698 0.28745168 0.31940866 0.46357343 0.17653131 0.1026313 0.1337122 0.7537807 0.1659155 0.17062415 0.104359955 0.21835038 0.20582847 0.22623004 0.23650256 0.286417 0.43039858 0.40817237 0.20188715 0.1479991 0.4573424 0.44697285 0.21995705 0.2171535 0.40247378 0.48072132 0.18016969 0.51886255 0.30427274 0.275078 0.44668505 0.15512986 0.27546716 0.4447633 0.34654874 0.15594038 0.40016478 0.80687875 0.5546793 0.06601244 0.40248063 0.52919143 0.3481304 0.25381532 0.586487 0.29450968 0.17902933 0.3306478 0.39271352 0.20956333 0.122458436 0.2544062 0.357204 0.34534407 0.31295347 0.24056655 0.5063561 0.39497623 0.22661963 0.21203358 0.4196124 0.30767798 0.37677926 0.46165773 0.23646449 0.29747984 0.18417759 0.15687527 0.4862777 0.32853708 0.30326164 0.30616057 0.22637907 0.31462955 0.20423603 0.27561128 0.22321896 0.47014695 0.73293966 0.20885763 0.69606066 0.28957528 0.2858517 0.28686446 0.20084915 0.19875993 0.07887669 0.6978495 0.14378332 0.5503722 0.43109778 0.06486038 0.46693933,0.13416883 0.5671586 0.5286614 0.74086016 0.5420255 0.45326328 0.3923497 0.08770688 0.39208022 0.15409884 0.37144545 0.3095397 0.22120905 0.39484558 0.30609804 0.17345668 0.16266127 0.33372492 0.12855631 0.28481558 0.20641999 0.4715929 0.84357893 0.46541762 0.23760155 0.39094198 0.20889492 0.11959384 0.2180478 0.3142792 0.34450257 0.37735164 0.18106072 0.13019064 0.3906123 0.70108426 0.2874166 0.31936967 0.46351683 0.17650977 0.102618776 0.13369589 0.7536887 0.16589525 0.17060332 0.104347214 0.21832372 0.20580336 0.22620243 0.2364737 0.28638205 0.43034604 0.40812254 0.2018625 0.14798103 0.45728657 0.44691828 0.2199302 0.217127 0.40242466 0.48066267 0.18014771 0.5187992 0.3042356 0.2750444 0.44663054 0.15511094 0.27543354 0.444709 0.34650645 0.15592135 0.40011597 0.8067803 0.5546116 0.06600438 0.40243152 0.5291269 0.34808794 0.25378433 0.5864154 0.29447374 0.17900747 0.33060744 0.3926656 0.20953774 0.12244349 0.25437516 0.3571604 0.34530193 0.3129153 0.2405372 0.5062943 0.394928 0.22659197 0.21200772 0.41956118 0.30764043 0.37673327 0.46160138 0.23643564 0.29744354 0.1841551 0.15685612 0.48621833 0.32849696 0.30322462 0.30612323 0.22635144 0.31459114 0.20421112 0.27557766 0.22319172 0.47008955 0.73285025 0.20883214 0.6959757 0.28953993 0.28581682 0.28682947 0.20082463 0.19873567 0.07886706 0.69776434 0.14376578 0.550305 0.43104514 0.06485246 0.46688235,,
622,3x3x128x128,0.13418521 0.56722784 0.52872586 0.7409506 0.54209167 0.45331863 0.39239758 0.087717585 0.39212808 0.15411764 0.3714908 0.30957747 0.22123605 0.39489377 0.3061354 0.17347786 0.16268113 0.33376566 0.128572 0.28485036 0.20644519 0.47165048 0.84368193 0.46547443 0.23763055 0.3909897 0.20892042 0.11960843 0.21807441 0.31431755 0.34454462 0.37739772 0.18108281 0.13020654 0.39066 0.7011698 0.28745168 0.31940866 0.46357343 0.17653131 0.1026313 0.1337122 0.7537807 0.1659155 0.17062415 0.104359955 0.21835038 0.20582847 0.22623004 0.23650256 0.286417 0.43039858 0.40817237 0.20188715 0.1479991 0.4573424 0.44697285 0.21995705 0.2171535 0.40247378 0.48072132 0.18016969 0.51886255 0.30427274 0.275078 0.44668505 0.15512986 0.27546716 0.4447633 0.34654874 0.15594038 0.40016478 0.80687875 0.5546793 0.06601244 0.40248063 0.52919143 0.3481304 0.25381532 0.586487 0.29450968 0.17902933 0.3306478 0.39271352 0.20956333 0.122458436 0.2544062 0.357204 0.34534407 0.31295347 0.24056655 0.5063561 0.39497623 0.22661963 0.21203358 0.4196124 0.30767798 0.37677926 0.46165773 0.23646449 0.29747984 0.18417759 0.15687527 0.4862777 0.32853708 0.30326164 0.30616057 0.22637907 0.31462955 0.20423603 0.27561128 0.22321896 0.47014695 0.73293966 0.20885763 0.69606066 0.28957528 0.2858517 0.28686446 0.20084915 0.19875993 0.07887669 0.6978495 0.14378332 0.5503722 0.43109778 0.06486038 0.46693933,0.13416883 0.5671586 0.5286614 0.74086016 0.5420255 0.45326328 0.3923497 0.08770688 0.39208022 0.15409884 0.37144545 0.3095397 0.22120905 0.39484558 0.30609804 0.17345668 0.16266127 0.33372492 0.12855631 0.28481558 0.20641999 0.4715929 0.84357893 0.46541762 0.23760155 0.39094198 0.20889492 0.11959384 0.2180478 0.3142792 0.34450257 0.37735164 0.18106072 0.13019064 0.3906123 0.70108426 0.2874166 0.31936967 0.46351683 0.17650977 0.102618776 0.13369589 0.7536887 0.16589525 0.17060332 0.104347214 0.21832372 0.20580336 0.22620243 0.2364737 0.28638205 0.43034604 0.40812254 0.2018625 0.14798103 0.45728657 0.44691828 0.2199302 0.217127 0.40242466 0.48066267 0.18014771 0.5187992 0.3042356 0.2750444 0.44663054 0.15511094 0.27543354 0.444709 0.34650645 0.15592135 0.40011597 0.8067803 0.5546116 0.06600438 0.40243152 0.5291269 0.34808794 0.25378433 0.5864154 0.29447374 0.17900747 0.33060744 0.3926656 0.20953774 0.12244349 0.25437516 0.3571604 0.34530193 0.3129153 0.2405372 0.5062943 0.394928 0.22659197 0.21200772 0.41956118 0.30764043 0.37673327 0.46160138 0.23643564 0.29744354 0.1841551 0.15685612 0.48621833 0.32849696 0.30322462 0.30612323 0.22635144 0.31459114 0.20421112 0.27557766 0.22319172 0.47008955 0.73285025 0.20883214 0.6959757 0.28953993 0.28581682 0.28682947 0.20082463 0.19873567 0.07886706 0.69776434 0.14376578 0.550305 0.43104514 0.06485246 0.46688235,,
626,3x3x128x128,0.13418521 0.56722784 0.52872586 0.7409506 0.54209167 0.45331863 0.39239758 0.087717585 0.39212808 0.15411764 0.3714908 0.30957747 0.22123605 0.39489377 0.3061354 0.17347786 0.16268113 0.33376566 0.128572 0.28485036 0.20644519 0.47165048 0.84368193 0.46547443 0.23763055 0.3909897 0.20892042 0.11960843 0.21807441 0.31431755 0.34454462 0.37739772 0.18108281 0.13020654 0.39066 0.7011698 0.28745168 0.31940866 0.46357343 0.17653131 0.1026313 0.1337122 0.7537807 0.1659155 0.17062415 0.104359955 0.21835038 0.20582847 0.22623004 0.23650256 0.286417 0.43039858 0.40817237 0.20188715 0.1479991 0.4573424 0.44697285 0.21995705 0.2171535 0.40247378 0.48072132 0.18016969 0.51886255 0.30427274 0.275078 0.44668505 0.15512986 0.27546716 0.4447633 0.34654874 0.15594038 0.40016478 0.80687875 0.5546793 0.06601244 0.40248063 0.52919143 0.3481304 0.25381532 0.586487 0.29450968 0.17902933 0.3306478 0.39271352 0.20956333 0.122458436 0.2544062 0.357204 0.34534407 0.31295347 0.24056655 0.5063561 0.39497623 0.22661963 0.21203358 0.4196124 0.30767798 0.37677926 0.46165773 0.23646449 0.29747984 0.18417759 0.15687527 0.4862777 0.32853708 0.30326164 0.30616057 0.22637907 0.31462955 0.20423603 0.27561128 0.22321896 0.47014695 0.73293966 0.20885763 0.69606066 0.28957528 0.2858517 0.28686446 0.20084915 0.19875993 0.07887669 0.6978495 0.14378332 0.5503722 0.43109778 0.06486038 0.46693933,0.13416883 0.5671586 0.5286614 0.74086016 0.5420255 0.45326328 0.3923497 0.08770688 0.39208022 0.15409884 0.37144545 0.3095397 0.22120905 0.39484558 0.30609804 0.17345668 0.16266127 0.33372492 0.12855631 0.28481558 0.20641999 0.4715929 0.84357893 0.46541762 0.23760155 0.39094198 0.20889492 0.11959384 0.2180478 0.3142792 0.34450257 0.37735164 0.18106072 0.13019064 0.3906123 0.70108426 0.2874166 0.31936967 0.46351683 0.17650977 0.102618776 0.13369589 0.7536887 0.16589525 0.17060332 0.104347214 0.21832372 0.20580336 0.22620243 0.2364737 0.28638205 0.43034604 0.40812254 0.2018625 0.14798103 0.45728657 0.44691828 0.2199302 0.217127 0.40242466 0.48066267 0.18014771 0.5187992 0.3042356 0.2750444 0.44663054 0.15511094 0.27543354 0.444709 0.34650645 0.15592135 0.40011597 0.8067803 0.5546116 0.06600438 0.40243152 0.5291269 0.34808794 0.25378433 0.5864154 0.29447374 0.17900747 0.33060744 0.3926656 0.20953774 0.12244349 0.25437516 0.3571604 0.34530193 0.3129153 0.2405372 0.5062943 0.394928 0.22659197 0.21200772 0.41956118 0.30764043 0.37673327 0.46160138 0.23643564 0.29744354 0.1841551 0.15685612 0.48621833 0.32849696 0.30322462 0.30612323 0.22635144 0.31459114 0.20421112 0.27557766 0.22319172 0.47008955 0.73285025 0.20883214 0.6959757 0.28953993 0.28581682 0.28682947 0.20082463 0.19873567 0.07886706 0.69776434 0.14376578 0.550305 0.43104514 0.06485246 0.46688235,,
630,3x3x128x128,0.13418521 0.56722784 0.52872586 0.7409506 0.54209167 0.45331863 0.39239758 0.087717585 0.39212808 0.15411764 0.3714908 0.30957747 0.22123605 0.39489377 0.3061354 0.17347786 0.16268113 0.33376566 0.128572 0.28485036 0.20644519 0.47165048 0.84368193 0.46547443 0.23763055 0.3909897 0.20892042 0.11960843 0.21807441 0.31431755 0.34454462 0.37739772 0.18108281 0.13020654 0.39066 0.7011698 0.28745168 0.31940866 0.46357343 0.17653131 0.1026313 0.1337122 0.7537807 0.1659155 0.17062415 0.104359955 0.21835038 0.20582847 0.22623004 0.23650256 0.286417 0.43039858 0.40817237 0.20188715 0.1479991 0.4573424 0.44697285 0.21995705 0.2171535 0.40247378 0.48072132 0.18016969 0.51886255 0.30427274 0.275078 0.44668505 0.15512986 0.27546716 0.4447633 0.34654874 0.15594038 0.40016478 0.80687875 0.5546793 0.06601244 0.40248063 0.52919143 0.3481304 0.25381532 0.586487 0.29450968 0.17902933 0.3306478 0.39271352 0.20956333 0.122458436 0.2544062 0.357204 0.34534407 0.31295347 0.24056655 0.5063561 0.39497623 0.22661963 0.21203358 0.4196124 0.30767798 0.37677926 0.46165773 0.23646449 0.29747984 0.18417759 0.15687527 0.4862777 0.32853708 0.30326164 0.30616057 0.22637907 0.31462955 0.20423603 0.27561128 0.22321896 0.47014695 0.73293966 0.20885763 0.69606066 0.28957528 0.2858517 0.28686446 0.20084915 0.19875993 0.07887669 0.6978495 0.14378332 0.5503722 0.43109778 0.06486038 0.46693933,0.13416883 0.5671586 0.5286614 0.74086016 0.5420255 0.45326328 0.3923497 0.08770688 0.39208022 0.15409884 0.37144545 0.3095397 0.22120905 0.39484558 0.30609804 0.17345668 0.16266127 0.33372492 0.12855631 0.28481558 0.20641999 0.4715929 0.84357893 0.46541762 0.23760155 0.39094198 0.20889492 0.11959384 0.2180478 0.3142792 0.34450257 0.37735164 0.18106072 0.13019064 0.3906123 0.70108426 0.2874166 0.31936967 0.46351683 0.17650977 0.102618776 0.13369589 0.7536887 0.16589525 0.17060332 0.104347214 0.21832372 0.20580336 0.22620243 0.2364737 0.28638205 0.43034604 0.40812254 0.2018625 0.14798103 0.45728657 0.44691828 0.2199302 0.217127 0.40242466 0.48066267 0.18014771 0.5187992 0.3042356 0.2750444 0.44663054 0.15511094 0.27543354 0.444709 0.34650645 0.15592135 0.40011597 0.8067803 0.5546116 0.06600438 0.40243152 0.5291269 0.34808794 0.25378433 0.5864154 0.29447374 0.17900747 0.33060744 0.3926656 0.20953774 0.12244349 0.25437516 0.3571604 0.34530193 0.3129153 0.2405372 0.5062943 0.394928 0.22659197 0.21200772 0.41956118 0.30764043 0.37673327 0.46160138 0.23643564 0.29744354 0.1841551 0.15685612 0.48621833 0.32849696 0.30322462 0.30612323 0.22635144 0.31459114 0.20421112 0.27557766 0.22319172 0.47008955 0.73285025 0.20883214 0.6959757 0.28953993 0.28581682 0.28682947 0.20082463 0.19873567 0.07886706 0.69776434 0.14376578 0.550305 0.43104514 0.06485246 0.46688235,,
648,3x3x128x256,0.069487385 0.2037762 0.060428955 0.06013362 0.07341872 0.0446383 0.07077448 0.068396024 0.105093025 0.06883659 0.11247574 0.13010764 0.043377344 0.07157068 0.04776085 0.10429106 0.09337002 0.06634173 0.16842751 0.11305954 0.103943855 0.06148308 0.08433133 0.1012217 0.061006177 0.036138687 0.07223025 0.14861828 0.2446759 0.056861576 0.05566476 0.08959105 0.06572328 0.049562342 0.094393544 0.09866219 0.04297947 0.09031221 0.053901903 0.07825288 0.07801 0.10368628 0.05949694 0.13170356 0.062352642 0.08577227 0.123789385 0.077047385 0.08373805 0.04765812 0.10901492 0.08127937 0.13195503 0.10982724 0.10082742 0.058984853 0.062410492 0.10670449 0.10696959 0.058894068 0.04476196 0.12476109 0.1638467 0.08592908 0.08137223 0.06416495 0.15561034 0.15933685 0.060652204 0.12627044 0.048587654 0.15321334 0.08045301 0.13381054 0.13242495 0.1122862 0.102939494 0.09176592 0.14619696 0.094304174 0.11703836 0.08761978 0.14506301 0.08438579 0.055542517 0.1314657 0.062007483 0.05622552 0.06331399 0.10638098 0.08691298 0.10584569 0.1061683 0.18983442 0.111606106 0.0866288 0.10660894 0.05277284 0.056868583 0.11821183 0.1122721 0.13810918 0.064449266 0.05246981 0.084365755 0.11009168 0.058439296 0.04310796 0.075827755 0.10129146 0.045353264 0.046316255 0.13124594 0.15193745 0.07724954 0.070660666 0.09015368 0.062036175 0.054663878 0.09337221 0.057058763 0.14127223 0.06022294 0.047849376 0.1637353 0.06961648 0.107301705 0.05333617 0.11490363 0.12021132 0.06478136 0.085452385 0.040632 0.114886135 0.07912243 0.10932597 0.10465512 0.12073302 0.050528284 0.09902175 0.12719487 0.10122659 0.07013894 0.062465377 0.057594724 0.098185614 0.071339495 0.061324716 0.11352571 0.067089655 0.08266882 0.065732844 0.10763646 0.08491002 0.11307229 0.099445194 0.07776847 0.06475572 0.07238804 0.08654004 0.10678788 0.0795507 0.08652026 0.10887796 0.05733993 0.14557005 0.1287851 0.048069824 0.08983779 0.12800261 0.10450418 0.047551583 0.06761184 0.0833971 0.09334349 0.078879684 0.07027501 0.15143128 0.08759675 0.0653322 0.05079589 0.102693506 0.17467867 0.107276104 0.10162779 0.08199376 0.06177438 0.08915086 0.10693766 0.06936823 0.08108281 0.04935077 0.09474726 0.10788026 0.10526706 0.0645687 0.11626868 0.057375766 0.12794828 0.10234559 0.09612757 0.03486564 0.06917328 0.0868059 0.1082237 0.044240788 0.1315149 0.07267318 0.14905845 0.10814626 0.08053204 0.11232735 0.08303737 0.085730776 0.05101655 0.17658658 0.045990236 0.12926905 0.068118624 0.053043507 0.06908174 0.05172026 0.052268527 0.10027714 0.14937553 0.1267879 0.072339326 0.13484049 0.09650765 0.081631415 0.10763292 0.09085526 0.12256908 0.047072724 0.07876055 0.06914 0.09295427 0.096003525 0.049972005 0.05828442 0.06163382 0.07222091 0.090855435 0.16748573 0.063694194 0.16051808 0.13522066 0.22829752 0.097993106 0.1541721 0.06297627 0.07715265 0.05707854 0.067274004 0.062224794 0.052842896,0.06947891 0.20375133 0.060421582 0.060126282 0.073409766 0.04463285 0.07076584 0.06838767 0.105080195 0.068828195 0.11246201 0.13009177 0.04337205 0.07156194 0.047755025 0.104278326 0.09335862 0.06633364 0.16840695 0.113045745 0.10393117 0.06147558 0.08432104 0.10120935 0.060998734 0.036134277 0.072221436 0.14860015 0.24464604 0.056854635 0.055657968 0.08958012 0.06571526 0.049556296 0.094382025 0.09865015 0.042974226 0.090301186 0.053895324 0.07824333 0.07800048 0.10367362 0.05948968 0.13168749 0.062345035 0.0857618 0.12377428 0.07703798 0.08372784 0.0476523 0.10900162 0.08126944 0.13193893 0.10981384 0.10081512 0.058977652 0.062402878 0.106691465 0.106956534 0.05888688 0.044756494 0.12474587 0.1638267 0.0859186 0.0813623 0.06415712 0.15559134 0.1593174 0.0606448 0.12625504 0.048581727 0.15319464 0.08044319 0.1337942 0.1324088 0.1122725 0.10292693 0.09175472 0.14617911 0.09429267 0.11702408 0.08760909 0.14504531 0.08437549 0.05553574 0.13144967 0.061999913 0.056218658 0.063306265 0.106368 0.08690238 0.10583277 0.10615534 0.18981126 0.11159249 0.08661823 0.106595926 0.052766398 0.056861643 0.1181974 0.1122584 0.13809232 0.064441405 0.052463405 0.08435546 0.11007824 0.05843216 0.0431027 0.0758185 0.1012791 0.045347728 0.0463106 0.13122992 0.1519189 0.07724011 0.07065204 0.09014268 0.0620286 0.054657206 0.09336081 0.0570518 0.14125499 0.06021559 0.04784354 0.16371532 0.06960798 0.107288614 0.053329658 0.11488961 0.12019665 0.064773455 0.08544196 0.04062704 0.11487211 0.079112776 0.109312624 0.10464234 0.12071829 0.050522115 0.09900966 0.12717935 0.10121424 0.07013038 0.06245775 0.057587694 0.098173626 0.07133079 0.06131723 0.11351186 0.06708147 0.08265873 0.06572483 0.107623324 0.08489966 0.11305849 0.09943306 0.077758975 0.064747825 0.07237921 0.086529486 0.10677485 0.07954099 0.086509705 0.108864665 0.05733293 0.14555229 0.12876938 0.048063956 0.08982683 0.12798698 0.10449143 0.04754578 0.06760359 0.08338692 0.0933321 0.07887006 0.07026643 0.1514128 0.08758606 0.065324225 0.05078969 0.10268097 0.17465736 0.10726301 0.10161539 0.08198375 0.061766844 0.089139976 0.106924616 0.06935976 0.08107292 0.04934475 0.0947357 0.10786709 0.10525421 0.06456082 0.116254486 0.057368767 0.12793267 0.1023331 0.09611584 0.034861386 0.069164835 0.08679531 0.1082105 0.044235386 0.13149886 0.072664306 0.14904025 0.108133055 0.08052221 0.11231364 0.083027236 0.08572031 0.05101032 0.17656504 0.045984626 0.12925328 0.06811031 0.053037036 0.06907331 0.051713947 0.052262146 0.10026491 0.14935729 0.12677242 0.0723305 0.13482402 0.096495874 0.08162145 0.107619785 0.09084418 0.12255412 0.04706698 0.07875094 0.06913157 0.09294293 0.09599181 0.049965907 0.058277305 0.0616263 0.07221209 0.09084435 0.1674653 0.063686416 0.1604985 0.13520415 0.22826965 0.09798115 0.15415329 0.06296859 0.07714323 0.057071574 0.06726579 0.0622172 0.052836448,,
652,3x3x128x256,0.069487385 0.2037762 0.060428955 0.06013362 0.07341872 0.0446383 0.07077448 0.068396024 0.105093025 0.06883659 0.11247574 0.13010764 0.043377344 0.07157068 0.04776085 0.10429106 0.09337002 0.06634173 0.16842751 0.11305954 0.103943855 0.06148308 0.08433133 0.1012217 0.061006177 0.036138687 0.07223025 0.14861828 0.2446759 0.056861576 0.05566476 0.08959105 0.06572328 0.049562342 0.094393544 0.09866219 0.04297947 0.09031221 0.053901903 0.07825288 0.07801 0.10368628 0.05949694 0.13170356 0.062352642 0.08577227 0.123789385 0.077047385 0.08373805 0.04765812 0.10901492 0.08127937 0.13195503 0.10982724 0.10082742 0.058984853 0.062410492 0.10670449 0.10696959 0.058894068 0.04476196 0.12476109 0.1638467 0.08592908 0.08137223 0.06416495 0.15561034 0.15933685 0.060652204 0.12627044 0.048587654 0.15321334 0.08045301 0.13381054 0.13242495 0.1122862 0.102939494 0.09176592 0.14619696 0.094304174 0.11703836 0.08761978 0.14506301 0.08438579 0.055542517 0.1314657 0.062007483 0.05622552 0.06331399 0.10638098 0.08691298 0.10584569 0.1061683 0.18983442 0.111606106 0.0866288 0.10660894 0.05277284 0.056868583 0.11821183 0.1122721 0.13810918 0.064449266 0.05246981 0.084365755 0.11009168 0.058439296 0.04310796 0.075827755 0.10129146 0.045353264 0.046316255 0.13124594 0.15193745 0.07724954 0.070660666 0.09015368 0.062036175 0.054663878 0.09337221 0.057058763 0.14127223 0.06022294 0.047849376 0.1637353 0.06961648 0.107301705 0.05333617 0.11490363 0.12021132 0.06478136 0.085452385 0.040632 0.114886135 0.07912243 0.10932597 0.10465512 0.12073302 0.050528284 0.09902175 0.12719487 0.10122659 0.07013894 0.062465377 0.057594724 0.098185614 0.071339495 0.061324716 0.11352571 0.067089655 0.08266882 0.065732844 0.10763646 0.08491002 0.11307229 0.099445194 0.07776847 0.06475572 0.07238804 0.08654004 0.10678788 0.0795507 0.08652026 0.10887796 0.05733993 0.14557005 0.1287851 0.048069824 0.08983779 0.12800261 0.10450418 0.047551583 0.06761184 0.0833971 0.09334349 0.078879684 0.07027501 0.15143128 0.08759675 0.0653322 0.05079589 0.102693506 0.17467867 0.107276104 0.10162779 0.08199376 0.06177438 0.08915086 0.10693766 0.06936823 0.08108281 0.04935077 0.09474726 0.10788026 0.10526706 0.0645687 0.11626868 0.057375766 0.12794828 0.10234559 0.09612757 0.03486564 0.06917328 0.0868059 0.1082237 0.044240788 0.1315149 0.07267318 0.14905845 0.10814626 0.08053204 0.11232735 0.08303737 0.085730776 0.05101655 0.17658658 0.045990236 0.12926905 0.068118624 0.053043507 0.06908174 0.05172026 0.052268527 0.10027714 0.14937553 0.1267879 0.072339326 0.13484049 0.09650765 0.081631415 0.10763292 0.09085526 0.12256908 0.047072724 0.07876055 0.06914 0.09295427 0.096003525 0.049972005 0.05828442 0.06163382 0.07222091 0.090855435 0.16748573 0.063694194 0.16051808 0.13522066 0.22829752 0.097993106 0.1541721 0.06297627 0.07715265 0.05707854 0.067274004 0.062224794 0.052842896,0.06947891 0.20375133 0.060421582 0.060126282 0.073409766 0.04463285 0.07076584 0.06838767 0.105080195 0.068828195 0.11246201 0.13009177 0.04337205 0.07156194 0.047755025 0.104278326 0.09335862 0.06633364 0.16840695 0.113045745 0.10393117 0.06147558 0.08432104 0.10120935 0.060998734 0.036134277 0.072221436 0.14860015 0.24464604 0.056854635 0.055657968 0.08958012 0.06571526 0.049556296 0.094382025 0.09865015 0.042974226 0.090301186 0.053895324 0.07824333 0.07800048 0.10367362 0.05948968 0.13168749 0.062345035 0.0857618 0.12377428 0.07703798 0.08372784 0.0476523 0.10900162 0.08126944 0.13193893 0.10981384 0.10081512 0.058977652 0.062402878 0.106691465 0.106956534 0.05888688 0.044756494 0.12474587 0.1638267 0.0859186 0.0813623 0.06415712 0.15559134 0.1593174 0.0606448 0.12625504 0.048581727 0.15319464 0.08044319 0.1337942 0.1324088 0.1122725 0.10292693 0.09175472 0.14617911 0.09429267 0.11702408 0.08760909 0.14504531 0.08437549 0.05553574 0.13144967 0.061999913 0.056218658 0.063306265 0.106368 0.08690238 0.10583277 0.10615534 0.18981126 0.11159249 0.08661823 0.106595926 0.052766398 0.056861643 0.1181974 0.1122584 0.13809232 0.064441405 0.052463405 0.08435546 0.11007824 0.05843216 0.0431027 0.0758185 0.1012791 0.045347728 0.0463106 0.13122992 0.1519189 0.07724011 0.07065204 0.09014268 0.0620286 0.054657206 0.09336081 0.0570518 0.14125499 0.06021559 0.04784354 0.16371532 0.06960798 0.107288614 0.053329658 0.11488961 0.12019665 0.064773455 0.08544196 0.04062704 0.11487211 0.079112776 0.109312624 0.10464234 0.12071829 0.050522115 0.09900966 0.12717935 0.10121424 0.07013038 0.06245775 0.057587694 0.098173626 0.07133079 0.06131723 0.11351186 0.06708147 0.08265873 0.06572483 0.107623324 0.08489966 0.11305849 0.09943306 0.077758975 0.064747825 0.07237921 0.086529486 0.10677485 0.07954099 0.086509705 0.108864665 0.05733293 0.14555229 0.12876938 0.048063956 0.08982683 0.12798698 0.10449143 0.04754578 0.06760359 0.08338692 0.0933321 0.07887006 0.07026643 0.1514128 0.08758606 0.065324225 0.05078969 0.10268097 0.17465736 0.10726301 0.10161539 0.08198375 0.061766844 0.089139976 0.106924616 0.06935976 0.08107292 0.04934475 0.0947357 0.10786709 0.10525421 0.06456082 0.116254486 0.057368767 0.12793267 0.1023331 0.09611584 0.034861386 0.069164835 0.08679531 0.1082105 0.044235386 0.13149886 0.072664306 0.14904025 0.108133055 0.08052221 0.11231364 0.083027236 0.08572031 0.05101032 0.17656504 0.045984626 0.12925328 0.06811031 0.053037036 0.06907331 0.051713947 0.052262146 0.10026491 0.14935729 0.12677242 0.0723305 0.13482402 0.096495874 0.08162145 0.107619785 0.09084418 0.12255412 0.04706698 0.07875094 0.06913157 0.09294293 0.09599181 0.049965907 0.058277305 0.0616263 0.07221209 0.09084435 0.1674653 0.063686416 0.1604985 0.13520415 0.22826965 0.09798115 0.15415329 0.06296859 0.07714323 0.057071574 0.06726579 0.0622172 0.052836448,,
656,3x3x128x256,0.069487385 0.2037762 0.060428955 0.06013362 0.07341872 0.0446383 0.07077448 0.068396024 0.105093025 0.06883659 0.11247574 0.13010764 0.043377344 0.07157068 0.04776085 0.10429106 0.09337002 0.06634173 0.16842751 0.11305954 0.103943855 0.06148308 0.08433133 0.1012217 0.061006177 0.036138687 0.07223025 0.14861828 0.2446759 0.056861576 0.05566476 0.08959105 0.06572328 0.049562342 0.094393544 0.09866219 0.04297947 0.09031221 0.053901903 0.07825288 0.07801 0.10368628 0.05949694 0.13170356 0.062352642 0.08577227 0.123789385 0.077047385 0.08373805 0.04765812 0.10901492 0.08127937 0.13195503 0.10982724 0.10082742 0.058984853 0.062410492 0.10670449 0.10696959 0.058894068 0.04476196 0.12476109 0.1638467 0.08592908 0.08137223 0.06416495 0.15561034 0.15933685 0.060652204 0.12627044 0.048587654 0.15321334 0.08045301 0.13381054 0.13242495 0.1122862 0.102939494 0.09176592 0.14619696 0.094304174 0.11703836 0.08761978 0.14506301 0.08438579 0.055542517 0.1314657 0.062007483 0.05622552 0.06331399 0.10638098 0.08691298 0.10584569 0.1061683 0.18983442 0.111606106 0.0866288 0.10660894 0.05277284 0.056868583 0.11821183 0.1122721 0.13810918 0.064449266 0.05246981 0.084365755 0.11009168 0.058439296 0.04310796 0.075827755 0.10129146 0.045353264 0.046316255 0.13124594 0.15193745 0.07724954 0.070660666 0.09015368 0.062036175 0.054663878 0.09337221 0.057058763 0.14127223 0.06022294 0.047849376 0.1637353 0.06961648 0.107301705 0.05333617 0.11490363 0.12021132 0.06478136 0.085452385 0.040632 0.114886135 0.07912243 0.10932597 0.10465512 0.12073302 0.050528284 0.09902175 0.12719487 0.10122659 0.07013894 0.062465377 0.057594724 0.098185614 0.071339495 0.061324716 0.11352571 0.067089655 0.08266882 0.065732844 0.10763646 0.08491002 0.11307229 0.099445194 0.07776847 0.06475572 0.07238804 0.08654004 0.10678788 0.0795507 0.08652026 0.10887796 0.05733993 0.14557005 0.1287851 0.048069824 0.08983779 0.12800261 0.10450418 0.047551583 0.06761184 0.0833971 0.09334349 0.078879684 0.07027501 0.15143128 0.08759675 0.0653322 0.05079589 0.102693506 0.17467867 0.107276104 0.10162779 0.08199376 0.06177438 0.08915086 0.10693766 0.06936823 0.08108281 0.04935077 0.09474726 0.10788026 0.10526706 0.0645687 0.11626868 0.057375766 0.12794828 0.10234559 0.09612757 0.03486564 0.06917328 0.0868059 0.1082237 0.044240788 0.1315149 0.07267318 0.14905845 0.10814626 0.08053204 0.11232735 0.08303737 0.085730776 0.05101655 0.17658658 0.045990236 0.12926905 0.068118624 0.053043507 0.06908174 0.05172026 0.052268527 0.10027714 0.14937553 0.1267879 0.072339326 0.13484049 0.09650765 0.081631415 0.10763292 0.09085526 0.12256908 0.047072724 0.07876055 0.06914 0.09295427 0.096003525 0.049972005 0.05828442 0.06163382 0.07222091 0.090855435 0.16748573 0.063694194 0.16051808 0.13522066 0.22829752 0.097993106 0.1541721 0.06297627 0.07715265 0.05707854 0.067274004 0.062224794 0.052842896,0.06947891 0.20375133 0.060421582 0.060126282 0.073409766 0.04463285 0.07076584 0.06838767 0.105080195 0.068828195 0.11246201 0.13009177 0.04337205 0.07156194 0.047755025 0.104278326 0.09335862 0.06633364 0.16840695 0.113045745 0.10393117 0.06147558 0.08432104 0.10120935 0.060998734 0.036134277 0.072221436 0.14860015 0.24464604 0.056854635 0.055657968 0.08958012 0.06571526 0.049556296 0.094382025 0.09865015 0.042974226 0.090301186 0.053895324 0.07824333 0.07800048 0.10367362 0.05948968 0.13168749 0.062345035 0.0857618 0.12377428 0.07703798 0.08372784 0.0476523 0.10900162 0.08126944 0.13193893 0.10981384 0.10081512 0.058977652 0.062402878 0.106691465 0.106956534 0.05888688 0.044756494 0.12474587 0.1638267 0.0859186 0.0813623 0.06415712 0.15559134 0.1593174 0.0606448 0.12625504 0.048581727 0.15319464 0.08044319 0.1337942 0.1324088 0.1122725 0.10292693 0.09175472 0.14617911 0.09429267 0.11702408 0.08760909 0.14504531 0.08437549 0.05553574 0.13144967 0.061999913 0.056218658 0.063306265 0.106368 0.08690238 0.10583277 0.10615534 0.18981126 0.11159249 0.08661823 0.106595926 0.052766398 0.056861643 0.1181974 0.1122584 0.13809232 0.064441405 0.052463405 0.08435546 0.11007824 0.05843216 0.0431027 0.0758185 0.1012791 0.045347728 0.0463106 0.13122992 0.1519189 0.07724011 0.07065204 0.09014268 0.0620286 0.054657206 0.09336081 0.0570518 0.14125499 0.06021559 0.04784354 0.16371532 0.06960798 0.107288614 0.053329658 0.11488961 0.12019665 0.064773455 0.08544196 0.04062704 0.11487211 0.079112776 0.109312624 0.10464234 0.12071829 0.050522115 0.09900966 0.12717935 0.10121424 0.07013038 0.06245775 0.057587694 0.098173626 0.07133079 0.06131723 0.11351186 0.06708147 0.08265873 0.06572483 0.107623324 0.08489966 0.11305849 0.09943306 0.077758975 0.064747825 0.07237921 0.086529486 0.10677485 0.07954099 0.086509705 0.108864665 0.05733293 0.14555229 0.12876938 0.048063956 0.08982683 0.12798698 0.10449143 0.04754578 0.06760359 0.08338692 0.0933321 0.07887006 0.07026643 0.1514128 0.08758606 0.065324225 0.05078969 0.10268097 0.17465736 0.10726301 0.10161539 0.08198375 0.061766844 0.089139976 0.106924616 0.06935976 0.08107292 0.04934475 0.0947357 0.10786709 0.10525421 0.06456082 0.116254486 0.057368767 0.12793267 0.1023331 0.09611584 0.034861386 0.069164835 0.08679531 0.1082105 0.044235386 0.13149886 0.072664306 0.14904025 0.108133055 0.08052221 0.11231364 0.083027236 0.08572031 0.05101032 0.17656504 0.045984626 0.12925328 0.06811031 0.053037036 0.06907331 0.051713947 0.052262146 0.10026491 0.14935729 0.12677242 0.0723305 0.13482402 0.096495874 0.08162145 0.107619785 0.09084418 0.12255412 0.04706698 0.07875094 0.06913157 0.09294293 0.09599181 0.049965907 0.058277305 0.0616263 0.07221209 0.09084435 0.1674653 0.063686416 0.1604985 0.13520415 0.22826965 0.09798115 0.15415329 0.06296859 0.07714323 0.057071574 0.06726579 0.0622172 0.052836448,,
660,3x3x128x256,0.069487385 0.2037762 0.060428955 0.06013362 0.07341872 0.0446383 0.07077448 0.068396024 0.105093025 0.06883659 0.11247574 0.13010764 0.043377344 0.07157068 0.04776085 0.10429106 0.09337002 0.06634173 0.16842751 0.11305954 0.103943855 0.06148308 0.08433133 0.1012217 0.061006177 0.036138687 0.07223025 0.14861828 0.2446759 0.056861576 0.05566476 0.08959105 0.06572328 0.049562342 0.094393544 0.09866219 0.04297947 0.09031221 0.053901903 0.07825288 0.07801 0.10368628 0.05949694 0.13170356 0.062352642 0.08577227 0.123789385 0.077047385 0.08373805 0.04765812 0.10901492 0.08127937 0.13195503 0.10982724 0.10082742 0.058984853 0.062410492 0.10670449 0.10696959 0.058894068 0.04476196 0.12476109 0.1638467 0.08592908 0.08137223 0.06416495 0.15561034 0.15933685 0.060652204 0.12627044 0.048587654 0.15321334 0.08045301 0.13381054 0.13242495 0.1122862 0.102939494 0.09176592 0.14619696 0.094304174 0.11703836 0.08761978 0.14506301 0.08438579 0.055542517 0.1314657 0.062007483 0.05622552 0.06331399 0.10638098 0.08691298 0.10584569 0.1061683 0.18983442 0.111606106 0.0866288 0.10660894 0.05277284 0.056868583 0.11821183 0.1122721 0.13810918 0.064449266 0.05246981 0.084365755 0.11009168 0.058439296 0.04310796 0.075827755 0.10129146 0.045353264 0.046316255 0.13124594 0.15193745 0.07724954 0.070660666 0.09015368 0.062036175 0.054663878 0.09337221 0.057058763 0.14127223 0.06022294 0.047849376 0.1637353 0.06961648 0.107301705 0.05333617 0.11490363 0.12021132 0.06478136 0.085452385 0.040632 0.114886135 0.07912243 0.10932597 0.10465512 0.12073302 0.050528284 0.09902175 0.12719487 0.10122659 0.07013894 0.062465377 0.057594724 0.098185614 0.071339495 0.061324716 0.11352571 0.067089655 0.08266882 0.065732844 0.10763646 0.08491002 0.11307229 0.099445194 0.07776847 0.06475572 0.07238804 0.08654004 0.10678788 0.0795507 0.08652026 0.10887796 0.05733993 0.14557005 0.1287851 0.048069824 0.08983779 0.12800261 0.10450418 0.047551583 0.06761184 0.0833971 0.09334349 0.078879684 0.07027501 0.15143128 0.08759675 0.0653322 0.05079589 0.102693506 0.17467867 0.107276104 0.10162779 0.08199376 0.06177438 0.08915086 0.10693766 0.06936823 0.08108281 0.04935077 0.09474726 0.10788026 0.10526706 0.0645687 0.11626868 0.057375766 0.12794828 0.10234559 0.09612757 0.03486564 0.06917328 0.0868059 0.1082237 0.044240788 0.1315149 0.07267318 0.14905845 0.10814626 0.08053204 0.11232735 0.08303737 0.085730776 0.05101655 0.17658658 0.045990236 0.12926905 0.068118624 0.053043507 0.06908174 0.05172026 0.052268527 0.10027714 0.14937553 0.1267879 0.072339326 0.13484049 0.09650765 0.081631415 0.10763292 0.09085526 0.12256908 0.047072724 0.07876055 0.06914 0.09295427 0.096003525 0.049972005 0.05828442 0.06163382 0.07222091 0.090855435 0.16748573 0.063694194 0.16051808 0.13522066 0.22829752 0.097993106 0.1541721 0.06297627 0.07715265 0.05707854 0.067274004 0.062224794 0.052842896,0.06947891 0.20375133 0.060421582 0.060126282 0.073409766 0.04463285 0.07076584 0.06838767 0.105080195 0.068828195 0.11246201 0.13009177 0.04337205 0.07156194 0.047755025 0.104278326 0.09335862 0.06633364 0.16840695 0.113045745 0.10393117 0.06147558 0.08432104 0.10120935 0.060998734 0.036134277 0.072221436 0.14860015 0.24464604 0.056854635 0.055657968 0.08958012 0.06571526 0.049556296 0.094382025 0.09865015 0.042974226 0.090301186 0.053895324 0.07824333 0.07800048 0.10367362 0.05948968 0.13168749 0.062345035 0.0857618 0.12377428 0.07703798 0.08372784 0.0476523 0.10900162 0.08126944 0.13193893 0.10981384 0.10081512 0.058977652 0.062402878 0.106691465 0.106956534 0.05888688 0.044756494 0.12474587 0.1638267 0.0859186 0.0813623 0.06415712 0.15559134 0.1593174 0.0606448 0.12625504 0.048581727 0.15319464 0.08044319 0.1337942 0.1324088 0.1122725 0.10292693 0.09175472 0.14617911 0.09429267 0.11702408 0.08760909 0.14504531 0.08437549 0.05553574 0.13144967 0.061999913 0.056218658 0.063306265 0.106368 0.08690238 0.10583277 0.10615534 0.18981126 0.11159249 0.08661823 0.106595926 0.052766398 0.056861643 0.1181974 0.1122584 0.13809232 0.064441405 0.052463405 0.08435546 0.11007824 0.05843216 0.0431027 0.0758185 0.1012791 0.045347728 0.0463106 0.13122992 0.1519189 0.07724011 0.07065204 0.09014268 0.0620286 0.054657206 0.09336081 0.0570518 0.14125499 0.06021559 0.04784354 0.16371532 0.06960798 0.107288614 0.053329658 0.11488961 0.12019665 0.064773455 0.08544196 0.04062704 0.11487211 0.079112776 0.109312624 0.10464234 0.12071829 0.050522115 0.09900966 0.12717935 0.10121424 0.07013038 0.06245775 0.057587694 0.098173626 0.07133079 0.06131723 0.11351186 0.06708147 0.08265873 0.06572483 0.107623324 0.08489966 0.11305849 0.09943306 0.077758975 0.064747825 0.07237921 0.086529486 0.10677485 0.07954099 0.086509705 0.108864665 0.05733293 0.14555229 0.12876938 0.048063956 0.08982683 0.12798698 0.10449143 0.04754578 0.06760359 0.08338692 0.0933321 0.07887006 0.07026643 0.1514128 0.08758606 0.065324225 0.05078969 0.10268097 0.17465736 0.10726301 0.10161539 0.08198375 0.061766844 0.089139976 0.106924616 0.06935976 0.08107292 0.04934475 0.0947357 0.10786709 0.10525421 0.06456082 0.116254486 0.057368767 0.12793267 0.1023331 0.09611584 0.034861386 0.069164835 0.08679531 0.1082105 0.044235386 0.13149886 0.072664306 0.14904025 0.108133055 0.08052221 0.11231364 0.083027236 0.08572031 0.05101032 0.17656504 0.045984626 0.12925328 0.06811031 0.053037036 0.06907331 0.051713947 0.052262146 0.10026491 0.14935729 0.12677242 0.0723305 0.13482402 0.096495874 0.08162145 0.107619785 0.09084418 0.12255412 0.04706698 0.07875094 0.06913157 0.09294293 0.09599181 0.049965907 0.058277305 0.0616263 0.07221209 0.09084435 0.1674653 0.063686416 0.1604985 0.13520415 0.22826965 0.09798115 0.15415329 0.06296859 0.07714323 0.057071574 0.06726579 0.0622172 0.052836448,,
664,3x3x128x256,0.069487385 0.2037762 0.060428955 0.06013362 0.07341872 0.0446383 0.07077448 0.068396024 0.105093025 0.06883659 0.11247574 0.13010764 0.043377344 0.07157068 0.04776085 0.10429106 0.09337002 0.06634173 0.16842751 0.11305954 0.103943855 0.06148308 0.08433133 0.1012217 0.061006177 0.036138687 0.07223025 0.14861828 0.2446759 0.056861576 0.05566476 0.08959105 0.06572328 0.049562342 0.094393544 0.09866219 0.04297947 0.09031221 0.053901903 0.07825288 0.07801 0.10368628 0.05949694 0.13170356 0.062352642 0.08577227 0.123789385 0.077047385 0.08373805 0.04765812 0.10901492 0.08127937 0.13195503 0.10982724 0.10082742 0.058984853 0.062410492 0.10670449 0.10696959 0.058894068 0.04476196 0.12476109 0.1638467 0.08592908 0.08137223 0.06416495 0.15561034 0.15933685 0.060652204 0.12627044 0.048587654 0.15321334 0.08045301 0.13381054 0.13242495 0.1122862 0.102939494 0.09176592 0.14619696 0.094304174 0.11703836 0.08761978 0.14506301 0.08438579 0.055542517 0.1314657 0.062007483 0.05622552 0.06331399 0.10638098 0.08691298 0.10584569 0.1061683 0.18983442 0.111606106 0.0866288 0.10660894 0.05277284 0.056868583 0.11821183 0.1122721 0.13810918 0.064449266 0.05246981 0.084365755 0.11009168 0.058439296 0.04310796 0.075827755 0.10129146 0.045353264 0.046316255 0.13124594 0.15193745 0.07724954 0.070660666 0.09015368 0.062036175 0.054663878 0.09337221 0.057058763 0.14127223 0.06022294 0.047849376 0.1637353 0.06961648 0.107301705 0.05333617 0.11490363 0.12021132 0.06478136 0.085452385 0.040632 0.114886135 0.07912243 0.10932597 0.10465512 0.12073302 0.050528284 0.09902175 0.12719487 0.10122659 0.07013894 0.062465377 0.057594724 0.098185614 0.071339495 0.061324716 0.11352571 0.067089655 0.08266882 0.065732844 0.10763646 0.08491002 0.11307229 0.099445194 0.07776847 0.06475572 0.07238804 0.08654004 0.10678788 0.0795507 0.08652026 0.10887796 0.05733993 0.14557005 0.1287851 0.048069824 0.08983779 0.12800261 0.10450418 0.047551583 0.06761184 0.0833971 0.09334349 0.078879684 0.07027501 0.15143128 0.08759675 0.0653322 0.05079589 0.102693506 0.17467867 0.107276104 0.10162779 0.08199376 0.06177438 0.08915086 0.10693766 0.06936823 0.08108281 0.04935077 0.09474726 0.10788026 0.10526706 0.0645687 0.11626868 0.057375766 0.12794828 0.10234559 0.09612757 0.03486564 0.06917328 0.0868059 0.1082237 0.044240788 0.1315149 0.07267318 0.14905845 0.10814626 0.08053204 0.11232735 0.08303737 0.085730776 0.05101655 0.17658658 0.045990236 0.12926905 0.068118624 0.053043507 0.06908174 0.05172026 0.052268527 0.10027714 0.14937553 0.1267879 0.072339326 0.13484049 0.09650765 0.081631415 0.10763292 0.09085526 0.12256908 0.047072724 0.07876055 0.06914 0.09295427 0.096003525 0.049972005 0.05828442 0.06163382 0.07222091 0.090855435 0.16748573 0.063694194 0.16051808 0.13522066 0.22829752 0.097993106 0.1541721 0.06297627 0.07715265 0.05707854 0.067274004 0.062224794 0.052842896,0.06947891 0.20375133 0.060421582 0.060126282 0.073409766 0.04463285 0.07076584 0.06838767 0.105080195 0.068828195 0.11246201 0.13009177 0.04337205 0.07156194 0.047755025 0.104278326 0.09335862 0.06633364 0.16840695 0.113045745 0.10393117 0.06147558 0.08432104 0.10120935 0.060998734 0.036134277 0.072221436 0.14860015 0.24464604 0.056854635 0.055657968 0.08958012 0.06571526 0.049556296 0.094382025 0.09865015 0.042974226 0.090301186 0.053895324 0.07824333 0.07800048 0.10367362 0.05948968 0.13168749 0.062345035 0.0857618 0.12377428 0.07703798 0.08372784 0.0476523 0.10900162 0.08126944 0.13193893 0.10981384 0.10081512 0.058977652 0.062402878 0.106691465 0.106956534 0.05888688 0.044756494 0.12474587 0.1638267 0.0859186 0.0813623 0.06415712 0.15559134 0.1593174 0.0606448 0.12625504 0.048581727 0.15319464 0.08044319 0.1337942 0.1324088 0.1122725 0.10292693 0.09175472 0.14617911 0.09429267 0.11702408 0.08760909 0.14504531 0.08437549 0.05553574 0.13144967 0.061999913 0.056218658 0.063306265 0.106368 0.08690238 0.10583277 0.10615534 0.18981126 0.11159249 0.08661823 0.106595926 0.052766398 0.056861643 0.1181974 0.1122584 0.13809232 0.064441405 0.052463405 0.08435546 0.11007824 0.05843216 0.0431027 0.0758185 0.1012791 0.045347728 0.0463106 0.13122992 0.1519189 0.07724011 0.07065204 0.09014268 0.0620286 0.054657206 0.09336081 0.0570518 0.14125499 0.06021559 0.04784354 0.16371532 0.06960798 0.107288614 0.053329658 0.11488961 0.12019665 0.064773455 0.08544196 0.04062704 0.11487211 0.079112776 0.109312624 0.10464234 0.12071829 0.050522115 0.09900966 0.12717935 0.10121424 0.07013038 0.06245775 0.057587694 0.098173626 0.07133079 0.06131723 0.11351186 0.06708147 0.08265873 0.06572483 0.107623324 0.08489966 0.11305849 0.09943306 0.077758975 0.064747825 0.07237921 0.086529486 0.10677485 0.07954099 0.086509705 0.108864665 0.05733293 0.14555229 0.12876938 0.048063956 0.08982683 0.12798698 0.10449143 0.04754578 0.06760359 0.08338692 0.0933321 0.07887006 0.07026643 0.1514128 0.08758606 0.065324225 0.05078969 0.10268097 0.17465736 0.10726301 0.10161539 0.08198375 0.061766844 0.089139976 0.106924616 0.06935976 0.08107292 0.04934475 0.0947357 0.10786709 0.10525421 0.06456082 0.116254486 0.057368767 0.12793267 0.1023331 0.09611584 0.034861386 0.069164835 0.08679531 0.1082105 0.044235386 0.13149886 0.072664306 0.14904025 0.108133055 0.08052221 0.11231364 0.083027236 0.08572031 0.05101032 0.17656504 0.045984626 0.12925328 0.06811031 0.053037036 0.06907331 0.051713947 0.052262146 0.10026491 0.14935729 0.12677242 0.0723305 0.13482402 0.096495874 0.08162145 0.107619785 0.09084418 0.12255412 0.04706698 0.07875094 0.06913157 0.09294293 0.09599181 0.049965907 0.058277305 0.0616263 0.07221209 0.09084435 0.1674653 0.063686416 0.1604985 0.13520415 0.22826965 0.09798115 0.15415329 0.06296859 0.07714323 0.057071574 0.06726579 0.0622172 0.052836448,,
668,3x3x128x256,0.069487385 0.2037762 0.060428955 0.06013362 0.07341872 0.0446383 0.07077448 0.068396024 0.105093025 0.06883659 0.11247574 0.13010764 0.043377344 0.07157068 0.04776085 0.10429106 0.09337002 0.06634173 0.16842751 0.11305954 0.103943855 0.06148308 0.08433133 0.1012217 0.061006177 0.036138687 0.07223025 0.14861828 0.2446759 0.056861576 0.05566476 0.08959105 0.06572328 0.049562342 0.094393544 0.09866219 0.04297947 0.09031221 0.053901903 0.07825288 0.07801 0.10368628 0.05949694 0.13170356 0.062352642 0.08577227 0.123789385 0.077047385 0.08373805 0.04765812 0.10901492 0.08127937 0.13195503 0.10982724 0.10082742 0.058984853 0.062410492 0.10670449 0.10696959 0.058894068 0.04476196 0.12476109 0.1638467 0.08592908 0.08137223 0.06416495 0.15561034 0.15933685 0.060652204 0.12627044 0.048587654 0.15321334 0.08045301 0.13381054 0.13242495 0.1122862 0.102939494 0.09176592 0.14619696 0.094304174 0.11703836 0.08761978 0.14506301 0.08438579 0.055542517 0.1314657 0.062007483 0.05622552 0.06331399 0.10638098 0.08691298 0.10584569 0.1061683 0.18983442 0.111606106 0.0866288 0.10660894 0.05277284 0.056868583 0.11821183 0.1122721 0.13810918 0.064449266 0.05246981 0.084365755 0.11009168 0.058439296 0.04310796 0.075827755 0.10129146 0.045353264 0.046316255 0.13124594 0.15193745 0.07724954 0.070660666 0.09015368 0.062036175 0.054663878 0.09337221 0.057058763 0.14127223 0.06022294 0.047849376 0.1637353 0.06961648 0.107301705 0.05333617 0.11490363 0.12021132 0.06478136 0.085452385 0.040632 0.114886135 0.07912243 0.10932597 0.10465512 0.12073302 0.050528284 0.09902175 0.12719487 0.10122659 0.07013894 0.062465377 0.057594724 0.098185614 0.071339495 0.061324716 0.11352571 0.067089655 0.08266882 0.065732844 0.10763646 0.08491002 0.11307229 0.099445194 0.07776847 0.06475572 0.07238804 0.08654004 0.10678788 0.0795507 0.08652026 0.10887796 0.05733993 0.14557005 0.1287851 0.048069824 0.08983779 0.12800261 0.10450418 0.047551583 0.06761184 0.0833971 0.09334349 0.078879684 0.07027501 0.15143128 0.08759675 0.0653322 0.05079589 0.102693506 0.17467867 0.107276104 0.10162779 0.08199376 0.06177438 0.08915086 0.10693766 0.06936823 0.08108281 0.04935077 0.09474726 0.10788026 0.10526706 0.0645687 0.11626868 0.057375766 0.12794828 0.10234559 0.09612757 0.03486564 0.06917328 0.0868059 0.1082237 0.044240788 0.1315149 0.07267318 0.14905845 0.10814626 0.08053204 0.11232735 0.08303737 0.085730776 0.05101655 0.17658658 0.045990236 0.12926905 0.068118624 0.053043507 0.06908174 0.05172026 0.052268527 0.10027714 0.14937553 0.1267879 0.072339326 0.13484049 0.09650765 0.081631415 0.10763292 0.09085526 0.12256908 0.047072724 0.07876055 0.06914 0.09295427 0.096003525 0.049972005 0.05828442 0.06163382 0.07222091 0.090855435 0.16748573 0.063694194 0.16051808 0.13522066 0.22829752 0.097993106 0.1541721 0.06297627 0.07715265 0.05707854 0.067274004 0.062224794 0.052842896,0.06947891 0.20375133 0.060421582 0.060126282 0.073409766 0.04463285 0.07076584 0.06838767 0.105080195 0.068828195 0.11246201 0.13009177 0.04337205 0.07156194 0.047755025 0.104278326 0.09335862 0.06633364 0.16840695 0.113045745 0.10393117 0.06147558 0.08432104 0.10120935 0.060998734 0.036134277 0.072221436 0.14860015 0.24464604 0.056854635 0.055657968 0.08958012 0.06571526 0.049556296 0.094382025 0.09865015 0.042974226 0.090301186 0.053895324 0.07824333 0.07800048 0.10367362 0.05948968 0.13168749 0.062345035 0.0857618 0.12377428 0.07703798 0.08372784 0.0476523 0.10900162 0.08126944 0.13193893 0.10981384 0.10081512 0.058977652 0.062402878 0.106691465 0.106956534 0.05888688 0.044756494 0.12474587 0.1638267 0.0859186 0.0813623 0.06415712 0.15559134 0.1593174 0.0606448 0.12625504 0.048581727 0.15319464 0.08044319 0.1337942 0.1324088 0.1122725 0.10292693 0.09175472 0.14617911 0.09429267 0.11702408 0.08760909 0.14504531 0.08437549 0.05553574 0.13144967 0.061999913 0.056218658 0.063306265 0.106368 0.08690238 0.10583277 0.10615534 0.18981126 0.11159249 0.08661823 0.106595926 0.052766398 0.056861643 0.1181974 0.1122584 0.13809232 0.064441405 0.052463405 0.08435546 0.11007824 0.05843216 0.0431027 0.0758185 0.1012791 0.045347728 0.0463106 0.13122992 0.1519189 0.07724011 0.07065204 0.09014268 0.0620286 0.054657206 0.09336081 0.0570518 0.14125499 0.06021559 0.04784354 0.16371532 0.06960798 0.107288614 0.053329658 0.11488961 0.12019665 0.064773455 0.08544196 0.04062704 0.11487211 0.079112776 0.109312624 0.10464234 0.12071829 0.050522115 0.09900966 0.12717935 0.10121424 0.07013038 0.06245775 0.057587694 0.098173626 0.07133079 0.06131723 0.11351186 0.06708147 0.08265873 0.06572483 0.107623324 0.08489966 0.11305849 0.09943306 0.077758975 0.064747825 0.07237921 0.086529486 0.10677485 0.07954099 0.086509705 0.108864665 0.05733293 0.14555229 0.12876938 0.048063956 0.08982683 0.12798698 0.10449143 0.04754578 0.06760359 0.08338692 0.0933321 0.07887006 0.07026643 0.1514128 0.08758606 0.065324225 0.05078969 0.10268097 0.17465736 0.10726301 0.10161539 0.08198375 0.061766844 0.089139976 0.106924616 0.06935976 0.08107292 0.04934475 0.0947357 0.10786709 0.10525421 0.06456082 0.116254486 0.057368767 0.12793267 0.1023331 0.09611584 0.034861386 0.069164835 0.08679531 0.1082105 0.044235386 0.13149886 0.072664306 0.14904025 0.108133055 0.08052221 0.11231364 0.083027236 0.08572031 0.05101032 0.17656504 0.045984626 0.12925328 0.06811031 0.053037036 0.06907331 0.051713947 0.052262146 0.10026491 0.14935729 0.12677242 0.0723305 0.13482402 0.096495874 0.08162145 0.107619785 0.09084418 0.12255412 0.04706698 0.07875094 0.06913157 0.09294293 0.09599181 0.049965907 0.058277305 0.0616263 0.07221209 0.09084435 0.1674653 0.063686416 0.1604985 0.13520415 0.22826965 0.09798115 0.15415329 0.06296859 0.07714323 0.057071574 0.06726579 0.0622172 0.052836448,,
686,3x3x256x256,0.09126931 0.09251658 0.06291746 0.21413761 0.09536741 0.06323841 0.14288121 0.08176357 0.06334384 0.07959671 0.064307876 0.09815439 0.100101314 0.12988986 0.15291622 0.13102439 0.105994016 0.19628096 0.08610646 0.08904636 0.2731729 0.101298176 0.07864929 0.1417378 0.14835727 0.123288594 0.10500214 0.17326996 0.07823116 0.2224089 0.15752704 0.11095282 0.050754394 0.09928557 0.08481599 0.12683132 0.31280756 0.0879205 0.10812677 0.3004785 0.1392743 0.07875957 0.07745256 0.07531536 0.20127371 0.099722154 0.1275553 0.17377684 0.111147575 0.19783863 0.15364537 0.16707447 0.06312243 0.07526132 0.17472391 0.07332094 0.1301023 0.094067134 0.04952017 0.066057205 0.16086286 0.06610385 0.14952533 0.07775603 0.13824396 0.14774425 0.20639366 0.14314394 0.09608941 0.17057702 0.051350687 0.026139122 0.1322322 0.07473397 0.14256775 0.08817103 0.08081144 0.14912234 0.08728545 0.070295036 0.09814993 0.06486139 0.17748179 0.11968093 0.115074925 0.06789831 0.18640853 0.22848836 0.2881394 0.06719856 0.07284611 0.20319115 0.2984995 0.09501491 0.07921404 0.073231906 0.10621566 0.0805473 0.054109707 0.14367205 0.23070759 0.10743326 0.09904085 0.10836739 0.09237416 0.24617554 0.05499914 0.25150976 0.2384866 0.058188226 0.08388377 0.08279396 0.071912825 0.23295897 0.3210366 0.09859622 0.047666114 0.21926175 0.13183069 0.14911804 0.2482768 0.20087217 0.2093942 0.09048364 0.105292015 0.06912722 0.12956221 0.18169464 0.07533487 0.042882726 0.14404042 0.101195894 0.078994945 0.11929725 0.16117543 0.1368331 0.108250976 0.20255458 0.086085536 0.20388009 0.0699071 0.059988372 0.09089139 0.14763698 0.120959334 0.25297883 0.109060414 0.08880053 0.31380707 0.10843173 0.14286427 0.067062534 0.13983594 0.18225013 0.11720167 0.1728896 0.16699952 0.0735372 0.07929173 0.084463134 0.14351998 0.07790897 0.11269109 0.12772895 0.1801992 0.11316521 0.13565032 0.29608732 0.11287239 0.072964124 0.36104575 0.06408762 0.10508331 0.36781892 0.11664658 0.18261397 0.08729668 0.12226683 0.16124554 0.10731271 0.27306986 0.12655649 0.14330977 0.1702858 0.15273064 0.052944187 0.118252546 0.14571717 0.121875115 0.15847224 0.0858338 0.10220308 0.17382573 0.09414918 0.07917322 0.09871463 0.06280628 0.058937125 0.15786788 0.080258854 0.12764414 0.15550095 0.056251094 0.15119784 0.27851164 0.16552116 0.0907001 0.15062113 0.08274524 0.109172456 0.07571971 0.088304095 0.0948988 0.11499679 0.19865952 0.17818522 0.086682506 0.080096655 0.14716192 0.18845485 0.08221942 0.08849934 0.08606338 0.15885212 0.19839072 0.18377556 0.22085842 0.2760293 0.14889295 0.058672734 0.06898399 0.068374306 0.1031439 0.11099386 0.18876714 0.06839985 0.13890696 0.07895206 0.066469096 0.08786438 0.066590846 0.25265622 0.16965859 0.08759158 0.078651264 0.119582824 0.17488258 0.113892995 0.2796996 0.091691576 0.14477369 0.107643984 0.10711078 0.093327634 0.15401909 0.105072275,0.09125817 0.09250528 0.06290979 0.21411148 0.09535577 0.06323069 0.14286378 0.08175359 0.06333611 0.079587 0.06430002 0.09814241 0.1000891 0.129874 0.15289755 0.1310084 0.10598108 0.19625701 0.086095944 0.089035496 0.27313957 0.10128581 0.078639686 0.1417205 0.14833917 0.123273544 0.10498933 0.17324881 0.07822161 0.22238177 0.15750782 0.11093927 0.050748203 0.09927345 0.08480563 0.12681586 0.31276938 0.08790977 0.10811357 0.3004418 0.13925731 0.07874996 0.077443115 0.07530618 0.20124914 0.09970998 0.12753974 0.17375563 0.111134015 0.19781448 0.1536266 0.16705407 0.063114725 0.07525213 0.17470258 0.07331199 0.13008644 0.09405565 0.049514122 0.06604914 0.16084322 0.066095784 0.14950709 0.07774655 0.13822709 0.14772622 0.20636846 0.14312646 0.09607768 0.1705562 0.05134442 0.026135933 0.13221607 0.07472485 0.14255036 0.08816027 0.080801584 0.14910413 0.087274805 0.07028645 0.09813796 0.06485347 0.17746013 0.11966632 0.11506088 0.067890026 0.1863858 0.22846046 0.28810424 0.067190364 0.07283722 0.20316635 0.29846305 0.09500331 0.07920437 0.07322297 0.1062027 0.08053747 0.054103106 0.14365453 0.23067942 0.10742015 0.09902876 0.108354166 0.09236289 0.2461455 0.054992426 0.25147906 0.2384575 0.058181126 0.08387353 0.082783855 0.07190405 0.23293054 0.32099745 0.09858419 0.0476603 0.21923499 0.13181461 0.14909983 0.24824649 0.20084766 0.20936865 0.0904726 0.10527917 0.069118775 0.1295464 0.18167247 0.075325675 0.04287749 0.14402285 0.10118355 0.0789853 0.11928269 0.16115576 0.13681641 0.108237766 0.20252986 0.08607503 0.2038552 0.06989857 0.05998105 0.0908803 0.14761896 0.12094457 0.25294796 0.1090471 0.088789694 0.31376877 0.108418494 0.14284684 0.067054346 0.13981886 0.1822279 0.117187366 0.1728685 0.16697915 0.07352823 0.07928205 0.08445283 0.14350246 0.07789946 0.112677336 0.12771337 0.18017721 0.1131514 0.13563377 0.1665446 0.112858616 0.07295522 0.36100167 0.0640798 0.10507048 0.36777404 0.11663235 0.18259169 0.087286025 0.12225191 0.16122587 0.10729961 0.27303654 0.12654103 0.1432923 0.17026503 0.152712 0.052937724 0.118238114 0.14569938 0.121860236 0.1584529 0.08582333 0.10219061 0.17380452 0.09413769 0.07916356 0.09870258 0.06279861 0.05892993 0.15784861 0.08024906 0.12762855 0.15548198 0.056244228 0.15117937 0.27847767 0.16550097 0.09068903 0.15060276 0.082735136 0.109159134 0.07571046 0.088293314 0.09488721 0.11498276 0.19863528 0.17816347 0.086671926 0.08008688 0.14714395 0.18843184 0.082209386 0.08848854 0.08605288 0.15883273 0.19836651 0.18375313 0.22083147 0.27599558 0.14887477 0.058665574 0.06897557 0.06836596 0.10313131 0.11098032 0.1887441 0.068391494 0.13889001 0.078942426 0.06646098 0.087853655 0.06658272 0.2526254 0.16963789 0.08758089 0.07864166 0.11956823 0.17486122 0.1138791 0.27966544 0.091680385 0.14475603 0.10763085 0.10709771 0.09331625 0.15400028 0.10505945,,
690,3x3x256x256,0.09126931 0.09251658 0.06291746 0.21413761 0.09536741 0.06323841 0.14288121 0.08176357 0.06334384 0.07959671 0.064307876 0.09815439 0.100101314 0.12988986 0.15291622 0.13102439 0.105994016 0.19628096 0.08610646 0.08904636 0.2731729 0.101298176 0.07864929 0.1417378 0.14835727 0.123288594 0.10500214 0.17326996 0.07823116 0.2224089 0.15752704 0.11095282 0.050754394 0.09928557 0.08481599 0.12683132 0.31280756 0.0879205 0.10812677 0.3004785 0.1392743 0.07875957 0.07745256 0.07531536 0.20127371 0.099722154 0.1275553 0.17377684 0.111147575 0.19783863 0.15364537 0.16707447 0.06312243 0.07526132 0.17472391 0.07332094 0.1301023 0.094067134 0.04952017 0.066057205 0.16086286 0.06610385 0.14952533 0.07775603 0.13824396 0.14774425 0.20639366 0.14314394 0.09608941 0.17057702 0.051350687 0.026139122 0.1322322 0.07473397 0.14256775 0.08817103 0.08081144 0.14912234 0.08728545 0.070295036 0.09814993 0.06486139 0.17748179 0.11968093 0.115074925 0.06789831 0.18640853 0.22848836 0.2881394 0.06719856 0.07284611 0.20319115 0.2984995 0.09501491 0.07921404 0.073231906 0.10621566 0.0805473 0.054109707 0.14367205 0.23070759 0.10743326 0.09904085 0.10836739 0.09237416 0.24617554 0.05499914 0.25150976 0.2384866 0.058188226 0.08388377 0.08279396 0.071912825 0.23295897 0.3210366 0.09859622 0.047666114 0.21926175 0.13183069 0.14911804 0.2482768 0.20087217 0.2093942 0.09048364 0.105292015 0.06912722 0.12956221 0.18169464 0.07533487 0.042882726 0.14404042 0.101195894 0.078994945 0.11929725 0.16117543 0.1368331 0.108250976 0.20255458 0.086085536 0.20388009 0.0699071 0.059988372 0.09089139 0.14763698 0.120959334 0.25297883 0.109060414 0.08880053 0.31380707 0.10843173 0.14286427 0.067062534 0.13983594 0.18225013 0.11720167 0.1728896 0.16699952 0.0735372 0.07929173 0.084463134 0.14351998 0.07790897 0.11269109 0.12772895 0.1801992 0.11316521 0.13565032 0.29608732 0.11287239 0.072964124 0.36104575 0.06408762 0.10508331 0.36781892 0.11664658 0.18261397 0.08729668 0.12226683 0.16124554 0.10731271 0.27306986 0.12655649 0.14330977 0.1702858 0.15273064 0.052944187 0.118252546 0.14571717 0.121875115 0.15847224 0.0858338 0.10220308 0.17382573 0.09414918 0.07917322 0.09871463 0.06280628 0.058937125 0.15786788 0.080258854 0.12764414 0.15550095 0.056251094 0.15119784 0.27851164 0.16552116 0.0907001 0.15062113 0.08274524 0.109172456 0.07571971 0.088304095 0.0948988 0.11499679 0.19865952 0.17818522 0.086682506 0.080096655 0.14716192 0.18845485 0.08221942 0.08849934 0.08606338 0.15885212 0.19839072 0.18377556 0.22085842 0.2760293 0.14889295 0.058672734 0.06898399 0.068374306 0.1031439 0.11099386 0.18876714 0.06839985 0.13890696 0.07895206 0.066469096 0.08786438 0.066590846 0.25265622 0.16965859 0.08759158 0.078651264 0.119582824 0.17488258 0.113892995 0.2796996 0.091691576 0.14477369 0.107643984 0.10711078 0.093327634 0.15401909 0.105072275,0.09125817 0.09250528 0.06290979 0.21411148 0.09535577 0.06323069 0.14286378 0.08175359 0.06333611 0.079587 0.06430002 0.09814241 0.1000891 0.129874 0.15289755 0.1310084 0.10598108 0.19625701 0.086095944 0.089035496 0.27313957 0.10128581 0.078639686 0.1417205 0.14833917 0.123273544 0.10498933 0.17324881 0.07822161 0.22238177 0.15750782 0.11093927 0.050748203 0.09927345 0.08480563 0.12681586 0.31276938 0.08790977 0.10811357 0.3004418 0.13925731 0.07874996 0.077443115 0.07530618 0.20124914 0.09970998 0.12753974 0.17375563 0.111134015 0.19781448 0.1536266 0.16705407 0.063114725 0.07525213 0.17470258 0.07331199 0.13008644 0.09405565 0.049514122 0.06604914 0.16084322 0.066095784 0.14950709 0.07774655 0.13822709 0.14772622 0.20636846 0.14312646 0.09607768 0.1705562 0.05134442 0.026135933 0.13221607 0.07472485 0.14255036 0.08816027 0.080801584 0.14910413 0.087274805 0.07028645 0.09813796 0.06485347 0.17746013 0.11966632 0.11506088 0.067890026 0.1863858 0.22846046 0.28810424 0.067190364 0.07283722 0.20316635 0.29846305 0.09500331 0.07920437 0.07322297 0.1062027 0.08053747 0.054103106 0.14365453 0.23067942 0.10742015 0.09902876 0.108354166 0.09236289 0.2461455 0.054992426 0.25147906 0.2384575 0.058181126 0.08387353 0.082783855 0.07190405 0.23293054 0.32099745 0.09858419 0.0476603 0.21923499 0.13181461 0.14909983 0.24824649 0.20084766 0.20936865 0.0904726 0.10527917 0.069118775 0.1295464 0.18167247 0.075325675 0.04287749 0.14402285 0.10118355 0.0789853 0.11928269 0.16115576 0.13681641 0.108237766 0.20252986 0.08607503 0.2038552 0.06989857 0.05998105 0.0908803 0.14761896 0.12094457 0.25294796 0.1090471 0.088789694 0.31376877 0.108418494 0.14284684 0.067054346 0.13981886 0.1822279 0.117187366 0.1728685 0.16697915 0.07352823 0.07928205 0.08445283 0.14350246 0.07789946 0.112677336 0.12771337 0.18017721 0.1131514 0.13563377 0.1665446 0.112858616 0.07295522 0.36100167 0.0640798 0.10507048 0.36777404 0.11663235 0.18259169 0.087286025 0.12225191 0.16122587 0.10729961 0.27303654 0.12654103 0.1432923 0.17026503 0.152712 0.052937724 0.118238114 0.14569938 0.121860236 0.1584529 0.08582333 0.10219061 0.17380452 0.09413769 0.07916356 0.09870258 0.06279861 0.05892993 0.15784861 0.08024906 0.12762855 0.15548198 0.056244228 0.15117937 0.27847767 0.16550097 0.09068903 0.15060276 0.082735136 0.109159134 0.07571046 0.088293314 0.09488721 0.11498276 0.19863528 0.17816347 0.086671926 0.08008688 0.14714395 0.18843184 0.082209386 0.08848854 0.08605288 0.15883273 0.19836651 0.18375313 0.22083147 0.27599558 0.14887477 0.058665574 0.06897557 0.06836596 0.10313131 0.11098032 0.1887441 0.068391494 0.13889001 0.078942426 0.06646098 0.087853655 0.06658272 0.2526254 0.16963789 0.08758089 0.07864166 0.11956823 0.17486122 0.1138791 0.27966544 0.091680385 0.14475603 0.10763085 0.10709771 0.09331625 0.15400028 0.10505945,,
694,3x3x256x256,0.09126931 0.09251658 0.06291746 0.21413761 0.09536741 0.06323841 0.14288121 0.08176357 0.06334384 0.07959671 0.064307876 0.09815439 0.100101314 0.12988986 0.15291622 0.13102439 0.105994016 0.19628096 0.08610646 0.08904636 0.2731729 0.101298176 0.07864929 0.1417378 0.14835727 0.123288594 0.10500214 0.17326996 0.07823116 0.2224089 0.15752704 0.11095282 0.050754394 0.09928557 0.08481599 0.12683132 0.31280756 0.0879205 0.10812677 0.3004785 0.1392743 0.07875957 0.07745256 0.07531536 0.20127371 0.099722154 0.1275553 0.17377684 0.111147575 0.19783863 0.15364537 0.16707447 0.06312243 0.07526132 0.17472391 0.07332094 0.1301023 0.094067134 0.04952017 0.066057205 0.16086286 0.06610385 0.14952533 0.07775603 0.13824396 0.14774425 0.20639366 0.14314394 0.09608941 0.17057702 0.051350687 0.026139122 0.1322322 0.07473397 0.14256775 0.08817103 0.08081144 0.14912234 0.08728545 0.070295036 0.09814993 0.06486139 0.17748179 0.11968093 0.115074925 0.06789831 0.18640853 0.22848836 0.2881394 0.06719856 0.07284611 0.20319115 0.2984995 0.09501491 0.07921404 0.073231906 0.10621566 0.0805473 0.054109707 0.14367205 0.23070759 0.10743326 0.09904085 0.10836739 0.09237416 0.24617554 0.05499914 0.25150976 0.2384866 0.058188226 0.08388377 0.08279396 0.071912825 0.23295897 0.3210366 0.09859622 0.047666114 0.21926175 0.13183069 0.14911804 0.2482768 0.20087217 0.2093942 0.09048364 0.105292015 0.06912722 0.12956221 0.18169464 0.07533487 0.042882726 0.14404042 0.101195894 0.078994945 0.11929725 0.16117543 0.1368331 0.108250976 0.20255458 0.086085536 0.20388009 0.0699071 0.059988372 0.09089139 0.14763698 0.120959334 0.25297883 0.109060414 0.08880053 0.31380707 0.10843173 0.14286427 0.067062534 0.13983594 0.18225013 0.11720167 0.1728896 0.16699952 0.0735372 0.07929173 0.084463134 0.14351998 0.07790897 0.11269109 0.12772895 0.1801992 0.11316521 0.13565032 0.29608732 0.11287239 0.072964124 0.36104575 0.06408762 0.10508331 0.36781892 0.11664658 0.18261397 0.08729668 0.12226683 0.16124554 0.10731271 0.27306986 0.12655649 0.14330977 0.1702858 0.15273064 0.052944187 0.118252546 0.14571717 0.121875115 0.15847224 0.0858338 0.10220308 0.17382573 0.09414918 0.07917322 0.09871463 0.06280628 0.058937125 0.15786788 0.080258854 0.12764414 0.15550095 0.056251094 0.15119784 0.27851164 0.16552116 0.0907001 0.15062113 0.08274524 0.109172456 0.07571971 0.088304095 0.0948988 0.11499679 0.19865952 0.17818522 0.086682506 0.080096655 0.14716192 0.18845485 0.08221942 0.08849934 0.08606338 0.15885212 0.19839072 0.18377556 0.22085842 0.2760293 0.14889295 0.058672734 0.06898399 0.068374306 0.1031439 0.11099386 0.18876714 0.06839985 0.13890696 0.07895206 0.066469096 0.08786438 0.066590846 0.25265622 0.16965859 0.08759158 0.078651264 0.119582824 0.17488258 0.113892995 0.2796996 0.091691576 0.14477369 0.107643984 0.10711078 0.093327634 0.15401909 0.105072275,0.09125817 0.09250528 0.06290979 0.21411148 0.09535577 0.06323069 0.14286378 0.08175359 0.06333611 0.079587 0.06430002 0.09814241 0.1000891 0.129874 0.15289755 0.1310084 0.10598108 0.19625701 0.086095944 0.089035496 0.27313957 0.10128581 0.078639686 0.1417205 0.14833917 0.123273544 0.10498933 0.17324881 0.07822161 0.22238177 0.15750782 0.11093927 0.050748203 0.09927345 0.08480563 0.12681586 0.31276938 0.08790977 0.10811357 0.3004418 0.13925731 0.07874996 0.077443115 0.07530618 0.20124914 0.09970998 0.12753974 0.17375563 0.111134015 0.19781448 0.1536266 0.16705407 0.063114725 0.07525213 0.17470258 0.07331199 0.13008644 0.09405565 0.049514122 0.06604914 0.16084322 0.066095784 0.14950709 0.07774655 0.13822709 0.14772622 0.20636846 0.14312646 0.09607768 0.1705562 0.05134442 0.026135933 0.13221607 0.07472485 0.14255036 0.08816027 0.080801584 0.14910413 0.087274805 0.07028645 0.09813796 0.06485347 0.17746013 0.11966632 0.11506088 0.067890026 0.1863858 0.22846046 0.28810424 0.067190364 0.07283722 0.20316635 0.29846305 0.09500331 0.07920437 0.07322297 0.1062027 0.08053747 0.054103106 0.14365453 0.23067942 0.10742015 0.09902876 0.108354166 0.09236289 0.2461455 0.054992426 0.25147906 0.2384575 0.058181126 0.08387353 0.082783855 0.07190405 0.23293054 0.32099745 0.09858419 0.0476603 0.21923499 0.13181461 0.14909983 0.24824649 0.20084766 0.20936865 0.0904726 0.10527917 0.069118775 0.1295464 0.18167247 0.075325675 0.04287749 0.14402285 0.10118355 0.0789853 0.11928269 0.16115576 0.13681641 0.108237766 0.20252986 0.08607503 0.2038552 0.06989857 0.05998105 0.0908803 0.14761896 0.12094457 0.25294796 0.1090471 0.088789694 0.31376877 0.108418494 0.14284684 0.067054346 0.13981886 0.1822279 0.117187366 0.1728685 0.16697915 0.07352823 0.07928205 0.08445283 0.14350246 0.07789946 0.112677336 0.12771337 0.18017721 0.1131514 0.13563377 0.1665446 0.112858616 0.07295522 0.36100167 0.0640798 0.10507048 0.36777404 0.11663235 0.18259169 0.087286025 0.12225191 0.16122587 0.10729961 0.27303654 0.12654103 0.1432923 0.17026503 0.152712 0.052937724 0.118238114 0.14569938 0.121860236 0.1584529 0.08582333 0.10219061 0.17380452 0.09413769 0.07916356 0.09870258 0.06279861 0.05892993 0.15784861 0.08024906 0.12762855 0.15548198 0.056244228 0.15117937 0.27847767 0.16550097 0.09068903 0.15060276 0.082735136 0.109159134 0.07571046 0.088293314 0.09488721 0.11498276 0.19863528 0.17816347 0.086671926 0.08008688 0.14714395 0.18843184 0.082209386 0.08848854 0.08605288 0.15883273 0.19836651 0.18375313 0.22083147 0.27599558 0.14887477 0.058665574 0.06897557 0.06836596 0.10313131 0.11098032 0.1887441 0.068391494 0.13889001 0.078942426 0.06646098 0.087853655 0.06658272 0.2526254 0.16963789 0.08758089 0.07864166 0.11956823 0.17486122 0.1138791 0.27966544 0.091680385 0.14475603 0.10763085 0.10709771 0.09331625 0.15400028 0.10505945,,
698,3x3x256x256,0.09126931 0.09251658 0.06291746 0.21413761 0.09536741 0.06323841 0.14288121 0.08176357 0.06334384 0.07959671 0.064307876 0.09815439 0.100101314 0.12988986 0.15291622 0.13102439 0.105994016 0.19628096 0.08610646 0.08904636 0.2731729 0.101298176 0.07864929 0.1417378 0.14835727 0.123288594 0.10500214 0.17326996 0.07823116 0.2224089 0.15752704 0.11095282 0.050754394 0.09928557 0.08481599 0.12683132 0.31280756 0.0879205 0.10812677 0.3004785 0.1392743 0.07875957 0.07745256 0.07531536 0.20127371 0.099722154 0.1275553 0.17377684 0.111147575 0.19783863 0.15364537 0.16707447 0.06312243 0.07526132 0.17472391 0.07332094 0.1301023 0.094067134 0.04952017 0.066057205 0.16086286 0.06610385 0.14952533 0.07775603 0.13824396 0.14774425 0.20639366 0.14314394 0.09608941 0.17057702 0.051350687 0.026139122 0.1322322 0.07473397 0.14256775 0.08817103 0.08081144 0.14912234 0.08728545 0.070295036 0.09814993 0.06486139 0.17748179 0.11968093 0.115074925 0.06789831 0.18640853 0.22848836 0.2881394 0.06719856 0.07284611 0.20319115 0.2984995 0.09501491 0.07921404 0.073231906 0.10621566 0.0805473 0.054109707 0.14367205 0.23070759 0.10743326 0.09904085 0.10836739 0.09237416 0.24617554 0.05499914 0.25150976 0.2384866 0.058188226 0.08388377 0.08279396 0.071912825 0.23295897 0.3210366 0.09859622 0.047666114 0.21926175 0.13183069 0.14911804 0.2482768 0.20087217 0.2093942 0.09048364 0.105292015 0.06912722 0.12956221 0.18169464 0.07533487 0.042882726 0.14404042 0.101195894 0.078994945 0.11929725 0.16117543 0.1368331 0.108250976 0.20255458 0.086085536 0.20388009 0.0699071 0.059988372 0.09089139 0.14763698 0.120959334 0.25297883 0.109060414 0.08880053 0.31380707 0.10843173 0.14286427 0.067062534 0.13983594 0.18225013 0.11720167 0.1728896 0.16699952 0.0735372 0.07929173 0.084463134 0.14351998 0.07790897 0.11269109 0.12772895 0.1801992 0.11316521 0.13565032 0.29608732 0.11287239 0.072964124 0.36104575 0.06408762 0.10508331 0.36781892 0.11664658 0.18261397 0.08729668 0.12226683 0.16124554 0.10731271 0.27306986 0.12655649 0.14330977 0.1702858 0.15273064 0.052944187 0.118252546 0.14571717 0.121875115 0.15847224 0.0858338 0.10220308 0.17382573 0.09414918 0.07917322 0.09871463 0.06280628 0.058937125 0.15786788 0.080258854 0.12764414 0.15550095 0.056251094 0.15119784 0.27851164 0.16552116 0.0907001 0.15062113 0.08274524 0.109172456 0.07571971 0.088304095 0.0948988 0.11499679 0.19865952 0.17818522 0.086682506 0.080096655 0.14716192 0.18845485 0.08221942 0.08849934 0.08606338 0.15885212 0.19839072 0.18377556 0.22085842 0.2760293 0.14889295 0.058672734 0.06898399 0.068374306 0.1031439 0.11099386 0.18876714 0.06839985 0.13890696 0.07895206 0.066469096 0.08786438 0.066590846 0.25265622 0.16965859 0.08759158 0.078651264 0.119582824 0.17488258 0.113892995 0.2796996 0.091691576 0.14477369 0.107643984 0.10711078 0.093327634 0.15401909 0.105072275,0.09125817 0.09250528 0.06290979 0.21411148 0.09535577 0.06323069 0.14286378 0.08175359 0.06333611 0.079587 0.06430002 0.09814241 0.1000891 0.129874 0.15289755 0.1310084 0.10598108 0.19625701 0.086095944 0.089035496 0.27313957 0.10128581 0.078639686 0.1417205 0.14833917 0.123273544 0.10498933 0.17324881 0.07822161 0.22238177 0.15750782 0.11093927 0.050748203 0.09927345 0.08480563 0.12681586 0.31276938 0.08790977 0.10811357 0.3004418 0.13925731 0.07874996 0.077443115 0.07530618 0.20124914 0.09970998 0.12753974 0.17375563 0.111134015 0.19781448 0.1536266 0.16705407 0.063114725 0.07525213 0.17470258 0.07331199 0.13008644 0.09405565 0.049514122 0.06604914 0.16084322 0.066095784 0.14950709 0.07774655 0.13822709 0.14772622 0.20636846 0.14312646 0.09607768 0.1705562 0.05134442 0.026135933 0.13221607 0.07472485 0.14255036 0.08816027 0.080801584 0.14910413 0.087274805 0.07028645 0.09813796 0.06485347 0.17746013 0.11966632 0.11506088 0.067890026 0.1863858 0.22846046 0.28810424 0.067190364 0.07283722 0.20316635 0.29846305 0.09500331 0.07920437 0.07322297 0.1062027 0.08053747 0.054103106 0.14365453 0.23067942 0.10742015 0.09902876 0.108354166 0.09236289 0.2461455 0.054992426 0.25147906 0.2384575 0.058181126 0.08387353 0.082783855 0.07190405 0.23293054 0.32099745 0.09858419 0.0476603 0.21923499 0.13181461 0.14909983 0.24824649 0.20084766 0.20936865 0.0904726 0.10527917 0.069118775 0.1295464 0.18167247 0.075325675 0.04287749 0.14402285 0.10118355 0.0789853 0.11928269 0.16115576 0.13681641 0.108237766 0.20252986 0.08607503 0.2038552 0.06989857 0.05998105 0.0908803 0.14761896 0.12094457 0.25294796 0.1090471 0.088789694 0.31376877 0.108418494 0.14284684 0.067054346 0.13981886 0.1822279 0.117187366 0.1728685 0.16697915 0.07352823 0.07928205 0.08445283 0.14350246 0.07789946 0.112677336 0.12771337 0.18017721 0.1131514 0.13563377 0.1665446 0.112858616 0.07295522 0.36100167 0.0640798 0.10507048 0.36777404 0.11663235 0.18259169 0.087286025 0.12225191 0.16122587 0.10729961 0.27303654 0.12654103 0.1432923 0.17026503 0.152712 0.052937724 0.118238114 0.14569938 0.121860236 0.1584529 0.08582333 0.10219061 0.17380452 0.09413769 0.07916356 0.09870258 0.06279861 0.05892993 0.15784861 0.08024906 0.12762855 0.15548198 0.056244228 0.15117937 0.27847767 0.16550097 0.09068903 0.15060276 0.082735136 0.109159134 0.07571046 0.088293314 0.09488721 0.11498276 0.19863528 0.17816347 0.086671926 0.08008688 0.14714395 0.18843184 0.082209386 0.08848854 0.08605288 0.15883273 0.19836651 0.18375313 0.22083147 0.27599558 0.14887477 0.058665574 0.06897557 0.06836596 0.10313131 0.11098032 0.1887441 0.068391494 0.13889001 0.078942426 0.06646098 0.087853655 0.06658272 0.2526254 0.16963789 0.08758089 0.07864166 0.11956823 0.17486122 0.1138791 0.27966544 0.091680385 0.14475603 0.10763085 0.10709771 0.09331625 0.15400028 0.10505945,,
702,3x3x256x256,0.09126931 0.09251658 0.06291746 0.21413761 0.09536741 0.06323841 0.14288121 0.08176357 0.06334384 0.07959671 0.064307876 0.09815439 0.100101314 0.12988986 0.15291622 0.13102439 0.105994016 0.19628096 0.08610646 0.08904636 0.2731729 0.101298176 0.07864929 0.1417378 0.14835727 0.123288594 0.10500214 0.17326996 0.07823116 0.2224089 0.15752704 0.11095282 0.050754394 0.09928557 0.08481599 0.12683132 0.31280756 0.0879205 0.10812677 0.3004785 0.1392743 0.07875957 0.07745256 0.07531536 0.20127371 0.099722154 0.1275553 0.17377684 0.111147575 0.19783863 0.15364537 0.16707447 0.06312243 0.07526132 0.17472391 0.07332094 0.1301023 0.094067134 0.04952017 0.066057205 0.16086286 0.06610385 0.14952533 0.07775603 0.13824396 0.14774425 0.20639366 0.14314394 0.09608941 0.17057702 0.051350687 0.026139122 0.1322322 0.07473397 0.14256775 0.08817103 0.08081144 0.14912234 0.08728545 0.070295036 0.09814993 0.06486139 0.17748179 0.11968093 0.115074925 0.06789831 0.18640853 0.22848836 0.2881394 0.06719856 0.07284611 0.20319115 0.2984995 0.09501491 0.07921404 0.073231906 0.10621566 0.0805473 0.054109707 0.14367205 0.23070759 0.10743326 0.09904085 0.10836739 0.09237416 0.24617554 0.05499914 0.25150976 0.2384866 0.058188226 0.08388377 0.08279396 0.071912825 0.23295897 0.3210366 0.09859622 0.047666114 0.21926175 0.13183069 0.14911804 0.2482768 0.20087217 0.2093942 0.09048364 0.105292015 0.06912722 0.12956221 0.18169464 0.07533487 0.042882726 0.14404042 0.101195894 0.078994945 0.11929725 0.16117543 0.1368331 0.108250976 0.20255458 0.086085536 0.20388009 0.0699071 0.059988372 0.09089139 0.14763698 0.120959334 0.25297883 0.109060414 0.08880053 0.31380707 0.10843173 0.14286427 0.067062534 0.13983594 0.18225013 0.11720167 0.1728896 0.16699952 0.0735372 0.07929173 0.084463134 0.14351998 0.07790897 0.11269109 0.12772895 0.1801992 0.11316521 0.13565032 0.29608732 0.11287239 0.072964124 0.36104575 0.06408762 0.10508331 0.36781892 0.11664658 0.18261397 0.08729668 0.12226683 0.16124554 0.10731271 0.27306986 0.12655649 0.14330977 0.1702858 0.15273064 0.052944187 0.118252546 0.14571717 0.121875115 0.15847224 0.0858338 0.10220308 0.17382573 0.09414918 0.07917322 0.09871463 0.06280628 0.058937125 0.15786788 0.080258854 0.12764414 0.15550095 0.056251094 0.15119784 0.27851164 0.16552116 0.0907001 0.15062113 0.08274524 0.109172456 0.07571971 0.088304095 0.0948988 0.11499679 0.19865952 0.17818522 0.086682506 0.080096655 0.14716192 0.18845485 0.08221942 0.08849934 0.08606338 0.15885212 0.19839072 0.18377556 0.22085842 0.2760293 0.14889295 0.058672734 0.06898399 0.068374306 0.1031439 0.11099386 0.18876714 0.06839985 0.13890696 0.07895206 0.066469096 0.08786438 0.066590846 0.25265622 0.16965859 0.08759158 0.078651264 0.119582824 0.17488258 0.113892995 0.2796996 0.091691576 0.14477369 0.107643984 0.10711078 0.093327634 0.15401909 0.105072275,0.09125817 0.09250528 0.06290979 0.21411148 0.09535577 0.06323069 0.14286378 0.08175359 0.06333611 0.079587 0.06430002 0.09814241 0.1000891 0.129874 0.15289755 0.1310084 0.10598108 0.19625701 0.086095944 0.089035496 0.27313957 0.10128581 0.078639686 0.1417205 0.14833917 0.123273544 0.10498933 0.17324881 0.07822161 0.22238177 0.15750782 0.11093927 0.050748203 0.09927345 0.08480563 0.12681586 0.31276938 0.08790977 0.10811357 0.3004418 0.13925731 0.07874996 0.077443115 0.07530618 0.20124914 0.09970998 0.12753974 0.17375563 0.111134015 0.19781448 0.1536266 0.16705407 0.063114725 0.07525213 0.17470258 0.07331199 0.13008644 0.09405565 0.049514122 0.06604914 0.16084322 0.066095784 0.14950709 0.07774655 0.13822709 0.14772622 0.20636846 0.14312646 0.09607768 0.1705562 0.05134442 0.026135933 0.13221607 0.07472485 0.14255036 0.08816027 0.080801584 0.14910413 0.087274805 0.07028645 0.09813796 0.06485347 0.17746013 0.11966632 0.11506088 0.067890026 0.1863858 0.22846046 0.28810424 0.067190364 0.07283722 0.20316635 0.29846305 0.09500331 0.07920437 0.07322297 0.1062027 0.08053747 0.054103106 0.14365453 0.23067942 0.10742015 0.09902876 0.108354166 0.09236289 0.2461455 0.054992426 0.25147906 0.2384575 0.058181126 0.08387353 0.082783855 0.07190405 0.23293054 0.32099745 0.09858419 0.0476603 0.21923499 0.13181461 0.14909983 0.24824649 0.20084766 0.20936865 0.0904726 0.10527917 0.069118775 0.1295464 0.18167247 0.075325675 0.04287749 0.14402285 0.10118355 0.0789853 0.11928269 0.16115576 0.13681641 0.108237766 0.20252986 0.08607503 0.2038552 0.06989857 0.05998105 0.0908803 0.14761896 0.12094457 0.25294796 0.1090471 0.088789694 0.31376877 0.108418494 0.14284684 0.067054346 0.13981886 0.1822279 0.117187366 0.1728685 0.16697915 0.07352823 0.07928205 0.08445283 0.14350246 0.07789946 0.112677336 0.12771337 0.18017721 0.1131514 0.13563377 0.1665446 0.112858616 0.07295522 0.36100167 0.0640798 0.10507048 0.36777404 0.11663235 0.18259169 0.087286025 0.12225191 0.16122587 0.10729961 0.27303654 0.12654103 0.1432923 0.17026503 0.152712 0.052937724 0.118238114 0.14569938 0.121860236 0.1584529 0.08582333 0.10219061 0.17380452 0.09413769 0.07916356 0.09870258 0.06279861 0.05892993 0.15784861 0.08024906 0.12762855 0.15548198 0.056244228 0.15117937 0.27847767 0.16550097 0.09068903 0.15060276 0.082735136 0.109159134 0.07571046 0.088293314 0.09488721 0.11498276 0.19863528 0.17816347 0.086671926 0.08008688 0.14714395 0.18843184 0.082209386 0.08848854 0.08605288 0.15883273 0.19836651 0.18375313 0.22083147 0.27599558 0.14887477 0.058665574 0.06897557 0.06836596 0.10313131 0.11098032 0.1887441 0.068391494 0.13889001 0.078942426 0.06646098 0.087853655 0.06658272 0.2526254 0.16963789 0.08758089 0.07864166 0.11956823 0.17486122 0.1138791 0.27966544 0.091680385 0.14475603 0.10763085 0.10709771 0.09331625 0.15400028 0.10505945,,
706,3x3x256x256,0.09126931 0.09251658 0.06291746 0.21413761 0.09536741 0.06323841 0.14288121 0.08176357 0.06334384 0.07959671 0.064307876 0.09815439 0.100101314 0.12988986 0.15291622 0.13102439 0.105994016 0.19628096 0.08610646 0.08904636 0.2731729 0.101298176 0.07864929 0.1417378 0.14835727 0.123288594 0.10500214 0.17326996 0.07823116 0.2224089 0.15752704 0.11095282 0.050754394 0.09928557 0.08481599 0.12683132 0.31280756 0.0879205 0.10812677 0.3004785 0.1392743 0.07875957 0.07745256 0.07531536 0.20127371 0.099722154 0.1275553 0.17377684 0.111147575 0.19783863 0.15364537 0.16707447 0.06312243 0.07526132 0.17472391 0.07332094 0.1301023 0.094067134 0.04952017 0.066057205 0.16086286 0.06610385 0.14952533 0.07775603 0.13824396 0.14774425 0.20639366 0.14314394 0.09608941 0.17057702 0.051350687 0.026139122 0.1322322 0.07473397 0.14256775 0.08817103 0.08081144 0.14912234 0.08728545 0.070295036 0.09814993 0.06486139 0.17748179 0.11968093 0.115074925 0.06789831 0.18640853 0.22848836 0.2881394 0.06719856 0.07284611 0.20319115 0.2984995 0.09501491 0.07921404 0.073231906 0.10621566 0.0805473 0.054109707 0.14367205 0.23070759 0.10743326 0.09904085 0.10836739 0.09237416 0.24617554 0.05499914 0.25150976 0.2384866 0.058188226 0.08388377 0.08279396 0.071912825 0.23295897 0.3210366 0.09859622 0.047666114 0.21926175 0.13183069 0.14911804 0.2482768 0.20087217 0.2093942 0.09048364 0.105292015 0.06912722 0.12956221 0.18169464 0.07533487 0.042882726 0.14404042 0.101195894 0.078994945 0.11929725 0.16117543 0.1368331 0.108250976 0.20255458 0.086085536 0.20388009 0.0699071 0.059988372 0.09089139 0.14763698 0.120959334 0.25297883 0.109060414 0.08880053 0.31380707 0.10843173 0.14286427 0.067062534 0.13983594 0.18225013 0.11720167 0.1728896 0.16699952 0.0735372 0.07929173 0.084463134 0.14351998 0.07790897 0.11269109 0.12772895 0.1801992 0.11316521 0.13565032 0.29608732 0.11287239 0.072964124 0.36104575 0.06408762 0.10508331 0.36781892 0.11664658 0.18261397 0.08729668 0.12226683 0.16124554 0.10731271 0.27306986 0.12655649 0.14330977 0.1702858 0.15273064 0.052944187 0.118252546 0.14571717 0.121875115 0.15847224 0.0858338 0.10220308 0.17382573 0.09414918 0.07917322 0.09871463 0.06280628 0.058937125 0.15786788 0.080258854 0.12764414 0.15550095 0.056251094 0.15119784 0.27851164 0.16552116 0.0907001 0.15062113 0.08274524 0.109172456 0.07571971 0.088304095 0.0948988 0.11499679 0.19865952 0.17818522 0.086682506 0.080096655 0.14716192 0.18845485 0.08221942 0.08849934 0.08606338 0.15885212 0.19839072 0.18377556 0.22085842 0.2760293 0.14889295 0.058672734 0.06898399 0.068374306 0.1031439 0.11099386 0.18876714 0.06839985 0.13890696 0.07895206 0.066469096 0.08786438 0.066590846 0.25265622 0.16965859 0.08759158 0.078651264 0.119582824 0.17488258 0.113892995 0.2796996 0.091691576 0.14477369 0.107643984 0.10711078 0.093327634 0.15401909 0.105072275,0.09125817 0.09250528 0.06290979 0.21411148 0.09535577 0.06323069 0.14286378 0.08175359 0.06333611 0.079587 0.06430002 0.09814241 0.1000891 0.129874 0.15289755 0.1310084 0.10598108 0.19625701 0.086095944 0.089035496 0.27313957 0.10128581 0.078639686 0.1417205 0.14833917 0.123273544 0.10498933 0.17324881 0.07822161 0.22238177 0.15750782 0.11093927 0.050748203 0.09927345 0.08480563 0.12681586 0.31276938 0.08790977 0.10811357 0.3004418 0.13925731 0.07874996 0.077443115 0.07530618 0.20124914 0.09970998 0.12753974 0.17375563 0.111134015 0.19781448 0.1536266 0.16705407 0.063114725 0.07525213 0.17470258 0.07331199 0.13008644 0.09405565 0.049514122 0.06604914 0.16084322 0.066095784 0.14950709 0.07774655 0.13822709 0.14772622 0.20636846 0.14312646 0.09607768 0.1705562 0.05134442 0.026135933 0.13221607 0.07472485 0.14255036 0.08816027 0.080801584 0.14910413 0.087274805 0.07028645 0.09813796 0.06485347 0.17746013 0.11966632 0.11506088 0.067890026 0.1863858 0.22846046 0.28810424 0.067190364 0.07283722 0.20316635 0.29846305 0.09500331 0.07920437 0.07322297 0.1062027 0.08053747 0.054103106 0.14365453 0.23067942 0.10742015 0.09902876 0.108354166 0.09236289 0.2461455 0.054992426 0.25147906 0.2384575 0.058181126 0.08387353 0.082783855 0.07190405 0.23293054 0.32099745 0.09858419 0.0476603 0.21923499 0.13181461 0.14909983 0.24824649 0.20084766 0.20936865 0.0904726 0.10527917 0.069118775 0.1295464 0.18167247 0.075325675 0.04287749 0.14402285 0.10118355 0.0789853 0.11928269 0.16115576 0.13681641 0.108237766 0.20252986 0.08607503 0.2038552 0.06989857 0.05998105 0.0908803 0.14761896 0.12094457 0.25294796 0.1090471 0.088789694 0.31376877 0.108418494 0.14284684 0.067054346 0.13981886 0.1822279 0.117187366 0.1728685 0.16697915 0.07352823 0.07928205 0.08445283 0.14350246 0.07789946 0.112677336 0.12771337 0.18017721 0.1131514 0.13563377 0.1665446 0.112858616 0.07295522 0.36100167 0.0640798 0.10507048 0.36777404 0.11663235 0.18259169 0.087286025 0.12225191 0.16122587 0.10729961 0.27303654 0.12654103 0.1432923 0.17026503 0.152712 0.052937724 0.118238114 0.14569938 0.121860236 0.1584529 0.08582333 0.10219061 0.17380452 0.09413769 0.07916356 0.09870258 0.06279861 0.05892993 0.15784861 0.08024906 0.12762855 0.15548198 0.056244228 0.15117937 0.27847767 0.16550097 0.09068903 0.15060276 0.082735136 0.109159134 0.07571046 0.088293314 0.09488721 0.11498276 0.19863528 0.17816347 0.086671926 0.08008688 0.14714395 0.18843184 0.082209386 0.08848854 0.08605288 0.15883273 0.19836651 0.18375313 0.22083147 0.27599558 0.14887477 0.058665574 0.06897557 0.06836596 0.10313131 0.11098032 0.1887441 0.068391494 0.13889001 0.078942426 0.06646098 0.087853655 0.06658272 0.2526254 0.16963789 0.08758089 0.07864166 0.11956823 0.17486122 0.1138791 0.27966544 0.091680385 0.14475603 0.10763085 0.10709771 0.09331625 0.15400028 0.10505945,,
724,1x1x128x256,0.040851124 0.06505239 0.021539306 0.10362128 0.025026357 0.058395337 0.05608531 0.03533111 0.030099351 0.055075206 0.026742272 0.033444386 0.025122637 0.105368756 0.042663738 0.022668704 0.0630661 0.05278321 0.03983137 0.017121037 0.095186085 0.043177962 0.01537538 0.063389175 0.08262915 0.04773282 0.05920825 0.046280917 0.017760687 0.032841243 0.10851493 0.06801831 0.022287192 0.09641927 0.04249048 0.054947697 0.100369066 0.061383385 0.06025124 0.15669785 0.093239486 0.04764351 0.0674164 0.06034189 0.07750734 0.04848068 0.047452375 0.07702276 0.03899382 0.06870423 0.04975212 0.03680196 0.03168489 0.024174621 0.08373941 0.032505427 0.038292862 0.08093449 0.043041993 0.035190575 0.090432644 0.05780019 0.05145334 0.026598353 0.049203143 0.050821345 0.051230125 0.026547156 0.06624539 0.046771877 0.029599177 0.12539531 0.055669952 0.039732844 0.080504835 0.04940973 0.05333716 0.06361756 0.051523414 0.033295322 0.02494675 0.03162776 0.054508813 0.055259556 0.07499538 0.06805362 0.04026101 0.05488038 0.06085885 0.05081643 0.05174508 0.057279713 0.08047203 0.027007606 0.032175515 0.026060713 0.058208518 0.038077813 0.023723966 0.027593646 0.06378715 0.042867817 0.025900709 0.021739332 0.06572938 0.059178684 0.058952596 0.09147861 0.03331232 0.031016042 0.067952484 0.03902924 0.03511929 0.02360332 0.07908125 0.00797565 0.01653354 0.051710676 0.055131838 0.055414636 0.1409612 0.033115357 0.09100491 0.03415415 0.071022645 0.041247275 0.04468856 0.068327084 0.04241299 0.047246035 0.030532897 0.084331274 0.032722574 0.08771422 0.035354253 0.06070499 0.048597258 0.0921872 0.07174882 0.046241216 0.03759395 0.029675743 0.04787599 0.025954215 0.013517196 0.030425288 0.042250566 0.039440762 0.028747434 0.027387835 0.061906174 0.04574512 0.069536656 0.0557684 0.0560096 0.058163118 0.06467818 0.031170025 0.0070659616 0.062454987 0.08074223 0.051753264 0.06703798 0.04641792 0.04457346 0.04271089 0.090432376 0.05677284 0.07578956 0.0148021225 0.081505075 0.03646253 0.07441251 0.10582898 0.07744354 0.047530454 0.05572518 0.0076429867 0.074304484 0.032507055 0.078778505 0.020667756 0.11174794 0.006277211 0.11569256 0.050181895 0.061344814 0.07041459 0.016105369 0.08453373 0.050210632 0.054640573 0.026466407 0.06750079 0.058650404 0.054646656 0.029338522 0.06786376 0.04372102 0.030949786 0.050124746 0.052575286 0.038497236 0.059996434 0.07181296 0.056829877 0.012009282 0.046530493 0.021916056 0.12968399 0.053985264 0.05163733 0.040601242 0.047243174 0.101365134 0.03091047 0.022656113 0.044474028 0.028155945 0.016189428 0.0223975 0.06092537 0.046158426 0.030696262 0.021987239 0.043577805 0.106565155 0.04087692 0.058835268 0.0136409225 0.016774794 0.058251847 0.04254459 0.059957173 0.019391576 0.058355432 0.047794454 0.026726391 0.0498188 0.034315262 0.04041525 0.11311571 0.092758164 0.17363158 0.037095632 0.0070974617 0.06856328 0.06448103 0.07376347 0.059111178 0.03841042 0.017900443 0.012238289 0.04405855 0.0654634 0.043541092,0.040846135 0.065044455 0.021536676 0.10360863 0.025023304 0.05838821 0.056078464 0.035326798 0.030095678 0.05506848 0.026739009 0.033440307 0.025119571 0.105355896 0.042658534 0.022665936 0.063058406 0.05277677 0.03982651 0.017118948 0.09517447 0.043172695 0.015373504 0.06338143 0.08261906 0.047726996 0.05920103 0.04627527 0.01775852 0.032837234 0.10850168 0.06801001 0.02228447 0.096407495 0.042485293 0.05494099 0.10035682 0.061375894 0.060243886 0.15667872 0.0932281 0.047637694 0.06740817 0.060334526 0.077497885 0.048474763 0.047446586 0.077013366 0.03898906 0.06869584 0.049746048 0.03679747 0.031681024 0.02417167 0.08372919 0.03250146 0.038288187 0.080924615 0.04303674 0.03518628 0.0904216 0.057793137 0.051447064 0.026595108 0.049197137 0.050815143 0.05122387 0.026543915 0.06623731 0.04676617 0.029595563 0.12538001 0.05566316 0.039727997 0.080495015 0.0494037 0.05333065 0.063609794 0.051517125 0.033291258 0.024943706 0.0316239 0.054502163 0.05525281 0.07498623 0.06804532 0.040256098 0.054873683 0.060851425 0.050810233 0.051738765 0.05727272 0.08046221 0.02700431 0.03217159 0.026057532 0.058201414 0.038073163 0.02372107 0.027590279 0.06377936 0.042862583 0.025897548 0.021736678 0.06572136 0.059171464 0.0589454 0.09146744 0.033308253 0.031012258 0.06794419 0.03902448 0.035115007 0.023600439 0.079071596 0.007974677 0.016531521 0.051704366 0.05512511 0.05540787 0.14094399 0.033111315 0.09099381 0.034149982 0.07101397 0.041242238 0.044683106 0.06831875 0.04240781 0.04724027 0.030529171 0.08432098 0.03271858 0.08770351 0.03534994 0.060697585 0.048591327 0.09217595 0.07174007 0.046235573 0.037589364 0.02967212 0.047870144 0.025951048 0.013515546 0.030421574 0.04224541 0.03943595 0.028743926 0.027384492 0.06189862 0.04573954 0.06952817 0.055761594 0.056002766 0.058156017 0.06467028 0.03116622 0.007065099 0.062447365 0.08073238 0.051746946 0.0670298 0.04641226 0.04456802 0.042705677 0.090421334 0.05676591 0.07578031 0.014800317 0.08149513 0.036458082 0.07440343 0.10581606 0.07743409 0.047524653 0.05571838 0.007642054 0.07429542 0.032503087 0.07876889 0.020665234 0.1117343 0.006276445 0.115678445 0.05017577 0.06133733 0.07040599 0.016103404 0.08452342 0.050204504 0.054633904 0.026463177 0.06749256 0.058643244 0.054639988 0.02933494 0.067855485 0.043715682 0.030946009 0.05011863 0.052568868 0.038492538 0.05998911 0.07180419 0.056822944 0.012007817 0.04652481 0.021913381 0.12966816 0.053978678 0.05163103 0.040596288 0.04723741 0.10135276 0.030906696 0.022653347 0.0444686 0.028152509 0.016187454 0.022394765 0.060917933 0.046152793 0.030692516 0.021984557 0.04357249 0.106552154 0.040871933 0.058828086 0.013639258 0.016772747 0.058244735 0.042539395 0.059949856 0.01938921 0.058348313 0.047788624 0.02672313 0.04981272 0.034311075 0.040410317 0.11310191 0.09274684 0.17361039 0.037091102 0.0070965956 0.068554915 0.06447316 0.07375447 0.059103962 0.03840573 0.017898258 0.012236796 0.04405317 0.06545541 0.043535776,,
728,1x1x128x256,0.040851124 0.06505239 0.021539306 0.10362128 0.025026357 0.058395337 0.05608531 0.03533111 0.030099351 0.055075206 0.026742272 0.033444386 0.025122637 0.105368756 0.042663738 0.022668704 0.0630661 0.05278321 0.03983137 0.017121037 0.095186085 0.043177962 0.01537538 0.063389175 0.08262915 0.04773282 0.05920825 0.046280917 0.017760687 0.032841243 0.10851493 0.06801831 0.022287192 0.09641927 0.04249048 0.054947697 0.100369066 0.061383385 0.06025124 0.15669785 0.093239486 0.04764351 0.0674164 0.06034189 0.07750734 0.04848068 0.047452375 0.07702276 0.03899382 0.06870423 0.04975212 0.03680196 0.03168489 0.024174621 0.08373941 0.032505427 0.038292862 0.08093449 0.043041993 0.035190575 0.090432644 0.05780019 0.05145334 0.026598353 0.049203143 0.050821345 0.051230125 0.026547156 0.06624539 0.046771877 0.029599177 0.12539531 0.055669952 0.039732844 0.080504835 0.04940973 0.05333716 0.06361756 0.051523414 0.033295322 0.02494675 0.03162776 0.054508813 0.055259556 0.07499538 0.06805362 0.04026101 0.05488038 0.06085885 0.05081643 0.05174508 0.057279713 0.08047203 0.027007606 0.032175515 0.026060713 0.058208518 0.038077813 0.023723966 0.027593646 0.06378715 0.042867817 0.025900709 0.021739332 0.06572938 0.059178684 0.058952596 0.09147861 0.03331232 0.031016042 0.067952484 0.03902924 0.03511929 0.02360332 0.07908125 0.00797565 0.01653354 0.051710676 0.055131838 0.055414636 0.1409612 0.033115357 0.09100491 0.03415415 0.071022645 0.041247275 0.04468856 0.068327084 0.04241299 0.047246035 0.030532897 0.084331274 0.032722574 0.08771422 0.035354253 0.06070499 0.048597258 0.0921872 0.07174882 0.046241216 0.03759395 0.029675743 0.04787599 0.025954215 0.013517196 0.030425288 0.042250566 0.039440762 0.028747434 0.027387835 0.061906174 0.04574512 0.069536656 0.0557684 0.0560096 0.058163118 0.06467818 0.031170025 0.0070659616 0.062454987 0.08074223 0.051753264 0.06703798 0.04641792 0.04457346 0.04271089 0.090432376 0.05677284 0.07578956 0.0148021225 0.081505075 0.03646253 0.07441251 0.10582898 0.07744354 0.047530454 0.05572518 0.0076429867 0.074304484 0.032507055 0.078778505 0.020667756 0.11174794 0.006277211 0.11569256 0.050181895 0.061344814 0.07041459 0.016105369 0.08453373 0.050210632 0.054640573 0.026466407 0.06750079 0.058650404 0.054646656 0.029338522 0.06786376 0.04372102 0.030949786 0.050124746 0.052575286 0.038497236 0.059996434 0.07181296 0.056829877 0.012009282 0.046530493 0.021916056 0.12968399 0.053985264 0.05163733 0.040601242 0.047243174 0.101365134 0.03091047 0.022656113 0.044474028 0.028155945 0.016189428 0.0223975 0.06092537 0.046158426 0.030696262 0.021987239 0.043577805 0.106565155 0.04087692 0.058835268 0.0136409225 0.016774794 0.058251847 0.04254459 0.059957173 0.019391576 0.058355432 0.047794454 0.026726391 0.0498188 0.034315262 0.04041525 0.11311571 0.092758164 0.17363158 0.037095632 0.0070974617 0.06856328 0.06448103 0.07376347 0.059111178 0.03841042 0.017900443 0.012238289 0.04405855 0.0654634 0.043541092,0.040846135 0.065044455 0.021536676 0.10360863 0.025023304 0.05838821 0.056078464 0.035326798 0.030095678 0.05506848 0.026739009 0.033440307 0.025119571 0.105355896 0.042658534 0.022665936 0.063058406 0.05277677 0.03982651 0.017118948 0.09517447 0.043172695 0.015373504 0.06338143 0.08261906 0.047726996 0.05920103 0.04627527 0.01775852 0.032837234 0.10850168 0.06801001 0.02228447 0.096407495 0.042485293 0.05494099 0.10035682 0.061375894 0.060243886 0.15667872 0.0932281 0.047637694 0.06740817 0.060334526 0.077497885 0.048474763 0.047446586 0.077013366 0.03898906 0.06869584 0.049746048 0.03679747 0.031681024 0.02417167 0.08372919 0.03250146 0.038288187 0.080924615 0.04303674 0.03518628 0.0904216 0.057793137 0.051447064 0.026595108 0.049197137 0.050815143 0.05122387 0.026543915 0.06623731 0.04676617 0.029595563 0.12538001 0.05566316 0.039727997 0.080495015 0.0494037 0.05333065 0.063609794 0.051517125 0.033291258 0.024943706 0.0316239 0.054502163 0.05525281 0.07498623 0.06804532 0.040256098 0.054873683 0.060851425 0.050810233 0.051738765 0.05727272 0.08046221 0.02700431 0.03217159 0.026057532 0.058201414 0.038073163 0.02372107 0.027590279 0.06377936 0.042862583 0.025897548 0.021736678 0.06572136 0.059171464 0.0589454 0.09146744 0.033308253 0.031012258 0.06794419 0.03902448 0.035115007 0.023600439 0.079071596 0.007974677 0.016531521 0.051704366 0.05512511 0.05540787 0.14094399 0.033111315 0.09099381 0.034149982 0.07101397 0.041242238 0.044683106 0.06831875 0.04240781 0.04724027 0.030529171 0.08432098 0.03271858 0.08770351 0.03534994 0.060697585 0.048591327 0.09217595 0.07174007 0.046235573 0.037589364 0.02967212 0.047870144 0.025951048 0.013515546 0.030421574 0.04224541 0.03943595 0.028743926 0.027384492 0.06189862 0.04573954 0.06952817 0.055761594 0.056002766 0.058156017 0.06467028 0.03116622 0.007065099 0.062447365 0.08073238 0.051746946 0.0670298 0.04641226 0.04456802 0.042705677 0.090421334 0.05676591 0.07578031 0.014800317 0.08149513 0.036458082 0.07440343 0.10581606 0.07743409 0.047524653 0.05571838 0.007642054 0.07429542 0.032503087 0.07876889 0.020665234 0.1117343 0.006276445 0.115678445 0.05017577 0.06133733 0.07040599 0.016103404 0.08452342 0.050204504 0.054633904 0.026463177 0.06749256 0.058643244 0.054639988 0.02933494 0.067855485 0.043715682 0.030946009 0.05011863 0.052568868 0.038492538 0.05998911 0.07180419 0.056822944 0.012007817 0.04652481 0.021913381 0.12966816 0.053978678 0.05163103 0.040596288 0.04723741 0.10135276 0.030906696 0.022653347 0.0444686 0.028152509 0.016187454 0.022394765 0.060917933 0.046152793 0.030692516 0.021984557 0.04357249 0.106552154 0.040871933 0.058828086 0.013639258 0.016772747 0.058244735 0.042539395 0.059949856 0.01938921 0.058348313 0.047788624 0.02672313 0.04981272 0.034311075 0.040410317 0.11310191 0.09274684 0.17361039 0.037091102 0.0070965956 0.068554915 0.06447316 0.07375447 0.059103962 0.03840573 0.017898258 0.012236796 0.04405317 0.06545541 0.043535776,,
732,1x1x128x256,0.040851124 0.06505239 0.021539306 0.10362128 0.025026357 0.058395337 0.05608531 0.03533111 0.030099351 0.055075206 0.026742272 0.033444386 0.025122637 0.105368756 0.042663738 0.022668704 0.0630661 0.05278321 0.03983137 0.017121037 0.095186085 0.043177962 0.01537538 0.063389175 0.08262915 0.04773282 0.05920825 0.046280917 0.017760687 0.032841243 0.10851493 0.06801831 0.022287192 0.09641927 0.04249048 0.054947697 0.100369066 0.061383385 0.06025124 0.15669785 0.093239486 0.04764351 0.0674164 0.06034189 0.07750734 0.04848068 0.047452375 0.07702276 0.03899382 0.06870423 0.04975212 0.03680196 0.03168489 0.024174621 0.08373941 0.032505427 0.038292862 0.08093449 0.043041993 0.035190575 0.090432644 0.05780019 0.05145334 0.026598353 0.049203143 0.050821345 0.051230125 0.026547156 0.06624539 0.046771877 0.029599177 0.12539531 0.055669952 0.039732844 0.080504835 0.04940973 0.05333716 0.06361756 0.051523414 0.033295322 0.02494675 0.03162776 0.054508813 0.055259556 0.07499538 0.06805362 0.04026101 0.05488038 0.06085885 0.05081643 0.05174508 0.057279713 0.08047203 0.027007606 0.032175515 0.026060713 0.058208518 0.038077813 0.023723966 0.027593646 0.06378715 0.042867817 0.025900709 0.021739332 0.06572938 0.059178684 0.058952596 0.09147861 0.03331232 0.031016042 0.067952484 0.03902924 0.03511929 0.02360332 0.07908125 0.00797565 0.01653354 0.051710676 0.055131838 0.055414636 0.1409612 0.033115357 0.09100491 0.03415415 0.071022645 0.041247275 0.04468856 0.068327084 0.04241299 0.047246035 0.030532897 0.084331274 0.032722574 0.08771422 0.035354253 0.06070499 0.048597258 0.0921872 0.07174882 0.046241216 0.03759395 0.029675743 0.04787599 0.025954215 0.013517196 0.030425288 0.042250566 0.039440762 0.028747434 0.027387835 0.061906174 0.04574512 0.069536656 0.0557684 0.0560096 0.058163118 0.06467818 0.031170025 0.0070659616 0.062454987 0.08074223 0.051753264 0.06703798 0.04641792 0.04457346 0.04271089 0.090432376 0.05677284 0.07578956 0.0148021225 0.081505075 0.03646253 0.07441251 0.10582898 0.07744354 0.047530454 0.05572518 0.0076429867 0.074304484 0.032507055 0.078778505 0.020667756 0.11174794 0.006277211 0.11569256 0.050181895 0.061344814 0.07041459 0.016105369 0.08453373 0.050210632 0.054640573 0.026466407 0.06750079 0.058650404 0.054646656 0.029338522 0.06786376 0.04372102 0.030949786 0.050124746 0.052575286 0.038497236 0.059996434 0.07181296 0.056829877 0.012009282 0.046530493 0.021916056 0.12968399 0.053985264 0.05163733 0.040601242 0.047243174 0.101365134 0.03091047 0.022656113 0.044474028 0.028155945 0.016189428 0.0223975 0.06092537 0.046158426 0.030696262 0.021987239 0.043577805 0.106565155 0.04087692 0.058835268 0.0136409225 0.016774794 0.058251847 0.04254459 0.059957173 0.019391576 0.058355432 0.047794454 0.026726391 0.0498188 0.034315262 0.04041525 0.11311571 0.092758164 0.17363158 0.037095632 0.0070974617 0.06856328 0.06448103 0.07376347 0.059111178 0.03841042 0.017900443 0.012238289 0.04405855 0.0654634 0.043541092,0.040846135 0.065044455 0.021536676 0.10360863 0.025023304 0.05838821 0.056078464 0.035326798 0.030095678 0.05506848 0.026739009 0.033440307 0.025119571 0.105355896 0.042658534 0.022665936 0.063058406 0.05277677 0.03982651 0.017118948 0.09517447 0.043172695 0.015373504 0.06338143 0.08261906 0.047726996 0.05920103 0.04627527 0.01775852 0.032837234 0.10850168 0.06801001 0.02228447 0.096407495 0.042485293 0.05494099 0.10035682 0.061375894 0.060243886 0.15667872 0.0932281 0.047637694 0.06740817 0.060334526 0.077497885 0.048474763 0.047446586 0.077013366 0.03898906 0.06869584 0.049746048 0.03679747 0.031681024 0.02417167 0.08372919 0.03250146 0.038288187 0.080924615 0.04303674 0.03518628 0.0904216 0.057793137 0.051447064 0.026595108 0.049197137 0.050815143 0.05122387 0.026543915 0.06623731 0.04676617 0.029595563 0.12538001 0.05566316 0.039727997 0.080495015 0.0494037 0.05333065 0.063609794 0.051517125 0.033291258 0.024943706 0.0316239 0.054502163 0.05525281 0.07498623 0.06804532 0.040256098 0.054873683 0.060851425 0.050810233 0.051738765 0.05727272 0.08046221 0.02700431 0.03217159 0.026057532 0.058201414 0.038073163 0.02372107 0.027590279 0.06377936 0.042862583 0.025897548 0.021736678 0.06572136 0.059171464 0.0589454 0.09146744 0.033308253 0.031012258 0.06794419 0.03902448 0.035115007 0.023600439 0.079071596 0.007974677 0.016531521 0.051704366 0.05512511 0.05540787 0.14094399 0.033111315 0.09099381 0.034149982 0.07101397 0.041242238 0.044683106 0.06831875 0.04240781 0.04724027 0.030529171 0.08432098 0.03271858 0.08770351 0.03534994 0.060697585 0.048591327 0.09217595 0.07174007 0.046235573 0.037589364 0.02967212 0.047870144 0.025951048 0.013515546 0.030421574 0.04224541 0.03943595 0.028743926 0.027384492 0.06189862 0.04573954 0.06952817 0.055761594 0.056002766 0.058156017 0.06467028 0.03116622 0.007065099 0.062447365 0.08073238 0.051746946 0.0670298 0.04641226 0.04456802 0.042705677 0.090421334 0.05676591 0.07578031 0.014800317 0.08149513 0.036458082 0.07440343 0.10581606 0.07743409 0.047524653 0.05571838 0.007642054 0.07429542 0.032503087 0.07876889 0.020665234 0.1117343 0.006276445 0.115678445 0.05017577 0.06133733 0.07040599 0.016103404 0.08452342 0.050204504 0.054633904 0.026463177 0.06749256 0.058643244 0.054639988 0.02933494 0.067855485 0.043715682 0.030946009 0.05011863 0.052568868 0.038492538 0.05998911 0.07180419 0.056822944 0.012007817 0.04652481 0.021913381 0.12966816 0.053978678 0.05163103 0.040596288 0.04723741 0.10135276 0.030906696 0.022653347 0.0444686 0.028152509 0.016187454 0.022394765 0.060917933 0.046152793 0.030692516 0.021984557 0.04357249 0.106552154 0.040871933 0.058828086 0.013639258 0.016772747 0.058244735 0.042539395 0.059949856 0.01938921 0.058348313 0.047788624 0.02672313 0.04981272 0.034311075 0.040410317 0.11310191 0.09274684 0.17361039 0.037091102 0.0070965956 0.068554915 0.06447316 0.07375447 0.059103962 0.03840573 0.017898258 0.012236796 0.04405317 0.06545541 0.043535776,,
736,1x1x128x256,0.040851124 0.06505239 0.021539306 0.10362128 0.025026357 0.058395337 0.05608531 0.03533111 0.030099351 0.055075206 0.026742272 0.033444386 0.025122637 0.105368756 0.042663738 0.022668704 0.0630661 0.05278321 0.03983137 0.017121037 0.095186085 0.043177962 0.01537538 0.063389175 0.08262915 0.04773282 0.05920825 0.046280917 0.017760687 0.032841243 0.10851493 0.06801831 0.022287192 0.09641927 0.04249048 0.054947697 0.100369066 0.061383385 0.06025124 0.15669785 0.093239486 0.04764351 0.0674164 0.06034189 0.07750734 0.04848068 0.047452375 0.07702276 0.03899382 0.06870423 0.04975212 0.03680196 0.03168489 0.024174621 0.08373941 0.032505427 0.038292862 0.08093449 0.043041993 0.035190575 0.090432644 0.05780019 0.05145334 0.026598353 0.049203143 0.050821345 0.051230125 0.026547156 0.06624539 0.046771877 0.029599177 0.12539531 0.055669952 0.039732844 0.080504835 0.04940973 0.05333716 0.06361756 0.051523414 0.033295322 0.02494675 0.03162776 0.054508813 0.055259556 0.07499538 0.06805362 0.04026101 0.05488038 0.06085885 0.05081643 0.05174508 0.057279713 0.08047203 0.027007606 0.032175515 0.026060713 0.058208518 0.038077813 0.023723966 0.027593646 0.06378715 0.042867817 0.025900709 0.021739332 0.06572938 0.059178684 0.058952596 0.09147861 0.03331232 0.031016042 0.067952484 0.03902924 0.03511929 0.02360332 0.07908125 0.00797565 0.01653354 0.051710676 0.055131838 0.055414636 0.1409612 0.033115357 0.09100491 0.03415415 0.071022645 0.041247275 0.04468856 0.068327084 0.04241299 0.047246035 0.030532897 0.084331274 0.032722574 0.08771422 0.035354253 0.06070499 0.048597258 0.0921872 0.07174882 0.046241216 0.03759395 0.029675743 0.04787599 0.025954215 0.013517196 0.030425288 0.042250566 0.039440762 0.028747434 0.027387835 0.061906174 0.04574512 0.069536656 0.0557684 0.0560096 0.058163118 0.06467818 0.031170025 0.0070659616 0.062454987 0.08074223 0.051753264 0.06703798 0.04641792 0.04457346 0.04271089 0.090432376 0.05677284 0.07578956 0.0148021225 0.081505075 0.03646253 0.07441251 0.10582898 0.07744354 0.047530454 0.05572518 0.0076429867 0.074304484 0.032507055 0.078778505 0.020667756 0.11174794 0.006277211 0.11569256 0.050181895 0.061344814 0.07041459 0.016105369 0.08453373 0.050210632 0.054640573 0.026466407 0.06750079 0.058650404 0.054646656 0.029338522 0.06786376 0.04372102 0.030949786 0.050124746 0.052575286 0.038497236 0.059996434 0.07181296 0.056829877 0.012009282 0.046530493 0.021916056 0.12968399 0.053985264 0.05163733 0.040601242 0.047243174 0.101365134 0.03091047 0.022656113 0.044474028 0.028155945 0.016189428 0.0223975 0.06092537 0.046158426 0.030696262 0.021987239 0.043577805 0.106565155 0.04087692 0.058835268 0.0136409225 0.016774794 0.058251847 0.04254459 0.059957173 0.019391576 0.058355432 0.047794454 0.026726391 0.0498188 0.034315262 0.04041525 0.11311571 0.092758164 0.17363158 0.037095632 0.0070974617 0.06856328 0.06448103 0.07376347 0.059111178 0.03841042 0.017900443 0.012238289 0.04405855 0.0654634 0.043541092,0.040846135 0.065044455 0.021536676 0.10360863 0.025023304 0.05838821 0.056078464 0.035326798 0.030095678 0.05506848 0.026739009 0.033440307 0.025119571 0.105355896 0.042658534 0.022665936 0.063058406 0.05277677 0.03982651 0.017118948 0.09517447 0.043172695 0.015373504 0.06338143 0.08261906 0.047726996 0.05920103 0.04627527 0.01775852 0.032837234 0.10850168 0.06801001 0.02228447 0.096407495 0.042485293 0.05494099 0.10035682 0.061375894 0.060243886 0.15667872 0.0932281 0.047637694 0.06740817 0.060334526 0.077497885 0.048474763 0.047446586 0.077013366 0.03898906 0.06869584 0.049746048 0.03679747 0.031681024 0.02417167 0.08372919 0.03250146 0.038288187 0.080924615 0.04303674 0.03518628 0.0904216 0.057793137 0.051447064 0.026595108 0.049197137 0.050815143 0.05122387 0.026543915 0.06623731 0.04676617 0.029595563 0.12538001 0.05566316 0.039727997 0.080495015 0.0494037 0.05333065 0.063609794 0.051517125 0.033291258 0.024943706 0.0316239 0.054502163 0.05525281 0.07498623 0.06804532 0.040256098 0.054873683 0.060851425 0.050810233 0.051738765 0.05727272 0.08046221 0.02700431 0.03217159 0.026057532 0.058201414 0.038073163 0.02372107 0.027590279 0.06377936 0.042862583 0.025897548 0.021736678 0.06572136 0.059171464 0.0589454 0.09146744 0.033308253 0.031012258 0.06794419 0.03902448 0.035115007 0.023600439 0.079071596 0.007974677 0.016531521 0.051704366 0.05512511 0.05540787 0.14094399 0.033111315 0.09099381 0.034149982 0.07101397 0.041242238 0.044683106 0.06831875 0.04240781 0.04724027 0.030529171 0.08432098 0.03271858 0.08770351 0.03534994 0.060697585 0.048591327 0.09217595 0.07174007 0.046235573 0.037589364 0.02967212 0.047870144 0.025951048 0.013515546 0.030421574 0.04224541 0.03943595 0.028743926 0.027384492 0.06189862 0.04573954 0.06952817 0.055761594 0.056002766 0.058156017 0.06467028 0.03116622 0.007065099 0.062447365 0.08073238 0.051746946 0.0670298 0.04641226 0.04456802 0.042705677 0.090421334 0.05676591 0.07578031 0.014800317 0.08149513 0.036458082 0.07440343 0.10581606 0.07743409 0.047524653 0.05571838 0.007642054 0.07429542 0.032503087 0.07876889 0.020665234 0.1117343 0.006276445 0.115678445 0.05017577 0.06133733 0.07040599 0.016103404 0.08452342 0.050204504 0.054633904 0.026463177 0.06749256 0.058643244 0.054639988 0.02933494 0.067855485 0.043715682 0.030946009 0.05011863 0.052568868 0.038492538 0.05998911 0.07180419 0.056822944 0.012007817 0.04652481 0.021913381 0.12966816 0.053978678 0.05163103 0.040596288 0.04723741 0.10135276 0.030906696 0.022653347 0.0444686 0.028152509 0.016187454 0.022394765 0.060917933 0.046152793 0.030692516 0.021984557 0.04357249 0.106552154 0.040871933 0.058828086 0.013639258 0.016772747 0.058244735 0.042539395 0.059949856 0.01938921 0.058348313 0.047788624 0.02672313 0.04981272 0.034311075 0.040410317 0.11310191 0.09274684 0.17361039 0.037091102 0.0070965956 0.068554915 0.06447316 0.07375447 0.059103962 0.03840573 0.017898258 0.012236796 0.04405317 0.06545541 0.043535776,,
740,1x1x128x256,0.040851124 0.06505239 0.021539306 0.10362128 0.025026357 0.058395337 0.05608531 0.03533111 0.030099351 0.055075206 0.026742272 0.033444386 0.025122637 0.105368756 0.042663738 0.022668704 0.0630661 0.05278321 0.03983137 0.017121037 0.095186085 0.043177962 0.01537538 0.063389175 0.08262915 0.04773282 0.05920825 0.046280917 0.017760687 0.032841243 0.10851493 0.06801831 0.022287192 0.09641927 0.04249048 0.054947697 0.100369066 0.061383385 0.06025124 0.15669785 0.093239486 0.04764351 0.0674164 0.06034189 0.07750734 0.04848068 0.047452375 0.07702276 0.03899382 0.06870423 0.04975212 0.03680196 0.03168489 0.024174621 0.08373941 0.032505427 0.038292862 0.08093449 0.043041993 0.035190575 0.090432644 0.05780019 0.05145334 0.026598353 0.049203143 0.050821345 0.051230125 0.026547156 0.06624539 0.046771877 0.029599177 0.12539531 0.055669952 0.039732844 0.080504835 0.04940973 0.05333716 0.06361756 0.051523414 0.033295322 0.02494675 0.03162776 0.054508813 0.055259556 0.07499538 0.06805362 0.04026101 0.05488038 0.06085885 0.05081643 0.05174508 0.057279713 0.08047203 0.027007606 0.032175515 0.026060713 0.058208518 0.038077813 0.023723966 0.027593646 0.06378715 0.042867817 0.025900709 0.021739332 0.06572938 0.059178684 0.058952596 0.09147861 0.03331232 0.031016042 0.067952484 0.03902924 0.03511929 0.02360332 0.07908125 0.00797565 0.01653354 0.051710676 0.055131838 0.055414636 0.1409612 0.033115357 0.09100491 0.03415415 0.071022645 0.041247275 0.04468856 0.068327084 0.04241299 0.047246035 0.030532897 0.084331274 0.032722574 0.08771422 0.035354253 0.06070499 0.048597258 0.0921872 0.07174882 0.046241216 0.03759395 0.029675743 0.04787599 0.025954215 0.013517196 0.030425288 0.042250566 0.039440762 0.028747434 0.027387835 0.061906174 0.04574512 0.069536656 0.0557684 0.0560096 0.058163118 0.06467818 0.031170025 0.0070659616 0.062454987 0.08074223 0.051753264 0.06703798 0.04641792 0.04457346 0.04271089 0.090432376 0.05677284 0.07578956 0.0148021225 0.081505075 0.03646253 0.07441251 0.10582898 0.07744354 0.047530454 0.05572518 0.0076429867 0.074304484 0.032507055 0.078778505 0.020667756 0.11174794 0.006277211 0.11569256 0.050181895 0.061344814 0.07041459 0.016105369 0.08453373 0.050210632 0.054640573 0.026466407 0.06750079 0.058650404 0.054646656 0.029338522 0.06786376 0.04372102 0.030949786 0.050124746 0.052575286 0.038497236 0.059996434 0.07181296 0.056829877 0.012009282 0.046530493 0.021916056 0.12968399 0.053985264 0.05163733 0.040601242 0.047243174 0.101365134 0.03091047 0.022656113 0.044474028 0.028155945 0.016189428 0.0223975 0.06092537 0.046158426 0.030696262 0.021987239 0.043577805 0.106565155 0.04087692 0.058835268 0.0136409225 0.016774794 0.058251847 0.04254459 0.059957173 0.019391576 0.058355432 0.047794454 0.026726391 0.0498188 0.034315262 0.04041525 0.11311571 0.092758164 0.17363158 0.037095632 0.0070974617 0.06856328 0.06448103 0.07376347 0.059111178 0.03841042 0.017900443 0.012238289 0.04405855 0.0654634 0.043541092,0.040846135 0.065044455 0.021536676 0.10360863 0.025023304 0.05838821 0.056078464 0.035326798 0.030095678 0.05506848 0.026739009 0.033440307 0.025119571 0.105355896 0.042658534 0.022665936 0.063058406 0.05277677 0.03982651 0.017118948 0.09517447 0.043172695 0.015373504 0.06338143 0.08261906 0.047726996 0.05920103 0.04627527 0.01775852 0.032837234 0.10850168 0.06801001 0.02228447 0.096407495 0.042485293 0.05494099 0.10035682 0.061375894 0.060243886 0.15667872 0.0932281 0.047637694 0.06740817 0.060334526 0.077497885 0.048474763 0.047446586 0.077013366 0.03898906 0.06869584 0.049746048 0.03679747 0.031681024 0.02417167 0.08372919 0.03250146 0.038288187 0.080924615 0.04303674 0.03518628 0.0904216 0.057793137 0.051447064 0.026595108 0.049197137 0.050815143 0.05122387 0.026543915 0.06623731 0.04676617 0.029595563 0.12538001 0.05566316 0.039727997 0.080495015 0.0494037 0.05333065 0.063609794 0.051517125 0.033291258 0.024943706 0.0316239 0.054502163 0.05525281 0.07498623 0.06804532 0.040256098 0.054873683 0.060851425 0.050810233 0.051738765 0.05727272 0.08046221 0.02700431 0.03217159 0.026057532 0.058201414 0.038073163 0.02372107 0.027590279 0.06377936 0.042862583 0.025897548 0.021736678 0.06572136 0.059171464 0.0589454 0.09146744 0.033308253 0.031012258 0.06794419 0.03902448 0.035115007 0.023600439 0.079071596 0.007974677 0.016531521 0.051704366 0.05512511 0.05540787 0.14094399 0.033111315 0.09099381 0.034149982 0.07101397 0.041242238 0.044683106 0.06831875 0.04240781 0.04724027 0.030529171 0.08432098 0.03271858 0.08770351 0.03534994 0.060697585 0.048591327 0.09217595 0.07174007 0.046235573 0.037589364 0.02967212 0.047870144 0.025951048 0.013515546 0.030421574 0.04224541 0.03943595 0.028743926 0.027384492 0.06189862 0.04573954 0.06952817 0.055761594 0.056002766 0.058156017 0.06467028 0.03116622 0.007065099 0.062447365 0.08073238 0.051746946 0.0670298 0.04641226 0.04456802 0.042705677 0.090421334 0.05676591 0.07578031 0.014800317 0.08149513 0.036458082 0.07440343 0.10581606 0.07743409 0.047524653 0.05571838 0.007642054 0.07429542 0.032503087 0.07876889 0.020665234 0.1117343 0.006276445 0.115678445 0.05017577 0.06133733 0.07040599 0.016103404 0.08452342 0.050204504 0.054633904 0.026463177 0.06749256 0.058643244 0.054639988 0.02933494 0.067855485 0.043715682 0.030946009 0.05011863 0.052568868 0.038492538 0.05998911 0.07180419 0.056822944 0.012007817 0.04652481 0.021913381 0.12966816 0.053978678 0.05163103 0.040596288 0.04723741 0.10135276 0.030906696 0.022653347 0.0444686 0.028152509 0.016187454 0.022394765 0.060917933 0.046152793 0.030692516 0.021984557 0.04357249 0.106552154 0.040871933 0.058828086 0.013639258 0.016772747 0.058244735 0.042539395 0.059949856 0.01938921 0.058348313 0.047788624 0.02672313 0.04981272 0.034311075 0.040410317 0.11310191 0.09274684 0.17361039 0.037091102 0.0070965956 0.068554915 0.06447316 0.07375447 0.059103962 0.03840573 0.017898258 0.012236796 0.04405317 0.06545541 0.043535776,,
744,1x1x128x256,0.040851124 0.06505239 0.021539306 0.10362128 0.025026357 0.058395337 0.05608531 0.03533111 0.030099351 0.055075206 0.026742272 0.033444386 0.025122637 0.105368756 0.042663738 0.022668704 0.0630661 0.05278321 0.03983137 0.017121037 0.095186085 0.043177962 0.01537538 0.063389175 0.08262915 0.04773282 0.05920825 0.046280917 0.017760687 0.032841243 0.10851493 0.06801831 0.022287192 0.09641927 0.04249048 0.054947697 0.100369066 0.061383385 0.06025124 0.15669785 0.093239486 0.04764351 0.0674164 0.06034189 0.07750734 0.04848068 0.047452375 0.07702276 0.03899382 0.06870423 0.04975212 0.03680196 0.03168489 0.024174621 0.08373941 0.032505427 0.038292862 0.08093449 0.043041993 0.035190575 0.090432644 0.05780019 0.05145334 0.026598353 0.049203143 0.050821345 0.051230125 0.026547156 0.06624539 0.046771877 0.029599177 0.12539531 0.055669952 0.039732844 0.080504835 0.04940973 0.05333716 0.06361756 0.051523414 0.033295322 0.02494675 0.03162776 0.054508813 0.055259556 0.07499538 0.06805362 0.04026101 0.05488038 0.06085885 0.05081643 0.05174508 0.057279713 0.08047203 0.027007606 0.032175515 0.026060713 0.058208518 0.038077813 0.023723966 0.027593646 0.06378715 0.042867817 0.025900709 0.021739332 0.06572938 0.059178684 0.058952596 0.09147861 0.03331232 0.031016042 0.067952484 0.03902924 0.03511929 0.02360332 0.07908125 0.00797565 0.01653354 0.051710676 0.055131838 0.055414636 0.1409612 0.033115357 0.09100491 0.03415415 0.071022645 0.041247275 0.04468856 0.068327084 0.04241299 0.047246035 0.030532897 0.084331274 0.032722574 0.08771422 0.035354253 0.06070499 0.048597258 0.0921872 0.07174882 0.046241216 0.03759395 0.029675743 0.04787599 0.025954215 0.013517196 0.030425288 0.042250566 0.039440762 0.028747434 0.027387835 0.061906174 0.04574512 0.069536656 0.0557684 0.0560096 0.058163118 0.06467818 0.031170025 0.0070659616 0.062454987 0.08074223 0.051753264 0.06703798 0.04641792 0.04457346 0.04271089 0.090432376 0.05677284 0.07578956 0.0148021225 0.081505075 0.03646253 0.07441251 0.10582898 0.07744354 0.047530454 0.05572518 0.0076429867 0.074304484 0.032507055 0.078778505 0.020667756 0.11174794 0.006277211 0.11569256 0.050181895 0.061344814 0.07041459 0.016105369 0.08453373 0.050210632 0.054640573 0.026466407 0.06750079 0.058650404 0.054646656 0.029338522 0.06786376 0.04372102 0.030949786 0.050124746 0.052575286 0.038497236 0.059996434 0.07181296 0.056829877 0.012009282 0.046530493 0.021916056 0.12968399 0.053985264 0.05163733 0.040601242 0.047243174 0.101365134 0.03091047 0.022656113 0.044474028 0.028155945 0.016189428 0.0223975 0.06092537 0.046158426 0.030696262 0.021987239 0.043577805 0.106565155 0.04087692 0.058835268 0.0136409225 0.016774794 0.058251847 0.04254459 0.059957173 0.019391576 0.058355432 0.047794454 0.026726391 0.0498188 0.034315262 0.04041525 0.11311571 0.092758164 0.17363158 0.037095632 0.0070974617 0.06856328 0.06448103 0.07376347 0.059111178 0.03841042 0.017900443 0.012238289 0.04405855 0.0654634 0.043541092,0.040846135 0.065044455 0.021536676 0.10360863 0.025023304 0.05838821 0.056078464 0.035326798 0.030095678 0.05506848 0.026739009 0.033440307 0.025119571 0.105355896 0.042658534 0.022665936 0.063058406 0.05277677 0.03982651 0.017118948 0.09517447 0.043172695 0.015373504 0.06338143 0.08261906 0.047726996 0.05920103 0.04627527 0.01775852 0.032837234 0.10850168 0.06801001 0.02228447 0.096407495 0.042485293 0.05494099 0.10035682 0.061375894 0.060243886 0.15667872 0.0932281 0.047637694 0.06740817 0.060334526 0.077497885 0.048474763 0.047446586 0.077013366 0.03898906 0.06869584 0.049746048 0.03679747 0.031681024 0.02417167 0.08372919 0.03250146 0.038288187 0.080924615 0.04303674 0.03518628 0.0904216 0.057793137 0.051447064 0.026595108 0.049197137 0.050815143 0.05122387 0.026543915 0.06623731 0.04676617 0.029595563 0.12538001 0.05566316 0.039727997 0.080495015 0.0494037 0.05333065 0.063609794 0.051517125 0.033291258 0.024943706 0.0316239 0.054502163 0.05525281 0.07498623 0.06804532 0.040256098 0.054873683 0.060851425 0.050810233 0.051738765 0.05727272 0.08046221 0.02700431 0.03217159 0.026057532 0.058201414 0.038073163 0.02372107 0.027590279 0.06377936 0.042862583 0.025897548 0.021736678 0.06572136 0.059171464 0.0589454 0.09146744 0.033308253 0.031012258 0.06794419 0.03902448 0.035115007 0.023600439 0.079071596 0.007974677 0.016531521 0.051704366 0.05512511 0.05540787 0.14094399 0.033111315 0.09099381 0.034149982 0.07101397 0.041242238 0.044683106 0.06831875 0.04240781 0.04724027 0.030529171 0.08432098 0.03271858 0.08770351 0.03534994 0.060697585 0.048591327 0.09217595 0.07174007 0.046235573 0.037589364 0.02967212 0.047870144 0.025951048 0.013515546 0.030421574 0.04224541 0.03943595 0.028743926 0.027384492 0.06189862 0.04573954 0.06952817 0.055761594 0.056002766 0.058156017 0.06467028 0.03116622 0.007065099 0.062447365 0.08073238 0.051746946 0.0670298 0.04641226 0.04456802 0.042705677 0.090421334 0.05676591 0.07578031 0.014800317 0.08149513 0.036458082 0.07440343 0.10581606 0.07743409 0.047524653 0.05571838 0.007642054 0.07429542 0.032503087 0.07876889 0.020665234 0.1117343 0.006276445 0.115678445 0.05017577 0.06133733 0.07040599 0.016103404 0.08452342 0.050204504 0.054633904 0.026463177 0.06749256 0.058643244 0.054639988 0.02933494 0.067855485 0.043715682 0.030946009 0.05011863 0.052568868 0.038492538 0.05998911 0.07180419 0.056822944 0.012007817 0.04652481 0.021913381 0.12966816 0.053978678 0.05163103 0.040596288 0.04723741 0.10135276 0.030906696 0.022653347 0.0444686 0.028152509 0.016187454 0.022394765 0.060917933 0.046152793 0.030692516 0.021984557 0.04357249 0.106552154 0.040871933 0.058828086 0.013639258 0.016772747 0.058244735 0.042539395 0.059949856 0.01938921 0.058348313 0.047788624 0.02672313 0.04981272 0.034311075 0.040410317 0.11310191 0.09274684 0.17361039 0.037091102 0.0070965956 0.068554915 0.06447316 0.07375447 0.059103962 0.03840573 0.017898258 0.012236796 0.04405317 0.06545541 0.043535776,,
762,3x3x256x256,0.038980324 0.04390888 0.17383668 0.10423592 0.13264944 0.13846146 0.11104353 0.10156797 0.08399582 0.13167262 0.06554767 0.13574728 0.1828284 0.09700517 0.119254306 0.07036814 0.064791776 0.034307096 0.10444376 0.09243076 0.049954146 0.074428 0.09941222 0.02996275 0.08896589 0.07208695 0.026540196 0.06919174 0.1521375 0.14985818 0.13169757 0.07444382 0.13515097 0.08687541 0.10443364 0.08581413 0.05001951 0.1104969 0.10380366 0.11371616 0.19992338 0.117160775 0.04907393 0.07043529 0.098573856 0.04860335 0.084034435 0.09273129 0.08511237 0.07285888 0.12813665 0.10795646 0.060980666 0.06844392 0.082191706 0.084215686 0.05850716 0.11849932 0.076360814 0.067605786 0.06318902 0.087020375 0.064203575 0.082779825 0.083066665 0.16344218 0.14242338 0.061782405 0.16077939 0.04570687 0.12934658 0.105254464 0.08727495 0.050412983 0.046854097 0.06709062 0.15465134 0.34421566 0.17238297 0.120670415 0.1317578 0.07707286 0.069374174 0.21692418 0.09281918 0.09542682 0.09751613 0.13906604 0.11510817 0.059173323 0.062582575 0.018186249 0.068611816 0.05699888 0.09398249 0.10852169 0.060729615 0.13556263 0.107617706 0.06721419 0.057250056 0.047146693 0.02227378 0.05718838 0.06943861 0.10591574 0.05097574 0.08966618 0.122272514 0.106966406 0.18153878 0.07446875 0.10855466 0.15284604 0.08603173 0.10630084 0.0633681 0.11950123 0.05682635 0.09618824 0.08655044 0.20803376 0.11845842 0.23255782 0.13327669 0.08918721 0.081307545 0.099917695 0.1465993 0.07842626 0.05335861 0.10305555 0.14170092 0.089328386 0.05271017 0.06370301 0.18859911 0.2129559 0.0538369 0.11505427 0.06937219 0.056124672 0.0647869 0.05802697 0.09334177 0.10386032 0.08254566 0.13267808 0.14100508 0.0854729 0.095490046 0.12755029 0.09202525 0.0833388 0.052961048 0.15602462 0.08415974 0.104867645 0.09789779 0.09536529 0.09560667 0.12588502 0.19585559 0.041296963 0.10831329 0.10163876 0.11771975 0.15566972 0.13147625 0.05370405 0.101831 0.09587307 0.13150197 0.051297422 0.14979453 0.15798365 0.05723734 0.07407166 0.06736316 0.09911073 0.09950601 0.084584 0.083604574 0.035015766 0.0729128 0.16591148 0.09118831 0.08233173 0.06573453 0.1355069 0.08983469 0.23616207 0.1725397 0.08081154 0.071878485 0.09574749 0.08948941 0.07188009 0.079998866 0.08637061 0.06210809 0.11923579 0.14419481 0.08390394 0.09667533 0.14600533 0.12932469 0.08903567 0.14062524 0.13616826 0.10643287 0.1405233 0.07897145 0.056744117 0.24445279 0.083273254 0.071605474 0.117554724 0.037801247 0.24137495 0.13988449 0.031463236 0.10119269 0.0985485 0.156393 0.13169363 0.13677491 0.0794851 0.32209152 0.06556448 0.11621332 0.21593095 0.07004274 0.14157009 0.16868538 0.13827695 0.0687701 0.072296835 0.04944772 0.11988367 0.123771876 0.11999095 0.091234945 0.16060695 0.12993646 0.020748993 0.10928361 0.11433556 0.1629707 0.07033689 0.10687905 0.05016801 0.06836556 0.07773245 0.08086491 0.06794079,0.038975567 0.04390352 0.17381547 0.10422319 0.13263324 0.13844456 0.111029975 0.10155558 0.08398557 0.13165654 0.06553967 0.13573071 0.18280607 0.096993335 0.11923975 0.07035956 0.06478386 0.03430291 0.10443101 0.09241948 0.049948048 0.07441892 0.09940008 0.029959094 0.08895503 0.07207815 0.026536956 0.06918329 0.15211894 0.14983988 0.1316815 0.07443473 0.13513447 0.08686481 0.1044209 0.085803665 0.050013408 0.110483415 0.10379098 0.11370229 0.19989897 0.11714648 0.049067944 0.0704267 0.09856183 0.048597418 0.084024176 0.09271997 0.085101984 0.07284998 0.128121 0.10794328 0.060973227 0.068435565 0.08218167 0.084205404 0.05850002 0.118484855 0.07635149 0.06759753 0.06318131 0.08700975 0.064195745 0.08276972 0.08305653 0.16342224 0.14240599 0.061774865 0.16075976 0.045701288 0.12933078 0.10524162 0.08726431 0.050406832 0.04684838 0.067082435 0.15463248 0.34417367 0.17236193 0.12065569 0.13174172 0.07706345 0.0693657 0.21689771 0.092807844 0.095415175 0.09750422 0.13904907 0.11509412 0.059166104 0.06257494 0.01818403 0.06860344 0.05699192 0.093971014 0.10850845 0.060722206 0.13554607 0.10760457 0.06720599 0.05724307 0.04714094 0.022271061 0.0571814 0.06943013 0.10590281 0.05096952 0.08965524 0.12225759 0.10695335 0.18151662 0.07445966 0.108541414 0.15282738 0.08602123 0.10628787 0.06336036 0.119486645 0.056819417 0.096176505 0.08653988 0.20800836 0.11844396 0.23252945 0.13326043 0.08917633 0.08129762 0.099905506 0.14658141 0.07841669 0.0533521 0.103042975 0.14168364 0.089317486 0.05270374 0.06369523 0.1885761 0.21292992 0.053830333 0.115040235 0.06936372 0.056117825 0.064779 0.058019888 0.093330376 0.103847645 0.08253559 0.1326619 0.14098787 0.085462466 0.09547839 0.12753473 0.092014015 0.08332863 0.052954584 0.15600558 0.08414947 0.10485485 0.09788585 0.095353656 0.095595 0.12586966 0.19583169 0.041291922 0.108300075 0.10162635 0.11770538 0.15565072 0.1314602 0.053697493 0.10181857 0.09586137 0.13148592 0.051291164 0.14977625 0.15796436 0.057230353 0.074062616 0.06735493 0.09909863 0.09949387 0.08457367 0.08359437 0.035011493 0.072903894 0.16589123 0.09117719 0.08232169 0.06572651 0.13549036 0.08982372 0.23613325 0.17251864 0.08080168 0.07186971 0.0957358 0.089478485 0.07187131 0.0799891 0.08636007 0.06210051 0.11922124 0.14417721 0.083893694 0.096663535 0.14598751 0.12930891 0.0890248 0.14060809 0.13615164 0.106419876 0.14050615 0.07896182 0.056737192 0.24442296 0.08326309 0.071596734 0.11754038 0.03779663 0.2413455 0.13986742 0.0314594 0.101180345 0.09853648 0.15637392 0.13167757 0.13675822 0.0794754 0.3220522 0.06555648 0.11619914 0.2159046 0.07003418 0.1415528 0.1686648 0.13826007 0.06876171 0.072288014 0.049441684 0.119869046 0.12375677 0.119976304 0.091223806 0.16058734 0.1299206 0.02074646 0.109270275 0.114321604 0.16295083 0.07032831 0.10686601 0.05016189 0.068357214 0.07772296 0.08085504 0.067932494,,
766,3x3x256x256,0.038980324 0.04390888 0.17383668 0.10423592 0.13264944 0.13846146 0.11104353 0.10156797 0.08399582 0.13167262 0.06554767 0.13574728 0.1828284 0.09700517 0.119254306 0.07036814 0.064791776 0.034307096 0.10444376 0.09243076 0.049954146 0.074428 0.09941222 0.02996275 0.08896589 0.07208695 0.026540196 0.06919174 0.1521375 0.14985818 0.13169757 0.07444382 0.13515097 0.08687541 0.10443364 0.08581413 0.05001951 0.1104969 0.10380366 0.11371616 0.19992338 0.117160775 0.04907393 0.07043529 0.098573856 0.04860335 0.084034435 0.09273129 0.08511237 0.07285888 0.12813665 0.10795646 0.060980666 0.06844392 0.082191706 0.084215686 0.05850716 0.11849932 0.076360814 0.067605786 0.06318902 0.087020375 0.064203575 0.082779825 0.083066665 0.16344218 0.14242338 0.061782405 0.16077939 0.04570687 0.12934658 0.105254464 0.08727495 0.050412983 0.046854097 0.06709062 0.15465134 0.34421566 0.17238297 0.120670415 0.1317578 0.07707286 0.069374174 0.21692418 0.09281918 0.09542682 0.09751613 0.13906604 0.11510817 0.059173323 0.062582575 0.018186249 0.068611816 0.05699888 0.09398249 0.10852169 0.060729615 0.13556263 0.107617706 0.06721419 0.057250056 0.047146693 0.02227378 0.05718838 0.06943861 0.10591574 0.05097574 0.08966618 0.122272514 0.106966406 0.18153878 0.07446875 0.10855466 0.15284604 0.08603173 0.10630084 0.0633681 0.11950123 0.05682635 0.09618824 0.08655044 0.20803376 0.11845842 0.23255782 0.13327669 0.08918721 0.081307545 0.099917695 0.1465993 0.07842626 0.05335861 0.10305555 0.14170092 0.089328386 0.05271017 0.06370301 0.18859911 0.2129559 0.0538369 0.11505427 0.06937219 0.056124672 0.0647869 0.05802697 0.09334177 0.10386032 0.08254566 0.13267808 0.14100508 0.0854729 0.095490046 0.12755029 0.09202525 0.0833388 0.052961048 0.15602462 0.08415974 0.104867645 0.09789779 0.09536529 0.09560667 0.12588502 0.19585559 0.041296963 0.10831329 0.10163876 0.11771975 0.15566972 0.13147625 0.05370405 0.101831 0.09587307 0.13150197 0.051297422 0.14979453 0.15798365 0.05723734 0.07407166 0.06736316 0.09911073 0.09950601 0.084584 0.083604574 0.035015766 0.0729128 0.16591148 0.09118831 0.08233173 0.06573453 0.1355069 0.08983469 0.23616207 0.1725397 0.08081154 0.071878485 0.09574749 0.08948941 0.07188009 0.079998866 0.08637061 0.06210809 0.11923579 0.14419481 0.08390394 0.09667533 0.14600533 0.12932469 0.08903567 0.14062524 0.13616826 0.10643287 0.1405233 0.07897145 0.056744117 0.24445279 0.083273254 0.071605474 0.117554724 0.037801247 0.24137495 0.13988449 0.031463236 0.10119269 0.0985485 0.156393 0.13169363 0.13677491 0.0794851 0.32209152 0.06556448 0.11621332 0.21593095 0.07004274 0.14157009 0.16868538 0.13827695 0.0687701 0.072296835 0.04944772 0.11988367 0.123771876 0.11999095 0.091234945 0.16060695 0.12993646 0.020748993 0.10928361 0.11433556 0.1629707 0.07033689 0.10687905 0.05016801 0.06836556 0.07773245 0.08086491 0.06794079,0.038975567 0.04390352 0.17381547 0.10422319 0.13263324 0.13844456 0.111029975 0.10155558 0.08398557 0.13165654 0.06553967 0.13573071 0.18280607 0.096993335 0.11923975 0.07035956 0.06478386 0.03430291 0.10443101 0.09241948 0.049948048 0.07441892 0.09940008 0.029959094 0.08895503 0.07207815 0.026536956 0.06918329 0.15211894 0.14983988 0.1316815 0.07443473 0.13513447 0.08686481 0.1044209 0.085803665 0.050013408 0.110483415 0.10379098 0.11370229 0.19989897 0.11714648 0.049067944 0.0704267 0.09856183 0.048597418 0.084024176 0.09271997 0.085101984 0.07284998 0.128121 0.10794328 0.060973227 0.068435565 0.08218167 0.084205404 0.05850002 0.118484855 0.07635149 0.06759753 0.06318131 0.08700975 0.064195745 0.08276972 0.08305653 0.16342224 0.14240599 0.061774865 0.16075976 0.045701288 0.12933078 0.10524162 0.08726431 0.050406832 0.04684838 0.067082435 0.15463248 0.34417367 0.17236193 0.12065569 0.13174172 0.07706345 0.0693657 0.21689771 0.092807844 0.095415175 0.09750422 0.13904907 0.11509412 0.059166104 0.06257494 0.01818403 0.06860344 0.05699192 0.093971014 0.10850845 0.060722206 0.13554607 0.10760457 0.06720599 0.05724307 0.04714094 0.022271061 0.0571814 0.06943013 0.10590281 0.05096952 0.08965524 0.12225759 0.10695335 0.18151662 0.07445966 0.108541414 0.15282738 0.08602123 0.10628787 0.06336036 0.119486645 0.056819417 0.096176505 0.08653988 0.20800836 0.11844396 0.23252945 0.13326043 0.08917633 0.08129762 0.099905506 0.14658141 0.07841669 0.0533521 0.103042975 0.14168364 0.089317486 0.05270374 0.06369523 0.1885761 0.21292992 0.053830333 0.115040235 0.06936372 0.056117825 0.064779 0.058019888 0.093330376 0.103847645 0.08253559 0.1326619 0.14098787 0.085462466 0.09547839 0.12753473 0.092014015 0.08332863 0.052954584 0.15600558 0.08414947 0.10485485 0.09788585 0.095353656 0.095595 0.12586966 0.19583169 0.041291922 0.108300075 0.10162635 0.11770538 0.15565072 0.1314602 0.053697493 0.10181857 0.09586137 0.13148592 0.051291164 0.14977625 0.15796436 0.057230353 0.074062616 0.06735493 0.09909863 0.09949387 0.08457367 0.08359437 0.035011493 0.072903894 0.16589123 0.09117719 0.08232169 0.06572651 0.13549036 0.08982372 0.23613325 0.17251864 0.08080168 0.07186971 0.0957358 0.089478485 0.07187131 0.0799891 0.08636007 0.06210051 0.11922124 0.14417721 0.083893694 0.096663535 0.14598751 0.12930891 0.0890248 0.14060809 0.13615164 0.106419876 0.14050615 0.07896182 0.056737192 0.24442296 0.08326309 0.071596734 0.11754038 0.03779663 0.2413455 0.13986742 0.0314594 0.101180345 0.09853648 0.15637392 0.13167757 0.13675822 0.0794754 0.3220522 0.06555648 0.11619914 0.2159046 0.07003418 0.1415528 0.1686648 0.13826007 0.06876171 0.072288014 0.049441684 0.119869046 0.12375677 0.119976304 0.091223806 0.16058734 0.1299206 0.02074646 0.109270275 0.114321604 0.16295083 0.07032831 0.10686601 0.05016189 0.068357214 0.07772296 0.08085504 0.067932494,,
770,3x3x256x256,0.038980324 0.04390888 0.17383668 0.10423592 0.13264944 0.13846146 0.11104353 0.10156797 0.08399582 0.13167262 0.06554767 0.13574728 0.1828284 0.09700517 0.119254306 0.07036814 0.064791776 0.034307096 0.10444376 0.09243076 0.049954146 0.074428 0.09941222 0.02996275 0.08896589 0.07208695 0.026540196 0.06919174 0.1521375 0.14985818 0.13169757 0.07444382 0.13515097 0.08687541 0.10443364 0.08581413 0.05001951 0.1104969 0.10380366 0.11371616 0.19992338 0.117160775 0.04907393 0.07043529 0.098573856 0.04860335 0.084034435 0.09273129 0.08511237 0.07285888 0.12813665 0.10795646 0.060980666 0.06844392 0.082191706 0.084215686 0.05850716 0.11849932 0.076360814 0.067605786 0.06318902 0.087020375 0.064203575 0.082779825 0.083066665 0.16344218 0.14242338 0.061782405 0.16077939 0.04570687 0.12934658 0.105254464 0.08727495 0.050412983 0.046854097 0.06709062 0.15465134 0.34421566 0.17238297 0.120670415 0.1317578 0.07707286 0.069374174 0.21692418 0.09281918 0.09542682 0.09751613 0.13906604 0.11510817 0.059173323 0.062582575 0.018186249 0.068611816 0.05699888 0.09398249 0.10852169 0.060729615 0.13556263 0.107617706 0.06721419 0.057250056 0.047146693 0.02227378 0.05718838 0.06943861 0.10591574 0.05097574 0.08966618 0.122272514 0.106966406 0.18153878 0.07446875 0.10855466 0.15284604 0.08603173 0.10630084 0.0633681 0.11950123 0.05682635 0.09618824 0.08655044 0.20803376 0.11845842 0.23255782 0.13327669 0.08918721 0.081307545 0.099917695 0.1465993 0.07842626 0.05335861 0.10305555 0.14170092 0.089328386 0.05271017 0.06370301 0.18859911 0.2129559 0.0538369 0.11505427 0.06937219 0.056124672 0.0647869 0.05802697 0.09334177 0.10386032 0.08254566 0.13267808 0.14100508 0.0854729 0.095490046 0.12755029 0.09202525 0.0833388 0.052961048 0.15602462 0.08415974 0.104867645 0.09789779 0.09536529 0.09560667 0.12588502 0.19585559 0.041296963 0.10831329 0.10163876 0.11771975 0.15566972 0.13147625 0.05370405 0.101831 0.09587307 0.13150197 0.051297422 0.14979453 0.15798365 0.05723734 0.07407166 0.06736316 0.09911073 0.09950601 0.084584 0.083604574 0.035015766 0.0729128 0.16591148 0.09118831 0.08233173 0.06573453 0.1355069 0.08983469 0.23616207 0.1725397 0.08081154 0.071878485 0.09574749 0.08948941 0.07188009 0.079998866 0.08637061 0.06210809 0.11923579 0.14419481 0.08390394 0.09667533 0.14600533 0.12932469 0.08903567 0.14062524 0.13616826 0.10643287 0.1405233 0.07897145 0.056744117 0.24445279 0.083273254 0.071605474 0.117554724 0.037801247 0.24137495 0.13988449 0.031463236 0.10119269 0.0985485 0.156393 0.13169363 0.13677491 0.0794851 0.32209152 0.06556448 0.11621332 0.21593095 0.07004274 0.14157009 0.16868538 0.13827695 0.0687701 0.072296835 0.04944772 0.11988367 0.123771876 0.11999095 0.091234945 0.16060695 0.12993646 0.020748993 0.10928361 0.11433556 0.1629707 0.07033689 0.10687905 0.05016801 0.06836556 0.07773245 0.08086491 0.06794079,0.038975567 0.04390352 0.17381547 0.10422319 0.13263324 0.13844456 0.111029975 0.10155558 0.08398557 0.13165654 0.06553967 0.13573071 0.18280607 0.096993335 0.11923975 0.07035956 0.06478386 0.03430291 0.10443101 0.09241948 0.049948048 0.07441892 0.09940008 0.029959094 0.08895503 0.07207815 0.026536956 0.06918329 0.15211894 0.14983988 0.1316815 0.07443473 0.13513447 0.08686481 0.1044209 0.085803665 0.050013408 0.110483415 0.10379098 0.11370229 0.19989897 0.11714648 0.049067944 0.0704267 0.09856183 0.048597418 0.084024176 0.09271997 0.085101984 0.07284998 0.128121 0.10794328 0.060973227 0.068435565 0.08218167 0.084205404 0.05850002 0.118484855 0.07635149 0.06759753 0.06318131 0.08700975 0.064195745 0.08276972 0.08305653 0.16342224 0.14240599 0.061774865 0.16075976 0.045701288 0.12933078 0.10524162 0.08726431 0.050406832 0.04684838 0.067082435 0.15463248 0.34417367 0.17236193 0.12065569 0.13174172 0.07706345 0.0693657 0.21689771 0.092807844 0.095415175 0.09750422 0.13904907 0.11509412 0.059166104 0.06257494 0.01818403 0.06860344 0.05699192 0.093971014 0.10850845 0.060722206 0.13554607 0.10760457 0.06720599 0.05724307 0.04714094 0.022271061 0.0571814 0.06943013 0.10590281 0.05096952 0.08965524 0.12225759 0.10695335 0.18151662 0.07445966 0.108541414 0.15282738 0.08602123 0.10628787 0.06336036 0.119486645 0.056819417 0.096176505 0.08653988 0.20800836 0.11844396 0.23252945 0.13326043 0.08917633 0.08129762 0.099905506 0.14658141 0.07841669 0.0533521 0.103042975 0.14168364 0.089317486 0.05270374 0.06369523 0.1885761 0.21292992 0.053830333 0.115040235 0.06936372 0.056117825 0.064779 0.058019888 0.093330376 0.103847645 0.08253559 0.1326619 0.14098787 0.085462466 0.09547839 0.12753473 0.092014015 0.08332863 0.052954584 0.15600558 0.08414947 0.10485485 0.09788585 0.095353656 0.095595 0.12586966 0.19583169 0.041291922 0.108300075 0.10162635 0.11770538 0.15565072 0.1314602 0.053697493 0.10181857 0.09586137 0.13148592 0.051291164 0.14977625 0.15796436 0.057230353 0.074062616 0.06735493 0.09909863 0.09949387 0.08457367 0.08359437 0.035011493 0.072903894 0.16589123 0.09117719 0.08232169 0.06572651 0.13549036 0.08982372 0.23613325 0.17251864 0.08080168 0.07186971 0.0957358 0.089478485 0.07187131 0.0799891 0.08636007 0.06210051 0.11922124 0.14417721 0.083893694 0.096663535 0.14598751 0.12930891 0.0890248 0.14060809 0.13615164 0.106419876 0.14050615 0.07896182 0.056737192 0.24442296 0.08326309 0.071596734 0.11754038 0.03779663 0.2413455 0.13986742 0.0314594 0.101180345 0.09853648 0.15637392 0.13167757 0.13675822 0.0794754 0.3220522 0.06555648 0.11619914 0.2159046 0.07003418 0.1415528 0.1686648 0.13826007 0.06876171 0.072288014 0.049441684 0.119869046 0.12375677 0.119976304 0.091223806 0.16058734 0.1299206 0.02074646 0.109270275 0.114321604 0.16295083 0.07032831 0.10686601 0.05016189 0.068357214 0.07772296 0.08085504 0.067932494,,
774,3x3x256x256,0.038980324 0.04390888 0.17383668 0.10423592 0.13264944 0.13846146 0.11104353 0.10156797 0.08399582 0.13167262 0.06554767 0.13574728 0.1828284 0.09700517 0.119254306 0.07036814 0.064791776 0.034307096 0.10444376 0.09243076 0.049954146 0.074428 0.09941222 0.02996275 0.08896589 0.07208695 0.026540196 0.06919174 0.1521375 0.14985818 0.13169757 0.07444382 0.13515097 0.08687541 0.10443364 0.08581413 0.05001951 0.1104969 0.10380366 0.11371616 0.19992338 0.117160775 0.04907393 0.07043529 0.098573856 0.04860335 0.084034435 0.09273129 0.08511237 0.07285888 0.12813665 0.10795646 0.060980666 0.06844392 0.082191706 0.084215686 0.05850716 0.11849932 0.076360814 0.067605786 0.06318902 0.087020375 0.064203575 0.082779825 0.083066665 0.16344218 0.14242338 0.061782405 0.16077939 0.04570687 0.12934658 0.105254464 0.08727495 0.050412983 0.046854097 0.06709062 0.15465134 0.34421566 0.17238297 0.120670415 0.1317578 0.07707286 0.069374174 0.21692418 0.09281918 0.09542682 0.09751613 0.13906604 0.11510817 0.059173323 0.062582575 0.018186249 0.068611816 0.05699888 0.09398249 0.10852169 0.060729615 0.13556263 0.107617706 0.06721419 0.057250056 0.047146693 0.02227378 0.05718838 0.06943861 0.10591574 0.05097574 0.08966618 0.122272514 0.106966406 0.18153878 0.07446875 0.10855466 0.15284604 0.08603173 0.10630084 0.0633681 0.11950123 0.05682635 0.09618824 0.08655044 0.20803376 0.11845842 0.23255782 0.13327669 0.08918721 0.081307545 0.099917695 0.1465993 0.07842626 0.05335861 0.10305555 0.14170092 0.089328386 0.05271017 0.06370301 0.18859911 0.2129559 0.0538369 0.11505427 0.06937219 0.056124672 0.0647869 0.05802697 0.09334177 0.10386032 0.08254566 0.13267808 0.14100508 0.0854729 0.095490046 0.12755029 0.09202525 0.0833388 0.052961048 0.15602462 0.08415974 0.104867645 0.09789779 0.09536529 0.09560667 0.12588502 0.19585559 0.041296963 0.10831329 0.10163876 0.11771975 0.15566972 0.13147625 0.05370405 0.101831 0.09587307 0.13150197 0.051297422 0.14979453 0.15798365 0.05723734 0.07407166 0.06736316 0.09911073 0.09950601 0.084584 0.083604574 0.035015766 0.0729128 0.16591148 0.09118831 0.08233173 0.06573453 0.1355069 0.08983469 0.23616207 0.1725397 0.08081154 0.071878485 0.09574749 0.08948941 0.07188009 0.079998866 0.08637061 0.06210809 0.11923579 0.14419481 0.08390394 0.09667533 0.14600533 0.12932469 0.08903567 0.14062524 0.13616826 0.10643287 0.1405233 0.07897145 0.056744117 0.24445279 0.083273254 0.071605474 0.117554724 0.037801247 0.24137495 0.13988449 0.031463236 0.10119269 0.0985485 0.156393 0.13169363 0.13677491 0.0794851 0.32209152 0.06556448 0.11621332 0.21593095 0.07004274 0.14157009 0.16868538 0.13827695 0.0687701 0.072296835 0.04944772 0.11988367 0.123771876 0.11999095 0.091234945 0.16060695 0.12993646 0.020748993 0.10928361 0.11433556 0.1629707 0.07033689 0.10687905 0.05016801 0.06836556 0.07773245 0.08086491 0.06794079,0.038975567 0.04390352 0.17381547 0.10422319 0.13263324 0.13844456 0.111029975 0.10155558 0.08398557 0.13165654 0.06553967 0.13573071 0.18280607 0.096993335 0.11923975 0.07035956 0.06478386 0.03430291 0.10443101 0.09241948 0.049948048 0.07441892 0.09940008 0.029959094 0.08895503 0.07207815 0.026536956 0.06918329 0.15211894 0.14983988 0.1316815 0.07443473 0.13513447 0.08686481 0.1044209 0.085803665 0.050013408 0.110483415 0.10379098 0.11370229 0.19989897 0.11714648 0.049067944 0.0704267 0.09856183 0.048597418 0.084024176 0.09271997 0.085101984 0.07284998 0.128121 0.10794328 0.060973227 0.068435565 0.08218167 0.084205404 0.05850002 0.118484855 0.07635149 0.06759753 0.06318131 0.08700975 0.064195745 0.08276972 0.08305653 0.16342224 0.14240599 0.061774865 0.16075976 0.045701288 0.12933078 0.10524162 0.08726431 0.050406832 0.04684838 0.067082435 0.15463248 0.34417367 0.17236193 0.12065569 0.13174172 0.07706345 0.0693657 0.21689771 0.092807844 0.095415175 0.09750422 0.13904907 0.11509412 0.059166104 0.06257494 0.01818403 0.06860344 0.05699192 0.093971014 0.10850845 0.060722206 0.13554607 0.10760457 0.06720599 0.05724307 0.04714094 0.022271061 0.0571814 0.06943013 0.10590281 0.05096952 0.08965524 0.12225759 0.10695335 0.18151662 0.07445966 0.108541414 0.15282738 0.08602123 0.10628787 0.06336036 0.119486645 0.056819417 0.096176505 0.08653988 0.20800836 0.11844396 0.23252945 0.13326043 0.08917633 0.08129762 0.099905506 0.14658141 0.07841669 0.0533521 0.103042975 0.14168364 0.089317486 0.05270374 0.06369523 0.1885761 0.21292992 0.053830333 0.115040235 0.06936372 0.056117825 0.064779 0.058019888 0.093330376 0.103847645 0.08253559 0.1326619 0.14098787 0.085462466 0.09547839 0.12753473 0.092014015 0.08332863 0.052954584 0.15600558 0.08414947 0.10485485 0.09788585 0.095353656 0.095595 0.12586966 0.19583169 0.041291922 0.108300075 0.10162635 0.11770538 0.15565072 0.1314602 0.053697493 0.10181857 0.09586137 0.13148592 0.051291164 0.14977625 0.15796436 0.057230353 0.074062616 0.06735493 0.09909863 0.09949387 0.08457367 0.08359437 0.035011493 0.072903894 0.16589123 0.09117719 0.08232169 0.06572651 0.13549036 0.08982372 0.23613325 0.17251864 0.08080168 0.07186971 0.0957358 0.089478485 0.07187131 0.0799891 0.08636007 0.06210051 0.11922124 0.14417721 0.083893694 0.096663535 0.14598751 0.12930891 0.0890248 0.14060809 0.13615164 0.106419876 0.14050615 0.07896182 0.056737192 0.24442296 0.08326309 0.071596734 0.11754038 0.03779663 0.2413455 0.13986742 0.0314594 0.101180345 0.09853648 0.15637392 0.13167757 0.13675822 0.0794754 0.3220522 0.06555648 0.11619914 0.2159046 0.07003418 0.1415528 0.1686648 0.13826007 0.06876171 0.072288014 0.049441684 0.119869046 0.12375677 0.119976304 0.091223806 0.16058734 0.1299206 0.02074646 0.109270275 0.114321604 0.16295083 0.07032831 0.10686601 0.05016189 0.068357214 0.07772296 0.08085504 0.067932494,,
778,3x3x256x256,0.038980324 0.04390888 0.17383668 0.10423592 0.13264944 0.13846146 0.11104353 0.10156797 0.08399582 0.13167262 0.06554767 0.13574728 0.1828284 0.09700517 0.119254306 0.07036814 0.064791776 0.034307096 0.10444376 0.09243076 0.049954146 0.074428 0.09941222 0.02996275 0.08896589 0.07208695 0.026540196 0.06919174 0.1521375 0.14985818 0.13169757 0.07444382 0.13515097 0.08687541 0.10443364 0.08581413 0.05001951 0.1104969 0.10380366 0.11371616 0.19992338 0.117160775 0.04907393 0.07043529 0.098573856 0.04860335 0.084034435 0.09273129 0.08511237 0.07285888 0.12813665 0.10795646 0.060980666 0.06844392 0.082191706 0.084215686 0.05850716 0.11849932 0.076360814 0.067605786 0.06318902 0.087020375 0.064203575 0.082779825 0.083066665 0.16344218 0.14242338 0.061782405 0.16077939 0.04570687 0.12934658 0.105254464 0.08727495 0.050412983 0.046854097 0.06709062 0.15465134 0.34421566 0.17238297 0.120670415 0.1317578 0.07707286 0.069374174 0.21692418 0.09281918 0.09542682 0.09751613 0.13906604 0.11510817 0.059173323 0.062582575 0.018186249 0.068611816 0.05699888 0.09398249 0.10852169 0.060729615 0.13556263 0.107617706 0.06721419 0.057250056 0.047146693 0.02227378 0.05718838 0.06943861 0.10591574 0.05097574 0.08966618 0.122272514 0.106966406 0.18153878 0.07446875 0.10855466 0.15284604 0.08603173 0.10630084 0.0633681 0.11950123 0.05682635 0.09618824 0.08655044 0.20803376 0.11845842 0.23255782 0.13327669 0.08918721 0.081307545 0.099917695 0.1465993 0.07842626 0.05335861 0.10305555 0.14170092 0.089328386 0.05271017 0.06370301 0.18859911 0.2129559 0.0538369 0.11505427 0.06937219 0.056124672 0.0647869 0.05802697 0.09334177 0.10386032 0.08254566 0.13267808 0.14100508 0.0854729 0.095490046 0.12755029 0.09202525 0.0833388 0.052961048 0.15602462 0.08415974 0.104867645 0.09789779 0.09536529 0.09560667 0.12588502 0.19585559 0.041296963 0.10831329 0.10163876 0.11771975 0.15566972 0.13147625 0.05370405 0.101831 0.09587307 0.13150197 0.051297422 0.14979453 0.15798365 0.05723734 0.07407166 0.06736316 0.09911073 0.09950601 0.084584 0.083604574 0.035015766 0.0729128 0.16591148 0.09118831 0.08233173 0.06573453 0.1355069 0.08983469 0.23616207 0.1725397 0.08081154 0.071878485 0.09574749 0.08948941 0.07188009 0.079998866 0.08637061 0.06210809 0.11923579 0.14419481 0.08390394 0.09667533 0.14600533 0.12932469 0.08903567 0.14062524 0.13616826 0.10643287 0.1405233 0.07897145 0.056744117 0.24445279 0.083273254 0.071605474 0.117554724 0.037801247 0.24137495 0.13988449 0.031463236 0.10119269 0.0985485 0.156393 0.13169363 0.13677491 0.0794851 0.32209152 0.06556448 0.11621332 0.21593095 0.07004274 0.14157009 0.16868538 0.13827695 0.0687701 0.072296835 0.04944772 0.11988367 0.123771876 0.11999095 0.091234945 0.16060695 0.12993646 0.020748993 0.10928361 0.11433556 0.1629707 0.07033689 0.10687905 0.05016801 0.06836556 0.07773245 0.08086491 0.06794079,0.038975567 0.04390352 0.17381547 0.10422319 0.13263324 0.13844456 0.111029975 0.10155558 0.08398557 0.13165654 0.06553967 0.13573071 0.18280607 0.096993335 0.11923975 0.07035956 0.06478386 0.03430291 0.10443101 0.09241948 0.049948048 0.07441892 0.09940008 0.029959094 0.08895503 0.07207815 0.026536956 0.06918329 0.15211894 0.14983988 0.1316815 0.07443473 0.13513447 0.08686481 0.1044209 0.085803665 0.050013408 0.110483415 0.10379098 0.11370229 0.19989897 0.11714648 0.049067944 0.0704267 0.09856183 0.048597418 0.084024176 0.09271997 0.085101984 0.07284998 0.128121 0.10794328 0.060973227 0.068435565 0.08218167 0.084205404 0.05850002 0.118484855 0.07635149 0.06759753 0.06318131 0.08700975 0.064195745 0.08276972 0.08305653 0.16342224 0.14240599 0.061774865 0.16075976 0.045701288 0.12933078 0.10524162 0.08726431 0.050406832 0.04684838 0.067082435 0.15463248 0.34417367 0.17236193 0.12065569 0.13174172 0.07706345 0.0693657 0.21689771 0.092807844 0.095415175 0.09750422 0.13904907 0.11509412 0.059166104 0.06257494 0.01818403 0.06860344 0.05699192 0.093971014 0.10850845 0.060722206 0.13554607 0.10760457 0.06720599 0.05724307 0.04714094 0.022271061 0.0571814 0.06943013 0.10590281 0.05096952 0.08965524 0.12225759 0.10695335 0.18151662 0.07445966 0.108541414 0.15282738 0.08602123 0.10628787 0.06336036 0.119486645 0.056819417 0.096176505 0.08653988 0.20800836 0.11844396 0.23252945 0.13326043 0.08917633 0.08129762 0.099905506 0.14658141 0.07841669 0.0533521 0.103042975 0.14168364 0.089317486 0.05270374 0.06369523 0.1885761 0.21292992 0.053830333 0.115040235 0.06936372 0.056117825 0.064779 0.058019888 0.093330376 0.103847645 0.08253559 0.1326619 0.14098787 0.085462466 0.09547839 0.12753473 0.092014015 0.08332863 0.052954584 0.15600558 0.08414947 0.10485485 0.09788585 0.095353656 0.095595 0.12586966 0.19583169 0.041291922 0.108300075 0.10162635 0.11770538 0.15565072 0.1314602 0.053697493 0.10181857 0.09586137 0.13148592 0.051291164 0.14977625 0.15796436 0.057230353 0.074062616 0.06735493 0.09909863 0.09949387 0.08457367 0.08359437 0.035011493 0.072903894 0.16589123 0.09117719 0.08232169 0.06572651 0.13549036 0.08982372 0.23613325 0.17251864 0.08080168 0.07186971 0.0957358 0.089478485 0.07187131 0.0799891 0.08636007 0.06210051 0.11922124 0.14417721 0.083893694 0.096663535 0.14598751 0.12930891 0.0890248 0.14060809 0.13615164 0.106419876 0.14050615 0.07896182 0.056737192 0.24442296 0.08326309 0.071596734 0.11754038 0.03779663 0.2413455 0.13986742 0.0314594 0.101180345 0.09853648 0.15637392 0.13167757 0.13675822 0.0794754 0.3220522 0.06555648 0.11619914 0.2159046 0.07003418 0.1415528 0.1686648 0.13826007 0.06876171 0.072288014 0.049441684 0.119869046 0.12375677 0.119976304 0.091223806 0.16058734 0.1299206 0.02074646 0.109270275 0.114321604 0.16295083 0.07032831 0.10686601 0.05016189 0.068357214 0.07772296 0.08085504 0.067932494,,
782,3x3x256x256,0.038980324 0.04390888 0.17383668 0.10423592 0.13264944 0.13846146 0.11104353 0.10156797 0.08399582 0.13167262 0.06554767 0.13574728 0.1828284 0.09700517 0.119254306 0.07036814 0.064791776 0.034307096 0.10444376 0.09243076 0.049954146 0.074428 0.09941222 0.02996275 0.08896589 0.07208695 0.026540196 0.06919174 0.1521375 0.14985818 0.13169757 0.07444382 0.13515097 0.08687541 0.10443364 0.08581413 0.05001951 0.1104969 0.10380366 0.11371616 0.19992338 0.117160775 0.04907393 0.07043529 0.098573856 0.04860335 0.084034435 0.09273129 0.08511237 0.07285888 0.12813665 0.10795646 0.060980666 0.06844392 0.082191706 0.084215686 0.05850716 0.11849932 0.076360814 0.067605786 0.06318902 0.087020375 0.064203575 0.082779825 0.083066665 0.16344218 0.14242338 0.061782405 0.16077939 0.04570687 0.12934658 0.105254464 0.08727495 0.050412983 0.046854097 0.06709062 0.15465134 0.34421566 0.17238297 0.120670415 0.1317578 0.07707286 0.069374174 0.21692418 0.09281918 0.09542682 0.09751613 0.13906604 0.11510817 0.059173323 0.062582575 0.018186249 0.068611816 0.05699888 0.09398249 0.10852169 0.060729615 0.13556263 0.107617706 0.06721419 0.057250056 0.047146693 0.02227378 0.05718838 0.06943861 0.10591574 0.05097574 0.08966618 0.122272514 0.106966406 0.18153878 0.07446875 0.10855466 0.15284604 0.08603173 0.10630084 0.0633681 0.11950123 0.05682635 0.09618824 0.08655044 0.20803376 0.11845842 0.23255782 0.13327669 0.08918721 0.081307545 0.099917695 0.1465993 0.07842626 0.05335861 0.10305555 0.14170092 0.089328386 0.05271017 0.06370301 0.18859911 0.2129559 0.0538369 0.11505427 0.06937219 0.056124672 0.0647869 0.05802697 0.09334177 0.10386032 0.08254566 0.13267808 0.14100508 0.0854729 0.095490046 0.12755029 0.09202525 0.0833388 0.052961048 0.15602462 0.08415974 0.104867645 0.09789779 0.09536529 0.09560667 0.12588502 0.19585559 0.041296963 0.10831329 0.10163876 0.11771975 0.15566972 0.13147625 0.05370405 0.101831 0.09587307 0.13150197 0.051297422 0.14979453 0.15798365 0.05723734 0.07407166 0.06736316 0.09911073 0.09950601 0.084584 0.083604574 0.035015766 0.0729128 0.16591148 0.09118831 0.08233173 0.06573453 0.1355069 0.08983469 0.23616207 0.1725397 0.08081154 0.071878485 0.09574749 0.08948941 0.07188009 0.079998866 0.08637061 0.06210809 0.11923579 0.14419481 0.08390394 0.09667533 0.14600533 0.12932469 0.08903567 0.14062524 0.13616826 0.10643287 0.1405233 0.07897145 0.056744117 0.24445279 0.083273254 0.071605474 0.117554724 0.037801247 0.24137495 0.13988449 0.031463236 0.10119269 0.0985485 0.156393 0.13169363 0.13677491 0.0794851 0.32209152 0.06556448 0.11621332 0.21593095 0.07004274 0.14157009 0.16868538 0.13827695 0.0687701 0.072296835 0.04944772 0.11988367 0.123771876 0.11999095 0.091234945 0.16060695 0.12993646 0.020748993 0.10928361 0.11433556 0.1629707 0.07033689 0.10687905 0.05016801 0.06836556 0.07773245 0.08086491 0.06794079,0.038975567 0.04390352 0.17381547 0.10422319 0.13263324 0.13844456 0.111029975 0.10155558 0.08398557 0.13165654 0.06553967 0.13573071 0.18280607 0.096993335 0.11923975 0.07035956 0.06478386 0.03430291 0.10443101 0.09241948 0.049948048 0.07441892 0.09940008 0.029959094 0.08895503 0.07207815 0.026536956 0.06918329 0.15211894 0.14983988 0.1316815 0.07443473 0.13513447 0.08686481 0.1044209 0.085803665 0.050013408 0.110483415 0.10379098 0.11370229 0.19989897 0.11714648 0.049067944 0.0704267 0.09856183 0.048597418 0.084024176 0.09271997 0.085101984 0.07284998 0.128121 0.10794328 0.060973227 0.068435565 0.08218167 0.084205404 0.05850002 0.118484855 0.07635149 0.06759753 0.06318131 0.08700975 0.064195745 0.08276972 0.08305653 0.16342224 0.14240599 0.061774865 0.16075976 0.045701288 0.12933078 0.10524162 0.08726431 0.050406832 0.04684838 0.067082435 0.15463248 0.34417367 0.17236193 0.12065569 0.13174172 0.07706345 0.0693657 0.21689771 0.092807844 0.095415175 0.09750422 0.13904907 0.11509412 0.059166104 0.06257494 0.01818403 0.06860344 0.05699192 0.093971014 0.10850845 0.060722206 0.13554607 0.10760457 0.06720599 0.05724307 0.04714094 0.022271061 0.0571814 0.06943013 0.10590281 0.05096952 0.08965524 0.12225759 0.10695335 0.18151662 0.07445966 0.108541414 0.15282738 0.08602123 0.10628787 0.06336036 0.119486645 0.056819417 0.096176505 0.08653988 0.20800836 0.11844396 0.23252945 0.13326043 0.08917633 0.08129762 0.099905506 0.14658141 0.07841669 0.0533521 0.103042975 0.14168364 0.089317486 0.05270374 0.06369523 0.1885761 0.21292992 0.053830333 0.115040235 0.06936372 0.056117825 0.064779 0.058019888 0.093330376 0.103847645 0.08253559 0.1326619 0.14098787 0.085462466 0.09547839 0.12753473 0.092014015 0.08332863 0.052954584 0.15600558 0.08414947 0.10485485 0.09788585 0.095353656 0.095595 0.12586966 0.19583169 0.041291922 0.108300075 0.10162635 0.11770538 0.15565072 0.1314602 0.053697493 0.10181857 0.09586137 0.13148592 0.051291164 0.14977625 0.15796436 0.057230353 0.074062616 0.06735493 0.09909863 0.09949387 0.08457367 0.08359437 0.035011493 0.072903894 0.16589123 0.09117719 0.08232169 0.06572651 0.13549036 0.08982372 0.23613325 0.17251864 0.08080168 0.07186971 0.0957358 0.089478485 0.07187131 0.0799891 0.08636007 0.06210051 0.11922124 0.14417721 0.083893694 0.096663535 0.14598751 0.12930891 0.0890248 0.14060809 0.13615164 0.106419876 0.14050615 0.07896182 0.056737192 0.24442296 0.08326309 0.071596734 0.11754038 0.03779663 0.2413455 0.13986742 0.0314594 0.101180345 0.09853648 0.15637392 0.13167757 0.13675822 0.0794754 0.3220522 0.06555648 0.11619914 0.2159046 0.07003418 0.1415528 0.1686648 0.13826007 0.06876171 0.072288014 0.049441684 0.119869046 0.12375677 0.119976304 0.091223806 0.16058734 0.1299206 0.02074646 0.109270275 0.114321604 0.16295083 0.07032831 0.10686601 0.05016189 0.068357214 0.07772296 0.08085504 0.067932494,,
800,3x3x256x256,0.15978989 0.22362778 0.15479551 0.3259003 0.2446191 0.21083589 0.29970983 0.16180812 0.11239242 0.12470105 0.21722433 0.11717671 0.39541188 0.2827004 0.29337424 0.1935251 0.21603997 0.13627449 0.238256 0.3659837 0.24360207 0.22428331 0.25289267 0.36737326 0.2415793 0.20240077 0.10579537 0.30979872 0.123902604 0.28583035 0.17553245 0.15784703 0.15315549 0.08500032 0.068951756 0.22496338 0.2128623 0.077134594 0.27705178 0.094616905 0.28887993 0.28189793 0.105232194 0.17065041 0.20316897 0.18543167 0.12905206 0.2508443 0.44124612 0.26528934 0.27420622 0.21997043 0.12287878 0.1571778 0.11836805 0.17475498 0.270748 0.12814441 0.17896861 0.095934205 0.15273191 0.13035423 0.21943142 0.14496666 0.30651206 0.24322627 0.49606267 0.21973571 0.10724373 0.25645208 0.10934983 0.1535265 0.2488286 0.15952516 0.15968233 0.14017507 0.09754812 0.410708 0.16692634 0.20262651 0.123776846 0.31680223 0.20231047 0.21943517 0.11103419 0.07892411 0.38935065 0.15585065 0.3732412 0.06486815 0.1534884 0.5506034 0.3491583 0.13107832 0.18377782 0.13909209 0.44984922 0.11167654 0.15597668 0.18429624 0.4907796 0.3098085 0.30185172 0.23186706 0.1636805 0.400705 0.09227514 0.66396016 0.6600636 0.13160242 0.08659794 0.2195042 0.16778749 0.3223497 0.22423369 0.1496357 0.119141646 0.1910422 0.15448532 0.14671503 0.26916507 0.36325732 0.3388919 0.1371174 0.15301102 0.1218971 0.18115333 0.10523149 0.28152972 0.13770302 0.106292486 0.16739285 0.10778363 0.15859665 0.3483918 0.2797179 0.11993614 0.29114655 0.21913047 0.25721458 0.3338209 0.17118295 0.25504363 0.25688872 0.14983895 0.30469257 0.16292176 0.19490261 0.30102623 0.47850093 0.40846077 0.14798369 0.20071541 0.16936937 0.19052143 0.34365812 0.15542081 0.13464352 0.34685674 0.13822645 0.13886298 0.22399959 0.10233672 0.2742199 0.33599505 0.24254087 0.29859763 0.45354652 0.32048446 0.20620911 0.6480901 0.16735858 0.46119803 0.5142441 0.3037696 0.26786324 0.22780293 0.12917966 0.28598788 0.44247422 0.45560554 0.2515422 0.35749385 0.57714236 0.4454729 0.22499645 0.18584538 0.14601378 0.3227996 0.23956484 0.1856735 0.122964576 0.22831564 0.1243886 0.15230821 0.15147981 0.23318288 0.11548222 0.3310047 0.25404018 0.19305463 0.18854186 0.08916701 0.17444335 0.43225053 0.27529338 0.18892545 0.2497774 0.16206346 0.17980409 0.098399125 0.09811782 0.10260722 0.28211808 0.4131087 0.34056208 0.2272074 0.1659702 0.22508378 0.25178018 0.17003793 0.109155655 0.25885853 0.21438411 0.21711008 0.36204228 0.37163624 0.18509962 0.40242842 0.09174858 0.15935501 0.1261683 0.29095462 0.2128622 0.1474832 0.09119669 0.61862755 0.19389312 0.13721816 0.19080181 0.1431313 0.13868345 0.37111026 0.07069645 0.15750174 0.1953995 0.44456634 0.15830804 0.3195063 0.19942099 0.27622458 0.15015551 0.1957946 0.14751656 0.20562881 0.16715868,0.1597704 0.22360049 0.15477662 0.32586053 0.24458924 0.21081017 0.29967323 0.16178837 0.1123787 0.12468584 0.21719782 0.11716241 0.39536363 0.2826659 0.29333842 0.19350149 0.2160136 0.13625786 0.23822692 0.36593905 0.24357234 0.22425593 0.25286183 0.3673284 0.24154982 0.20237608 0.10578246 0.30976093 0.12388749 0.28579545 0.17551103 0.15782776 0.15313679 0.08498994 0.06894334 0.22493592 0.21283631 0.07712518 0.27701798 0.09460536 0.28884467 0.2818635 0.10521936 0.17062959 0.20314418 0.18540905 0.1290363 0.2508137 0.44119227 0.26525694 0.27417275 0.2199436 0.122863784 0.15715861 0.118353605 0.17473365 0.27071497 0.12812878 0.17894676 0.09592249 0.15271327 0.13033833 0.21940464 0.14494896 0.30647466 0.24319659 0.4960021 0.2197089 0.10723065 0.2564208 0.10933649 0.15350775 0.24879824 0.1595057 0.15966284 0.14015797 0.09753621 0.41065788 0.16690597 0.20260179 0.123761736 0.31676355 0.20228578 0.2194084 0.11102065 0.07891448 0.38930312 0.15583162 0.37319562 0.06486024 0.15346967 0.55053616 0.34911567 0.13106233 0.1837554 0.13907512 0.44979432 0.1116629 0.15595764 0.18427373 0.49071974 0.3097707 0.30181488 0.23183876 0.16366053 0.4006561 0.09226388 0.6638791 0.3300318 0.13158636 0.08658737 0.21947743 0.16776702 0.32231036 0.22420631 0.14961745 0.11912711 0.1910189 0.15446647 0.14669713 0.26913223 0.363213 0.33885053 0.13710067 0.15299235 0.12188223 0.18113123 0.10521866 0.28149536 0.13768621 0.106279515 0.16737242 0.10777047 0.1585773 0.3483493 0.27968374 0.119921505 0.29111102 0.21910374 0.25718316 0.33378017 0.17116205 0.25501248 0.25685737 0.14982067 0.3046554 0.16290186 0.19487882 0.3009895 0.47844252 0.40841094 0.14796562 0.20069091 0.1693487 0.19049817 0.34361616 0.15540184 0.1346271 0.3468144 0.13820958 0.13884602 0.22397226 0.102324225 0.27418643 0.33595404 0.24251126 0.2985612 0.45349115 0.32044533 0.20618394 0.648011 0.16733816 0.46114177 0.5141813 0.3037325 0.26783055 0.22777514 0.12916389 0.285953 0.4424202 0.45554996 0.2515115 0.35745022 0.57707196 0.44541854 0.224969 0.1858227 0.14599596 0.3227602 0.2395356 0.18565086 0.12294957 0.22828777 0.12437341 0.15228961 0.15146133 0.23315442 0.11546813 0.3309643 0.25400916 0.19303107 0.18851885 0.08915613 0.17442207 0.43219778 0.27525976 0.18890238 0.24974693 0.16204368 0.17978215 0.098387115 0.09810585 0.1025947 0.28208363 0.4130583 0.34052053 0.22717968 0.16594994 0.2250563 0.25174946 0.17001718 0.10914233 0.25882694 0.21435794 0.21708359 0.3619981 0.37159088 0.18507703 0.4023793 0.09173738 0.15933557 0.12615289 0.2909191 0.2128362 0.1474652 0.09118556 0.6185521 0.19386946 0.13720141 0.19077854 0.14311384 0.13866653 0.371065 0.07068782 0.15748252 0.19537564 0.44451207 0.15828873 0.31946728 0.19939664 0.27619088 0.15013719 0.19577071 0.14749856 0.20560372 0.16713828,,
804,3x3x256x256,0.15978989 0.22362778 0.15479551 0.3259003 0.2446191 0.21083589 0.29970983 0.16180812 0.11239242 0.12470105 0.21722433 0.11717671 0.39541188 0.2827004 0.29337424 0.1935251 0.21603997 0.13627449 0.238256 0.3659837 0.24360207 0.22428331 0.25289267 0.36737326 0.2415793 0.20240077 0.10579537 0.30979872 0.123902604 0.28583035 0.17553245 0.15784703 0.15315549 0.08500032 0.068951756 0.22496338 0.2128623 0.077134594 0.27705178 0.094616905 0.28887993 0.28189793 0.105232194 0.17065041 0.20316897 0.18543167 0.12905206 0.2508443 0.44124612 0.26528934 0.27420622 0.21997043 0.12287878 0.1571778 0.11836805 0.17475498 0.270748 0.12814441 0.17896861 0.095934205 0.15273191 0.13035423 0.21943142 0.14496666 0.30651206 0.24322627 0.49606267 0.21973571 0.10724373 0.25645208 0.10934983 0.1535265 0.2488286 0.15952516 0.15968233 0.14017507 0.09754812 0.410708 0.16692634 0.20262651 0.123776846 0.31680223 0.20231047 0.21943517 0.11103419 0.07892411 0.38935065 0.15585065 0.3732412 0.06486815 0.1534884 0.5506034 0.3491583 0.13107832 0.18377782 0.13909209 0.44984922 0.11167654 0.15597668 0.18429624 0.4907796 0.3098085 0.30185172 0.23186706 0.1636805 0.400705 0.09227514 0.66396016 0.6600636 0.13160242 0.08659794 0.2195042 0.16778749 0.3223497 0.22423369 0.1496357 0.119141646 0.1910422 0.15448532 0.14671503 0.26916507 0.36325732 0.3388919 0.1371174 0.15301102 0.1218971 0.18115333 0.10523149 0.28152972 0.13770302 0.106292486 0.16739285 0.10778363 0.15859665 0.3483918 0.2797179 0.11993614 0.29114655 0.21913047 0.25721458 0.3338209 0.17118295 0.25504363 0.25688872 0.14983895 0.30469257 0.16292176 0.19490261 0.30102623 0.47850093 0.40846077 0.14798369 0.20071541 0.16936937 0.19052143 0.34365812 0.15542081 0.13464352 0.34685674 0.13822645 0.13886298 0.22399959 0.10233672 0.2742199 0.33599505 0.24254087 0.29859763 0.45354652 0.32048446 0.20620911 0.6480901 0.16735858 0.46119803 0.5142441 0.3037696 0.26786324 0.22780293 0.12917966 0.28598788 0.44247422 0.45560554 0.2515422 0.35749385 0.57714236 0.4454729 0.22499645 0.18584538 0.14601378 0.3227996 0.23956484 0.1856735 0.122964576 0.22831564 0.1243886 0.15230821 0.15147981 0.23318288 0.11548222 0.3310047 0.25404018 0.19305463 0.18854186 0.08916701 0.17444335 0.43225053 0.27529338 0.18892545 0.2497774 0.16206346 0.17980409 0.098399125 0.09811782 0.10260722 0.28211808 0.4131087 0.34056208 0.2272074 0.1659702 0.22508378 0.25178018 0.17003793 0.109155655 0.25885853 0.21438411 0.21711008 0.36204228 0.37163624 0.18509962 0.40242842 0.09174858 0.15935501 0.1261683 0.29095462 0.2128622 0.1474832 0.09119669 0.61862755 0.19389312 0.13721816 0.19080181 0.1431313 0.13868345 0.37111026 0.07069645 0.15750174 0.1953995 0.44456634 0.15830804 0.3195063 0.19942099 0.27622458 0.15015551 0.1957946 0.14751656 0.20562881 0.16715868,0.1597704 0.22360049 0.15477662 0.32586053 0.24458924 0.21081017 0.29967323 0.16178837 0.1123787 0.12468584 0.21719782 0.11716241 0.39536363 0.2826659 0.29333842 0.19350149 0.2160136 0.13625786 0.23822692 0.36593905 0.24357234 0.22425593 0.25286183 0.3673284 0.24154982 0.20237608 0.10578246 0.30976093 0.12388749 0.28579545 0.17551103 0.15782776 0.15313679 0.08498994 0.06894334 0.22493592 0.21283631 0.07712518 0.27701798 0.09460536 0.28884467 0.2818635 0.10521936 0.17062959 0.20314418 0.18540905 0.1290363 0.2508137 0.44119227 0.26525694 0.27417275 0.2199436 0.122863784 0.15715861 0.118353605 0.17473365 0.27071497 0.12812878 0.17894676 0.09592249 0.15271327 0.13033833 0.21940464 0.14494896 0.30647466 0.24319659 0.4960021 0.2197089 0.10723065 0.2564208 0.10933649 0.15350775 0.24879824 0.1595057 0.15966284 0.14015797 0.09753621 0.41065788 0.16690597 0.20260179 0.123761736 0.31676355 0.20228578 0.2194084 0.11102065 0.07891448 0.38930312 0.15583162 0.37319562 0.06486024 0.15346967 0.55053616 0.34911567 0.13106233 0.1837554 0.13907512 0.44979432 0.1116629 0.15595764 0.18427373 0.49071974 0.3097707 0.30181488 0.23183876 0.16366053 0.4006561 0.09226388 0.6638791 0.3300318 0.13158636 0.08658737 0.21947743 0.16776702 0.32231036 0.22420631 0.14961745 0.11912711 0.1910189 0.15446647 0.14669713 0.26913223 0.363213 0.33885053 0.13710067 0.15299235 0.12188223 0.18113123 0.10521866 0.28149536 0.13768621 0.106279515 0.16737242 0.10777047 0.1585773 0.3483493 0.27968374 0.119921505 0.29111102 0.21910374 0.25718316 0.33378017 0.17116205 0.25501248 0.25685737 0.14982067 0.3046554 0.16290186 0.19487882 0.3009895 0.47844252 0.40841094 0.14796562 0.20069091 0.1693487 0.19049817 0.34361616 0.15540184 0.1346271 0.3468144 0.13820958 0.13884602 0.22397226 0.102324225 0.27418643 0.33595404 0.24251126 0.2985612 0.45349115 0.32044533 0.20618394 0.648011 0.16733816 0.46114177 0.5141813 0.3037325 0.26783055 0.22777514 0.12916389 0.285953 0.4424202 0.45554996 0.2515115 0.35745022 0.57707196 0.44541854 0.224969 0.1858227 0.14599596 0.3227602 0.2395356 0.18565086 0.12294957 0.22828777 0.12437341 0.15228961 0.15146133 0.23315442 0.11546813 0.3309643 0.25400916 0.19303107 0.18851885 0.08915613 0.17442207 0.43219778 0.27525976 0.18890238 0.24974693 0.16204368 0.17978215 0.098387115 0.09810585 0.1025947 0.28208363 0.4130583 0.34052053 0.22717968 0.16594994 0.2250563 0.25174946 0.17001718 0.10914233 0.25882694 0.21435794 0.21708359 0.3619981 0.37159088 0.18507703 0.4023793 0.09173738 0.15933557 0.12615289 0.2909191 0.2128362 0.1474652 0.09118556 0.6185521 0.19386946 0.13720141 0.19077854 0.14311384 0.13866653 0.371065 0.07068782 0.15748252 0.19537564 0.44451207 0.15828873 0.31946728 0.19939664 0.27619088 0.15013719 0.19577071 0.14749856 0.20560372 0.16713828,,
808,3x3x256x256,0.15978989 0.22362778 0.15479551 0.3259003 0.2446191 0.21083589 0.29970983 0.16180812 0.11239242 0.12470105 0.21722433 0.11717671 0.39541188 0.2827004 0.29337424 0.1935251 0.21603997 0.13627449 0.238256 0.3659837 0.24360207 0.22428331 0.25289267 0.36737326 0.2415793 0.20240077 0.10579537 0.30979872 0.123902604 0.28583035 0.17553245 0.15784703 0.15315549 0.08500032 0.068951756 0.22496338 0.2128623 0.077134594 0.27705178 0.094616905 0.28887993 0.28189793 0.105232194 0.17065041 0.20316897 0.18543167 0.12905206 0.2508443 0.44124612 0.26528934 0.27420622 0.21997043 0.12287878 0.1571778 0.11836805 0.17475498 0.270748 0.12814441 0.17896861 0.095934205 0.15273191 0.13035423 0.21943142 0.14496666 0.30651206 0.24322627 0.49606267 0.21973571 0.10724373 0.25645208 0.10934983 0.1535265 0.2488286 0.15952516 0.15968233 0.14017507 0.09754812 0.410708 0.16692634 0.20262651 0.123776846 0.31680223 0.20231047 0.21943517 0.11103419 0.07892411 0.38935065 0.15585065 0.3732412 0.06486815 0.1534884 0.5506034 0.3491583 0.13107832 0.18377782 0.13909209 0.44984922 0.11167654 0.15597668 0.18429624 0.4907796 0.3098085 0.30185172 0.23186706 0.1636805 0.400705 0.09227514 0.66396016 0.6600636 0.13160242 0.08659794 0.2195042 0.16778749 0.3223497 0.22423369 0.1496357 0.119141646 0.1910422 0.15448532 0.14671503 0.26916507 0.36325732 0.3388919 0.1371174 0.15301102 0.1218971 0.18115333 0.10523149 0.28152972 0.13770302 0.106292486 0.16739285 0.10778363 0.15859665 0.3483918 0.2797179 0.11993614 0.29114655 0.21913047 0.25721458 0.3338209 0.17118295 0.25504363 0.25688872 0.14983895 0.30469257 0.16292176 0.19490261 0.30102623 0.47850093 0.40846077 0.14798369 0.20071541 0.16936937 0.19052143 0.34365812 0.15542081 0.13464352 0.34685674 0.13822645 0.13886298 0.22399959 0.10233672 0.2742199 0.33599505 0.24254087 0.29859763 0.45354652 0.32048446 0.20620911 0.6480901 0.16735858 0.46119803 0.5142441 0.3037696 0.26786324 0.22780293 0.12917966 0.28598788 0.44247422 0.45560554 0.2515422 0.35749385 0.57714236 0.4454729 0.22499645 0.18584538 0.14601378 0.3227996 0.23956484 0.1856735 0.122964576 0.22831564 0.1243886 0.15230821 0.15147981 0.23318288 0.11548222 0.3310047 0.25404018 0.19305463 0.18854186 0.08916701 0.17444335 0.43225053 0.27529338 0.18892545 0.2497774 0.16206346 0.17980409 0.098399125 0.09811782 0.10260722 0.28211808 0.4131087 0.34056208 0.2272074 0.1659702 0.22508378 0.25178018 0.17003793 0.109155655 0.25885853 0.21438411 0.21711008 0.36204228 0.37163624 0.18509962 0.40242842 0.09174858 0.15935501 0.1261683 0.29095462 0.2128622 0.1474832 0.09119669 0.61862755 0.19389312 0.13721816 0.19080181 0.1431313 0.13868345 0.37111026 0.07069645 0.15750174 0.1953995 0.44456634 0.15830804 0.3195063 0.19942099 0.27622458 0.15015551 0.1957946 0.14751656 0.20562881 0.16715868,0.1597704 0.22360049 0.15477662 0.32586053 0.24458924 0.21081017 0.29967323 0.16178837 0.1123787 0.12468584 0.21719782 0.11716241 0.39536363 0.2826659 0.29333842 0.19350149 0.2160136 0.13625786 0.23822692 0.36593905 0.24357234 0.22425593 0.25286183 0.3673284 0.24154982 0.20237608 0.10578246 0.30976093 0.12388749 0.28579545 0.17551103 0.15782776 0.15313679 0.08498994 0.06894334 0.22493592 0.21283631 0.07712518 0.27701798 0.09460536 0.28884467 0.2818635 0.10521936 0.17062959 0.20314418 0.18540905 0.1290363 0.2508137 0.44119227 0.26525694 0.27417275 0.2199436 0.122863784 0.15715861 0.118353605 0.17473365 0.27071497 0.12812878 0.17894676 0.09592249 0.15271327 0.13033833 0.21940464 0.14494896 0.30647466 0.24319659 0.4960021 0.2197089 0.10723065 0.2564208 0.10933649 0.15350775 0.24879824 0.1595057 0.15966284 0.14015797 0.09753621 0.41065788 0.16690597 0.20260179 0.123761736 0.31676355 0.20228578 0.2194084 0.11102065 0.07891448 0.38930312 0.15583162 0.37319562 0.06486024 0.15346967 0.55053616 0.34911567 0.13106233 0.1837554 0.13907512 0.44979432 0.1116629 0.15595764 0.18427373 0.49071974 0.3097707 0.30181488 0.23183876 0.16366053 0.4006561 0.09226388 0.6638791 0.3300318 0.13158636 0.08658737 0.21947743 0.16776702 0.32231036 0.22420631 0.14961745 0.11912711 0.1910189 0.15446647 0.14669713 0.26913223 0.363213 0.33885053 0.13710067 0.15299235 0.12188223 0.18113123 0.10521866 0.28149536 0.13768621 0.106279515 0.16737242 0.10777047 0.1585773 0.3483493 0.27968374 0.119921505 0.29111102 0.21910374 0.25718316 0.33378017 0.17116205 0.25501248 0.25685737 0.14982067 0.3046554 0.16290186 0.19487882 0.3009895 0.47844252 0.40841094 0.14796562 0.20069091 0.1693487 0.19049817 0.34361616 0.15540184 0.1346271 0.3468144 0.13820958 0.13884602 0.22397226 0.102324225 0.27418643 0.33595404 0.24251126 0.2985612 0.45349115 0.32044533 0.20618394 0.648011 0.16733816 0.46114177 0.5141813 0.3037325 0.26783055 0.22777514 0.12916389 0.285953 0.4424202 0.45554996 0.2515115 0.35745022 0.57707196 0.44541854 0.224969 0.1858227 0.14599596 0.3227602 0.2395356 0.18565086 0.12294957 0.22828777 0.12437341 0.15228961 0.15146133 0.23315442 0.11546813 0.3309643 0.25400916 0.19303107 0.18851885 0.08915613 0.17442207 0.43219778 0.27525976 0.18890238 0.24974693 0.16204368 0.17978215 0.098387115 0.09810585 0.1025947 0.28208363 0.4130583 0.34052053 0.22717968 0.16594994 0.2250563 0.25174946 0.17001718 0.10914233 0.25882694 0.21435794 0.21708359 0.3619981 0.37159088 0.18507703 0.4023793 0.09173738 0.15933557 0.12615289 0.2909191 0.2128362 0.1474652 0.09118556 0.6185521 0.19386946 0.13720141 0.19077854 0.14311384 0.13866653 0.371065 0.07068782 0.15748252 0.19537564 0.44451207 0.15828873 0.31946728 0.19939664 0.27619088 0.15013719 0.19577071 0.14749856 0.20560372 0.16713828,,
812,3x3x256x256,0.15978989 0.22362778 0.15479551 0.3259003 0.2446191 0.21083589 0.29970983 0.16180812 0.11239242 0.12470105 0.21722433 0.11717671 0.39541188 0.2827004 0.29337424 0.1935251 0.21603997 0.13627449 0.238256 0.3659837 0.24360207 0.22428331 0.25289267 0.36737326 0.2415793 0.20240077 0.10579537 0.30979872 0.123902604 0.28583035 0.17553245 0.15784703 0.15315549 0.08500032 0.068951756 0.22496338 0.2128623 0.077134594 0.27705178 0.094616905 0.28887993 0.28189793 0.105232194 0.17065041 0.20316897 0.18543167 0.12905206 0.2508443 0.44124612 0.26528934 0.27420622 0.21997043 0.12287878 0.1571778 0.11836805 0.17475498 0.270748 0.12814441 0.17896861 0.095934205 0.15273191 0.13035423 0.21943142 0.14496666 0.30651206 0.24322627 0.49606267 0.21973571 0.10724373 0.25645208 0.10934983 0.1535265 0.2488286 0.15952516 0.15968233 0.14017507 0.09754812 0.410708 0.16692634 0.20262651 0.123776846 0.31680223 0.20231047 0.21943517 0.11103419 0.07892411 0.38935065 0.15585065 0.3732412 0.06486815 0.1534884 0.5506034 0.3491583 0.13107832 0.18377782 0.13909209 0.44984922 0.11167654 0.15597668 0.18429624 0.4907796 0.3098085 0.30185172 0.23186706 0.1636805 0.400705 0.09227514 0.66396016 0.6600636 0.13160242 0.08659794 0.2195042 0.16778749 0.3223497 0.22423369 0.1496357 0.119141646 0.1910422 0.15448532 0.14671503 0.26916507 0.36325732 0.3388919 0.1371174 0.15301102 0.1218971 0.18115333 0.10523149 0.28152972 0.13770302 0.106292486 0.16739285 0.10778363 0.15859665 0.3483918 0.2797179 0.11993614 0.29114655 0.21913047 0.25721458 0.3338209 0.17118295 0.25504363 0.25688872 0.14983895 0.30469257 0.16292176 0.19490261 0.30102623 0.47850093 0.40846077 0.14798369 0.20071541 0.16936937 0.19052143 0.34365812 0.15542081 0.13464352 0.34685674 0.13822645 0.13886298 0.22399959 0.10233672 0.2742199 0.33599505 0.24254087 0.29859763 0.45354652 0.32048446 0.20620911 0.6480901 0.16735858 0.46119803 0.5142441 0.3037696 0.26786324 0.22780293 0.12917966 0.28598788 0.44247422 0.45560554 0.2515422 0.35749385 0.57714236 0.4454729 0.22499645 0.18584538 0.14601378 0.3227996 0.23956484 0.1856735 0.122964576 0.22831564 0.1243886 0.15230821 0.15147981 0.23318288 0.11548222 0.3310047 0.25404018 0.19305463 0.18854186 0.08916701 0.17444335 0.43225053 0.27529338 0.18892545 0.2497774 0.16206346 0.17980409 0.098399125 0.09811782 0.10260722 0.28211808 0.4131087 0.34056208 0.2272074 0.1659702 0.22508378 0.25178018 0.17003793 0.109155655 0.25885853 0.21438411 0.21711008 0.36204228 0.37163624 0.18509962 0.40242842 0.09174858 0.15935501 0.1261683 0.29095462 0.2128622 0.1474832 0.09119669 0.61862755 0.19389312 0.13721816 0.19080181 0.1431313 0.13868345 0.37111026 0.07069645 0.15750174 0.1953995 0.44456634 0.15830804 0.3195063 0.19942099 0.27622458 0.15015551 0.1957946 0.14751656 0.20562881 0.16715868,0.1597704 0.22360049 0.15477662 0.32586053 0.24458924 0.21081017 0.29967323 0.16178837 0.1123787 0.12468584 0.21719782 0.11716241 0.39536363 0.2826659 0.29333842 0.19350149 0.2160136 0.13625786 0.23822692 0.36593905 0.24357234 0.22425593 0.25286183 0.3673284 0.24154982 0.20237608 0.10578246 0.30976093 0.12388749 0.28579545 0.17551103 0.15782776 0.15313679 0.08498994 0.06894334 0.22493592 0.21283631 0.07712518 0.27701798 0.09460536 0.28884467 0.2818635 0.10521936 0.17062959 0.20314418 0.18540905 0.1290363 0.2508137 0.44119227 0.26525694 0.27417275 0.2199436 0.122863784 0.15715861 0.118353605 0.17473365 0.27071497 0.12812878 0.17894676 0.09592249 0.15271327 0.13033833 0.21940464 0.14494896 0.30647466 0.24319659 0.4960021 0.2197089 0.10723065 0.2564208 0.10933649 0.15350775 0.24879824 0.1595057 0.15966284 0.14015797 0.09753621 0.41065788 0.16690597 0.20260179 0.123761736 0.31676355 0.20228578 0.2194084 0.11102065 0.07891448 0.38930312 0.15583162 0.37319562 0.06486024 0.15346967 0.55053616 0.34911567 0.13106233 0.1837554 0.13907512 0.44979432 0.1116629 0.15595764 0.18427373 0.49071974 0.3097707 0.30181488 0.23183876 0.16366053 0.4006561 0.09226388 0.6638791 0.3300318 0.13158636 0.08658737 0.21947743 0.16776702 0.32231036 0.22420631 0.14961745 0.11912711 0.1910189 0.15446647 0.14669713 0.26913223 0.363213 0.33885053 0.13710067 0.15299235 0.12188223 0.18113123 0.10521866 0.28149536 0.13768621 0.106279515 0.16737242 0.10777047 0.1585773 0.3483493 0.27968374 0.119921505 0.29111102 0.21910374 0.25718316 0.33378017 0.17116205 0.25501248 0.25685737 0.14982067 0.3046554 0.16290186 0.19487882 0.3009895 0.47844252 0.40841094 0.14796562 0.20069091 0.1693487 0.19049817 0.34361616 0.15540184 0.1346271 0.3468144 0.13820958 0.13884602 0.22397226 0.102324225 0.27418643 0.33595404 0.24251126 0.2985612 0.45349115 0.32044533 0.20618394 0.648011 0.16733816 0.46114177 0.5141813 0.3037325 0.26783055 0.22777514 0.12916389 0.285953 0.4424202 0.45554996 0.2515115 0.35745022 0.57707196 0.44541854 0.224969 0.1858227 0.14599596 0.3227602 0.2395356 0.18565086 0.12294957 0.22828777 0.12437341 0.15228961 0.15146133 0.23315442 0.11546813 0.3309643 0.25400916 0.19303107 0.18851885 0.08915613 0.17442207 0.43219778 0.27525976 0.18890238 0.24974693 0.16204368 0.17978215 0.098387115 0.09810585 0.1025947 0.28208363 0.4130583 0.34052053 0.22717968 0.16594994 0.2250563 0.25174946 0.17001718 0.10914233 0.25882694 0.21435794 0.21708359 0.3619981 0.37159088 0.18507703 0.4023793 0.09173738 0.15933557 0.12615289 0.2909191 0.2128362 0.1474652 0.09118556 0.6185521 0.19386946 0.13720141 0.19077854 0.14311384 0.13866653 0.371065 0.07068782 0.15748252 0.19537564 0.44451207 0.15828873 0.31946728 0.19939664 0.27619088 0.15013719 0.19577071 0.14749856 0.20560372 0.16713828,,
816,3x3x256x256,0.15978989 0.22362778 0.15479551 0.3259003 0.2446191 0.21083589 0.29970983 0.16180812 0.11239242 0.12470105 0.21722433 0.11717671 0.39541188 0.2827004 0.29337424 0.1935251 0.21603997 0.13627449 0.238256 0.3659837 0.24360207 0.22428331 0.25289267 0.36737326 0.2415793 0.20240077 0.10579537 0.30979872 0.123902604 0.28583035 0.17553245 0.15784703 0.15315549 0.08500032 0.068951756 0.22496338 0.2128623 0.077134594 0.27705178 0.094616905 0.28887993 0.28189793 0.105232194 0.17065041 0.20316897 0.18543167 0.12905206 0.2508443 0.44124612 0.26528934 0.27420622 0.21997043 0.12287878 0.1571778 0.11836805 0.17475498 0.270748 0.12814441 0.17896861 0.095934205 0.15273191 0.13035423 0.21943142 0.14496666 0.30651206 0.24322627 0.49606267 0.21973571 0.10724373 0.25645208 0.10934983 0.1535265 0.2488286 0.15952516 0.15968233 0.14017507 0.09754812 0.410708 0.16692634 0.20262651 0.123776846 0.31680223 0.20231047 0.21943517 0.11103419 0.07892411 0.38935065 0.15585065 0.3732412 0.06486815 0.1534884 0.5506034 0.3491583 0.13107832 0.18377782 0.13909209 0.44984922 0.11167654 0.15597668 0.18429624 0.4907796 0.3098085 0.30185172 0.23186706 0.1636805 0.400705 0.09227514 0.66396016 0.6600636 0.13160242 0.08659794 0.2195042 0.16778749 0.3223497 0.22423369 0.1496357 0.119141646 0.1910422 0.15448532 0.14671503 0.26916507 0.36325732 0.3388919 0.1371174 0.15301102 0.1218971 0.18115333 0.10523149 0.28152972 0.13770302 0.106292486 0.16739285 0.10778363 0.15859665 0.3483918 0.2797179 0.11993614 0.29114655 0.21913047 0.25721458 0.3338209 0.17118295 0.25504363 0.25688872 0.14983895 0.30469257 0.16292176 0.19490261 0.30102623 0.47850093 0.40846077 0.14798369 0.20071541 0.16936937 0.19052143 0.34365812 0.15542081 0.13464352 0.34685674 0.13822645 0.13886298 0.22399959 0.10233672 0.2742199 0.33599505 0.24254087 0.29859763 0.45354652 0.32048446 0.20620911 0.6480901 0.16735858 0.46119803 0.5142441 0.3037696 0.26786324 0.22780293 0.12917966 0.28598788 0.44247422 0.45560554 0.2515422 0.35749385 0.57714236 0.4454729 0.22499645 0.18584538 0.14601378 0.3227996 0.23956484 0.1856735 0.122964576 0.22831564 0.1243886 0.15230821 0.15147981 0.23318288 0.11548222 0.3310047 0.25404018 0.19305463 0.18854186 0.08916701 0.17444335 0.43225053 0.27529338 0.18892545 0.2497774 0.16206346 0.17980409 0.098399125 0.09811782 0.10260722 0.28211808 0.4131087 0.34056208 0.2272074 0.1659702 0.22508378 0.25178018 0.17003793 0.109155655 0.25885853 0.21438411 0.21711008 0.36204228 0.37163624 0.18509962 0.40242842 0.09174858 0.15935501 0.1261683 0.29095462 0.2128622 0.1474832 0.09119669 0.61862755 0.19389312 0.13721816 0.19080181 0.1431313 0.13868345 0.37111026 0.07069645 0.15750174 0.1953995 0.44456634 0.15830804 0.3195063 0.19942099 0.27622458 0.15015551 0.1957946 0.14751656 0.20562881 0.16715868,0.1597704 0.22360049 0.15477662 0.32586053 0.24458924 0.21081017 0.29967323 0.16178837 0.1123787 0.12468584 0.21719782 0.11716241 0.39536363 0.2826659 0.29333842 0.19350149 0.2160136 0.13625786 0.23822692 0.36593905 0.24357234 0.22425593 0.25286183 0.3673284 0.24154982 0.20237608 0.10578246 0.30976093 0.12388749 0.28579545 0.17551103 0.15782776 0.15313679 0.08498994 0.06894334 0.22493592 0.21283631 0.07712518 0.27701798 0.09460536 0.28884467 0.2818635 0.10521936 0.17062959 0.20314418 0.18540905 0.1290363 0.2508137 0.44119227 0.26525694 0.27417275 0.2199436 0.122863784 0.15715861 0.118353605 0.17473365 0.27071497 0.12812878 0.17894676 0.09592249 0.15271327 0.13033833 0.21940464 0.14494896 0.30647466 0.24319659 0.4960021 0.2197089 0.10723065 0.2564208 0.10933649 0.15350775 0.24879824 0.1595057 0.15966284 0.14015797 0.09753621 0.41065788 0.16690597 0.20260179 0.123761736 0.31676355 0.20228578 0.2194084 0.11102065 0.07891448 0.38930312 0.15583162 0.37319562 0.06486024 0.15346967 0.55053616 0.34911567 0.13106233 0.1837554 0.13907512 0.44979432 0.1116629 0.15595764 0.18427373 0.49071974 0.3097707 0.30181488 0.23183876 0.16366053 0.4006561 0.09226388 0.6638791 0.3300318 0.13158636 0.08658737 0.21947743 0.16776702 0.32231036 0.22420631 0.14961745 0.11912711 0.1910189 0.15446647 0.14669713 0.26913223 0.363213 0.33885053 0.13710067 0.15299235 0.12188223 0.18113123 0.10521866 0.28149536 0.13768621 0.106279515 0.16737242 0.10777047 0.1585773 0.3483493 0.27968374 0.119921505 0.29111102 0.21910374 0.25718316 0.33378017 0.17116205 0.25501248 0.25685737 0.14982067 0.3046554 0.16290186 0.19487882 0.3009895 0.47844252 0.40841094 0.14796562 0.20069091 0.1693487 0.19049817 0.34361616 0.15540184 0.1346271 0.3468144 0.13820958 0.13884602 0.22397226 0.102324225 0.27418643 0.33595404 0.24251126 0.2985612 0.45349115 0.32044533 0.20618394 0.648011 0.16733816 0.46114177 0.5141813 0.3037325 0.26783055 0.22777514 0.12916389 0.285953 0.4424202 0.45554996 0.2515115 0.35745022 0.57707196 0.44541854 0.224969 0.1858227 0.14599596 0.3227602 0.2395356 0.18565086 0.12294957 0.22828777 0.12437341 0.15228961 0.15146133 0.23315442 0.11546813 0.3309643 0.25400916 0.19303107 0.18851885 0.08915613 0.17442207 0.43219778 0.27525976 0.18890238 0.24974693 0.16204368 0.17978215 0.098387115 0.09810585 0.1025947 0.28208363 0.4130583 0.34052053 0.22717968 0.16594994 0.2250563 0.25174946 0.17001718 0.10914233 0.25882694 0.21435794 0.21708359 0.3619981 0.37159088 0.18507703 0.4023793 0.09173738 0.15933557 0.12615289 0.2909191 0.2128362 0.1474652 0.09118556 0.6185521 0.19386946 0.13720141 0.19077854 0.14311384 0.13866653 0.371065 0.07068782 0.15748252 0.19537564 0.44451207 0.15828873 0.31946728 0.19939664 0.27619088 0.15013719 0.19577071 0.14749856 0.20560372 0.16713828,,
820,3x3x256x256,0.15978989 0.22362778 0.15479551 0.3259003 0.2446191 0.21083589 0.29970983 0.16180812 0.11239242 0.12470105 0.21722433 0.11717671 0.39541188 0.2827004 0.29337424 0.1935251 0.21603997 0.13627449 0.238256 0.3659837 0.24360207 0.22428331 0.25289267 0.36737326 0.2415793 0.20240077 0.10579537 0.30979872 0.123902604 0.28583035 0.17553245 0.15784703 0.15315549 0.08500032 0.068951756 0.22496338 0.2128623 0.077134594 0.27705178 0.094616905 0.28887993 0.28189793 0.105232194 0.17065041 0.20316897 0.18543167 0.12905206 0.2508443 0.44124612 0.26528934 0.27420622 0.21997043 0.12287878 0.1571778 0.11836805 0.17475498 0.270748 0.12814441 0.17896861 0.095934205 0.15273191 0.13035423 0.21943142 0.14496666 0.30651206 0.24322627 0.49606267 0.21973571 0.10724373 0.25645208 0.10934983 0.1535265 0.2488286 0.15952516 0.15968233 0.14017507 0.09754812 0.410708 0.16692634 0.20262651 0.123776846 0.31680223 0.20231047 0.21943517 0.11103419 0.07892411 0.38935065 0.15585065 0.3732412 0.06486815 0.1534884 0.5506034 0.3491583 0.13107832 0.18377782 0.13909209 0.44984922 0.11167654 0.15597668 0.18429624 0.4907796 0.3098085 0.30185172 0.23186706 0.1636805 0.400705 0.09227514 0.66396016 0.6600636 0.13160242 0.08659794 0.2195042 0.16778749 0.3223497 0.22423369 0.1496357 0.119141646 0.1910422 0.15448532 0.14671503 0.26916507 0.36325732 0.3388919 0.1371174 0.15301102 0.1218971 0.18115333 0.10523149 0.28152972 0.13770302 0.106292486 0.16739285 0.10778363 0.15859665 0.3483918 0.2797179 0.11993614 0.29114655 0.21913047 0.25721458 0.3338209 0.17118295 0.25504363 0.25688872 0.14983895 0.30469257 0.16292176 0.19490261 0.30102623 0.47850093 0.40846077 0.14798369 0.20071541 0.16936937 0.19052143 0.34365812 0.15542081 0.13464352 0.34685674 0.13822645 0.13886298 0.22399959 0.10233672 0.2742199 0.33599505 0.24254087 0.29859763 0.45354652 0.32048446 0.20620911 0.6480901 0.16735858 0.46119803 0.5142441 0.3037696 0.26786324 0.22780293 0.12917966 0.28598788 0.44247422 0.45560554 0.2515422 0.35749385 0.57714236 0.4454729 0.22499645 0.18584538 0.14601378 0.3227996 0.23956484 0.1856735 0.122964576 0.22831564 0.1243886 0.15230821 0.15147981 0.23318288 0.11548222 0.3310047 0.25404018 0.19305463 0.18854186 0.08916701 0.17444335 0.43225053 0.27529338 0.18892545 0.2497774 0.16206346 0.17980409 0.098399125 0.09811782 0.10260722 0.28211808 0.4131087 0.34056208 0.2272074 0.1659702 0.22508378 0.25178018 0.17003793 0.109155655 0.25885853 0.21438411 0.21711008 0.36204228 0.37163624 0.18509962 0.40242842 0.09174858 0.15935501 0.1261683 0.29095462 0.2128622 0.1474832 0.09119669 0.61862755 0.19389312 0.13721816 0.19080181 0.1431313 0.13868345 0.37111026 0.07069645 0.15750174 0.1953995 0.44456634 0.15830804 0.3195063 0.19942099 0.27622458 0.15015551 0.1957946 0.14751656 0.20562881 0.16715868,0.1597704 0.22360049 0.15477662 0.32586053 0.24458924 0.21081017 0.29967323 0.16178837 0.1123787 0.12468584 0.21719782 0.11716241 0.39536363 0.2826659 0.29333842 0.19350149 0.2160136 0.13625786 0.23822692 0.36593905 0.24357234 0.22425593 0.25286183 0.3673284 0.24154982 0.20237608 0.10578246 0.30976093 0.12388749 0.28579545 0.17551103 0.15782776 0.15313679 0.08498994 0.06894334 0.22493592 0.21283631 0.07712518 0.27701798 0.09460536 0.28884467 0.2818635 0.10521936 0.17062959 0.20314418 0.18540905 0.1290363 0.2508137 0.44119227 0.26525694 0.27417275 0.2199436 0.122863784 0.15715861 0.118353605 0.17473365 0.27071497 0.12812878 0.17894676 0.09592249 0.15271327 0.13033833 0.21940464 0.14494896 0.30647466 0.24319659 0.4960021 0.2197089 0.10723065 0.2564208 0.10933649 0.15350775 0.24879824 0.1595057 0.15966284 0.14015797 0.09753621 0.41065788 0.16690597 0.20260179 0.123761736 0.31676355 0.20228578 0.2194084 0.11102065 0.07891448 0.38930312 0.15583162 0.37319562 0.06486024 0.15346967 0.55053616 0.34911567 0.13106233 0.1837554 0.13907512 0.44979432 0.1116629 0.15595764 0.18427373 0.49071974 0.3097707 0.30181488 0.23183876 0.16366053 0.4006561 0.09226388 0.6638791 0.3300318 0.13158636 0.08658737 0.21947743 0.16776702 0.32231036 0.22420631 0.14961745 0.11912711 0.1910189 0.15446647 0.14669713 0.26913223 0.363213 0.33885053 0.13710067 0.15299235 0.12188223 0.18113123 0.10521866 0.28149536 0.13768621 0.106279515 0.16737242 0.10777047 0.1585773 0.3483493 0.27968374 0.119921505 0.29111102 0.21910374 0.25718316 0.33378017 0.17116205 0.25501248 0.25685737 0.14982067 0.3046554 0.16290186 0.19487882 0.3009895 0.47844252 0.40841094 0.14796562 0.20069091 0.1693487 0.19049817 0.34361616 0.15540184 0.1346271 0.3468144 0.13820958 0.13884602 0.22397226 0.102324225 0.27418643 0.33595404 0.24251126 0.2985612 0.45349115 0.32044533 0.20618394 0.648011 0.16733816 0.46114177 0.5141813 0.3037325 0.26783055 0.22777514 0.12916389 0.285953 0.4424202 0.45554996 0.2515115 0.35745022 0.57707196 0.44541854 0.224969 0.1858227 0.14599596 0.3227602 0.2395356 0.18565086 0.12294957 0.22828777 0.12437341 0.15228961 0.15146133 0.23315442 0.11546813 0.3309643 0.25400916 0.19303107 0.18851885 0.08915613 0.17442207 0.43219778 0.27525976 0.18890238 0.24974693 0.16204368 0.17978215 0.098387115 0.09810585 0.1025947 0.28208363 0.4130583 0.34052053 0.22717968 0.16594994 0.2250563 0.25174946 0.17001718 0.10914233 0.25882694 0.21435794 0.21708359 0.3619981 0.37159088 0.18507703 0.4023793 0.09173738 0.15933557 0.12615289 0.2909191 0.2128362 0.1474652 0.09118556 0.6185521 0.19386946 0.13720141 0.19077854 0.14311384 0.13866653 0.371065 0.07068782 0.15748252 0.19537564 0.44451207 0.15828873 0.31946728 0.19939664 0.27619088 0.15013719 0.19577071 0.14749856 0.20560372 0.16713828,,
838,3x3x256x512,0.0395515 0.032280736 0.032083716 0.05254099 0.036517054 0.037783273 0.024860986 0.03713546 0.035789568 0.027881734 0.060293738 0.047226563 0.04407688 0.036589902 0.04669938 0.04334914 0.06117762 0.031973727 0.032530684 0.031146813 0.04705835 0.05515987 0.04886584 0.067287736 0.05570748 0.029300667 0.05110512 0.039372943 0.033042602 0.0354953 0.022713324 0.043308534 0.028356763 0.06263911 0.033868432 0.03859995 0.03322037 0.05391478 0.04585249 0.029760616 0.055494655 0.05036742 0.04308642 0.047563538 0.036736794 0.031406093 0.053363908 0.035650555 0.036805294 0.037316352 0.057733983 0.030193437 0.042017236 0.031283155 0.0654932 0.033690948 0.07583009 0.028749792 0.039712403 0.041424528 0.043646924 0.04835693 0.025377978 0.07912428 0.02681444 0.04562753 0.056896638 0.095287345 0.05405719 0.053076573 0.062933445 0.027442874 0.03221666 0.031040207 0.051891133 0.04166113 0.041137736 0.021727271 0.057393093 0.039933268 0.036386758 0.034071036 0.04942454 0.038797088 0.033158015 0.037917137 0.057847418 0.028801335 0.030594574 0.03332643 0.044987995 0.042126432 0.033884894 0.044658042 0.04479604 0.028257085 0.036467645 0.033560812 0.019054085 0.028700763 0.11151549 0.023557492 0.022212539 0.05034001 0.029655999 0.036564097 0.024289837 0.060074102 0.07755852 0.033513665 0.03686932 0.030771809 0.039910994 0.03809689 0.049166214 0.067940466 0.026699843 0.029393785 0.035083894 0.0389641 0.040485505 0.09993046 0.02647278 0.04924174 0.028056702 0.045592327 0.025086343 0.01979335 0.03843323 0.03429667 0.046977293 0.036485016 0.041017834 0.025142225 0.04601827 0.05559819 0.03005223 0.040571596 0.05067947 0.08954644 0.07473597 0.050616764 0.027181745 0.04605809 0.046779625 0.03683752 0.026839666 0.046843342 0.032293685 0.035232868 0.03062127 0.07353043 0.041375518 0.03569918 0.051164526 0.051199246 0.032381684 0.056103155 0.040862564 0.046079326 0.060611654 0.044812415 0.025371384 0.038801964 0.040728785 0.027658112 0.036049116 0.041814044 0.041923437 0.043167476 0.031072821 0.026799923 0.04513279 0.06797161 0.08430698 0.033795044 0.05334024 0.042912118 0.03825986 0.025632415 0.032465998 0.026044471 0.03865096 0.042155452 0.025720809 0.02425276 0.06532785 0.027534304 0.06347684 0.023754315 0.051590014 0.07797612 0.06936388 0.04876785 0.02611913 0.080880724 0.050650075 0.06548038 0.041100938 0.024521483 0.038386777 0.054664098 0.041107934 0.03062223 0.029146235 0.07234302 0.0644081 0.055386383 0.05286548 0.04184752 0.029948136 0.015947053 0.03874424 0.04010435 0.053811204 0.033394124 0.0850765 0.06525769 0.029046914 0.033783495 0.053565543 0.032443702 0.065353386 0.035963893 0.04537153 0.03252088 0.02425868 0.02842705 0.037022542 0.09668148 0.037592866 0.028101597 0.039354477 0.050754264 0.026254633 0.024372132 0.037367787 0.045771796 0.03212006 0.06642717 0.03491631 0.06919641 0.05033511 0.03564921 0.050441172 0.03066271 0.050587315 0.05117828 0.037257496 0.028564699 0.027444338 0.05522459 0.03634405 0.04727068 0.030758766 0.08002899 0.028760048 0.027826428 0.04590756 0.085625865 0.05018616 0.02005528 0.032039996 0.030322498 0.046478808 0.041386876 0.023695402 0.032071 0.037591714 0.021150697 0.034828316 0.04523877 0.044986513 0.06898182 0.071367815 0.07667063 0.03107714 0.070028536 0.028232843 0.0660915 0.025199968 0.055335946 0.05264588 0.054947898 0.034414973 0.036286704 0.065399796 0.040291633 0.04490643 0.060772516 0.027559187 0.027965875 0.034765646 0.07001927 0.04174089 0.03494083 0.024193658 0.048964333 0.034383066 0.07512882 0.03449911 0.018283611 0.055741906 0.03912147 0.038818747 0.034653675 0.02912758 0.0197827 0.030529464 0.052280627 0.029819963 0.039256386 0.025725238 0.026589325 0.042255975 0.031671815 0.040157035 0.053897534 0.039510135 0.0546336 0.035307225 0.05490923 0.032706685 0.048460893 0.035037458 0.040245153 0.028242111 0.063553795 0.0712744 0.021444816 0.04160878 0.03925909 0.046466313 0.022435967 0.048566233 0.04563336 0.03080185 0.058016255 0.083901145 0.08433464 0.07397219 0.026277 0.04097988 0.042197295 0.04973809 0.035602733 0.030215874 0.05196823 0.054827202 0.07822823 0.055637285 0.028557353 0.030508423 0.03209543 0.025027145 0.065754846 0.030485671 0.04811326 0.02576642 0.03167809 0.07205682 0.043203972 0.02438191 0.034981366 0.04169164 0.03510842 0.031061068 0.060215782 0.029423052 0.030585613 0.04681689 0.12269285 0.022769723 0.03518445 0.014835382 0.022173595 0.06253013 0.034087982 0.11532835 0.017613143 0.05147567 0.032879546 0.04511811 0.045959387 0.030556016 0.058782283 0.030142808 0.03533283 0.05246324 0.05255689 0.03825741 0.02697961 0.045188747 0.015836477 0.044492353 0.04062771 0.07094367 0.044132363 0.018886145 0.0334431 0.032311067 0.02562032 0.036634322 0.029191773 0.038878586 0.061386377 0.04830651 0.058237575 0.02598398 0.033378232 0.03646422 0.029272264 0.038415905 0.03882452 0.061907467 0.07632701 0.048552237 0.037569556 0.028022835 0.036335036 0.025702013 0.028574223 0.048325416 0.058294076 0.03109133 0.030972563 0.042404074 0.045659646 0.05086908 0.03524694 0.048277296 0.029812664 0.038489 0.034784466 0.056956086 0.036418114 0.040611614 0.037973937 0.055995226 0.044682257 0.019705037 0.04072628 0.02573971 0.02908308 0.032658458 0.034720015 0.022534551 0.023285408 0.0515185 0.030997956 0.04221326 0.0267294 0.02697049 0.07250726 0.027837351 0.041470468 0.044951715 0.035783235 0.030255882 0.031190526 0.03504911 0.084790334 0.053518917 0.07499363 0.033219676 0.036105193 0.05997665 0.052080233 0.032088425 0.026838662 0.034103423 0.054693975 0.04376678 0.03848634 0.029711192 0.025906516 0.051782735 0.051193774 0.0302151 0.058160283 0.023435695 0.02081818 0.021849975 0.033642974 0.047450535 0.07487534 0.042983975 0.032178216 0.029473126 0.028376695 0.030527987 0.036824856 0.043368448 0.030963127 0.07381484 0.051504143 0.06993614 0.047383778 0.03570178 0.03396896 0.04648218 0.021865914 0.02591972 0.07685657 0.0363399 0.04405551 0.067787446 0.019829895 0.035507042 0.044213604 0.026836164 0.043609645,0.039546676 0.032276798 0.0320798 0.05253458 0.036512595 0.03777866 0.024857951 0.03713093 0.0357852 0.027878331 0.06028638 0.0472208 0.0440715 0.03658544 0.04669368 0.04334385 0.061170153 0.031969823 0.032526717 0.031143013 0.04705261 0.05515314 0.048859876 0.067279525 0.055700682 0.029297091 0.051098883 0.039368138 0.033038568 0.035490967 0.022710552 0.043303248 0.028353302 0.062631465 0.0338643 0.03859524 0.033216313 0.053908203 0.045846894 0.029756984 0.055487882 0.050361272 0.043081164 0.047557734 0.03673231 0.03140226 0.053357396 0.035646204 0.036800805 0.037311796 0.057726935 0.03018975 0.042012107 0.031279337 0.06548521 0.03368684 0.07582083 0.028746285 0.039707556 0.041419473 0.043641597 0.04835103 0.02537488 0.07911462 0.026811168 0.04562196 0.056889694 0.095275715 0.05405059 0.053070094 0.06292576 0.027439525 0.032212727 0.031036418 0.0518848 0.041656043 0.04113272 0.02172462 0.05738609 0.039928395 0.036382318 0.03406688 0.04941851 0.038792353 0.033153966 0.03791251 0.05784036 0.02879782 0.030590842 0.03332236 0.044982504 0.04212129 0.03388076 0.044652592 0.044790573 0.028253635 0.036463197 0.033556715 0.019051759 0.02869726 0.11150189 0.023554616 0.022209827 0.05033387 0.02965238 0.036559634 0.024286872 0.06006677 0.07754905 0.033509575 0.03686482 0.030768054 0.03990612 0.03809224 0.049160216 0.06793217 0.026696583 0.029390197 0.03507961 0.038959343 0.04048056 0.09991826 0.02646955 0.04923573 0.028053276 0.045586765 0.025083283 0.019790934 0.03842854 0.034292486 0.04697156 0.036480565 0.04101283 0.025139155 0.046012655 0.0555914 0.030048562 0.040566646 0.050673284 0.08953551 0.07472685 0.050610587 0.027178427 0.046052467 0.046773918 0.03683302 0.026836392 0.046837628 0.032289743 0.03522857 0.030617531 0.07352145 0.041370466 0.035694826 0.051158283 0.051192995 0.03237773 0.056096308 0.04085758 0.046073705 0.06060426 0.044806946 0.025368286 0.03879723 0.04072381 0.027654737 0.036044717 0.04180894 0.04191832 0.043162208 0.03106903 0.026796652 0.045127284 0.06796331 0.08429669 0.03379092 0.05333373 0.04290688 0.03825519 0.025629286 0.032462038 0.026041292 0.038646244 0.042150307 0.02571767 0.0242498 0.06531988 0.027530944 0.06346909 0.023751415 0.05158372 0.07796661 0.06935541 0.0487619 0.02611594 0.08087085 0.05064389 0.065472394 0.04109592 0.024518492 0.038382094 0.054657426 0.04110292 0.030618493 0.02914268 0.07233419 0.06440024 0.05537962 0.052859027 0.041842412 0.029944481 0.015945107 0.03873951 0.040099453 0.053804636 0.03339005 0.085066125 0.065249726 0.029043369 0.033779375 0.053559005 0.032439742 0.06534541 0.035959505 0.04536599 0.032516908 0.024255719 0.028423581 0.037018023 0.09666969 0.03758828 0.028098168 0.03934967 0.050748073 0.02625143 0.024369158 0.037363227 0.04576621 0.032116137 0.066419065 0.03491205 0.06918796 0.050328966 0.03564486 0.050435014 0.030658968 0.050581142 0.051172037 0.03725295 0.028561214 0.02744099 0.05521785 0.03633962 0.047264915 0.030755011 0.08001922 0.028756537 0.027823033 0.045901958 0.08561542 0.050180037 0.020052832 0.03203609 0.030318798 0.046473138 0.041381825 0.023692511 0.03206709 0.03758713 0.021148115 0.034824066 0.04523325 0.04498102 0.0689734 0.071359105 0.076661274 0.031073347 0.07001999 0.028229397 0.06608344 0.025196893 0.055329192 0.05263946 0.054941192 0.03441077 0.036282275 0.065391816 0.040286716 0.04490095 0.0607651 0.027555825 0.027962461 0.034761403 0.07001072 0.041735794 0.03493657 0.024190705 0.048958357 0.034378868 0.07511966 0.0344949 0.01828138 0.055735104 0.0391167 0.038814012 0.034649443 0.029124023 0.019780286 0.030525737 0.05227425 0.029816324 0.039251596 0.0257221 0.02658608 0.042250816 0.03166795 0.040152136 0.05389096 0.03950531 0.05462693 0.03530292 0.054902527 0.03270269 0.04845498 0.03503318 0.04024024 0.028238663 0.06354604 0.0712657 0.0214422 0.041603703 0.0392543 0.046460643 0.022433229 0.048560306 0.04562779 0.03079809 0.058009177 0.0838909 0.084324345 0.073963165 0.026273794 0.04097488 0.042192142 0.04973202 0.035598386 0.030212188 0.051961888 0.05482051 0.078218676 0.055630498 0.028553868 0.0305047 0.03209151 0.02502409 0.06574682 0.03048195 0.04810739 0.025763275 0.031674225 0.07204802 0.043198697 0.024378935 0.034977097 0.04168655 0.035104137 0.031057278 0.060208436 0.029419461 0.03058188 0.04681118 0.122677885 0.022766944 0.03518016 0.014833571 0.022170888 0.0625225 0.034083825 0.115314275 0.017610993 0.051469386 0.032875534 0.045112602 0.04595378 0.030552287 0.058775112 0.03013913 0.03532852 0.05245684 0.052550476 0.038252737 0.026976319 0.04518323 0.015834546 0.044486925 0.040622752 0.07093501 0.044126976 0.01888384 0.03343902 0.032307126 0.025617195 0.036629852 0.029188212 0.038873844 0.061378885 0.048300616 0.058230467 0.025980808 0.033374157 0.036459774 0.029268691 0.03841122 0.038819782 0.06189991 0.0763177 0.048546314 0.03756497 0.028019415 0.0363306 0.025698876 0.028570736 0.04831952 0.058286965 0.031087536 0.030968782 0.0423989 0.045654073 0.05086287 0.03524264 0.048271406 0.029809024 0.0384843 0.034780223 0.056949135 0.03641367 0.040606655 0.037969302 0.05598839 0.044676803 0.019702632 0.040721312 0.025736568 0.029079532 0.03265447 0.034715775 0.0225318 0.023282567 0.051512215 0.030994173 0.04220811 0.026726136 0.0269672 0.07249842 0.027833953 0.04146541 0.04494623 0.035778865 0.030252188 0.03118672 0.035044834 0.084779985 0.053512383 0.074984476 0.03321562 0.036100786 0.05996933 0.052073877 0.03208451 0.026835386 0.034099262 0.0546873 0.04376144 0.03848164 0.029707568 0.025903353 0.051776413 0.051187526 0.030211413 0.058153182 0.023432836 0.020815639 0.02184731 0.03363887 0.047444742 0.0748662 0.04297873 0.03217429 0.02946953 0.028373232 0.030524261 0.03682036 0.043363154 0.03095935 0.07380583 0.051497854 0.06992761 0.047377992 0.035697427 0.033964813 0.046476506 0.021863246 0.025916556 0.07684719 0.036335465 0.04405013 0.06777917 0.019827474 0.03550271 0.044208206 0.026832888 0.043604326,,
842,3x3x256x512,0.0395515 0.032280736 0.032083716 0.05254099 0.036517054 0.037783273 0.024860986 0.03713546 0.035789568 0.027881734 0.060293738 0.047226563 0.04407688 0.036589902 0.04669938 0.04334914 0.06117762 0.031973727 0.032530684 0.031146813 0.04705835 0.05515987 0.04886584 0.067287736 0.05570748 0.029300667 0.05110512 0.039372943 0.033042602 0.0354953 0.022713324 0.043308534 0.028356763 0.06263911 0.033868432 0.03859995 0.03322037 0.05391478 0.04585249 0.029760616 0.055494655 0.05036742 0.04308642 0.047563538 0.036736794 0.031406093 0.053363908 0.035650555 0.036805294 0.037316352 0.057733983 0.030193437 0.042017236 0.031283155 0.0654932 0.033690948 0.07583009 0.028749792 0.039712403 0.041424528 0.043646924 0.04835693 0.025377978 0.07912428 0.02681444 0.04562753 0.056896638 0.095287345 0.05405719 0.053076573 0.062933445 0.027442874 0.03221666 0.031040207 0.051891133 0.04166113 0.041137736 0.021727271 0.057393093 0.039933268 0.036386758 0.034071036 0.04942454 0.038797088 0.033158015 0.037917137 0.057847418 0.028801335 0.030594574 0.03332643 0.044987995 0.042126432 0.033884894 0.044658042 0.04479604 0.028257085 0.036467645 0.033560812 0.019054085 0.028700763 0.11151549 0.023557492 0.022212539 0.05034001 0.029655999 0.036564097 0.024289837 0.060074102 0.07755852 0.033513665 0.03686932 0.030771809 0.039910994 0.03809689 0.049166214 0.067940466 0.026699843 0.029393785 0.035083894 0.0389641 0.040485505 0.09993046 0.02647278 0.04924174 0.028056702 0.045592327 0.025086343 0.01979335 0.03843323 0.03429667 0.046977293 0.036485016 0.041017834 0.025142225 0.04601827 0.05559819 0.03005223 0.040571596 0.05067947 0.08954644 0.07473597 0.050616764 0.027181745 0.04605809 0.046779625 0.03683752 0.026839666 0.046843342 0.032293685 0.035232868 0.03062127 0.07353043 0.041375518 0.03569918 0.051164526 0.051199246 0.032381684 0.056103155 0.040862564 0.046079326 0.060611654 0.044812415 0.025371384 0.038801964 0.040728785 0.027658112 0.036049116 0.041814044 0.041923437 0.043167476 0.031072821 0.026799923 0.04513279 0.06797161 0.08430698 0.033795044 0.05334024 0.042912118 0.03825986 0.025632415 0.032465998 0.026044471 0.03865096 0.042155452 0.025720809 0.02425276 0.06532785 0.027534304 0.06347684 0.023754315 0.051590014 0.07797612 0.06936388 0.04876785 0.02611913 0.080880724 0.050650075 0.06548038 0.041100938 0.024521483 0.038386777 0.054664098 0.041107934 0.03062223 0.029146235 0.07234302 0.0644081 0.055386383 0.05286548 0.04184752 0.029948136 0.015947053 0.03874424 0.04010435 0.053811204 0.033394124 0.0850765 0.06525769 0.029046914 0.033783495 0.053565543 0.032443702 0.065353386 0.035963893 0.04537153 0.03252088 0.02425868 0.02842705 0.037022542 0.09668148 0.037592866 0.028101597 0.039354477 0.050754264 0.026254633 0.024372132 0.037367787 0.045771796 0.03212006 0.06642717 0.03491631 0.06919641 0.05033511 0.03564921 0.050441172 0.03066271 0.050587315 0.05117828 0.037257496 0.028564699 0.027444338 0.05522459 0.03634405 0.04727068 0.030758766 0.08002899 0.028760048 0.027826428 0.04590756 0.085625865 0.05018616 0.02005528 0.032039996 0.030322498 0.046478808 0.041386876 0.023695402 0.032071 0.037591714 0.021150697 0.034828316 0.04523877 0.044986513 0.06898182 0.071367815 0.07667063 0.03107714 0.070028536 0.028232843 0.0660915 0.025199968 0.055335946 0.05264588 0.054947898 0.034414973 0.036286704 0.065399796 0.040291633 0.04490643 0.060772516 0.027559187 0.027965875 0.034765646 0.07001927 0.04174089 0.03494083 0.024193658 0.048964333 0.034383066 0.07512882 0.03449911 0.018283611 0.055741906 0.03912147 0.038818747 0.034653675 0.02912758 0.0197827 0.030529464 0.052280627 0.029819963 0.039256386 0.025725238 0.026589325 0.042255975 0.031671815 0.040157035 0.053897534 0.039510135 0.0546336 0.035307225 0.05490923 0.032706685 0.048460893 0.035037458 0.040245153 0.028242111 0.063553795 0.0712744 0.021444816 0.04160878 0.03925909 0.046466313 0.022435967 0.048566233 0.04563336 0.03080185 0.058016255 0.083901145 0.08433464 0.07397219 0.026277 0.04097988 0.042197295 0.04973809 0.035602733 0.030215874 0.05196823 0.054827202 0.07822823 0.055637285 0.028557353 0.030508423 0.03209543 0.025027145 0.065754846 0.030485671 0.04811326 0.02576642 0.03167809 0.07205682 0.043203972 0.02438191 0.034981366 0.04169164 0.03510842 0.031061068 0.060215782 0.029423052 0.030585613 0.04681689 0.12269285 0.022769723 0.03518445 0.014835382 0.022173595 0.06253013 0.034087982 0.11532835 0.017613143 0.05147567 0.032879546 0.04511811 0.045959387 0.030556016 0.058782283 0.030142808 0.03533283 0.05246324 0.05255689 0.03825741 0.02697961 0.045188747 0.015836477 0.044492353 0.04062771 0.07094367 0.044132363 0.018886145 0.0334431 0.032311067 0.02562032 0.036634322 0.029191773 0.038878586 0.061386377 0.04830651 0.058237575 0.02598398 0.033378232 0.03646422 0.029272264 0.038415905 0.03882452 0.061907467 0.07632701 0.048552237 0.037569556 0.028022835 0.036335036 0.025702013 0.028574223 0.048325416 0.058294076 0.03109133 0.030972563 0.042404074 0.045659646 0.05086908 0.03524694 0.048277296 0.029812664 0.038489 0.034784466 0.056956086 0.036418114 0.040611614 0.037973937 0.055995226 0.044682257 0.019705037 0.04072628 0.02573971 0.02908308 0.032658458 0.034720015 0.022534551 0.023285408 0.0515185 0.030997956 0.04221326 0.0267294 0.02697049 0.07250726 0.027837351 0.041470468 0.044951715 0.035783235 0.030255882 0.031190526 0.03504911 0.084790334 0.053518917 0.07499363 0.033219676 0.036105193 0.05997665 0.052080233 0.032088425 0.026838662 0.034103423 0.054693975 0.04376678 0.03848634 0.029711192 0.025906516 0.051782735 0.051193774 0.0302151 0.058160283 0.023435695 0.02081818 0.021849975 0.033642974 0.047450535 0.07487534 0.042983975 0.032178216 0.029473126 0.028376695 0.030527987 0.036824856 0.043368448 0.030963127 0.07381484 0.051504143 0.06993614 0.047383778 0.03570178 0.03396896 0.04648218 0.021865914 0.02591972 0.07685657 0.0363399 0.04405551 0.067787446 0.019829895 0.035507042 0.044213604 0.026836164 0.043609645,0.039546676 0.032276798 0.0320798 0.05253458 0.036512595 0.03777866 0.024857951 0.03713093 0.0357852 0.027878331 0.06028638 0.0472208 0.0440715 0.03658544 0.04669368 0.04334385 0.061170153 0.031969823 0.032526717 0.031143013 0.04705261 0.05515314 0.048859876 0.067279525 0.055700682 0.029297091 0.051098883 0.039368138 0.033038568 0.035490967 0.022710552 0.043303248 0.028353302 0.062631465 0.0338643 0.03859524 0.033216313 0.053908203 0.045846894 0.029756984 0.055487882 0.050361272 0.043081164 0.047557734 0.03673231 0.03140226 0.053357396 0.035646204 0.036800805 0.037311796 0.057726935 0.03018975 0.042012107 0.031279337 0.06548521 0.03368684 0.07582083 0.028746285 0.039707556 0.041419473 0.043641597 0.04835103 0.02537488 0.07911462 0.026811168 0.04562196 0.056889694 0.095275715 0.05405059 0.053070094 0.06292576 0.027439525 0.032212727 0.031036418 0.0518848 0.041656043 0.04113272 0.02172462 0.05738609 0.039928395 0.036382318 0.03406688 0.04941851 0.038792353 0.033153966 0.03791251 0.05784036 0.02879782 0.030590842 0.03332236 0.044982504 0.04212129 0.03388076 0.044652592 0.044790573 0.028253635 0.036463197 0.033556715 0.019051759 0.02869726 0.11150189 0.023554616 0.022209827 0.05033387 0.02965238 0.036559634 0.024286872 0.06006677 0.07754905 0.033509575 0.03686482 0.030768054 0.03990612 0.03809224 0.049160216 0.06793217 0.026696583 0.029390197 0.03507961 0.038959343 0.04048056 0.09991826 0.02646955 0.04923573 0.028053276 0.045586765 0.025083283 0.019790934 0.03842854 0.034292486 0.04697156 0.036480565 0.04101283 0.025139155 0.046012655 0.0555914 0.030048562 0.040566646 0.050673284 0.08953551 0.07472685 0.050610587 0.027178427 0.046052467 0.046773918 0.03683302 0.026836392 0.046837628 0.032289743 0.03522857 0.030617531 0.07352145 0.041370466 0.035694826 0.051158283 0.051192995 0.03237773 0.056096308 0.04085758 0.046073705 0.06060426 0.044806946 0.025368286 0.03879723 0.04072381 0.027654737 0.036044717 0.04180894 0.04191832 0.043162208 0.03106903 0.026796652 0.045127284 0.06796331 0.08429669 0.03379092 0.05333373 0.04290688 0.03825519 0.025629286 0.032462038 0.026041292 0.038646244 0.042150307 0.02571767 0.0242498 0.06531988 0.027530944 0.06346909 0.023751415 0.05158372 0.07796661 0.06935541 0.0487619 0.02611594 0.08087085 0.05064389 0.065472394 0.04109592 0.024518492 0.038382094 0.054657426 0.04110292 0.030618493 0.02914268 0.07233419 0.06440024 0.05537962 0.052859027 0.041842412 0.029944481 0.015945107 0.03873951 0.040099453 0.053804636 0.03339005 0.085066125 0.065249726 0.029043369 0.033779375 0.053559005 0.032439742 0.06534541 0.035959505 0.04536599 0.032516908 0.024255719 0.028423581 0.037018023 0.09666969 0.03758828 0.028098168 0.03934967 0.050748073 0.02625143 0.024369158 0.037363227 0.04576621 0.032116137 0.066419065 0.03491205 0.06918796 0.050328966 0.03564486 0.050435014 0.030658968 0.050581142 0.051172037 0.03725295 0.028561214 0.02744099 0.05521785 0.03633962 0.047264915 0.030755011 0.08001922 0.028756537 0.027823033 0.045901958 0.08561542 0.050180037 0.020052832 0.03203609 0.030318798 0.046473138 0.041381825 0.023692511 0.03206709 0.03758713 0.021148115 0.034824066 0.04523325 0.04498102 0.0689734 0.071359105 0.076661274 0.031073347 0.07001999 0.028229397 0.06608344 0.025196893 0.055329192 0.05263946 0.054941192 0.03441077 0.036282275 0.065391816 0.040286716 0.04490095 0.0607651 0.027555825 0.027962461 0.034761403 0.07001072 0.041735794 0.03493657 0.024190705 0.048958357 0.034378868 0.07511966 0.0344949 0.01828138 0.055735104 0.0391167 0.038814012 0.034649443 0.029124023 0.019780286 0.030525737 0.05227425 0.029816324 0.039251596 0.0257221 0.02658608 0.042250816 0.03166795 0.040152136 0.05389096 0.03950531 0.05462693 0.03530292 0.054902527 0.03270269 0.04845498 0.03503318 0.04024024 0.028238663 0.06354604 0.0712657 0.0214422 0.041603703 0.0392543 0.046460643 0.022433229 0.048560306 0.04562779 0.03079809 0.058009177 0.0838909 0.084324345 0.073963165 0.026273794 0.04097488 0.042192142 0.04973202 0.035598386 0.030212188 0.051961888 0.05482051 0.078218676 0.055630498 0.028553868 0.0305047 0.03209151 0.02502409 0.06574682 0.03048195 0.04810739 0.025763275 0.031674225 0.07204802 0.043198697 0.024378935 0.034977097 0.04168655 0.035104137 0.031057278 0.060208436 0.029419461 0.03058188 0.04681118 0.122677885 0.022766944 0.03518016 0.014833571 0.022170888 0.0625225 0.034083825 0.115314275 0.017610993 0.051469386 0.032875534 0.045112602 0.04595378 0.030552287 0.058775112 0.03013913 0.03532852 0.05245684 0.052550476 0.038252737 0.026976319 0.04518323 0.015834546 0.044486925 0.040622752 0.07093501 0.044126976 0.01888384 0.03343902 0.032307126 0.025617195 0.036629852 0.029188212 0.038873844 0.061378885 0.048300616 0.058230467 0.025980808 0.033374157 0.036459774 0.029268691 0.03841122 0.038819782 0.06189991 0.0763177 0.048546314 0.03756497 0.028019415 0.0363306 0.025698876 0.028570736 0.04831952 0.058286965 0.031087536 0.030968782 0.0423989 0.045654073 0.05086287 0.03524264 0.048271406 0.029809024 0.0384843 0.034780223 0.056949135 0.03641367 0.040606655 0.037969302 0.05598839 0.044676803 0.019702632 0.040721312 0.025736568 0.029079532 0.03265447 0.034715775 0.0225318 0.023282567 0.051512215 0.030994173 0.04220811 0.026726136 0.0269672 0.07249842 0.027833953 0.04146541 0.04494623 0.035778865 0.030252188 0.03118672 0.035044834 0.084779985 0.053512383 0.074984476 0.03321562 0.036100786 0.05996933 0.052073877 0.03208451 0.026835386 0.034099262 0.0546873 0.04376144 0.03848164 0.029707568 0.025903353 0.051776413 0.051187526 0.030211413 0.058153182 0.023432836 0.020815639 0.02184731 0.03363887 0.047444742 0.0748662 0.04297873 0.03217429 0.02946953 0.028373232 0.030524261 0.03682036 0.043363154 0.03095935 0.07380583 0.051497854 0.06992761 0.047377992 0.035697427 0.033964813 0.046476506 0.021863246 0.025916556 0.07684719 0.036335465 0.04405013 0.06777917 0.019827474 0.03550271 0.044208206 0.026832888 0.043604326,,
846,3x3x256x512,0.0395515 0.032280736 0.032083716 0.05254099 0.036517054 0.037783273 0.024860986 0.03713546 0.035789568 0.027881734 0.060293738 0.047226563 0.04407688 0.036589902 0.04669938 0.04334914 0.06117762 0.031973727 0.032530684 0.031146813 0.04705835 0.05515987 0.04886584 0.067287736 0.05570748 0.029300667 0.05110512 0.039372943 0.033042602 0.0354953 0.022713324 0.043308534 0.028356763 0.06263911 0.033868432 0.03859995 0.03322037 0.05391478 0.04585249 0.029760616 0.055494655 0.05036742 0.04308642 0.047563538 0.036736794 0.031406093 0.053363908 0.035650555 0.036805294 0.037316352 0.057733983 0.030193437 0.042017236 0.031283155 0.0654932 0.033690948 0.07583009 0.028749792 0.039712403 0.041424528 0.043646924 0.04835693 0.025377978 0.07912428 0.02681444 0.04562753 0.056896638 0.095287345 0.05405719 0.053076573 0.062933445 0.027442874 0.03221666 0.031040207 0.051891133 0.04166113 0.041137736 0.021727271 0.057393093 0.039933268 0.036386758 0.034071036 0.04942454 0.038797088 0.033158015 0.037917137 0.057847418 0.028801335 0.030594574 0.03332643 0.044987995 0.042126432 0.033884894 0.044658042 0.04479604 0.028257085 0.036467645 0.033560812 0.019054085 0.028700763 0.11151549 0.023557492 0.022212539 0.05034001 0.029655999 0.036564097 0.024289837 0.060074102 0.07755852 0.033513665 0.03686932 0.030771809 0.039910994 0.03809689 0.049166214 0.067940466 0.026699843 0.029393785 0.035083894 0.0389641 0.040485505 0.09993046 0.02647278 0.04924174 0.028056702 0.045592327 0.025086343 0.01979335 0.03843323 0.03429667 0.046977293 0.036485016 0.041017834 0.025142225 0.04601827 0.05559819 0.03005223 0.040571596 0.05067947 0.08954644 0.07473597 0.050616764 0.027181745 0.04605809 0.046779625 0.03683752 0.026839666 0.046843342 0.032293685 0.035232868 0.03062127 0.07353043 0.041375518 0.03569918 0.051164526 0.051199246 0.032381684 0.056103155 0.040862564 0.046079326 0.060611654 0.044812415 0.025371384 0.038801964 0.040728785 0.027658112 0.036049116 0.041814044 0.041923437 0.043167476 0.031072821 0.026799923 0.04513279 0.06797161 0.08430698 0.033795044 0.05334024 0.042912118 0.03825986 0.025632415 0.032465998 0.026044471 0.03865096 0.042155452 0.025720809 0.02425276 0.06532785 0.027534304 0.06347684 0.023754315 0.051590014 0.07797612 0.06936388 0.04876785 0.02611913 0.080880724 0.050650075 0.06548038 0.041100938 0.024521483 0.038386777 0.054664098 0.041107934 0.03062223 0.029146235 0.07234302 0.0644081 0.055386383 0.05286548 0.04184752 0.029948136 0.015947053 0.03874424 0.04010435 0.053811204 0.033394124 0.0850765 0.06525769 0.029046914 0.033783495 0.053565543 0.032443702 0.065353386 0.035963893 0.04537153 0.03252088 0.02425868 0.02842705 0.037022542 0.09668148 0.037592866 0.028101597 0.039354477 0.050754264 0.026254633 0.024372132 0.037367787 0.045771796 0.03212006 0.06642717 0.03491631 0.06919641 0.05033511 0.03564921 0.050441172 0.03066271 0.050587315 0.05117828 0.037257496 0.028564699 0.027444338 0.05522459 0.03634405 0.04727068 0.030758766 0.08002899 0.028760048 0.027826428 0.04590756 0.085625865 0.05018616 0.02005528 0.032039996 0.030322498 0.046478808 0.041386876 0.023695402 0.032071 0.037591714 0.021150697 0.034828316 0.04523877 0.044986513 0.06898182 0.071367815 0.07667063 0.03107714 0.070028536 0.028232843 0.0660915 0.025199968 0.055335946 0.05264588 0.054947898 0.034414973 0.036286704 0.065399796 0.040291633 0.04490643 0.060772516 0.027559187 0.027965875 0.034765646 0.07001927 0.04174089 0.03494083 0.024193658 0.048964333 0.034383066 0.07512882 0.03449911 0.018283611 0.055741906 0.03912147 0.038818747 0.034653675 0.02912758 0.0197827 0.030529464 0.052280627 0.029819963 0.039256386 0.025725238 0.026589325 0.042255975 0.031671815 0.040157035 0.053897534 0.039510135 0.0546336 0.035307225 0.05490923 0.032706685 0.048460893 0.035037458 0.040245153 0.028242111 0.063553795 0.0712744 0.021444816 0.04160878 0.03925909 0.046466313 0.022435967 0.048566233 0.04563336 0.03080185 0.058016255 0.083901145 0.08433464 0.07397219 0.026277 0.04097988 0.042197295 0.04973809 0.035602733 0.030215874 0.05196823 0.054827202 0.07822823 0.055637285 0.028557353 0.030508423 0.03209543 0.025027145 0.065754846 0.030485671 0.04811326 0.02576642 0.03167809 0.07205682 0.043203972 0.02438191 0.034981366 0.04169164 0.03510842 0.031061068 0.060215782 0.029423052 0.030585613 0.04681689 0.12269285 0.022769723 0.03518445 0.014835382 0.022173595 0.06253013 0.034087982 0.11532835 0.017613143 0.05147567 0.032879546 0.04511811 0.045959387 0.030556016 0.058782283 0.030142808 0.03533283 0.05246324 0.05255689 0.03825741 0.02697961 0.045188747 0.015836477 0.044492353 0.04062771 0.07094367 0.044132363 0.018886145 0.0334431 0.032311067 0.02562032 0.036634322 0.029191773 0.038878586 0.061386377 0.04830651 0.058237575 0.02598398 0.033378232 0.03646422 0.029272264 0.038415905 0.03882452 0.061907467 0.07632701 0.048552237 0.037569556 0.028022835 0.036335036 0.025702013 0.028574223 0.048325416 0.058294076 0.03109133 0.030972563 0.042404074 0.045659646 0.05086908 0.03524694 0.048277296 0.029812664 0.038489 0.034784466 0.056956086 0.036418114 0.040611614 0.037973937 0.055995226 0.044682257 0.019705037 0.04072628 0.02573971 0.02908308 0.032658458 0.034720015 0.022534551 0.023285408 0.0515185 0.030997956 0.04221326 0.0267294 0.02697049 0.07250726 0.027837351 0.041470468 0.044951715 0.035783235 0.030255882 0.031190526 0.03504911 0.084790334 0.053518917 0.07499363 0.033219676 0.036105193 0.05997665 0.052080233 0.032088425 0.026838662 0.034103423 0.054693975 0.04376678 0.03848634 0.029711192 0.025906516 0.051782735 0.051193774 0.0302151 0.058160283 0.023435695 0.02081818 0.021849975 0.033642974 0.047450535 0.07487534 0.042983975 0.032178216 0.029473126 0.028376695 0.030527987 0.036824856 0.043368448 0.030963127 0.07381484 0.051504143 0.06993614 0.047383778 0.03570178 0.03396896 0.04648218 0.021865914 0.02591972 0.07685657 0.0363399 0.04405551 0.067787446 0.019829895 0.035507042 0.044213604 0.026836164 0.043609645,0.039546676 0.032276798 0.0320798 0.05253458 0.036512595 0.03777866 0.024857951 0.03713093 0.0357852 0.027878331 0.06028638 0.0472208 0.0440715 0.03658544 0.04669368 0.04334385 0.061170153 0.031969823 0.032526717 0.031143013 0.04705261 0.05515314 0.048859876 0.067279525 0.055700682 0.029297091 0.051098883 0.039368138 0.033038568 0.035490967 0.022710552 0.043303248 0.028353302 0.062631465 0.0338643 0.03859524 0.033216313 0.053908203 0.045846894 0.029756984 0.055487882 0.050361272 0.043081164 0.047557734 0.03673231 0.03140226 0.053357396 0.035646204 0.036800805 0.037311796 0.057726935 0.03018975 0.042012107 0.031279337 0.06548521 0.03368684 0.07582083 0.028746285 0.039707556 0.041419473 0.043641597 0.04835103 0.02537488 0.07911462 0.026811168 0.04562196 0.056889694 0.095275715 0.05405059 0.053070094 0.06292576 0.027439525 0.032212727 0.031036418 0.0518848 0.041656043 0.04113272 0.02172462 0.05738609 0.039928395 0.036382318 0.03406688 0.04941851 0.038792353 0.033153966 0.03791251 0.05784036 0.02879782 0.030590842 0.03332236 0.044982504 0.04212129 0.03388076 0.044652592 0.044790573 0.028253635 0.036463197 0.033556715 0.019051759 0.02869726 0.11150189 0.023554616 0.022209827 0.05033387 0.02965238 0.036559634 0.024286872 0.06006677 0.07754905 0.033509575 0.03686482 0.030768054 0.03990612 0.03809224 0.049160216 0.06793217 0.026696583 0.029390197 0.03507961 0.038959343 0.04048056 0.09991826 0.02646955 0.04923573 0.028053276 0.045586765 0.025083283 0.019790934 0.03842854 0.034292486 0.04697156 0.036480565 0.04101283 0.025139155 0.046012655 0.0555914 0.030048562 0.040566646 0.050673284 0.08953551 0.07472685 0.050610587 0.027178427 0.046052467 0.046773918 0.03683302 0.026836392 0.046837628 0.032289743 0.03522857 0.030617531 0.07352145 0.041370466 0.035694826 0.051158283 0.051192995 0.03237773 0.056096308 0.04085758 0.046073705 0.06060426 0.044806946 0.025368286 0.03879723 0.04072381 0.027654737 0.036044717 0.04180894 0.04191832 0.043162208 0.03106903 0.026796652 0.045127284 0.06796331 0.08429669 0.03379092 0.05333373 0.04290688 0.03825519 0.025629286 0.032462038 0.026041292 0.038646244 0.042150307 0.02571767 0.0242498 0.06531988 0.027530944 0.06346909 0.023751415 0.05158372 0.07796661 0.06935541 0.0487619 0.02611594 0.08087085 0.05064389 0.065472394 0.04109592 0.024518492 0.038382094 0.054657426 0.04110292 0.030618493 0.02914268 0.07233419 0.06440024 0.05537962 0.052859027 0.041842412 0.029944481 0.015945107 0.03873951 0.040099453 0.053804636 0.03339005 0.085066125 0.065249726 0.029043369 0.033779375 0.053559005 0.032439742 0.06534541 0.035959505 0.04536599 0.032516908 0.024255719 0.028423581 0.037018023 0.09666969 0.03758828 0.028098168 0.03934967 0.050748073 0.02625143 0.024369158 0.037363227 0.04576621 0.032116137 0.066419065 0.03491205 0.06918796 0.050328966 0.03564486 0.050435014 0.030658968 0.050581142 0.051172037 0.03725295 0.028561214 0.02744099 0.05521785 0.03633962 0.047264915 0.030755011 0.08001922 0.028756537 0.027823033 0.045901958 0.08561542 0.050180037 0.020052832 0.03203609 0.030318798 0.046473138 0.041381825 0.023692511 0.03206709 0.03758713 0.021148115 0.034824066 0.04523325 0.04498102 0.0689734 0.071359105 0.076661274 0.031073347 0.07001999 0.028229397 0.06608344 0.025196893 0.055329192 0.05263946 0.054941192 0.03441077 0.036282275 0.065391816 0.040286716 0.04490095 0.0607651 0.027555825 0.027962461 0.034761403 0.07001072 0.041735794 0.03493657 0.024190705 0.048958357 0.034378868 0.07511966 0.0344949 0.01828138 0.055735104 0.0391167 0.038814012 0.034649443 0.029124023 0.019780286 0.030525737 0.05227425 0.029816324 0.039251596 0.0257221 0.02658608 0.042250816 0.03166795 0.040152136 0.05389096 0.03950531 0.05462693 0.03530292 0.054902527 0.03270269 0.04845498 0.03503318 0.04024024 0.028238663 0.06354604 0.0712657 0.0214422 0.041603703 0.0392543 0.046460643 0.022433229 0.048560306 0.04562779 0.03079809 0.058009177 0.0838909 0.084324345 0.073963165 0.026273794 0.04097488 0.042192142 0.04973202 0.035598386 0.030212188 0.051961888 0.05482051 0.078218676 0.055630498 0.028553868 0.0305047 0.03209151 0.02502409 0.06574682 0.03048195 0.04810739 0.025763275 0.031674225 0.07204802 0.043198697 0.024378935 0.034977097 0.04168655 0.035104137 0.031057278 0.060208436 0.029419461 0.03058188 0.04681118 0.122677885 0.022766944 0.03518016 0.014833571 0.022170888 0.0625225 0.034083825 0.115314275 0.017610993 0.051469386 0.032875534 0.045112602 0.04595378 0.030552287 0.058775112 0.03013913 0.03532852 0.05245684 0.052550476 0.038252737 0.026976319 0.04518323 0.015834546 0.044486925 0.040622752 0.07093501 0.044126976 0.01888384 0.03343902 0.032307126 0.025617195 0.036629852 0.029188212 0.038873844 0.061378885 0.048300616 0.058230467 0.025980808 0.033374157 0.036459774 0.029268691 0.03841122 0.038819782 0.06189991 0.0763177 0.048546314 0.03756497 0.028019415 0.0363306 0.025698876 0.028570736 0.04831952 0.058286965 0.031087536 0.030968782 0.0423989 0.045654073 0.05086287 0.03524264 0.048271406 0.029809024 0.0384843 0.034780223 0.056949135 0.03641367 0.040606655 0.037969302 0.05598839 0.044676803 0.019702632 0.040721312 0.025736568 0.029079532 0.03265447 0.034715775 0.0225318 0.023282567 0.051512215 0.030994173 0.04220811 0.026726136 0.0269672 0.07249842 0.027833953 0.04146541 0.04494623 0.035778865 0.030252188 0.03118672 0.035044834 0.084779985 0.053512383 0.074984476 0.03321562 0.036100786 0.05996933 0.052073877 0.03208451 0.026835386 0.034099262 0.0546873 0.04376144 0.03848164 0.029707568 0.025903353 0.051776413 0.051187526 0.030211413 0.058153182 0.023432836 0.020815639 0.02184731 0.03363887 0.047444742 0.0748662 0.04297873 0.03217429 0.02946953 0.028373232 0.030524261 0.03682036 0.043363154 0.03095935 0.07380583 0.051497854 0.06992761 0.047377992 0.035697427 0.033964813 0.046476506 0.021863246 0.025916556 0.07684719 0.036335465 0.04405013 0.06777917 0.019827474 0.03550271 0.044208206 0.026832888 0.043604326,,
850,3x3x256x512,0.0395515 0.032280736 0.032083716 0.05254099 0.036517054 0.037783273 0.024860986 0.03713546 0.035789568 0.027881734 0.060293738 0.047226563 0.04407688 0.036589902 0.04669938 0.04334914 0.06117762 0.031973727 0.032530684 0.031146813 0.04705835 0.05515987 0.04886584 0.067287736 0.05570748 0.029300667 0.05110512 0.039372943 0.033042602 0.0354953 0.022713324 0.043308534 0.028356763 0.06263911 0.033868432 0.03859995 0.03322037 0.05391478 0.04585249 0.029760616 0.055494655 0.05036742 0.04308642 0.047563538 0.036736794 0.031406093 0.053363908 0.035650555 0.036805294 0.037316352 0.057733983 0.030193437 0.042017236 0.031283155 0.0654932 0.033690948 0.07583009 0.028749792 0.039712403 0.041424528 0.043646924 0.04835693 0.025377978 0.07912428 0.02681444 0.04562753 0.056896638 0.095287345 0.05405719 0.053076573 0.062933445 0.027442874 0.03221666 0.031040207 0.051891133 0.04166113 0.041137736 0.021727271 0.057393093 0.039933268 0.036386758 0.034071036 0.04942454 0.038797088 0.033158015 0.037917137 0.057847418 0.028801335 0.030594574 0.03332643 0.044987995 0.042126432 0.033884894 0.044658042 0.04479604 0.028257085 0.036467645 0.033560812 0.019054085 0.028700763 0.11151549 0.023557492 0.022212539 0.05034001 0.029655999 0.036564097 0.024289837 0.060074102 0.07755852 0.033513665 0.03686932 0.030771809 0.039910994 0.03809689 0.049166214 0.067940466 0.026699843 0.029393785 0.035083894 0.0389641 0.040485505 0.09993046 0.02647278 0.04924174 0.028056702 0.045592327 0.025086343 0.01979335 0.03843323 0.03429667 0.046977293 0.036485016 0.041017834 0.025142225 0.04601827 0.05559819 0.03005223 0.040571596 0.05067947 0.08954644 0.07473597 0.050616764 0.027181745 0.04605809 0.046779625 0.03683752 0.026839666 0.046843342 0.032293685 0.035232868 0.03062127 0.07353043 0.041375518 0.03569918 0.051164526 0.051199246 0.032381684 0.056103155 0.040862564 0.046079326 0.060611654 0.044812415 0.025371384 0.038801964 0.040728785 0.027658112 0.036049116 0.041814044 0.041923437 0.043167476 0.031072821 0.026799923 0.04513279 0.06797161 0.08430698 0.033795044 0.05334024 0.042912118 0.03825986 0.025632415 0.032465998 0.026044471 0.03865096 0.042155452 0.025720809 0.02425276 0.06532785 0.027534304 0.06347684 0.023754315 0.051590014 0.07797612 0.06936388 0.04876785 0.02611913 0.080880724 0.050650075 0.06548038 0.041100938 0.024521483 0.038386777 0.054664098 0.041107934 0.03062223 0.029146235 0.07234302 0.0644081 0.055386383 0.05286548 0.04184752 0.029948136 0.015947053 0.03874424 0.04010435 0.053811204 0.033394124 0.0850765 0.06525769 0.029046914 0.033783495 0.053565543 0.032443702 0.065353386 0.035963893 0.04537153 0.03252088 0.02425868 0.02842705 0.037022542 0.09668148 0.037592866 0.028101597 0.039354477 0.050754264 0.026254633 0.024372132 0.037367787 0.045771796 0.03212006 0.06642717 0.03491631 0.06919641 0.05033511 0.03564921 0.050441172 0.03066271 0.050587315 0.05117828 0.037257496 0.028564699 0.027444338 0.05522459 0.03634405 0.04727068 0.030758766 0.08002899 0.028760048 0.027826428 0.04590756 0.085625865 0.05018616 0.02005528 0.032039996 0.030322498 0.046478808 0.041386876 0.023695402 0.032071 0.037591714 0.021150697 0.034828316 0.04523877 0.044986513 0.06898182 0.071367815 0.07667063 0.03107714 0.070028536 0.028232843 0.0660915 0.025199968 0.055335946 0.05264588 0.054947898 0.034414973 0.036286704 0.065399796 0.040291633 0.04490643 0.060772516 0.027559187 0.027965875 0.034765646 0.07001927 0.04174089 0.03494083 0.024193658 0.048964333 0.034383066 0.07512882 0.03449911 0.018283611 0.055741906 0.03912147 0.038818747 0.034653675 0.02912758 0.0197827 0.030529464 0.052280627 0.029819963 0.039256386 0.025725238 0.026589325 0.042255975 0.031671815 0.040157035 0.053897534 0.039510135 0.0546336 0.035307225 0.05490923 0.032706685 0.048460893 0.035037458 0.040245153 0.028242111 0.063553795 0.0712744 0.021444816 0.04160878 0.03925909 0.046466313 0.022435967 0.048566233 0.04563336 0.03080185 0.058016255 0.083901145 0.08433464 0.07397219 0.026277 0.04097988 0.042197295 0.04973809 0.035602733 0.030215874 0.05196823 0.054827202 0.07822823 0.055637285 0.028557353 0.030508423 0.03209543 0.025027145 0.065754846 0.030485671 0.04811326 0.02576642 0.03167809 0.07205682 0.043203972 0.02438191 0.034981366 0.04169164 0.03510842 0.031061068 0.060215782 0.029423052 0.030585613 0.04681689 0.12269285 0.022769723 0.03518445 0.014835382 0.022173595 0.06253013 0.034087982 0.11532835 0.017613143 0.05147567 0.032879546 0.04511811 0.045959387 0.030556016 0.058782283 0.030142808 0.03533283 0.05246324 0.05255689 0.03825741 0.02697961 0.045188747 0.015836477 0.044492353 0.04062771 0.07094367 0.044132363 0.018886145 0.0334431 0.032311067 0.02562032 0.036634322 0.029191773 0.038878586 0.061386377 0.04830651 0.058237575 0.02598398 0.033378232 0.03646422 0.029272264 0.038415905 0.03882452 0.061907467 0.07632701 0.048552237 0.037569556 0.028022835 0.036335036 0.025702013 0.028574223 0.048325416 0.058294076 0.03109133 0.030972563 0.042404074 0.045659646 0.05086908 0.03524694 0.048277296 0.029812664 0.038489 0.034784466 0.056956086 0.036418114 0.040611614 0.037973937 0.055995226 0.044682257 0.019705037 0.04072628 0.02573971 0.02908308 0.032658458 0.034720015 0.022534551 0.023285408 0.0515185 0.030997956 0.04221326 0.0267294 0.02697049 0.07250726 0.027837351 0.041470468 0.044951715 0.035783235 0.030255882 0.031190526 0.03504911 0.084790334 0.053518917 0.07499363 0.033219676 0.036105193 0.05997665 0.052080233 0.032088425 0.026838662 0.034103423 0.054693975 0.04376678 0.03848634 0.029711192 0.025906516 0.051782735 0.051193774 0.0302151 0.058160283 0.023435695 0.02081818 0.021849975 0.033642974 0.047450535 0.07487534 0.042983975 0.032178216 0.029473126 0.028376695 0.030527987 0.036824856 0.043368448 0.030963127 0.07381484 0.051504143 0.06993614 0.047383778 0.03570178 0.03396896 0.04648218 0.021865914 0.02591972 0.07685657 0.0363399 0.04405551 0.067787446 0.019829895 0.035507042 0.044213604 0.026836164 0.043609645,0.039546676 0.032276798 0.0320798 0.05253458 0.036512595 0.03777866 0.024857951 0.03713093 0.0357852 0.027878331 0.06028638 0.0472208 0.0440715 0.03658544 0.04669368 0.04334385 0.061170153 0.031969823 0.032526717 0.031143013 0.04705261 0.05515314 0.048859876 0.067279525 0.055700682 0.029297091 0.051098883 0.039368138 0.033038568 0.035490967 0.022710552 0.043303248 0.028353302 0.062631465 0.0338643 0.03859524 0.033216313 0.053908203 0.045846894 0.029756984 0.055487882 0.050361272 0.043081164 0.047557734 0.03673231 0.03140226 0.053357396 0.035646204 0.036800805 0.037311796 0.057726935 0.03018975 0.042012107 0.031279337 0.06548521 0.03368684 0.07582083 0.028746285 0.039707556 0.041419473 0.043641597 0.04835103 0.02537488 0.07911462 0.026811168 0.04562196 0.056889694 0.095275715 0.05405059 0.053070094 0.06292576 0.027439525 0.032212727 0.031036418 0.0518848 0.041656043 0.04113272 0.02172462 0.05738609 0.039928395 0.036382318 0.03406688 0.04941851 0.038792353 0.033153966 0.03791251 0.05784036 0.02879782 0.030590842 0.03332236 0.044982504 0.04212129 0.03388076 0.044652592 0.044790573 0.028253635 0.036463197 0.033556715 0.019051759 0.02869726 0.11150189 0.023554616 0.022209827 0.05033387 0.02965238 0.036559634 0.024286872 0.06006677 0.07754905 0.033509575 0.03686482 0.030768054 0.03990612 0.03809224 0.049160216 0.06793217 0.026696583 0.029390197 0.03507961 0.038959343 0.04048056 0.09991826 0.02646955 0.04923573 0.028053276 0.045586765 0.025083283 0.019790934 0.03842854 0.034292486 0.04697156 0.036480565 0.04101283 0.025139155 0.046012655 0.0555914 0.030048562 0.040566646 0.050673284 0.08953551 0.07472685 0.050610587 0.027178427 0.046052467 0.046773918 0.03683302 0.026836392 0.046837628 0.032289743 0.03522857 0.030617531 0.07352145 0.041370466 0.035694826 0.051158283 0.051192995 0.03237773 0.056096308 0.04085758 0.046073705 0.06060426 0.044806946 0.025368286 0.03879723 0.04072381 0.027654737 0.036044717 0.04180894 0.04191832 0.043162208 0.03106903 0.026796652 0.045127284 0.06796331 0.08429669 0.03379092 0.05333373 0.04290688 0.03825519 0.025629286 0.032462038 0.026041292 0.038646244 0.042150307 0.02571767 0.0242498 0.06531988 0.027530944 0.06346909 0.023751415 0.05158372 0.07796661 0.06935541 0.0487619 0.02611594 0.08087085 0.05064389 0.065472394 0.04109592 0.024518492 0.038382094 0.054657426 0.04110292 0.030618493 0.02914268 0.07233419 0.06440024 0.05537962 0.052859027 0.041842412 0.029944481 0.015945107 0.03873951 0.040099453 0.053804636 0.03339005 0.085066125 0.065249726 0.029043369 0.033779375 0.053559005 0.032439742 0.06534541 0.035959505 0.04536599 0.032516908 0.024255719 0.028423581 0.037018023 0.09666969 0.03758828 0.028098168 0.03934967 0.050748073 0.02625143 0.024369158 0.037363227 0.04576621 0.032116137 0.066419065 0.03491205 0.06918796 0.050328966 0.03564486 0.050435014 0.030658968 0.050581142 0.051172037 0.03725295 0.028561214 0.02744099 0.05521785 0.03633962 0.047264915 0.030755011 0.08001922 0.028756537 0.027823033 0.045901958 0.08561542 0.050180037 0.020052832 0.03203609 0.030318798 0.046473138 0.041381825 0.023692511 0.03206709 0.03758713 0.021148115 0.034824066 0.04523325 0.04498102 0.0689734 0.071359105 0.076661274 0.031073347 0.07001999 0.028229397 0.06608344 0.025196893 0.055329192 0.05263946 0.054941192 0.03441077 0.036282275 0.065391816 0.040286716 0.04490095 0.0607651 0.027555825 0.027962461 0.034761403 0.07001072 0.041735794 0.03493657 0.024190705 0.048958357 0.034378868 0.07511966 0.0344949 0.01828138 0.055735104 0.0391167 0.038814012 0.034649443 0.029124023 0.019780286 0.030525737 0.05227425 0.029816324 0.039251596 0.0257221 0.02658608 0.042250816 0.03166795 0.040152136 0.05389096 0.03950531 0.05462693 0.03530292 0.054902527 0.03270269 0.04845498 0.03503318 0.04024024 0.028238663 0.06354604 0.0712657 0.0214422 0.041603703 0.0392543 0.046460643 0.022433229 0.048560306 0.04562779 0.03079809 0.058009177 0.0838909 0.084324345 0.073963165 0.026273794 0.04097488 0.042192142 0.04973202 0.035598386 0.030212188 0.051961888 0.05482051 0.078218676 0.055630498 0.028553868 0.0305047 0.03209151 0.02502409 0.06574682 0.03048195 0.04810739 0.025763275 0.031674225 0.07204802 0.043198697 0.024378935 0.034977097 0.04168655 0.035104137 0.031057278 0.060208436 0.029419461 0.03058188 0.04681118 0.122677885 0.022766944 0.03518016 0.014833571 0.022170888 0.0625225 0.034083825 0.115314275 0.017610993 0.051469386 0.032875534 0.045112602 0.04595378 0.030552287 0.058775112 0.03013913 0.03532852 0.05245684 0.052550476 0.038252737 0.026976319 0.04518323 0.015834546 0.044486925 0.040622752 0.07093501 0.044126976 0.01888384 0.03343902 0.032307126 0.025617195 0.036629852 0.029188212 0.038873844 0.061378885 0.048300616 0.058230467 0.025980808 0.033374157 0.036459774 0.029268691 0.03841122 0.038819782 0.06189991 0.0763177 0.048546314 0.03756497 0.028019415 0.0363306 0.025698876 0.028570736 0.04831952 0.058286965 0.031087536 0.030968782 0.0423989 0.045654073 0.05086287 0.03524264 0.048271406 0.029809024 0.0384843 0.034780223 0.056949135 0.03641367 0.040606655 0.037969302 0.05598839 0.044676803 0.019702632 0.040721312 0.025736568 0.029079532 0.03265447 0.034715775 0.0225318 0.023282567 0.051512215 0.030994173 0.04220811 0.026726136 0.0269672 0.07249842 0.027833953 0.04146541 0.04494623 0.035778865 0.030252188 0.03118672 0.035044834 0.084779985 0.053512383 0.074984476 0.03321562 0.036100786 0.05996933 0.052073877 0.03208451 0.026835386 0.034099262 0.0546873 0.04376144 0.03848164 0.029707568 0.025903353 0.051776413 0.051187526 0.030211413 0.058153182 0.023432836 0.020815639 0.02184731 0.03363887 0.047444742 0.0748662 0.04297873 0.03217429 0.02946953 0.028373232 0.030524261 0.03682036 0.043363154 0.03095935 0.07380583 0.051497854 0.06992761 0.047377992 0.035697427 0.033964813 0.046476506 0.021863246 0.025916556 0.07684719 0.036335465 0.04405013 0.06777917 0.019827474 0.03550271 0.044208206 0.026832888 0.043604326,,
854,3x3x256x512,0.0395515 0.032280736 0.032083716 0.05254099 0.036517054 0.037783273 0.024860986 0.03713546 0.035789568 0.027881734 0.060293738 0.047226563 0.04407688 0.036589902 0.04669938 0.04334914 0.06117762 0.031973727 0.032530684 0.031146813 0.04705835 0.05515987 0.04886584 0.067287736 0.05570748 0.029300667 0.05110512 0.039372943 0.033042602 0.0354953 0.022713324 0.043308534 0.028356763 0.06263911 0.033868432 0.03859995 0.03322037 0.05391478 0.04585249 0.029760616 0.055494655 0.05036742 0.04308642 0.047563538 0.036736794 0.031406093 0.053363908 0.035650555 0.036805294 0.037316352 0.057733983 0.030193437 0.042017236 0.031283155 0.0654932 0.033690948 0.07583009 0.028749792 0.039712403 0.041424528 0.043646924 0.04835693 0.025377978 0.07912428 0.02681444 0.04562753 0.056896638 0.095287345 0.05405719 0.053076573 0.062933445 0.027442874 0.03221666 0.031040207 0.051891133 0.04166113 0.041137736 0.021727271 0.057393093 0.039933268 0.036386758 0.034071036 0.04942454 0.038797088 0.033158015 0.037917137 0.057847418 0.028801335 0.030594574 0.03332643 0.044987995 0.042126432 0.033884894 0.044658042 0.04479604 0.028257085 0.036467645 0.033560812 0.019054085 0.028700763 0.11151549 0.023557492 0.022212539 0.05034001 0.029655999 0.036564097 0.024289837 0.060074102 0.07755852 0.033513665 0.03686932 0.030771809 0.039910994 0.03809689 0.049166214 0.067940466 0.026699843 0.029393785 0.035083894 0.0389641 0.040485505 0.09993046 0.02647278 0.04924174 0.028056702 0.045592327 0.025086343 0.01979335 0.03843323 0.03429667 0.046977293 0.036485016 0.041017834 0.025142225 0.04601827 0.05559819 0.03005223 0.040571596 0.05067947 0.08954644 0.07473597 0.050616764 0.027181745 0.04605809 0.046779625 0.03683752 0.026839666 0.046843342 0.032293685 0.035232868 0.03062127 0.07353043 0.041375518 0.03569918 0.051164526 0.051199246 0.032381684 0.056103155 0.040862564 0.046079326 0.060611654 0.044812415 0.025371384 0.038801964 0.040728785 0.027658112 0.036049116 0.041814044 0.041923437 0.043167476 0.031072821 0.026799923 0.04513279 0.06797161 0.08430698 0.033795044 0.05334024 0.042912118 0.03825986 0.025632415 0.032465998 0.026044471 0.03865096 0.042155452 0.025720809 0.02425276 0.06532785 0.027534304 0.06347684 0.023754315 0.051590014 0.07797612 0.06936388 0.04876785 0.02611913 0.080880724 0.050650075 0.06548038 0.041100938 0.024521483 0.038386777 0.054664098 0.041107934 0.03062223 0.029146235 0.07234302 0.0644081 0.055386383 0.05286548 0.04184752 0.029948136 0.015947053 0.03874424 0.04010435 0.053811204 0.033394124 0.0850765 0.06525769 0.029046914 0.033783495 0.053565543 0.032443702 0.065353386 0.035963893 0.04537153 0.03252088 0.02425868 0.02842705 0.037022542 0.09668148 0.037592866 0.028101597 0.039354477 0.050754264 0.026254633 0.024372132 0.037367787 0.045771796 0.03212006 0.06642717 0.03491631 0.06919641 0.05033511 0.03564921 0.050441172 0.03066271 0.050587315 0.05117828 0.037257496 0.028564699 0.027444338 0.05522459 0.03634405 0.04727068 0.030758766 0.08002899 0.028760048 0.027826428 0.04590756 0.085625865 0.05018616 0.02005528 0.032039996 0.030322498 0.046478808 0.041386876 0.023695402 0.032071 0.037591714 0.021150697 0.034828316 0.04523877 0.044986513 0.06898182 0.071367815 0.07667063 0.03107714 0.070028536 0.028232843 0.0660915 0.025199968 0.055335946 0.05264588 0.054947898 0.034414973 0.036286704 0.065399796 0.040291633 0.04490643 0.060772516 0.027559187 0.027965875 0.034765646 0.07001927 0.04174089 0.03494083 0.024193658 0.048964333 0.034383066 0.07512882 0.03449911 0.018283611 0.055741906 0.03912147 0.038818747 0.034653675 0.02912758 0.0197827 0.030529464 0.052280627 0.029819963 0.039256386 0.025725238 0.026589325 0.042255975 0.031671815 0.040157035 0.053897534 0.039510135 0.0546336 0.035307225 0.05490923 0.032706685 0.048460893 0.035037458 0.040245153 0.028242111 0.063553795 0.0712744 0.021444816 0.04160878 0.03925909 0.046466313 0.022435967 0.048566233 0.04563336 0.03080185 0.058016255 0.083901145 0.08433464 0.07397219 0.026277 0.04097988 0.042197295 0.04973809 0.035602733 0.030215874 0.05196823 0.054827202 0.07822823 0.055637285 0.028557353 0.030508423 0.03209543 0.025027145 0.065754846 0.030485671 0.04811326 0.02576642 0.03167809 0.07205682 0.043203972 0.02438191 0.034981366 0.04169164 0.03510842 0.031061068 0.060215782 0.029423052 0.030585613 0.04681689 0.12269285 0.022769723 0.03518445 0.014835382 0.022173595 0.06253013 0.034087982 0.11532835 0.017613143 0.05147567 0.032879546 0.04511811 0.045959387 0.030556016 0.058782283 0.030142808 0.03533283 0.05246324 0.05255689 0.03825741 0.02697961 0.045188747 0.015836477 0.044492353 0.04062771 0.07094367 0.044132363 0.018886145 0.0334431 0.032311067 0.02562032 0.036634322 0.029191773 0.038878586 0.061386377 0.04830651 0.058237575 0.02598398 0.033378232 0.03646422 0.029272264 0.038415905 0.03882452 0.061907467 0.07632701 0.048552237 0.037569556 0.028022835 0.036335036 0.025702013 0.028574223 0.048325416 0.058294076 0.03109133 0.030972563 0.042404074 0.045659646 0.05086908 0.03524694 0.048277296 0.029812664 0.038489 0.034784466 0.056956086 0.036418114 0.040611614 0.037973937 0.055995226 0.044682257 0.019705037 0.04072628 0.02573971 0.02908308 0.032658458 0.034720015 0.022534551 0.023285408 0.0515185 0.030997956 0.04221326 0.0267294 0.02697049 0.07250726 0.027837351 0.041470468 0.044951715 0.035783235 0.030255882 0.031190526 0.03504911 0.084790334 0.053518917 0.07499363 0.033219676 0.036105193 0.05997665 0.052080233 0.032088425 0.026838662 0.034103423 0.054693975 0.04376678 0.03848634 0.029711192 0.025906516 0.051782735 0.051193774 0.0302151 0.058160283 0.023435695 0.02081818 0.021849975 0.033642974 0.047450535 0.07487534 0.042983975 0.032178216 0.029473126 0.028376695 0.030527987 0.036824856 0.043368448 0.030963127 0.07381484 0.051504143 0.06993614 0.047383778 0.03570178 0.03396896 0.04648218 0.021865914 0.02591972 0.07685657 0.0363399 0.04405551 0.067787446 0.019829895 0.035507042 0.044213604 0.026836164 0.043609645,0.039546676 0.032276798 0.0320798 0.05253458 0.036512595 0.03777866 0.024857951 0.03713093 0.0357852 0.027878331 0.06028638 0.0472208 0.0440715 0.03658544 0.04669368 0.04334385 0.061170153 0.031969823 0.032526717 0.031143013 0.04705261 0.05515314 0.048859876 0.067279525 0.055700682 0.029297091 0.051098883 0.039368138 0.033038568 0.035490967 0.022710552 0.043303248 0.028353302 0.062631465 0.0338643 0.03859524 0.033216313 0.053908203 0.045846894 0.029756984 0.055487882 0.050361272 0.043081164 0.047557734 0.03673231 0.03140226 0.053357396 0.035646204 0.036800805 0.037311796 0.057726935 0.03018975 0.042012107 0.031279337 0.06548521 0.03368684 0.07582083 0.028746285 0.039707556 0.041419473 0.043641597 0.04835103 0.02537488 0.07911462 0.026811168 0.04562196 0.056889694 0.095275715 0.05405059 0.053070094 0.06292576 0.027439525 0.032212727 0.031036418 0.0518848 0.041656043 0.04113272 0.02172462 0.05738609 0.039928395 0.036382318 0.03406688 0.04941851 0.038792353 0.033153966 0.03791251 0.05784036 0.02879782 0.030590842 0.03332236 0.044982504 0.04212129 0.03388076 0.044652592 0.044790573 0.028253635 0.036463197 0.033556715 0.019051759 0.02869726 0.11150189 0.023554616 0.022209827 0.05033387 0.02965238 0.036559634 0.024286872 0.06006677 0.07754905 0.033509575 0.03686482 0.030768054 0.03990612 0.03809224 0.049160216 0.06793217 0.026696583 0.029390197 0.03507961 0.038959343 0.04048056 0.09991826 0.02646955 0.04923573 0.028053276 0.045586765 0.025083283 0.019790934 0.03842854 0.034292486 0.04697156 0.036480565 0.04101283 0.025139155 0.046012655 0.0555914 0.030048562 0.040566646 0.050673284 0.08953551 0.07472685 0.050610587 0.027178427 0.046052467 0.046773918 0.03683302 0.026836392 0.046837628 0.032289743 0.03522857 0.030617531 0.07352145 0.041370466 0.035694826 0.051158283 0.051192995 0.03237773 0.056096308 0.04085758 0.046073705 0.06060426 0.044806946 0.025368286 0.03879723 0.04072381 0.027654737 0.036044717 0.04180894 0.04191832 0.043162208 0.03106903 0.026796652 0.045127284 0.06796331 0.08429669 0.03379092 0.05333373 0.04290688 0.03825519 0.025629286 0.032462038 0.026041292 0.038646244 0.042150307 0.02571767 0.0242498 0.06531988 0.027530944 0.06346909 0.023751415 0.05158372 0.07796661 0.06935541 0.0487619 0.02611594 0.08087085 0.05064389 0.065472394 0.04109592 0.024518492 0.038382094 0.054657426 0.04110292 0.030618493 0.02914268 0.07233419 0.06440024 0.05537962 0.052859027 0.041842412 0.029944481 0.015945107 0.03873951 0.040099453 0.053804636 0.03339005 0.085066125 0.065249726 0.029043369 0.033779375 0.053559005 0.032439742 0.06534541 0.035959505 0.04536599 0.032516908 0.024255719 0.028423581 0.037018023 0.09666969 0.03758828 0.028098168 0.03934967 0.050748073 0.02625143 0.024369158 0.037363227 0.04576621 0.032116137 0.066419065 0.03491205 0.06918796 0.050328966 0.03564486 0.050435014 0.030658968 0.050581142 0.051172037 0.03725295 0.028561214 0.02744099 0.05521785 0.03633962 0.047264915 0.030755011 0.08001922 0.028756537 0.027823033 0.045901958 0.08561542 0.050180037 0.020052832 0.03203609 0.030318798 0.046473138 0.041381825 0.023692511 0.03206709 0.03758713 0.021148115 0.034824066 0.04523325 0.04498102 0.0689734 0.071359105 0.076661274 0.031073347 0.07001999 0.028229397 0.06608344 0.025196893 0.055329192 0.05263946 0.054941192 0.03441077 0.036282275 0.065391816 0.040286716 0.04490095 0.0607651 0.027555825 0.027962461 0.034761403 0.07001072 0.041735794 0.03493657 0.024190705 0.048958357 0.034378868 0.07511966 0.0344949 0.01828138 0.055735104 0.0391167 0.038814012 0.034649443 0.029124023 0.019780286 0.030525737 0.05227425 0.029816324 0.039251596 0.0257221 0.02658608 0.042250816 0.03166795 0.040152136 0.05389096 0.03950531 0.05462693 0.03530292 0.054902527 0.03270269 0.04845498 0.03503318 0.04024024 0.028238663 0.06354604 0.0712657 0.0214422 0.041603703 0.0392543 0.046460643 0.022433229 0.048560306 0.04562779 0.03079809 0.058009177 0.0838909 0.084324345 0.073963165 0.026273794 0.04097488 0.042192142 0.04973202 0.035598386 0.030212188 0.051961888 0.05482051 0.078218676 0.055630498 0.028553868 0.0305047 0.03209151 0.02502409 0.06574682 0.03048195 0.04810739 0.025763275 0.031674225 0.07204802 0.043198697 0.024378935 0.034977097 0.04168655 0.035104137 0.031057278 0.060208436 0.029419461 0.03058188 0.04681118 0.122677885 0.022766944 0.03518016 0.014833571 0.022170888 0.0625225 0.034083825 0.115314275 0.017610993 0.051469386 0.032875534 0.045112602 0.04595378 0.030552287 0.058775112 0.03013913 0.03532852 0.05245684 0.052550476 0.038252737 0.026976319 0.04518323 0.015834546 0.044486925 0.040622752 0.07093501 0.044126976 0.01888384 0.03343902 0.032307126 0.025617195 0.036629852 0.029188212 0.038873844 0.061378885 0.048300616 0.058230467 0.025980808 0.033374157 0.036459774 0.029268691 0.03841122 0.038819782 0.06189991 0.0763177 0.048546314 0.03756497 0.028019415 0.0363306 0.025698876 0.028570736 0.04831952 0.058286965 0.031087536 0.030968782 0.0423989 0.045654073 0.05086287 0.03524264 0.048271406 0.029809024 0.0384843 0.034780223 0.056949135 0.03641367 0.040606655 0.037969302 0.05598839 0.044676803 0.019702632 0.040721312 0.025736568 0.029079532 0.03265447 0.034715775 0.0225318 0.023282567 0.051512215 0.030994173 0.04220811 0.026726136 0.0269672 0.07249842 0.027833953 0.04146541 0.04494623 0.035778865 0.030252188 0.03118672 0.035044834 0.084779985 0.053512383 0.074984476 0.03321562 0.036100786 0.05996933 0.052073877 0.03208451 0.026835386 0.034099262 0.0546873 0.04376144 0.03848164 0.029707568 0.025903353 0.051776413 0.051187526 0.030211413 0.058153182 0.023432836 0.020815639 0.02184731 0.03363887 0.047444742 0.0748662 0.04297873 0.03217429 0.02946953 0.028373232 0.030524261 0.03682036 0.043363154 0.03095935 0.07380583 0.051497854 0.06992761 0.047377992 0.035697427 0.033964813 0.046476506 0.021863246 0.025916556 0.07684719 0.036335465 0.04405013 0.06777917 0.019827474 0.03550271 0.044208206 0.026832888 0.043604326,,
858,3x3x256x512,0.0395515 0.032280736 0.032083716 0.05254099 0.036517054 0.037783273 0.024860986 0.03713546 0.035789568 0.027881734 0.060293738 0.047226563 0.04407688 0.036589902 0.04669938 0.04334914 0.06117762 0.031973727 0.032530684 0.031146813 0.04705835 0.05515987 0.04886584 0.067287736 0.05570748 0.029300667 0.05110512 0.039372943 0.033042602 0.0354953 0.022713324 0.043308534 0.028356763 0.06263911 0.033868432 0.03859995 0.03322037 0.05391478 0.04585249 0.029760616 0.055494655 0.05036742 0.04308642 0.047563538 0.036736794 0.031406093 0.053363908 0.035650555 0.036805294 0.037316352 0.057733983 0.030193437 0.042017236 0.031283155 0.0654932 0.033690948 0.07583009 0.028749792 0.039712403 0.041424528 0.043646924 0.04835693 0.025377978 0.07912428 0.02681444 0.04562753 0.056896638 0.095287345 0.05405719 0.053076573 0.062933445 0.027442874 0.03221666 0.031040207 0.051891133 0.04166113 0.041137736 0.021727271 0.057393093 0.039933268 0.036386758 0.034071036 0.04942454 0.038797088 0.033158015 0.037917137 0.057847418 0.028801335 0.030594574 0.03332643 0.044987995 0.042126432 0.033884894 0.044658042 0.04479604 0.028257085 0.036467645 0.033560812 0.019054085 0.028700763 0.11151549 0.023557492 0.022212539 0.05034001 0.029655999 0.036564097 0.024289837 0.060074102 0.07755852 0.033513665 0.03686932 0.030771809 0.039910994 0.03809689 0.049166214 0.067940466 0.026699843 0.029393785 0.035083894 0.0389641 0.040485505 0.09993046 0.02647278 0.04924174 0.028056702 0.045592327 0.025086343 0.01979335 0.03843323 0.03429667 0.046977293 0.036485016 0.041017834 0.025142225 0.04601827 0.05559819 0.03005223 0.040571596 0.05067947 0.08954644 0.07473597 0.050616764 0.027181745 0.04605809 0.046779625 0.03683752 0.026839666 0.046843342 0.032293685 0.035232868 0.03062127 0.07353043 0.041375518 0.03569918 0.051164526 0.051199246 0.032381684 0.056103155 0.040862564 0.046079326 0.060611654 0.044812415 0.025371384 0.038801964 0.040728785 0.027658112 0.036049116 0.041814044 0.041923437 0.043167476 0.031072821 0.026799923 0.04513279 0.06797161 0.08430698 0.033795044 0.05334024 0.042912118 0.03825986 0.025632415 0.032465998 0.026044471 0.03865096 0.042155452 0.025720809 0.02425276 0.06532785 0.027534304 0.06347684 0.023754315 0.051590014 0.07797612 0.06936388 0.04876785 0.02611913 0.080880724 0.050650075 0.06548038 0.041100938 0.024521483 0.038386777 0.054664098 0.041107934 0.03062223 0.029146235 0.07234302 0.0644081 0.055386383 0.05286548 0.04184752 0.029948136 0.015947053 0.03874424 0.04010435 0.053811204 0.033394124 0.0850765 0.06525769 0.029046914 0.033783495 0.053565543 0.032443702 0.065353386 0.035963893 0.04537153 0.03252088 0.02425868 0.02842705 0.037022542 0.09668148 0.037592866 0.028101597 0.039354477 0.050754264 0.026254633 0.024372132 0.037367787 0.045771796 0.03212006 0.06642717 0.03491631 0.06919641 0.05033511 0.03564921 0.050441172 0.03066271 0.050587315 0.05117828 0.037257496 0.028564699 0.027444338 0.05522459 0.03634405 0.04727068 0.030758766 0.08002899 0.028760048 0.027826428 0.04590756 0.085625865 0.05018616 0.02005528 0.032039996 0.030322498 0.046478808 0.041386876 0.023695402 0.032071 0.037591714 0.021150697 0.034828316 0.04523877 0.044986513 0.06898182 0.071367815 0.07667063 0.03107714 0.070028536 0.028232843 0.0660915 0.025199968 0.055335946 0.05264588 0.054947898 0.034414973 0.036286704 0.065399796 0.040291633 0.04490643 0.060772516 0.027559187 0.027965875 0.034765646 0.07001927 0.04174089 0.03494083 0.024193658 0.048964333 0.034383066 0.07512882 0.03449911 0.018283611 0.055741906 0.03912147 0.038818747 0.034653675 0.02912758 0.0197827 0.030529464 0.052280627 0.029819963 0.039256386 0.025725238 0.026589325 0.042255975 0.031671815 0.040157035 0.053897534 0.039510135 0.0546336 0.035307225 0.05490923 0.032706685 0.048460893 0.035037458 0.040245153 0.028242111 0.063553795 0.0712744 0.021444816 0.04160878 0.03925909 0.046466313 0.022435967 0.048566233 0.04563336 0.03080185 0.058016255 0.083901145 0.08433464 0.07397219 0.026277 0.04097988 0.042197295 0.04973809 0.035602733 0.030215874 0.05196823 0.054827202 0.07822823 0.055637285 0.028557353 0.030508423 0.03209543 0.025027145 0.065754846 0.030485671 0.04811326 0.02576642 0.03167809 0.07205682 0.043203972 0.02438191 0.034981366 0.04169164 0.03510842 0.031061068 0.060215782 0.029423052 0.030585613 0.04681689 0.12269285 0.022769723 0.03518445 0.014835382 0.022173595 0.06253013 0.034087982 0.11532835 0.017613143 0.05147567 0.032879546 0.04511811 0.045959387 0.030556016 0.058782283 0.030142808 0.03533283 0.05246324 0.05255689 0.03825741 0.02697961 0.045188747 0.015836477 0.044492353 0.04062771 0.07094367 0.044132363 0.018886145 0.0334431 0.032311067 0.02562032 0.036634322 0.029191773 0.038878586 0.061386377 0.04830651 0.058237575 0.02598398 0.033378232 0.03646422 0.029272264 0.038415905 0.03882452 0.061907467 0.07632701 0.048552237 0.037569556 0.028022835 0.036335036 0.025702013 0.028574223 0.048325416 0.058294076 0.03109133 0.030972563 0.042404074 0.045659646 0.05086908 0.03524694 0.048277296 0.029812664 0.038489 0.034784466 0.056956086 0.036418114 0.040611614 0.037973937 0.055995226 0.044682257 0.019705037 0.04072628 0.02573971 0.02908308 0.032658458 0.034720015 0.022534551 0.023285408 0.0515185 0.030997956 0.04221326 0.0267294 0.02697049 0.07250726 0.027837351 0.041470468 0.044951715 0.035783235 0.030255882 0.031190526 0.03504911 0.084790334 0.053518917 0.07499363 0.033219676 0.036105193 0.05997665 0.052080233 0.032088425 0.026838662 0.034103423 0.054693975 0.04376678 0.03848634 0.029711192 0.025906516 0.051782735 0.051193774 0.0302151 0.058160283 0.023435695 0.02081818 0.021849975 0.033642974 0.047450535 0.07487534 0.042983975 0.032178216 0.029473126 0.028376695 0.030527987 0.036824856 0.043368448 0.030963127 0.07381484 0.051504143 0.06993614 0.047383778 0.03570178 0.03396896 0.04648218 0.021865914 0.02591972 0.07685657 0.0363399 0.04405551 0.067787446 0.019829895 0.035507042 0.044213604 0.026836164 0.043609645,0.039546676 0.032276798 0.0320798 0.05253458 0.036512595 0.03777866 0.024857951 0.03713093 0.0357852 0.027878331 0.06028638 0.0472208 0.0440715 0.03658544 0.04669368 0.04334385 0.061170153 0.031969823 0.032526717 0.031143013 0.04705261 0.05515314 0.048859876 0.067279525 0.055700682 0.029297091 0.051098883 0.039368138 0.033038568 0.035490967 0.022710552 0.043303248 0.028353302 0.062631465 0.0338643 0.03859524 0.033216313 0.053908203 0.045846894 0.029756984 0.055487882 0.050361272 0.043081164 0.047557734 0.03673231 0.03140226 0.053357396 0.035646204 0.036800805 0.037311796 0.057726935 0.03018975 0.042012107 0.031279337 0.06548521 0.03368684 0.07582083 0.028746285 0.039707556 0.041419473 0.043641597 0.04835103 0.02537488 0.07911462 0.026811168 0.04562196 0.056889694 0.095275715 0.05405059 0.053070094 0.06292576 0.027439525 0.032212727 0.031036418 0.0518848 0.041656043 0.04113272 0.02172462 0.05738609 0.039928395 0.036382318 0.03406688 0.04941851 0.038792353 0.033153966 0.03791251 0.05784036 0.02879782 0.030590842 0.03332236 0.044982504 0.04212129 0.03388076 0.044652592 0.044790573 0.028253635 0.036463197 0.033556715 0.019051759 0.02869726 0.11150189 0.023554616 0.022209827 0.05033387 0.02965238 0.036559634 0.024286872 0.06006677 0.07754905 0.033509575 0.03686482 0.030768054 0.03990612 0.03809224 0.049160216 0.06793217 0.026696583 0.029390197 0.03507961 0.038959343 0.04048056 0.09991826 0.02646955 0.04923573 0.028053276 0.045586765 0.025083283 0.019790934 0.03842854 0.034292486 0.04697156 0.036480565 0.04101283 0.025139155 0.046012655 0.0555914 0.030048562 0.040566646 0.050673284 0.08953551 0.07472685 0.050610587 0.027178427 0.046052467 0.046773918 0.03683302 0.026836392 0.046837628 0.032289743 0.03522857 0.030617531 0.07352145 0.041370466 0.035694826 0.051158283 0.051192995 0.03237773 0.056096308 0.04085758 0.046073705 0.06060426 0.044806946 0.025368286 0.03879723 0.04072381 0.027654737 0.036044717 0.04180894 0.04191832 0.043162208 0.03106903 0.026796652 0.045127284 0.06796331 0.08429669 0.03379092 0.05333373 0.04290688 0.03825519 0.025629286 0.032462038 0.026041292 0.038646244 0.042150307 0.02571767 0.0242498 0.06531988 0.027530944 0.06346909 0.023751415 0.05158372 0.07796661 0.06935541 0.0487619 0.02611594 0.08087085 0.05064389 0.065472394 0.04109592 0.024518492 0.038382094 0.054657426 0.04110292 0.030618493 0.02914268 0.07233419 0.06440024 0.05537962 0.052859027 0.041842412 0.029944481 0.015945107 0.03873951 0.040099453 0.053804636 0.03339005 0.085066125 0.065249726 0.029043369 0.033779375 0.053559005 0.032439742 0.06534541 0.035959505 0.04536599 0.032516908 0.024255719 0.028423581 0.037018023 0.09666969 0.03758828 0.028098168 0.03934967 0.050748073 0.02625143 0.024369158 0.037363227 0.04576621 0.032116137 0.066419065 0.03491205 0.06918796 0.050328966 0.03564486 0.050435014 0.030658968 0.050581142 0.051172037 0.03725295 0.028561214 0.02744099 0.05521785 0.03633962 0.047264915 0.030755011 0.08001922 0.028756537 0.027823033 0.045901958 0.08561542 0.050180037 0.020052832 0.03203609 0.030318798 0.046473138 0.041381825 0.023692511 0.03206709 0.03758713 0.021148115 0.034824066 0.04523325 0.04498102 0.0689734 0.071359105 0.076661274 0.031073347 0.07001999 0.028229397 0.06608344 0.025196893 0.055329192 0.05263946 0.054941192 0.03441077 0.036282275 0.065391816 0.040286716 0.04490095 0.0607651 0.027555825 0.027962461 0.034761403 0.07001072 0.041735794 0.03493657 0.024190705 0.048958357 0.034378868 0.07511966 0.0344949 0.01828138 0.055735104 0.0391167 0.038814012 0.034649443 0.029124023 0.019780286 0.030525737 0.05227425 0.029816324 0.039251596 0.0257221 0.02658608 0.042250816 0.03166795 0.040152136 0.05389096 0.03950531 0.05462693 0.03530292 0.054902527 0.03270269 0.04845498 0.03503318 0.04024024 0.028238663 0.06354604 0.0712657 0.0214422 0.041603703 0.0392543 0.046460643 0.022433229 0.048560306 0.04562779 0.03079809 0.058009177 0.0838909 0.084324345 0.073963165 0.026273794 0.04097488 0.042192142 0.04973202 0.035598386 0.030212188 0.051961888 0.05482051 0.078218676 0.055630498 0.028553868 0.0305047 0.03209151 0.02502409 0.06574682 0.03048195 0.04810739 0.025763275 0.031674225 0.07204802 0.043198697 0.024378935 0.034977097 0.04168655 0.035104137 0.031057278 0.060208436 0.029419461 0.03058188 0.04681118 0.122677885 0.022766944 0.03518016 0.014833571 0.022170888 0.0625225 0.034083825 0.115314275 0.017610993 0.051469386 0.032875534 0.045112602 0.04595378 0.030552287 0.058775112 0.03013913 0.03532852 0.05245684 0.052550476 0.038252737 0.026976319 0.04518323 0.015834546 0.044486925 0.040622752 0.07093501 0.044126976 0.01888384 0.03343902 0.032307126 0.025617195 0.036629852 0.029188212 0.038873844 0.061378885 0.048300616 0.058230467 0.025980808 0.033374157 0.036459774 0.029268691 0.03841122 0.038819782 0.06189991 0.0763177 0.048546314 0.03756497 0.028019415 0.0363306 0.025698876 0.028570736 0.04831952 0.058286965 0.031087536 0.030968782 0.0423989 0.045654073 0.05086287 0.03524264 0.048271406 0.029809024 0.0384843 0.034780223 0.056949135 0.03641367 0.040606655 0.037969302 0.05598839 0.044676803 0.019702632 0.040721312 0.025736568 0.029079532 0.03265447 0.034715775 0.0225318 0.023282567 0.051512215 0.030994173 0.04220811 0.026726136 0.0269672 0.07249842 0.027833953 0.04146541 0.04494623 0.035778865 0.030252188 0.03118672 0.035044834 0.084779985 0.053512383 0.074984476 0.03321562 0.036100786 0.05996933 0.052073877 0.03208451 0.026835386 0.034099262 0.0546873 0.04376144 0.03848164 0.029707568 0.025903353 0.051776413 0.051187526 0.030211413 0.058153182 0.023432836 0.020815639 0.02184731 0.03363887 0.047444742 0.0748662 0.04297873 0.03217429 0.02946953 0.028373232 0.030524261 0.03682036 0.043363154 0.03095935 0.07380583 0.051497854 0.06992761 0.047377992 0.035697427 0.033964813 0.046476506 0.021863246 0.025916556 0.07684719 0.036335465 0.04405013 0.06777917 0.019827474 0.03550271 0.044208206 0.026832888 0.043604326,,
876,3x3x512x512,0.056183636 0.054368008 0.0808299 0.047928322 0.10085067 0.07202967 0.059931416 0.05136017 0.06656604 0.08651207 0.14320572 0.08103356 0.062072206 0.08058984 0.0587585 0.058843113 0.04813366 0.091613874 0.062965065 0.11294379 0.094433606 0.043871365 0.06213017 0.06117505 0.061551433 0.16886267 0.039343245 0.055697005 0.09706934 0.07882335 0.08649282 0.0473422 0.08366572 0.08299792 0.07256873 0.069036625 0.056625184 0.09665132 0.06841086 0.06555312 0.054140862 0.052717075 0.07318594 0.071954265 0.088455066 0.08664002 0.06982961 0.051691584 0.099528305 0.05755832 0.07042995 0.07220989 0.10013334 0.121095255 0.07174243 0.02944599 0.07269511 0.06509802 0.04921775 0.10719156 0.05750621 0.040647868 0.072190724 0.09045803 0.17839421 0.07227361 0.093673155 0.059766054 0.18433109 0.06722121 0.0669939 0.11271596 0.0801594 0.21471345 0.062383365 0.12177031 0.05203549 0.16876566 0.044899043 0.06792838 0.059938863 0.073650196 0.07559032 0.19379473 0.12455059 0.1059064 0.051424745 0.07290639 0.07001553 0.06470792 0.09225774 0.06307239 0.08321011 0.0561621 0.09366453 0.07876048 0.05608672 0.06251598 0.06420252 0.16938858 0.075376116 0.08198624 0.040976718 0.072461605 0.060248364 0.10629973 0.17897202 0.080079086 0.09092838 0.049956404 0.08027286 0.08528766 0.08787239 0.059506025 0.08723909 0.083791405 0.07384156 0.026441248 0.05442469 0.10512802 0.06909475 0.08759517 0.14829728 0.05357161 0.087235235 0.051034648 0.10270473 0.071907364 0.10299489 0.06829453 0.06570057 0.10343915 0.083715126 0.095260836 0.0719283 0.0694631 0.12798761 0.06178171 0.086254746 0.078375764 0.06662633 0.047505707 0.089472555 0.14808126 0.057165712 0.055233836 0.03234757 0.07601764 0.08633978 0.1271042 0.18784805 0.17655015 0.10069287 0.047511656 0.0648034 0.105781965 0.054135032 0.05944213 0.0725332 0.07542616 0.09055374 0.06943181 0.05414349 0.04546942 0.07641116 0.12247091 0.07877681 0.079493985 0.0458073 0.07019289 0.06631563 0.076942645 0.07833522 0.06153043 0.116463035 0.09774837 0.06135957 0.07783379 0.05414177 0.07914839 0.061383683 0.043080185 0.06753885 0.06305684 0.060065243 0.032716636 0.06266928 0.09373987 0.047874007 0.06018639 0.06315753 0.076823704 0.04121663 0.07888061 0.071044 0.05857488 0.065607704 0.05632913 0.07503255 0.076494955 0.108123116 0.058552638 0.059616487 0.07750479 0.066400565 0.059332814 0.06821635 0.048187166 0.07440169 0.06816901 0.06710017 0.1242404 0.12696162 0.06605309 0.061040696 0.07140768 0.086532585 0.049469143 0.061103515 0.04817395 0.07529334 0.08007929 0.055811454 0.13304277 0.05435464 0.13453774 0.070274174 0.14834568 0.080843456 0.07930018 0.09420289 0.09484306 0.1800766 0.10107876 0.062398836 0.037546862 0.08093357 0.03892213 0.089862265 0.099817134 0.104176216 0.046108574 0.05504909 0.055965148 0.05727472 0.044865202 0.08994599 0.06979 0.07102223 0.056734756 0.05996998 0.0636426 0.080528446 0.07240501 0.087892555 0.09005953 0.051770605 0.05908502 0.09593173 0.056185175 0.08062117 0.09106754 0.11062347 0.07273049 0.06673391 0.08714505 0.060110725 0.069712244 0.06916269 0.06736007 0.046927027 0.04209346 0.11974033 0.06594104 0.047034726 0.077897385 0.11188736 0.0745379 0.061625887 0.06876673 0.05939545 0.084622376 0.068912365 0.060698412 0.0514785 0.08611765 0.069846876 0.09170609 0.08497146 0.05304526 0.083573855 0.13370994 0.055795435 0.077713996 0.0753853 0.17094599 0.07802975 0.038202543 0.06726711 0.054121573 0.072865196 0.04426668 0.07666832 0.09420857 0.10606016 0.05470392 0.17282006 0.06896366 0.049102593 0.07036433 0.0597718 0.047395058 0.050219193 0.06669367 0.12584504 0.047791548 0.046607263 0.096654594 0.06941293 0.06537292 0.05614522 0.044822328 0.067380585 0.11599271 0.06301227 0.06553133 0.122240566 0.09813033 0.059690237 0.12075769 0.058454998 0.05777499 0.10198514 0.073911525 0.09868887 0.05257708 0.063419074 0.09469663 0.055223778 0.051609825 0.101498604 0.064259745 0.054431427 0.08397081 0.05428026 0.086760424 0.05429973 0.05255759 0.06543727 0.079291806 0.10412003 0.06343162 0.07209912 0.07892079 0.11395984 0.07312043 0.07077015 0.05442137 0.08033941 0.071862 0.15626276 0.08312345 0.059145167 0.12767504 0.06015529 0.07378918 0.08511012 0.07412183 0.06346484 0.11175555 0.052310906 0.06698186 0.12784141 0.20618412 0.07746193 0.15562196 0.075368635 0.054255553 0.04410849 0.05204832 0.04218166 0.07602364 0.09583245 0.05533168 0.05593485 0.083432704 0.06471058 0.118354775 0.045368686 0.1218606 0.07527828 0.059045658 0.05658511 0.052329168 0.06093922 0.06269456 0.06597156 0.06269039 0.08355649 0.048420753 0.09540698 0.08173305 0.07130052 0.067551926 0.0912559 0.06762302 0.122163974 0.061619792 0.053263873 0.06587636 0.05835595 0.10318543 0.04990004 0.08483794 0.0665043 0.13095649 0.05916972 0.060629323 0.04890925 0.094961785 0.08217658 0.15604284 0.09364739 0.055026934 0.079533726 0.06952107 0.09934932 0.11776231 0.17822132 0.11519441 0.17056514 0.17932856 0.048212793 0.056488186 0.050037596 0.09134691 0.08882584 0.097693674 0.08268544 0.11400572 0.2528566 0.06483517 0.17524976 0.057364244 0.09055475 0.15247789 0.073239654 0.044853706 0.06852831 0.06625765 0.051393732 0.064275205 0.0789273 0.09230976 0.06171002 0.26574117 0.08248097 0.070749305 0.117272064 0.07403052 0.047570515 0.11828039 0.11084591 0.07086827 0.078050695 0.12304706 0.06996608 0.0779638 0.088232726 0.064861275 0.0910861 0.077668786 0.09459404 0.052723758 0.051134575 0.0800025 0.10594557 0.0695015 0.08387 0.07698638 0.08495294 0.072175376 0.07044303 0.06335904 0.057943698 0.12667648 0.065454 0.04634769 0.054252602 0.12520173 0.1128534 0.055486273 0.075987116 0.04335609 0.09125608 0.12029341 0.05684987 0.076966345 0.059009597 0.050541814 0.07556088 0.09300586 0.036629375 0.05233957 0.07804875 0.050394922 0.0679509 0.05958513 0.09902399 0.07270075 0.0931772 0.108928554,0.05617678 0.054361373 0.08082004 0.047922473 0.10083836 0.07202088 0.0599241 0.051353905 0.066557914 0.08650151 0.14318824 0.08102366 0.06206463 0.08058 0.05875133 0.058835935 0.048127785 0.0916027 0.062957376 0.11293001 0.09442208 0.043866012 0.062122587 0.061167583 0.06154392 0.16884206 0.039338443 0.05569021 0.09705749 0.07881373 0.086482264 0.047336422 0.08365551 0.08298779 0.07255988 0.0690282 0.056618273 0.09663953 0.068402514 0.06554512 0.054134257 0.05271064 0.07317701 0.07194549 0.08844427 0.08662945 0.06982109 0.051685274 0.09951615 0.0575513 0.07042136 0.07220107 0.10012112 0.12108048 0.071733676 0.029442396 0.07268625 0.06509007 0.04921174 0.10717848 0.057499193 0.04064291 0.07218191 0.09044699 0.17837244 0.07226479 0.09366172 0.05975876 0.1843086 0.06721301 0.06698572 0.1127022 0.08014962 0.21468726 0.062375754 0.12175545 0.05202914 0.16874507 0.044893563 0.067920096 0.05993155 0.0736412 0.075581096 0.19377108 0.12453539 0.10589348 0.051418472 0.072897494 0.07000698 0.06470002 0.09224648 0.063064694 0.083199956 0.056155246 0.0936531 0.07875087 0.056079872 0.06250835 0.06419469 0.1693679 0.07536692 0.081976235 0.040971715 0.07245276 0.060241014 0.10628676 0.17895018 0.08006932 0.09091728 0.04995031 0.08026306 0.08527725 0.087861665 0.05949876 0.08722844 0.08378118 0.07383255 0.02643802 0.054418046 0.10511519 0.06908631 0.08758448 0.14827919 0.053565074 0.08722459 0.05102842 0.102692194 0.07189859 0.10298232 0.0682862 0.06569255 0.10342652 0.0837049 0.095249206 0.07191952 0.06945462 0.12797199 0.06177417 0.08624422 0.0783662 0.0666182 0.047499906 0.08946164 0.14806318 0.05715874 0.055227093 0.032343626 0.076008365 0.086329244 0.12708868 0.18782511 0.1765286 0.100680575 0.047505856 0.06479549 0.10576906 0.054128423 0.059434872 0.07252435 0.07541695 0.09054268 0.06942333 0.054136883 0.04546387 0.07640184 0.12245596 0.07876719 0.079484284 0.04580171 0.07018432 0.06630753 0.07693325 0.07832566 0.061522923 0.11644883 0.09773644 0.06135208 0.07782429 0.054135166 0.079138726 0.06137619 0.043074924 0.0675306 0.063049145 0.060057916 0.032712642 0.06266163 0.09372842 0.047868162 0.060179047 0.063149825 0.07681432 0.041211598 0.07887098 0.07103533 0.058567733 0.0655997 0.056322254 0.07502339 0.07648562 0.10810992 0.058545493 0.059609212 0.07749534 0.06639247 0.059325576 0.068208024 0.048181288 0.07439262 0.0681607 0.06709198 0.12422524 0.12694612 0.06604503 0.06103325 0.07139897 0.08652202 0.04946311 0.061096057 0.04816807 0.075284146 0.08006952 0.05580464 0.13302654 0.05434801 0.13452132 0.0702656 0.14832757 0.08083359 0.0792905 0.094191395 0.09483149 0.18005462 0.10106643 0.06239122 0.03754228 0.0809237 0.03891738 0.0898513 0.09980495 0.1041635 0.04610295 0.05504237 0.055958316 0.05726773 0.044859726 0.089935005 0.06978148 0.071013555 0.056727834 0.059962664 0.06363483 0.08051862 0.072396174 0.08788183 0.090048544 0.051764287 0.05907781 0.09592002 0.05617832 0.08061133 0.09105643 0.11060997 0.07272161 0.06672577 0.08713441 0.06010339 0.069703735 0.06915425 0.06735185 0.046921298 0.042088322 0.11972571 0.065933 0.047028985 0.07788788 0.11187371 0.074528806 0.061618365 0.06875833 0.0593882 0.08461205 0.06890395 0.060691003 0.051472217 0.08610714 0.06983835 0.0916949 0.08496109 0.053038787 0.083563656 0.13369362 0.055788625 0.07770451 0.0753761 0.17092513 0.07802023 0.038197882 0.0672589 0.054114968 0.07285631 0.044261277 0.076658964 0.09419707 0.10604721 0.054697245 0.17279896 0.06895525 0.049096603 0.07035575 0.059764504 0.047389276 0.050213065 0.06668553 0.1258297 0.047785718 0.046601575 0.0966428 0.06940446 0.06536494 0.056138366 0.044816855 0.06737237 0.115978554 0.06300458 0.06552333 0.12222564 0.09811835 0.05968295 0.120742954 0.058447864 0.057767943 0.1019727 0.07390251 0.09867683 0.05257066 0.06341133 0.09468508 0.05521704 0.05160353 0.10148622 0.06425191 0.054424785 0.083960555 0.054273635 0.08674984 0.054293104 0.052551176 0.065429285 0.07928213 0.10410732 0.06342388 0.07209032 0.07891116 0.11394594 0.07311151 0.07076152 0.054414727 0.080329604 0.07185323 0.15624368 0.08311331 0.05913795 0.12765947 0.060147952 0.07378018 0.085099734 0.07411279 0.0634571 0.111741915 0.052304525 0.066973686 0.12782581 0.12885879 0.07745247 0.15560298 0.07535944 0.05424893 0.04410311 0.05204197 0.04217651 0.076014355 0.09582076 0.05532493 0.05592802 0.08342253 0.06470268 0.118340336 0.045363147 0.12184573 0.075269096 0.05903845 0.056578208 0.05232278 0.06093178 0.062686905 0.065963514 0.06268274 0.083546296 0.04841484 0.095395334 0.08172307 0.07129182 0.067543685 0.091244765 0.06761477 0.122149065 0.061612274 0.053257372 0.06586832 0.05834883 0.10317284 0.049893953 0.084827594 0.06649618 0.13094051 0.059162498 0.060621925 0.04890328 0.09495019 0.08216655 0.1560238 0.09363596 0.05502022 0.07952402 0.06951258 0.09933719 0.11774794 0.17819957 0.11518035 0.17054433 0.17930669 0.048206907 0.056481294 0.05003149 0.09133576 0.088814996 0.09768175 0.082675345 0.113991804 0.25282574 0.064827256 0.17522836 0.05735724 0.090543695 0.15245928 0.07323072 0.04484823 0.06851994 0.06624956 0.051387463 0.06426736 0.07891767 0.09229849 0.06170249 0.19928966 0.0824709 0.07074067 0.11725775 0.07402149 0.047564708 0.11826595 0.110832386 0.07085962 0.078041166 0.12303205 0.06995754 0.077954285 0.08822195 0.064853355 0.09107498 0.07765931 0.09458249 0.052717324 0.051128335 0.079992734 0.10593264 0.06949301 0.083859764 0.076976985 0.08494258 0.07216657 0.07043443 0.0633513 0.057936627 0.12666102 0.06544601 0.04634203 0.05424598 0.12518644 0.11283963 0.055479504 0.07597785 0.043350797 0.09124494 0.12027872 0.05684293 0.07695696 0.059002396 0.05053565 0.07555167 0.0929945 0.036624905 0.052333184 0.07803922 0.050388772 0.067942604 0.05957786 0.099011905 0.07269187 0.09316583 0.10891526,,
880,3x3x512x512,0.056183636 0.054368008 0.0808299 0.047928322 0.10085067 0.07202967 0.059931416 0.05136017 0.06656604 0.08651207 0.14320572 0.08103356 0.062072206 0.08058984 0.0587585 0.058843113 0.04813366 0.091613874 0.062965065 0.11294379 0.094433606 0.043871365 0.06213017 0.06117505 0.061551433 0.16886267 0.039343245 0.055697005 0.09706934 0.07882335 0.08649282 0.0473422 0.08366572 0.08299792 0.07256873 0.069036625 0.056625184 0.09665132 0.06841086 0.06555312 0.054140862 0.052717075 0.07318594 0.071954265 0.088455066 0.08664002 0.06982961 0.051691584 0.099528305 0.05755832 0.07042995 0.07220989 0.10013334 0.121095255 0.07174243 0.02944599 0.07269511 0.06509802 0.04921775 0.10719156 0.05750621 0.040647868 0.072190724 0.09045803 0.17839421 0.07227361 0.093673155 0.059766054 0.18433109 0.06722121 0.0669939 0.11271596 0.0801594 0.21471345 0.062383365 0.12177031 0.05203549 0.16876566 0.044899043 0.06792838 0.059938863 0.073650196 0.07559032 0.19379473 0.12455059 0.1059064 0.051424745 0.07290639 0.07001553 0.06470792 0.09225774 0.06307239 0.08321011 0.0561621 0.09366453 0.07876048 0.05608672 0.06251598 0.06420252 0.16938858 0.075376116 0.08198624 0.040976718 0.072461605 0.060248364 0.10629973 0.17897202 0.080079086 0.09092838 0.049956404 0.08027286 0.08528766 0.08787239 0.059506025 0.08723909 0.083791405 0.07384156 0.026441248 0.05442469 0.10512802 0.06909475 0.08759517 0.14829728 0.05357161 0.087235235 0.051034648 0.10270473 0.071907364 0.10299489 0.06829453 0.06570057 0.10343915 0.083715126 0.095260836 0.0719283 0.0694631 0.12798761 0.06178171 0.086254746 0.078375764 0.06662633 0.047505707 0.089472555 0.14808126 0.057165712 0.055233836 0.03234757 0.07601764 0.08633978 0.1271042 0.18784805 0.17655015 0.10069287 0.047511656 0.0648034 0.105781965 0.054135032 0.05944213 0.0725332 0.07542616 0.09055374 0.06943181 0.05414349 0.04546942 0.07641116 0.12247091 0.07877681 0.079493985 0.0458073 0.07019289 0.06631563 0.076942645 0.07833522 0.06153043 0.116463035 0.09774837 0.06135957 0.07783379 0.05414177 0.07914839 0.061383683 0.043080185 0.06753885 0.06305684 0.060065243 0.032716636 0.06266928 0.09373987 0.047874007 0.06018639 0.06315753 0.076823704 0.04121663 0.07888061 0.071044 0.05857488 0.065607704 0.05632913 0.07503255 0.076494955 0.108123116 0.058552638 0.059616487 0.07750479 0.066400565 0.059332814 0.06821635 0.048187166 0.07440169 0.06816901 0.06710017 0.1242404 0.12696162 0.06605309 0.061040696 0.07140768 0.086532585 0.049469143 0.061103515 0.04817395 0.07529334 0.08007929 0.055811454 0.13304277 0.05435464 0.13453774 0.070274174 0.14834568 0.080843456 0.07930018 0.09420289 0.09484306 0.1800766 0.10107876 0.062398836 0.037546862 0.08093357 0.03892213 0.089862265 0.099817134 0.104176216 0.046108574 0.05504909 0.055965148 0.05727472 0.044865202 0.08994599 0.06979 0.07102223 0.056734756 0.05996998 0.0636426 0.080528446 0.07240501 0.087892555 0.09005953 0.051770605 0.05908502 0.09593173 0.056185175 0.08062117 0.09106754 0.11062347 0.07273049 0.06673391 0.08714505 0.060110725 0.069712244 0.06916269 0.06736007 0.046927027 0.04209346 0.11974033 0.06594104 0.047034726 0.077897385 0.11188736 0.0745379 0.061625887 0.06876673 0.05939545 0.084622376 0.068912365 0.060698412 0.0514785 0.08611765 0.069846876 0.09170609 0.08497146 0.05304526 0.083573855 0.13370994 0.055795435 0.077713996 0.0753853 0.17094599 0.07802975 0.038202543 0.06726711 0.054121573 0.072865196 0.04426668 0.07666832 0.09420857 0.10606016 0.05470392 0.17282006 0.06896366 0.049102593 0.07036433 0.0597718 0.047395058 0.050219193 0.06669367 0.12584504 0.047791548 0.046607263 0.096654594 0.06941293 0.06537292 0.05614522 0.044822328 0.067380585 0.11599271 0.06301227 0.06553133 0.122240566 0.09813033 0.059690237 0.12075769 0.058454998 0.05777499 0.10198514 0.073911525 0.09868887 0.05257708 0.063419074 0.09469663 0.055223778 0.051609825 0.101498604 0.064259745 0.054431427 0.08397081 0.05428026 0.086760424 0.05429973 0.05255759 0.06543727 0.079291806 0.10412003 0.06343162 0.07209912 0.07892079 0.11395984 0.07312043 0.07077015 0.05442137 0.08033941 0.071862 0.15626276 0.08312345 0.059145167 0.12767504 0.06015529 0.07378918 0.08511012 0.07412183 0.06346484 0.11175555 0.052310906 0.06698186 0.12784141 0.20618412 0.07746193 0.15562196 0.075368635 0.054255553 0.04410849 0.05204832 0.04218166 0.07602364 0.09583245 0.05533168 0.05593485 0.083432704 0.06471058 0.118354775 0.045368686 0.1218606 0.07527828 0.059045658 0.05658511 0.052329168 0.06093922 0.06269456 0.06597156 0.06269039 0.08355649 0.048420753 0.09540698 0.08173305 0.07130052 0.067551926 0.0912559 0.06762302 0.122163974 0.061619792 0.053263873 0.06587636 0.05835595 0.10318543 0.04990004 0.08483794 0.0665043 0.13095649 0.05916972 0.060629323 0.04890925 0.094961785 0.08217658 0.15604284 0.09364739 0.055026934 0.079533726 0.06952107 0.09934932 0.11776231 0.17822132 0.11519441 0.17056514 0.17932856 0.048212793 0.056488186 0.050037596 0.09134691 0.08882584 0.097693674 0.08268544 0.11400572 0.2528566 0.06483517 0.17524976 0.057364244 0.09055475 0.15247789 0.073239654 0.044853706 0.06852831 0.06625765 0.051393732 0.064275205 0.0789273 0.09230976 0.06171002 0.26574117 0.08248097 0.070749305 0.117272064 0.07403052 0.047570515 0.11828039 0.11084591 0.07086827 0.078050695 0.12304706 0.06996608 0.0779638 0.088232726 0.064861275 0.0910861 0.077668786 0.09459404 0.052723758 0.051134575 0.0800025 0.10594557 0.0695015 0.08387 0.07698638 0.08495294 0.072175376 0.07044303 0.06335904 0.057943698 0.12667648 0.065454 0.04634769 0.054252602 0.12520173 0.1128534 0.055486273 0.075987116 0.04335609 0.09125608 0.12029341 0.05684987 0.076966345 0.059009597 0.050541814 0.07556088 0.09300586 0.036629375 0.05233957 0.07804875 0.050394922 0.0679509 0.05958513 0.09902399 0.07270075 0.0931772 0.108928554,0.05617678 0.054361373 0.08082004 0.047922473 0.10083836 0.07202088 0.0599241 0.051353905 0.066557914 0.08650151 0.14318824 0.08102366 0.06206463 0.08058 0.05875133 0.058835935 0.048127785 0.0916027 0.062957376 0.11293001 0.09442208 0.043866012 0.062122587 0.061167583 0.06154392 0.16884206 0.039338443 0.05569021 0.09705749 0.07881373 0.086482264 0.047336422 0.08365551 0.08298779 0.07255988 0.0690282 0.056618273 0.09663953 0.068402514 0.06554512 0.054134257 0.05271064 0.07317701 0.07194549 0.08844427 0.08662945 0.06982109 0.051685274 0.09951615 0.0575513 0.07042136 0.07220107 0.10012112 0.12108048 0.071733676 0.029442396 0.07268625 0.06509007 0.04921174 0.10717848 0.057499193 0.04064291 0.07218191 0.09044699 0.17837244 0.07226479 0.09366172 0.05975876 0.1843086 0.06721301 0.06698572 0.1127022 0.08014962 0.21468726 0.062375754 0.12175545 0.05202914 0.16874507 0.044893563 0.067920096 0.05993155 0.0736412 0.075581096 0.19377108 0.12453539 0.10589348 0.051418472 0.072897494 0.07000698 0.06470002 0.09224648 0.063064694 0.083199956 0.056155246 0.0936531 0.07875087 0.056079872 0.06250835 0.06419469 0.1693679 0.07536692 0.081976235 0.040971715 0.07245276 0.060241014 0.10628676 0.17895018 0.08006932 0.09091728 0.04995031 0.08026306 0.08527725 0.087861665 0.05949876 0.08722844 0.08378118 0.07383255 0.02643802 0.054418046 0.10511519 0.06908631 0.08758448 0.14827919 0.053565074 0.08722459 0.05102842 0.102692194 0.07189859 0.10298232 0.0682862 0.06569255 0.10342652 0.0837049 0.095249206 0.07191952 0.06945462 0.12797199 0.06177417 0.08624422 0.0783662 0.0666182 0.047499906 0.08946164 0.14806318 0.05715874 0.055227093 0.032343626 0.076008365 0.086329244 0.12708868 0.18782511 0.1765286 0.100680575 0.047505856 0.06479549 0.10576906 0.054128423 0.059434872 0.07252435 0.07541695 0.09054268 0.06942333 0.054136883 0.04546387 0.07640184 0.12245596 0.07876719 0.079484284 0.04580171 0.07018432 0.06630753 0.07693325 0.07832566 0.061522923 0.11644883 0.09773644 0.06135208 0.07782429 0.054135166 0.079138726 0.06137619 0.043074924 0.0675306 0.063049145 0.060057916 0.032712642 0.06266163 0.09372842 0.047868162 0.060179047 0.063149825 0.07681432 0.041211598 0.07887098 0.07103533 0.058567733 0.0655997 0.056322254 0.07502339 0.07648562 0.10810992 0.058545493 0.059609212 0.07749534 0.06639247 0.059325576 0.068208024 0.048181288 0.07439262 0.0681607 0.06709198 0.12422524 0.12694612 0.06604503 0.06103325 0.07139897 0.08652202 0.04946311 0.061096057 0.04816807 0.075284146 0.08006952 0.05580464 0.13302654 0.05434801 0.13452132 0.0702656 0.14832757 0.08083359 0.0792905 0.094191395 0.09483149 0.18005462 0.10106643 0.06239122 0.03754228 0.0809237 0.03891738 0.0898513 0.09980495 0.1041635 0.04610295 0.05504237 0.055958316 0.05726773 0.044859726 0.089935005 0.06978148 0.071013555 0.056727834 0.059962664 0.06363483 0.08051862 0.072396174 0.08788183 0.090048544 0.051764287 0.05907781 0.09592002 0.05617832 0.08061133 0.09105643 0.11060997 0.07272161 0.06672577 0.08713441 0.06010339 0.069703735 0.06915425 0.06735185 0.046921298 0.042088322 0.11972571 0.065933 0.047028985 0.07788788 0.11187371 0.074528806 0.061618365 0.06875833 0.0593882 0.08461205 0.06890395 0.060691003 0.051472217 0.08610714 0.06983835 0.0916949 0.08496109 0.053038787 0.083563656 0.13369362 0.055788625 0.07770451 0.0753761 0.17092513 0.07802023 0.038197882 0.0672589 0.054114968 0.07285631 0.044261277 0.076658964 0.09419707 0.10604721 0.054697245 0.17279896 0.06895525 0.049096603 0.07035575 0.059764504 0.047389276 0.050213065 0.06668553 0.1258297 0.047785718 0.046601575 0.0966428 0.06940446 0.06536494 0.056138366 0.044816855 0.06737237 0.115978554 0.06300458 0.06552333 0.12222564 0.09811835 0.05968295 0.120742954 0.058447864 0.057767943 0.1019727 0.07390251 0.09867683 0.05257066 0.06341133 0.09468508 0.05521704 0.05160353 0.10148622 0.06425191 0.054424785 0.083960555 0.054273635 0.08674984 0.054293104 0.052551176 0.065429285 0.07928213 0.10410732 0.06342388 0.07209032 0.07891116 0.11394594 0.07311151 0.07076152 0.054414727 0.080329604 0.07185323 0.15624368 0.08311331 0.05913795 0.12765947 0.060147952 0.07378018 0.085099734 0.07411279 0.0634571 0.111741915 0.052304525 0.066973686 0.12782581 0.12885879 0.07745247 0.15560298 0.07535944 0.05424893 0.04410311 0.05204197 0.04217651 0.076014355 0.09582076 0.05532493 0.05592802 0.08342253 0.06470268 0.118340336 0.045363147 0.12184573 0.075269096 0.05903845 0.056578208 0.05232278 0.06093178 0.062686905 0.065963514 0.06268274 0.083546296 0.04841484 0.095395334 0.08172307 0.07129182 0.067543685 0.091244765 0.06761477 0.122149065 0.061612274 0.053257372 0.06586832 0.05834883 0.10317284 0.049893953 0.084827594 0.06649618 0.13094051 0.059162498 0.060621925 0.04890328 0.09495019 0.08216655 0.1560238 0.09363596 0.05502022 0.07952402 0.06951258 0.09933719 0.11774794 0.17819957 0.11518035 0.17054433 0.17930669 0.048206907 0.056481294 0.05003149 0.09133576 0.088814996 0.09768175 0.082675345 0.113991804 0.25282574 0.064827256 0.17522836 0.05735724 0.090543695 0.15245928 0.07323072 0.04484823 0.06851994 0.06624956 0.051387463 0.06426736 0.07891767 0.09229849 0.06170249 0.19928966 0.0824709 0.07074067 0.11725775 0.07402149 0.047564708 0.11826595 0.110832386 0.07085962 0.078041166 0.12303205 0.06995754 0.077954285 0.08822195 0.064853355 0.09107498 0.07765931 0.09458249 0.052717324 0.051128335 0.079992734 0.10593264 0.06949301 0.083859764 0.076976985 0.08494258 0.07216657 0.07043443 0.0633513 0.057936627 0.12666102 0.06544601 0.04634203 0.05424598 0.12518644 0.11283963 0.055479504 0.07597785 0.043350797 0.09124494 0.12027872 0.05684293 0.07695696 0.059002396 0.05053565 0.07555167 0.0929945 0.036624905 0.052333184 0.07803922 0.050388772 0.067942604 0.05957786 0.099011905 0.07269187 0.09316583 0.10891526,,
884,3x3x512x512,0.056183636 0.054368008 0.0808299 0.047928322 0.10085067 0.07202967 0.059931416 0.05136017 0.06656604 0.08651207 0.14320572 0.08103356 0.062072206 0.08058984 0.0587585 0.058843113 0.04813366 0.091613874 0.062965065 0.11294379 0.094433606 0.043871365 0.06213017 0.06117505 0.061551433 0.16886267 0.039343245 0.055697005 0.09706934 0.07882335 0.08649282 0.0473422 0.08366572 0.08299792 0.07256873 0.069036625 0.056625184 0.09665132 0.06841086 0.06555312 0.054140862 0.052717075 0.07318594 0.071954265 0.088455066 0.08664002 0.06982961 0.051691584 0.099528305 0.05755832 0.07042995 0.07220989 0.10013334 0.121095255 0.07174243 0.02944599 0.07269511 0.06509802 0.04921775 0.10719156 0.05750621 0.040647868 0.072190724 0.09045803 0.17839421 0.07227361 0.093673155 0.059766054 0.18433109 0.06722121 0.0669939 0.11271596 0.0801594 0.21471345 0.062383365 0.12177031 0.05203549 0.16876566 0.044899043 0.06792838 0.059938863 0.073650196 0.07559032 0.19379473 0.12455059 0.1059064 0.051424745 0.07290639 0.07001553 0.06470792 0.09225774 0.06307239 0.08321011 0.0561621 0.09366453 0.07876048 0.05608672 0.06251598 0.06420252 0.16938858 0.075376116 0.08198624 0.040976718 0.072461605 0.060248364 0.10629973 0.17897202 0.080079086 0.09092838 0.049956404 0.08027286 0.08528766 0.08787239 0.059506025 0.08723909 0.083791405 0.07384156 0.026441248 0.05442469 0.10512802 0.06909475 0.08759517 0.14829728 0.05357161 0.087235235 0.051034648 0.10270473 0.071907364 0.10299489 0.06829453 0.06570057 0.10343915 0.083715126 0.095260836 0.0719283 0.0694631 0.12798761 0.06178171 0.086254746 0.078375764 0.06662633 0.047505707 0.089472555 0.14808126 0.057165712 0.055233836 0.03234757 0.07601764 0.08633978 0.1271042 0.18784805 0.17655015 0.10069287 0.047511656 0.0648034 0.105781965 0.054135032 0.05944213 0.0725332 0.07542616 0.09055374 0.06943181 0.05414349 0.04546942 0.07641116 0.12247091 0.07877681 0.079493985 0.0458073 0.07019289 0.06631563 0.076942645 0.07833522 0.06153043 0.116463035 0.09774837 0.06135957 0.07783379 0.05414177 0.07914839 0.061383683 0.043080185 0.06753885 0.06305684 0.060065243 0.032716636 0.06266928 0.09373987 0.047874007 0.06018639 0.06315753 0.076823704 0.04121663 0.07888061 0.071044 0.05857488 0.065607704 0.05632913 0.07503255 0.076494955 0.108123116 0.058552638 0.059616487 0.07750479 0.066400565 0.059332814 0.06821635 0.048187166 0.07440169 0.06816901 0.06710017 0.1242404 0.12696162 0.06605309 0.061040696 0.07140768 0.086532585 0.049469143 0.061103515 0.04817395 0.07529334 0.08007929 0.055811454 0.13304277 0.05435464 0.13453774 0.070274174 0.14834568 0.080843456 0.07930018 0.09420289 0.09484306 0.1800766 0.10107876 0.062398836 0.037546862 0.08093357 0.03892213 0.089862265 0.099817134 0.104176216 0.046108574 0.05504909 0.055965148 0.05727472 0.044865202 0.08994599 0.06979 0.07102223 0.056734756 0.05996998 0.0636426 0.080528446 0.07240501 0.087892555 0.09005953 0.051770605 0.05908502 0.09593173 0.056185175 0.08062117 0.09106754 0.11062347 0.07273049 0.06673391 0.08714505 0.060110725 0.069712244 0.06916269 0.06736007 0.046927027 0.04209346 0.11974033 0.06594104 0.047034726 0.077897385 0.11188736 0.0745379 0.061625887 0.06876673 0.05939545 0.084622376 0.068912365 0.060698412 0.0514785 0.08611765 0.069846876 0.09170609 0.08497146 0.05304526 0.083573855 0.13370994 0.055795435 0.077713996 0.0753853 0.17094599 0.07802975 0.038202543 0.06726711 0.054121573 0.072865196 0.04426668 0.07666832 0.09420857 0.10606016 0.05470392 0.17282006 0.06896366 0.049102593 0.07036433 0.0597718 0.047395058 0.050219193 0.06669367 0.12584504 0.047791548 0.046607263 0.096654594 0.06941293 0.06537292 0.05614522 0.044822328 0.067380585 0.11599271 0.06301227 0.06553133 0.122240566 0.09813033 0.059690237 0.12075769 0.058454998 0.05777499 0.10198514 0.073911525 0.09868887 0.05257708 0.063419074 0.09469663 0.055223778 0.051609825 0.101498604 0.064259745 0.054431427 0.08397081 0.05428026 0.086760424 0.05429973 0.05255759 0.06543727 0.079291806 0.10412003 0.06343162 0.07209912 0.07892079 0.11395984 0.07312043 0.07077015 0.05442137 0.08033941 0.071862 0.15626276 0.08312345 0.059145167 0.12767504 0.06015529 0.07378918 0.08511012 0.07412183 0.06346484 0.11175555 0.052310906 0.06698186 0.12784141 0.20618412 0.07746193 0.15562196 0.075368635 0.054255553 0.04410849 0.05204832 0.04218166 0.07602364 0.09583245 0.05533168 0.05593485 0.083432704 0.06471058 0.118354775 0.045368686 0.1218606 0.07527828 0.059045658 0.05658511 0.052329168 0.06093922 0.06269456 0.06597156 0.06269039 0.08355649 0.048420753 0.09540698 0.08173305 0.07130052 0.067551926 0.0912559 0.06762302 0.122163974 0.061619792 0.053263873 0.06587636 0.05835595 0.10318543 0.04990004 0.08483794 0.0665043 0.13095649 0.05916972 0.060629323 0.04890925 0.094961785 0.08217658 0.15604284 0.09364739 0.055026934 0.079533726 0.06952107 0.09934932 0.11776231 0.17822132 0.11519441 0.17056514 0.17932856 0.048212793 0.056488186 0.050037596 0.09134691 0.08882584 0.097693674 0.08268544 0.11400572 0.2528566 0.06483517 0.17524976 0.057364244 0.09055475 0.15247789 0.073239654 0.044853706 0.06852831 0.06625765 0.051393732 0.064275205 0.0789273 0.09230976 0.06171002 0.26574117 0.08248097 0.070749305 0.117272064 0.07403052 0.047570515 0.11828039 0.11084591 0.07086827 0.078050695 0.12304706 0.06996608 0.0779638 0.088232726 0.064861275 0.0910861 0.077668786 0.09459404 0.052723758 0.051134575 0.0800025 0.10594557 0.0695015 0.08387 0.07698638 0.08495294 0.072175376 0.07044303 0.06335904 0.057943698 0.12667648 0.065454 0.04634769 0.054252602 0.12520173 0.1128534 0.055486273 0.075987116 0.04335609 0.09125608 0.12029341 0.05684987 0.076966345 0.059009597 0.050541814 0.07556088 0.09300586 0.036629375 0.05233957 0.07804875 0.050394922 0.0679509 0.05958513 0.09902399 0.07270075 0.0931772 0.108928554,0.05617678 0.054361373 0.08082004 0.047922473 0.10083836 0.07202088 0.0599241 0.051353905 0.066557914 0.08650151 0.14318824 0.08102366 0.06206463 0.08058 0.05875133 0.058835935 0.048127785 0.0916027 0.062957376 0.11293001 0.09442208 0.043866012 0.062122587 0.061167583 0.06154392 0.16884206 0.039338443 0.05569021 0.09705749 0.07881373 0.086482264 0.047336422 0.08365551 0.08298779 0.07255988 0.0690282 0.056618273 0.09663953 0.068402514 0.06554512 0.054134257 0.05271064 0.07317701 0.07194549 0.08844427 0.08662945 0.06982109 0.051685274 0.09951615 0.0575513 0.07042136 0.07220107 0.10012112 0.12108048 0.071733676 0.029442396 0.07268625 0.06509007 0.04921174 0.10717848 0.057499193 0.04064291 0.07218191 0.09044699 0.17837244 0.07226479 0.09366172 0.05975876 0.1843086 0.06721301 0.06698572 0.1127022 0.08014962 0.21468726 0.062375754 0.12175545 0.05202914 0.16874507 0.044893563 0.067920096 0.05993155 0.0736412 0.075581096 0.19377108 0.12453539 0.10589348 0.051418472 0.072897494 0.07000698 0.06470002 0.09224648 0.063064694 0.083199956 0.056155246 0.0936531 0.07875087 0.056079872 0.06250835 0.06419469 0.1693679 0.07536692 0.081976235 0.040971715 0.07245276 0.060241014 0.10628676 0.17895018 0.08006932 0.09091728 0.04995031 0.08026306 0.08527725 0.087861665 0.05949876 0.08722844 0.08378118 0.07383255 0.02643802 0.054418046 0.10511519 0.06908631 0.08758448 0.14827919 0.053565074 0.08722459 0.05102842 0.102692194 0.07189859 0.10298232 0.0682862 0.06569255 0.10342652 0.0837049 0.095249206 0.07191952 0.06945462 0.12797199 0.06177417 0.08624422 0.0783662 0.0666182 0.047499906 0.08946164 0.14806318 0.05715874 0.055227093 0.032343626 0.076008365 0.086329244 0.12708868 0.18782511 0.1765286 0.100680575 0.047505856 0.06479549 0.10576906 0.054128423 0.059434872 0.07252435 0.07541695 0.09054268 0.06942333 0.054136883 0.04546387 0.07640184 0.12245596 0.07876719 0.079484284 0.04580171 0.07018432 0.06630753 0.07693325 0.07832566 0.061522923 0.11644883 0.09773644 0.06135208 0.07782429 0.054135166 0.079138726 0.06137619 0.043074924 0.0675306 0.063049145 0.060057916 0.032712642 0.06266163 0.09372842 0.047868162 0.060179047 0.063149825 0.07681432 0.041211598 0.07887098 0.07103533 0.058567733 0.0655997 0.056322254 0.07502339 0.07648562 0.10810992 0.058545493 0.059609212 0.07749534 0.06639247 0.059325576 0.068208024 0.048181288 0.07439262 0.0681607 0.06709198 0.12422524 0.12694612 0.06604503 0.06103325 0.07139897 0.08652202 0.04946311 0.061096057 0.04816807 0.075284146 0.08006952 0.05580464 0.13302654 0.05434801 0.13452132 0.0702656 0.14832757 0.08083359 0.0792905 0.094191395 0.09483149 0.18005462 0.10106643 0.06239122 0.03754228 0.0809237 0.03891738 0.0898513 0.09980495 0.1041635 0.04610295 0.05504237 0.055958316 0.05726773 0.044859726 0.089935005 0.06978148 0.071013555 0.056727834 0.059962664 0.06363483 0.08051862 0.072396174 0.08788183 0.090048544 0.051764287 0.05907781 0.09592002 0.05617832 0.08061133 0.09105643 0.11060997 0.07272161 0.06672577 0.08713441 0.06010339 0.069703735 0.06915425 0.06735185 0.046921298 0.042088322 0.11972571 0.065933 0.047028985 0.07788788 0.11187371 0.074528806 0.061618365 0.06875833 0.0593882 0.08461205 0.06890395 0.060691003 0.051472217 0.08610714 0.06983835 0.0916949 0.08496109 0.053038787 0.083563656 0.13369362 0.055788625 0.07770451 0.0753761 0.17092513 0.07802023 0.038197882 0.0672589 0.054114968 0.07285631 0.044261277 0.076658964 0.09419707 0.10604721 0.054697245 0.17279896 0.06895525 0.049096603 0.07035575 0.059764504 0.047389276 0.050213065 0.06668553 0.1258297 0.047785718 0.046601575 0.0966428 0.06940446 0.06536494 0.056138366 0.044816855 0.06737237 0.115978554 0.06300458 0.06552333 0.12222564 0.09811835 0.05968295 0.120742954 0.058447864 0.057767943 0.1019727 0.07390251 0.09867683 0.05257066 0.06341133 0.09468508 0.05521704 0.05160353 0.10148622 0.06425191 0.054424785 0.083960555 0.054273635 0.08674984 0.054293104 0.052551176 0.065429285 0.07928213 0.10410732 0.06342388 0.07209032 0.07891116 0.11394594 0.07311151 0.07076152 0.054414727 0.080329604 0.07185323 0.15624368 0.08311331 0.05913795 0.12765947 0.060147952 0.07378018 0.085099734 0.07411279 0.0634571 0.111741915 0.052304525 0.066973686 0.12782581 0.12885879 0.07745247 0.15560298 0.07535944 0.05424893 0.04410311 0.05204197 0.04217651 0.076014355 0.09582076 0.05532493 0.05592802 0.08342253 0.06470268 0.118340336 0.045363147 0.12184573 0.075269096 0.05903845 0.056578208 0.05232278 0.06093178 0.062686905 0.065963514 0.06268274 0.083546296 0.04841484 0.095395334 0.08172307 0.07129182 0.067543685 0.091244765 0.06761477 0.122149065 0.061612274 0.053257372 0.06586832 0.05834883 0.10317284 0.049893953 0.084827594 0.06649618 0.13094051 0.059162498 0.060621925 0.04890328 0.09495019 0.08216655 0.1560238 0.09363596 0.05502022 0.07952402 0.06951258 0.09933719 0.11774794 0.17819957 0.11518035 0.17054433 0.17930669 0.048206907 0.056481294 0.05003149 0.09133576 0.088814996 0.09768175 0.082675345 0.113991804 0.25282574 0.064827256 0.17522836 0.05735724 0.090543695 0.15245928 0.07323072 0.04484823 0.06851994 0.06624956 0.051387463 0.06426736 0.07891767 0.09229849 0.06170249 0.19928966 0.0824709 0.07074067 0.11725775 0.07402149 0.047564708 0.11826595 0.110832386 0.07085962 0.078041166 0.12303205 0.06995754 0.077954285 0.08822195 0.064853355 0.09107498 0.07765931 0.09458249 0.052717324 0.051128335 0.079992734 0.10593264 0.06949301 0.083859764 0.076976985 0.08494258 0.07216657 0.07043443 0.0633513 0.057936627 0.12666102 0.06544601 0.04634203 0.05424598 0.12518644 0.11283963 0.055479504 0.07597785 0.043350797 0.09124494 0.12027872 0.05684293 0.07695696 0.059002396 0.05053565 0.07555167 0.0929945 0.036624905 0.052333184 0.07803922 0.050388772 0.067942604 0.05957786 0.099011905 0.07269187 0.09316583 0.10891526,,
888,3x3x512x512,0.056183636 0.054368008 0.0808299 0.047928322 0.10085067 0.07202967 0.059931416 0.05136017 0.06656604 0.08651207 0.14320572 0.08103356 0.062072206 0.08058984 0.0587585 0.058843113 0.04813366 0.091613874 0.062965065 0.11294379 0.094433606 0.043871365 0.06213017 0.06117505 0.061551433 0.16886267 0.039343245 0.055697005 0.09706934 0.07882335 0.08649282 0.0473422 0.08366572 0.08299792 0.07256873 0.069036625 0.056625184 0.09665132 0.06841086 0.06555312 0.054140862 0.052717075 0.07318594 0.071954265 0.088455066 0.08664002 0.06982961 0.051691584 0.099528305 0.05755832 0.07042995 0.07220989 0.10013334 0.121095255 0.07174243 0.02944599 0.07269511 0.06509802 0.04921775 0.10719156 0.05750621 0.040647868 0.072190724 0.09045803 0.17839421 0.07227361 0.093673155 0.059766054 0.18433109 0.06722121 0.0669939 0.11271596 0.0801594 0.21471345 0.062383365 0.12177031 0.05203549 0.16876566 0.044899043 0.06792838 0.059938863 0.073650196 0.07559032 0.19379473 0.12455059 0.1059064 0.051424745 0.07290639 0.07001553 0.06470792 0.09225774 0.06307239 0.08321011 0.0561621 0.09366453 0.07876048 0.05608672 0.06251598 0.06420252 0.16938858 0.075376116 0.08198624 0.040976718 0.072461605 0.060248364 0.10629973 0.17897202 0.080079086 0.09092838 0.049956404 0.08027286 0.08528766 0.08787239 0.059506025 0.08723909 0.083791405 0.07384156 0.026441248 0.05442469 0.10512802 0.06909475 0.08759517 0.14829728 0.05357161 0.087235235 0.051034648 0.10270473 0.071907364 0.10299489 0.06829453 0.06570057 0.10343915 0.083715126 0.095260836 0.0719283 0.0694631 0.12798761 0.06178171 0.086254746 0.078375764 0.06662633 0.047505707 0.089472555 0.14808126 0.057165712 0.055233836 0.03234757 0.07601764 0.08633978 0.1271042 0.18784805 0.17655015 0.10069287 0.047511656 0.0648034 0.105781965 0.054135032 0.05944213 0.0725332 0.07542616 0.09055374 0.06943181 0.05414349 0.04546942 0.07641116 0.12247091 0.07877681 0.079493985 0.0458073 0.07019289 0.06631563 0.076942645 0.07833522 0.06153043 0.116463035 0.09774837 0.06135957 0.07783379 0.05414177 0.07914839 0.061383683 0.043080185 0.06753885 0.06305684 0.060065243 0.032716636 0.06266928 0.09373987 0.047874007 0.06018639 0.06315753 0.076823704 0.04121663 0.07888061 0.071044 0.05857488 0.065607704 0.05632913 0.07503255 0.076494955 0.108123116 0.058552638 0.059616487 0.07750479 0.066400565 0.059332814 0.06821635 0.048187166 0.07440169 0.06816901 0.06710017 0.1242404 0.12696162 0.06605309 0.061040696 0.07140768 0.086532585 0.049469143 0.061103515 0.04817395 0.07529334 0.08007929 0.055811454 0.13304277 0.05435464 0.13453774 0.070274174 0.14834568 0.080843456 0.07930018 0.09420289 0.09484306 0.1800766 0.10107876 0.062398836 0.037546862 0.08093357 0.03892213 0.089862265 0.099817134 0.104176216 0.046108574 0.05504909 0.055965148 0.05727472 0.044865202 0.08994599 0.06979 0.07102223 0.056734756 0.05996998 0.0636426 0.080528446 0.07240501 0.087892555 0.09005953 0.051770605 0.05908502 0.09593173 0.056185175 0.08062117 0.09106754 0.11062347 0.07273049 0.06673391 0.08714505 0.060110725 0.069712244 0.06916269 0.06736007 0.046927027 0.04209346 0.11974033 0.06594104 0.047034726 0.077897385 0.11188736 0.0745379 0.061625887 0.06876673 0.05939545 0.084622376 0.068912365 0.060698412 0.0514785 0.08611765 0.069846876 0.09170609 0.08497146 0.05304526 0.083573855 0.13370994 0.055795435 0.077713996 0.0753853 0.17094599 0.07802975 0.038202543 0.06726711 0.054121573 0.072865196 0.04426668 0.07666832 0.09420857 0.10606016 0.05470392 0.17282006 0.06896366 0.049102593 0.07036433 0.0597718 0.047395058 0.050219193 0.06669367 0.12584504 0.047791548 0.046607263 0.096654594 0.06941293 0.06537292 0.05614522 0.044822328 0.067380585 0.11599271 0.06301227 0.06553133 0.122240566 0.09813033 0.059690237 0.12075769 0.058454998 0.05777499 0.10198514 0.073911525 0.09868887 0.05257708 0.063419074 0.09469663 0.055223778 0.051609825 0.101498604 0.064259745 0.054431427 0.08397081 0.05428026 0.086760424 0.05429973 0.05255759 0.06543727 0.079291806 0.10412003 0.06343162 0.07209912 0.07892079 0.11395984 0.07312043 0.07077015 0.05442137 0.08033941 0.071862 0.15626276 0.08312345 0.059145167 0.12767504 0.06015529 0.07378918 0.08511012 0.07412183 0.06346484 0.11175555 0.052310906 0.06698186 0.12784141 0.20618412 0.07746193 0.15562196 0.075368635 0.054255553 0.04410849 0.05204832 0.04218166 0.07602364 0.09583245 0.05533168 0.05593485 0.083432704 0.06471058 0.118354775 0.045368686 0.1218606 0.07527828 0.059045658 0.05658511 0.052329168 0.06093922 0.06269456 0.06597156 0.06269039 0.08355649 0.048420753 0.09540698 0.08173305 0.07130052 0.067551926 0.0912559 0.06762302 0.122163974 0.061619792 0.053263873 0.06587636 0.05835595 0.10318543 0.04990004 0.08483794 0.0665043 0.13095649 0.05916972 0.060629323 0.04890925 0.094961785 0.08217658 0.15604284 0.09364739 0.055026934 0.079533726 0.06952107 0.09934932 0.11776231 0.17822132 0.11519441 0.17056514 0.17932856 0.048212793 0.056488186 0.050037596 0.09134691 0.08882584 0.097693674 0.08268544 0.11400572 0.2528566 0.06483517 0.17524976 0.057364244 0.09055475 0.15247789 0.073239654 0.044853706 0.06852831 0.06625765 0.051393732 0.064275205 0.0789273 0.09230976 0.06171002 0.26574117 0.08248097 0.070749305 0.117272064 0.07403052 0.047570515 0.11828039 0.11084591 0.07086827 0.078050695 0.12304706 0.06996608 0.0779638 0.088232726 0.064861275 0.0910861 0.077668786 0.09459404 0.052723758 0.051134575 0.0800025 0.10594557 0.0695015 0.08387 0.07698638 0.08495294 0.072175376 0.07044303 0.06335904 0.057943698 0.12667648 0.065454 0.04634769 0.054252602 0.12520173 0.1128534 0.055486273 0.075987116 0.04335609 0.09125608 0.12029341 0.05684987 0.076966345 0.059009597 0.050541814 0.07556088 0.09300586 0.036629375 0.05233957 0.07804875 0.050394922 0.0679509 0.05958513 0.09902399 0.07270075 0.0931772 0.108928554,0.05617678 0.054361373 0.08082004 0.047922473 0.10083836 0.07202088 0.0599241 0.051353905 0.066557914 0.08650151 0.14318824 0.08102366 0.06206463 0.08058 0.05875133 0.058835935 0.048127785 0.0916027 0.062957376 0.11293001 0.09442208 0.043866012 0.062122587 0.061167583 0.06154392 0.16884206 0.039338443 0.05569021 0.09705749 0.07881373 0.086482264 0.047336422 0.08365551 0.08298779 0.07255988 0.0690282 0.056618273 0.09663953 0.068402514 0.06554512 0.054134257 0.05271064 0.07317701 0.07194549 0.08844427 0.08662945 0.06982109 0.051685274 0.09951615 0.0575513 0.07042136 0.07220107 0.10012112 0.12108048 0.071733676 0.029442396 0.07268625 0.06509007 0.04921174 0.10717848 0.057499193 0.04064291 0.07218191 0.09044699 0.17837244 0.07226479 0.09366172 0.05975876 0.1843086 0.06721301 0.06698572 0.1127022 0.08014962 0.21468726 0.062375754 0.12175545 0.05202914 0.16874507 0.044893563 0.067920096 0.05993155 0.0736412 0.075581096 0.19377108 0.12453539 0.10589348 0.051418472 0.072897494 0.07000698 0.06470002 0.09224648 0.063064694 0.083199956 0.056155246 0.0936531 0.07875087 0.056079872 0.06250835 0.06419469 0.1693679 0.07536692 0.081976235 0.040971715 0.07245276 0.060241014 0.10628676 0.17895018 0.08006932 0.09091728 0.04995031 0.08026306 0.08527725 0.087861665 0.05949876 0.08722844 0.08378118 0.07383255 0.02643802 0.054418046 0.10511519 0.06908631 0.08758448 0.14827919 0.053565074 0.08722459 0.05102842 0.102692194 0.07189859 0.10298232 0.0682862 0.06569255 0.10342652 0.0837049 0.095249206 0.07191952 0.06945462 0.12797199 0.06177417 0.08624422 0.0783662 0.0666182 0.047499906 0.08946164 0.14806318 0.05715874 0.055227093 0.032343626 0.076008365 0.086329244 0.12708868 0.18782511 0.1765286 0.100680575 0.047505856 0.06479549 0.10576906 0.054128423 0.059434872 0.07252435 0.07541695 0.09054268 0.06942333 0.054136883 0.04546387 0.07640184 0.12245596 0.07876719 0.079484284 0.04580171 0.07018432 0.06630753 0.07693325 0.07832566 0.061522923 0.11644883 0.09773644 0.06135208 0.07782429 0.054135166 0.079138726 0.06137619 0.043074924 0.0675306 0.063049145 0.060057916 0.032712642 0.06266163 0.09372842 0.047868162 0.060179047 0.063149825 0.07681432 0.041211598 0.07887098 0.07103533 0.058567733 0.0655997 0.056322254 0.07502339 0.07648562 0.10810992 0.058545493 0.059609212 0.07749534 0.06639247 0.059325576 0.068208024 0.048181288 0.07439262 0.0681607 0.06709198 0.12422524 0.12694612 0.06604503 0.06103325 0.07139897 0.08652202 0.04946311 0.061096057 0.04816807 0.075284146 0.08006952 0.05580464 0.13302654 0.05434801 0.13452132 0.0702656 0.14832757 0.08083359 0.0792905 0.094191395 0.09483149 0.18005462 0.10106643 0.06239122 0.03754228 0.0809237 0.03891738 0.0898513 0.09980495 0.1041635 0.04610295 0.05504237 0.055958316 0.05726773 0.044859726 0.089935005 0.06978148 0.071013555 0.056727834 0.059962664 0.06363483 0.08051862 0.072396174 0.08788183 0.090048544 0.051764287 0.05907781 0.09592002 0.05617832 0.08061133 0.09105643 0.11060997 0.07272161 0.06672577 0.08713441 0.06010339 0.069703735 0.06915425 0.06735185 0.046921298 0.042088322 0.11972571 0.065933 0.047028985 0.07788788 0.11187371 0.074528806 0.061618365 0.06875833 0.0593882 0.08461205 0.06890395 0.060691003 0.051472217 0.08610714 0.06983835 0.0916949 0.08496109 0.053038787 0.083563656 0.13369362 0.055788625 0.07770451 0.0753761 0.17092513 0.07802023 0.038197882 0.0672589 0.054114968 0.07285631 0.044261277 0.076658964 0.09419707 0.10604721 0.054697245 0.17279896 0.06895525 0.049096603 0.07035575 0.059764504 0.047389276 0.050213065 0.06668553 0.1258297 0.047785718 0.046601575 0.0966428 0.06940446 0.06536494 0.056138366 0.044816855 0.06737237 0.115978554 0.06300458 0.06552333 0.12222564 0.09811835 0.05968295 0.120742954 0.058447864 0.057767943 0.1019727 0.07390251 0.09867683 0.05257066 0.06341133 0.09468508 0.05521704 0.05160353 0.10148622 0.06425191 0.054424785 0.083960555 0.054273635 0.08674984 0.054293104 0.052551176 0.065429285 0.07928213 0.10410732 0.06342388 0.07209032 0.07891116 0.11394594 0.07311151 0.07076152 0.054414727 0.080329604 0.07185323 0.15624368 0.08311331 0.05913795 0.12765947 0.060147952 0.07378018 0.085099734 0.07411279 0.0634571 0.111741915 0.052304525 0.066973686 0.12782581 0.12885879 0.07745247 0.15560298 0.07535944 0.05424893 0.04410311 0.05204197 0.04217651 0.076014355 0.09582076 0.05532493 0.05592802 0.08342253 0.06470268 0.118340336 0.045363147 0.12184573 0.075269096 0.05903845 0.056578208 0.05232278 0.06093178 0.062686905 0.065963514 0.06268274 0.083546296 0.04841484 0.095395334 0.08172307 0.07129182 0.067543685 0.091244765 0.06761477 0.122149065 0.061612274 0.053257372 0.06586832 0.05834883 0.10317284 0.049893953 0.084827594 0.06649618 0.13094051 0.059162498 0.060621925 0.04890328 0.09495019 0.08216655 0.1560238 0.09363596 0.05502022 0.07952402 0.06951258 0.09933719 0.11774794 0.17819957 0.11518035 0.17054433 0.17930669 0.048206907 0.056481294 0.05003149 0.09133576 0.088814996 0.09768175 0.082675345 0.113991804 0.25282574 0.064827256 0.17522836 0.05735724 0.090543695 0.15245928 0.07323072 0.04484823 0.06851994 0.06624956 0.051387463 0.06426736 0.07891767 0.09229849 0.06170249 0.19928966 0.0824709 0.07074067 0.11725775 0.07402149 0.047564708 0.11826595 0.110832386 0.07085962 0.078041166 0.12303205 0.06995754 0.077954285 0.08822195 0.064853355 0.09107498 0.07765931 0.09458249 0.052717324 0.051128335 0.079992734 0.10593264 0.06949301 0.083859764 0.076976985 0.08494258 0.07216657 0.07043443 0.0633513 0.057936627 0.12666102 0.06544601 0.04634203 0.05424598 0.12518644 0.11283963 0.055479504 0.07597785 0.043350797 0.09124494 0.12027872 0.05684293 0.07695696 0.059002396 0.05053565 0.07555167 0.0929945 0.036624905 0.052333184 0.07803922 0.050388772 0.067942604 0.05957786 0.099011905 0.07269187 0.09316583 0.10891526,,
892,3x3x512x512,0.056183636 0.054368008 0.0808299 0.047928322 0.10085067 0.07202967 0.059931416 0.05136017 0.06656604 0.08651207 0.14320572 0.08103356 0.062072206 0.08058984 0.0587585 0.058843113 0.04813366 0.091613874 0.062965065 0.11294379 0.094433606 0.043871365 0.06213017 0.06117505 0.061551433 0.16886267 0.039343245 0.055697005 0.09706934 0.07882335 0.08649282 0.0473422 0.08366572 0.08299792 0.07256873 0.069036625 0.056625184 0.09665132 0.06841086 0.06555312 0.054140862 0.052717075 0.07318594 0.071954265 0.088455066 0.08664002 0.06982961 0.051691584 0.099528305 0.05755832 0.07042995 0.07220989 0.10013334 0.121095255 0.07174243 0.02944599 0.07269511 0.06509802 0.04921775 0.10719156 0.05750621 0.040647868 0.072190724 0.09045803 0.17839421 0.07227361 0.093673155 0.059766054 0.18433109 0.06722121 0.0669939 0.11271596 0.0801594 0.21471345 0.062383365 0.12177031 0.05203549 0.16876566 0.044899043 0.06792838 0.059938863 0.073650196 0.07559032 0.19379473 0.12455059 0.1059064 0.051424745 0.07290639 0.07001553 0.06470792 0.09225774 0.06307239 0.08321011 0.0561621 0.09366453 0.07876048 0.05608672 0.06251598 0.06420252 0.16938858 0.075376116 0.08198624 0.040976718 0.072461605 0.060248364 0.10629973 0.17897202 0.080079086 0.09092838 0.049956404 0.08027286 0.08528766 0.08787239 0.059506025 0.08723909 0.083791405 0.07384156 0.026441248 0.05442469 0.10512802 0.06909475 0.08759517 0.14829728 0.05357161 0.087235235 0.051034648 0.10270473 0.071907364 0.10299489 0.06829453 0.06570057 0.10343915 0.083715126 0.095260836 0.0719283 0.0694631 0.12798761 0.06178171 0.086254746 0.078375764 0.06662633 0.047505707 0.089472555 0.14808126 0.057165712 0.055233836 0.03234757 0.07601764 0.08633978 0.1271042 0.18784805 0.17655015 0.10069287 0.047511656 0.0648034 0.105781965 0.054135032 0.05944213 0.0725332 0.07542616 0.09055374 0.06943181 0.05414349 0.04546942 0.07641116 0.12247091 0.07877681 0.079493985 0.0458073 0.07019289 0.06631563 0.076942645 0.07833522 0.06153043 0.116463035 0.09774837 0.06135957 0.07783379 0.05414177 0.07914839 0.061383683 0.043080185 0.06753885 0.06305684 0.060065243 0.032716636 0.06266928 0.09373987 0.047874007 0.06018639 0.06315753 0.076823704 0.04121663 0.07888061 0.071044 0.05857488 0.065607704 0.05632913 0.07503255 0.076494955 0.108123116 0.058552638 0.059616487 0.07750479 0.066400565 0.059332814 0.06821635 0.048187166 0.07440169 0.06816901 0.06710017 0.1242404 0.12696162 0.06605309 0.061040696 0.07140768 0.086532585 0.049469143 0.061103515 0.04817395 0.07529334 0.08007929 0.055811454 0.13304277 0.05435464 0.13453774 0.070274174 0.14834568 0.080843456 0.07930018 0.09420289 0.09484306 0.1800766 0.10107876 0.062398836 0.037546862 0.08093357 0.03892213 0.089862265 0.099817134 0.104176216 0.046108574 0.05504909 0.055965148 0.05727472 0.044865202 0.08994599 0.06979 0.07102223 0.056734756 0.05996998 0.0636426 0.080528446 0.07240501 0.087892555 0.09005953 0.051770605 0.05908502 0.09593173 0.056185175 0.08062117 0.09106754 0.11062347 0.07273049 0.06673391 0.08714505 0.060110725 0.069712244 0.06916269 0.06736007 0.046927027 0.04209346 0.11974033 0.06594104 0.047034726 0.077897385 0.11188736 0.0745379 0.061625887 0.06876673 0.05939545 0.084622376 0.068912365 0.060698412 0.0514785 0.08611765 0.069846876 0.09170609 0.08497146 0.05304526 0.083573855 0.13370994 0.055795435 0.077713996 0.0753853 0.17094599 0.07802975 0.038202543 0.06726711 0.054121573 0.072865196 0.04426668 0.07666832 0.09420857 0.10606016 0.05470392 0.17282006 0.06896366 0.049102593 0.07036433 0.0597718 0.047395058 0.050219193 0.06669367 0.12584504 0.047791548 0.046607263 0.096654594 0.06941293 0.06537292 0.05614522 0.044822328 0.067380585 0.11599271 0.06301227 0.06553133 0.122240566 0.09813033 0.059690237 0.12075769 0.058454998 0.05777499 0.10198514 0.073911525 0.09868887 0.05257708 0.063419074 0.09469663 0.055223778 0.051609825 0.101498604 0.064259745 0.054431427 0.08397081 0.05428026 0.086760424 0.05429973 0.05255759 0.06543727 0.079291806 0.10412003 0.06343162 0.07209912 0.07892079 0.11395984 0.07312043 0.07077015 0.05442137 0.08033941 0.071862 0.15626276 0.08312345 0.059145167 0.12767504 0.06015529 0.07378918 0.08511012 0.07412183 0.06346484 0.11175555 0.052310906 0.06698186 0.12784141 0.20618412 0.07746193 0.15562196 0.075368635 0.054255553 0.04410849 0.05204832 0.04218166 0.07602364 0.09583245 0.05533168 0.05593485 0.083432704 0.06471058 0.118354775 0.045368686 0.1218606 0.07527828 0.059045658 0.05658511 0.052329168 0.06093922 0.06269456 0.06597156 0.06269039 0.08355649 0.048420753 0.09540698 0.08173305 0.07130052 0.067551926 0.0912559 0.06762302 0.122163974 0.061619792 0.053263873 0.06587636 0.05835595 0.10318543 0.04990004 0.08483794 0.0665043 0.13095649 0.05916972 0.060629323 0.04890925 0.094961785 0.08217658 0.15604284 0.09364739 0.055026934 0.079533726 0.06952107 0.09934932 0.11776231 0.17822132 0.11519441 0.17056514 0.17932856 0.048212793 0.056488186 0.050037596 0.09134691 0.08882584 0.097693674 0.08268544 0.11400572 0.2528566 0.06483517 0.17524976 0.057364244 0.09055475 0.15247789 0.073239654 0.044853706 0.06852831 0.06625765 0.051393732 0.064275205 0.0789273 0.09230976 0.06171002 0.26574117 0.08248097 0.070749305 0.117272064 0.07403052 0.047570515 0.11828039 0.11084591 0.07086827 0.078050695 0.12304706 0.06996608 0.0779638 0.088232726 0.064861275 0.0910861 0.077668786 0.09459404 0.052723758 0.051134575 0.0800025 0.10594557 0.0695015 0.08387 0.07698638 0.08495294 0.072175376 0.07044303 0.06335904 0.057943698 0.12667648 0.065454 0.04634769 0.054252602 0.12520173 0.1128534 0.055486273 0.075987116 0.04335609 0.09125608 0.12029341 0.05684987 0.076966345 0.059009597 0.050541814 0.07556088 0.09300586 0.036629375 0.05233957 0.07804875 0.050394922 0.0679509 0.05958513 0.09902399 0.07270075 0.0931772 0.108928554,0.05617678 0.054361373 0.08082004 0.047922473 0.10083836 0.07202088 0.0599241 0.051353905 0.066557914 0.08650151 0.14318824 0.08102366 0.06206463 0.08058 0.05875133 0.058835935 0.048127785 0.0916027 0.062957376 0.11293001 0.09442208 0.043866012 0.062122587 0.061167583 0.06154392 0.16884206 0.039338443 0.05569021 0.09705749 0.07881373 0.086482264 0.047336422 0.08365551 0.08298779 0.07255988 0.0690282 0.056618273 0.09663953 0.068402514 0.06554512 0.054134257 0.05271064 0.07317701 0.07194549 0.08844427 0.08662945 0.06982109 0.051685274 0.09951615 0.0575513 0.07042136 0.07220107 0.10012112 0.12108048 0.071733676 0.029442396 0.07268625 0.06509007 0.04921174 0.10717848 0.057499193 0.04064291 0.07218191 0.09044699 0.17837244 0.07226479 0.09366172 0.05975876 0.1843086 0.06721301 0.06698572 0.1127022 0.08014962 0.21468726 0.062375754 0.12175545 0.05202914 0.16874507 0.044893563 0.067920096 0.05993155 0.0736412 0.075581096 0.19377108 0.12453539 0.10589348 0.051418472 0.072897494 0.07000698 0.06470002 0.09224648 0.063064694 0.083199956 0.056155246 0.0936531 0.07875087 0.056079872 0.06250835 0.06419469 0.1693679 0.07536692 0.081976235 0.040971715 0.07245276 0.060241014 0.10628676 0.17895018 0.08006932 0.09091728 0.04995031 0.08026306 0.08527725 0.087861665 0.05949876 0.08722844 0.08378118 0.07383255 0.02643802 0.054418046 0.10511519 0.06908631 0.08758448 0.14827919 0.053565074 0.08722459 0.05102842 0.102692194 0.07189859 0.10298232 0.0682862 0.06569255 0.10342652 0.0837049 0.095249206 0.07191952 0.06945462 0.12797199 0.06177417 0.08624422 0.0783662 0.0666182 0.047499906 0.08946164 0.14806318 0.05715874 0.055227093 0.032343626 0.076008365 0.086329244 0.12708868 0.18782511 0.1765286 0.100680575 0.047505856 0.06479549 0.10576906 0.054128423 0.059434872 0.07252435 0.07541695 0.09054268 0.06942333 0.054136883 0.04546387 0.07640184 0.12245596 0.07876719 0.079484284 0.04580171 0.07018432 0.06630753 0.07693325 0.07832566 0.061522923 0.11644883 0.09773644 0.06135208 0.07782429 0.054135166 0.079138726 0.06137619 0.043074924 0.0675306 0.063049145 0.060057916 0.032712642 0.06266163 0.09372842 0.047868162 0.060179047 0.063149825 0.07681432 0.041211598 0.07887098 0.07103533 0.058567733 0.0655997 0.056322254 0.07502339 0.07648562 0.10810992 0.058545493 0.059609212 0.07749534 0.06639247 0.059325576 0.068208024 0.048181288 0.07439262 0.0681607 0.06709198 0.12422524 0.12694612 0.06604503 0.06103325 0.07139897 0.08652202 0.04946311 0.061096057 0.04816807 0.075284146 0.08006952 0.05580464 0.13302654 0.05434801 0.13452132 0.0702656 0.14832757 0.08083359 0.0792905 0.094191395 0.09483149 0.18005462 0.10106643 0.06239122 0.03754228 0.0809237 0.03891738 0.0898513 0.09980495 0.1041635 0.04610295 0.05504237 0.055958316 0.05726773 0.044859726 0.089935005 0.06978148 0.071013555 0.056727834 0.059962664 0.06363483 0.08051862 0.072396174 0.08788183 0.090048544 0.051764287 0.05907781 0.09592002 0.05617832 0.08061133 0.09105643 0.11060997 0.07272161 0.06672577 0.08713441 0.06010339 0.069703735 0.06915425 0.06735185 0.046921298 0.042088322 0.11972571 0.065933 0.047028985 0.07788788 0.11187371 0.074528806 0.061618365 0.06875833 0.0593882 0.08461205 0.06890395 0.060691003 0.051472217 0.08610714 0.06983835 0.0916949 0.08496109 0.053038787 0.083563656 0.13369362 0.055788625 0.07770451 0.0753761 0.17092513 0.07802023 0.038197882 0.0672589 0.054114968 0.07285631 0.044261277 0.076658964 0.09419707 0.10604721 0.054697245 0.17279896 0.06895525 0.049096603 0.07035575 0.059764504 0.047389276 0.050213065 0.06668553 0.1258297 0.047785718 0.046601575 0.0966428 0.06940446 0.06536494 0.056138366 0.044816855 0.06737237 0.115978554 0.06300458 0.06552333 0.12222564 0.09811835 0.05968295 0.120742954 0.058447864 0.057767943 0.1019727 0.07390251 0.09867683 0.05257066 0.06341133 0.09468508 0.05521704 0.05160353 0.10148622 0.06425191 0.054424785 0.083960555 0.054273635 0.08674984 0.054293104 0.052551176 0.065429285 0.07928213 0.10410732 0.06342388 0.07209032 0.07891116 0.11394594 0.07311151 0.07076152 0.054414727 0.080329604 0.07185323 0.15624368 0.08311331 0.05913795 0.12765947 0.060147952 0.07378018 0.085099734 0.07411279 0.0634571 0.111741915 0.052304525 0.066973686 0.12782581 0.12885879 0.07745247 0.15560298 0.07535944 0.05424893 0.04410311 0.05204197 0.04217651 0.076014355 0.09582076 0.05532493 0.05592802 0.08342253 0.06470268 0.118340336 0.045363147 0.12184573 0.075269096 0.05903845 0.056578208 0.05232278 0.06093178 0.062686905 0.065963514 0.06268274 0.083546296 0.04841484 0.095395334 0.08172307 0.07129182 0.067543685 0.091244765 0.06761477 0.122149065 0.061612274 0.053257372 0.06586832 0.05834883 0.10317284 0.049893953 0.084827594 0.06649618 0.13094051 0.059162498 0.060621925 0.04890328 0.09495019 0.08216655 0.1560238 0.09363596 0.05502022 0.07952402 0.06951258 0.09933719 0.11774794 0.17819957 0.11518035 0.17054433 0.17930669 0.048206907 0.056481294 0.05003149 0.09133576 0.088814996 0.09768175 0.082675345 0.113991804 0.25282574 0.064827256 0.17522836 0.05735724 0.090543695 0.15245928 0.07323072 0.04484823 0.06851994 0.06624956 0.051387463 0.06426736 0.07891767 0.09229849 0.06170249 0.19928966 0.0824709 0.07074067 0.11725775 0.07402149 0.047564708 0.11826595 0.110832386 0.07085962 0.078041166 0.12303205 0.06995754 0.077954285 0.08822195 0.064853355 0.09107498 0.07765931 0.09458249 0.052717324 0.051128335 0.079992734 0.10593264 0.06949301 0.083859764 0.076976985 0.08494258 0.07216657 0.07043443 0.0633513 0.057936627 0.12666102 0.06544601 0.04634203 0.05424598 0.12518644 0.11283963 0.055479504 0.07597785 0.043350797 0.09124494 0.12027872 0.05684293 0.07695696 0.059002396 0.05053565 0.07555167 0.0929945 0.036624905 0.052333184 0.07803922 0.050388772 0.067942604 0.05957786 0.099011905 0.07269187 0.09316583 0.10891526,,
896,3x3x512x512,0.056183636 0.054368008 0.0808299 0.047928322 0.10085067 0.07202967 0.059931416 0.05136017 0.06656604 0.08651207 0.14320572 0.08103356 0.062072206 0.08058984 0.0587585 0.058843113 0.04813366 0.091613874 0.062965065 0.11294379 0.094433606 0.043871365 0.06213017 0.06117505 0.061551433 0.16886267 0.039343245 0.055697005 0.09706934 0.07882335 0.08649282 0.0473422 0.08366572 0.08299792 0.07256873 0.069036625 0.056625184 0.09665132 0.06841086 0.06555312 0.054140862 0.052717075 0.07318594 0.071954265 0.088455066 0.08664002 0.06982961 0.051691584 0.099528305 0.05755832 0.07042995 0.07220989 0.10013334 0.121095255 0.07174243 0.02944599 0.07269511 0.06509802 0.04921775 0.10719156 0.05750621 0.040647868 0.072190724 0.09045803 0.17839421 0.07227361 0.093673155 0.059766054 0.18433109 0.06722121 0.0669939 0.11271596 0.0801594 0.21471345 0.062383365 0.12177031 0.05203549 0.16876566 0.044899043 0.06792838 0.059938863 0.073650196 0.07559032 0.19379473 0.12455059 0.1059064 0.051424745 0.07290639 0.07001553 0.06470792 0.09225774 0.06307239 0.08321011 0.0561621 0.09366453 0.07876048 0.05608672 0.06251598 0.06420252 0.16938858 0.075376116 0.08198624 0.040976718 0.072461605 0.060248364 0.10629973 0.17897202 0.080079086 0.09092838 0.049956404 0.08027286 0.08528766 0.08787239 0.059506025 0.08723909 0.083791405 0.07384156 0.026441248 0.05442469 0.10512802 0.06909475 0.08759517 0.14829728 0.05357161 0.087235235 0.051034648 0.10270473 0.071907364 0.10299489 0.06829453 0.06570057 0.10343915 0.083715126 0.095260836 0.0719283 0.0694631 0.12798761 0.06178171 0.086254746 0.078375764 0.06662633 0.047505707 0.089472555 0.14808126 0.057165712 0.055233836 0.03234757 0.07601764 0.08633978 0.1271042 0.18784805 0.17655015 0.10069287 0.047511656 0.0648034 0.105781965 0.054135032 0.05944213 0.0725332 0.07542616 0.09055374 0.06943181 0.05414349 0.04546942 0.07641116 0.12247091 0.07877681 0.079493985 0.0458073 0.07019289 0.06631563 0.076942645 0.07833522 0.06153043 0.116463035 0.09774837 0.06135957 0.07783379 0.05414177 0.07914839 0.061383683 0.043080185 0.06753885 0.06305684 0.060065243 0.032716636 0.06266928 0.09373987 0.047874007 0.06018639 0.06315753 0.076823704 0.04121663 0.07888061 0.071044 0.05857488 0.065607704 0.05632913 0.07503255 0.076494955 0.108123116 0.058552638 0.059616487 0.07750479 0.066400565 0.059332814 0.06821635 0.048187166 0.07440169 0.06816901 0.06710017 0.1242404 0.12696162 0.06605309 0.061040696 0.07140768 0.086532585 0.049469143 0.061103515 0.04817395 0.07529334 0.08007929 0.055811454 0.13304277 0.05435464 0.13453774 0.070274174 0.14834568 0.080843456 0.07930018 0.09420289 0.09484306 0.1800766 0.10107876 0.062398836 0.037546862 0.08093357 0.03892213 0.089862265 0.099817134 0.104176216 0.046108574 0.05504909 0.055965148 0.05727472 0.044865202 0.08994599 0.06979 0.07102223 0.056734756 0.05996998 0.0636426 0.080528446 0.07240501 0.087892555 0.09005953 0.051770605 0.05908502 0.09593173 0.056185175 0.08062117 0.09106754 0.11062347 0.07273049 0.06673391 0.08714505 0.060110725 0.069712244 0.06916269 0.06736007 0.046927027 0.04209346 0.11974033 0.06594104 0.047034726 0.077897385 0.11188736 0.0745379 0.061625887 0.06876673 0.05939545 0.084622376 0.068912365 0.060698412 0.0514785 0.08611765 0.069846876 0.09170609 0.08497146 0.05304526 0.083573855 0.13370994 0.055795435 0.077713996 0.0753853 0.17094599 0.07802975 0.038202543 0.06726711 0.054121573 0.072865196 0.04426668 0.07666832 0.09420857 0.10606016 0.05470392 0.17282006 0.06896366 0.049102593 0.07036433 0.0597718 0.047395058 0.050219193 0.06669367 0.12584504 0.047791548 0.046607263 0.096654594 0.06941293 0.06537292 0.05614522 0.044822328 0.067380585 0.11599271 0.06301227 0.06553133 0.122240566 0.09813033 0.059690237 0.12075769 0.058454998 0.05777499 0.10198514 0.073911525 0.09868887 0.05257708 0.063419074 0.09469663 0.055223778 0.051609825 0.101498604 0.064259745 0.054431427 0.08397081 0.05428026 0.086760424 0.05429973 0.05255759 0.06543727 0.079291806 0.10412003 0.06343162 0.07209912 0.07892079 0.11395984 0.07312043 0.07077015 0.05442137 0.08033941 0.071862 0.15626276 0.08312345 0.059145167 0.12767504 0.06015529 0.07378918 0.08511012 0.07412183 0.06346484 0.11175555 0.052310906 0.06698186 0.12784141 0.20618412 0.07746193 0.15562196 0.075368635 0.054255553 0.04410849 0.05204832 0.04218166 0.07602364 0.09583245 0.05533168 0.05593485 0.083432704 0.06471058 0.118354775 0.045368686 0.1218606 0.07527828 0.059045658 0.05658511 0.052329168 0.06093922 0.06269456 0.06597156 0.06269039 0.08355649 0.048420753 0.09540698 0.08173305 0.07130052 0.067551926 0.0912559 0.06762302 0.122163974 0.061619792 0.053263873 0.06587636 0.05835595 0.10318543 0.04990004 0.08483794 0.0665043 0.13095649 0.05916972 0.060629323 0.04890925 0.094961785 0.08217658 0.15604284 0.09364739 0.055026934 0.079533726 0.06952107 0.09934932 0.11776231 0.17822132 0.11519441 0.17056514 0.17932856 0.048212793 0.056488186 0.050037596 0.09134691 0.08882584 0.097693674 0.08268544 0.11400572 0.2528566 0.06483517 0.17524976 0.057364244 0.09055475 0.15247789 0.073239654 0.044853706 0.06852831 0.06625765 0.051393732 0.064275205 0.0789273 0.09230976 0.06171002 0.26574117 0.08248097 0.070749305 0.117272064 0.07403052 0.047570515 0.11828039 0.11084591 0.07086827 0.078050695 0.12304706 0.06996608 0.0779638 0.088232726 0.064861275 0.0910861 0.077668786 0.09459404 0.052723758 0.051134575 0.0800025 0.10594557 0.0695015 0.08387 0.07698638 0.08495294 0.072175376 0.07044303 0.06335904 0.057943698 0.12667648 0.065454 0.04634769 0.054252602 0.12520173 0.1128534 0.055486273 0.075987116 0.04335609 0.09125608 0.12029341 0.05684987 0.076966345 0.059009597 0.050541814 0.07556088 0.09300586 0.036629375 0.05233957 0.07804875 0.050394922 0.0679509 0.05958513 0.09902399 0.07270075 0.0931772 0.108928554,0.05617678 0.054361373 0.08082004 0.047922473 0.10083836 0.07202088 0.0599241 0.051353905 0.066557914 0.08650151 0.14318824 0.08102366 0.06206463 0.08058 0.05875133 0.058835935 0.048127785 0.0916027 0.062957376 0.11293001 0.09442208 0.043866012 0.062122587 0.061167583 0.06154392 0.16884206 0.039338443 0.05569021 0.09705749 0.07881373 0.086482264 0.047336422 0.08365551 0.08298779 0.07255988 0.0690282 0.056618273 0.09663953 0.068402514 0.06554512 0.054134257 0.05271064 0.07317701 0.07194549 0.08844427 0.08662945 0.06982109 0.051685274 0.09951615 0.0575513 0.07042136 0.07220107 0.10012112 0.12108048 0.071733676 0.029442396 0.07268625 0.06509007 0.04921174 0.10717848 0.057499193 0.04064291 0.07218191 0.09044699 0.17837244 0.07226479 0.09366172 0.05975876 0.1843086 0.06721301 0.06698572 0.1127022 0.08014962 0.21468726 0.062375754 0.12175545 0.05202914 0.16874507 0.044893563 0.067920096 0.05993155 0.0736412 0.075581096 0.19377108 0.12453539 0.10589348 0.051418472 0.072897494 0.07000698 0.06470002 0.09224648 0.063064694 0.083199956 0.056155246 0.0936531 0.07875087 0.056079872 0.06250835 0.06419469 0.1693679 0.07536692 0.081976235 0.040971715 0.07245276 0.060241014 0.10628676 0.17895018 0.08006932 0.09091728 0.04995031 0.08026306 0.08527725 0.087861665 0.05949876 0.08722844 0.08378118 0.07383255 0.02643802 0.054418046 0.10511519 0.06908631 0.08758448 0.14827919 0.053565074 0.08722459 0.05102842 0.102692194 0.07189859 0.10298232 0.0682862 0.06569255 0.10342652 0.0837049 0.095249206 0.07191952 0.06945462 0.12797199 0.06177417 0.08624422 0.0783662 0.0666182 0.047499906 0.08946164 0.14806318 0.05715874 0.055227093 0.032343626 0.076008365 0.086329244 0.12708868 0.18782511 0.1765286 0.100680575 0.047505856 0.06479549 0.10576906 0.054128423 0.059434872 0.07252435 0.07541695 0.09054268 0.06942333 0.054136883 0.04546387 0.07640184 0.12245596 0.07876719 0.079484284 0.04580171 0.07018432 0.06630753 0.07693325 0.07832566 0.061522923 0.11644883 0.09773644 0.06135208 0.07782429 0.054135166 0.079138726 0.06137619 0.043074924 0.0675306 0.063049145 0.060057916 0.032712642 0.06266163 0.09372842 0.047868162 0.060179047 0.063149825 0.07681432 0.041211598 0.07887098 0.07103533 0.058567733 0.0655997 0.056322254 0.07502339 0.07648562 0.10810992 0.058545493 0.059609212 0.07749534 0.06639247 0.059325576 0.068208024 0.048181288 0.07439262 0.0681607 0.06709198 0.12422524 0.12694612 0.06604503 0.06103325 0.07139897 0.08652202 0.04946311 0.061096057 0.04816807 0.075284146 0.08006952 0.05580464 0.13302654 0.05434801 0.13452132 0.0702656 0.14832757 0.08083359 0.0792905 0.094191395 0.09483149 0.18005462 0.10106643 0.06239122 0.03754228 0.0809237 0.03891738 0.0898513 0.09980495 0.1041635 0.04610295 0.05504237 0.055958316 0.05726773 0.044859726 0.089935005 0.06978148 0.071013555 0.056727834 0.059962664 0.06363483 0.08051862 0.072396174 0.08788183 0.090048544 0.051764287 0.05907781 0.09592002 0.05617832 0.08061133 0.09105643 0.11060997 0.07272161 0.06672577 0.08713441 0.06010339 0.069703735 0.06915425 0.06735185 0.046921298 0.042088322 0.11972571 0.065933 0.047028985 0.07788788 0.11187371 0.074528806 0.061618365 0.06875833 0.0593882 0.08461205 0.06890395 0.060691003 0.051472217 0.08610714 0.06983835 0.0916949 0.08496109 0.053038787 0.083563656 0.13369362 0.055788625 0.07770451 0.0753761 0.17092513 0.07802023 0.038197882 0.0672589 0.054114968 0.07285631 0.044261277 0.076658964 0.09419707 0.10604721 0.054697245 0.17279896 0.06895525 0.049096603 0.07035575 0.059764504 0.047389276 0.050213065 0.06668553 0.1258297 0.047785718 0.046601575 0.0966428 0.06940446 0.06536494 0.056138366 0.044816855 0.06737237 0.115978554 0.06300458 0.06552333 0.12222564 0.09811835 0.05968295 0.120742954 0.058447864 0.057767943 0.1019727 0.07390251 0.09867683 0.05257066 0.06341133 0.09468508 0.05521704 0.05160353 0.10148622 0.06425191 0.054424785 0.083960555 0.054273635 0.08674984 0.054293104 0.052551176 0.065429285 0.07928213 0.10410732 0.06342388 0.07209032 0.07891116 0.11394594 0.07311151 0.07076152 0.054414727 0.080329604 0.07185323 0.15624368 0.08311331 0.05913795 0.12765947 0.060147952 0.07378018 0.085099734 0.07411279 0.0634571 0.111741915 0.052304525 0.066973686 0.12782581 0.12885879 0.07745247 0.15560298 0.07535944 0.05424893 0.04410311 0.05204197 0.04217651 0.076014355 0.09582076 0.05532493 0.05592802 0.08342253 0.06470268 0.118340336 0.045363147 0.12184573 0.075269096 0.05903845 0.056578208 0.05232278 0.06093178 0.062686905 0.065963514 0.06268274 0.083546296 0.04841484 0.095395334 0.08172307 0.07129182 0.067543685 0.091244765 0.06761477 0.122149065 0.061612274 0.053257372 0.06586832 0.05834883 0.10317284 0.049893953 0.084827594 0.06649618 0.13094051 0.059162498 0.060621925 0.04890328 0.09495019 0.08216655 0.1560238 0.09363596 0.05502022 0.07952402 0.06951258 0.09933719 0.11774794 0.17819957 0.11518035 0.17054433 0.17930669 0.048206907 0.056481294 0.05003149 0.09133576 0.088814996 0.09768175 0.082675345 0.113991804 0.25282574 0.064827256 0.17522836 0.05735724 0.090543695 0.15245928 0.07323072 0.04484823 0.06851994 0.06624956 0.051387463 0.06426736 0.07891767 0.09229849 0.06170249 0.19928966 0.0824709 0.07074067 0.11725775 0.07402149 0.047564708 0.11826595 0.110832386 0.07085962 0.078041166 0.12303205 0.06995754 0.077954285 0.08822195 0.064853355 0.09107498 0.07765931 0.09458249 0.052717324 0.051128335 0.079992734 0.10593264 0.06949301 0.083859764 0.076976985 0.08494258 0.07216657 0.07043443 0.0633513 0.057936627 0.12666102 0.06544601 0.04634203 0.05424598 0.12518644 0.11283963 0.055479504 0.07597785 0.043350797 0.09124494 0.12027872 0.05684293 0.07695696 0.059002396 0.05053565 0.07555167 0.0929945 0.036624905 0.052333184 0.07803922 0.050388772 0.067942604 0.05957786 0.099011905 0.07269187 0.09316583 0.10891526,,
914,1x1x256x512,0.008141973 0.011010648 0.014899102 0.0069721136 0.018800167 0.014463179 0.012135621 0.012213185 0.0039836196 0.021580305 0.0086881565 0.019512916 0.012814152 0.0077745896 0.013271178 0.009386006 0.007916345 0.013482475 0.009547159 0.036636624 0.034734033 0.012696031 0.022666074 0.014385401 0.013581912 0.029470049 0.015985474 0.011911313 0.014705096 0.009969011 0.012774491 0.009041405 0.018804878 0.024214545 0.02356967 0.014714615 0.006930818 0.012583169 0.010142645 0.014003683 0.009470214 0.01161257 0.0145018585 0.017270561 0.014535355 0.016102586 0.016432492 0.0073348754 0.01579608 0.019309802 0.013441072 0.0123770125 0.020518934 0.019988898 0.015388705 0.010147459 0.01588367 0.012898048 0.02118407 0.008221176 0.017567173 0.020957913 0.009791148 0.023855053 0.011947197 0.022126384 0.020562375 0.009627456 0.01631905 0.012782078 0.0070324587 0.015108916 0.023320636 0.007046611 0.01261927 0.027815407 0.01223236 0.022817591 0.009542784 0.013278821 0.025565457 0.011954386 0.024988864 0.02750896 0.015440002 0.02272669 0.011381691 0.015921945 0.014071478 0.008476891 0.011197699 0.008931576 0.019239912 0.022109069 0.011730286 0.009607117 0.014470951 0.009711142 0.011073001 0.038437735 0.009915297 0.00911995 0.014564277 0.016175982 0.011394267 0.061429236 0.011224513 0.013603161 0.009733183 0.013512636 0.017657539 0.018054834 0.016260501 0.019917753 0.02016106 0.017616794 0.012410089 0.021455107 0.015172191 0.017520137 0.023975667 0.01201246 0.011177982 0.0075819762 0.018196171 0.007760864 0.01547047 0.0047232425 0.016859738 0.011000644 0.0127539635 0.014708478 0.013424263 0.010464556 0.024364915 0.015429542 0.011109149 0.008635602 0.017666934 0.0045870123 0.015422686 0.029218309 0.014407217 0.019476006 0.0084675355 0.011825335 0.012426867 0.027752548 0.009890346 0.017077915 0.0061903787 0.023300773 0.010171902 0.012345045 0.014969018 0.0123757245 0.012094277 0.010854807 0.010982161 0.021449499 0.010948499 0.009039945 0.011923106 0.005893446 0.020893957 0.017040508 0.02548511 0.012278487 0.011247159 0.010313803 0.0156017 0.016047763 0.0077083604 0.011412531 0.022646016 0.015857708 0.015607156 0.012845079 0.016932538 0.009143326 0.024425875 0.017197013 0.009518238 0.017138474 0.014744213 0.006082777 0.0143645285 0.01069572 0.011856394 0.011988796 0.025302567 0.026982516 0.010872403 0.012635193 0.008997775 0.0101463515 0.010248086 0.02028654 0.013012438 0.013923603 0.0135552855 0.013250839 0.0071315994 0.009677574 0.021012837 0.012277735 0.013771069 0.01701567 0.013731409 0.010564322 0.015754107 0.033185933 0.007272288 0.016756166 0.01368646 0.008630933 0.017834796 0.010291956 0.0088327965 0.0076488624 0.04232588 0.030930834 0.0127931405 0.02100318 0.01292649 0.0405277 0.022235775 0.03006573 0.026701087 0.016138323 0.005654086 0.018104736 0.031816676 0.011008928 0.017580029 0.008695849 0.008978752 0.016852014 0.014063619 0.0140079595 0.023003437 0.008707846 0.009142474 0.009578702 0.01218587 0.009054458 0.0076283435 0.018524038 0.015755486 0.010229832 0.018214108 0.021005342 0.023811849 0.017786358 0.006363149 0.006057974 0.010398452 0.006912211 0.0099035865 0.026044898 0.00907283 0.0053886133 0.010202509 0.024702288 0.015856927 0.015945474 0.008783555 0.016153144 0.016308507 0.006960819 0.008966793 0.0070620435 0.031569514 0.015258433 0.007841164 0.012780006 0.023931963 0.017619044 0.0073691043 0.012014957 0.018447727 0.013800427 0.018013528 0.022498323 0.005105962 0.017567692 0.010503711 0.028342769 0.013236663 0.011972562 0.026124818 0.016646389 0.011067908 0.016154591 0.01763277 0.020149587 0.011342203 0.007954537 0.016935369 0.009207728 0.012714025 0.013222215 0.009729953 0.01707921 0.010381836 0.015601476 0.011672119 0.011174328 0.013187604 0.007988384 0.017085485 0.014580883 0.009335499 0.014186579 0.017806215 0.011454586 0.013258106 0.020707449 0.013767124 0.0019516024 0.009783756 0.006718478 0.009180117 0.020501869 0.013943232 0.02619788 0.014258895 0.0286927 0.0145294955 0.017627139 0.010486598 0.013466687 0.016211992 0.009779502 0.014907965 0.012784711 0.01125805 0.009300729 0.008943143 0.014729514 0.011148994 0.0049232948 0.014969119 0.012576921 0.013956972 0.017488612 0.019863768 0.009703357 0.015391969 0.006334386 0.014167657 0.0129894735 0.040423755 0.015338725 0.012611478 0.023752091 0.011337816 0.012341739 0.016261283 0.013748866 0.0053697205 0.0293607 0.009347891 0.019974375 0.012367545 0.011037969 0.017271092 0.011557899 0.012868853 0.0072075757 0.017482027 0.022430012 0.024698706 0.010514546 0.010451651 0.02814142 0.021702047 0.013478014 0.012516367 0.01784377 0.008481857 0.024795996 0.018401474 0.013294767 0.0072708847 0.027051691 0.016074331 0.029978875 0.009524983 0.015644904 0.015843526 0.011856104 0.01257129 0.011446382 0.014790299 0.015545061 0.02524532 0.016904552 0.012118733 0.016754163 0.022476297 0.013977864 0.014515588 0.007962993 0.0054074917 0.010976719 0.012746387 0.007497605 0.009271507 0.012403773 0.015522975 0.019997308 0.0139649175 0.01850358 0.012063878 0.021615745 0.01273963 0.009555084 0.007800458 0.021660844 0.01217271 0.040451054 0.028436044 0.010367698 0.0099816015 0.017159749 0.010284313 0.0057165287 0.027868548 0.0071121026 0.009695807 0.013848549 0.010781377 0.010574341 0.009308328 0.012840128 0.020551994 0.026228879 0.018742448 0.019713528 0.005987722 0.012748437 0.025938457 0.012490796 0.010765117 0.024515536 0.013511027 0.01376828 0.018179556 0.0141983805 0.013881864 0.01752255 0.011905763 0.017885882 0.01638 0.042194717 0.015706634 0.009582693 0.027678475 0.01249062 0.0070783347 0.013622414 0.012679404 0.013630688 0.03209082 0.013227582 0.032723144 0.010697433 0.0107610915 0.017098194 0.01008642 0.02272438 0.01596244 0.0130669065 0.014251566 0.033733066 0.03374553 0.00865108 0.013096083 0.0063821976 0.012250964 0.009878569 0.01500773 0.01255354 0.023298737 0.014422992 0.013566369 0.014700393 0.014585452 0.034510337 0.020828579 0.026918873 0.012487854 0.0075814673 0.009719274 0.0188564 0.015307367 0.010704002 0.013706358 0.010539511 0.02092873 0.018377818 0.008122399 0.015254488 0.009943768 0.01032639 0.009552731 0.022882594 0.027760234 0.022152303 0.0128371995 0.011580008,0.008140979 0.011009304 0.014897283 0.0069712624 0.018797873 0.014461413 0.012134139 0.012211694 0.0039831335 0.021577671 0.008687096 0.019510534 0.012812588 0.007773641 0.013269559 0.00938486 0.007915379 0.01348083 0.009545994 0.036632154 0.034729794 0.012694482 0.022663308 0.014383646 0.013580254 0.029466452 0.015983522 0.011909859 0.014703302 0.009967794 0.012772932 0.009040302 0.018802583 0.024211591 0.023566792 0.01471282 0.0069299717 0.012581633 0.010141407 0.014001974 0.009469058 0.011611153 0.014500088 0.017268455 0.014533582 0.01610062 0.016430488 0.00733398 0.015794152 0.019307446 0.013439431 0.012375502 0.02051643 0.01998646 0.015386827 0.010146221 0.015881732 0.012896474 0.021181485 0.0082201725 0.017565029 0.020955356 0.009789953 0.023852142 0.011945739 0.022123685 0.020559866 0.009626281 0.016317058 0.012780518 0.0070316005 0.015107072 0.02331779 0.007045751 0.012617731 0.027812012 0.0122308675 0.022814807 0.009541619 0.0132772 0.025562337 0.011952927 0.024985813 0.0275056 0.015438117 0.022723917 0.011380302 0.015920002 0.01406976 0.008475856 0.011196332 0.008930486 0.019237565 0.022106372 0.011728855 0.009605944 0.014469184 0.009709957 0.011071649 0.038433045 0.009914086 0.009118837 0.0145625 0.016174007 0.0113928765 0.061421737 0.011223143 0.0136015015 0.009731995 0.013510987 0.017655384 0.01805263 0.016258515 0.019915322 0.0201586 0.017614642 0.012408575 0.02145249 0.0151703395 0.017517999 0.02397274 0.012010994 0.011176618 0.007581051 0.01819395 0.007759917 0.015468582 0.004722666 0.016857682 0.010999302 0.012752406 0.014706682 0.013422625 0.010463278 0.02436194 0.015427659 0.011107794 0.008634549 0.017664779 0.0045864526 0.015420804 0.029214742 0.014405458 0.01947363 0.008466503 0.011823893 0.01242535 0.02774916 0.009889139 0.017075831 0.006189623 0.02329793 0.010170661 0.012343539 0.014967192 0.012374215 0.012092801 0.0108534815 0.010980821 0.02144688 0.010947163 0.009038842 0.011921651 0.005892727 0.020891408 0.017038427 0.025481999 0.0122769885 0.011245786 0.010312545 0.015599796 0.016045803 0.00770742 0.011411138 0.022643251 0.015855772 0.015605251 0.012843512 0.01693047 0.009142211 0.024422893 0.017194916 0.0095170755 0.017136382 0.014742414 0.0060820347 0.014362775 0.010694415 0.011854948 0.011987333 0.025299478 0.026979223 0.010871077 0.0126336515 0.008996677 0.010145114 0.010246836 0.020284064 0.01301085 0.013921904 0.013553631 0.013249221 0.007130729 0.009676393 0.021010272 0.012276237 0.013769389 0.017013593 0.0137297325 0.010563032 0.015752185 0.033181883 0.0072714007 0.01675412 0.01368479 0.00862988 0.01783262 0.010290701 0.008831718 0.0076479292 0.042320717 0.03092706 0.012791579 0.021000616 0.012924912 0.040522758 0.022233061 0.03006206 0.026697828 0.016136352 0.005653396 0.018102527 0.03181279 0.011007585 0.017577883 0.008694788 0.008977657 0.016849957 0.014061903 0.014006251 0.02300063 0.008706783 0.009141359 0.009577533 0.012184382 0.009053352 0.0076274127 0.018521778 0.015753562 0.010228584 0.018211884 0.021002777 0.023808943 0.017784186 0.0063623725 0.006057235 0.010397184 0.0069113676 0.009902378 0.026041718 0.009071723 0.005387956 0.010201264 0.024699273 0.015854992 0.01594353 0.008782483 0.016151171 0.016306518 0.006959969 0.008965699 0.0070611816 0.031565662 0.015256571 0.007840208 0.012778447 0.023929043 0.017616892 0.0073682046 0.01201349 0.018445477 0.013798743 0.01801133 0.022495577 0.005105339 0.017565548 0.010502429 0.02833931 0.013235048 0.011971101 0.026121631 0.016644359 0.011066557 0.016152618 0.017630616 0.020147128 0.011340818 0.007953566 0.016933303 0.009206605 0.012712473 0.013220602 0.009728765 0.017077126 0.010380569 0.015599571 0.011670695 0.011172963 0.013185995 0.007987409 0.017083399 0.014579104 0.009334359 0.0141848475 0.017804043 0.011453188 0.013256487 0.020704921 0.013765444 0.0019513642 0.009782562 0.006717658 0.009178997 0.020499365 0.01394153 0.026194682 0.014257154 0.028689198 0.014527722 0.017624987 0.0104853185 0.013465044 0.016210014 0.009778309 0.014906147 0.01278315 0.011256675 0.009299594 0.008942052 0.014727716 0.011147633 0.0049226936 0.014967293 0.012575386 0.013955269 0.017486477 0.019861342 0.009702173 0.015390091 0.006333613 0.014165929 0.012987888 0.04041882 0.015336853 0.012609939 0.023749193 0.011336433 0.012340232 0.016259298 0.013747188 0.005369065 0.029357119 0.009346751 0.019971939 0.012366036 0.011036621 0.017268986 0.011556489 0.012867282 0.007206696 0.017479893 0.022427276 0.02469569 0.010513263 0.010450376 0.028137986 0.021699399 0.013476369 0.01251484 0.017841592 0.008480822 0.024792971 0.01839923 0.013293144 0.0072699976 0.027048388 0.01607237 0.029975217 0.009523821 0.015642995 0.015841592 0.011854658 0.012569755 0.011444985 0.014788494 0.015543164 0.02524224 0.01690249 0.012117254 0.01675212 0.022473555 0.013976159 0.014513817 0.007962021 0.005406832 0.010975379 0.012744831 0.00749669 0.009270376 0.012402259 0.01552108 0.019994868 0.013963213 0.01850132 0.012062405 0.021613106 0.012738075 0.009553918 0.0077995057 0.0216582 0.012171225 0.040446118 0.028432574 0.010366433 0.009980383 0.017157653 0.0102830585 0.005715831 0.027865147 0.0071112346 0.009694624 0.013846859 0.010780061 0.010573051 0.009307192 0.012838561 0.020549487 0.026225679 0.01874016 0.019711124 0.005986991 0.012746882 0.02593529 0.012489271 0.0107638035 0.024512542 0.013509378 0.0137666 0.018177338 0.014196648 0.01388017 0.017520411 0.01190431 0.0178837 0.016378002 0.042189565 0.015704717 0.009581524 0.027675096 0.012489095 0.007077471 0.013620752 0.012677857 0.013629025 0.0320869 0.013225967 0.03271915 0.010696127 0.010759778 0.017096106 0.01008519 0.022721607 0.015960492 0.013065311 0.014249827 0.03372895 0.033741415 0.008650024 0.013094485 0.006381419 0.012249468 0.009877363 0.015005899 0.012552008 0.023295894 0.014421232 0.013564714 0.0146985985 0.014583671 0.034506127 0.020826038 0.02691559 0.012486329 0.007580542 0.009718088 0.018854098 0.015305499 0.010702697 0.0137046855 0.010538225 0.020926174 0.018375576 0.008121408 0.0152526265 0.009942555 0.01032513 0.009551565 0.0228798 0.027756846 0.022149598 0.012835633 0.011578594,,
918,1x1x256x512,0.008141973 0.011010648 0.014899102 0.0069721136 0.018800167 0.014463179 0.012135621 0.012213185 0.0039836196 0.021580305 0.0086881565 0.019512916 0.012814152 0.0077745896 0.013271178 0.009386006 0.007916345 0.013482475 0.009547159 0.036636624 0.034734033 0.012696031 0.022666074 0.014385401 0.013581912 0.029470049 0.015985474 0.011911313 0.014705096 0.009969011 0.012774491 0.009041405 0.018804878 0.024214545 0.02356967 0.014714615 0.006930818 0.012583169 0.010142645 0.014003683 0.009470214 0.01161257 0.0145018585 0.017270561 0.014535355 0.016102586 0.016432492 0.0073348754 0.01579608 0.019309802 0.013441072 0.0123770125 0.020518934 0.019988898 0.015388705 0.010147459 0.01588367 0.012898048 0.02118407 0.008221176 0.017567173 0.020957913 0.009791148 0.023855053 0.011947197 0.022126384 0.020562375 0.009627456 0.01631905 0.012782078 0.0070324587 0.015108916 0.023320636 0.007046611 0.01261927 0.027815407 0.01223236 0.022817591 0.009542784 0.013278821 0.025565457 0.011954386 0.024988864 0.02750896 0.015440002 0.02272669 0.011381691 0.015921945 0.014071478 0.008476891 0.011197699 0.008931576 0.019239912 0.022109069 0.011730286 0.009607117 0.014470951 0.009711142 0.011073001 0.038437735 0.009915297 0.00911995 0.014564277 0.016175982 0.011394267 0.061429236 0.011224513 0.013603161 0.009733183 0.013512636 0.017657539 0.018054834 0.016260501 0.019917753 0.02016106 0.017616794 0.012410089 0.021455107 0.015172191 0.017520137 0.023975667 0.01201246 0.011177982 0.0075819762 0.018196171 0.007760864 0.01547047 0.0047232425 0.016859738 0.011000644 0.0127539635 0.014708478 0.013424263 0.010464556 0.024364915 0.015429542 0.011109149 0.008635602 0.017666934 0.0045870123 0.015422686 0.029218309 0.014407217 0.019476006 0.0084675355 0.011825335 0.012426867 0.027752548 0.009890346 0.017077915 0.0061903787 0.023300773 0.010171902 0.012345045 0.014969018 0.0123757245 0.012094277 0.010854807 0.010982161 0.021449499 0.010948499 0.009039945 0.011923106 0.005893446 0.020893957 0.017040508 0.02548511 0.012278487 0.011247159 0.010313803 0.0156017 0.016047763 0.0077083604 0.011412531 0.022646016 0.015857708 0.015607156 0.012845079 0.016932538 0.009143326 0.024425875 0.017197013 0.009518238 0.017138474 0.014744213 0.006082777 0.0143645285 0.01069572 0.011856394 0.011988796 0.025302567 0.026982516 0.010872403 0.012635193 0.008997775 0.0101463515 0.010248086 0.02028654 0.013012438 0.013923603 0.0135552855 0.013250839 0.0071315994 0.009677574 0.021012837 0.012277735 0.013771069 0.01701567 0.013731409 0.010564322 0.015754107 0.033185933 0.007272288 0.016756166 0.01368646 0.008630933 0.017834796 0.010291956 0.0088327965 0.0076488624 0.04232588 0.030930834 0.0127931405 0.02100318 0.01292649 0.0405277 0.022235775 0.03006573 0.026701087 0.016138323 0.005654086 0.018104736 0.031816676 0.011008928 0.017580029 0.008695849 0.008978752 0.016852014 0.014063619 0.0140079595 0.023003437 0.008707846 0.009142474 0.009578702 0.01218587 0.009054458 0.0076283435 0.018524038 0.015755486 0.010229832 0.018214108 0.021005342 0.023811849 0.017786358 0.006363149 0.006057974 0.010398452 0.006912211 0.0099035865 0.026044898 0.00907283 0.0053886133 0.010202509 0.024702288 0.015856927 0.015945474 0.008783555 0.016153144 0.016308507 0.006960819 0.008966793 0.0070620435 0.031569514 0.015258433 0.007841164 0.012780006 0.023931963 0.017619044 0.0073691043 0.012014957 0.018447727 0.013800427 0.018013528 0.022498323 0.005105962 0.017567692 0.010503711 0.028342769 0.013236663 0.011972562 0.026124818 0.016646389 0.011067908 0.016154591 0.01763277 0.020149587 0.011342203 0.007954537 0.016935369 0.009207728 0.012714025 0.013222215 0.009729953 0.01707921 0.010381836 0.015601476 0.011672119 0.011174328 0.013187604 0.007988384 0.017085485 0.014580883 0.009335499 0.014186579 0.017806215 0.011454586 0.013258106 0.020707449 0.013767124 0.0019516024 0.009783756 0.006718478 0.009180117 0.020501869 0.013943232 0.02619788 0.014258895 0.0286927 0.0145294955 0.017627139 0.010486598 0.013466687 0.016211992 0.009779502 0.014907965 0.012784711 0.01125805 0.009300729 0.008943143 0.014729514 0.011148994 0.0049232948 0.014969119 0.012576921 0.013956972 0.017488612 0.019863768 0.009703357 0.015391969 0.006334386 0.014167657 0.0129894735 0.040423755 0.015338725 0.012611478 0.023752091 0.011337816 0.012341739 0.016261283 0.013748866 0.0053697205 0.0293607 0.009347891 0.019974375 0.012367545 0.011037969 0.017271092 0.011557899 0.012868853 0.0072075757 0.017482027 0.022430012 0.024698706 0.010514546 0.010451651 0.02814142 0.021702047 0.013478014 0.012516367 0.01784377 0.008481857 0.024795996 0.018401474 0.013294767 0.0072708847 0.027051691 0.016074331 0.029978875 0.009524983 0.015644904 0.015843526 0.011856104 0.01257129 0.011446382 0.014790299 0.015545061 0.02524532 0.016904552 0.012118733 0.016754163 0.022476297 0.013977864 0.014515588 0.007962993 0.0054074917 0.010976719 0.012746387 0.007497605 0.009271507 0.012403773 0.015522975 0.019997308 0.0139649175 0.01850358 0.012063878 0.021615745 0.01273963 0.009555084 0.007800458 0.021660844 0.01217271 0.040451054 0.028436044 0.010367698 0.0099816015 0.017159749 0.010284313 0.0057165287 0.027868548 0.0071121026 0.009695807 0.013848549 0.010781377 0.010574341 0.009308328 0.012840128 0.020551994 0.026228879 0.018742448 0.019713528 0.005987722 0.012748437 0.025938457 0.012490796 0.010765117 0.024515536 0.013511027 0.01376828 0.018179556 0.0141983805 0.013881864 0.01752255 0.011905763 0.017885882 0.01638 0.042194717 0.015706634 0.009582693 0.027678475 0.01249062 0.0070783347 0.013622414 0.012679404 0.013630688 0.03209082 0.013227582 0.032723144 0.010697433 0.0107610915 0.017098194 0.01008642 0.02272438 0.01596244 0.0130669065 0.014251566 0.033733066 0.03374553 0.00865108 0.013096083 0.0063821976 0.012250964 0.009878569 0.01500773 0.01255354 0.023298737 0.014422992 0.013566369 0.014700393 0.014585452 0.034510337 0.020828579 0.026918873 0.012487854 0.0075814673 0.009719274 0.0188564 0.015307367 0.010704002 0.013706358 0.010539511 0.02092873 0.018377818 0.008122399 0.015254488 0.009943768 0.01032639 0.009552731 0.022882594 0.027760234 0.022152303 0.0128371995 0.011580008,0.008140979 0.011009304 0.014897283 0.0069712624 0.018797873 0.014461413 0.012134139 0.012211694 0.0039831335 0.021577671 0.008687096 0.019510534 0.012812588 0.007773641 0.013269559 0.00938486 0.007915379 0.01348083 0.009545994 0.036632154 0.034729794 0.012694482 0.022663308 0.014383646 0.013580254 0.029466452 0.015983522 0.011909859 0.014703302 0.009967794 0.012772932 0.009040302 0.018802583 0.024211591 0.023566792 0.01471282 0.0069299717 0.012581633 0.010141407 0.014001974 0.009469058 0.011611153 0.014500088 0.017268455 0.014533582 0.01610062 0.016430488 0.00733398 0.015794152 0.019307446 0.013439431 0.012375502 0.02051643 0.01998646 0.015386827 0.010146221 0.015881732 0.012896474 0.021181485 0.0082201725 0.017565029 0.020955356 0.009789953 0.023852142 0.011945739 0.022123685 0.020559866 0.009626281 0.016317058 0.012780518 0.0070316005 0.015107072 0.02331779 0.007045751 0.012617731 0.027812012 0.0122308675 0.022814807 0.009541619 0.0132772 0.025562337 0.011952927 0.024985813 0.0275056 0.015438117 0.022723917 0.011380302 0.015920002 0.01406976 0.008475856 0.011196332 0.008930486 0.019237565 0.022106372 0.011728855 0.009605944 0.014469184 0.009709957 0.011071649 0.038433045 0.009914086 0.009118837 0.0145625 0.016174007 0.0113928765 0.061421737 0.011223143 0.0136015015 0.009731995 0.013510987 0.017655384 0.01805263 0.016258515 0.019915322 0.0201586 0.017614642 0.012408575 0.02145249 0.0151703395 0.017517999 0.02397274 0.012010994 0.011176618 0.007581051 0.01819395 0.007759917 0.015468582 0.004722666 0.016857682 0.010999302 0.012752406 0.014706682 0.013422625 0.010463278 0.02436194 0.015427659 0.011107794 0.008634549 0.017664779 0.0045864526 0.015420804 0.029214742 0.014405458 0.01947363 0.008466503 0.011823893 0.01242535 0.02774916 0.009889139 0.017075831 0.006189623 0.02329793 0.010170661 0.012343539 0.014967192 0.012374215 0.012092801 0.0108534815 0.010980821 0.02144688 0.010947163 0.009038842 0.011921651 0.005892727 0.020891408 0.017038427 0.025481999 0.0122769885 0.011245786 0.010312545 0.015599796 0.016045803 0.00770742 0.011411138 0.022643251 0.015855772 0.015605251 0.012843512 0.01693047 0.009142211 0.024422893 0.017194916 0.0095170755 0.017136382 0.014742414 0.0060820347 0.014362775 0.010694415 0.011854948 0.011987333 0.025299478 0.026979223 0.010871077 0.0126336515 0.008996677 0.010145114 0.010246836 0.020284064 0.01301085 0.013921904 0.013553631 0.013249221 0.007130729 0.009676393 0.021010272 0.012276237 0.013769389 0.017013593 0.0137297325 0.010563032 0.015752185 0.033181883 0.0072714007 0.01675412 0.01368479 0.00862988 0.01783262 0.010290701 0.008831718 0.0076479292 0.042320717 0.03092706 0.012791579 0.021000616 0.012924912 0.040522758 0.022233061 0.03006206 0.026697828 0.016136352 0.005653396 0.018102527 0.03181279 0.011007585 0.017577883 0.008694788 0.008977657 0.016849957 0.014061903 0.014006251 0.02300063 0.008706783 0.009141359 0.009577533 0.012184382 0.009053352 0.0076274127 0.018521778 0.015753562 0.010228584 0.018211884 0.021002777 0.023808943 0.017784186 0.0063623725 0.006057235 0.010397184 0.0069113676 0.009902378 0.026041718 0.009071723 0.005387956 0.010201264 0.024699273 0.015854992 0.01594353 0.008782483 0.016151171 0.016306518 0.006959969 0.008965699 0.0070611816 0.031565662 0.015256571 0.007840208 0.012778447 0.023929043 0.017616892 0.0073682046 0.01201349 0.018445477 0.013798743 0.01801133 0.022495577 0.005105339 0.017565548 0.010502429 0.02833931 0.013235048 0.011971101 0.026121631 0.016644359 0.011066557 0.016152618 0.017630616 0.020147128 0.011340818 0.007953566 0.016933303 0.009206605 0.012712473 0.013220602 0.009728765 0.017077126 0.010380569 0.015599571 0.011670695 0.011172963 0.013185995 0.007987409 0.017083399 0.014579104 0.009334359 0.0141848475 0.017804043 0.011453188 0.013256487 0.020704921 0.013765444 0.0019513642 0.009782562 0.006717658 0.009178997 0.020499365 0.01394153 0.026194682 0.014257154 0.028689198 0.014527722 0.017624987 0.0104853185 0.013465044 0.016210014 0.009778309 0.014906147 0.01278315 0.011256675 0.009299594 0.008942052 0.014727716 0.011147633 0.0049226936 0.014967293 0.012575386 0.013955269 0.017486477 0.019861342 0.009702173 0.015390091 0.006333613 0.014165929 0.012987888 0.04041882 0.015336853 0.012609939 0.023749193 0.011336433 0.012340232 0.016259298 0.013747188 0.005369065 0.029357119 0.009346751 0.019971939 0.012366036 0.011036621 0.017268986 0.011556489 0.012867282 0.007206696 0.017479893 0.022427276 0.02469569 0.010513263 0.010450376 0.028137986 0.021699399 0.013476369 0.01251484 0.017841592 0.008480822 0.024792971 0.01839923 0.013293144 0.0072699976 0.027048388 0.01607237 0.029975217 0.009523821 0.015642995 0.015841592 0.011854658 0.012569755 0.011444985 0.014788494 0.015543164 0.02524224 0.01690249 0.012117254 0.01675212 0.022473555 0.013976159 0.014513817 0.007962021 0.005406832 0.010975379 0.012744831 0.00749669 0.009270376 0.012402259 0.01552108 0.019994868 0.013963213 0.01850132 0.012062405 0.021613106 0.012738075 0.009553918 0.0077995057 0.0216582 0.012171225 0.040446118 0.028432574 0.010366433 0.009980383 0.017157653 0.0102830585 0.005715831 0.027865147 0.0071112346 0.009694624 0.013846859 0.010780061 0.010573051 0.009307192 0.012838561 0.020549487 0.026225679 0.01874016 0.019711124 0.005986991 0.012746882 0.02593529 0.012489271 0.0107638035 0.024512542 0.013509378 0.0137666 0.018177338 0.014196648 0.01388017 0.017520411 0.01190431 0.0178837 0.016378002 0.042189565 0.015704717 0.009581524 0.027675096 0.012489095 0.007077471 0.013620752 0.012677857 0.013629025 0.0320869 0.013225967 0.03271915 0.010696127 0.010759778 0.017096106 0.01008519 0.022721607 0.015960492 0.013065311 0.014249827 0.03372895 0.033741415 0.008650024 0.013094485 0.006381419 0.012249468 0.009877363 0.015005899 0.012552008 0.023295894 0.014421232 0.013564714 0.0146985985 0.014583671 0.034506127 0.020826038 0.02691559 0.012486329 0.007580542 0.009718088 0.018854098 0.015305499 0.010702697 0.0137046855 0.010538225 0.020926174 0.018375576 0.008121408 0.0152526265 0.009942555 0.01032513 0.009551565 0.0228798 0.027756846 0.022149598 0.012835633 0.011578594,,
922,1x1x256x512,0.008141973 0.011010648 0.014899102 0.0069721136 0.018800167 0.014463179 0.012135621 0.012213185 0.0039836196 0.021580305 0.0086881565 0.019512916 0.012814152 0.0077745896 0.013271178 0.009386006 0.007916345 0.013482475 0.009547159 0.036636624 0.034734033 0.012696031 0.022666074 0.014385401 0.013581912 0.029470049 0.015985474 0.011911313 0.014705096 0.009969011 0.012774491 0.009041405 0.018804878 0.024214545 0.02356967 0.014714615 0.006930818 0.012583169 0.010142645 0.014003683 0.009470214 0.01161257 0.0145018585 0.017270561 0.014535355 0.016102586 0.016432492 0.0073348754 0.01579608 0.019309802 0.013441072 0.0123770125 0.020518934 0.019988898 0.015388705 0.010147459 0.01588367 0.012898048 0.02118407 0.008221176 0.017567173 0.020957913 0.009791148 0.023855053 0.011947197 0.022126384 0.020562375 0.009627456 0.01631905 0.012782078 0.0070324587 0.015108916 0.023320636 0.007046611 0.01261927 0.027815407 0.01223236 0.022817591 0.009542784 0.013278821 0.025565457 0.011954386 0.024988864 0.02750896 0.015440002 0.02272669 0.011381691 0.015921945 0.014071478 0.008476891 0.011197699 0.008931576 0.019239912 0.022109069 0.011730286 0.009607117 0.014470951 0.009711142 0.011073001 0.038437735 0.009915297 0.00911995 0.014564277 0.016175982 0.011394267 0.061429236 0.011224513 0.013603161 0.009733183 0.013512636 0.017657539 0.018054834 0.016260501 0.019917753 0.02016106 0.017616794 0.012410089 0.021455107 0.015172191 0.017520137 0.023975667 0.01201246 0.011177982 0.0075819762 0.018196171 0.007760864 0.01547047 0.0047232425 0.016859738 0.011000644 0.0127539635 0.014708478 0.013424263 0.010464556 0.024364915 0.015429542 0.011109149 0.008635602 0.017666934 0.0045870123 0.015422686 0.029218309 0.014407217 0.019476006 0.0084675355 0.011825335 0.012426867 0.027752548 0.009890346 0.017077915 0.0061903787 0.023300773 0.010171902 0.012345045 0.014969018 0.0123757245 0.012094277 0.010854807 0.010982161 0.021449499 0.010948499 0.009039945 0.011923106 0.005893446 0.020893957 0.017040508 0.02548511 0.012278487 0.011247159 0.010313803 0.0156017 0.016047763 0.0077083604 0.011412531 0.022646016 0.015857708 0.015607156 0.012845079 0.016932538 0.009143326 0.024425875 0.017197013 0.009518238 0.017138474 0.014744213 0.006082777 0.0143645285 0.01069572 0.011856394 0.011988796 0.025302567 0.026982516 0.010872403 0.012635193 0.008997775 0.0101463515 0.010248086 0.02028654 0.013012438 0.013923603 0.0135552855 0.013250839 0.0071315994 0.009677574 0.021012837 0.012277735 0.013771069 0.01701567 0.013731409 0.010564322 0.015754107 0.033185933 0.007272288 0.016756166 0.01368646 0.008630933 0.017834796 0.010291956 0.0088327965 0.0076488624 0.04232588 0.030930834 0.0127931405 0.02100318 0.01292649 0.0405277 0.022235775 0.03006573 0.026701087 0.016138323 0.005654086 0.018104736 0.031816676 0.011008928 0.017580029 0.008695849 0.008978752 0.016852014 0.014063619 0.0140079595 0.023003437 0.008707846 0.009142474 0.009578702 0.01218587 0.009054458 0.0076283435 0.018524038 0.015755486 0.010229832 0.018214108 0.021005342 0.023811849 0.017786358 0.006363149 0.006057974 0.010398452 0.006912211 0.0099035865 0.026044898 0.00907283 0.0053886133 0.010202509 0.024702288 0.015856927 0.015945474 0.008783555 0.016153144 0.016308507 0.006960819 0.008966793 0.0070620435 0.031569514 0.015258433 0.007841164 0.012780006 0.023931963 0.017619044 0.0073691043 0.012014957 0.018447727 0.013800427 0.018013528 0.022498323 0.005105962 0.017567692 0.010503711 0.028342769 0.013236663 0.011972562 0.026124818 0.016646389 0.011067908 0.016154591 0.01763277 0.020149587 0.011342203 0.007954537 0.016935369 0.009207728 0.012714025 0.013222215 0.009729953 0.01707921 0.010381836 0.015601476 0.011672119 0.011174328 0.013187604 0.007988384 0.017085485 0.014580883 0.009335499 0.014186579 0.017806215 0.011454586 0.013258106 0.020707449 0.013767124 0.0019516024 0.009783756 0.006718478 0.009180117 0.020501869 0.013943232 0.02619788 0.014258895 0.0286927 0.0145294955 0.017627139 0.010486598 0.013466687 0.016211992 0.009779502 0.014907965 0.012784711 0.01125805 0.009300729 0.008943143 0.014729514 0.011148994 0.0049232948 0.014969119 0.012576921 0.013956972 0.017488612 0.019863768 0.009703357 0.015391969 0.006334386 0.014167657 0.0129894735 0.040423755 0.015338725 0.012611478 0.023752091 0.011337816 0.012341739 0.016261283 0.013748866 0.0053697205 0.0293607 0.009347891 0.019974375 0.012367545 0.011037969 0.017271092 0.011557899 0.012868853 0.0072075757 0.017482027 0.022430012 0.024698706 0.010514546 0.010451651 0.02814142 0.021702047 0.013478014 0.012516367 0.01784377 0.008481857 0.024795996 0.018401474 0.013294767 0.0072708847 0.027051691 0.016074331 0.029978875 0.009524983 0.015644904 0.015843526 0.011856104 0.01257129 0.011446382 0.014790299 0.015545061 0.02524532 0.016904552 0.012118733 0.016754163 0.022476297 0.013977864 0.014515588 0.007962993 0.0054074917 0.010976719 0.012746387 0.007497605 0.009271507 0.012403773 0.015522975 0.019997308 0.0139649175 0.01850358 0.012063878 0.021615745 0.01273963 0.009555084 0.007800458 0.021660844 0.01217271 0.040451054 0.028436044 0.010367698 0.0099816015 0.017159749 0.010284313 0.0057165287 0.027868548 0.0071121026 0.009695807 0.013848549 0.010781377 0.010574341 0.009308328 0.012840128 0.020551994 0.026228879 0.018742448 0.019713528 0.005987722 0.012748437 0.025938457 0.012490796 0.010765117 0.024515536 0.013511027 0.01376828 0.018179556 0.0141983805 0.013881864 0.01752255 0.011905763 0.017885882 0.01638 0.042194717 0.015706634 0.009582693 0.027678475 0.01249062 0.0070783347 0.013622414 0.012679404 0.013630688 0.03209082 0.013227582 0.032723144 0.010697433 0.0107610915 0.017098194 0.01008642 0.02272438 0.01596244 0.0130669065 0.014251566 0.033733066 0.03374553 0.00865108 0.013096083 0.0063821976 0.012250964 0.009878569 0.01500773 0.01255354 0.023298737 0.014422992 0.013566369 0.014700393 0.014585452 0.034510337 0.020828579 0.026918873 0.012487854 0.0075814673 0.009719274 0.0188564 0.015307367 0.010704002 0.013706358 0.010539511 0.02092873 0.018377818 0.008122399 0.015254488 0.009943768 0.01032639 0.009552731 0.022882594 0.027760234 0.022152303 0.0128371995 0.011580008,0.008140979 0.011009304 0.014897283 0.0069712624 0.018797873 0.014461413 0.012134139 0.012211694 0.0039831335 0.021577671 0.008687096 0.019510534 0.012812588 0.007773641 0.013269559 0.00938486 0.007915379 0.01348083 0.009545994 0.036632154 0.034729794 0.012694482 0.022663308 0.014383646 0.013580254 0.029466452 0.015983522 0.011909859 0.014703302 0.009967794 0.012772932 0.009040302 0.018802583 0.024211591 0.023566792 0.01471282 0.0069299717 0.012581633 0.010141407 0.014001974 0.009469058 0.011611153 0.014500088 0.017268455 0.014533582 0.01610062 0.016430488 0.00733398 0.015794152 0.019307446 0.013439431 0.012375502 0.02051643 0.01998646 0.015386827 0.010146221 0.015881732 0.012896474 0.021181485 0.0082201725 0.017565029 0.020955356 0.009789953 0.023852142 0.011945739 0.022123685 0.020559866 0.009626281 0.016317058 0.012780518 0.0070316005 0.015107072 0.02331779 0.007045751 0.012617731 0.027812012 0.0122308675 0.022814807 0.009541619 0.0132772 0.025562337 0.011952927 0.024985813 0.0275056 0.015438117 0.022723917 0.011380302 0.015920002 0.01406976 0.008475856 0.011196332 0.008930486 0.019237565 0.022106372 0.011728855 0.009605944 0.014469184 0.009709957 0.011071649 0.038433045 0.009914086 0.009118837 0.0145625 0.016174007 0.0113928765 0.061421737 0.011223143 0.0136015015 0.009731995 0.013510987 0.017655384 0.01805263 0.016258515 0.019915322 0.0201586 0.017614642 0.012408575 0.02145249 0.0151703395 0.017517999 0.02397274 0.012010994 0.011176618 0.007581051 0.01819395 0.007759917 0.015468582 0.004722666 0.016857682 0.010999302 0.012752406 0.014706682 0.013422625 0.010463278 0.02436194 0.015427659 0.011107794 0.008634549 0.017664779 0.0045864526 0.015420804 0.029214742 0.014405458 0.01947363 0.008466503 0.011823893 0.01242535 0.02774916 0.009889139 0.017075831 0.006189623 0.02329793 0.010170661 0.012343539 0.014967192 0.012374215 0.012092801 0.0108534815 0.010980821 0.02144688 0.010947163 0.009038842 0.011921651 0.005892727 0.020891408 0.017038427 0.025481999 0.0122769885 0.011245786 0.010312545 0.015599796 0.016045803 0.00770742 0.011411138 0.022643251 0.015855772 0.015605251 0.012843512 0.01693047 0.009142211 0.024422893 0.017194916 0.0095170755 0.017136382 0.014742414 0.0060820347 0.014362775 0.010694415 0.011854948 0.011987333 0.025299478 0.026979223 0.010871077 0.0126336515 0.008996677 0.010145114 0.010246836 0.020284064 0.01301085 0.013921904 0.013553631 0.013249221 0.007130729 0.009676393 0.021010272 0.012276237 0.013769389 0.017013593 0.0137297325 0.010563032 0.015752185 0.033181883 0.0072714007 0.01675412 0.01368479 0.00862988 0.01783262 0.010290701 0.008831718 0.0076479292 0.042320717 0.03092706 0.012791579 0.021000616 0.012924912 0.040522758 0.022233061 0.03006206 0.026697828 0.016136352 0.005653396 0.018102527 0.03181279 0.011007585 0.017577883 0.008694788 0.008977657 0.016849957 0.014061903 0.014006251 0.02300063 0.008706783 0.009141359 0.009577533 0.012184382 0.009053352 0.0076274127 0.018521778 0.015753562 0.010228584 0.018211884 0.021002777 0.023808943 0.017784186 0.0063623725 0.006057235 0.010397184 0.0069113676 0.009902378 0.026041718 0.009071723 0.005387956 0.010201264 0.024699273 0.015854992 0.01594353 0.008782483 0.016151171 0.016306518 0.006959969 0.008965699 0.0070611816 0.031565662 0.015256571 0.007840208 0.012778447 0.023929043 0.017616892 0.0073682046 0.01201349 0.018445477 0.013798743 0.01801133 0.022495577 0.005105339 0.017565548 0.010502429 0.02833931 0.013235048 0.011971101 0.026121631 0.016644359 0.011066557 0.016152618 0.017630616 0.020147128 0.011340818 0.007953566 0.016933303 0.009206605 0.012712473 0.013220602 0.009728765 0.017077126 0.010380569 0.015599571 0.011670695 0.011172963 0.013185995 0.007987409 0.017083399 0.014579104 0.009334359 0.0141848475 0.017804043 0.011453188 0.013256487 0.020704921 0.013765444 0.0019513642 0.009782562 0.006717658 0.009178997 0.020499365 0.01394153 0.026194682 0.014257154 0.028689198 0.014527722 0.017624987 0.0104853185 0.013465044 0.016210014 0.009778309 0.014906147 0.01278315 0.011256675 0.009299594 0.008942052 0.014727716 0.011147633 0.0049226936 0.014967293 0.012575386 0.013955269 0.017486477 0.019861342 0.009702173 0.015390091 0.006333613 0.014165929 0.012987888 0.04041882 0.015336853 0.012609939 0.023749193 0.011336433 0.012340232 0.016259298 0.013747188 0.005369065 0.029357119 0.009346751 0.019971939 0.012366036 0.011036621 0.017268986 0.011556489 0.012867282 0.007206696 0.017479893 0.022427276 0.02469569 0.010513263 0.010450376 0.028137986 0.021699399 0.013476369 0.01251484 0.017841592 0.008480822 0.024792971 0.01839923 0.013293144 0.0072699976 0.027048388 0.01607237 0.029975217 0.009523821 0.015642995 0.015841592 0.011854658 0.012569755 0.011444985 0.014788494 0.015543164 0.02524224 0.01690249 0.012117254 0.01675212 0.022473555 0.013976159 0.014513817 0.007962021 0.005406832 0.010975379 0.012744831 0.00749669 0.009270376 0.012402259 0.01552108 0.019994868 0.013963213 0.01850132 0.012062405 0.021613106 0.012738075 0.009553918 0.0077995057 0.0216582 0.012171225 0.040446118 0.028432574 0.010366433 0.009980383 0.017157653 0.0102830585 0.005715831 0.027865147 0.0071112346 0.009694624 0.013846859 0.010780061 0.010573051 0.009307192 0.012838561 0.020549487 0.026225679 0.01874016 0.019711124 0.005986991 0.012746882 0.02593529 0.012489271 0.0107638035 0.024512542 0.013509378 0.0137666 0.018177338 0.014196648 0.01388017 0.017520411 0.01190431 0.0178837 0.016378002 0.042189565 0.015704717 0.009581524 0.027675096 0.012489095 0.007077471 0.013620752 0.012677857 0.013629025 0.0320869 0.013225967 0.03271915 0.010696127 0.010759778 0.017096106 0.01008519 0.022721607 0.015960492 0.013065311 0.014249827 0.03372895 0.033741415 0.008650024 0.013094485 0.006381419 0.012249468 0.009877363 0.015005899 0.012552008 0.023295894 0.014421232 0.013564714 0.0146985985 0.014583671 0.034506127 0.020826038 0.02691559 0.012486329 0.007580542 0.009718088 0.018854098 0.015305499 0.010702697 0.0137046855 0.010538225 0.020926174 0.018375576 0.008121408 0.0152526265 0.009942555 0.01032513 0.009551565 0.0228798 0.027756846 0.022149598 0.012835633 0.011578594,,
926,1x1x256x512,0.008141973 0.011010648 0.014899102 0.0069721136 0.018800167 0.014463179 0.012135621 0.012213185 0.0039836196 0.021580305 0.0086881565 0.019512916 0.012814152 0.0077745896 0.013271178 0.009386006 0.007916345 0.013482475 0.009547159 0.036636624 0.034734033 0.012696031 0.022666074 0.014385401 0.013581912 0.029470049 0.015985474 0.011911313 0.014705096 0.009969011 0.012774491 0.009041405 0.018804878 0.024214545 0.02356967 0.014714615 0.006930818 0.012583169 0.010142645 0.014003683 0.009470214 0.01161257 0.0145018585 0.017270561 0.014535355 0.016102586 0.016432492 0.0073348754 0.01579608 0.019309802 0.013441072 0.0123770125 0.020518934 0.019988898 0.015388705 0.010147459 0.01588367 0.012898048 0.02118407 0.008221176 0.017567173 0.020957913 0.009791148 0.023855053 0.011947197 0.022126384 0.020562375 0.009627456 0.01631905 0.012782078 0.0070324587 0.015108916 0.023320636 0.007046611 0.01261927 0.027815407 0.01223236 0.022817591 0.009542784 0.013278821 0.025565457 0.011954386 0.024988864 0.02750896 0.015440002 0.02272669 0.011381691 0.015921945 0.014071478 0.008476891 0.011197699 0.008931576 0.019239912 0.022109069 0.011730286 0.009607117 0.014470951 0.009711142 0.011073001 0.038437735 0.009915297 0.00911995 0.014564277 0.016175982 0.011394267 0.061429236 0.011224513 0.013603161 0.009733183 0.013512636 0.017657539 0.018054834 0.016260501 0.019917753 0.02016106 0.017616794 0.012410089 0.021455107 0.015172191 0.017520137 0.023975667 0.01201246 0.011177982 0.0075819762 0.018196171 0.007760864 0.01547047 0.0047232425 0.016859738 0.011000644 0.0127539635 0.014708478 0.013424263 0.010464556 0.024364915 0.015429542 0.011109149 0.008635602 0.017666934 0.0045870123 0.015422686 0.029218309 0.014407217 0.019476006 0.0084675355 0.011825335 0.012426867 0.027752548 0.009890346 0.017077915 0.0061903787 0.023300773 0.010171902 0.012345045 0.014969018 0.0123757245 0.012094277 0.010854807 0.010982161 0.021449499 0.010948499 0.009039945 0.011923106 0.005893446 0.020893957 0.017040508 0.02548511 0.012278487 0.011247159 0.010313803 0.0156017 0.016047763 0.0077083604 0.011412531 0.022646016 0.015857708 0.015607156 0.012845079 0.016932538 0.009143326 0.024425875 0.017197013 0.009518238 0.017138474 0.014744213 0.006082777 0.0143645285 0.01069572 0.011856394 0.011988796 0.025302567 0.026982516 0.010872403 0.012635193 0.008997775 0.0101463515 0.010248086 0.02028654 0.013012438 0.013923603 0.0135552855 0.013250839 0.0071315994 0.009677574 0.021012837 0.012277735 0.013771069 0.01701567 0.013731409 0.010564322 0.015754107 0.033185933 0.007272288 0.016756166 0.01368646 0.008630933 0.017834796 0.010291956 0.0088327965 0.0076488624 0.04232588 0.030930834 0.0127931405 0.02100318 0.01292649 0.0405277 0.022235775 0.03006573 0.026701087 0.016138323 0.005654086 0.018104736 0.031816676 0.011008928 0.017580029 0.008695849 0.008978752 0.016852014 0.014063619 0.0140079595 0.023003437 0.008707846 0.009142474 0.009578702 0.01218587 0.009054458 0.0076283435 0.018524038 0.015755486 0.010229832 0.018214108 0.021005342 0.023811849 0.017786358 0.006363149 0.006057974 0.010398452 0.006912211 0.0099035865 0.026044898 0.00907283 0.0053886133 0.010202509 0.024702288 0.015856927 0.015945474 0.008783555 0.016153144 0.016308507 0.006960819 0.008966793 0.0070620435 0.031569514 0.015258433 0.007841164 0.012780006 0.023931963 0.017619044 0.0073691043 0.012014957 0.018447727 0.013800427 0.018013528 0.022498323 0.005105962 0.017567692 0.010503711 0.028342769 0.013236663 0.011972562 0.026124818 0.016646389 0.011067908 0.016154591 0.01763277 0.020149587 0.011342203 0.007954537 0.016935369 0.009207728 0.012714025 0.013222215 0.009729953 0.01707921 0.010381836 0.015601476 0.011672119 0.011174328 0.013187604 0.007988384 0.017085485 0.014580883 0.009335499 0.014186579 0.017806215 0.011454586 0.013258106 0.020707449 0.013767124 0.0019516024 0.009783756 0.006718478 0.009180117 0.020501869 0.013943232 0.02619788 0.014258895 0.0286927 0.0145294955 0.017627139 0.010486598 0.013466687 0.016211992 0.009779502 0.014907965 0.012784711 0.01125805 0.009300729 0.008943143 0.014729514 0.011148994 0.0049232948 0.014969119 0.012576921 0.013956972 0.017488612 0.019863768 0.009703357 0.015391969 0.006334386 0.014167657 0.0129894735 0.040423755 0.015338725 0.012611478 0.023752091 0.011337816 0.012341739 0.016261283 0.013748866 0.0053697205 0.0293607 0.009347891 0.019974375 0.012367545 0.011037969 0.017271092 0.011557899 0.012868853 0.0072075757 0.017482027 0.022430012 0.024698706 0.010514546 0.010451651 0.02814142 0.021702047 0.013478014 0.012516367 0.01784377 0.008481857 0.024795996 0.018401474 0.013294767 0.0072708847 0.027051691 0.016074331 0.029978875 0.009524983 0.015644904 0.015843526 0.011856104 0.01257129 0.011446382 0.014790299 0.015545061 0.02524532 0.016904552 0.012118733 0.016754163 0.022476297 0.013977864 0.014515588 0.007962993 0.0054074917 0.010976719 0.012746387 0.007497605 0.009271507 0.012403773 0.015522975 0.019997308 0.0139649175 0.01850358 0.012063878 0.021615745 0.01273963 0.009555084 0.007800458 0.021660844 0.01217271 0.040451054 0.028436044 0.010367698 0.0099816015 0.017159749 0.010284313 0.0057165287 0.027868548 0.0071121026 0.009695807 0.013848549 0.010781377 0.010574341 0.009308328 0.012840128 0.020551994 0.026228879 0.018742448 0.019713528 0.005987722 0.012748437 0.025938457 0.012490796 0.010765117 0.024515536 0.013511027 0.01376828 0.018179556 0.0141983805 0.013881864 0.01752255 0.011905763 0.017885882 0.01638 0.042194717 0.015706634 0.009582693 0.027678475 0.01249062 0.0070783347 0.013622414 0.012679404 0.013630688 0.03209082 0.013227582 0.032723144 0.010697433 0.0107610915 0.017098194 0.01008642 0.02272438 0.01596244 0.0130669065 0.014251566 0.033733066 0.03374553 0.00865108 0.013096083 0.0063821976 0.012250964 0.009878569 0.01500773 0.01255354 0.023298737 0.014422992 0.013566369 0.014700393 0.014585452 0.034510337 0.020828579 0.026918873 0.012487854 0.0075814673 0.009719274 0.0188564 0.015307367 0.010704002 0.013706358 0.010539511 0.02092873 0.018377818 0.008122399 0.015254488 0.009943768 0.01032639 0.009552731 0.022882594 0.027760234 0.022152303 0.0128371995 0.011580008,0.008140979 0.011009304 0.014897283 0.0069712624 0.018797873 0.014461413 0.012134139 0.012211694 0.0039831335 0.021577671 0.008687096 0.019510534 0.012812588 0.007773641 0.013269559 0.00938486 0.007915379 0.01348083 0.009545994 0.036632154 0.034729794 0.012694482 0.022663308 0.014383646 0.013580254 0.029466452 0.015983522 0.011909859 0.014703302 0.009967794 0.012772932 0.009040302 0.018802583 0.024211591 0.023566792 0.01471282 0.0069299717 0.012581633 0.010141407 0.014001974 0.009469058 0.011611153 0.014500088 0.017268455 0.014533582 0.01610062 0.016430488 0.00733398 0.015794152 0.019307446 0.013439431 0.012375502 0.02051643 0.01998646 0.015386827 0.010146221 0.015881732 0.012896474 0.021181485 0.0082201725 0.017565029 0.020955356 0.009789953 0.023852142 0.011945739 0.022123685 0.020559866 0.009626281 0.016317058 0.012780518 0.0070316005 0.015107072 0.02331779 0.007045751 0.012617731 0.027812012 0.0122308675 0.022814807 0.009541619 0.0132772 0.025562337 0.011952927 0.024985813 0.0275056 0.015438117 0.022723917 0.011380302 0.015920002 0.01406976 0.008475856 0.011196332 0.008930486 0.019237565 0.022106372 0.011728855 0.009605944 0.014469184 0.009709957 0.011071649 0.038433045 0.009914086 0.009118837 0.0145625 0.016174007 0.0113928765 0.061421737 0.011223143 0.0136015015 0.009731995 0.013510987 0.017655384 0.01805263 0.016258515 0.019915322 0.0201586 0.017614642 0.012408575 0.02145249 0.0151703395 0.017517999 0.02397274 0.012010994 0.011176618 0.007581051 0.01819395 0.007759917 0.015468582 0.004722666 0.016857682 0.010999302 0.012752406 0.014706682 0.013422625 0.010463278 0.02436194 0.015427659 0.011107794 0.008634549 0.017664779 0.0045864526 0.015420804 0.029214742 0.014405458 0.01947363 0.008466503 0.011823893 0.01242535 0.02774916 0.009889139 0.017075831 0.006189623 0.02329793 0.010170661 0.012343539 0.014967192 0.012374215 0.012092801 0.0108534815 0.010980821 0.02144688 0.010947163 0.009038842 0.011921651 0.005892727 0.020891408 0.017038427 0.025481999 0.0122769885 0.011245786 0.010312545 0.015599796 0.016045803 0.00770742 0.011411138 0.022643251 0.015855772 0.015605251 0.012843512 0.01693047 0.009142211 0.024422893 0.017194916 0.0095170755 0.017136382 0.014742414 0.0060820347 0.014362775 0.010694415 0.011854948 0.011987333 0.025299478 0.026979223 0.010871077 0.0126336515 0.008996677 0.010145114 0.010246836 0.020284064 0.01301085 0.013921904 0.013553631 0.013249221 0.007130729 0.009676393 0.021010272 0.012276237 0.013769389 0.017013593 0.0137297325 0.010563032 0.015752185 0.033181883 0.0072714007 0.01675412 0.01368479 0.00862988 0.01783262 0.010290701 0.008831718 0.0076479292 0.042320717 0.03092706 0.012791579 0.021000616 0.012924912 0.040522758 0.022233061 0.03006206 0.026697828 0.016136352 0.005653396 0.018102527 0.03181279 0.011007585 0.017577883 0.008694788 0.008977657 0.016849957 0.014061903 0.014006251 0.02300063 0.008706783 0.009141359 0.009577533 0.012184382 0.009053352 0.0076274127 0.018521778 0.015753562 0.010228584 0.018211884 0.021002777 0.023808943 0.017784186 0.0063623725 0.006057235 0.010397184 0.0069113676 0.009902378 0.026041718 0.009071723 0.005387956 0.010201264 0.024699273 0.015854992 0.01594353 0.008782483 0.016151171 0.016306518 0.006959969 0.008965699 0.0070611816 0.031565662 0.015256571 0.007840208 0.012778447 0.023929043 0.017616892 0.0073682046 0.01201349 0.018445477 0.013798743 0.01801133 0.022495577 0.005105339 0.017565548 0.010502429 0.02833931 0.013235048 0.011971101 0.026121631 0.016644359 0.011066557 0.016152618 0.017630616 0.020147128 0.011340818 0.007953566 0.016933303 0.009206605 0.012712473 0.013220602 0.009728765 0.017077126 0.010380569 0.015599571 0.011670695 0.011172963 0.013185995 0.007987409 0.017083399 0.014579104 0.009334359 0.0141848475 0.017804043 0.011453188 0.013256487 0.020704921 0.013765444 0.0019513642 0.009782562 0.006717658 0.009178997 0.020499365 0.01394153 0.026194682 0.014257154 0.028689198 0.014527722 0.017624987 0.0104853185 0.013465044 0.016210014 0.009778309 0.014906147 0.01278315 0.011256675 0.009299594 0.008942052 0.014727716 0.011147633 0.0049226936 0.014967293 0.012575386 0.013955269 0.017486477 0.019861342 0.009702173 0.015390091 0.006333613 0.014165929 0.012987888 0.04041882 0.015336853 0.012609939 0.023749193 0.011336433 0.012340232 0.016259298 0.013747188 0.005369065 0.029357119 0.009346751 0.019971939 0.012366036 0.011036621 0.017268986 0.011556489 0.012867282 0.007206696 0.017479893 0.022427276 0.02469569 0.010513263 0.010450376 0.028137986 0.021699399 0.013476369 0.01251484 0.017841592 0.008480822 0.024792971 0.01839923 0.013293144 0.0072699976 0.027048388 0.01607237 0.029975217 0.009523821 0.015642995 0.015841592 0.011854658 0.012569755 0.011444985 0.014788494 0.015543164 0.02524224 0.01690249 0.012117254 0.01675212 0.022473555 0.013976159 0.014513817 0.007962021 0.005406832 0.010975379 0.012744831 0.00749669 0.009270376 0.012402259 0.01552108 0.019994868 0.013963213 0.01850132 0.012062405 0.021613106 0.012738075 0.009553918 0.0077995057 0.0216582 0.012171225 0.040446118 0.028432574 0.010366433 0.009980383 0.017157653 0.0102830585 0.005715831 0.027865147 0.0071112346 0.009694624 0.013846859 0.010780061 0.010573051 0.009307192 0.012838561 0.020549487 0.026225679 0.01874016 0.019711124 0.005986991 0.012746882 0.02593529 0.012489271 0.0107638035 0.024512542 0.013509378 0.0137666 0.018177338 0.014196648 0.01388017 0.017520411 0.01190431 0.0178837 0.016378002 0.042189565 0.015704717 0.009581524 0.027675096 0.012489095 0.007077471 0.013620752 0.012677857 0.013629025 0.0320869 0.013225967 0.03271915 0.010696127 0.010759778 0.017096106 0.01008519 0.022721607 0.015960492 0.013065311 0.014249827 0.03372895 0.033741415 0.008650024 0.013094485 0.006381419 0.012249468 0.009877363 0.015005899 0.012552008 0.023295894 0.014421232 0.013564714 0.0146985985 0.014583671 0.034506127 0.020826038 0.02691559 0.012486329 0.007580542 0.009718088 0.018854098 0.015305499 0.010702697 0.0137046855 0.010538225 0.020926174 0.018375576 0.008121408 0.0152526265 0.009942555 0.01032513 0.009551565 0.0228798 0.027756846 0.022149598 0.012835633 0.011578594,,
930,1x1x256x512,0.008141973 0.011010648 0.014899102 0.0069721136 0.018800167 0.014463179 0.012135621 0.012213185 0.0039836196 0.021580305 0.0086881565 0.019512916 0.012814152 0.0077745896 0.013271178 0.009386006 0.007916345 0.013482475 0.009547159 0.036636624 0.034734033 0.012696031 0.022666074 0.014385401 0.013581912 0.029470049 0.015985474 0.011911313 0.014705096 0.009969011 0.012774491 0.009041405 0.018804878 0.024214545 0.02356967 0.014714615 0.006930818 0.012583169 0.010142645 0.014003683 0.009470214 0.01161257 0.0145018585 0.017270561 0.014535355 0.016102586 0.016432492 0.0073348754 0.01579608 0.019309802 0.013441072 0.0123770125 0.020518934 0.019988898 0.015388705 0.010147459 0.01588367 0.012898048 0.02118407 0.008221176 0.017567173 0.020957913 0.009791148 0.023855053 0.011947197 0.022126384 0.020562375 0.009627456 0.01631905 0.012782078 0.0070324587 0.015108916 0.023320636 0.007046611 0.01261927 0.027815407 0.01223236 0.022817591 0.009542784 0.013278821 0.025565457 0.011954386 0.024988864 0.02750896 0.015440002 0.02272669 0.011381691 0.015921945 0.014071478 0.008476891 0.011197699 0.008931576 0.019239912 0.022109069 0.011730286 0.009607117 0.014470951 0.009711142 0.011073001 0.038437735 0.009915297 0.00911995 0.014564277 0.016175982 0.011394267 0.061429236 0.011224513 0.013603161 0.009733183 0.013512636 0.017657539 0.018054834 0.016260501 0.019917753 0.02016106 0.017616794 0.012410089 0.021455107 0.015172191 0.017520137 0.023975667 0.01201246 0.011177982 0.0075819762 0.018196171 0.007760864 0.01547047 0.0047232425 0.016859738 0.011000644 0.0127539635 0.014708478 0.013424263 0.010464556 0.024364915 0.015429542 0.011109149 0.008635602 0.017666934 0.0045870123 0.015422686 0.029218309 0.014407217 0.019476006 0.0084675355 0.011825335 0.012426867 0.027752548 0.009890346 0.017077915 0.0061903787 0.023300773 0.010171902 0.012345045 0.014969018 0.0123757245 0.012094277 0.010854807 0.010982161 0.021449499 0.010948499 0.009039945 0.011923106 0.005893446 0.020893957 0.017040508 0.02548511 0.012278487 0.011247159 0.010313803 0.0156017 0.016047763 0.0077083604 0.011412531 0.022646016 0.015857708 0.015607156 0.012845079 0.016932538 0.009143326 0.024425875 0.017197013 0.009518238 0.017138474 0.014744213 0.006082777 0.0143645285 0.01069572 0.011856394 0.011988796 0.025302567 0.026982516 0.010872403 0.012635193 0.008997775 0.0101463515 0.010248086 0.02028654 0.013012438 0.013923603 0.0135552855 0.013250839 0.0071315994 0.009677574 0.021012837 0.012277735 0.013771069 0.01701567 0.013731409 0.010564322 0.015754107 0.033185933 0.007272288 0.016756166 0.01368646 0.008630933 0.017834796 0.010291956 0.0088327965 0.0076488624 0.04232588 0.030930834 0.0127931405 0.02100318 0.01292649 0.0405277 0.022235775 0.03006573 0.026701087 0.016138323 0.005654086 0.018104736 0.031816676 0.011008928 0.017580029 0.008695849 0.008978752 0.016852014 0.014063619 0.0140079595 0.023003437 0.008707846 0.009142474 0.009578702 0.01218587 0.009054458 0.0076283435 0.018524038 0.015755486 0.010229832 0.018214108 0.021005342 0.023811849 0.017786358 0.006363149 0.006057974 0.010398452 0.006912211 0.0099035865 0.026044898 0.00907283 0.0053886133 0.010202509 0.024702288 0.015856927 0.015945474 0.008783555 0.016153144 0.016308507 0.006960819 0.008966793 0.0070620435 0.031569514 0.015258433 0.007841164 0.012780006 0.023931963 0.017619044 0.0073691043 0.012014957 0.018447727 0.013800427 0.018013528 0.022498323 0.005105962 0.017567692 0.010503711 0.028342769 0.013236663 0.011972562 0.026124818 0.016646389 0.011067908 0.016154591 0.01763277 0.020149587 0.011342203 0.007954537 0.016935369 0.009207728 0.012714025 0.013222215 0.009729953 0.01707921 0.010381836 0.015601476 0.011672119 0.011174328 0.013187604 0.007988384 0.017085485 0.014580883 0.009335499 0.014186579 0.017806215 0.011454586 0.013258106 0.020707449 0.013767124 0.0019516024 0.009783756 0.006718478 0.009180117 0.020501869 0.013943232 0.02619788 0.014258895 0.0286927 0.0145294955 0.017627139 0.010486598 0.013466687 0.016211992 0.009779502 0.014907965 0.012784711 0.01125805 0.009300729 0.008943143 0.014729514 0.011148994 0.0049232948 0.014969119 0.012576921 0.013956972 0.017488612 0.019863768 0.009703357 0.015391969 0.006334386 0.014167657 0.0129894735 0.040423755 0.015338725 0.012611478 0.023752091 0.011337816 0.012341739 0.016261283 0.013748866 0.0053697205 0.0293607 0.009347891 0.019974375 0.012367545 0.011037969 0.017271092 0.011557899 0.012868853 0.0072075757 0.017482027 0.022430012 0.024698706 0.010514546 0.010451651 0.02814142 0.021702047 0.013478014 0.012516367 0.01784377 0.008481857 0.024795996 0.018401474 0.013294767 0.0072708847 0.027051691 0.016074331 0.029978875 0.009524983 0.015644904 0.015843526 0.011856104 0.01257129 0.011446382 0.014790299 0.015545061 0.02524532 0.016904552 0.012118733 0.016754163 0.022476297 0.013977864 0.014515588 0.007962993 0.0054074917 0.010976719 0.012746387 0.007497605 0.009271507 0.012403773 0.015522975 0.019997308 0.0139649175 0.01850358 0.012063878 0.021615745 0.01273963 0.009555084 0.007800458 0.021660844 0.01217271 0.040451054 0.028436044 0.010367698 0.0099816015 0.017159749 0.010284313 0.0057165287 0.027868548 0.0071121026 0.009695807 0.013848549 0.010781377 0.010574341 0.009308328 0.012840128 0.020551994 0.026228879 0.018742448 0.019713528 0.005987722 0.012748437 0.025938457 0.012490796 0.010765117 0.024515536 0.013511027 0.01376828 0.018179556 0.0141983805 0.013881864 0.01752255 0.011905763 0.017885882 0.01638 0.042194717 0.015706634 0.009582693 0.027678475 0.01249062 0.0070783347 0.013622414 0.012679404 0.013630688 0.03209082 0.013227582 0.032723144 0.010697433 0.0107610915 0.017098194 0.01008642 0.02272438 0.01596244 0.0130669065 0.014251566 0.033733066 0.03374553 0.00865108 0.013096083 0.0063821976 0.012250964 0.009878569 0.01500773 0.01255354 0.023298737 0.014422992 0.013566369 0.014700393 0.014585452 0.034510337 0.020828579 0.026918873 0.012487854 0.0075814673 0.009719274 0.0188564 0.015307367 0.010704002 0.013706358 0.010539511 0.02092873 0.018377818 0.008122399 0.015254488 0.009943768 0.01032639 0.009552731 0.022882594 0.027760234 0.022152303 0.0128371995 0.011580008,0.008140979 0.011009304 0.014897283 0.0069712624 0.018797873 0.014461413 0.012134139 0.012211694 0.0039831335 0.021577671 0.008687096 0.019510534 0.012812588 0.007773641 0.013269559 0.00938486 0.007915379 0.01348083 0.009545994 0.036632154 0.034729794 0.012694482 0.022663308 0.014383646 0.013580254 0.029466452 0.015983522 0.011909859 0.014703302 0.009967794 0.012772932 0.009040302 0.018802583 0.024211591 0.023566792 0.01471282 0.0069299717 0.012581633 0.010141407 0.014001974 0.009469058 0.011611153 0.014500088 0.017268455 0.014533582 0.01610062 0.016430488 0.00733398 0.015794152 0.019307446 0.013439431 0.012375502 0.02051643 0.01998646 0.015386827 0.010146221 0.015881732 0.012896474 0.021181485 0.0082201725 0.017565029 0.020955356 0.009789953 0.023852142 0.011945739 0.022123685 0.020559866 0.009626281 0.016317058 0.012780518 0.0070316005 0.015107072 0.02331779 0.007045751 0.012617731 0.027812012 0.0122308675 0.022814807 0.009541619 0.0132772 0.025562337 0.011952927 0.024985813 0.0275056 0.015438117 0.022723917 0.011380302 0.015920002 0.01406976 0.008475856 0.011196332 0.008930486 0.019237565 0.022106372 0.011728855 0.009605944 0.014469184 0.009709957 0.011071649 0.038433045 0.009914086 0.009118837 0.0145625 0.016174007 0.0113928765 0.061421737 0.011223143 0.0136015015 0.009731995 0.013510987 0.017655384 0.01805263 0.016258515 0.019915322 0.0201586 0.017614642 0.012408575 0.02145249 0.0151703395 0.017517999 0.02397274 0.012010994 0.011176618 0.007581051 0.01819395 0.007759917 0.015468582 0.004722666 0.016857682 0.010999302 0.012752406 0.014706682 0.013422625 0.010463278 0.02436194 0.015427659 0.011107794 0.008634549 0.017664779 0.0045864526 0.015420804 0.029214742 0.014405458 0.01947363 0.008466503 0.011823893 0.01242535 0.02774916 0.009889139 0.017075831 0.006189623 0.02329793 0.010170661 0.012343539 0.014967192 0.012374215 0.012092801 0.0108534815 0.010980821 0.02144688 0.010947163 0.009038842 0.011921651 0.005892727 0.020891408 0.017038427 0.025481999 0.0122769885 0.011245786 0.010312545 0.015599796 0.016045803 0.00770742 0.011411138 0.022643251 0.015855772 0.015605251 0.012843512 0.01693047 0.009142211 0.024422893 0.017194916 0.0095170755 0.017136382 0.014742414 0.0060820347 0.014362775 0.010694415 0.011854948 0.011987333 0.025299478 0.026979223 0.010871077 0.0126336515 0.008996677 0.010145114 0.010246836 0.020284064 0.01301085 0.013921904 0.013553631 0.013249221 0.007130729 0.009676393 0.021010272 0.012276237 0.013769389 0.017013593 0.0137297325 0.010563032 0.015752185 0.033181883 0.0072714007 0.01675412 0.01368479 0.00862988 0.01783262 0.010290701 0.008831718 0.0076479292 0.042320717 0.03092706 0.012791579 0.021000616 0.012924912 0.040522758 0.022233061 0.03006206 0.026697828 0.016136352 0.005653396 0.018102527 0.03181279 0.011007585 0.017577883 0.008694788 0.008977657 0.016849957 0.014061903 0.014006251 0.02300063 0.008706783 0.009141359 0.009577533 0.012184382 0.009053352 0.0076274127 0.018521778 0.015753562 0.010228584 0.018211884 0.021002777 0.023808943 0.017784186 0.0063623725 0.006057235 0.010397184 0.0069113676 0.009902378 0.026041718 0.009071723 0.005387956 0.010201264 0.024699273 0.015854992 0.01594353 0.008782483 0.016151171 0.016306518 0.006959969 0.008965699 0.0070611816 0.031565662 0.015256571 0.007840208 0.012778447 0.023929043 0.017616892 0.0073682046 0.01201349 0.018445477 0.013798743 0.01801133 0.022495577 0.005105339 0.017565548 0.010502429 0.02833931 0.013235048 0.011971101 0.026121631 0.016644359 0.011066557 0.016152618 0.017630616 0.020147128 0.011340818 0.007953566 0.016933303 0.009206605 0.012712473 0.013220602 0.009728765 0.017077126 0.010380569 0.015599571 0.011670695 0.011172963 0.013185995 0.007987409 0.017083399 0.014579104 0.009334359 0.0141848475 0.017804043 0.011453188 0.013256487 0.020704921 0.013765444 0.0019513642 0.009782562 0.006717658 0.009178997 0.020499365 0.01394153 0.026194682 0.014257154 0.028689198 0.014527722 0.017624987 0.0104853185 0.013465044 0.016210014 0.009778309 0.014906147 0.01278315 0.011256675 0.009299594 0.008942052 0.014727716 0.011147633 0.0049226936 0.014967293 0.012575386 0.013955269 0.017486477 0.019861342 0.009702173 0.015390091 0.006333613 0.014165929 0.012987888 0.04041882 0.015336853 0.012609939 0.023749193 0.011336433 0.012340232 0.016259298 0.013747188 0.005369065 0.029357119 0.009346751 0.019971939 0.012366036 0.011036621 0.017268986 0.011556489 0.012867282 0.007206696 0.017479893 0.022427276 0.02469569 0.010513263 0.010450376 0.028137986 0.021699399 0.013476369 0.01251484 0.017841592 0.008480822 0.024792971 0.01839923 0.013293144 0.0072699976 0.027048388 0.01607237 0.029975217 0.009523821 0.015642995 0.015841592 0.011854658 0.012569755 0.011444985 0.014788494 0.015543164 0.02524224 0.01690249 0.012117254 0.01675212 0.022473555 0.013976159 0.014513817 0.007962021 0.005406832 0.010975379 0.012744831 0.00749669 0.009270376 0.012402259 0.01552108 0.019994868 0.013963213 0.01850132 0.012062405 0.021613106 0.012738075 0.009553918 0.0077995057 0.0216582 0.012171225 0.040446118 0.028432574 0.010366433 0.009980383 0.017157653 0.0102830585 0.005715831 0.027865147 0.0071112346 0.009694624 0.013846859 0.010780061 0.010573051 0.009307192 0.012838561 0.020549487 0.026225679 0.01874016 0.019711124 0.005986991 0.012746882 0.02593529 0.012489271 0.0107638035 0.024512542 0.013509378 0.0137666 0.018177338 0.014196648 0.01388017 0.017520411 0.01190431 0.0178837 0.016378002 0.042189565 0.015704717 0.009581524 0.027675096 0.012489095 0.007077471 0.013620752 0.012677857 0.013629025 0.0320869 0.013225967 0.03271915 0.010696127 0.010759778 0.017096106 0.01008519 0.022721607 0.015960492 0.013065311 0.014249827 0.03372895 0.033741415 0.008650024 0.013094485 0.006381419 0.012249468 0.009877363 0.015005899 0.012552008 0.023295894 0.014421232 0.013564714 0.0146985985 0.014583671 0.034506127 0.020826038 0.02691559 0.012486329 0.007580542 0.009718088 0.018854098 0.015305499 0.010702697 0.0137046855 0.010538225 0.020926174 0.018375576 0.008121408 0.0152526265 0.009942555 0.01032513 0.009551565 0.0228798 0.027756846 0.022149598 0.012835633 0.011578594,,
934,1x1x256x512,0.008141973 0.011010648 0.014899102 0.0069721136 0.018800167 0.014463179 0.012135621 0.012213185 0.0039836196 0.021580305 0.0086881565 0.019512916 0.012814152 0.0077745896 0.013271178 0.009386006 0.007916345 0.013482475 0.009547159 0.036636624 0.034734033 0.012696031 0.022666074 0.014385401 0.013581912 0.029470049 0.015985474 0.011911313 0.014705096 0.009969011 0.012774491 0.009041405 0.018804878 0.024214545 0.02356967 0.014714615 0.006930818 0.012583169 0.010142645 0.014003683 0.009470214 0.01161257 0.0145018585 0.017270561 0.014535355 0.016102586 0.016432492 0.0073348754 0.01579608 0.019309802 0.013441072 0.0123770125 0.020518934 0.019988898 0.015388705 0.010147459 0.01588367 0.012898048 0.02118407 0.008221176 0.017567173 0.020957913 0.009791148 0.023855053 0.011947197 0.022126384 0.020562375 0.009627456 0.01631905 0.012782078 0.0070324587 0.015108916 0.023320636 0.007046611 0.01261927 0.027815407 0.01223236 0.022817591 0.009542784 0.013278821 0.025565457 0.011954386 0.024988864 0.02750896 0.015440002 0.02272669 0.011381691 0.015921945 0.014071478 0.008476891 0.011197699 0.008931576 0.019239912 0.022109069 0.011730286 0.009607117 0.014470951 0.009711142 0.011073001 0.038437735 0.009915297 0.00911995 0.014564277 0.016175982 0.011394267 0.061429236 0.011224513 0.013603161 0.009733183 0.013512636 0.017657539 0.018054834 0.016260501 0.019917753 0.02016106 0.017616794 0.012410089 0.021455107 0.015172191 0.017520137 0.023975667 0.01201246 0.011177982 0.0075819762 0.018196171 0.007760864 0.01547047 0.0047232425 0.016859738 0.011000644 0.0127539635 0.014708478 0.013424263 0.010464556 0.024364915 0.015429542 0.011109149 0.008635602 0.017666934 0.0045870123 0.015422686 0.029218309 0.014407217 0.019476006 0.0084675355 0.011825335 0.012426867 0.027752548 0.009890346 0.017077915 0.0061903787 0.023300773 0.010171902 0.012345045 0.014969018 0.0123757245 0.012094277 0.010854807 0.010982161 0.021449499 0.010948499 0.009039945 0.011923106 0.005893446 0.020893957 0.017040508 0.02548511 0.012278487 0.011247159 0.010313803 0.0156017 0.016047763 0.0077083604 0.011412531 0.022646016 0.015857708 0.015607156 0.012845079 0.016932538 0.009143326 0.024425875 0.017197013 0.009518238 0.017138474 0.014744213 0.006082777 0.0143645285 0.01069572 0.011856394 0.011988796 0.025302567 0.026982516 0.010872403 0.012635193 0.008997775 0.0101463515 0.010248086 0.02028654 0.013012438 0.013923603 0.0135552855 0.013250839 0.0071315994 0.009677574 0.021012837 0.012277735 0.013771069 0.01701567 0.013731409 0.010564322 0.015754107 0.033185933 0.007272288 0.016756166 0.01368646 0.008630933 0.017834796 0.010291956 0.0088327965 0.0076488624 0.04232588 0.030930834 0.0127931405 0.02100318 0.01292649 0.0405277 0.022235775 0.03006573 0.026701087 0.016138323 0.005654086 0.018104736 0.031816676 0.011008928 0.017580029 0.008695849 0.008978752 0.016852014 0.014063619 0.0140079595 0.023003437 0.008707846 0.009142474 0.009578702 0.01218587 0.009054458 0.0076283435 0.018524038 0.015755486 0.010229832 0.018214108 0.021005342 0.023811849 0.017786358 0.006363149 0.006057974 0.010398452 0.006912211 0.0099035865 0.026044898 0.00907283 0.0053886133 0.010202509 0.024702288 0.015856927 0.015945474 0.008783555 0.016153144 0.016308507 0.006960819 0.008966793 0.0070620435 0.031569514 0.015258433 0.007841164 0.012780006 0.023931963 0.017619044 0.0073691043 0.012014957 0.018447727 0.013800427 0.018013528 0.022498323 0.005105962 0.017567692 0.010503711 0.028342769 0.013236663 0.011972562 0.026124818 0.016646389 0.011067908 0.016154591 0.01763277 0.020149587 0.011342203 0.007954537 0.016935369 0.009207728 0.012714025 0.013222215 0.009729953 0.01707921 0.010381836 0.015601476 0.011672119 0.011174328 0.013187604 0.007988384 0.017085485 0.014580883 0.009335499 0.014186579 0.017806215 0.011454586 0.013258106 0.020707449 0.013767124 0.0019516024 0.009783756 0.006718478 0.009180117 0.020501869 0.013943232 0.02619788 0.014258895 0.0286927 0.0145294955 0.017627139 0.010486598 0.013466687 0.016211992 0.009779502 0.014907965 0.012784711 0.01125805 0.009300729 0.008943143 0.014729514 0.011148994 0.0049232948 0.014969119 0.012576921 0.013956972 0.017488612 0.019863768 0.009703357 0.015391969 0.006334386 0.014167657 0.0129894735 0.040423755 0.015338725 0.012611478 0.023752091 0.011337816 0.012341739 0.016261283 0.013748866 0.0053697205 0.0293607 0.009347891 0.019974375 0.012367545 0.011037969 0.017271092 0.011557899 0.012868853 0.0072075757 0.017482027 0.022430012 0.024698706 0.010514546 0.010451651 0.02814142 0.021702047 0.013478014 0.012516367 0.01784377 0.008481857 0.024795996 0.018401474 0.013294767 0.0072708847 0.027051691 0.016074331 0.029978875 0.009524983 0.015644904 0.015843526 0.011856104 0.01257129 0.011446382 0.014790299 0.015545061 0.02524532 0.016904552 0.012118733 0.016754163 0.022476297 0.013977864 0.014515588 0.007962993 0.0054074917 0.010976719 0.012746387 0.007497605 0.009271507 0.012403773 0.015522975 0.019997308 0.0139649175 0.01850358 0.012063878 0.021615745 0.01273963 0.009555084 0.007800458 0.021660844 0.01217271 0.040451054 0.028436044 0.010367698 0.0099816015 0.017159749 0.010284313 0.0057165287 0.027868548 0.0071121026 0.009695807 0.013848549 0.010781377 0.010574341 0.009308328 0.012840128 0.020551994 0.026228879 0.018742448 0.019713528 0.005987722 0.012748437 0.025938457 0.012490796 0.010765117 0.024515536 0.013511027 0.01376828 0.018179556 0.0141983805 0.013881864 0.01752255 0.011905763 0.017885882 0.01638 0.042194717 0.015706634 0.009582693 0.027678475 0.01249062 0.0070783347 0.013622414 0.012679404 0.013630688 0.03209082 0.013227582 0.032723144 0.010697433 0.0107610915 0.017098194 0.01008642 0.02272438 0.01596244 0.0130669065 0.014251566 0.033733066 0.03374553 0.00865108 0.013096083 0.0063821976 0.012250964 0.009878569 0.01500773 0.01255354 0.023298737 0.014422992 0.013566369 0.014700393 0.014585452 0.034510337 0.020828579 0.026918873 0.012487854 0.0075814673 0.009719274 0.0188564 0.015307367 0.010704002 0.013706358 0.010539511 0.02092873 0.018377818 0.008122399 0.015254488 0.009943768 0.01032639 0.009552731 0.022882594 0.027760234 0.022152303 0.0128371995 0.011580008,0.008140979 0.011009304 0.014897283 0.0069712624 0.018797873 0.014461413 0.012134139 0.012211694 0.0039831335 0.021577671 0.008687096 0.019510534 0.012812588 0.007773641 0.013269559 0.00938486 0.007915379 0.01348083 0.009545994 0.036632154 0.034729794 0.012694482 0.022663308 0.014383646 0.013580254 0.029466452 0.015983522 0.011909859 0.014703302 0.009967794 0.012772932 0.009040302 0.018802583 0.024211591 0.023566792 0.01471282 0.0069299717 0.012581633 0.010141407 0.014001974 0.009469058 0.011611153 0.014500088 0.017268455 0.014533582 0.01610062 0.016430488 0.00733398 0.015794152 0.019307446 0.013439431 0.012375502 0.02051643 0.01998646 0.015386827 0.010146221 0.015881732 0.012896474 0.021181485 0.0082201725 0.017565029 0.020955356 0.009789953 0.023852142 0.011945739 0.022123685 0.020559866 0.009626281 0.016317058 0.012780518 0.0070316005 0.015107072 0.02331779 0.007045751 0.012617731 0.027812012 0.0122308675 0.022814807 0.009541619 0.0132772 0.025562337 0.011952927 0.024985813 0.0275056 0.015438117 0.022723917 0.011380302 0.015920002 0.01406976 0.008475856 0.011196332 0.008930486 0.019237565 0.022106372 0.011728855 0.009605944 0.014469184 0.009709957 0.011071649 0.038433045 0.009914086 0.009118837 0.0145625 0.016174007 0.0113928765 0.061421737 0.011223143 0.0136015015 0.009731995 0.013510987 0.017655384 0.01805263 0.016258515 0.019915322 0.0201586 0.017614642 0.012408575 0.02145249 0.0151703395 0.017517999 0.02397274 0.012010994 0.011176618 0.007581051 0.01819395 0.007759917 0.015468582 0.004722666 0.016857682 0.010999302 0.012752406 0.014706682 0.013422625 0.010463278 0.02436194 0.015427659 0.011107794 0.008634549 0.017664779 0.0045864526 0.015420804 0.029214742 0.014405458 0.01947363 0.008466503 0.011823893 0.01242535 0.02774916 0.009889139 0.017075831 0.006189623 0.02329793 0.010170661 0.012343539 0.014967192 0.012374215 0.012092801 0.0108534815 0.010980821 0.02144688 0.010947163 0.009038842 0.011921651 0.005892727 0.020891408 0.017038427 0.025481999 0.0122769885 0.011245786 0.010312545 0.015599796 0.016045803 0.00770742 0.011411138 0.022643251 0.015855772 0.015605251 0.012843512 0.01693047 0.009142211 0.024422893 0.017194916 0.0095170755 0.017136382 0.014742414 0.0060820347 0.014362775 0.010694415 0.011854948 0.011987333 0.025299478 0.026979223 0.010871077 0.0126336515 0.008996677 0.010145114 0.010246836 0.020284064 0.01301085 0.013921904 0.013553631 0.013249221 0.007130729 0.009676393 0.021010272 0.012276237 0.013769389 0.017013593 0.0137297325 0.010563032 0.015752185 0.033181883 0.0072714007 0.01675412 0.01368479 0.00862988 0.01783262 0.010290701 0.008831718 0.0076479292 0.042320717 0.03092706 0.012791579 0.021000616 0.012924912 0.040522758 0.022233061 0.03006206 0.026697828 0.016136352 0.005653396 0.018102527 0.03181279 0.011007585 0.017577883 0.008694788 0.008977657 0.016849957 0.014061903 0.014006251 0.02300063 0.008706783 0.009141359 0.009577533 0.012184382 0.009053352 0.0076274127 0.018521778 0.015753562 0.010228584 0.018211884 0.021002777 0.023808943 0.017784186 0.0063623725 0.006057235 0.010397184 0.0069113676 0.009902378 0.026041718 0.009071723 0.005387956 0.010201264 0.024699273 0.015854992 0.01594353 0.008782483 0.016151171 0.016306518 0.006959969 0.008965699 0.0070611816 0.031565662 0.015256571 0.007840208 0.012778447 0.023929043 0.017616892 0.0073682046 0.01201349 0.018445477 0.013798743 0.01801133 0.022495577 0.005105339 0.017565548 0.010502429 0.02833931 0.013235048 0.011971101 0.026121631 0.016644359 0.011066557 0.016152618 0.017630616 0.020147128 0.011340818 0.007953566 0.016933303 0.009206605 0.012712473 0.013220602 0.009728765 0.017077126 0.010380569 0.015599571 0.011670695 0.011172963 0.013185995 0.007987409 0.017083399 0.014579104 0.009334359 0.0141848475 0.017804043 0.011453188 0.013256487 0.020704921 0.013765444 0.0019513642 0.009782562 0.006717658 0.009178997 0.020499365 0.01394153 0.026194682 0.014257154 0.028689198 0.014527722 0.017624987 0.0104853185 0.013465044 0.016210014 0.009778309 0.014906147 0.01278315 0.011256675 0.009299594 0.008942052 0.014727716 0.011147633 0.0049226936 0.014967293 0.012575386 0.013955269 0.017486477 0.019861342 0.009702173 0.015390091 0.006333613 0.014165929 0.012987888 0.04041882 0.015336853 0.012609939 0.023749193 0.011336433 0.012340232 0.016259298 0.013747188 0.005369065 0.029357119 0.009346751 0.019971939 0.012366036 0.011036621 0.017268986 0.011556489 0.012867282 0.007206696 0.017479893 0.022427276 0.02469569 0.010513263 0.010450376 0.028137986 0.021699399 0.013476369 0.01251484 0.017841592 0.008480822 0.024792971 0.01839923 0.013293144 0.0072699976 0.027048388 0.01607237 0.029975217 0.009523821 0.015642995 0.015841592 0.011854658 0.012569755 0.011444985 0.014788494 0.015543164 0.02524224 0.01690249 0.012117254 0.01675212 0.022473555 0.013976159 0.014513817 0.007962021 0.005406832 0.010975379 0.012744831 0.00749669 0.009270376 0.012402259 0.01552108 0.019994868 0.013963213 0.01850132 0.012062405 0.021613106 0.012738075 0.009553918 0.0077995057 0.0216582 0.012171225 0.040446118 0.028432574 0.010366433 0.009980383 0.017157653 0.0102830585 0.005715831 0.027865147 0.0071112346 0.009694624 0.013846859 0.010780061 0.010573051 0.009307192 0.012838561 0.020549487 0.026225679 0.01874016 0.019711124 0.005986991 0.012746882 0.02593529 0.012489271 0.0107638035 0.024512542 0.013509378 0.0137666 0.018177338 0.014196648 0.01388017 0.017520411 0.01190431 0.0178837 0.016378002 0.042189565 0.015704717 0.009581524 0.027675096 0.012489095 0.007077471 0.013620752 0.012677857 0.013629025 0.0320869 0.013225967 0.03271915 0.010696127 0.010759778 0.017096106 0.01008519 0.022721607 0.015960492 0.013065311 0.014249827 0.03372895 0.033741415 0.008650024 0.013094485 0.006381419 0.012249468 0.009877363 0.015005899 0.012552008 0.023295894 0.014421232 0.013564714 0.0146985985 0.014583671 0.034506127 0.020826038 0.02691559 0.012486329 0.007580542 0.009718088 0.018854098 0.015305499 0.010702697 0.0137046855 0.010538225 0.020926174 0.018375576 0.008121408 0.0152526265 0.009942555 0.01032513 0.009551565 0.0228798 0.027756846 0.022149598 0.012835633 0.011578594,,
952,3x3x512x512,0.009737031 0.033470474 0.019898782 0.026296787 0.010594759 0.030857319 0.022562921 0.027115176 0.039674673 0.048836328 0.021768687 0.04595044 0.0330658 0.035764184 0.040966813 0.010500143 0.030653398 0.009518428 0.0095650945 0.03247788 0.02573211 0.030106815 0.022928465 0.112091854 0.011838451 0.08828851 0.015725488 0.03131911 0.022115942 0.024125993 0.038391136 0.03288871 0.03407581 0.008243066 0.045519743 0.05944279 0.0855861 0.020658314 0.048588075 0.021095445 0.057402153 0.02777504 0.038852617 0.0289794 0.023367329 0.014287816 0.021671942 0.042010713 0.07856592 0.022981908 0.04907741 0.023438713 0.057999518 0.033993576 0.021828175 0.027978178 0.032377522 0.028995052 0.01415417 0.020166634 0.010584728 0.03302618 0.015127509 0.06958462 0.076555945 0.04374653 0.01469581 0.0689544 0.01292963 0.07119582 0.08974348 0.017728636 0.034249276 0.02201346 0.017883403 0.008733658 0.034086205 0.014638631 0.009729374 0.022728028 0.029408343 0.030570308 0.025590839 0.042479727 0.08124386 0.01910526 0.034321528 0.007227234 0.022578346 0.016412774 0.045990296 0.03743763 0.040801425 0.008491057 0.018455612 0.07868253 0.04000084 0.017430197 0.11714807 0.04050939 0.015512745 0.009744001 0.054275826 0.014129735 0.042364098 0.013391449 0.015374124 0.028185684 0.017763846 0.012944045 0.023292316 0.018737568 0.024235142 0.046284962 0.041782342 0.03677396 0.0526768 0.012778254 0.040974576 0.04651638 0.041981675 0.008586832 0.015821958 0.038264655 0.025592236 0.019843342 0.050178885 0.01203425 0.053379618 0.020287668 0.031072062 0.037453264 0.014832861 0.03531414 0.0969448 0.057998177 0.08588619 0.035824727 0.04841094 0.03126455 0.014926967 0.02283748 0.013092463 0.024013804 0.028693262 0.012419104 0.010857747 0.022455642 0.028598646 0.03125511 0.007605903 0.04507612 0.036800776 0.05020925 0.015931899 0.019975381 0.030663475 0.016661339 0.038789928 0.047729645 0.027498448 0.026537199 0.02441181 0.019435897 0.032034464 0.0069677574 0.111654736 0.0264046 0.07112587 0.035914127 0.08483916 0.025694516 0.034392595 0.063678935 0.07257984 0.02728527 0.013675236 0.014779008 0.011769083 0.025985612 0.027237887 0.014209456 0.027279912 0.012555698 0.018939298 0.020960785 0.031788398 0.015251765 0.020265993 0.050909944 0.034081593 0.10333745 0.06759473 0.031557806 0.029712347 0.035283566 0.10009179 0.029798046 0.07586615 0.042595163 0.027364349 0.03001364 0.033197474 0.03806998 0.04136626 0.019432487 0.025136584 0.032711748 0.11877878 0.033670127 0.040035136 0.016661078 0.029778609 0.027763562 0.014957806 0.0698127 0.06305425 0.022413794 0.020416575 0.03475737 0.020187585 0.06424352 0.026380299 0.02685362 0.030871274 0.16258919 0.015233865 0.084129006 0.013362324 0.03006994 0.0081536 0.00811966 0.013958121 0.029145217 0.022548009 0.02438424 0.029234052 0.028793894 0.0142876 0.035674658 0.037162162 0.025023185 0.02185092 0.037331633 0.025851795 0.022666166 0.02092121 0.029792404 0.035471275 0.01418404 0.058661487 0.031691246 0.07539406 0.059753265 0.014619542 0.016177546 0.013742041 0.03322861 0.028351055 0.01726972 0.019040069 0.029175123 0.009024417 0.07383788 0.042587556 0.052234024 0.03292372 0.018854115 0.028349353 0.02667775 0.07223692 0.017407864 0.011745342 0.02229019 0.03438309 0.016319998 0.013007682 0.08615675 0.027328944 0.028616821 0.06961041 0.027365148 0.020748483 0.061724454 0.015757512 0.014772951 0.01694903 0.027654301 0.013994298 0.0297776 0.022720417 0.022038104 0.057552636 0.02151259 0.058322176 0.08431295 0.14058219 0.031518713 0.039121483 0.01720445 0.013517724 0.02513871 0.06309845 0.007358078 0.031524125 0.108567834 0.019830173 0.013017018 0.039470244 0.028809395 0.055298954 0.0239707 0.0069769924 0.03489582 0.023304686 0.039985072 0.025380943 0.031963754 0.024697242 0.029562486 0.022902435 0.04162201 0.07022588 0.020672122 0.029567406 0.052387152 0.035490148 0.022619626 0.046965968 0.020280734 0.053605508 0.022038102 0.015561623 0.015627952 0.018619725 0.01213888 0.033113305 0.05423726 0.017352574 0.029308775 0.0872201 0.02895252 0.020821098 0.025649246 0.024894321 0.042081214 0.026903884 0.03487853 0.030176787 0.037069444 0.04161324 0.009468416 0.011083482 0.019649277 0.01557752 0.021686973 0.027615111 0.008786614 0.026485726 0.016694782 0.10337482 0.021529058 0.010675361 0.0488452 0.026241546 0.02965215 0.07942262 0.021032337 0.012123454 0.025636856 0.03221261 0.017260378 0.016511472 0.009422732 0.01961573 0.018550208 0.042994596 0.012582574 0.012030979 0.03427415 0.04106003 0.046860773 0.029806348 0.019308096 0.013032563 0.013430734 0.013276595 0.05468502 0.012423318 0.05298887 0.013416045 0.058605038 0.028842844 0.015224342 0.03463085 0.031608637 0.01711698 0.03193574 0.036691695 0.02228456 0.06577366 0.012612846 0.019130727 0.038045056 0.03851729 0.017681075 0.03599682 0.031274647 0.060547844 0.022331623 0.013546617 0.010209726 0.01900858 0.06133399 0.04241821 0.09214058 0.014777239 0.07641012 0.020344775 0.02607813 0.02598548 0.017887585 0.029502667 0.046696402 0.014785162 0.054254744 0.01776415 0.04060705 0.022438344 0.046562627 0.08344422 0.0130634485 0.018184781 0.0781111 0.025903614 0.03581435 0.049069263 0.029826902 0.024977386 0.018139757 0.027772166 0.041591823 0.023150666 0.036117002 0.029979726 0.049477186 0.014240313 0.024033627 0.035288274 0.040821087 0.037315853 0.05768862 0.019348351 0.037402403 0.03927059 0.0035914183 0.028982986 0.01448879 0.024194518 0.04493861 0.056425508 0.022401996 0.02825762 0.023051837 0.016678123 0.024892893 0.024474539 0.02543912 0.033214856 0.01934203 0.07914595 0.013834153 0.042180892 0.037174072 0.037864186 0.007919192 0.022597339 0.042318515 0.057665706 0.043664712 0.055192366 0.02383644 0.06367844 0.015835663 0.0126288915 0.020823888 0.027297612 0.03780581 0.01055715 0.019942928 0.024934892 0.13104613 0.04734318 0.016895566 0.032103352 0.0599381 0.016901532 0.042297333 0.014071712 0.02411562 0.030219082 0.020058531 0.06435793 0.020898143 0.033615716 0.029398084 0.044618342 0.06429587 0.009635184 0.01811589 0.021175828 0.048435062,0.009735842 0.033466388 0.019896353 0.026293578 0.0105934655 0.030853553 0.022560166 0.027111867 0.039669834 0.048830368 0.02176603 0.04594483 0.033061765 0.03575982 0.040961813 0.010498862 0.030649656 0.0095172655 0.009563927 0.032473918 0.025728969 0.030103141 0.022925666 0.112078175 0.011837006 0.088277735 0.015723567 0.03131529 0.022113243 0.02412305 0.038386453 0.032884695 0.03407165 0.00824206 0.04551419 0.05943553 0.085575655 0.020655794 0.048582148 0.021092871 0.057395145 0.02777165 0.038847875 0.028975865 0.023364477 0.014286072 0.021669297 0.042005584 0.07855633 0.022979103 0.04907142 0.023435853 0.05799244 0.03398943 0.021825511 0.027974764 0.032373574 0.028991513 0.014152442 0.020164171 0.010583436 0.03302215 0.015125662 0.06957613 0.0765466 0.043741193 0.014694017 0.06894598 0.012928051 0.07118713 0.08973253 0.017726474 0.034245096 0.022010772 0.017881222 0.008732592 0.034082048 0.014636844 0.009728187 0.022725254 0.029404754 0.030566577 0.025587717 0.042474546 0.08123394 0.019102927 0.034317337 0.007226352 0.022575589 0.01641077 0.045984685 0.037433058 0.040796448 0.008490021 0.01845336 0.07867292 0.039995957 0.01742807 0.117133774 0.040504448 0.0155108515 0.009742811 0.054269202 0.014128011 0.042358927 0.013389815 0.015372248 0.028182246 0.017761678 0.012942465 0.023289474 0.018735282 0.024232185 0.04627931 0.041777242 0.036769476 0.052670375 0.012776694 0.040969573 0.046510704 0.04197655 0.008585785 0.015820028 0.038259987 0.025589112 0.01984092 0.05017276 0.012032782 0.053373106 0.020285193 0.03106827 0.037448693 0.014831051 0.03530983 0.09693297 0.0579911 0.085875705 0.035820358 0.048405033 0.031260736 0.014925146 0.022834692 0.013090866 0.024010872 0.02868976 0.012417587 0.010856422 0.0224529 0.028595155 0.031251296 0.0076049743 0.045070622 0.036796287 0.050203122 0.015929954 0.019972943 0.030659733 0.016659306 0.038785193 0.047723822 0.027495094 0.026533961 0.02440883 0.019433524 0.032030553 0.006966907 0.11164111 0.026401378 0.07111719 0.035909746 0.08482881 0.02569138 0.0343884 0.063671164 0.07257098 0.027281942 0.013673567 0.014777205 0.011767647 0.025982441 0.027234564 0.014207722 0.027276581 0.012554165 0.018936986 0.020958226 0.031784516 0.015249904 0.02026352 0.05090373 0.034077436 0.103324845 0.06758648 0.031553954 0.02970872 0.03527926 0.10007958 0.029794408 0.075856894 0.042589962 0.02736101 0.030009976 0.033193424 0.038065333 0.041361213 0.019430116 0.025133517 0.03270776 0.11876429 0.03366602 0.040030252 0.016659046 0.029774975 0.027760174 0.014955981 0.069804184 0.06304655 0.02241106 0.020414084 0.03475313 0.020185122 0.06423567 0.026377078 0.02685034 0.030867508 0.12193198 0.015232006 0.047321282 0.013360693 0.03006627 0.008152604 0.0081186695 0.013956417 0.02914166 0.022545256 0.024381265 0.029230483 0.02879038 0.014285857 0.035670307 0.037157625 0.025020132 0.021848254 0.037327077 0.02584864 0.0226634 0.020918656 0.029788768 0.035466947 0.01418231 0.058654327 0.03168738 0.075384855 0.059745975 0.014617759 0.016175572 0.0137403635 0.033224557 0.028347597 0.017267613 0.019037746 0.029171564 0.009023316 0.07382886 0.04258236 0.05222765 0.032919705 0.018851813 0.028345892 0.026674494 0.072228104 0.01740574 0.011743909 0.02228747 0.03437889 0.016318005 0.013006095 0.086146235 0.02732561 0.028613329 0.069601916 0.027361808 0.02074595 0.06171692 0.015755588 0.014771148 0.016946962 0.027650926 0.01399259 0.029773965 0.022717645 0.022035414 0.05754561 0.021509966 0.05831506 0.084302664 0.14056502 0.03151487 0.03911671 0.017202351 0.013516074 0.025135642 0.06309076 0.0073571797 0.03152028 0.10855458 0.019827751 0.0130154295 0.039465427 0.02880588 0.055292208 0.023967776 0.006976141 0.03489156 0.023301842 0.03998019 0.025377845 0.031959854 0.024694229 0.029558878 0.02289964 0.04161693 0.070217304 0.020669598 0.029563796 0.05238076 0.03548582 0.022616865 0.04696024 0.020278258 0.053598966 0.022035412 0.015559724 0.015626045 0.018617453 0.012137399 0.033109263 0.05423064 0.017350456 0.029305197 0.08720946 0.028948987 0.020818558 0.025646117 0.024891283 0.04207608 0.026900603 0.034874275 0.030173104 0.037064917 0.041608162 0.009467261 0.011082129 0.019646877 0.0155756185 0.021684326 0.02761174 0.008785541 0.026482493 0.016692745 0.103362195 0.021526432 0.010674058 0.04883924 0.026238343 0.029648531 0.07941293 0.02102977 0.012121975 0.025633728 0.032208677 0.017258272 0.016509457 0.009421581 0.019613337 0.018547943 0.04298935 0.012581038 0.012029511 0.034269966 0.04105502 0.046855055 0.02980271 0.01930574 0.013030972 0.013429095 0.013274974 0.037593447 0.012421802 0.0529824 0.013414408 0.058597885 0.028839324 0.015222484 0.034626625 0.031604778 0.017114893 0.031931844 0.036687218 0.02228184 0.06576563 0.012611306 0.019128392 0.03804041 0.038512588 0.017678916 0.035992425 0.03127083 0.060540456 0.022328898 0.013544964 0.01020848 0.01900626 0.061326504 0.042413037 0.09212933 0.014775435 0.0764008 0.020342292 0.026074948 0.02598231 0.017885402 0.029499067 0.046690702 0.014783357 0.05424812 0.017761981 0.04060209 0.022435606 0.046556942 0.08343404 0.013061854 0.01818256 0.07810156 0.025900453 0.035809975 0.049063276 0.02982326 0.024974339 0.018137544 0.027768778 0.04158675 0.02314784 0.036112595 0.029976066 0.049471147 0.0142385755 0.024030695 0.035283968 0.040816102 0.037311297 0.05768158 0.019345991 0.037397835 0.0392658 0.0035909798 0.028979449 0.0144870225 0.024191566 0.044933125 0.05641862 0.022399262 0.02825417 0.023049023 0.016676087 0.024889855 0.024471553 0.025436016 0.033210803 0.019339668 0.07913629 0.013832465 0.042175744 0.037169535 0.037859563 0.0079182265 0.022594582 0.04231335 0.05765867 0.04365938 0.05518563 0.02383353 0.06367067 0.015833732 0.01262735 0.020821346 0.027294282 0.0378012 0.010555861 0.019940495 0.02493185 0.13103013 0.0473374 0.016893504 0.032099437 0.059930786 0.016899468 0.042292174 0.014069995 0.024112677 0.030215394 0.020056084 0.064350076 0.020895593 0.03361161 0.029394496 0.0446129 0.06428803 0.009634009 0.018113678 0.021173242 0.048429154,,
956,3x3x512x512,0.009737031 0.033470474 0.019898782 0.026296787 0.010594759 0.030857319 0.022562921 0.027115176 0.039674673 0.048836328 0.021768687 0.04595044 0.0330658 0.035764184 0.040966813 0.010500143 0.030653398 0.009518428 0.0095650945 0.03247788 0.02573211 0.030106815 0.022928465 0.112091854 0.011838451 0.08828851 0.015725488 0.03131911 0.022115942 0.024125993 0.038391136 0.03288871 0.03407581 0.008243066 0.045519743 0.05944279 0.0855861 0.020658314 0.048588075 0.021095445 0.057402153 0.02777504 0.038852617 0.0289794 0.023367329 0.014287816 0.021671942 0.042010713 0.07856592 0.022981908 0.04907741 0.023438713 0.057999518 0.033993576 0.021828175 0.027978178 0.032377522 0.028995052 0.01415417 0.020166634 0.010584728 0.03302618 0.015127509 0.06958462 0.076555945 0.04374653 0.01469581 0.0689544 0.01292963 0.07119582 0.08974348 0.017728636 0.034249276 0.02201346 0.017883403 0.008733658 0.034086205 0.014638631 0.009729374 0.022728028 0.029408343 0.030570308 0.025590839 0.042479727 0.08124386 0.01910526 0.034321528 0.007227234 0.022578346 0.016412774 0.045990296 0.03743763 0.040801425 0.008491057 0.018455612 0.07868253 0.04000084 0.017430197 0.11714807 0.04050939 0.015512745 0.009744001 0.054275826 0.014129735 0.042364098 0.013391449 0.015374124 0.028185684 0.017763846 0.012944045 0.023292316 0.018737568 0.024235142 0.046284962 0.041782342 0.03677396 0.0526768 0.012778254 0.040974576 0.04651638 0.041981675 0.008586832 0.015821958 0.038264655 0.025592236 0.019843342 0.050178885 0.01203425 0.053379618 0.020287668 0.031072062 0.037453264 0.014832861 0.03531414 0.0969448 0.057998177 0.08588619 0.035824727 0.04841094 0.03126455 0.014926967 0.02283748 0.013092463 0.024013804 0.028693262 0.012419104 0.010857747 0.022455642 0.028598646 0.03125511 0.007605903 0.04507612 0.036800776 0.05020925 0.015931899 0.019975381 0.030663475 0.016661339 0.038789928 0.047729645 0.027498448 0.026537199 0.02441181 0.019435897 0.032034464 0.0069677574 0.111654736 0.0264046 0.07112587 0.035914127 0.08483916 0.025694516 0.034392595 0.063678935 0.07257984 0.02728527 0.013675236 0.014779008 0.011769083 0.025985612 0.027237887 0.014209456 0.027279912 0.012555698 0.018939298 0.020960785 0.031788398 0.015251765 0.020265993 0.050909944 0.034081593 0.10333745 0.06759473 0.031557806 0.029712347 0.035283566 0.10009179 0.029798046 0.07586615 0.042595163 0.027364349 0.03001364 0.033197474 0.03806998 0.04136626 0.019432487 0.025136584 0.032711748 0.11877878 0.033670127 0.040035136 0.016661078 0.029778609 0.027763562 0.014957806 0.0698127 0.06305425 0.022413794 0.020416575 0.03475737 0.020187585 0.06424352 0.026380299 0.02685362 0.030871274 0.16258919 0.015233865 0.084129006 0.013362324 0.03006994 0.0081536 0.00811966 0.013958121 0.029145217 0.022548009 0.02438424 0.029234052 0.028793894 0.0142876 0.035674658 0.037162162 0.025023185 0.02185092 0.037331633 0.025851795 0.022666166 0.02092121 0.029792404 0.035471275 0.01418404 0.058661487 0.031691246 0.07539406 0.059753265 0.014619542 0.016177546 0.013742041 0.03322861 0.028351055 0.01726972 0.019040069 0.029175123 0.009024417 0.07383788 0.042587556 0.052234024 0.03292372 0.018854115 0.028349353 0.02667775 0.07223692 0.017407864 0.011745342 0.02229019 0.03438309 0.016319998 0.013007682 0.08615675 0.027328944 0.028616821 0.06961041 0.027365148 0.020748483 0.061724454 0.015757512 0.014772951 0.01694903 0.027654301 0.013994298 0.0297776 0.022720417 0.022038104 0.057552636 0.02151259 0.058322176 0.08431295 0.14058219 0.031518713 0.039121483 0.01720445 0.013517724 0.02513871 0.06309845 0.007358078 0.031524125 0.108567834 0.019830173 0.013017018 0.039470244 0.028809395 0.055298954 0.0239707 0.0069769924 0.03489582 0.023304686 0.039985072 0.025380943 0.031963754 0.024697242 0.029562486 0.022902435 0.04162201 0.07022588 0.020672122 0.029567406 0.052387152 0.035490148 0.022619626 0.046965968 0.020280734 0.053605508 0.022038102 0.015561623 0.015627952 0.018619725 0.01213888 0.033113305 0.05423726 0.017352574 0.029308775 0.0872201 0.02895252 0.020821098 0.025649246 0.024894321 0.042081214 0.026903884 0.03487853 0.030176787 0.037069444 0.04161324 0.009468416 0.011083482 0.019649277 0.01557752 0.021686973 0.027615111 0.008786614 0.026485726 0.016694782 0.10337482 0.021529058 0.010675361 0.0488452 0.026241546 0.02965215 0.07942262 0.021032337 0.012123454 0.025636856 0.03221261 0.017260378 0.016511472 0.009422732 0.01961573 0.018550208 0.042994596 0.012582574 0.012030979 0.03427415 0.04106003 0.046860773 0.029806348 0.019308096 0.013032563 0.013430734 0.013276595 0.05468502 0.012423318 0.05298887 0.013416045 0.058605038 0.028842844 0.015224342 0.03463085 0.031608637 0.01711698 0.03193574 0.036691695 0.02228456 0.06577366 0.012612846 0.019130727 0.038045056 0.03851729 0.017681075 0.03599682 0.031274647 0.060547844 0.022331623 0.013546617 0.010209726 0.01900858 0.06133399 0.04241821 0.09214058 0.014777239 0.07641012 0.020344775 0.02607813 0.02598548 0.017887585 0.029502667 0.046696402 0.014785162 0.054254744 0.01776415 0.04060705 0.022438344 0.046562627 0.08344422 0.0130634485 0.018184781 0.0781111 0.025903614 0.03581435 0.049069263 0.029826902 0.024977386 0.018139757 0.027772166 0.041591823 0.023150666 0.036117002 0.029979726 0.049477186 0.014240313 0.024033627 0.035288274 0.040821087 0.037315853 0.05768862 0.019348351 0.037402403 0.03927059 0.0035914183 0.028982986 0.01448879 0.024194518 0.04493861 0.056425508 0.022401996 0.02825762 0.023051837 0.016678123 0.024892893 0.024474539 0.02543912 0.033214856 0.01934203 0.07914595 0.013834153 0.042180892 0.037174072 0.037864186 0.007919192 0.022597339 0.042318515 0.057665706 0.043664712 0.055192366 0.02383644 0.06367844 0.015835663 0.0126288915 0.020823888 0.027297612 0.03780581 0.01055715 0.019942928 0.024934892 0.13104613 0.04734318 0.016895566 0.032103352 0.0599381 0.016901532 0.042297333 0.014071712 0.02411562 0.030219082 0.020058531 0.06435793 0.020898143 0.033615716 0.029398084 0.044618342 0.06429587 0.009635184 0.01811589 0.021175828 0.048435062,0.009735842 0.033466388 0.019896353 0.026293578 0.0105934655 0.030853553 0.022560166 0.027111867 0.039669834 0.048830368 0.02176603 0.04594483 0.033061765 0.03575982 0.040961813 0.010498862 0.030649656 0.0095172655 0.009563927 0.032473918 0.025728969 0.030103141 0.022925666 0.112078175 0.011837006 0.088277735 0.015723567 0.03131529 0.022113243 0.02412305 0.038386453 0.032884695 0.03407165 0.00824206 0.04551419 0.05943553 0.085575655 0.020655794 0.048582148 0.021092871 0.057395145 0.02777165 0.038847875 0.028975865 0.023364477 0.014286072 0.021669297 0.042005584 0.07855633 0.022979103 0.04907142 0.023435853 0.05799244 0.03398943 0.021825511 0.027974764 0.032373574 0.028991513 0.014152442 0.020164171 0.010583436 0.03302215 0.015125662 0.06957613 0.0765466 0.043741193 0.014694017 0.06894598 0.012928051 0.07118713 0.08973253 0.017726474 0.034245096 0.022010772 0.017881222 0.008732592 0.034082048 0.014636844 0.009728187 0.022725254 0.029404754 0.030566577 0.025587717 0.042474546 0.08123394 0.019102927 0.034317337 0.007226352 0.022575589 0.01641077 0.045984685 0.037433058 0.040796448 0.008490021 0.01845336 0.07867292 0.039995957 0.01742807 0.117133774 0.040504448 0.0155108515 0.009742811 0.054269202 0.014128011 0.042358927 0.013389815 0.015372248 0.028182246 0.017761678 0.012942465 0.023289474 0.018735282 0.024232185 0.04627931 0.041777242 0.036769476 0.052670375 0.012776694 0.040969573 0.046510704 0.04197655 0.008585785 0.015820028 0.038259987 0.025589112 0.01984092 0.05017276 0.012032782 0.053373106 0.020285193 0.03106827 0.037448693 0.014831051 0.03530983 0.09693297 0.0579911 0.085875705 0.035820358 0.048405033 0.031260736 0.014925146 0.022834692 0.013090866 0.024010872 0.02868976 0.012417587 0.010856422 0.0224529 0.028595155 0.031251296 0.0076049743 0.045070622 0.036796287 0.050203122 0.015929954 0.019972943 0.030659733 0.016659306 0.038785193 0.047723822 0.027495094 0.026533961 0.02440883 0.019433524 0.032030553 0.006966907 0.11164111 0.026401378 0.07111719 0.035909746 0.08482881 0.02569138 0.0343884 0.063671164 0.07257098 0.027281942 0.013673567 0.014777205 0.011767647 0.025982441 0.027234564 0.014207722 0.027276581 0.012554165 0.018936986 0.020958226 0.031784516 0.015249904 0.02026352 0.05090373 0.034077436 0.103324845 0.06758648 0.031553954 0.02970872 0.03527926 0.10007958 0.029794408 0.075856894 0.042589962 0.02736101 0.030009976 0.033193424 0.038065333 0.041361213 0.019430116 0.025133517 0.03270776 0.11876429 0.03366602 0.040030252 0.016659046 0.029774975 0.027760174 0.014955981 0.069804184 0.06304655 0.02241106 0.020414084 0.03475313 0.020185122 0.06423567 0.026377078 0.02685034 0.030867508 0.12193198 0.015232006 0.047321282 0.013360693 0.03006627 0.008152604 0.0081186695 0.013956417 0.02914166 0.022545256 0.024381265 0.029230483 0.02879038 0.014285857 0.035670307 0.037157625 0.025020132 0.021848254 0.037327077 0.02584864 0.0226634 0.020918656 0.029788768 0.035466947 0.01418231 0.058654327 0.03168738 0.075384855 0.059745975 0.014617759 0.016175572 0.0137403635 0.033224557 0.028347597 0.017267613 0.019037746 0.029171564 0.009023316 0.07382886 0.04258236 0.05222765 0.032919705 0.018851813 0.028345892 0.026674494 0.072228104 0.01740574 0.011743909 0.02228747 0.03437889 0.016318005 0.013006095 0.086146235 0.02732561 0.028613329 0.069601916 0.027361808 0.02074595 0.06171692 0.015755588 0.014771148 0.016946962 0.027650926 0.01399259 0.029773965 0.022717645 0.022035414 0.05754561 0.021509966 0.05831506 0.084302664 0.14056502 0.03151487 0.03911671 0.017202351 0.013516074 0.025135642 0.06309076 0.0073571797 0.03152028 0.10855458 0.019827751 0.0130154295 0.039465427 0.02880588 0.055292208 0.023967776 0.006976141 0.03489156 0.023301842 0.03998019 0.025377845 0.031959854 0.024694229 0.029558878 0.02289964 0.04161693 0.070217304 0.020669598 0.029563796 0.05238076 0.03548582 0.022616865 0.04696024 0.020278258 0.053598966 0.022035412 0.015559724 0.015626045 0.018617453 0.012137399 0.033109263 0.05423064 0.017350456 0.029305197 0.08720946 0.028948987 0.020818558 0.025646117 0.024891283 0.04207608 0.026900603 0.034874275 0.030173104 0.037064917 0.041608162 0.009467261 0.011082129 0.019646877 0.0155756185 0.021684326 0.02761174 0.008785541 0.026482493 0.016692745 0.103362195 0.021526432 0.010674058 0.04883924 0.026238343 0.029648531 0.07941293 0.02102977 0.012121975 0.025633728 0.032208677 0.017258272 0.016509457 0.009421581 0.019613337 0.018547943 0.04298935 0.012581038 0.012029511 0.034269966 0.04105502 0.046855055 0.02980271 0.01930574 0.013030972 0.013429095 0.013274974 0.037593447 0.012421802 0.0529824 0.013414408 0.058597885 0.028839324 0.015222484 0.034626625 0.031604778 0.017114893 0.031931844 0.036687218 0.02228184 0.06576563 0.012611306 0.019128392 0.03804041 0.038512588 0.017678916 0.035992425 0.03127083 0.060540456 0.022328898 0.013544964 0.01020848 0.01900626 0.061326504 0.042413037 0.09212933 0.014775435 0.0764008 0.020342292 0.026074948 0.02598231 0.017885402 0.029499067 0.046690702 0.014783357 0.05424812 0.017761981 0.04060209 0.022435606 0.046556942 0.08343404 0.013061854 0.01818256 0.07810156 0.025900453 0.035809975 0.049063276 0.02982326 0.024974339 0.018137544 0.027768778 0.04158675 0.02314784 0.036112595 0.029976066 0.049471147 0.0142385755 0.024030695 0.035283968 0.040816102 0.037311297 0.05768158 0.019345991 0.037397835 0.0392658 0.0035909798 0.028979449 0.0144870225 0.024191566 0.044933125 0.05641862 0.022399262 0.02825417 0.023049023 0.016676087 0.024889855 0.024471553 0.025436016 0.033210803 0.019339668 0.07913629 0.013832465 0.042175744 0.037169535 0.037859563 0.0079182265 0.022594582 0.04231335 0.05765867 0.04365938 0.05518563 0.02383353 0.06367067 0.015833732 0.01262735 0.020821346 0.027294282 0.0378012 0.010555861 0.019940495 0.02493185 0.13103013 0.0473374 0.016893504 0.032099437 0.059930786 0.016899468 0.042292174 0.014069995 0.024112677 0.030215394 0.020056084 0.064350076 0.020895593 0.03361161 0.029394496 0.0446129 0.06428803 0.009634009 0.018113678 0.021173242 0.048429154,,
960,3x3x512x512,0.009737031 0.033470474 0.019898782 0.026296787 0.010594759 0.030857319 0.022562921 0.027115176 0.039674673 0.048836328 0.021768687 0.04595044 0.0330658 0.035764184 0.040966813 0.010500143 0.030653398 0.009518428 0.0095650945 0.03247788 0.02573211 0.030106815 0.022928465 0.112091854 0.011838451 0.08828851 0.015725488 0.03131911 0.022115942 0.024125993 0.038391136 0.03288871 0.03407581 0.008243066 0.045519743 0.05944279 0.0855861 0.020658314 0.048588075 0.021095445 0.057402153 0.02777504 0.038852617 0.0289794 0.023367329 0.014287816 0.021671942 0.042010713 0.07856592 0.022981908 0.04907741 0.023438713 0.057999518 0.033993576 0.021828175 0.027978178 0.032377522 0.028995052 0.01415417 0.020166634 0.010584728 0.03302618 0.015127509 0.06958462 0.076555945 0.04374653 0.01469581 0.0689544 0.01292963 0.07119582 0.08974348 0.017728636 0.034249276 0.02201346 0.017883403 0.008733658 0.034086205 0.014638631 0.009729374 0.022728028 0.029408343 0.030570308 0.025590839 0.042479727 0.08124386 0.01910526 0.034321528 0.007227234 0.022578346 0.016412774 0.045990296 0.03743763 0.040801425 0.008491057 0.018455612 0.07868253 0.04000084 0.017430197 0.11714807 0.04050939 0.015512745 0.009744001 0.054275826 0.014129735 0.042364098 0.013391449 0.015374124 0.028185684 0.017763846 0.012944045 0.023292316 0.018737568 0.024235142 0.046284962 0.041782342 0.03677396 0.0526768 0.012778254 0.040974576 0.04651638 0.041981675 0.008586832 0.015821958 0.038264655 0.025592236 0.019843342 0.050178885 0.01203425 0.053379618 0.020287668 0.031072062 0.037453264 0.014832861 0.03531414 0.0969448 0.057998177 0.08588619 0.035824727 0.04841094 0.03126455 0.014926967 0.02283748 0.013092463 0.024013804 0.028693262 0.012419104 0.010857747 0.022455642 0.028598646 0.03125511 0.007605903 0.04507612 0.036800776 0.05020925 0.015931899 0.019975381 0.030663475 0.016661339 0.038789928 0.047729645 0.027498448 0.026537199 0.02441181 0.019435897 0.032034464 0.0069677574 0.111654736 0.0264046 0.07112587 0.035914127 0.08483916 0.025694516 0.034392595 0.063678935 0.07257984 0.02728527 0.013675236 0.014779008 0.011769083 0.025985612 0.027237887 0.014209456 0.027279912 0.012555698 0.018939298 0.020960785 0.031788398 0.015251765 0.020265993 0.050909944 0.034081593 0.10333745 0.06759473 0.031557806 0.029712347 0.035283566 0.10009179 0.029798046 0.07586615 0.042595163 0.027364349 0.03001364 0.033197474 0.03806998 0.04136626 0.019432487 0.025136584 0.032711748 0.11877878 0.033670127 0.040035136 0.016661078 0.029778609 0.027763562 0.014957806 0.0698127 0.06305425 0.022413794 0.020416575 0.03475737 0.020187585 0.06424352 0.026380299 0.02685362 0.030871274 0.16258919 0.015233865 0.084129006 0.013362324 0.03006994 0.0081536 0.00811966 0.013958121 0.029145217 0.022548009 0.02438424 0.029234052 0.028793894 0.0142876 0.035674658 0.037162162 0.025023185 0.02185092 0.037331633 0.025851795 0.022666166 0.02092121 0.029792404 0.035471275 0.01418404 0.058661487 0.031691246 0.07539406 0.059753265 0.014619542 0.016177546 0.013742041 0.03322861 0.028351055 0.01726972 0.019040069 0.029175123 0.009024417 0.07383788 0.042587556 0.052234024 0.03292372 0.018854115 0.028349353 0.02667775 0.07223692 0.017407864 0.011745342 0.02229019 0.03438309 0.016319998 0.013007682 0.08615675 0.027328944 0.028616821 0.06961041 0.027365148 0.020748483 0.061724454 0.015757512 0.014772951 0.01694903 0.027654301 0.013994298 0.0297776 0.022720417 0.022038104 0.057552636 0.02151259 0.058322176 0.08431295 0.14058219 0.031518713 0.039121483 0.01720445 0.013517724 0.02513871 0.06309845 0.007358078 0.031524125 0.108567834 0.019830173 0.013017018 0.039470244 0.028809395 0.055298954 0.0239707 0.0069769924 0.03489582 0.023304686 0.039985072 0.025380943 0.031963754 0.024697242 0.029562486 0.022902435 0.04162201 0.07022588 0.020672122 0.029567406 0.052387152 0.035490148 0.022619626 0.046965968 0.020280734 0.053605508 0.022038102 0.015561623 0.015627952 0.018619725 0.01213888 0.033113305 0.05423726 0.017352574 0.029308775 0.0872201 0.02895252 0.020821098 0.025649246 0.024894321 0.042081214 0.026903884 0.03487853 0.030176787 0.037069444 0.04161324 0.009468416 0.011083482 0.019649277 0.01557752 0.021686973 0.027615111 0.008786614 0.026485726 0.016694782 0.10337482 0.021529058 0.010675361 0.0488452 0.026241546 0.02965215 0.07942262 0.021032337 0.012123454 0.025636856 0.03221261 0.017260378 0.016511472 0.009422732 0.01961573 0.018550208 0.042994596 0.012582574 0.012030979 0.03427415 0.04106003 0.046860773 0.029806348 0.019308096 0.013032563 0.013430734 0.013276595 0.05468502 0.012423318 0.05298887 0.013416045 0.058605038 0.028842844 0.015224342 0.03463085 0.031608637 0.01711698 0.03193574 0.036691695 0.02228456 0.06577366 0.012612846 0.019130727 0.038045056 0.03851729 0.017681075 0.03599682 0.031274647 0.060547844 0.022331623 0.013546617 0.010209726 0.01900858 0.06133399 0.04241821 0.09214058 0.014777239 0.07641012 0.020344775 0.02607813 0.02598548 0.017887585 0.029502667 0.046696402 0.014785162 0.054254744 0.01776415 0.04060705 0.022438344 0.046562627 0.08344422 0.0130634485 0.018184781 0.0781111 0.025903614 0.03581435 0.049069263 0.029826902 0.024977386 0.018139757 0.027772166 0.041591823 0.023150666 0.036117002 0.029979726 0.049477186 0.014240313 0.024033627 0.035288274 0.040821087 0.037315853 0.05768862 0.019348351 0.037402403 0.03927059 0.0035914183 0.028982986 0.01448879 0.024194518 0.04493861 0.056425508 0.022401996 0.02825762 0.023051837 0.016678123 0.024892893 0.024474539 0.02543912 0.033214856 0.01934203 0.07914595 0.013834153 0.042180892 0.037174072 0.037864186 0.007919192 0.022597339 0.042318515 0.057665706 0.043664712 0.055192366 0.02383644 0.06367844 0.015835663 0.0126288915 0.020823888 0.027297612 0.03780581 0.01055715 0.019942928 0.024934892 0.13104613 0.04734318 0.016895566 0.032103352 0.0599381 0.016901532 0.042297333 0.014071712 0.02411562 0.030219082 0.020058531 0.06435793 0.020898143 0.033615716 0.029398084 0.044618342 0.06429587 0.009635184 0.01811589 0.021175828 0.048435062,0.009735842 0.033466388 0.019896353 0.026293578 0.0105934655 0.030853553 0.022560166 0.027111867 0.039669834 0.048830368 0.02176603 0.04594483 0.033061765 0.03575982 0.040961813 0.010498862 0.030649656 0.0095172655 0.009563927 0.032473918 0.025728969 0.030103141 0.022925666 0.112078175 0.011837006 0.088277735 0.015723567 0.03131529 0.022113243 0.02412305 0.038386453 0.032884695 0.03407165 0.00824206 0.04551419 0.05943553 0.085575655 0.020655794 0.048582148 0.021092871 0.057395145 0.02777165 0.038847875 0.028975865 0.023364477 0.014286072 0.021669297 0.042005584 0.07855633 0.022979103 0.04907142 0.023435853 0.05799244 0.03398943 0.021825511 0.027974764 0.032373574 0.028991513 0.014152442 0.020164171 0.010583436 0.03302215 0.015125662 0.06957613 0.0765466 0.043741193 0.014694017 0.06894598 0.012928051 0.07118713 0.08973253 0.017726474 0.034245096 0.022010772 0.017881222 0.008732592 0.034082048 0.014636844 0.009728187 0.022725254 0.029404754 0.030566577 0.025587717 0.042474546 0.08123394 0.019102927 0.034317337 0.007226352 0.022575589 0.01641077 0.045984685 0.037433058 0.040796448 0.008490021 0.01845336 0.07867292 0.039995957 0.01742807 0.117133774 0.040504448 0.0155108515 0.009742811 0.054269202 0.014128011 0.042358927 0.013389815 0.015372248 0.028182246 0.017761678 0.012942465 0.023289474 0.018735282 0.024232185 0.04627931 0.041777242 0.036769476 0.052670375 0.012776694 0.040969573 0.046510704 0.04197655 0.008585785 0.015820028 0.038259987 0.025589112 0.01984092 0.05017276 0.012032782 0.053373106 0.020285193 0.03106827 0.037448693 0.014831051 0.03530983 0.09693297 0.0579911 0.085875705 0.035820358 0.048405033 0.031260736 0.014925146 0.022834692 0.013090866 0.024010872 0.02868976 0.012417587 0.010856422 0.0224529 0.028595155 0.031251296 0.0076049743 0.045070622 0.036796287 0.050203122 0.015929954 0.019972943 0.030659733 0.016659306 0.038785193 0.047723822 0.027495094 0.026533961 0.02440883 0.019433524 0.032030553 0.006966907 0.11164111 0.026401378 0.07111719 0.035909746 0.08482881 0.02569138 0.0343884 0.063671164 0.07257098 0.027281942 0.013673567 0.014777205 0.011767647 0.025982441 0.027234564 0.014207722 0.027276581 0.012554165 0.018936986 0.020958226 0.031784516 0.015249904 0.02026352 0.05090373 0.034077436 0.103324845 0.06758648 0.031553954 0.02970872 0.03527926 0.10007958 0.029794408 0.075856894 0.042589962 0.02736101 0.030009976 0.033193424 0.038065333 0.041361213 0.019430116 0.025133517 0.03270776 0.11876429 0.03366602 0.040030252 0.016659046 0.029774975 0.027760174 0.014955981 0.069804184 0.06304655 0.02241106 0.020414084 0.03475313 0.020185122 0.06423567 0.026377078 0.02685034 0.030867508 0.12193198 0.015232006 0.047321282 0.013360693 0.03006627 0.008152604 0.0081186695 0.013956417 0.02914166 0.022545256 0.024381265 0.029230483 0.02879038 0.014285857 0.035670307 0.037157625 0.025020132 0.021848254 0.037327077 0.02584864 0.0226634 0.020918656 0.029788768 0.035466947 0.01418231 0.058654327 0.03168738 0.075384855 0.059745975 0.014617759 0.016175572 0.0137403635 0.033224557 0.028347597 0.017267613 0.019037746 0.029171564 0.009023316 0.07382886 0.04258236 0.05222765 0.032919705 0.018851813 0.028345892 0.026674494 0.072228104 0.01740574 0.011743909 0.02228747 0.03437889 0.016318005 0.013006095 0.086146235 0.02732561 0.028613329 0.069601916 0.027361808 0.02074595 0.06171692 0.015755588 0.014771148 0.016946962 0.027650926 0.01399259 0.029773965 0.022717645 0.022035414 0.05754561 0.021509966 0.05831506 0.084302664 0.14056502 0.03151487 0.03911671 0.017202351 0.013516074 0.025135642 0.06309076 0.0073571797 0.03152028 0.10855458 0.019827751 0.0130154295 0.039465427 0.02880588 0.055292208 0.023967776 0.006976141 0.03489156 0.023301842 0.03998019 0.025377845 0.031959854 0.024694229 0.029558878 0.02289964 0.04161693 0.070217304 0.020669598 0.029563796 0.05238076 0.03548582 0.022616865 0.04696024 0.020278258 0.053598966 0.022035412 0.015559724 0.015626045 0.018617453 0.012137399 0.033109263 0.05423064 0.017350456 0.029305197 0.08720946 0.028948987 0.020818558 0.025646117 0.024891283 0.04207608 0.026900603 0.034874275 0.030173104 0.037064917 0.041608162 0.009467261 0.011082129 0.019646877 0.0155756185 0.021684326 0.02761174 0.008785541 0.026482493 0.016692745 0.103362195 0.021526432 0.010674058 0.04883924 0.026238343 0.029648531 0.07941293 0.02102977 0.012121975 0.025633728 0.032208677 0.017258272 0.016509457 0.009421581 0.019613337 0.018547943 0.04298935 0.012581038 0.012029511 0.034269966 0.04105502 0.046855055 0.02980271 0.01930574 0.013030972 0.013429095 0.013274974 0.037593447 0.012421802 0.0529824 0.013414408 0.058597885 0.028839324 0.015222484 0.034626625 0.031604778 0.017114893 0.031931844 0.036687218 0.02228184 0.06576563 0.012611306 0.019128392 0.03804041 0.038512588 0.017678916 0.035992425 0.03127083 0.060540456 0.022328898 0.013544964 0.01020848 0.01900626 0.061326504 0.042413037 0.09212933 0.014775435 0.0764008 0.020342292 0.026074948 0.02598231 0.017885402 0.029499067 0.046690702 0.014783357 0.05424812 0.017761981 0.04060209 0.022435606 0.046556942 0.08343404 0.013061854 0.01818256 0.07810156 0.025900453 0.035809975 0.049063276 0.02982326 0.024974339 0.018137544 0.027768778 0.04158675 0.02314784 0.036112595 0.029976066 0.049471147 0.0142385755 0.024030695 0.035283968 0.040816102 0.037311297 0.05768158 0.019345991 0.037397835 0.0392658 0.0035909798 0.028979449 0.0144870225 0.024191566 0.044933125 0.05641862 0.022399262 0.02825417 0.023049023 0.016676087 0.024889855 0.024471553 0.025436016 0.033210803 0.019339668 0.07913629 0.013832465 0.042175744 0.037169535 0.037859563 0.0079182265 0.022594582 0.04231335 0.05765867 0.04365938 0.05518563 0.02383353 0.06367067 0.015833732 0.01262735 0.020821346 0.027294282 0.0378012 0.010555861 0.019940495 0.02493185 0.13103013 0.0473374 0.016893504 0.032099437 0.059930786 0.016899468 0.042292174 0.014069995 0.024112677 0.030215394 0.020056084 0.064350076 0.020895593 0.03361161 0.029394496 0.0446129 0.06428803 0.009634009 0.018113678 0.021173242 0.048429154,,
964,3x3x512x512,0.009737031 0.033470474 0.019898782 0.026296787 0.010594759 0.030857319 0.022562921 0.027115176 0.039674673 0.048836328 0.021768687 0.04595044 0.0330658 0.035764184 0.040966813 0.010500143 0.030653398 0.009518428 0.0095650945 0.03247788 0.02573211 0.030106815 0.022928465 0.112091854 0.011838451 0.08828851 0.015725488 0.03131911 0.022115942 0.024125993 0.038391136 0.03288871 0.03407581 0.008243066 0.045519743 0.05944279 0.0855861 0.020658314 0.048588075 0.021095445 0.057402153 0.02777504 0.038852617 0.0289794 0.023367329 0.014287816 0.021671942 0.042010713 0.07856592 0.022981908 0.04907741 0.023438713 0.057999518 0.033993576 0.021828175 0.027978178 0.032377522 0.028995052 0.01415417 0.020166634 0.010584728 0.03302618 0.015127509 0.06958462 0.076555945 0.04374653 0.01469581 0.0689544 0.01292963 0.07119582 0.08974348 0.017728636 0.034249276 0.02201346 0.017883403 0.008733658 0.034086205 0.014638631 0.009729374 0.022728028 0.029408343 0.030570308 0.025590839 0.042479727 0.08124386 0.01910526 0.034321528 0.007227234 0.022578346 0.016412774 0.045990296 0.03743763 0.040801425 0.008491057 0.018455612 0.07868253 0.04000084 0.017430197 0.11714807 0.04050939 0.015512745 0.009744001 0.054275826 0.014129735 0.042364098 0.013391449 0.015374124 0.028185684 0.017763846 0.012944045 0.023292316 0.018737568 0.024235142 0.046284962 0.041782342 0.03677396 0.0526768 0.012778254 0.040974576 0.04651638 0.041981675 0.008586832 0.015821958 0.038264655 0.025592236 0.019843342 0.050178885 0.01203425 0.053379618 0.020287668 0.031072062 0.037453264 0.014832861 0.03531414 0.0969448 0.057998177 0.08588619 0.035824727 0.04841094 0.03126455 0.014926967 0.02283748 0.013092463 0.024013804 0.028693262 0.012419104 0.010857747 0.022455642 0.028598646 0.03125511 0.007605903 0.04507612 0.036800776 0.05020925 0.015931899 0.019975381 0.030663475 0.016661339 0.038789928 0.047729645 0.027498448 0.026537199 0.02441181 0.019435897 0.032034464 0.0069677574 0.111654736 0.0264046 0.07112587 0.035914127 0.08483916 0.025694516 0.034392595 0.063678935 0.07257984 0.02728527 0.013675236 0.014779008 0.011769083 0.025985612 0.027237887 0.014209456 0.027279912 0.012555698 0.018939298 0.020960785 0.031788398 0.015251765 0.020265993 0.050909944 0.034081593 0.10333745 0.06759473 0.031557806 0.029712347 0.035283566 0.10009179 0.029798046 0.07586615 0.042595163 0.027364349 0.03001364 0.033197474 0.03806998 0.04136626 0.019432487 0.025136584 0.032711748 0.11877878 0.033670127 0.040035136 0.016661078 0.029778609 0.027763562 0.014957806 0.0698127 0.06305425 0.022413794 0.020416575 0.03475737 0.020187585 0.06424352 0.026380299 0.02685362 0.030871274 0.16258919 0.015233865 0.084129006 0.013362324 0.03006994 0.0081536 0.00811966 0.013958121 0.029145217 0.022548009 0.02438424 0.029234052 0.028793894 0.0142876 0.035674658 0.037162162 0.025023185 0.02185092 0.037331633 0.025851795 0.022666166 0.02092121 0.029792404 0.035471275 0.01418404 0.058661487 0.031691246 0.07539406 0.059753265 0.014619542 0.016177546 0.013742041 0.03322861 0.028351055 0.01726972 0.019040069 0.029175123 0.009024417 0.07383788 0.042587556 0.052234024 0.03292372 0.018854115 0.028349353 0.02667775 0.07223692 0.017407864 0.011745342 0.02229019 0.03438309 0.016319998 0.013007682 0.08615675 0.027328944 0.028616821 0.06961041 0.027365148 0.020748483 0.061724454 0.015757512 0.014772951 0.01694903 0.027654301 0.013994298 0.0297776 0.022720417 0.022038104 0.057552636 0.02151259 0.058322176 0.08431295 0.14058219 0.031518713 0.039121483 0.01720445 0.013517724 0.02513871 0.06309845 0.007358078 0.031524125 0.108567834 0.019830173 0.013017018 0.039470244 0.028809395 0.055298954 0.0239707 0.0069769924 0.03489582 0.023304686 0.039985072 0.025380943 0.031963754 0.024697242 0.029562486 0.022902435 0.04162201 0.07022588 0.020672122 0.029567406 0.052387152 0.035490148 0.022619626 0.046965968 0.020280734 0.053605508 0.022038102 0.015561623 0.015627952 0.018619725 0.01213888 0.033113305 0.05423726 0.017352574 0.029308775 0.0872201 0.02895252 0.020821098 0.025649246 0.024894321 0.042081214 0.026903884 0.03487853 0.030176787 0.037069444 0.04161324 0.009468416 0.011083482 0.019649277 0.01557752 0.021686973 0.027615111 0.008786614 0.026485726 0.016694782 0.10337482 0.021529058 0.010675361 0.0488452 0.026241546 0.02965215 0.07942262 0.021032337 0.012123454 0.025636856 0.03221261 0.017260378 0.016511472 0.009422732 0.01961573 0.018550208 0.042994596 0.012582574 0.012030979 0.03427415 0.04106003 0.046860773 0.029806348 0.019308096 0.013032563 0.013430734 0.013276595 0.05468502 0.012423318 0.05298887 0.013416045 0.058605038 0.028842844 0.015224342 0.03463085 0.031608637 0.01711698 0.03193574 0.036691695 0.02228456 0.06577366 0.012612846 0.019130727 0.038045056 0.03851729 0.017681075 0.03599682 0.031274647 0.060547844 0.022331623 0.013546617 0.010209726 0.01900858 0.06133399 0.04241821 0.09214058 0.014777239 0.07641012 0.020344775 0.02607813 0.02598548 0.017887585 0.029502667 0.046696402 0.014785162 0.054254744 0.01776415 0.04060705 0.022438344 0.046562627 0.08344422 0.0130634485 0.018184781 0.0781111 0.025903614 0.03581435 0.049069263 0.029826902 0.024977386 0.018139757 0.027772166 0.041591823 0.023150666 0.036117002 0.029979726 0.049477186 0.014240313 0.024033627 0.035288274 0.040821087 0.037315853 0.05768862 0.019348351 0.037402403 0.03927059 0.0035914183 0.028982986 0.01448879 0.024194518 0.04493861 0.056425508 0.022401996 0.02825762 0.023051837 0.016678123 0.024892893 0.024474539 0.02543912 0.033214856 0.01934203 0.07914595 0.013834153 0.042180892 0.037174072 0.037864186 0.007919192 0.022597339 0.042318515 0.057665706 0.043664712 0.055192366 0.02383644 0.06367844 0.015835663 0.0126288915 0.020823888 0.027297612 0.03780581 0.01055715 0.019942928 0.024934892 0.13104613 0.04734318 0.016895566 0.032103352 0.0599381 0.016901532 0.042297333 0.014071712 0.02411562 0.030219082 0.020058531 0.06435793 0.020898143 0.033615716 0.029398084 0.044618342 0.06429587 0.009635184 0.01811589 0.021175828 0.048435062,0.009735842 0.033466388 0.019896353 0.026293578 0.0105934655 0.030853553 0.022560166 0.027111867 0.039669834 0.048830368 0.02176603 0.04594483 0.033061765 0.03575982 0.040961813 0.010498862 0.030649656 0.0095172655 0.009563927 0.032473918 0.025728969 0.030103141 0.022925666 0.112078175 0.011837006 0.088277735 0.015723567 0.03131529 0.022113243 0.02412305 0.038386453 0.032884695 0.03407165 0.00824206 0.04551419 0.05943553 0.085575655 0.020655794 0.048582148 0.021092871 0.057395145 0.02777165 0.038847875 0.028975865 0.023364477 0.014286072 0.021669297 0.042005584 0.07855633 0.022979103 0.04907142 0.023435853 0.05799244 0.03398943 0.021825511 0.027974764 0.032373574 0.028991513 0.014152442 0.020164171 0.010583436 0.03302215 0.015125662 0.06957613 0.0765466 0.043741193 0.014694017 0.06894598 0.012928051 0.07118713 0.08973253 0.017726474 0.034245096 0.022010772 0.017881222 0.008732592 0.034082048 0.014636844 0.009728187 0.022725254 0.029404754 0.030566577 0.025587717 0.042474546 0.08123394 0.019102927 0.034317337 0.007226352 0.022575589 0.01641077 0.045984685 0.037433058 0.040796448 0.008490021 0.01845336 0.07867292 0.039995957 0.01742807 0.117133774 0.040504448 0.0155108515 0.009742811 0.054269202 0.014128011 0.042358927 0.013389815 0.015372248 0.028182246 0.017761678 0.012942465 0.023289474 0.018735282 0.024232185 0.04627931 0.041777242 0.036769476 0.052670375 0.012776694 0.040969573 0.046510704 0.04197655 0.008585785 0.015820028 0.038259987 0.025589112 0.01984092 0.05017276 0.012032782 0.053373106 0.020285193 0.03106827 0.037448693 0.014831051 0.03530983 0.09693297 0.0579911 0.085875705 0.035820358 0.048405033 0.031260736 0.014925146 0.022834692 0.013090866 0.024010872 0.02868976 0.012417587 0.010856422 0.0224529 0.028595155 0.031251296 0.0076049743 0.045070622 0.036796287 0.050203122 0.015929954 0.019972943 0.030659733 0.016659306 0.038785193 0.047723822 0.027495094 0.026533961 0.02440883 0.019433524 0.032030553 0.006966907 0.11164111 0.026401378 0.07111719 0.035909746 0.08482881 0.02569138 0.0343884 0.063671164 0.07257098 0.027281942 0.013673567 0.014777205 0.011767647 0.025982441 0.027234564 0.014207722 0.027276581 0.012554165 0.018936986 0.020958226 0.031784516 0.015249904 0.02026352 0.05090373 0.034077436 0.103324845 0.06758648 0.031553954 0.02970872 0.03527926 0.10007958 0.029794408 0.075856894 0.042589962 0.02736101 0.030009976 0.033193424 0.038065333 0.041361213 0.019430116 0.025133517 0.03270776 0.11876429 0.03366602 0.040030252 0.016659046 0.029774975 0.027760174 0.014955981 0.069804184 0.06304655 0.02241106 0.020414084 0.03475313 0.020185122 0.06423567 0.026377078 0.02685034 0.030867508 0.12193198 0.015232006 0.047321282 0.013360693 0.03006627 0.008152604 0.0081186695 0.013956417 0.02914166 0.022545256 0.024381265 0.029230483 0.02879038 0.014285857 0.035670307 0.037157625 0.025020132 0.021848254 0.037327077 0.02584864 0.0226634 0.020918656 0.029788768 0.035466947 0.01418231 0.058654327 0.03168738 0.075384855 0.059745975 0.014617759 0.016175572 0.0137403635 0.033224557 0.028347597 0.017267613 0.019037746 0.029171564 0.009023316 0.07382886 0.04258236 0.05222765 0.032919705 0.018851813 0.028345892 0.026674494 0.072228104 0.01740574 0.011743909 0.02228747 0.03437889 0.016318005 0.013006095 0.086146235 0.02732561 0.028613329 0.069601916 0.027361808 0.02074595 0.06171692 0.015755588 0.014771148 0.016946962 0.027650926 0.01399259 0.029773965 0.022717645 0.022035414 0.05754561 0.021509966 0.05831506 0.084302664 0.14056502 0.03151487 0.03911671 0.017202351 0.013516074 0.025135642 0.06309076 0.0073571797 0.03152028 0.10855458 0.019827751 0.0130154295 0.039465427 0.02880588 0.055292208 0.023967776 0.006976141 0.03489156 0.023301842 0.03998019 0.025377845 0.031959854 0.024694229 0.029558878 0.02289964 0.04161693 0.070217304 0.020669598 0.029563796 0.05238076 0.03548582 0.022616865 0.04696024 0.020278258 0.053598966 0.022035412 0.015559724 0.015626045 0.018617453 0.012137399 0.033109263 0.05423064 0.017350456 0.029305197 0.08720946 0.028948987 0.020818558 0.025646117 0.024891283 0.04207608 0.026900603 0.034874275 0.030173104 0.037064917 0.041608162 0.009467261 0.011082129 0.019646877 0.0155756185 0.021684326 0.02761174 0.008785541 0.026482493 0.016692745 0.103362195 0.021526432 0.010674058 0.04883924 0.026238343 0.029648531 0.07941293 0.02102977 0.012121975 0.025633728 0.032208677 0.017258272 0.016509457 0.009421581 0.019613337 0.018547943 0.04298935 0.012581038 0.012029511 0.034269966 0.04105502 0.046855055 0.02980271 0.01930574 0.013030972 0.013429095 0.013274974 0.037593447 0.012421802 0.0529824 0.013414408 0.058597885 0.028839324 0.015222484 0.034626625 0.031604778 0.017114893 0.031931844 0.036687218 0.02228184 0.06576563 0.012611306 0.019128392 0.03804041 0.038512588 0.017678916 0.035992425 0.03127083 0.060540456 0.022328898 0.013544964 0.01020848 0.01900626 0.061326504 0.042413037 0.09212933 0.014775435 0.0764008 0.020342292 0.026074948 0.02598231 0.017885402 0.029499067 0.046690702 0.014783357 0.05424812 0.017761981 0.04060209 0.022435606 0.046556942 0.08343404 0.013061854 0.01818256 0.07810156 0.025900453 0.035809975 0.049063276 0.02982326 0.024974339 0.018137544 0.027768778 0.04158675 0.02314784 0.036112595 0.029976066 0.049471147 0.0142385755 0.024030695 0.035283968 0.040816102 0.037311297 0.05768158 0.019345991 0.037397835 0.0392658 0.0035909798 0.028979449 0.0144870225 0.024191566 0.044933125 0.05641862 0.022399262 0.02825417 0.023049023 0.016676087 0.024889855 0.024471553 0.025436016 0.033210803 0.019339668 0.07913629 0.013832465 0.042175744 0.037169535 0.037859563 0.0079182265 0.022594582 0.04231335 0.05765867 0.04365938 0.05518563 0.02383353 0.06367067 0.015833732 0.01262735 0.020821346 0.027294282 0.0378012 0.010555861 0.019940495 0.02493185 0.13103013 0.0473374 0.016893504 0.032099437 0.059930786 0.016899468 0.042292174 0.014069995 0.024112677 0.030215394 0.020056084 0.064350076 0.020895593 0.03361161 0.029394496 0.0446129 0.06428803 0.009634009 0.018113678 0.021173242 0.048429154,,
968,3x3x512x512,0.009737031 0.033470474 0.019898782 0.026296787 0.010594759 0.030857319 0.022562921 0.027115176 0.039674673 0.048836328 0.021768687 0.04595044 0.0330658 0.035764184 0.040966813 0.010500143 0.030653398 0.009518428 0.0095650945 0.03247788 0.02573211 0.030106815 0.022928465 0.112091854 0.011838451 0.08828851 0.015725488 0.03131911 0.022115942 0.024125993 0.038391136 0.03288871 0.03407581 0.008243066 0.045519743 0.05944279 0.0855861 0.020658314 0.048588075 0.021095445 0.057402153 0.02777504 0.038852617 0.0289794 0.023367329 0.014287816 0.021671942 0.042010713 0.07856592 0.022981908 0.04907741 0.023438713 0.057999518 0.033993576 0.021828175 0.027978178 0.032377522 0.028995052 0.01415417 0.020166634 0.010584728 0.03302618 0.015127509 0.06958462 0.076555945 0.04374653 0.01469581 0.0689544 0.01292963 0.07119582 0.08974348 0.017728636 0.034249276 0.02201346 0.017883403 0.008733658 0.034086205 0.014638631 0.009729374 0.022728028 0.029408343 0.030570308 0.025590839 0.042479727 0.08124386 0.01910526 0.034321528 0.007227234 0.022578346 0.016412774 0.045990296 0.03743763 0.040801425 0.008491057 0.018455612 0.07868253 0.04000084 0.017430197 0.11714807 0.04050939 0.015512745 0.009744001 0.054275826 0.014129735 0.042364098 0.013391449 0.015374124 0.028185684 0.017763846 0.012944045 0.023292316 0.018737568 0.024235142 0.046284962 0.041782342 0.03677396 0.0526768 0.012778254 0.040974576 0.04651638 0.041981675 0.008586832 0.015821958 0.038264655 0.025592236 0.019843342 0.050178885 0.01203425 0.053379618 0.020287668 0.031072062 0.037453264 0.014832861 0.03531414 0.0969448 0.057998177 0.08588619 0.035824727 0.04841094 0.03126455 0.014926967 0.02283748 0.013092463 0.024013804 0.028693262 0.012419104 0.010857747 0.022455642 0.028598646 0.03125511 0.007605903 0.04507612 0.036800776 0.05020925 0.015931899 0.019975381 0.030663475 0.016661339 0.038789928 0.047729645 0.027498448 0.026537199 0.02441181 0.019435897 0.032034464 0.0069677574 0.111654736 0.0264046 0.07112587 0.035914127 0.08483916 0.025694516 0.034392595 0.063678935 0.07257984 0.02728527 0.013675236 0.014779008 0.011769083 0.025985612 0.027237887 0.014209456 0.027279912 0.012555698 0.018939298 0.020960785 0.031788398 0.015251765 0.020265993 0.050909944 0.034081593 0.10333745 0.06759473 0.031557806 0.029712347 0.035283566 0.10009179 0.029798046 0.07586615 0.042595163 0.027364349 0.03001364 0.033197474 0.03806998 0.04136626 0.019432487 0.025136584 0.032711748 0.11877878 0.033670127 0.040035136 0.016661078 0.029778609 0.027763562 0.014957806 0.0698127 0.06305425 0.022413794 0.020416575 0.03475737 0.020187585 0.06424352 0.026380299 0.02685362 0.030871274 0.16258919 0.015233865 0.084129006 0.013362324 0.03006994 0.0081536 0.00811966 0.013958121 0.029145217 0.022548009 0.02438424 0.029234052 0.028793894 0.0142876 0.035674658 0.037162162 0.025023185 0.02185092 0.037331633 0.025851795 0.022666166 0.02092121 0.029792404 0.035471275 0.01418404 0.058661487 0.031691246 0.07539406 0.059753265 0.014619542 0.016177546 0.013742041 0.03322861 0.028351055 0.01726972 0.019040069 0.029175123 0.009024417 0.07383788 0.042587556 0.052234024 0.03292372 0.018854115 0.028349353 0.02667775 0.07223692 0.017407864 0.011745342 0.02229019 0.03438309 0.016319998 0.013007682 0.08615675 0.027328944 0.028616821 0.06961041 0.027365148 0.020748483 0.061724454 0.015757512 0.014772951 0.01694903 0.027654301 0.013994298 0.0297776 0.022720417 0.022038104 0.057552636 0.02151259 0.058322176 0.08431295 0.14058219 0.031518713 0.039121483 0.01720445 0.013517724 0.02513871 0.06309845 0.007358078 0.031524125 0.108567834 0.019830173 0.013017018 0.039470244 0.028809395 0.055298954 0.0239707 0.0069769924 0.03489582 0.023304686 0.039985072 0.025380943 0.031963754 0.024697242 0.029562486 0.022902435 0.04162201 0.07022588 0.020672122 0.029567406 0.052387152 0.035490148 0.022619626 0.046965968 0.020280734 0.053605508 0.022038102 0.015561623 0.015627952 0.018619725 0.01213888 0.033113305 0.05423726 0.017352574 0.029308775 0.0872201 0.02895252 0.020821098 0.025649246 0.024894321 0.042081214 0.026903884 0.03487853 0.030176787 0.037069444 0.04161324 0.009468416 0.011083482 0.019649277 0.01557752 0.021686973 0.027615111 0.008786614 0.026485726 0.016694782 0.10337482 0.021529058 0.010675361 0.0488452 0.026241546 0.02965215 0.07942262 0.021032337 0.012123454 0.025636856 0.03221261 0.017260378 0.016511472 0.009422732 0.01961573 0.018550208 0.042994596 0.012582574 0.012030979 0.03427415 0.04106003 0.046860773 0.029806348 0.019308096 0.013032563 0.013430734 0.013276595 0.05468502 0.012423318 0.05298887 0.013416045 0.058605038 0.028842844 0.015224342 0.03463085 0.031608637 0.01711698 0.03193574 0.036691695 0.02228456 0.06577366 0.012612846 0.019130727 0.038045056 0.03851729 0.017681075 0.03599682 0.031274647 0.060547844 0.022331623 0.013546617 0.010209726 0.01900858 0.06133399 0.04241821 0.09214058 0.014777239 0.07641012 0.020344775 0.02607813 0.02598548 0.017887585 0.029502667 0.046696402 0.014785162 0.054254744 0.01776415 0.04060705 0.022438344 0.046562627 0.08344422 0.0130634485 0.018184781 0.0781111 0.025903614 0.03581435 0.049069263 0.029826902 0.024977386 0.018139757 0.027772166 0.041591823 0.023150666 0.036117002 0.029979726 0.049477186 0.014240313 0.024033627 0.035288274 0.040821087 0.037315853 0.05768862 0.019348351 0.037402403 0.03927059 0.0035914183 0.028982986 0.01448879 0.024194518 0.04493861 0.056425508 0.022401996 0.02825762 0.023051837 0.016678123 0.024892893 0.024474539 0.02543912 0.033214856 0.01934203 0.07914595 0.013834153 0.042180892 0.037174072 0.037864186 0.007919192 0.022597339 0.042318515 0.057665706 0.043664712 0.055192366 0.02383644 0.06367844 0.015835663 0.0126288915 0.020823888 0.027297612 0.03780581 0.01055715 0.019942928 0.024934892 0.13104613 0.04734318 0.016895566 0.032103352 0.0599381 0.016901532 0.042297333 0.014071712 0.02411562 0.030219082 0.020058531 0.06435793 0.020898143 0.033615716 0.029398084 0.044618342 0.06429587 0.009635184 0.01811589 0.021175828 0.048435062,0.009735842 0.033466388 0.019896353 0.026293578 0.0105934655 0.030853553 0.022560166 0.027111867 0.039669834 0.048830368 0.02176603 0.04594483 0.033061765 0.03575982 0.040961813 0.010498862 0.030649656 0.0095172655 0.009563927 0.032473918 0.025728969 0.030103141 0.022925666 0.112078175 0.011837006 0.088277735 0.015723567 0.03131529 0.022113243 0.02412305 0.038386453 0.032884695 0.03407165 0.00824206 0.04551419 0.05943553 0.085575655 0.020655794 0.048582148 0.021092871 0.057395145 0.02777165 0.038847875 0.028975865 0.023364477 0.014286072 0.021669297 0.042005584 0.07855633 0.022979103 0.04907142 0.023435853 0.05799244 0.03398943 0.021825511 0.027974764 0.032373574 0.028991513 0.014152442 0.020164171 0.010583436 0.03302215 0.015125662 0.06957613 0.0765466 0.043741193 0.014694017 0.06894598 0.012928051 0.07118713 0.08973253 0.017726474 0.034245096 0.022010772 0.017881222 0.008732592 0.034082048 0.014636844 0.009728187 0.022725254 0.029404754 0.030566577 0.025587717 0.042474546 0.08123394 0.019102927 0.034317337 0.007226352 0.022575589 0.01641077 0.045984685 0.037433058 0.040796448 0.008490021 0.01845336 0.07867292 0.039995957 0.01742807 0.117133774 0.040504448 0.0155108515 0.009742811 0.054269202 0.014128011 0.042358927 0.013389815 0.015372248 0.028182246 0.017761678 0.012942465 0.023289474 0.018735282 0.024232185 0.04627931 0.041777242 0.036769476 0.052670375 0.012776694 0.040969573 0.046510704 0.04197655 0.008585785 0.015820028 0.038259987 0.025589112 0.01984092 0.05017276 0.012032782 0.053373106 0.020285193 0.03106827 0.037448693 0.014831051 0.03530983 0.09693297 0.0579911 0.085875705 0.035820358 0.048405033 0.031260736 0.014925146 0.022834692 0.013090866 0.024010872 0.02868976 0.012417587 0.010856422 0.0224529 0.028595155 0.031251296 0.0076049743 0.045070622 0.036796287 0.050203122 0.015929954 0.019972943 0.030659733 0.016659306 0.038785193 0.047723822 0.027495094 0.026533961 0.02440883 0.019433524 0.032030553 0.006966907 0.11164111 0.026401378 0.07111719 0.035909746 0.08482881 0.02569138 0.0343884 0.063671164 0.07257098 0.027281942 0.013673567 0.014777205 0.011767647 0.025982441 0.027234564 0.014207722 0.027276581 0.012554165 0.018936986 0.020958226 0.031784516 0.015249904 0.02026352 0.05090373 0.034077436 0.103324845 0.06758648 0.031553954 0.02970872 0.03527926 0.10007958 0.029794408 0.075856894 0.042589962 0.02736101 0.030009976 0.033193424 0.038065333 0.041361213 0.019430116 0.025133517 0.03270776 0.11876429 0.03366602 0.040030252 0.016659046 0.029774975 0.027760174 0.014955981 0.069804184 0.06304655 0.02241106 0.020414084 0.03475313 0.020185122 0.06423567 0.026377078 0.02685034 0.030867508 0.12193198 0.015232006 0.047321282 0.013360693 0.03006627 0.008152604 0.0081186695 0.013956417 0.02914166 0.022545256 0.024381265 0.029230483 0.02879038 0.014285857 0.035670307 0.037157625 0.025020132 0.021848254 0.037327077 0.02584864 0.0226634 0.020918656 0.029788768 0.035466947 0.01418231 0.058654327 0.03168738 0.075384855 0.059745975 0.014617759 0.016175572 0.0137403635 0.033224557 0.028347597 0.017267613 0.019037746 0.029171564 0.009023316 0.07382886 0.04258236 0.05222765 0.032919705 0.018851813 0.028345892 0.026674494 0.072228104 0.01740574 0.011743909 0.02228747 0.03437889 0.016318005 0.013006095 0.086146235 0.02732561 0.028613329 0.069601916 0.027361808 0.02074595 0.06171692 0.015755588 0.014771148 0.016946962 0.027650926 0.01399259 0.029773965 0.022717645 0.022035414 0.05754561 0.021509966 0.05831506 0.084302664 0.14056502 0.03151487 0.03911671 0.017202351 0.013516074 0.025135642 0.06309076 0.0073571797 0.03152028 0.10855458 0.019827751 0.0130154295 0.039465427 0.02880588 0.055292208 0.023967776 0.006976141 0.03489156 0.023301842 0.03998019 0.025377845 0.031959854 0.024694229 0.029558878 0.02289964 0.04161693 0.070217304 0.020669598 0.029563796 0.05238076 0.03548582 0.022616865 0.04696024 0.020278258 0.053598966 0.022035412 0.015559724 0.015626045 0.018617453 0.012137399 0.033109263 0.05423064 0.017350456 0.029305197 0.08720946 0.028948987 0.020818558 0.025646117 0.024891283 0.04207608 0.026900603 0.034874275 0.030173104 0.037064917 0.041608162 0.009467261 0.011082129 0.019646877 0.0155756185 0.021684326 0.02761174 0.008785541 0.026482493 0.016692745 0.103362195 0.021526432 0.010674058 0.04883924 0.026238343 0.029648531 0.07941293 0.02102977 0.012121975 0.025633728 0.032208677 0.017258272 0.016509457 0.009421581 0.019613337 0.018547943 0.04298935 0.012581038 0.012029511 0.034269966 0.04105502 0.046855055 0.02980271 0.01930574 0.013030972 0.013429095 0.013274974 0.037593447 0.012421802 0.0529824 0.013414408 0.058597885 0.028839324 0.015222484 0.034626625 0.031604778 0.017114893 0.031931844 0.036687218 0.02228184 0.06576563 0.012611306 0.019128392 0.03804041 0.038512588 0.017678916 0.035992425 0.03127083 0.060540456 0.022328898 0.013544964 0.01020848 0.01900626 0.061326504 0.042413037 0.09212933 0.014775435 0.0764008 0.020342292 0.026074948 0.02598231 0.017885402 0.029499067 0.046690702 0.014783357 0.05424812 0.017761981 0.04060209 0.022435606 0.046556942 0.08343404 0.013061854 0.01818256 0.07810156 0.025900453 0.035809975 0.049063276 0.02982326 0.024974339 0.018137544 0.027768778 0.04158675 0.02314784 0.036112595 0.029976066 0.049471147 0.0142385755 0.024030695 0.035283968 0.040816102 0.037311297 0.05768158 0.019345991 0.037397835 0.0392658 0.0035909798 0.028979449 0.0144870225 0.024191566 0.044933125 0.05641862 0.022399262 0.02825417 0.023049023 0.016676087 0.024889855 0.024471553 0.025436016 0.033210803 0.019339668 0.07913629 0.013832465 0.042175744 0.037169535 0.037859563 0.0079182265 0.022594582 0.04231335 0.05765867 0.04365938 0.05518563 0.02383353 0.06367067 0.015833732 0.01262735 0.020821346 0.027294282 0.0378012 0.010555861 0.019940495 0.02493185 0.13103013 0.0473374 0.016893504 0.032099437 0.059930786 0.016899468 0.042292174 0.014069995 0.024112677 0.030215394 0.020056084 0.064350076 0.020895593 0.03361161 0.029394496 0.0446129 0.06428803 0.009634009 0.018113678 0.021173242 0.048429154,,
972,3x3x512x512,0.009737031 0.033470474 0.019898782 0.026296787 0.010594759 0.030857319 0.022562921 0.027115176 0.039674673 0.048836328 0.021768687 0.04595044 0.0330658 0.035764184 0.040966813 0.010500143 0.030653398 0.009518428 0.0095650945 0.03247788 0.02573211 0.030106815 0.022928465 0.112091854 0.011838451 0.08828851 0.015725488 0.03131911 0.022115942 0.024125993 0.038391136 0.03288871 0.03407581 0.008243066 0.045519743 0.05944279 0.0855861 0.020658314 0.048588075 0.021095445 0.057402153 0.02777504 0.038852617 0.0289794 0.023367329 0.014287816 0.021671942 0.042010713 0.07856592 0.022981908 0.04907741 0.023438713 0.057999518 0.033993576 0.021828175 0.027978178 0.032377522 0.028995052 0.01415417 0.020166634 0.010584728 0.03302618 0.015127509 0.06958462 0.076555945 0.04374653 0.01469581 0.0689544 0.01292963 0.07119582 0.08974348 0.017728636 0.034249276 0.02201346 0.017883403 0.008733658 0.034086205 0.014638631 0.009729374 0.022728028 0.029408343 0.030570308 0.025590839 0.042479727 0.08124386 0.01910526 0.034321528 0.007227234 0.022578346 0.016412774 0.045990296 0.03743763 0.040801425 0.008491057 0.018455612 0.07868253 0.04000084 0.017430197 0.11714807 0.04050939 0.015512745 0.009744001 0.054275826 0.014129735 0.042364098 0.013391449 0.015374124 0.028185684 0.017763846 0.012944045 0.023292316 0.018737568 0.024235142 0.046284962 0.041782342 0.03677396 0.0526768 0.012778254 0.040974576 0.04651638 0.041981675 0.008586832 0.015821958 0.038264655 0.025592236 0.019843342 0.050178885 0.01203425 0.053379618 0.020287668 0.031072062 0.037453264 0.014832861 0.03531414 0.0969448 0.057998177 0.08588619 0.035824727 0.04841094 0.03126455 0.014926967 0.02283748 0.013092463 0.024013804 0.028693262 0.012419104 0.010857747 0.022455642 0.028598646 0.03125511 0.007605903 0.04507612 0.036800776 0.05020925 0.015931899 0.019975381 0.030663475 0.016661339 0.038789928 0.047729645 0.027498448 0.026537199 0.02441181 0.019435897 0.032034464 0.0069677574 0.111654736 0.0264046 0.07112587 0.035914127 0.08483916 0.025694516 0.034392595 0.063678935 0.07257984 0.02728527 0.013675236 0.014779008 0.011769083 0.025985612 0.027237887 0.014209456 0.027279912 0.012555698 0.018939298 0.020960785 0.031788398 0.015251765 0.020265993 0.050909944 0.034081593 0.10333745 0.06759473 0.031557806 0.029712347 0.035283566 0.10009179 0.029798046 0.07586615 0.042595163 0.027364349 0.03001364 0.033197474 0.03806998 0.04136626 0.019432487 0.025136584 0.032711748 0.11877878 0.033670127 0.040035136 0.016661078 0.029778609 0.027763562 0.014957806 0.0698127 0.06305425 0.022413794 0.020416575 0.03475737 0.020187585 0.06424352 0.026380299 0.02685362 0.030871274 0.16258919 0.015233865 0.084129006 0.013362324 0.03006994 0.0081536 0.00811966 0.013958121 0.029145217 0.022548009 0.02438424 0.029234052 0.028793894 0.0142876 0.035674658 0.037162162 0.025023185 0.02185092 0.037331633 0.025851795 0.022666166 0.02092121 0.029792404 0.035471275 0.01418404 0.058661487 0.031691246 0.07539406 0.059753265 0.014619542 0.016177546 0.013742041 0.03322861 0.028351055 0.01726972 0.019040069 0.029175123 0.009024417 0.07383788 0.042587556 0.052234024 0.03292372 0.018854115 0.028349353 0.02667775 0.07223692 0.017407864 0.011745342 0.02229019 0.03438309 0.016319998 0.013007682 0.08615675 0.027328944 0.028616821 0.06961041 0.027365148 0.020748483 0.061724454 0.015757512 0.014772951 0.01694903 0.027654301 0.013994298 0.0297776 0.022720417 0.022038104 0.057552636 0.02151259 0.058322176 0.08431295 0.14058219 0.031518713 0.039121483 0.01720445 0.013517724 0.02513871 0.06309845 0.007358078 0.031524125 0.108567834 0.019830173 0.013017018 0.039470244 0.028809395 0.055298954 0.0239707 0.0069769924 0.03489582 0.023304686 0.039985072 0.025380943 0.031963754 0.024697242 0.029562486 0.022902435 0.04162201 0.07022588 0.020672122 0.029567406 0.052387152 0.035490148 0.022619626 0.046965968 0.020280734 0.053605508 0.022038102 0.015561623 0.015627952 0.018619725 0.01213888 0.033113305 0.05423726 0.017352574 0.029308775 0.0872201 0.02895252 0.020821098 0.025649246 0.024894321 0.042081214 0.026903884 0.03487853 0.030176787 0.037069444 0.04161324 0.009468416 0.011083482 0.019649277 0.01557752 0.021686973 0.027615111 0.008786614 0.026485726 0.016694782 0.10337482 0.021529058 0.010675361 0.0488452 0.026241546 0.02965215 0.07942262 0.021032337 0.012123454 0.025636856 0.03221261 0.017260378 0.016511472 0.009422732 0.01961573 0.018550208 0.042994596 0.012582574 0.012030979 0.03427415 0.04106003 0.046860773 0.029806348 0.019308096 0.013032563 0.013430734 0.013276595 0.05468502 0.012423318 0.05298887 0.013416045 0.058605038 0.028842844 0.015224342 0.03463085 0.031608637 0.01711698 0.03193574 0.036691695 0.02228456 0.06577366 0.012612846 0.019130727 0.038045056 0.03851729 0.017681075 0.03599682 0.031274647 0.060547844 0.022331623 0.013546617 0.010209726 0.01900858 0.06133399 0.04241821 0.09214058 0.014777239 0.07641012 0.020344775 0.02607813 0.02598548 0.017887585 0.029502667 0.046696402 0.014785162 0.054254744 0.01776415 0.04060705 0.022438344 0.046562627 0.08344422 0.0130634485 0.018184781 0.0781111 0.025903614 0.03581435 0.049069263 0.029826902 0.024977386 0.018139757 0.027772166 0.041591823 0.023150666 0.036117002 0.029979726 0.049477186 0.014240313 0.024033627 0.035288274 0.040821087 0.037315853 0.05768862 0.019348351 0.037402403 0.03927059 0.0035914183 0.028982986 0.01448879 0.024194518 0.04493861 0.056425508 0.022401996 0.02825762 0.023051837 0.016678123 0.024892893 0.024474539 0.02543912 0.033214856 0.01934203 0.07914595 0.013834153 0.042180892 0.037174072 0.037864186 0.007919192 0.022597339 0.042318515 0.057665706 0.043664712 0.055192366 0.02383644 0.06367844 0.015835663 0.0126288915 0.020823888 0.027297612 0.03780581 0.01055715 0.019942928 0.024934892 0.13104613 0.04734318 0.016895566 0.032103352 0.0599381 0.016901532 0.042297333 0.014071712 0.02411562 0.030219082 0.020058531 0.06435793 0.020898143 0.033615716 0.029398084 0.044618342 0.06429587 0.009635184 0.01811589 0.021175828 0.048435062,0.009735842 0.033466388 0.019896353 0.026293578 0.0105934655 0.030853553 0.022560166 0.027111867 0.039669834 0.048830368 0.02176603 0.04594483 0.033061765 0.03575982 0.040961813 0.010498862 0.030649656 0.0095172655 0.009563927 0.032473918 0.025728969 0.030103141 0.022925666 0.112078175 0.011837006 0.088277735 0.015723567 0.03131529 0.022113243 0.02412305 0.038386453 0.032884695 0.03407165 0.00824206 0.04551419 0.05943553 0.085575655 0.020655794 0.048582148 0.021092871 0.057395145 0.02777165 0.038847875 0.028975865 0.023364477 0.014286072 0.021669297 0.042005584 0.07855633 0.022979103 0.04907142 0.023435853 0.05799244 0.03398943 0.021825511 0.027974764 0.032373574 0.028991513 0.014152442 0.020164171 0.010583436 0.03302215 0.015125662 0.06957613 0.0765466 0.043741193 0.014694017 0.06894598 0.012928051 0.07118713 0.08973253 0.017726474 0.034245096 0.022010772 0.017881222 0.008732592 0.034082048 0.014636844 0.009728187 0.022725254 0.029404754 0.030566577 0.025587717 0.042474546 0.08123394 0.019102927 0.034317337 0.007226352 0.022575589 0.01641077 0.045984685 0.037433058 0.040796448 0.008490021 0.01845336 0.07867292 0.039995957 0.01742807 0.117133774 0.040504448 0.0155108515 0.009742811 0.054269202 0.014128011 0.042358927 0.013389815 0.015372248 0.028182246 0.017761678 0.012942465 0.023289474 0.018735282 0.024232185 0.04627931 0.041777242 0.036769476 0.052670375 0.012776694 0.040969573 0.046510704 0.04197655 0.008585785 0.015820028 0.038259987 0.025589112 0.01984092 0.05017276 0.012032782 0.053373106 0.020285193 0.03106827 0.037448693 0.014831051 0.03530983 0.09693297 0.0579911 0.085875705 0.035820358 0.048405033 0.031260736 0.014925146 0.022834692 0.013090866 0.024010872 0.02868976 0.012417587 0.010856422 0.0224529 0.028595155 0.031251296 0.0076049743 0.045070622 0.036796287 0.050203122 0.015929954 0.019972943 0.030659733 0.016659306 0.038785193 0.047723822 0.027495094 0.026533961 0.02440883 0.019433524 0.032030553 0.006966907 0.11164111 0.026401378 0.07111719 0.035909746 0.08482881 0.02569138 0.0343884 0.063671164 0.07257098 0.027281942 0.013673567 0.014777205 0.011767647 0.025982441 0.027234564 0.014207722 0.027276581 0.012554165 0.018936986 0.020958226 0.031784516 0.015249904 0.02026352 0.05090373 0.034077436 0.103324845 0.06758648 0.031553954 0.02970872 0.03527926 0.10007958 0.029794408 0.075856894 0.042589962 0.02736101 0.030009976 0.033193424 0.038065333 0.041361213 0.019430116 0.025133517 0.03270776 0.11876429 0.03366602 0.040030252 0.016659046 0.029774975 0.027760174 0.014955981 0.069804184 0.06304655 0.02241106 0.020414084 0.03475313 0.020185122 0.06423567 0.026377078 0.02685034 0.030867508 0.12193198 0.015232006 0.047321282 0.013360693 0.03006627 0.008152604 0.0081186695 0.013956417 0.02914166 0.022545256 0.024381265 0.029230483 0.02879038 0.014285857 0.035670307 0.037157625 0.025020132 0.021848254 0.037327077 0.02584864 0.0226634 0.020918656 0.029788768 0.035466947 0.01418231 0.058654327 0.03168738 0.075384855 0.059745975 0.014617759 0.016175572 0.0137403635 0.033224557 0.028347597 0.017267613 0.019037746 0.029171564 0.009023316 0.07382886 0.04258236 0.05222765 0.032919705 0.018851813 0.028345892 0.026674494 0.072228104 0.01740574 0.011743909 0.02228747 0.03437889 0.016318005 0.013006095 0.086146235 0.02732561 0.028613329 0.069601916 0.027361808 0.02074595 0.06171692 0.015755588 0.014771148 0.016946962 0.027650926 0.01399259 0.029773965 0.022717645 0.022035414 0.05754561 0.021509966 0.05831506 0.084302664 0.14056502 0.03151487 0.03911671 0.017202351 0.013516074 0.025135642 0.06309076 0.0073571797 0.03152028 0.10855458 0.019827751 0.0130154295 0.039465427 0.02880588 0.055292208 0.023967776 0.006976141 0.03489156 0.023301842 0.03998019 0.025377845 0.031959854 0.024694229 0.029558878 0.02289964 0.04161693 0.070217304 0.020669598 0.029563796 0.05238076 0.03548582 0.022616865 0.04696024 0.020278258 0.053598966 0.022035412 0.015559724 0.015626045 0.018617453 0.012137399 0.033109263 0.05423064 0.017350456 0.029305197 0.08720946 0.028948987 0.020818558 0.025646117 0.024891283 0.04207608 0.026900603 0.034874275 0.030173104 0.037064917 0.041608162 0.009467261 0.011082129 0.019646877 0.0155756185 0.021684326 0.02761174 0.008785541 0.026482493 0.016692745 0.103362195 0.021526432 0.010674058 0.04883924 0.026238343 0.029648531 0.07941293 0.02102977 0.012121975 0.025633728 0.032208677 0.017258272 0.016509457 0.009421581 0.019613337 0.018547943 0.04298935 0.012581038 0.012029511 0.034269966 0.04105502 0.046855055 0.02980271 0.01930574 0.013030972 0.013429095 0.013274974 0.037593447 0.012421802 0.0529824 0.013414408 0.058597885 0.028839324 0.015222484 0.034626625 0.031604778 0.017114893 0.031931844 0.036687218 0.02228184 0.06576563 0.012611306 0.019128392 0.03804041 0.038512588 0.017678916 0.035992425 0.03127083 0.060540456 0.022328898 0.013544964 0.01020848 0.01900626 0.061326504 0.042413037 0.09212933 0.014775435 0.0764008 0.020342292 0.026074948 0.02598231 0.017885402 0.029499067 0.046690702 0.014783357 0.05424812 0.017761981 0.04060209 0.022435606 0.046556942 0.08343404 0.013061854 0.01818256 0.07810156 0.025900453 0.035809975 0.049063276 0.02982326 0.024974339 0.018137544 0.027768778 0.04158675 0.02314784 0.036112595 0.029976066 0.049471147 0.0142385755 0.024030695 0.035283968 0.040816102 0.037311297 0.05768158 0.019345991 0.037397835 0.0392658 0.0035909798 0.028979449 0.0144870225 0.024191566 0.044933125 0.05641862 0.022399262 0.02825417 0.023049023 0.016676087 0.024889855 0.024471553 0.025436016 0.033210803 0.019339668 0.07913629 0.013832465 0.042175744 0.037169535 0.037859563 0.0079182265 0.022594582 0.04231335 0.05765867 0.04365938 0.05518563 0.02383353 0.06367067 0.015833732 0.01262735 0.020821346 0.027294282 0.0378012 0.010555861 0.019940495 0.02493185 0.13103013 0.0473374 0.016893504 0.032099437 0.059930786 0.016899468 0.042292174 0.014069995 0.024112677 0.030215394 0.020056084 0.064350076 0.020895593 0.03361161 0.029394496 0.0446129 0.06428803 0.009634009 0.018113678 0.021173242 0.048429154,,
990,3x3x512x512,0.15988216 0.1460801 0.21799734 0.14508694 0.13317363 0.09989679 0.07533 0.173801 0.0998697 0.12665613 0.12383331 0.10495136 0.1170547 0.23148182 0.1465915 0.090177655 0.15207669 0.15662807 0.18394846 0.15154307 0.14880307 0.11181712 0.0921996 0.12426987 0.12532797 0.15323307 0.08096674 0.11713067 0.0918814 0.102730624 0.12215224 0.11769519 0.124808975 0.18035328 0.14050773 0.1020279 0.115971245 0.11123323 0.13108757 0.17770001 0.094157115 0.08376763 0.18357801 0.09021443 0.081782244 0.12959534 0.17049113 0.11635606 0.18597122 0.09321563 0.09387263 0.20189358 0.09285796 0.095927745 0.107549325 0.123760715 0.1623863 0.11781085 0.10912362 0.15495494 0.11631255 0.092140555 0.1492359 0.10637541 0.10569096 0.12702687 0.1502624 0.107517704 0.16803452 0.08771757 0.15282404 0.16499731 0.08460388 0.11990884 0.14491107 0.12262754 0.15532367 0.13958254 0.13638066 0.11606913 0.08952936 0.13535665 0.21280137 0.17555849 0.18728428 0.17361332 0.11217207 0.19179055 0.18501478 0.19014627 0.14369574 0.2907611 0.1329918 0.16820371 0.21378261 0.08957124 0.20605391 0.12729864 0.11158932 0.20710285 0.096446745 0.12187295 0.16994724 0.12068851 0.11038426 0.11851493 0.15590952 0.1315485 0.13377923 0.1521139 0.16741642 0.32931495 0.092519246 0.1768376 0.14262198 0.09581743 0.18307562 0.09414883 0.11739742 0.1511333 0.12407056 0.12926348 0.13827682 0.15145236 0.121288344 0.112535276 0.23695043 0.12452397 0.09890501 0.1286864 0.101456136 0.22646725 0.114710085 0.3418764 0.14956458 0.10405379 0.11240341 0.08715355 0.14002474 0.100523196 0.10116838 0.11934986 0.26167193 0.23839667 0.104708865 0.13089158 0.1278215 0.084793255 0.14557822 0.122943066 0.09053831 0.11619137 0.22329703 0.08746208 0.3662384 0.1085574 0.12775017 0.122208215 0.13657291 0.15971164 0.14476681 0.09705081 0.1361898 0.13792704 0.08252685 0.1462319 0.36445534 0.17203614 0.090534136 0.12054234 0.16583729 0.14505921 0.17678732 0.119082086 0.10538822 0.112967566 0.1313748 0.17855722 0.14453326 0.14868833 0.113825664 0.13152047 0.12491859 0.4520494 0.13064429 0.073770076 0.10223139 0.09877462 0.19922903 0.085448086 0.12616512 0.13448764 0.1219239 0.14085494 0.12823369 0.08330509 0.13573201 0.07177315 0.17052531 0.142483 0.13355102 0.10819362 0.0987832 0.12964106 0.17890462 0.303715 0.15509513 0.1805807 0.19180036 0.09561837 0.09938105 0.12129677 0.126733 0.19766398 0.098222815 0.12567212 0.091762766 0.11596626 0.18423219 0.10545035 0.13426049 0.08571187 0.07397882 0.0870395 0.13003503 0.12541021 0.18284883 0.19151425 0.096419126 0.1131843 0.09550502 0.09783629 0.25253275 0.17630903 0.09637952 0.16756923 0.16039743 0.17739998 0.10314161 0.13103747 0.13785627 0.08873246 0.09689938 0.13444194 0.10584839 0.12258857 0.111972846 0.11287095 0.10844823 0.13592298 0.14083491 0.13097137 0.1019363 0.10663745 0.12101637 0.14398284 0.14017127 0.079991244 0.10151383 0.076216415 0.1709783 0.109145306 0.33714342 0.116208196 0.12877452 0.092825174 0.10135136 0.12593012 0.28441712 0.14511593 0.110367216 0.09212801 0.5702713 0.10067857 0.11408342 0.123038694 0.1236968 0.27759075 0.13090721 0.11931228 0.19911125 0.28890544 0.07873252 0.09499419 0.28434274 0.1072979 0.14001384 0.10173802 0.11187616 0.1719967 0.119642526 0.100387596 0.26695824 0.11359819 0.101613574 0.16138813 0.09967615 0.14470439 0.16301987 0.12669232 0.152051 0.08766335 0.14400703 0.09367593 0.090594314 0.12840179 0.12728749 0.091259815 0.108215496 0.1320779 0.12700322 0.091984086 0.120877385 0.10016123 0.10785635 0.14668055 0.08541089 0.09618133 0.12240645 0.23512498 0.14916117 0.12094972 0.09682702 0.123667054 0.09830068 0.1434847 0.14544514 0.12426065 0.100736454 0.1950987 0.110776745 0.12810408 0.114854485 0.124496005 0.10190794 0.21600164 0.12963916 0.10697564 0.07937208 0.12723282 0.08984911 0.1549624 0.09554456 0.09509565 0.11713826 0.12041026 0.097053215 0.12231179 0.09737009 0.18015993 0.10106142 0.12940045 0.12255141 0.16973251 0.16735595 0.09775575 0.1250259 0.12744488 0.22157414 0.09499313 0.09691956 0.09205825 0.103543624 0.15723236 0.100913435 0.1455829 0.11550623 0.22435461 0.11418666 0.08225033 0.11217571 0.15482005 0.12822333 0.16850372 0.13962503 0.19902654 0.09252659 0.08311858 0.089439295 0.095928684 0.08401983 0.16225421 0.12602372 0.10003021 0.14272693 0.1127483 0.28747752 0.22579518 0.18409148 0.13419251 0.10303659 0.12413114 0.19451095 0.23118329 0.17879088 0.16662127 0.119356245 0.2346424 0.08191892 0.18348385 0.20187174 0.10446058 0.16244851 0.13560072 0.092323996 0.12738062 0.10049888 0.12352846 0.19321395 0.15480961 0.1314833 0.1282171 0.30257943 0.21213302 0.12003139 0.11116613 0.32632267 0.111347444 0.16616067 0.097065836 0.1230775 0.20066339 0.14246628 0.122633465 0.18540522 0.1489104 0.1265318 0.19289443 0.12711695 0.09653858 0.1429089 0.116429545 0.11252584 0.0911485 0.29336542 0.11499049 0.10881336 0.10503852 0.092729025 0.11880029 0.24243462 0.11707196 0.1425745 0.13042954 0.18344042 0.09376074 0.097834066 0.19683339 0.0875032 0.111579224 0.11034376 0.10831775 0.12965198 0.16632368 0.12545729 0.2267594 0.13124548 0.12019685 0.19962643 0.088469446 0.22601639 0.10548505 0.1275481 0.122441486 0.10451173 0.13319382 0.10770482 0.11565155 0.13432035 0.24249533 0.13050446 0.124409735 0.1157866 0.11213887 0.1376365 0.19881725 0.14644101 0.13935661 0.16158214 0.13322042 0.12495913 0.479012 0.09524368 0.30278432 0.10273541 0.1076423 0.09853335 0.28072897 0.29268196 0.3905277 0.11585172 0.09820682 0.27674523 0.17001984 0.12987925 0.0969608 0.10905781 0.14226496 0.14294343 0.14025071 0.120011576 0.122960895 0.08709512 0.2012685 0.1476218 0.08172049 0.22884291 0.11762185 0.17632116 0.1473348 0.13755567 0.120734535,0.15986264 0.14606227 0.21797073 0.14506923 0.13315739 0.09988459 0.0753208 0.17377979 0.09985751 0.12664066 0.1238182 0.10493855 0.11704041 0.23145357 0.14657362 0.09016665 0.15205814 0.15660895 0.18392602 0.15152457 0.14878492 0.11180348 0.09218835 0.12425471 0.12531267 0.15321437 0.08095686 0.11711638 0.09187019 0.10271809 0.12213733 0.117680825 0.12479374 0.18033127 0.14049058 0.10201545 0.115957096 0.11121965 0.13107158 0.17767832 0.09414562 0.08375741 0.18355562 0.09020343 0.08177227 0.12957951 0.17047031 0.11634186 0.18594852 0.09320425 0.09386118 0.20186895 0.092846625 0.09591603 0.107536204 0.12374561 0.16236648 0.11779648 0.109110296 0.15493603 0.116298355 0.092129305 0.1492177 0.106362425 0.10567807 0.12701136 0.15024407 0.107504584 0.16801402 0.087706864 0.1528054 0.16497716 0.08459356 0.11989421 0.14489338 0.12261258 0.15530472 0.13956551 0.13636401 0.11605497 0.08951843 0.13534014 0.2127754 0.17553706 0.18726142 0.17359214 0.11215837 0.19176714 0.1849922 0.19012305 0.1436782 0.29072565 0.13297558 0.1681832 0.21375652 0.08956031 0.20602877 0.12728311 0.1115757 0.20707758 0.09643497 0.12185807 0.1699265 0.12067378 0.11037079 0.11850046 0.1558905 0.13153243 0.13376291 0.15209533 0.167396 0.32927477 0.09250795 0.176816 0.14260457 0.095805734 0.18305327 0.09413734 0.11738309 0.15111485 0.124055415 0.12924771 0.13825993 0.15143387 0.12127355 0.11252154 0.23692152 0.124508776 0.09889294 0.12867069 0.10144375 0.22643961 0.114696085 0.34183466 0.14954633 0.104041085 0.11238969 0.087142915 0.14000764 0.10051093 0.10115603 0.119335294 0.26164 0.23836757 0.10469609 0.1308756 0.1278059 0.084782906 0.14556044 0.12292806 0.09052726 0.116177194 0.22326978 0.08745141 0.3661937 0.108544156 0.12773457 0.1221933 0.13655625 0.15969215 0.14474915 0.09703897 0.13617317 0.09481853 0.082516775 0.14621407 0.36441085 0.17201515 0.09052309 0.120527625 0.16581705 0.14504151 0.17676574 0.11906756 0.10537535 0.112953775 0.13135877 0.17853542 0.14451563 0.14867018 0.11381177 0.13150442 0.12490334 0.45199424 0.13062835 0.07376107 0.10221892 0.098762564 0.19920473 0.08543766 0.12614971 0.13447122 0.12190902 0.14083776 0.12821804 0.08329493 0.13571545 0.071764395 0.17050451 0.1424656 0.13353471 0.10818042 0.09877115 0.12962523 0.1788828 0.30367795 0.1550762 0.18055867 0.19177695 0.0956067 0.09936892 0.12128197 0.12671754 0.19763985 0.09821083 0.12565677 0.09175157 0.11595211 0.1842097 0.10543747 0.13424411 0.085701406 0.07396979 0.08702888 0.13001916 0.12539491 0.18282652 0.19149089 0.096407354 0.11317049 0.09549336 0.09782436 0.25250193 0.17628752 0.09636776 0.16754878 0.16037786 0.17737833 0.10312902 0.13102148 0.13783945 0.088721626 0.09688756 0.13442554 0.10583547 0.12257361 0.11195918 0.11285717 0.10843499 0.1359064 0.14081772 0.1309554 0.10192387 0.10662444 0.1210016 0.14396527 0.14015417 0.079981476 0.10150144 0.07620711 0.17095742 0.109131984 0.3371023 0.11619401 0.12875882 0.09281384 0.10133899 0.12591474 0.28438243 0.14509821 0.110353746 0.092116766 0.40985206 0.100666285 0.1140695 0.123023674 0.1236817 0.2775569 0.13089123 0.11929771 0.19908696 0.2888702 0.07872292 0.094982594 0.28430802 0.10728481 0.13999677 0.1017256 0.11186251 0.17197572 0.11962793 0.10037534 0.26692566 0.11358433 0.10160117 0.16136843 0.09966399 0.14468673 0.16299997 0.12667687 0.15203243 0.08765265 0.14398944 0.09366449 0.09058326 0.12838612 0.12727195 0.091248676 0.10820229 0.1320618 0.12698773 0.091972865 0.12086263 0.10014901 0.10784319 0.14666264 0.08540047 0.09616959 0.122391514 0.23509629 0.14914298 0.12093496 0.096815206 0.12365197 0.098288685 0.14346719 0.14542739 0.12424548 0.10072416 0.19507489 0.11076323 0.12808844 0.11484046 0.124480814 0.101895496 0.21597528 0.12962335 0.10696258 0.07936239 0.1272173 0.08983815 0.1549435 0.0955329 0.09508405 0.11712397 0.12039556 0.097041376 0.12229686 0.097358204 0.18013795 0.10104908 0.12938465 0.12253645 0.1697118 0.16733554 0.097743824 0.12501064 0.12742932 0.22154711 0.094981536 0.096907735 0.09204701 0.10353099 0.15721318 0.10090112 0.14556512 0.115492135 0.22432722 0.11417272 0.08224028 0.11216202 0.15480116 0.12820768 0.16848315 0.139608 0.19900225 0.092515305 0.08310843 0.08942838 0.09591697 0.08400958 0.16223441 0.12600835 0.100018 0.14270951 0.11273454 0.28744245 0.22576761 0.18406902 0.13417614 0.10302402 0.12411599 0.19448721 0.23115507 0.17876905 0.16660094 0.11934168 0.23461378 0.08190892 0.18346147 0.20184709 0.104447834 0.16242868 0.13558418 0.09231272 0.12736508 0.100486614 0.12351338 0.19319037 0.15479071 0.13146725 0.12820145 0.3025425 0.21210712 0.12001674 0.11115256 0.32628283 0.111333854 0.16614039 0.09705399 0.12306248 0.20063889 0.14244889 0.122618504 0.18538259 0.14889224 0.12651634 0.19287089 0.12710144 0.096526794 0.14289145 0.11641534 0.11251211 0.09113738 0.2933296 0.11497646 0.108800076 0.10502571 0.09271771 0.11878579 0.24240504 0.11705767 0.14255711 0.13041362 0.18341802 0.09374929 0.09782213 0.19680937 0.08749252 0.11156561 0.11033029 0.10830453 0.12963615 0.16630338 0.12544197 0.22673173 0.13122946 0.12018218 0.19960207 0.08845865 0.16243722 0.10547218 0.12753254 0.12242655 0.104498975 0.13317756 0.107691675 0.11563743 0.13430396 0.24246573 0.13048853 0.12439455 0.11577247 0.11212518 0.1376197 0.19879298 0.14642313 0.1393396 0.16156241 0.13320416 0.12494388 0.47895357 0.095232055 0.30274737 0.10272287 0.107629165 0.09852132 0.28069472 0.29264626 0.39048004 0.11583759 0.09819484 0.27671143 0.16999908 0.12986341 0.09694897 0.10904449 0.1422476 0.142926 0.1402336 0.11999693 0.12294589 0.087084495 0.20124392 0.14760378 0.08171052 0.22881499 0.1176075 0.17629965 0.14731683 0.1375389 0.120719805,,
994,3x3x512x512,0.15988216 0.1460801 0.21799734 0.14508694 0.13317363 0.09989679 0.07533 0.173801 0.0998697 0.12665613 0.12383331 0.10495136 0.1170547 0.23148182 0.1465915 0.090177655 0.15207669 0.15662807 0.18394846 0.15154307 0.14880307 0.11181712 0.0921996 0.12426987 0.12532797 0.15323307 0.08096674 0.11713067 0.0918814 0.102730624 0.12215224 0.11769519 0.124808975 0.18035328 0.14050773 0.1020279 0.115971245 0.11123323 0.13108757 0.17770001 0.094157115 0.08376763 0.18357801 0.09021443 0.081782244 0.12959534 0.17049113 0.11635606 0.18597122 0.09321563 0.09387263 0.20189358 0.09285796 0.095927745 0.107549325 0.123760715 0.1623863 0.11781085 0.10912362 0.15495494 0.11631255 0.092140555 0.1492359 0.10637541 0.10569096 0.12702687 0.1502624 0.107517704 0.16803452 0.08771757 0.15282404 0.16499731 0.08460388 0.11990884 0.14491107 0.12262754 0.15532367 0.13958254 0.13638066 0.11606913 0.08952936 0.13535665 0.21280137 0.17555849 0.18728428 0.17361332 0.11217207 0.19179055 0.18501478 0.19014627 0.14369574 0.2907611 0.1329918 0.16820371 0.21378261 0.08957124 0.20605391 0.12729864 0.11158932 0.20710285 0.096446745 0.12187295 0.16994724 0.12068851 0.11038426 0.11851493 0.15590952 0.1315485 0.13377923 0.1521139 0.16741642 0.32931495 0.092519246 0.1768376 0.14262198 0.09581743 0.18307562 0.09414883 0.11739742 0.1511333 0.12407056 0.12926348 0.13827682 0.15145236 0.121288344 0.112535276 0.23695043 0.12452397 0.09890501 0.1286864 0.101456136 0.22646725 0.114710085 0.3418764 0.14956458 0.10405379 0.11240341 0.08715355 0.14002474 0.100523196 0.10116838 0.11934986 0.26167193 0.23839667 0.104708865 0.13089158 0.1278215 0.084793255 0.14557822 0.122943066 0.09053831 0.11619137 0.22329703 0.08746208 0.3662384 0.1085574 0.12775017 0.122208215 0.13657291 0.15971164 0.14476681 0.09705081 0.1361898 0.13792704 0.08252685 0.1462319 0.36445534 0.17203614 0.090534136 0.12054234 0.16583729 0.14505921 0.17678732 0.119082086 0.10538822 0.112967566 0.1313748 0.17855722 0.14453326 0.14868833 0.113825664 0.13152047 0.12491859 0.4520494 0.13064429 0.073770076 0.10223139 0.09877462 0.19922903 0.085448086 0.12616512 0.13448764 0.1219239 0.14085494 0.12823369 0.08330509 0.13573201 0.07177315 0.17052531 0.142483 0.13355102 0.10819362 0.0987832 0.12964106 0.17890462 0.303715 0.15509513 0.1805807 0.19180036 0.09561837 0.09938105 0.12129677 0.126733 0.19766398 0.098222815 0.12567212 0.091762766 0.11596626 0.18423219 0.10545035 0.13426049 0.08571187 0.07397882 0.0870395 0.13003503 0.12541021 0.18284883 0.19151425 0.096419126 0.1131843 0.09550502 0.09783629 0.25253275 0.17630903 0.09637952 0.16756923 0.16039743 0.17739998 0.10314161 0.13103747 0.13785627 0.08873246 0.09689938 0.13444194 0.10584839 0.12258857 0.111972846 0.11287095 0.10844823 0.13592298 0.14083491 0.13097137 0.1019363 0.10663745 0.12101637 0.14398284 0.14017127 0.079991244 0.10151383 0.076216415 0.1709783 0.109145306 0.33714342 0.116208196 0.12877452 0.092825174 0.10135136 0.12593012 0.28441712 0.14511593 0.110367216 0.09212801 0.5702713 0.10067857 0.11408342 0.123038694 0.1236968 0.27759075 0.13090721 0.11931228 0.19911125 0.28890544 0.07873252 0.09499419 0.28434274 0.1072979 0.14001384 0.10173802 0.11187616 0.1719967 0.119642526 0.100387596 0.26695824 0.11359819 0.101613574 0.16138813 0.09967615 0.14470439 0.16301987 0.12669232 0.152051 0.08766335 0.14400703 0.09367593 0.090594314 0.12840179 0.12728749 0.091259815 0.108215496 0.1320779 0.12700322 0.091984086 0.120877385 0.10016123 0.10785635 0.14668055 0.08541089 0.09618133 0.12240645 0.23512498 0.14916117 0.12094972 0.09682702 0.123667054 0.09830068 0.1434847 0.14544514 0.12426065 0.100736454 0.1950987 0.110776745 0.12810408 0.114854485 0.124496005 0.10190794 0.21600164 0.12963916 0.10697564 0.07937208 0.12723282 0.08984911 0.1549624 0.09554456 0.09509565 0.11713826 0.12041026 0.097053215 0.12231179 0.09737009 0.18015993 0.10106142 0.12940045 0.12255141 0.16973251 0.16735595 0.09775575 0.1250259 0.12744488 0.22157414 0.09499313 0.09691956 0.09205825 0.103543624 0.15723236 0.100913435 0.1455829 0.11550623 0.22435461 0.11418666 0.08225033 0.11217571 0.15482005 0.12822333 0.16850372 0.13962503 0.19902654 0.09252659 0.08311858 0.089439295 0.095928684 0.08401983 0.16225421 0.12602372 0.10003021 0.14272693 0.1127483 0.28747752 0.22579518 0.18409148 0.13419251 0.10303659 0.12413114 0.19451095 0.23118329 0.17879088 0.16662127 0.119356245 0.2346424 0.08191892 0.18348385 0.20187174 0.10446058 0.16244851 0.13560072 0.092323996 0.12738062 0.10049888 0.12352846 0.19321395 0.15480961 0.1314833 0.1282171 0.30257943 0.21213302 0.12003139 0.11116613 0.32632267 0.111347444 0.16616067 0.097065836 0.1230775 0.20066339 0.14246628 0.122633465 0.18540522 0.1489104 0.1265318 0.19289443 0.12711695 0.09653858 0.1429089 0.116429545 0.11252584 0.0911485 0.29336542 0.11499049 0.10881336 0.10503852 0.092729025 0.11880029 0.24243462 0.11707196 0.1425745 0.13042954 0.18344042 0.09376074 0.097834066 0.19683339 0.0875032 0.111579224 0.11034376 0.10831775 0.12965198 0.16632368 0.12545729 0.2267594 0.13124548 0.12019685 0.19962643 0.088469446 0.22601639 0.10548505 0.1275481 0.122441486 0.10451173 0.13319382 0.10770482 0.11565155 0.13432035 0.24249533 0.13050446 0.124409735 0.1157866 0.11213887 0.1376365 0.19881725 0.14644101 0.13935661 0.16158214 0.13322042 0.12495913 0.479012 0.09524368 0.30278432 0.10273541 0.1076423 0.09853335 0.28072897 0.29268196 0.3905277 0.11585172 0.09820682 0.27674523 0.17001984 0.12987925 0.0969608 0.10905781 0.14226496 0.14294343 0.14025071 0.120011576 0.122960895 0.08709512 0.2012685 0.1476218 0.08172049 0.22884291 0.11762185 0.17632116 0.1473348 0.13755567 0.120734535,0.15986264 0.14606227 0.21797073 0.14506923 0.13315739 0.09988459 0.0753208 0.17377979 0.09985751 0.12664066 0.1238182 0.10493855 0.11704041 0.23145357 0.14657362 0.09016665 0.15205814 0.15660895 0.18392602 0.15152457 0.14878492 0.11180348 0.09218835 0.12425471 0.12531267 0.15321437 0.08095686 0.11711638 0.09187019 0.10271809 0.12213733 0.117680825 0.12479374 0.18033127 0.14049058 0.10201545 0.115957096 0.11121965 0.13107158 0.17767832 0.09414562 0.08375741 0.18355562 0.09020343 0.08177227 0.12957951 0.17047031 0.11634186 0.18594852 0.09320425 0.09386118 0.20186895 0.092846625 0.09591603 0.107536204 0.12374561 0.16236648 0.11779648 0.109110296 0.15493603 0.116298355 0.092129305 0.1492177 0.106362425 0.10567807 0.12701136 0.15024407 0.107504584 0.16801402 0.087706864 0.1528054 0.16497716 0.08459356 0.11989421 0.14489338 0.12261258 0.15530472 0.13956551 0.13636401 0.11605497 0.08951843 0.13534014 0.2127754 0.17553706 0.18726142 0.17359214 0.11215837 0.19176714 0.1849922 0.19012305 0.1436782 0.29072565 0.13297558 0.1681832 0.21375652 0.08956031 0.20602877 0.12728311 0.1115757 0.20707758 0.09643497 0.12185807 0.1699265 0.12067378 0.11037079 0.11850046 0.1558905 0.13153243 0.13376291 0.15209533 0.167396 0.32927477 0.09250795 0.176816 0.14260457 0.095805734 0.18305327 0.09413734 0.11738309 0.15111485 0.124055415 0.12924771 0.13825993 0.15143387 0.12127355 0.11252154 0.23692152 0.124508776 0.09889294 0.12867069 0.10144375 0.22643961 0.114696085 0.34183466 0.14954633 0.104041085 0.11238969 0.087142915 0.14000764 0.10051093 0.10115603 0.119335294 0.26164 0.23836757 0.10469609 0.1308756 0.1278059 0.084782906 0.14556044 0.12292806 0.09052726 0.116177194 0.22326978 0.08745141 0.3661937 0.108544156 0.12773457 0.1221933 0.13655625 0.15969215 0.14474915 0.09703897 0.13617317 0.09481853 0.082516775 0.14621407 0.36441085 0.17201515 0.09052309 0.120527625 0.16581705 0.14504151 0.17676574 0.11906756 0.10537535 0.112953775 0.13135877 0.17853542 0.14451563 0.14867018 0.11381177 0.13150442 0.12490334 0.45199424 0.13062835 0.07376107 0.10221892 0.098762564 0.19920473 0.08543766 0.12614971 0.13447122 0.12190902 0.14083776 0.12821804 0.08329493 0.13571545 0.071764395 0.17050451 0.1424656 0.13353471 0.10818042 0.09877115 0.12962523 0.1788828 0.30367795 0.1550762 0.18055867 0.19177695 0.0956067 0.09936892 0.12128197 0.12671754 0.19763985 0.09821083 0.12565677 0.09175157 0.11595211 0.1842097 0.10543747 0.13424411 0.085701406 0.07396979 0.08702888 0.13001916 0.12539491 0.18282652 0.19149089 0.096407354 0.11317049 0.09549336 0.09782436 0.25250193 0.17628752 0.09636776 0.16754878 0.16037786 0.17737833 0.10312902 0.13102148 0.13783945 0.088721626 0.09688756 0.13442554 0.10583547 0.12257361 0.11195918 0.11285717 0.10843499 0.1359064 0.14081772 0.1309554 0.10192387 0.10662444 0.1210016 0.14396527 0.14015417 0.079981476 0.10150144 0.07620711 0.17095742 0.109131984 0.3371023 0.11619401 0.12875882 0.09281384 0.10133899 0.12591474 0.28438243 0.14509821 0.110353746 0.092116766 0.40985206 0.100666285 0.1140695 0.123023674 0.1236817 0.2775569 0.13089123 0.11929771 0.19908696 0.2888702 0.07872292 0.094982594 0.28430802 0.10728481 0.13999677 0.1017256 0.11186251 0.17197572 0.11962793 0.10037534 0.26692566 0.11358433 0.10160117 0.16136843 0.09966399 0.14468673 0.16299997 0.12667687 0.15203243 0.08765265 0.14398944 0.09366449 0.09058326 0.12838612 0.12727195 0.091248676 0.10820229 0.1320618 0.12698773 0.091972865 0.12086263 0.10014901 0.10784319 0.14666264 0.08540047 0.09616959 0.122391514 0.23509629 0.14914298 0.12093496 0.096815206 0.12365197 0.098288685 0.14346719 0.14542739 0.12424548 0.10072416 0.19507489 0.11076323 0.12808844 0.11484046 0.124480814 0.101895496 0.21597528 0.12962335 0.10696258 0.07936239 0.1272173 0.08983815 0.1549435 0.0955329 0.09508405 0.11712397 0.12039556 0.097041376 0.12229686 0.097358204 0.18013795 0.10104908 0.12938465 0.12253645 0.1697118 0.16733554 0.097743824 0.12501064 0.12742932 0.22154711 0.094981536 0.096907735 0.09204701 0.10353099 0.15721318 0.10090112 0.14556512 0.115492135 0.22432722 0.11417272 0.08224028 0.11216202 0.15480116 0.12820768 0.16848315 0.139608 0.19900225 0.092515305 0.08310843 0.08942838 0.09591697 0.08400958 0.16223441 0.12600835 0.100018 0.14270951 0.11273454 0.28744245 0.22576761 0.18406902 0.13417614 0.10302402 0.12411599 0.19448721 0.23115507 0.17876905 0.16660094 0.11934168 0.23461378 0.08190892 0.18346147 0.20184709 0.104447834 0.16242868 0.13558418 0.09231272 0.12736508 0.100486614 0.12351338 0.19319037 0.15479071 0.13146725 0.12820145 0.3025425 0.21210712 0.12001674 0.11115256 0.32628283 0.111333854 0.16614039 0.09705399 0.12306248 0.20063889 0.14244889 0.122618504 0.18538259 0.14889224 0.12651634 0.19287089 0.12710144 0.096526794 0.14289145 0.11641534 0.11251211 0.09113738 0.2933296 0.11497646 0.108800076 0.10502571 0.09271771 0.11878579 0.24240504 0.11705767 0.14255711 0.13041362 0.18341802 0.09374929 0.09782213 0.19680937 0.08749252 0.11156561 0.11033029 0.10830453 0.12963615 0.16630338 0.12544197 0.22673173 0.13122946 0.12018218 0.19960207 0.08845865 0.16243722 0.10547218 0.12753254 0.12242655 0.104498975 0.13317756 0.107691675 0.11563743 0.13430396 0.24246573 0.13048853 0.12439455 0.11577247 0.11212518 0.1376197 0.19879298 0.14642313 0.1393396 0.16156241 0.13320416 0.12494388 0.47895357 0.095232055 0.30274737 0.10272287 0.107629165 0.09852132 0.28069472 0.29264626 0.39048004 0.11583759 0.09819484 0.27671143 0.16999908 0.12986341 0.09694897 0.10904449 0.1422476 0.142926 0.1402336 0.11999693 0.12294589 0.087084495 0.20124392 0.14760378 0.08171052 0.22881499 0.1176075 0.17629965 0.14731683 0.1375389 0.120719805,,
998,3x3x512x512,0.15988216 0.1460801 0.21799734 0.14508694 0.13317363 0.09989679 0.07533 0.173801 0.0998697 0.12665613 0.12383331 0.10495136 0.1170547 0.23148182 0.1465915 0.090177655 0.15207669 0.15662807 0.18394846 0.15154307 0.14880307 0.11181712 0.0921996 0.12426987 0.12532797 0.15323307 0.08096674 0.11713067 0.0918814 0.102730624 0.12215224 0.11769519 0.124808975 0.18035328 0.14050773 0.1020279 0.115971245 0.11123323 0.13108757 0.17770001 0.094157115 0.08376763 0.18357801 0.09021443 0.081782244 0.12959534 0.17049113 0.11635606 0.18597122 0.09321563 0.09387263 0.20189358 0.09285796 0.095927745 0.107549325 0.123760715 0.1623863 0.11781085 0.10912362 0.15495494 0.11631255 0.092140555 0.1492359 0.10637541 0.10569096 0.12702687 0.1502624 0.107517704 0.16803452 0.08771757 0.15282404 0.16499731 0.08460388 0.11990884 0.14491107 0.12262754 0.15532367 0.13958254 0.13638066 0.11606913 0.08952936 0.13535665 0.21280137 0.17555849 0.18728428 0.17361332 0.11217207 0.19179055 0.18501478 0.19014627 0.14369574 0.2907611 0.1329918 0.16820371 0.21378261 0.08957124 0.20605391 0.12729864 0.11158932 0.20710285 0.096446745 0.12187295 0.16994724 0.12068851 0.11038426 0.11851493 0.15590952 0.1315485 0.13377923 0.1521139 0.16741642 0.32931495 0.092519246 0.1768376 0.14262198 0.09581743 0.18307562 0.09414883 0.11739742 0.1511333 0.12407056 0.12926348 0.13827682 0.15145236 0.121288344 0.112535276 0.23695043 0.12452397 0.09890501 0.1286864 0.101456136 0.22646725 0.114710085 0.3418764 0.14956458 0.10405379 0.11240341 0.08715355 0.14002474 0.100523196 0.10116838 0.11934986 0.26167193 0.23839667 0.104708865 0.13089158 0.1278215 0.084793255 0.14557822 0.122943066 0.09053831 0.11619137 0.22329703 0.08746208 0.3662384 0.1085574 0.12775017 0.122208215 0.13657291 0.15971164 0.14476681 0.09705081 0.1361898 0.13792704 0.08252685 0.1462319 0.36445534 0.17203614 0.090534136 0.12054234 0.16583729 0.14505921 0.17678732 0.119082086 0.10538822 0.112967566 0.1313748 0.17855722 0.14453326 0.14868833 0.113825664 0.13152047 0.12491859 0.4520494 0.13064429 0.073770076 0.10223139 0.09877462 0.19922903 0.085448086 0.12616512 0.13448764 0.1219239 0.14085494 0.12823369 0.08330509 0.13573201 0.07177315 0.17052531 0.142483 0.13355102 0.10819362 0.0987832 0.12964106 0.17890462 0.303715 0.15509513 0.1805807 0.19180036 0.09561837 0.09938105 0.12129677 0.126733 0.19766398 0.098222815 0.12567212 0.091762766 0.11596626 0.18423219 0.10545035 0.13426049 0.08571187 0.07397882 0.0870395 0.13003503 0.12541021 0.18284883 0.19151425 0.096419126 0.1131843 0.09550502 0.09783629 0.25253275 0.17630903 0.09637952 0.16756923 0.16039743 0.17739998 0.10314161 0.13103747 0.13785627 0.08873246 0.09689938 0.13444194 0.10584839 0.12258857 0.111972846 0.11287095 0.10844823 0.13592298 0.14083491 0.13097137 0.1019363 0.10663745 0.12101637 0.14398284 0.14017127 0.079991244 0.10151383 0.076216415 0.1709783 0.109145306 0.33714342 0.116208196 0.12877452 0.092825174 0.10135136 0.12593012 0.28441712 0.14511593 0.110367216 0.09212801 0.5702713 0.10067857 0.11408342 0.123038694 0.1236968 0.27759075 0.13090721 0.11931228 0.19911125 0.28890544 0.07873252 0.09499419 0.28434274 0.1072979 0.14001384 0.10173802 0.11187616 0.1719967 0.119642526 0.100387596 0.26695824 0.11359819 0.101613574 0.16138813 0.09967615 0.14470439 0.16301987 0.12669232 0.152051 0.08766335 0.14400703 0.09367593 0.090594314 0.12840179 0.12728749 0.091259815 0.108215496 0.1320779 0.12700322 0.091984086 0.120877385 0.10016123 0.10785635 0.14668055 0.08541089 0.09618133 0.12240645 0.23512498 0.14916117 0.12094972 0.09682702 0.123667054 0.09830068 0.1434847 0.14544514 0.12426065 0.100736454 0.1950987 0.110776745 0.12810408 0.114854485 0.124496005 0.10190794 0.21600164 0.12963916 0.10697564 0.07937208 0.12723282 0.08984911 0.1549624 0.09554456 0.09509565 0.11713826 0.12041026 0.097053215 0.12231179 0.09737009 0.18015993 0.10106142 0.12940045 0.12255141 0.16973251 0.16735595 0.09775575 0.1250259 0.12744488 0.22157414 0.09499313 0.09691956 0.09205825 0.103543624 0.15723236 0.100913435 0.1455829 0.11550623 0.22435461 0.11418666 0.08225033 0.11217571 0.15482005 0.12822333 0.16850372 0.13962503 0.19902654 0.09252659 0.08311858 0.089439295 0.095928684 0.08401983 0.16225421 0.12602372 0.10003021 0.14272693 0.1127483 0.28747752 0.22579518 0.18409148 0.13419251 0.10303659 0.12413114 0.19451095 0.23118329 0.17879088 0.16662127 0.119356245 0.2346424 0.08191892 0.18348385 0.20187174 0.10446058 0.16244851 0.13560072 0.092323996 0.12738062 0.10049888 0.12352846 0.19321395 0.15480961 0.1314833 0.1282171 0.30257943 0.21213302 0.12003139 0.11116613 0.32632267 0.111347444 0.16616067 0.097065836 0.1230775 0.20066339 0.14246628 0.122633465 0.18540522 0.1489104 0.1265318 0.19289443 0.12711695 0.09653858 0.1429089 0.116429545 0.11252584 0.0911485 0.29336542 0.11499049 0.10881336 0.10503852 0.092729025 0.11880029 0.24243462 0.11707196 0.1425745 0.13042954 0.18344042 0.09376074 0.097834066 0.19683339 0.0875032 0.111579224 0.11034376 0.10831775 0.12965198 0.16632368 0.12545729 0.2267594 0.13124548 0.12019685 0.19962643 0.088469446 0.22601639 0.10548505 0.1275481 0.122441486 0.10451173 0.13319382 0.10770482 0.11565155 0.13432035 0.24249533 0.13050446 0.124409735 0.1157866 0.11213887 0.1376365 0.19881725 0.14644101 0.13935661 0.16158214 0.13322042 0.12495913 0.479012 0.09524368 0.30278432 0.10273541 0.1076423 0.09853335 0.28072897 0.29268196 0.3905277 0.11585172 0.09820682 0.27674523 0.17001984 0.12987925 0.0969608 0.10905781 0.14226496 0.14294343 0.14025071 0.120011576 0.122960895 0.08709512 0.2012685 0.1476218 0.08172049 0.22884291 0.11762185 0.17632116 0.1473348 0.13755567 0.120734535,0.15986264 0.14606227 0.21797073 0.14506923 0.13315739 0.09988459 0.0753208 0.17377979 0.09985751 0.12664066 0.1238182 0.10493855 0.11704041 0.23145357 0.14657362 0.09016665 0.15205814 0.15660895 0.18392602 0.15152457 0.14878492 0.11180348 0.09218835 0.12425471 0.12531267 0.15321437 0.08095686 0.11711638 0.09187019 0.10271809 0.12213733 0.117680825 0.12479374 0.18033127 0.14049058 0.10201545 0.115957096 0.11121965 0.13107158 0.17767832 0.09414562 0.08375741 0.18355562 0.09020343 0.08177227 0.12957951 0.17047031 0.11634186 0.18594852 0.09320425 0.09386118 0.20186895 0.092846625 0.09591603 0.107536204 0.12374561 0.16236648 0.11779648 0.109110296 0.15493603 0.116298355 0.092129305 0.1492177 0.106362425 0.10567807 0.12701136 0.15024407 0.107504584 0.16801402 0.087706864 0.1528054 0.16497716 0.08459356 0.11989421 0.14489338 0.12261258 0.15530472 0.13956551 0.13636401 0.11605497 0.08951843 0.13534014 0.2127754 0.17553706 0.18726142 0.17359214 0.11215837 0.19176714 0.1849922 0.19012305 0.1436782 0.29072565 0.13297558 0.1681832 0.21375652 0.08956031 0.20602877 0.12728311 0.1115757 0.20707758 0.09643497 0.12185807 0.1699265 0.12067378 0.11037079 0.11850046 0.1558905 0.13153243 0.13376291 0.15209533 0.167396 0.32927477 0.09250795 0.176816 0.14260457 0.095805734 0.18305327 0.09413734 0.11738309 0.15111485 0.124055415 0.12924771 0.13825993 0.15143387 0.12127355 0.11252154 0.23692152 0.124508776 0.09889294 0.12867069 0.10144375 0.22643961 0.114696085 0.34183466 0.14954633 0.104041085 0.11238969 0.087142915 0.14000764 0.10051093 0.10115603 0.119335294 0.26164 0.23836757 0.10469609 0.1308756 0.1278059 0.084782906 0.14556044 0.12292806 0.09052726 0.116177194 0.22326978 0.08745141 0.3661937 0.108544156 0.12773457 0.1221933 0.13655625 0.15969215 0.14474915 0.09703897 0.13617317 0.09481853 0.082516775 0.14621407 0.36441085 0.17201515 0.09052309 0.120527625 0.16581705 0.14504151 0.17676574 0.11906756 0.10537535 0.112953775 0.13135877 0.17853542 0.14451563 0.14867018 0.11381177 0.13150442 0.12490334 0.45199424 0.13062835 0.07376107 0.10221892 0.098762564 0.19920473 0.08543766 0.12614971 0.13447122 0.12190902 0.14083776 0.12821804 0.08329493 0.13571545 0.071764395 0.17050451 0.1424656 0.13353471 0.10818042 0.09877115 0.12962523 0.1788828 0.30367795 0.1550762 0.18055867 0.19177695 0.0956067 0.09936892 0.12128197 0.12671754 0.19763985 0.09821083 0.12565677 0.09175157 0.11595211 0.1842097 0.10543747 0.13424411 0.085701406 0.07396979 0.08702888 0.13001916 0.12539491 0.18282652 0.19149089 0.096407354 0.11317049 0.09549336 0.09782436 0.25250193 0.17628752 0.09636776 0.16754878 0.16037786 0.17737833 0.10312902 0.13102148 0.13783945 0.088721626 0.09688756 0.13442554 0.10583547 0.12257361 0.11195918 0.11285717 0.10843499 0.1359064 0.14081772 0.1309554 0.10192387 0.10662444 0.1210016 0.14396527 0.14015417 0.079981476 0.10150144 0.07620711 0.17095742 0.109131984 0.3371023 0.11619401 0.12875882 0.09281384 0.10133899 0.12591474 0.28438243 0.14509821 0.110353746 0.092116766 0.40985206 0.100666285 0.1140695 0.123023674 0.1236817 0.2775569 0.13089123 0.11929771 0.19908696 0.2888702 0.07872292 0.094982594 0.28430802 0.10728481 0.13999677 0.1017256 0.11186251 0.17197572 0.11962793 0.10037534 0.26692566 0.11358433 0.10160117 0.16136843 0.09966399 0.14468673 0.16299997 0.12667687 0.15203243 0.08765265 0.14398944 0.09366449 0.09058326 0.12838612 0.12727195 0.091248676 0.10820229 0.1320618 0.12698773 0.091972865 0.12086263 0.10014901 0.10784319 0.14666264 0.08540047 0.09616959 0.122391514 0.23509629 0.14914298 0.12093496 0.096815206 0.12365197 0.098288685 0.14346719 0.14542739 0.12424548 0.10072416 0.19507489 0.11076323 0.12808844 0.11484046 0.124480814 0.101895496 0.21597528 0.12962335 0.10696258 0.07936239 0.1272173 0.08983815 0.1549435 0.0955329 0.09508405 0.11712397 0.12039556 0.097041376 0.12229686 0.097358204 0.18013795 0.10104908 0.12938465 0.12253645 0.1697118 0.16733554 0.097743824 0.12501064 0.12742932 0.22154711 0.094981536 0.096907735 0.09204701 0.10353099 0.15721318 0.10090112 0.14556512 0.115492135 0.22432722 0.11417272 0.08224028 0.11216202 0.15480116 0.12820768 0.16848315 0.139608 0.19900225 0.092515305 0.08310843 0.08942838 0.09591697 0.08400958 0.16223441 0.12600835 0.100018 0.14270951 0.11273454 0.28744245 0.22576761 0.18406902 0.13417614 0.10302402 0.12411599 0.19448721 0.23115507 0.17876905 0.16660094 0.11934168 0.23461378 0.08190892 0.18346147 0.20184709 0.104447834 0.16242868 0.13558418 0.09231272 0.12736508 0.100486614 0.12351338 0.19319037 0.15479071 0.13146725 0.12820145 0.3025425 0.21210712 0.12001674 0.11115256 0.32628283 0.111333854 0.16614039 0.09705399 0.12306248 0.20063889 0.14244889 0.122618504 0.18538259 0.14889224 0.12651634 0.19287089 0.12710144 0.096526794 0.14289145 0.11641534 0.11251211 0.09113738 0.2933296 0.11497646 0.108800076 0.10502571 0.09271771 0.11878579 0.24240504 0.11705767 0.14255711 0.13041362 0.18341802 0.09374929 0.09782213 0.19680937 0.08749252 0.11156561 0.11033029 0.10830453 0.12963615 0.16630338 0.12544197 0.22673173 0.13122946 0.12018218 0.19960207 0.08845865 0.16243722 0.10547218 0.12753254 0.12242655 0.104498975 0.13317756 0.107691675 0.11563743 0.13430396 0.24246573 0.13048853 0.12439455 0.11577247 0.11212518 0.1376197 0.19879298 0.14642313 0.1393396 0.16156241 0.13320416 0.12494388 0.47895357 0.095232055 0.30274737 0.10272287 0.107629165 0.09852132 0.28069472 0.29264626 0.39048004 0.11583759 0.09819484 0.27671143 0.16999908 0.12986341 0.09694897 0.10904449 0.1422476 0.142926 0.1402336 0.11999693 0.12294589 0.087084495 0.20124392 0.14760378 0.08171052 0.22881499 0.1176075 0.17629965 0.14731683 0.1375389 0.120719805,,
1002,3x3x512x512,0.15988216 0.1460801 0.21799734 0.14508694 0.13317363 0.09989679 0.07533 0.173801 0.0998697 0.12665613 0.12383331 0.10495136 0.1170547 0.23148182 0.1465915 0.090177655 0.15207669 0.15662807 0.18394846 0.15154307 0.14880307 0.11181712 0.0921996 0.12426987 0.12532797 0.15323307 0.08096674 0.11713067 0.0918814 0.102730624 0.12215224 0.11769519 0.124808975 0.18035328 0.14050773 0.1020279 0.115971245 0.11123323 0.13108757 0.17770001 0.094157115 0.08376763 0.18357801 0.09021443 0.081782244 0.12959534 0.17049113 0.11635606 0.18597122 0.09321563 0.09387263 0.20189358 0.09285796 0.095927745 0.107549325 0.123760715 0.1623863 0.11781085 0.10912362 0.15495494 0.11631255 0.092140555 0.1492359 0.10637541 0.10569096 0.12702687 0.1502624 0.107517704 0.16803452 0.08771757 0.15282404 0.16499731 0.08460388 0.11990884 0.14491107 0.12262754 0.15532367 0.13958254 0.13638066 0.11606913 0.08952936 0.13535665 0.21280137 0.17555849 0.18728428 0.17361332 0.11217207 0.19179055 0.18501478 0.19014627 0.14369574 0.2907611 0.1329918 0.16820371 0.21378261 0.08957124 0.20605391 0.12729864 0.11158932 0.20710285 0.096446745 0.12187295 0.16994724 0.12068851 0.11038426 0.11851493 0.15590952 0.1315485 0.13377923 0.1521139 0.16741642 0.32931495 0.092519246 0.1768376 0.14262198 0.09581743 0.18307562 0.09414883 0.11739742 0.1511333 0.12407056 0.12926348 0.13827682 0.15145236 0.121288344 0.112535276 0.23695043 0.12452397 0.09890501 0.1286864 0.101456136 0.22646725 0.114710085 0.3418764 0.14956458 0.10405379 0.11240341 0.08715355 0.14002474 0.100523196 0.10116838 0.11934986 0.26167193 0.23839667 0.104708865 0.13089158 0.1278215 0.084793255 0.14557822 0.122943066 0.09053831 0.11619137 0.22329703 0.08746208 0.3662384 0.1085574 0.12775017 0.122208215 0.13657291 0.15971164 0.14476681 0.09705081 0.1361898 0.13792704 0.08252685 0.1462319 0.36445534 0.17203614 0.090534136 0.12054234 0.16583729 0.14505921 0.17678732 0.119082086 0.10538822 0.112967566 0.1313748 0.17855722 0.14453326 0.14868833 0.113825664 0.13152047 0.12491859 0.4520494 0.13064429 0.073770076 0.10223139 0.09877462 0.19922903 0.085448086 0.12616512 0.13448764 0.1219239 0.14085494 0.12823369 0.08330509 0.13573201 0.07177315 0.17052531 0.142483 0.13355102 0.10819362 0.0987832 0.12964106 0.17890462 0.303715 0.15509513 0.1805807 0.19180036 0.09561837 0.09938105 0.12129677 0.126733 0.19766398 0.098222815 0.12567212 0.091762766 0.11596626 0.18423219 0.10545035 0.13426049 0.08571187 0.07397882 0.0870395 0.13003503 0.12541021 0.18284883 0.19151425 0.096419126 0.1131843 0.09550502 0.09783629 0.25253275 0.17630903 0.09637952 0.16756923 0.16039743 0.17739998 0.10314161 0.13103747 0.13785627 0.08873246 0.09689938 0.13444194 0.10584839 0.12258857 0.111972846 0.11287095 0.10844823 0.13592298 0.14083491 0.13097137 0.1019363 0.10663745 0.12101637 0.14398284 0.14017127 0.079991244 0.10151383 0.076216415 0.1709783 0.109145306 0.33714342 0.116208196 0.12877452 0.092825174 0.10135136 0.12593012 0.28441712 0.14511593 0.110367216 0.09212801 0.5702713 0.10067857 0.11408342 0.123038694 0.1236968 0.27759075 0.13090721 0.11931228 0.19911125 0.28890544 0.07873252 0.09499419 0.28434274 0.1072979 0.14001384 0.10173802 0.11187616 0.1719967 0.119642526 0.100387596 0.26695824 0.11359819 0.101613574 0.16138813 0.09967615 0.14470439 0.16301987 0.12669232 0.152051 0.08766335 0.14400703 0.09367593 0.090594314 0.12840179 0.12728749 0.091259815 0.108215496 0.1320779 0.12700322 0.091984086 0.120877385 0.10016123 0.10785635 0.14668055 0.08541089 0.09618133 0.12240645 0.23512498 0.14916117 0.12094972 0.09682702 0.123667054 0.09830068 0.1434847 0.14544514 0.12426065 0.100736454 0.1950987 0.110776745 0.12810408 0.114854485 0.124496005 0.10190794 0.21600164 0.12963916 0.10697564 0.07937208 0.12723282 0.08984911 0.1549624 0.09554456 0.09509565 0.11713826 0.12041026 0.097053215 0.12231179 0.09737009 0.18015993 0.10106142 0.12940045 0.12255141 0.16973251 0.16735595 0.09775575 0.1250259 0.12744488 0.22157414 0.09499313 0.09691956 0.09205825 0.103543624 0.15723236 0.100913435 0.1455829 0.11550623 0.22435461 0.11418666 0.08225033 0.11217571 0.15482005 0.12822333 0.16850372 0.13962503 0.19902654 0.09252659 0.08311858 0.089439295 0.095928684 0.08401983 0.16225421 0.12602372 0.10003021 0.14272693 0.1127483 0.28747752 0.22579518 0.18409148 0.13419251 0.10303659 0.12413114 0.19451095 0.23118329 0.17879088 0.16662127 0.119356245 0.2346424 0.08191892 0.18348385 0.20187174 0.10446058 0.16244851 0.13560072 0.092323996 0.12738062 0.10049888 0.12352846 0.19321395 0.15480961 0.1314833 0.1282171 0.30257943 0.21213302 0.12003139 0.11116613 0.32632267 0.111347444 0.16616067 0.097065836 0.1230775 0.20066339 0.14246628 0.122633465 0.18540522 0.1489104 0.1265318 0.19289443 0.12711695 0.09653858 0.1429089 0.116429545 0.11252584 0.0911485 0.29336542 0.11499049 0.10881336 0.10503852 0.092729025 0.11880029 0.24243462 0.11707196 0.1425745 0.13042954 0.18344042 0.09376074 0.097834066 0.19683339 0.0875032 0.111579224 0.11034376 0.10831775 0.12965198 0.16632368 0.12545729 0.2267594 0.13124548 0.12019685 0.19962643 0.088469446 0.22601639 0.10548505 0.1275481 0.122441486 0.10451173 0.13319382 0.10770482 0.11565155 0.13432035 0.24249533 0.13050446 0.124409735 0.1157866 0.11213887 0.1376365 0.19881725 0.14644101 0.13935661 0.16158214 0.13322042 0.12495913 0.479012 0.09524368 0.30278432 0.10273541 0.1076423 0.09853335 0.28072897 0.29268196 0.3905277 0.11585172 0.09820682 0.27674523 0.17001984 0.12987925 0.0969608 0.10905781 0.14226496 0.14294343 0.14025071 0.120011576 0.122960895 0.08709512 0.2012685 0.1476218 0.08172049 0.22884291 0.11762185 0.17632116 0.1473348 0.13755567 0.120734535,0.15986264 0.14606227 0.21797073 0.14506923 0.13315739 0.09988459 0.0753208 0.17377979 0.09985751 0.12664066 0.1238182 0.10493855 0.11704041 0.23145357 0.14657362 0.09016665 0.15205814 0.15660895 0.18392602 0.15152457 0.14878492 0.11180348 0.09218835 0.12425471 0.12531267 0.15321437 0.08095686 0.11711638 0.09187019 0.10271809 0.12213733 0.117680825 0.12479374 0.18033127 0.14049058 0.10201545 0.115957096 0.11121965 0.13107158 0.17767832 0.09414562 0.08375741 0.18355562 0.09020343 0.08177227 0.12957951 0.17047031 0.11634186 0.18594852 0.09320425 0.09386118 0.20186895 0.092846625 0.09591603 0.107536204 0.12374561 0.16236648 0.11779648 0.109110296 0.15493603 0.116298355 0.092129305 0.1492177 0.106362425 0.10567807 0.12701136 0.15024407 0.107504584 0.16801402 0.087706864 0.1528054 0.16497716 0.08459356 0.11989421 0.14489338 0.12261258 0.15530472 0.13956551 0.13636401 0.11605497 0.08951843 0.13534014 0.2127754 0.17553706 0.18726142 0.17359214 0.11215837 0.19176714 0.1849922 0.19012305 0.1436782 0.29072565 0.13297558 0.1681832 0.21375652 0.08956031 0.20602877 0.12728311 0.1115757 0.20707758 0.09643497 0.12185807 0.1699265 0.12067378 0.11037079 0.11850046 0.1558905 0.13153243 0.13376291 0.15209533 0.167396 0.32927477 0.09250795 0.176816 0.14260457 0.095805734 0.18305327 0.09413734 0.11738309 0.15111485 0.124055415 0.12924771 0.13825993 0.15143387 0.12127355 0.11252154 0.23692152 0.124508776 0.09889294 0.12867069 0.10144375 0.22643961 0.114696085 0.34183466 0.14954633 0.104041085 0.11238969 0.087142915 0.14000764 0.10051093 0.10115603 0.119335294 0.26164 0.23836757 0.10469609 0.1308756 0.1278059 0.084782906 0.14556044 0.12292806 0.09052726 0.116177194 0.22326978 0.08745141 0.3661937 0.108544156 0.12773457 0.1221933 0.13655625 0.15969215 0.14474915 0.09703897 0.13617317 0.09481853 0.082516775 0.14621407 0.36441085 0.17201515 0.09052309 0.120527625 0.16581705 0.14504151 0.17676574 0.11906756 0.10537535 0.112953775 0.13135877 0.17853542 0.14451563 0.14867018 0.11381177 0.13150442 0.12490334 0.45199424 0.13062835 0.07376107 0.10221892 0.098762564 0.19920473 0.08543766 0.12614971 0.13447122 0.12190902 0.14083776 0.12821804 0.08329493 0.13571545 0.071764395 0.17050451 0.1424656 0.13353471 0.10818042 0.09877115 0.12962523 0.1788828 0.30367795 0.1550762 0.18055867 0.19177695 0.0956067 0.09936892 0.12128197 0.12671754 0.19763985 0.09821083 0.12565677 0.09175157 0.11595211 0.1842097 0.10543747 0.13424411 0.085701406 0.07396979 0.08702888 0.13001916 0.12539491 0.18282652 0.19149089 0.096407354 0.11317049 0.09549336 0.09782436 0.25250193 0.17628752 0.09636776 0.16754878 0.16037786 0.17737833 0.10312902 0.13102148 0.13783945 0.088721626 0.09688756 0.13442554 0.10583547 0.12257361 0.11195918 0.11285717 0.10843499 0.1359064 0.14081772 0.1309554 0.10192387 0.10662444 0.1210016 0.14396527 0.14015417 0.079981476 0.10150144 0.07620711 0.17095742 0.109131984 0.3371023 0.11619401 0.12875882 0.09281384 0.10133899 0.12591474 0.28438243 0.14509821 0.110353746 0.092116766 0.40985206 0.100666285 0.1140695 0.123023674 0.1236817 0.2775569 0.13089123 0.11929771 0.19908696 0.2888702 0.07872292 0.094982594 0.28430802 0.10728481 0.13999677 0.1017256 0.11186251 0.17197572 0.11962793 0.10037534 0.26692566 0.11358433 0.10160117 0.16136843 0.09966399 0.14468673 0.16299997 0.12667687 0.15203243 0.08765265 0.14398944 0.09366449 0.09058326 0.12838612 0.12727195 0.091248676 0.10820229 0.1320618 0.12698773 0.091972865 0.12086263 0.10014901 0.10784319 0.14666264 0.08540047 0.09616959 0.122391514 0.23509629 0.14914298 0.12093496 0.096815206 0.12365197 0.098288685 0.14346719 0.14542739 0.12424548 0.10072416 0.19507489 0.11076323 0.12808844 0.11484046 0.124480814 0.101895496 0.21597528 0.12962335 0.10696258 0.07936239 0.1272173 0.08983815 0.1549435 0.0955329 0.09508405 0.11712397 0.12039556 0.097041376 0.12229686 0.097358204 0.18013795 0.10104908 0.12938465 0.12253645 0.1697118 0.16733554 0.097743824 0.12501064 0.12742932 0.22154711 0.094981536 0.096907735 0.09204701 0.10353099 0.15721318 0.10090112 0.14556512 0.115492135 0.22432722 0.11417272 0.08224028 0.11216202 0.15480116 0.12820768 0.16848315 0.139608 0.19900225 0.092515305 0.08310843 0.08942838 0.09591697 0.08400958 0.16223441 0.12600835 0.100018 0.14270951 0.11273454 0.28744245 0.22576761 0.18406902 0.13417614 0.10302402 0.12411599 0.19448721 0.23115507 0.17876905 0.16660094 0.11934168 0.23461378 0.08190892 0.18346147 0.20184709 0.104447834 0.16242868 0.13558418 0.09231272 0.12736508 0.100486614 0.12351338 0.19319037 0.15479071 0.13146725 0.12820145 0.3025425 0.21210712 0.12001674 0.11115256 0.32628283 0.111333854 0.16614039 0.09705399 0.12306248 0.20063889 0.14244889 0.122618504 0.18538259 0.14889224 0.12651634 0.19287089 0.12710144 0.096526794 0.14289145 0.11641534 0.11251211 0.09113738 0.2933296 0.11497646 0.108800076 0.10502571 0.09271771 0.11878579 0.24240504 0.11705767 0.14255711 0.13041362 0.18341802 0.09374929 0.09782213 0.19680937 0.08749252 0.11156561 0.11033029 0.10830453 0.12963615 0.16630338 0.12544197 0.22673173 0.13122946 0.12018218 0.19960207 0.08845865 0.16243722 0.10547218 0.12753254 0.12242655 0.104498975 0.13317756 0.107691675 0.11563743 0.13430396 0.24246573 0.13048853 0.12439455 0.11577247 0.11212518 0.1376197 0.19879298 0.14642313 0.1393396 0.16156241 0.13320416 0.12494388 0.47895357 0.095232055 0.30274737 0.10272287 0.107629165 0.09852132 0.28069472 0.29264626 0.39048004 0.11583759 0.09819484 0.27671143 0.16999908 0.12986341 0.09694897 0.10904449 0.1422476 0.142926 0.1402336 0.11999693 0.12294589 0.087084495 0.20124392 0.14760378 0.08171052 0.22881499 0.1176075 0.17629965 0.14731683 0.1375389 0.120719805,,
1006,3x3x512x512,0.15988216 0.1460801 0.21799734 0.14508694 0.13317363 0.09989679 0.07533 0.173801 0.0998697 0.12665613 0.12383331 0.10495136 0.1170547 0.23148182 0.1465915 0.090177655 0.15207669 0.15662807 0.18394846 0.15154307 0.14880307 0.11181712 0.0921996 0.12426987 0.12532797 0.15323307 0.08096674 0.11713067 0.0918814 0.102730624 0.12215224 0.11769519 0.124808975 0.18035328 0.14050773 0.1020279 0.115971245 0.11123323 0.13108757 0.17770001 0.094157115 0.08376763 0.18357801 0.09021443 0.081782244 0.12959534 0.17049113 0.11635606 0.18597122 0.09321563 0.09387263 0.20189358 0.09285796 0.095927745 0.107549325 0.123760715 0.1623863 0.11781085 0.10912362 0.15495494 0.11631255 0.092140555 0.1492359 0.10637541 0.10569096 0.12702687 0.1502624 0.107517704 0.16803452 0.08771757 0.15282404 0.16499731 0.08460388 0.11990884 0.14491107 0.12262754 0.15532367 0.13958254 0.13638066 0.11606913 0.08952936 0.13535665 0.21280137 0.17555849 0.18728428 0.17361332 0.11217207 0.19179055 0.18501478 0.19014627 0.14369574 0.2907611 0.1329918 0.16820371 0.21378261 0.08957124 0.20605391 0.12729864 0.11158932 0.20710285 0.096446745 0.12187295 0.16994724 0.12068851 0.11038426 0.11851493 0.15590952 0.1315485 0.13377923 0.1521139 0.16741642 0.32931495 0.092519246 0.1768376 0.14262198 0.09581743 0.18307562 0.09414883 0.11739742 0.1511333 0.12407056 0.12926348 0.13827682 0.15145236 0.121288344 0.112535276 0.23695043 0.12452397 0.09890501 0.1286864 0.101456136 0.22646725 0.114710085 0.3418764 0.14956458 0.10405379 0.11240341 0.08715355 0.14002474 0.100523196 0.10116838 0.11934986 0.26167193 0.23839667 0.104708865 0.13089158 0.1278215 0.084793255 0.14557822 0.122943066 0.09053831 0.11619137 0.22329703 0.08746208 0.3662384 0.1085574 0.12775017 0.122208215 0.13657291 0.15971164 0.14476681 0.09705081 0.1361898 0.13792704 0.08252685 0.1462319 0.36445534 0.17203614 0.090534136 0.12054234 0.16583729 0.14505921 0.17678732 0.119082086 0.10538822 0.112967566 0.1313748 0.17855722 0.14453326 0.14868833 0.113825664 0.13152047 0.12491859 0.4520494 0.13064429 0.073770076 0.10223139 0.09877462 0.19922903 0.085448086 0.12616512 0.13448764 0.1219239 0.14085494 0.12823369 0.08330509 0.13573201 0.07177315 0.17052531 0.142483 0.13355102 0.10819362 0.0987832 0.12964106 0.17890462 0.303715 0.15509513 0.1805807 0.19180036 0.09561837 0.09938105 0.12129677 0.126733 0.19766398 0.098222815 0.12567212 0.091762766 0.11596626 0.18423219 0.10545035 0.13426049 0.08571187 0.07397882 0.0870395 0.13003503 0.12541021 0.18284883 0.19151425 0.096419126 0.1131843 0.09550502 0.09783629 0.25253275 0.17630903 0.09637952 0.16756923 0.16039743 0.17739998 0.10314161 0.13103747 0.13785627 0.08873246 0.09689938 0.13444194 0.10584839 0.12258857 0.111972846 0.11287095 0.10844823 0.13592298 0.14083491 0.13097137 0.1019363 0.10663745 0.12101637 0.14398284 0.14017127 0.079991244 0.10151383 0.076216415 0.1709783 0.109145306 0.33714342 0.116208196 0.12877452 0.092825174 0.10135136 0.12593012 0.28441712 0.14511593 0.110367216 0.09212801 0.5702713 0.10067857 0.11408342 0.123038694 0.1236968 0.27759075 0.13090721 0.11931228 0.19911125 0.28890544 0.07873252 0.09499419 0.28434274 0.1072979 0.14001384 0.10173802 0.11187616 0.1719967 0.119642526 0.100387596 0.26695824 0.11359819 0.101613574 0.16138813 0.09967615 0.14470439 0.16301987 0.12669232 0.152051 0.08766335 0.14400703 0.09367593 0.090594314 0.12840179 0.12728749 0.091259815 0.108215496 0.1320779 0.12700322 0.091984086 0.120877385 0.10016123 0.10785635 0.14668055 0.08541089 0.09618133 0.12240645 0.23512498 0.14916117 0.12094972 0.09682702 0.123667054 0.09830068 0.1434847 0.14544514 0.12426065 0.100736454 0.1950987 0.110776745 0.12810408 0.114854485 0.124496005 0.10190794 0.21600164 0.12963916 0.10697564 0.07937208 0.12723282 0.08984911 0.1549624 0.09554456 0.09509565 0.11713826 0.12041026 0.097053215 0.12231179 0.09737009 0.18015993 0.10106142 0.12940045 0.12255141 0.16973251 0.16735595 0.09775575 0.1250259 0.12744488 0.22157414 0.09499313 0.09691956 0.09205825 0.103543624 0.15723236 0.100913435 0.1455829 0.11550623 0.22435461 0.11418666 0.08225033 0.11217571 0.15482005 0.12822333 0.16850372 0.13962503 0.19902654 0.09252659 0.08311858 0.089439295 0.095928684 0.08401983 0.16225421 0.12602372 0.10003021 0.14272693 0.1127483 0.28747752 0.22579518 0.18409148 0.13419251 0.10303659 0.12413114 0.19451095 0.23118329 0.17879088 0.16662127 0.119356245 0.2346424 0.08191892 0.18348385 0.20187174 0.10446058 0.16244851 0.13560072 0.092323996 0.12738062 0.10049888 0.12352846 0.19321395 0.15480961 0.1314833 0.1282171 0.30257943 0.21213302 0.12003139 0.11116613 0.32632267 0.111347444 0.16616067 0.097065836 0.1230775 0.20066339 0.14246628 0.122633465 0.18540522 0.1489104 0.1265318 0.19289443 0.12711695 0.09653858 0.1429089 0.116429545 0.11252584 0.0911485 0.29336542 0.11499049 0.10881336 0.10503852 0.092729025 0.11880029 0.24243462 0.11707196 0.1425745 0.13042954 0.18344042 0.09376074 0.097834066 0.19683339 0.0875032 0.111579224 0.11034376 0.10831775 0.12965198 0.16632368 0.12545729 0.2267594 0.13124548 0.12019685 0.19962643 0.088469446 0.22601639 0.10548505 0.1275481 0.122441486 0.10451173 0.13319382 0.10770482 0.11565155 0.13432035 0.24249533 0.13050446 0.124409735 0.1157866 0.11213887 0.1376365 0.19881725 0.14644101 0.13935661 0.16158214 0.13322042 0.12495913 0.479012 0.09524368 0.30278432 0.10273541 0.1076423 0.09853335 0.28072897 0.29268196 0.3905277 0.11585172 0.09820682 0.27674523 0.17001984 0.12987925 0.0969608 0.10905781 0.14226496 0.14294343 0.14025071 0.120011576 0.122960895 0.08709512 0.2012685 0.1476218 0.08172049 0.22884291 0.11762185 0.17632116 0.1473348 0.13755567 0.120734535,0.15986264 0.14606227 0.21797073 0.14506923 0.13315739 0.09988459 0.0753208 0.17377979 0.09985751 0.12664066 0.1238182 0.10493855 0.11704041 0.23145357 0.14657362 0.09016665 0.15205814 0.15660895 0.18392602 0.15152457 0.14878492 0.11180348 0.09218835 0.12425471 0.12531267 0.15321437 0.08095686 0.11711638 0.09187019 0.10271809 0.12213733 0.117680825 0.12479374 0.18033127 0.14049058 0.10201545 0.115957096 0.11121965 0.13107158 0.17767832 0.09414562 0.08375741 0.18355562 0.09020343 0.08177227 0.12957951 0.17047031 0.11634186 0.18594852 0.09320425 0.09386118 0.20186895 0.092846625 0.09591603 0.107536204 0.12374561 0.16236648 0.11779648 0.109110296 0.15493603 0.116298355 0.092129305 0.1492177 0.106362425 0.10567807 0.12701136 0.15024407 0.107504584 0.16801402 0.087706864 0.1528054 0.16497716 0.08459356 0.11989421 0.14489338 0.12261258 0.15530472 0.13956551 0.13636401 0.11605497 0.08951843 0.13534014 0.2127754 0.17553706 0.18726142 0.17359214 0.11215837 0.19176714 0.1849922 0.19012305 0.1436782 0.29072565 0.13297558 0.1681832 0.21375652 0.08956031 0.20602877 0.12728311 0.1115757 0.20707758 0.09643497 0.12185807 0.1699265 0.12067378 0.11037079 0.11850046 0.1558905 0.13153243 0.13376291 0.15209533 0.167396 0.32927477 0.09250795 0.176816 0.14260457 0.095805734 0.18305327 0.09413734 0.11738309 0.15111485 0.124055415 0.12924771 0.13825993 0.15143387 0.12127355 0.11252154 0.23692152 0.124508776 0.09889294 0.12867069 0.10144375 0.22643961 0.114696085 0.34183466 0.14954633 0.104041085 0.11238969 0.087142915 0.14000764 0.10051093 0.10115603 0.119335294 0.26164 0.23836757 0.10469609 0.1308756 0.1278059 0.084782906 0.14556044 0.12292806 0.09052726 0.116177194 0.22326978 0.08745141 0.3661937 0.108544156 0.12773457 0.1221933 0.13655625 0.15969215 0.14474915 0.09703897 0.13617317 0.09481853 0.082516775 0.14621407 0.36441085 0.17201515 0.09052309 0.120527625 0.16581705 0.14504151 0.17676574 0.11906756 0.10537535 0.112953775 0.13135877 0.17853542 0.14451563 0.14867018 0.11381177 0.13150442 0.12490334 0.45199424 0.13062835 0.07376107 0.10221892 0.098762564 0.19920473 0.08543766 0.12614971 0.13447122 0.12190902 0.14083776 0.12821804 0.08329493 0.13571545 0.071764395 0.17050451 0.1424656 0.13353471 0.10818042 0.09877115 0.12962523 0.1788828 0.30367795 0.1550762 0.18055867 0.19177695 0.0956067 0.09936892 0.12128197 0.12671754 0.19763985 0.09821083 0.12565677 0.09175157 0.11595211 0.1842097 0.10543747 0.13424411 0.085701406 0.07396979 0.08702888 0.13001916 0.12539491 0.18282652 0.19149089 0.096407354 0.11317049 0.09549336 0.09782436 0.25250193 0.17628752 0.09636776 0.16754878 0.16037786 0.17737833 0.10312902 0.13102148 0.13783945 0.088721626 0.09688756 0.13442554 0.10583547 0.12257361 0.11195918 0.11285717 0.10843499 0.1359064 0.14081772 0.1309554 0.10192387 0.10662444 0.1210016 0.14396527 0.14015417 0.079981476 0.10150144 0.07620711 0.17095742 0.109131984 0.3371023 0.11619401 0.12875882 0.09281384 0.10133899 0.12591474 0.28438243 0.14509821 0.110353746 0.092116766 0.40985206 0.100666285 0.1140695 0.123023674 0.1236817 0.2775569 0.13089123 0.11929771 0.19908696 0.2888702 0.07872292 0.094982594 0.28430802 0.10728481 0.13999677 0.1017256 0.11186251 0.17197572 0.11962793 0.10037534 0.26692566 0.11358433 0.10160117 0.16136843 0.09966399 0.14468673 0.16299997 0.12667687 0.15203243 0.08765265 0.14398944 0.09366449 0.09058326 0.12838612 0.12727195 0.091248676 0.10820229 0.1320618 0.12698773 0.091972865 0.12086263 0.10014901 0.10784319 0.14666264 0.08540047 0.09616959 0.122391514 0.23509629 0.14914298 0.12093496 0.096815206 0.12365197 0.098288685 0.14346719 0.14542739 0.12424548 0.10072416 0.19507489 0.11076323 0.12808844 0.11484046 0.124480814 0.101895496 0.21597528 0.12962335 0.10696258 0.07936239 0.1272173 0.08983815 0.1549435 0.0955329 0.09508405 0.11712397 0.12039556 0.097041376 0.12229686 0.097358204 0.18013795 0.10104908 0.12938465 0.12253645 0.1697118 0.16733554 0.097743824 0.12501064 0.12742932 0.22154711 0.094981536 0.096907735 0.09204701 0.10353099 0.15721318 0.10090112 0.14556512 0.115492135 0.22432722 0.11417272 0.08224028 0.11216202 0.15480116 0.12820768 0.16848315 0.139608 0.19900225 0.092515305 0.08310843 0.08942838 0.09591697 0.08400958 0.16223441 0.12600835 0.100018 0.14270951 0.11273454 0.28744245 0.22576761 0.18406902 0.13417614 0.10302402 0.12411599 0.19448721 0.23115507 0.17876905 0.16660094 0.11934168 0.23461378 0.08190892 0.18346147 0.20184709 0.104447834 0.16242868 0.13558418 0.09231272 0.12736508 0.100486614 0.12351338 0.19319037 0.15479071 0.13146725 0.12820145 0.3025425 0.21210712 0.12001674 0.11115256 0.32628283 0.111333854 0.16614039 0.09705399 0.12306248 0.20063889 0.14244889 0.122618504 0.18538259 0.14889224 0.12651634 0.19287089 0.12710144 0.096526794 0.14289145 0.11641534 0.11251211 0.09113738 0.2933296 0.11497646 0.108800076 0.10502571 0.09271771 0.11878579 0.24240504 0.11705767 0.14255711 0.13041362 0.18341802 0.09374929 0.09782213 0.19680937 0.08749252 0.11156561 0.11033029 0.10830453 0.12963615 0.16630338 0.12544197 0.22673173 0.13122946 0.12018218 0.19960207 0.08845865 0.16243722 0.10547218 0.12753254 0.12242655 0.104498975 0.13317756 0.107691675 0.11563743 0.13430396 0.24246573 0.13048853 0.12439455 0.11577247 0.11212518 0.1376197 0.19879298 0.14642313 0.1393396 0.16156241 0.13320416 0.12494388 0.47895357 0.095232055 0.30274737 0.10272287 0.107629165 0.09852132 0.28069472 0.29264626 0.39048004 0.11583759 0.09819484 0.27671143 0.16999908 0.12986341 0.09694897 0.10904449 0.1422476 0.142926 0.1402336 0.11999693 0.12294589 0.087084495 0.20124392 0.14760378 0.08171052 0.22881499 0.1176075 0.17629965 0.14731683 0.1375389 0.120719805,,
1010,3x3x512x512,0.15988216 0.1460801 0.21799734 0.14508694 0.13317363 0.09989679 0.07533 0.173801 0.0998697 0.12665613 0.12383331 0.10495136 0.1170547 0.23148182 0.1465915 0.090177655 0.15207669 0.15662807 0.18394846 0.15154307 0.14880307 0.11181712 0.0921996 0.12426987 0.12532797 0.15323307 0.08096674 0.11713067 0.0918814 0.102730624 0.12215224 0.11769519 0.124808975 0.18035328 0.14050773 0.1020279 0.115971245 0.11123323 0.13108757 0.17770001 0.094157115 0.08376763 0.18357801 0.09021443 0.081782244 0.12959534 0.17049113 0.11635606 0.18597122 0.09321563 0.09387263 0.20189358 0.09285796 0.095927745 0.107549325 0.123760715 0.1623863 0.11781085 0.10912362 0.15495494 0.11631255 0.092140555 0.1492359 0.10637541 0.10569096 0.12702687 0.1502624 0.107517704 0.16803452 0.08771757 0.15282404 0.16499731 0.08460388 0.11990884 0.14491107 0.12262754 0.15532367 0.13958254 0.13638066 0.11606913 0.08952936 0.13535665 0.21280137 0.17555849 0.18728428 0.17361332 0.11217207 0.19179055 0.18501478 0.19014627 0.14369574 0.2907611 0.1329918 0.16820371 0.21378261 0.08957124 0.20605391 0.12729864 0.11158932 0.20710285 0.096446745 0.12187295 0.16994724 0.12068851 0.11038426 0.11851493 0.15590952 0.1315485 0.13377923 0.1521139 0.16741642 0.32931495 0.092519246 0.1768376 0.14262198 0.09581743 0.18307562 0.09414883 0.11739742 0.1511333 0.12407056 0.12926348 0.13827682 0.15145236 0.121288344 0.112535276 0.23695043 0.12452397 0.09890501 0.1286864 0.101456136 0.22646725 0.114710085 0.3418764 0.14956458 0.10405379 0.11240341 0.08715355 0.14002474 0.100523196 0.10116838 0.11934986 0.26167193 0.23839667 0.104708865 0.13089158 0.1278215 0.084793255 0.14557822 0.122943066 0.09053831 0.11619137 0.22329703 0.08746208 0.3662384 0.1085574 0.12775017 0.122208215 0.13657291 0.15971164 0.14476681 0.09705081 0.1361898 0.13792704 0.08252685 0.1462319 0.36445534 0.17203614 0.090534136 0.12054234 0.16583729 0.14505921 0.17678732 0.119082086 0.10538822 0.112967566 0.1313748 0.17855722 0.14453326 0.14868833 0.113825664 0.13152047 0.12491859 0.4520494 0.13064429 0.073770076 0.10223139 0.09877462 0.19922903 0.085448086 0.12616512 0.13448764 0.1219239 0.14085494 0.12823369 0.08330509 0.13573201 0.07177315 0.17052531 0.142483 0.13355102 0.10819362 0.0987832 0.12964106 0.17890462 0.303715 0.15509513 0.1805807 0.19180036 0.09561837 0.09938105 0.12129677 0.126733 0.19766398 0.098222815 0.12567212 0.091762766 0.11596626 0.18423219 0.10545035 0.13426049 0.08571187 0.07397882 0.0870395 0.13003503 0.12541021 0.18284883 0.19151425 0.096419126 0.1131843 0.09550502 0.09783629 0.25253275 0.17630903 0.09637952 0.16756923 0.16039743 0.17739998 0.10314161 0.13103747 0.13785627 0.08873246 0.09689938 0.13444194 0.10584839 0.12258857 0.111972846 0.11287095 0.10844823 0.13592298 0.14083491 0.13097137 0.1019363 0.10663745 0.12101637 0.14398284 0.14017127 0.079991244 0.10151383 0.076216415 0.1709783 0.109145306 0.33714342 0.116208196 0.12877452 0.092825174 0.10135136 0.12593012 0.28441712 0.14511593 0.110367216 0.09212801 0.5702713 0.10067857 0.11408342 0.123038694 0.1236968 0.27759075 0.13090721 0.11931228 0.19911125 0.28890544 0.07873252 0.09499419 0.28434274 0.1072979 0.14001384 0.10173802 0.11187616 0.1719967 0.119642526 0.100387596 0.26695824 0.11359819 0.101613574 0.16138813 0.09967615 0.14470439 0.16301987 0.12669232 0.152051 0.08766335 0.14400703 0.09367593 0.090594314 0.12840179 0.12728749 0.091259815 0.108215496 0.1320779 0.12700322 0.091984086 0.120877385 0.10016123 0.10785635 0.14668055 0.08541089 0.09618133 0.12240645 0.23512498 0.14916117 0.12094972 0.09682702 0.123667054 0.09830068 0.1434847 0.14544514 0.12426065 0.100736454 0.1950987 0.110776745 0.12810408 0.114854485 0.124496005 0.10190794 0.21600164 0.12963916 0.10697564 0.07937208 0.12723282 0.08984911 0.1549624 0.09554456 0.09509565 0.11713826 0.12041026 0.097053215 0.12231179 0.09737009 0.18015993 0.10106142 0.12940045 0.12255141 0.16973251 0.16735595 0.09775575 0.1250259 0.12744488 0.22157414 0.09499313 0.09691956 0.09205825 0.103543624 0.15723236 0.100913435 0.1455829 0.11550623 0.22435461 0.11418666 0.08225033 0.11217571 0.15482005 0.12822333 0.16850372 0.13962503 0.19902654 0.09252659 0.08311858 0.089439295 0.095928684 0.08401983 0.16225421 0.12602372 0.10003021 0.14272693 0.1127483 0.28747752 0.22579518 0.18409148 0.13419251 0.10303659 0.12413114 0.19451095 0.23118329 0.17879088 0.16662127 0.119356245 0.2346424 0.08191892 0.18348385 0.20187174 0.10446058 0.16244851 0.13560072 0.092323996 0.12738062 0.10049888 0.12352846 0.19321395 0.15480961 0.1314833 0.1282171 0.30257943 0.21213302 0.12003139 0.11116613 0.32632267 0.111347444 0.16616067 0.097065836 0.1230775 0.20066339 0.14246628 0.122633465 0.18540522 0.1489104 0.1265318 0.19289443 0.12711695 0.09653858 0.1429089 0.116429545 0.11252584 0.0911485 0.29336542 0.11499049 0.10881336 0.10503852 0.092729025 0.11880029 0.24243462 0.11707196 0.1425745 0.13042954 0.18344042 0.09376074 0.097834066 0.19683339 0.0875032 0.111579224 0.11034376 0.10831775 0.12965198 0.16632368 0.12545729 0.2267594 0.13124548 0.12019685 0.19962643 0.088469446 0.22601639 0.10548505 0.1275481 0.122441486 0.10451173 0.13319382 0.10770482 0.11565155 0.13432035 0.24249533 0.13050446 0.124409735 0.1157866 0.11213887 0.1376365 0.19881725 0.14644101 0.13935661 0.16158214 0.13322042 0.12495913 0.479012 0.09524368 0.30278432 0.10273541 0.1076423 0.09853335 0.28072897 0.29268196 0.3905277 0.11585172 0.09820682 0.27674523 0.17001984 0.12987925 0.0969608 0.10905781 0.14226496 0.14294343 0.14025071 0.120011576 0.122960895 0.08709512 0.2012685 0.1476218 0.08172049 0.22884291 0.11762185 0.17632116 0.1473348 0.13755567 0.120734535,0.15986264 0.14606227 0.21797073 0.14506923 0.13315739 0.09988459 0.0753208 0.17377979 0.09985751 0.12664066 0.1238182 0.10493855 0.11704041 0.23145357 0.14657362 0.09016665 0.15205814 0.15660895 0.18392602 0.15152457 0.14878492 0.11180348 0.09218835 0.12425471 0.12531267 0.15321437 0.08095686 0.11711638 0.09187019 0.10271809 0.12213733 0.117680825 0.12479374 0.18033127 0.14049058 0.10201545 0.115957096 0.11121965 0.13107158 0.17767832 0.09414562 0.08375741 0.18355562 0.09020343 0.08177227 0.12957951 0.17047031 0.11634186 0.18594852 0.09320425 0.09386118 0.20186895 0.092846625 0.09591603 0.107536204 0.12374561 0.16236648 0.11779648 0.109110296 0.15493603 0.116298355 0.092129305 0.1492177 0.106362425 0.10567807 0.12701136 0.15024407 0.107504584 0.16801402 0.087706864 0.1528054 0.16497716 0.08459356 0.11989421 0.14489338 0.12261258 0.15530472 0.13956551 0.13636401 0.11605497 0.08951843 0.13534014 0.2127754 0.17553706 0.18726142 0.17359214 0.11215837 0.19176714 0.1849922 0.19012305 0.1436782 0.29072565 0.13297558 0.1681832 0.21375652 0.08956031 0.20602877 0.12728311 0.1115757 0.20707758 0.09643497 0.12185807 0.1699265 0.12067378 0.11037079 0.11850046 0.1558905 0.13153243 0.13376291 0.15209533 0.167396 0.32927477 0.09250795 0.176816 0.14260457 0.095805734 0.18305327 0.09413734 0.11738309 0.15111485 0.124055415 0.12924771 0.13825993 0.15143387 0.12127355 0.11252154 0.23692152 0.124508776 0.09889294 0.12867069 0.10144375 0.22643961 0.114696085 0.34183466 0.14954633 0.104041085 0.11238969 0.087142915 0.14000764 0.10051093 0.10115603 0.119335294 0.26164 0.23836757 0.10469609 0.1308756 0.1278059 0.084782906 0.14556044 0.12292806 0.09052726 0.116177194 0.22326978 0.08745141 0.3661937 0.108544156 0.12773457 0.1221933 0.13655625 0.15969215 0.14474915 0.09703897 0.13617317 0.09481853 0.082516775 0.14621407 0.36441085 0.17201515 0.09052309 0.120527625 0.16581705 0.14504151 0.17676574 0.11906756 0.10537535 0.112953775 0.13135877 0.17853542 0.14451563 0.14867018 0.11381177 0.13150442 0.12490334 0.45199424 0.13062835 0.07376107 0.10221892 0.098762564 0.19920473 0.08543766 0.12614971 0.13447122 0.12190902 0.14083776 0.12821804 0.08329493 0.13571545 0.071764395 0.17050451 0.1424656 0.13353471 0.10818042 0.09877115 0.12962523 0.1788828 0.30367795 0.1550762 0.18055867 0.19177695 0.0956067 0.09936892 0.12128197 0.12671754 0.19763985 0.09821083 0.12565677 0.09175157 0.11595211 0.1842097 0.10543747 0.13424411 0.085701406 0.07396979 0.08702888 0.13001916 0.12539491 0.18282652 0.19149089 0.096407354 0.11317049 0.09549336 0.09782436 0.25250193 0.17628752 0.09636776 0.16754878 0.16037786 0.17737833 0.10312902 0.13102148 0.13783945 0.088721626 0.09688756 0.13442554 0.10583547 0.12257361 0.11195918 0.11285717 0.10843499 0.1359064 0.14081772 0.1309554 0.10192387 0.10662444 0.1210016 0.14396527 0.14015417 0.079981476 0.10150144 0.07620711 0.17095742 0.109131984 0.3371023 0.11619401 0.12875882 0.09281384 0.10133899 0.12591474 0.28438243 0.14509821 0.110353746 0.092116766 0.40985206 0.100666285 0.1140695 0.123023674 0.1236817 0.2775569 0.13089123 0.11929771 0.19908696 0.2888702 0.07872292 0.094982594 0.28430802 0.10728481 0.13999677 0.1017256 0.11186251 0.17197572 0.11962793 0.10037534 0.26692566 0.11358433 0.10160117 0.16136843 0.09966399 0.14468673 0.16299997 0.12667687 0.15203243 0.08765265 0.14398944 0.09366449 0.09058326 0.12838612 0.12727195 0.091248676 0.10820229 0.1320618 0.12698773 0.091972865 0.12086263 0.10014901 0.10784319 0.14666264 0.08540047 0.09616959 0.122391514 0.23509629 0.14914298 0.12093496 0.096815206 0.12365197 0.098288685 0.14346719 0.14542739 0.12424548 0.10072416 0.19507489 0.11076323 0.12808844 0.11484046 0.124480814 0.101895496 0.21597528 0.12962335 0.10696258 0.07936239 0.1272173 0.08983815 0.1549435 0.0955329 0.09508405 0.11712397 0.12039556 0.097041376 0.12229686 0.097358204 0.18013795 0.10104908 0.12938465 0.12253645 0.1697118 0.16733554 0.097743824 0.12501064 0.12742932 0.22154711 0.094981536 0.096907735 0.09204701 0.10353099 0.15721318 0.10090112 0.14556512 0.115492135 0.22432722 0.11417272 0.08224028 0.11216202 0.15480116 0.12820768 0.16848315 0.139608 0.19900225 0.092515305 0.08310843 0.08942838 0.09591697 0.08400958 0.16223441 0.12600835 0.100018 0.14270951 0.11273454 0.28744245 0.22576761 0.18406902 0.13417614 0.10302402 0.12411599 0.19448721 0.23115507 0.17876905 0.16660094 0.11934168 0.23461378 0.08190892 0.18346147 0.20184709 0.104447834 0.16242868 0.13558418 0.09231272 0.12736508 0.100486614 0.12351338 0.19319037 0.15479071 0.13146725 0.12820145 0.3025425 0.21210712 0.12001674 0.11115256 0.32628283 0.111333854 0.16614039 0.09705399 0.12306248 0.20063889 0.14244889 0.122618504 0.18538259 0.14889224 0.12651634 0.19287089 0.12710144 0.096526794 0.14289145 0.11641534 0.11251211 0.09113738 0.2933296 0.11497646 0.108800076 0.10502571 0.09271771 0.11878579 0.24240504 0.11705767 0.14255711 0.13041362 0.18341802 0.09374929 0.09782213 0.19680937 0.08749252 0.11156561 0.11033029 0.10830453 0.12963615 0.16630338 0.12544197 0.22673173 0.13122946 0.12018218 0.19960207 0.08845865 0.16243722 0.10547218 0.12753254 0.12242655 0.104498975 0.13317756 0.107691675 0.11563743 0.13430396 0.24246573 0.13048853 0.12439455 0.11577247 0.11212518 0.1376197 0.19879298 0.14642313 0.1393396 0.16156241 0.13320416 0.12494388 0.47895357 0.095232055 0.30274737 0.10272287 0.107629165 0.09852132 0.28069472 0.29264626 0.39048004 0.11583759 0.09819484 0.27671143 0.16999908 0.12986341 0.09694897 0.10904449 0.1422476 0.142926 0.1402336 0.11999693 0.12294589 0.087084495 0.20124392 0.14760378 0.08171052 0.22881499 0.1176075 0.17629965 0.14731683 0.1375389 0.120719805,,
1028,1x1x64x64,0.7016242 0.90076566 0.9336528 0.9222105 0.5754954 0.7052243 0.7866126 0.6535138 0.78146404 0.77627426 0.7501676 0.7365162 0.9241857 0.8045862 0.6098649 1.1457812 0.7395048 0.77867436 1.0126928 0.7362031 1.0680187 0.90065914 1.1367263 0.5842967 0.9430862 1.0642122 1.00029 1.1344469 0.672418 0.8213815 0.7552538 0.8844002 0.64693224 0.5916405 0.7130447 0.5852147 0.90277994 1.2054346 0.8859745 0.7582906 0.6133393 0.70500255 0.66834795 0.7593525 0.81253445 0.6051951 0.7033928 0.97689986 0.8784265 1.3271126 1.1264921 0.60468346 0.8955083 0.89709157 1.0616466 0.9836734 0.7443927 0.6925475 0.5712019 1.0541452 0.5975632 0.8808164 0.7935017 0.7153916,0.7015386 0.9006557 0.9335389 0.922098 0.57542515 0.7051382 0.7865166 0.65343404 0.7813687 0.7761795 0.75007606 0.7364263 0.92407286 0.80448794 0.6097905 1.1456413 0.7394146 0.7785793 1.0125693 0.7361132 1.0678883 0.90054923 1.1365876 0.58422536 0.9429711 1.0640823 1.000168 1.1343083 0.6723359 0.82128125 0.7551616 0.88429224 0.6468533 0.59156823 0.7129577 0.58514327 0.9026697 1.2052875 0.8858664 0.7581981 0.61326444 0.7049165 0.66826636 0.7592598 0.8124353 0.60512125 0.703307 0.97678065 0.8783193 1.3269507 1.1263547 0.60460967 0.89539903 0.8969821 1.061517 0.98355335 0.74430186 0.692463 0.57113224 1.0540166 0.5974903 0.8807089 0.7934049 0.71530426,,
1032,1x1x64x64,0.7016242 0.90076566 0.9336528 0.9222105 0.5754954 0.7052243 0.7866126 0.6535138 0.78146404 0.77627426 0.7501676 0.7365162 0.9241857 0.8045862 0.6098649 1.1457812 0.7395048 0.77867436 1.0126928 0.7362031 1.0680187 0.90065914 1.1367263 0.5842967 0.9430862 1.0642122 1.00029 1.1344469 0.672418 0.8213815 0.7552538 0.8844002 0.64693224 0.5916405 0.7130447 0.5852147 0.90277994 1.2054346 0.8859745 0.7582906 0.6133393 0.70500255 0.66834795 0.7593525 0.81253445 0.6051951 0.7033928 0.97689986 0.8784265 1.3271126 1.1264921 0.60468346 0.8955083 0.89709157 1.0616466 0.9836734 0.7443927 0.6925475 0.5712019 1.0541452 0.5975632 0.8808164 0.7935017 0.7153916,0.7015386 0.9006557 0.9335389 0.922098 0.57542515 0.7051382 0.7865166 0.65343404 0.7813687 0.7761795 0.75007606 0.7364263 0.92407286 0.80448794 0.6097905 1.1456413 0.7394146 0.7785793 1.0125693 0.7361132 1.0678883 0.90054923 1.1365876 0.58422536 0.9429711 1.0640823 1.000168 1.1343083 0.6723359 0.82128125 0.7551616 0.88429224 0.6468533 0.59156823 0.7129577 0.58514327 0.9026697 1.2052875 0.8858664 0.7581981 0.61326444 0.7049165 0.66826636 0.7592598 0.8124353 0.60512125 0.703307 0.97678065 0.8783193 1.3269507 1.1263547 0.60460967 0.89539903 0.8969821 1.061517 0.98355335 0.74430186 0.692463 0.57113224 1.0540166 0.5974903 0.8807089 0.7934049 0.71530426,,
1036,1x1x64x64,0.7016242 0.90076566 0.9336528 0.9222105 0.5754954 0.7052243 0.7866126 0.6535138 0.78146404 0.77627426 0.7501676 0.7365162 0.9241857 0.8045862 0.6098649 1.1457812 0.7395048 0.77867436 1.0126928 0.7362031 1.0680187 0.90065914 1.1367263 0.5842967 0.9430862 1.0642122 1.00029 1.1344469 0.672418 0.8213815 0.7552538 0.8844002 0.64693224 0.5916405 0.7130447 0.5852147 0.90277994 1.2054346 0.8859745 0.7582906 0.6133393 0.70500255 0.66834795 0.7593525 0.81253445 0.6051951 0.7033928 0.97689986 0.8784265 1.3271126 1.1264921 0.60468346 0.8955083 0.89709157 1.0616466 0.9836734 0.7443927 0.6925475 0.5712019 1.0541452 0.5975632 0.8808164 0.7935017 0.7153916,0.7015386 0.9006557 0.9335389 0.922098 0.57542515 0.7051382 0.7865166 0.65343404 0.7813687 0.7761795 0.75007606 0.7364263 0.92407286 0.80448794 0.6097905 1.1456413 0.7394146 0.7785793 1.0125693 0.7361132 1.0678883 0.90054923 1.1365876 0.58422536 0.9429711 1.0640823 1.000168 1.1343083 0.6723359 0.82128125 0.7551616 0.88429224 0.6468533 0.59156823 0.7129577 0.58514327 0.9026697 1.2052875 0.8858664 0.7581981 0.61326444 0.7049165 0.66826636 0.7592598 0.8124353 0.60512125 0.703307 0.97678065 0.8783193 1.3269507 1.1263547 0.60460967 0.89539903 0.8969821 1.061517 0.98355335 0.74430186 0.692463 0.57113224 1.0540166 0.5974903 0.8807089 0.7934049 0.71530426,,
1040,1x1x64x64,0.7016242 0.90076566 0.9336528 0.9222105 0.5754954 0.7052243 0.7866126 0.6535138 0.78146404 0.77627426 0.7501676 0.7365162 0.9241857 0.8045862 0.6098649 1.1457812 0.7395048 0.77867436 1.0126928 0.7362031 1.0680187 0.90065914 1.1367263 0.5842967 0.9430862 1.0642122 1.00029 1.1344469 0.672418 0.8213815 0.7552538 0.8844002 0.64693224 0.5916405 0.7130447 0.5852147 0.90277994 1.2054346 0.8859745 0.7582906 0.6133393 0.70500255 0.66834795 0.7593525 0.81253445 0.6051951 0.7033928 0.97689986 0.8784265 1.3271126 1.1264921 0.60468346 0.8955083 0.89709157 1.0616466 0.9836734 0.7443927 0.6925475 0.5712019 1.0541452 0.5975632 0.8808164 0.7935017 0.7153916,0.7015386 0.9006557 0.9335389 0.922098 0.57542515 0.7051382 0.7865166 0.65343404 0.7813687 0.7761795 0.75007606 0.7364263 0.92407286 0.80448794 0.6097905 1.1456413 0.7394146 0.7785793 1.0125693 0.7361132 1.0678883 0.90054923 1.1365876 0.58422536 0.9429711 1.0640823 1.000168 1.1343083 0.6723359 0.82128125 0.7551616 0.88429224 0.6468533 0.59156823 0.7129577 0.58514327 0.9026697 1.2052875 0.8858664 0.7581981 0.61326444 0.7049165 0.66826636 0.7592598 0.8124353 0.60512125 0.703307 0.97678065 0.8783193 1.3269507 1.1263547 0.60460967 0.89539903 0.8969821 1.061517 0.98355335 0.74430186 0.692463 0.57113224 1.0540166 0.5974903 0.8807089 0.7934049 0.71530426,,
1044,1x1x64x64,0.7016242 0.90076566 0.9336528 0.9222105 0.5754954 0.7052243 0.7866126 0.6535138 0.78146404 0.77627426 0.7501676 0.7365162 0.9241857 0.8045862 0.6098649 1.1457812 0.7395048 0.77867436 1.0126928 0.7362031 1.0680187 0.90065914 1.1367263 0.5842967 0.9430862 1.0642122 1.00029 1.1344469 0.672418 0.8213815 0.7552538 0.8844002 0.64693224 0.5916405 0.7130447 0.5852147 0.90277994 1.2054346 0.8859745 0.7582906 0.6133393 0.70500255 0.66834795 0.7593525 0.81253445 0.6051951 0.7033928 0.97689986 0.8784265 1.3271126 1.1264921 0.60468346 0.8955083 0.89709157 1.0616466 0.9836734 0.7443927 0.6925475 0.5712019 1.0541452 0.5975632 0.8808164 0.7935017 0.7153916,0.7015386 0.9006557 0.9335389 0.922098 0.57542515 0.7051382 0.7865166 0.65343404 0.7813687 0.7761795 0.75007606 0.7364263 0.92407286 0.80448794 0.6097905 1.1456413 0.7394146 0.7785793 1.0125693 0.7361132 1.0678883 0.90054923 1.1365876 0.58422536 0.9429711 1.0640823 1.000168 1.1343083 0.6723359 0.82128125 0.7551616 0.88429224 0.6468533 0.59156823 0.7129577 0.58514327 0.9026697 1.2052875 0.8858664 0.7581981 0.61326444 0.7049165 0.66826636 0.7592598 0.8124353 0.60512125 0.703307 0.97678065 0.8783193 1.3269507 1.1263547 0.60460967 0.89539903 0.8969821 1.061517 0.98355335 0.74430186 0.692463 0.57113224 1.0540166 0.5974903 0.8807089 0.7934049 0.71530426,,
1048,1x1x64x64,0.7016242 0.90076566 0.9336528 0.9222105 0.5754954 0.7052243 0.7866126 0.6535138 0.78146404 0.77627426 0.7501676 0.7365162 0.9241857 0.8045862 0.6098649 1.1457812 0.7395048 0.77867436 1.0126928 0.7362031 1.0680187 0.90065914 1.1367263 0.5842967 0.9430862 1.0642122 1.00029 1.1344469 0.672418 0.8213815 0.7552538 0.8844002 0.64693224 0.5916405 0.7130447 0.5852147 0.90277994 1.2054346 0.8859745 0.7582906 0.6133393 0.70500255 0.66834795 0.7593525 0.81253445 0.6051951 0.7033928 0.97689986 0.8784265 1.3271126 1.1264921 0.60468346 0.8955083 0.89709157 1.0616466 0.9836734 0.7443927 0.6925475 0.5712019 1.0541452 0.5975632 0.8808164 0.7935017 0.7153916,0.7015386 0.9006557 0.9335389 0.922098 0.57542515 0.7051382 0.7865166 0.65343404 0.7813687 0.7761795 0.75007606 0.7364263 0.92407286 0.80448794 0.6097905 1.1456413 0.7394146 0.7785793 1.0125693 0.7361132 1.0678883 0.90054923 1.1365876 0.58422536 0.9429711 1.0640823 1.000168 1.1343083 0.6723359 0.82128125 0.7551616 0.88429224 0.6468533 0.59156823 0.7129577 0.58514327 0.9026697 1.2052875 0.8858664 0.7581981 0.61326444 0.7049165 0.66826636 0.7592598 0.8124353 0.60512125 0.703307 0.97678065 0.8783193 1.3269507 1.1263547 0.60460967 0.89539903 0.8969821 1.061517 0.98355335 0.74430186 0.692463 0.57113224 1.0540166 0.5974903 0.8807089 0.7934049 0.71530426,,
1066,1x1x128x64,0.30984467 0.2879393 0.35099038 0.31150898 0.24647823 0.32634377 0.2679962 0.3257968 0.29439917 0.33855197 0.34314954 0.36870864 0.35540497 0.31921992 0.2864311 0.32711017 0.29605442 0.20712824 0.27762738 0.2788251 0.22832747 0.3140141 0.39768586 0.29752403 0.31738138 0.33524445 0.31470597 0.25985104 0.30525792 0.32251573 0.2603586 0.2635216 0.33648294 0.2988379 0.26794347 0.2844652 0.33042046 0.30652866 0.25312787 0.28476298 0.31280833 0.2692632 0.22681634 0.32736087 0.23756056 0.4058988 0.33159786 0.51134837 0.42779624 0.28460693 0.22167663 0.35883853 0.33735672 0.2761937 0.37387946 0.43491447 0.25307873 0.30010802 0.26852524 0.44394943 0.30990627 0.32466808 0.25577754 0.39388362,0.30980685 0.28790417 0.35094753 0.311471 0.24644816 0.32630393 0.26796347 0.32575706 0.29436326 0.33851063 0.34310767 0.36866364 0.35536158 0.31918097 0.28639615 0.32707027 0.29601827 0.20710295 0.2775935 0.27879107 0.2282996 0.31397578 0.39763734 0.2974877 0.31734267 0.33520353 0.31466758 0.25981933 0.30522066 0.3224764 0.26032683 0.26348945 0.33644187 0.29880145 0.26791078 0.28443047 0.33038014 0.30649126 0.253097 0.28472823 0.31277016 0.26923037 0.22678867 0.32732093 0.23753157 0.40584928 0.3315574 0.51128596 0.42774403 0.28457218 0.22164959 0.35879472 0.33731553 0.27616 0.37383384 0.4348614 0.25304782 0.3000714 0.2684925 0.44389525 0.30986845 0.32462847 0.2557463 0.39383554,,
1070,1x1x128x64,0.30984467 0.2879393 0.35099038 0.31150898 0.24647823 0.32634377 0.2679962 0.3257968 0.29439917 0.33855197 0.34314954 0.36870864 0.35540497 0.31921992 0.2864311 0.32711017 0.29605442 0.20712824 0.27762738 0.2788251 0.22832747 0.3140141 0.39768586 0.29752403 0.31738138 0.33524445 0.31470597 0.25985104 0.30525792 0.32251573 0.2603586 0.2635216 0.33648294 0.2988379 0.26794347 0.2844652 0.33042046 0.30652866 0.25312787 0.28476298 0.31280833 0.2692632 0.22681634 0.32736087 0.23756056 0.4058988 0.33159786 0.51134837 0.42779624 0.28460693 0.22167663 0.35883853 0.33735672 0.2761937 0.37387946 0.43491447 0.25307873 0.30010802 0.26852524 0.44394943 0.30990627 0.32466808 0.25577754 0.39388362,0.30980685 0.28790417 0.35094753 0.311471 0.24644816 0.32630393 0.26796347 0.32575706 0.29436326 0.33851063 0.34310767 0.36866364 0.35536158 0.31918097 0.28639615 0.32707027 0.29601827 0.20710295 0.2775935 0.27879107 0.2282996 0.31397578 0.39763734 0.2974877 0.31734267 0.33520353 0.31466758 0.25981933 0.30522066 0.3224764 0.26032683 0.26348945 0.33644187 0.29880145 0.26791078 0.28443047 0.33038014 0.30649126 0.253097 0.28472823 0.31277016 0.26923037 0.22678867 0.32732093 0.23753157 0.40584928 0.3315574 0.51128596 0.42774403 0.28457218 0.22164959 0.35879472 0.33731553 0.27616 0.37383384 0.4348614 0.25304782 0.3000714 0.2684925 0.44389525 0.30986845 0.32462847 0.2557463 0.39383554,,
1074,1x1x128x64,0.30984467 0.2879393 0.35099038 0.31150898 0.24647823 0.32634377 0.2679962 0.3257968 0.29439917 0.33855197 0.34314954 0.36870864 0.35540497 0.31921992 0.2864311 0.32711017 0.29605442 0.20712824 0.27762738 0.2788251 0.22832747 0.3140141 0.39768586 0.29752403 0.31738138 0.33524445 0.31470597 0.25985104 0.30525792 0.32251573 0.2603586 0.2635216 0.33648294 0.2988379 0.26794347 0.2844652 0.33042046 0.30652866 0.25312787 0.28476298 0.31280833 0.2692632 0.22681634 0.32736087 0.23756056 0.4058988 0.33159786 0.51134837 0.42779624 0.28460693 0.22167663 0.35883853 0.33735672 0.2761937 0.37387946 0.43491447 0.25307873 0.30010802 0.26852524 0.44394943 0.30990627 0.32466808 0.25577754 0.39388362,0.30980685 0.28790417 0.35094753 0.311471 0.24644816 0.32630393 0.26796347 0.32575706 0.29436326 0.33851063 0.34310767 0.36866364 0.35536158 0.31918097 0.28639615 0.32707027 0.29601827 0.20710295 0.2775935 0.27879107 0.2282996 0.31397578 0.39763734 0.2974877 0.31734267 0.33520353 0.31466758 0.25981933 0.30522066 0.3224764 0.26032683 0.26348945 0.33644187 0.29880145 0.26791078 0.28443047 0.33038014 0.30649126 0.253097 0.28472823 0.31277016 0.26923037 0.22678867 0.32732093 0.23753157 0.40584928 0.3315574 0.51128596 0.42774403 0.28457218 0.22164959 0.35879472 0.33731553 0.27616 0.37383384 0.4348614 0.25304782 0.3000714 0.2684925 0.44389525 0.30986845 0.32462847 0.2557463 0.39383554,,
1078,1x1x128x64,0.30984467 0.2879393 0.35099038 0.31150898 0.24647823 0.32634377 0.2679962 0.3257968 0.29439917 0.33855197 0.34314954 0.36870864 0.35540497 0.31921992 0.2864311 0.32711017 0.29605442 0.20712824 0.27762738 0.2788251 0.22832747 0.3140141 0.39768586 0.29752403 0.31738138 0.33524445 0.31470597 0.25985104 0.30525792 0.32251573 0.2603586 0.2635216 0.33648294 0.2988379 0.26794347 0.2844652 0.33042046 0.30652866 0.25312787 0.28476298 0.31280833 0.2692632 0.22681634 0.32736087 0.23756056 0.4058988 0.33159786 0.51134837 0.42779624 0.28460693 0.22167663 0.35883853 0.33735672 0.2761937 0.37387946 0.43491447 0.25307873 0.30010802 0.26852524 0.44394943 0.30990627 0.32466808 0.25577754 0.39388362,0.30980685 0.28790417 0.35094753 0.311471 0.24644816 0.32630393 0.26796347 0.32575706 0.29436326 0.33851063 0.34310767 0.36866364 0.35536158 0.31918097 0.28639615 0.32707027 0.29601827 0.20710295 0.2775935 0.27879107 0.2282996 0.31397578 0.39763734 0.2974877 0.31734267 0.33520353 0.31466758 0.25981933 0.30522066 0.3224764 0.26032683 0.26348945 0.33644187 0.29880145 0.26791078 0.28443047 0.33038014 0.30649126 0.253097 0.28472823 0.31277016 0.26923037 0.22678867 0.32732093 0.23753157 0.40584928 0.3315574 0.51128596 0.42774403 0.28457218 0.22164959 0.35879472 0.33731553 0.27616 0.37383384 0.4348614 0.25304782 0.3000714 0.2684925 0.44389525 0.30986845 0.32462847 0.2557463 0.39383554,,
1082,1x1x128x64,0.30984467 0.2879393 0.35099038 0.31150898 0.24647823 0.32634377 0.2679962 0.3257968 0.29439917 0.33855197 0.34314954 0.36870864 0.35540497 0.31921992 0.2864311 0.32711017 0.29605442 0.20712824 0.27762738 0.2788251 0.22832747 0.3140141 0.39768586 0.29752403 0.31738138 0.33524445 0.31470597 0.25985104 0.30525792 0.32251573 0.2603586 0.2635216 0.33648294 0.2988379 0.26794347 0.2844652 0.33042046 0.30652866 0.25312787 0.28476298 0.31280833 0.2692632 0.22681634 0.32736087 0.23756056 0.4058988 0.33159786 0.51134837 0.42779624 0.28460693 0.22167663 0.35883853 0.33735672 0.2761937 0.37387946 0.43491447 0.25307873 0.30010802 0.26852524 0.44394943 0.30990627 0.32466808 0.25577754 0.39388362,0.30980685 0.28790417 0.35094753 0.311471 0.24644816 0.32630393 0.26796347 0.32575706 0.29436326 0.33851063 0.34310767 0.36866364 0.35536158 0.31918097 0.28639615 0.32707027 0.29601827 0.20710295 0.2775935 0.27879107 0.2282996 0.31397578 0.39763734 0.2974877 0.31734267 0.33520353 0.31466758 0.25981933 0.30522066 0.3224764 0.26032683 0.26348945 0.33644187 0.29880145 0.26791078 0.28443047 0.33038014 0.30649126 0.253097 0.28472823 0.31277016 0.26923037 0.22678867 0.32732093 0.23753157 0.40584928 0.3315574 0.51128596 0.42774403 0.28457218 0.22164959 0.35879472 0.33731553 0.27616 0.37383384 0.4348614 0.25304782 0.3000714 0.2684925 0.44389525 0.30986845 0.32462847 0.2557463 0.39383554,,
1086,1x1x128x64,0.30984467 0.2879393 0.35099038 0.31150898 0.24647823 0.32634377 0.2679962 0.3257968 0.29439917 0.33855197 0.34314954 0.36870864 0.35540497 0.31921992 0.2864311 0.32711017 0.29605442 0.20712824 0.27762738 0.2788251 0.22832747 0.3140141 0.39768586 0.29752403 0.31738138 0.33524445 0.31470597 0.25985104 0.30525792 0.32251573 0.2603586 0.2635216 0.33648294 0.2988379 0.26794347 0.2844652 0.33042046 0.30652866 0.25312787 0.28476298 0.31280833 0.2692632 0.22681634 0.32736087 0.23756056 0.4058988 0.33159786 0.51134837 0.42779624 0.28460693 0.22167663 0.35883853 0.33735672 0.2761937 0.37387946 0.43491447 0.25307873 0.30010802 0.26852524 0.44394943 0.30990627 0.32466808 0.25577754 0.39388362,0.30980685 0.28790417 0.35094753 0.311471 0.24644816 0.32630393 0.26796347 0.32575706 0.29436326 0.33851063 0.34310767 0.36866364 0.35536158 0.31918097 0.28639615 0.32707027 0.29601827 0.20710295 0.2775935 0.27879107 0.2282996 0.31397578 0.39763734 0.2974877 0.31734267 0.33520353 0.31466758 0.25981933 0.30522066 0.3224764 0.26032683 0.26348945 0.33644187 0.29880145 0.26791078 0.28443047 0.33038014 0.30649126 0.253097 0.28472823 0.31277016 0.26923037 0.22678867 0.32732093 0.23753157 0.40584928 0.3315574 0.51128596 0.42774403 0.28457218 0.22164959 0.35879472 0.33731553 0.27616 0.37383384 0.4348614 0.25304782 0.3000714 0.2684925 0.44389525 0.30986845 0.32462847 0.2557463 0.39383554,,
1104,1x1x256x64,0.17375283 0.24105722 0.18323112 0.16148512 0.19377877 0.19531143 0.10273384 0.16105887 0.12442665 0.19609194 0.23391157 0.1386017 0.17860599 0.25662974 0.16803285 0.2468327 0.23056975 0.18798283 0.1456684 0.1528554 0.28708047 0.20040755 0.19990277 0.1706055 0.15497102 0.17957455 0.15106492 0.084979445 0.20097513 0.18152522 0.17571418 0.17118183 0.2203032 0.117725104 0.14081013 0.14101441 0.18690942 0.34407955 0.08576745 0.13596594 0.1387544 0.15598738 0.21158405 0.15380554 0.10111466 0.15035285 0.22105445 0.3325533 0.14585583 0.1074363 0.14445876 0.19261776 0.2520934 0.17457052 0.110382795 0.13720538 0.23076648 0.20827243 0.13852926 0.15977088 0.18713613 0.22665624 0.17272764 0.18639205,0.17373163 0.24102779 0.18320876 0.16146542 0.19375512 0.1952876 0.1027213 0.16103922 0.124411464 0.196068 0.23388304 0.1385848 0.17858419 0.2565984 0.16801235 0.24680258 0.2305416 0.1879599 0.14565063 0.15283674 0.28704545 0.20038308 0.19987838 0.17058466 0.15495211 0.17955264 0.15104648 0.08496907 0.20095061 0.18150307 0.17569274 0.17116094 0.2202763 0.11771073 0.14079295 0.1409972 0.18688661 0.34403756 0.08575698 0.13594936 0.13873746 0.15596835 0.21155822 0.15378678 0.101102315 0.15033449 0.22102746 0.3325127 0.14583804 0.10742319 0.14444113 0.19259426 0.25206262 0.17454922 0.110369325 0.13718864 0.23073831 0.208247 0.13851236 0.15975139 0.1871133 0.22662857 0.17270657 0.18636931,,
1108,1x1x256x64,0.17375283 0.24105722 0.18323112 0.16148512 0.19377877 0.19531143 0.10273384 0.16105887 0.12442665 0.19609194 0.23391157 0.1386017 0.17860599 0.25662974 0.16803285 0.2468327 0.23056975 0.18798283 0.1456684 0.1528554 0.28708047 0.20040755 0.19990277 0.1706055 0.15497102 0.17957455 0.15106492 0.084979445 0.20097513 0.18152522 0.17571418 0.17118183 0.2203032 0.117725104 0.14081013 0.14101441 0.18690942 0.34407955 0.08576745 0.13596594 0.1387544 0.15598738 0.21158405 0.15380554 0.10111466 0.15035285 0.22105445 0.3325533 0.14585583 0.1074363 0.14445876 0.19261776 0.2520934 0.17457052 0.110382795 0.13720538 0.23076648 0.20827243 0.13852926 0.15977088 0.18713613 0.22665624 0.17272764 0.18639205,0.17373163 0.24102779 0.18320876 0.16146542 0.19375512 0.1952876 0.1027213 0.16103922 0.124411464 0.196068 0.23388304 0.1385848 0.17858419 0.2565984 0.16801235 0.24680258 0.2305416 0.1879599 0.14565063 0.15283674 0.28704545 0.20038308 0.19987838 0.17058466 0.15495211 0.17955264 0.15104648 0.08496907 0.20095061 0.18150307 0.17569274 0.17116094 0.2202763 0.11771073 0.14079295 0.1409972 0.18688661 0.34403756 0.08575698 0.13594936 0.13873746 0.15596835 0.21155822 0.15378678 0.101102315 0.15033449 0.22102746 0.3325127 0.14583804 0.10742319 0.14444113 0.19259426 0.25206262 0.17454922 0.110369325 0.13718864 0.23073831 0.208247 0.13851236 0.15975139 0.1871133 0.22662857 0.17270657 0.18636931,,
1112,1x1x256x64,0.17375283 0.24105722 0.18323112 0.16148512 0.19377877 0.19531143 0.10273384 0.16105887 0.12442665 0.19609194 0.23391157 0.1386017 0.17860599 0.25662974 0.16803285 0.2468327 0.23056975 0.18798283 0.1456684 0.1528554 0.28708047 0.20040755 0.19990277 0.1706055 0.15497102 0.17957455 0.15106492 0.084979445 0.20097513 0.18152522 0.17571418 0.17118183 0.2203032 0.117725104 0.14081013 0.14101441 0.18690942 0.34407955 0.08576745 0.13596594 0.1387544 0.15598738 0.21158405 0.15380554 0.10111466 0.15035285 0.22105445 0.3325533 0.14585583 0.1074363 0.14445876 0.19261776 0.2520934 0.17457052 0.110382795 0.13720538 0.23076648 0.20827243 0.13852926 0.15977088 0.18713613 0.22665624 0.17272764 0.18639205,0.17373163 0.24102779 0.18320876 0.16146542 0.19375512 0.1952876 0.1027213 0.16103922 0.124411464 0.196068 0.23388304 0.1385848 0.17858419 0.2565984 0.16801235 0.24680258 0.2305416 0.1879599 0.14565063 0.15283674 0.28704545 0.20038308 0.19987838 0.17058466 0.15495211 0.17955264 0.15104648 0.08496907 0.20095061 0.18150307 0.17569274 0.17116094 0.2202763 0.11771073 0.14079295 0.1409972 0.18688661 0.34403756 0.08575698 0.13594936 0.13873746 0.15596835 0.21155822 0.15378678 0.101102315 0.15033449 0.22102746 0.3325127 0.14583804 0.10742319 0.14444113 0.19259426 0.25206262 0.17454922 0.110369325 0.13718864 0.23073831 0.208247 0.13851236 0.15975139 0.1871133 0.22662857 0.17270657 0.18636931,,
1116,1x1x256x64,0.17375283 0.24105722 0.18323112 0.16148512 0.19377877 0.19531143 0.10273384 0.16105887 0.12442665 0.19609194 0.23391157 0.1386017 0.17860599 0.25662974 0.16803285 0.2468327 0.23056975 0.18798283 0.1456684 0.1528554 0.28708047 0.20040755 0.19990277 0.1706055 0.15497102 0.17957455 0.15106492 0.084979445 0.20097513 0.18152522 0.17571418 0.17118183 0.2203032 0.117725104 0.14081013 0.14101441 0.18690942 0.34407955 0.08576745 0.13596594 0.1387544 0.15598738 0.21158405 0.15380554 0.10111466 0.15035285 0.22105445 0.3325533 0.14585583 0.1074363 0.14445876 0.19261776 0.2520934 0.17457052 0.110382795 0.13720538 0.23076648 0.20827243 0.13852926 0.15977088 0.18713613 0.22665624 0.17272764 0.18639205,0.17373163 0.24102779 0.18320876 0.16146542 0.19375512 0.1952876 0.1027213 0.16103922 0.124411464 0.196068 0.23388304 0.1385848 0.17858419 0.2565984 0.16801235 0.24680258 0.2305416 0.1879599 0.14565063 0.15283674 0.28704545 0.20038308 0.19987838 0.17058466 0.15495211 0.17955264 0.15104648 0.08496907 0.20095061 0.18150307 0.17569274 0.17116094 0.2202763 0.11771073 0.14079295 0.1409972 0.18688661 0.34403756 0.08575698 0.13594936 0.13873746 0.15596835 0.21155822 0.15378678 0.101102315 0.15033449 0.22102746 0.3325127 0.14583804 0.10742319 0.14444113 0.19259426 0.25206262 0.17454922 0.110369325 0.13718864 0.23073831 0.208247 0.13851236 0.15975139 0.1871133 0.22662857 0.17270657 0.18636931,,
1120,1x1x256x64,0.17375283 0.24105722 0.18323112 0.16148512 0.19377877 0.19531143 0.10273384 0.16105887 0.12442665 0.19609194 0.23391157 0.1386017 0.17860599 0.25662974 0.16803285 0.2468327 0.23056975 0.18798283 0.1456684 0.1528554 0.28708047 0.20040755 0.19990277 0.1706055 0.15497102 0.17957455 0.15106492 0.084979445 0.20097513 0.18152522 0.17571418 0.17118183 0.2203032 0.117725104 0.14081013 0.14101441 0.18690942 0.34407955 0.08576745 0.13596594 0.1387544 0.15598738 0.21158405 0.15380554 0.10111466 0.15035285 0.22105445 0.3325533 0.14585583 0.1074363 0.14445876 0.19261776 0.2520934 0.17457052 0.110382795 0.13720538 0.23076648 0.20827243 0.13852926 0.15977088 0.18713613 0.22665624 0.17272764 0.18639205,0.17373163 0.24102779 0.18320876 0.16146542 0.19375512 0.1952876 0.1027213 0.16103922 0.124411464 0.196068 0.23388304 0.1385848 0.17858419 0.2565984 0.16801235 0.24680258 0.2305416 0.1879599 0.14565063 0.15283674 0.28704545 0.20038308 0.19987838 0.17058466 0.15495211 0.17955264 0.15104648 0.08496907 0.20095061 0.18150307 0.17569274 0.17116094 0.2202763 0.11771073 0.14079295 0.1409972 0.18688661 0.34403756 0.08575698 0.13594936 0.13873746 0.15596835 0.21155822 0.15378678 0.101102315 0.15033449 0.22102746 0.3325127 0.14583804 0.10742319 0.14444113 0.19259426 0.25206262 0.17454922 0.110369325 0.13718864 0.23073831 0.208247 0.13851236 0.15975139 0.1871133 0.22662857 0.17270657 0.18636931,,
1124,1x1x256x64,0.17375283 0.24105722 0.18323112 0.16148512 0.19377877 0.19531143 0.10273384 0.16105887 0.12442665 0.19609194 0.23391157 0.1386017 0.17860599 0.25662974 0.16803285 0.2468327 0.23056975 0.18798283 0.1456684 0.1528554 0.28708047 0.20040755 0.19990277 0.1706055 0.15497102 0.17957455 0.15106492 0.084979445 0.20097513 0.18152522 0.17571418 0.17118183 0.2203032 0.117725104 0.14081013 0.14101441 0.18690942 0.34407955 0.08576745 0.13596594 0.1387544 0.15598738 0.21158405 0.15380554 0.10111466 0.15035285 0.22105445 0.3325533 0.14585583 0.1074363 0.14445876 0.19261776 0.2520934 0.17457052 0.110382795 0.13720538 0.23076648 0.20827243 0.13852926 0.15977088 0.18713613 0.22665624 0.17272764 0.18639205,0.17373163 0.24102779 0.18320876 0.16146542 0.19375512 0.1952876 0.1027213 0.16103922 0.124411464 0.196068 0.23388304 0.1385848 0.17858419 0.2565984 0.16801235 0.24680258 0.2305416 0.1879599 0.14565063 0.15283674 0.28704545 0.20038308 0.19987838 0.17058466 0.15495211 0.17955264 0.15104648 0.08496907 0.20095061 0.18150307 0.17569274 0.17116094 0.2202763 0.11771073 0.14079295 0.1409972 0.18688661 0.34403756 0.08575698 0.13594936 0.13873746 0.15596835 0.21155822 0.15378678 0.101102315 0.15033449 0.22102746 0.3325127 0.14583804 0.10742319 0.14444113 0.19259426 0.25206262 0.17454922 0.110369325 0.13718864 0.23073831 0.208247 0.13851236 0.15975139 0.1871133 0.22662857 0.17270657 0.18636931,,
1142,1x1x512x64,0.72166926 0.619208 0.4929551 0.848598 0.85709316 0.60685325 0.65858036 0.63931257 0.54981875 0.6801729 0.8684392 0.7537166 0.8961071 0.77666384 0.59829956 0.6211382 0.552195 0.5179555 0.6690229 0.6125011 0.6277324 0.8049979 0.63017964 0.7105232 0.5866483 0.7348839 0.46472147 0.6173538 0.8997269 0.6634152 0.47048146 0.42727926 0.557051 0.6614773 0.4942796 0.6732718 0.7798903 1.1182594 0.5302123 0.4317089 0.40762624 0.7527962 0.6195515 0.74342746 0.8034075 0.55400044 0.8498746 0.59735334 0.61993545 0.5913553 0.70757896 0.66477907 0.6143293 0.52046525 0.60946876 0.5906837 0.64604956 0.73297876 0.67420375 0.68600714 0.7042121 0.65981346 0.60191256 0.695812,0.7215812 0.6191324 0.49289495 0.84849447 0.85698855 0.6067792 0.65849996 0.63923454 0.54975164 0.68008995 0.8683332 0.7536246 0.8959977 0.77656907 0.59822655 0.6210624 0.55212766 0.5178923 0.66894126 0.61242634 0.62765574 0.8048997 0.6301027 0.71043646 0.5865767 0.73479426 0.46466476 0.61727846 0.89961714 0.6633342 0.47042406 0.42722714 0.55698305 0.66139656 0.49421927 0.67318964 0.7797951 1.1181229 0.5301476 0.4316562 0.4075765 0.75270426 0.6194759 0.74333674 0.80330944 0.5539328 0.8497709 0.59728044 0.61985976 0.59128314 0.7074926 0.66469795 0.6142543 0.5204018 0.6093944 0.5906116 0.6459707 0.7328893 0.67412144 0.68592346 0.7041262 0.65973294 0.60183907 0.6957271,,
1146,1x1x512x64,0.72166926 0.619208 0.4929551 0.848598 0.85709316 0.60685325 0.65858036 0.63931257 0.54981875 0.6801729 0.8684392 0.7537166 0.8961071 0.77666384 0.59829956 0.6211382 0.552195 0.5179555 0.6690229 0.6125011 0.6277324 0.8049979 0.63017964 0.7105232 0.5866483 0.7348839 0.46472147 0.6173538 0.8997269 0.6634152 0.47048146 0.42727926 0.557051 0.6614773 0.4942796 0.6732718 0.7798903 1.1182594 0.5302123 0.4317089 0.40762624 0.7527962 0.6195515 0.74342746 0.8034075 0.55400044 0.8498746 0.59735334 0.61993545 0.5913553 0.70757896 0.66477907 0.6143293 0.52046525 0.60946876 0.5906837 0.64604956 0.73297876 0.67420375 0.68600714 0.7042121 0.65981346 0.60191256 0.695812,0.7215812 0.6191324 0.49289495 0.84849447 0.85698855 0.6067792 0.65849996 0.63923454 0.54975164 0.68008995 0.8683332 0.7536246 0.8959977 0.77656907 0.59822655 0.6210624 0.55212766 0.5178923 0.66894126 0.61242634 0.62765574 0.8048997 0.6301027 0.71043646 0.5865767 0.73479426 0.46466476 0.61727846 0.89961714 0.6633342 0.47042406 0.42722714 0.55698305 0.66139656 0.49421927 0.67318964 0.7797951 1.1181229 0.5301476 0.4316562 0.4075765 0.75270426 0.6194759 0.74333674 0.80330944 0.5539328 0.8497709 0.59728044 0.61985976 0.59128314 0.7074926 0.66469795 0.6142543 0.5204018 0.6093944 0.5906116 0.6459707 0.7328893 0.67412144 0.68592346 0.7041262 0.65973294 0.60183907 0.6957271,,
1150,1x1x512x64,0.72166926 0.619208 0.4929551 0.848598 0.85709316 0.60685325 0.65858036 0.63931257 0.54981875 0.6801729 0.8684392 0.7537166 0.8961071 0.77666384 0.59829956 0.6211382 0.552195 0.5179555 0.6690229 0.6125011 0.6277324 0.8049979 0.63017964 0.7105232 0.5866483 0.7348839 0.46472147 0.6173538 0.8997269 0.6634152 0.47048146 0.42727926 0.557051 0.6614773 0.4942796 0.6732718 0.7798903 1.1182594 0.5302123 0.4317089 0.40762624 0.7527962 0.6195515 0.74342746 0.8034075 0.55400044 0.8498746 0.59735334 0.61993545 0.5913553 0.70757896 0.66477907 0.6143293 0.52046525 0.60946876 0.5906837 0.64604956 0.73297876 0.67420375 0.68600714 0.7042121 0.65981346 0.60191256 0.695812,0.7215812 0.6191324 0.49289495 0.84849447 0.85698855 0.6067792 0.65849996 0.63923454 0.54975164 0.68008995 0.8683332 0.7536246 0.8959977 0.77656907 0.59822655 0.6210624 0.55212766 0.5178923 0.66894126 0.61242634 0.62765574 0.8048997 0.6301027 0.71043646 0.5865767 0.73479426 0.46466476 0.61727846 0.89961714 0.6633342 0.47042406 0.42722714 0.55698305 0.66139656 0.49421927 0.67318964 0.7797951 1.1181229 0.5301476 0.4316562 0.4075765 0.75270426 0.6194759 0.74333674 0.80330944 0.5539328 0.8497709 0.59728044 0.61985976 0.59128314 0.7074926 0.66469795 0.6142543 0.5204018 0.6093944 0.5906116 0.6459707 0.7328893 0.67412144 0.68592346 0.7041262 0.65973294 0.60183907 0.6957271,,
1154,1x1x512x64,0.72166926 0.619208 0.4929551 0.848598 0.85709316 0.60685325 0.65858036 0.63931257 0.54981875 0.6801729 0.8684392 0.7537166 0.8961071 0.77666384 0.59829956 0.6211382 0.552195 0.5179555 0.6690229 0.6125011 0.6277324 0.8049979 0.63017964 0.7105232 0.5866483 0.7348839 0.46472147 0.6173538 0.8997269 0.6634152 0.47048146 0.42727926 0.557051 0.6614773 0.4942796 0.6732718 0.7798903 1.1182594 0.5302123 0.4317089 0.40762624 0.7527962 0.6195515 0.74342746 0.8034075 0.55400044 0.8498746 0.59735334 0.61993545 0.5913553 0.70757896 0.66477907 0.6143293 0.52046525 0.60946876 0.5906837 0.64604956 0.73297876 0.67420375 0.68600714 0.7042121 0.65981346 0.60191256 0.695812,0.7215812 0.6191324 0.49289495 0.84849447 0.85698855 0.6067792 0.65849996 0.63923454 0.54975164 0.68008995 0.8683332 0.7536246 0.8959977 0.77656907 0.59822655 0.6210624 0.55212766 0.5178923 0.66894126 0.61242634 0.62765574 0.8048997 0.6301027 0.71043646 0.5865767 0.73479426 0.46466476 0.61727846 0.89961714 0.6633342 0.47042406 0.42722714 0.55698305 0.66139656 0.49421927 0.67318964 0.7797951 1.1181229 0.5301476 0.4316562 0.4075765 0.75270426 0.6194759 0.74333674 0.80330944 0.5539328 0.8497709 0.59728044 0.61985976 0.59128314 0.7074926 0.66469795 0.6142543 0.5204018 0.6093944 0.5906116 0.6459707 0.7328893 0.67412144 0.68592346 0.7041262 0.65973294 0.60183907 0.6957271,,
1158,1x1x512x64,0.72166926 0.619208 0.4929551 0.848598 0.85709316 0.60685325 0.65858036 0.63931257 0.54981875 0.6801729 0.8684392 0.7537166 0.8961071 0.77666384 0.59829956 0.6211382 0.552195 0.5179555 0.6690229 0.6125011 0.6277324 0.8049979 0.63017964 0.7105232 0.5866483 0.7348839 0.46472147 0.6173538 0.8997269 0.6634152 0.47048146 0.42727926 0.557051 0.6614773 0.4942796 0.6732718 0.7798903 1.1182594 0.5302123 0.4317089 0.40762624 0.7527962 0.6195515 0.74342746 0.8034075 0.55400044 0.8498746 0.59735334 0.61993545 0.5913553 0.70757896 0.66477907 0.6143293 0.52046525 0.60946876 0.5906837 0.64604956 0.73297876 0.67420375 0.68600714 0.7042121 0.65981346 0.60191256 0.695812,0.7215812 0.6191324 0.49289495 0.84849447 0.85698855 0.6067792 0.65849996 0.63923454 0.54975164 0.68008995 0.8683332 0.7536246 0.8959977 0.77656907 0.59822655 0.6210624 0.55212766 0.5178923 0.66894126 0.61242634 0.62765574 0.8048997 0.6301027 0.71043646 0.5865767 0.73479426 0.46466476 0.61727846 0.89961714 0.6633342 0.47042406 0.42722714 0.55698305 0.66139656 0.49421927 0.67318964 0.7797951 1.1181229 0.5301476 0.4316562 0.4075765 0.75270426 0.6194759 0.74333674 0.80330944 0.5539328 0.8497709 0.59728044 0.61985976 0.59128314 0.7074926 0.66469795 0.6142543 0.5204018 0.6093944 0.5906116 0.6459707 0.7328893 0.67412144 0.68592346 0.7041262 0.65973294 0.60183907 0.6957271,,
1162,1x1x512x64,0.72166926 0.619208 0.4929551 0.848598 0.85709316 0.60685325 0.65858036 0.63931257 0.54981875 0.6801729 0.8684392 0.7537166 0.8961071 0.77666384 0.59829956 0.6211382 0.552195 0.5179555 0.6690229 0.6125011 0.6277324 0.8049979 0.63017964 0.7105232 0.5866483 0.7348839 0.46472147 0.6173538 0.8997269 0.6634152 0.47048146 0.42727926 0.557051 0.6614773 0.4942796 0.6732718 0.7798903 1.1182594 0.5302123 0.4317089 0.40762624 0.7527962 0.6195515 0.74342746 0.8034075 0.55400044 0.8498746 0.59735334 0.61993545 0.5913553 0.70757896 0.66477907 0.6143293 0.52046525 0.60946876 0.5906837 0.64604956 0.73297876 0.67420375 0.68600714 0.7042121 0.65981346 0.60191256 0.695812,0.7215812 0.6191324 0.49289495 0.84849447 0.85698855 0.6067792 0.65849996 0.63923454 0.54975164 0.68008995 0.8683332 0.7536246 0.8959977 0.77656907 0.59822655 0.6210624 0.55212766 0.5178923 0.66894126 0.61242634 0.62765574 0.8048997 0.6301027 0.71043646 0.5865767 0.73479426 0.46466476 0.61727846 0.89961714 0.6633342 0.47042406 0.42722714 0.55698305 0.66139656 0.49421927 0.67318964 0.7797951 1.1181229 0.5301476 0.4316562 0.4075765 0.75270426 0.6194759 0.74333674 0.80330944 0.5539328 0.8497709 0.59728044 0.61985976 0.59128314 0.7074926 0.66469795 0.6142543 0.5204018 0.6093944 0.5906116 0.6459707 0.7328893 0.67412144 0.68592346 0.7041262 0.65973294 0.60183907 0.6957271,,
1180,3x3x64x64,0.0036968188 0.0039945277 0.005308734 0.0034601882 0.0058480236 0.003412004 0.0031444305 0.0036278474 0.002482753 0.003382126 0.006492401 0.0056715608 0.004196073 0.0034736914 0.0036534178 0.0033656189 0.007854309 0.0042701247 0.008153966 0.004188882 0.0018101335 0.0056061964 0.0036894348 0.0038053847 0.003968401 0.0042271675 0.0043068575 0.0057878112 0.0047867945 0.005343785 0.0037176167 0.0060411417 0.0034682632 0.004343379 0.002550509 0.0048043635 0.0021276157 0.005568021 0.0031829479 0.004171922 0.003757242 0.0047225985 0.005541419 0.0062638945 0.006496791 0.0054259454 0.004691823 0.004991798 0.0040699453 0.004053046 0.0041560177 0.0069394913 0.0045428746 0.0041760746 0.003928327 0.006282993 0.004523727 0.003919701 0.0036840397 0.004825515 0.0045901556 0.005715083 0.0072800466 0.0033559082,0.0036963678 0.00399404 0.0053080856 0.003459766 0.00584731 0.0034115876 0.0031440468 0.0036274048 0.0024824499 0.0033817133 0.006491609 0.0056708683 0.004195561 0.0034732674 0.003652972 0.0033652082 0.007853351 0.0042696036 0.00815297 0.004188371 0.0018099126 0.005605512 0.0036889846 0.0038049205 0.0039679166 0.0042266515 0.004306332 0.005787105 0.0047862106 0.0053431327 0.003717163 0.006040404 0.00346784 0.0043428484 0.0025501978 0.004803777 0.0021273561 0.005567341 0.0031825593 0.0041714124 0.0037567834 0.0047220225 0.0055407425 0.0062631303 0.0064959982 0.005425283 0.0046912506 0.0049911886 0.004069449 0.0040525515 0.0041555106 0.0069386447 0.0045423205 0.0041755647 0.003927848 0.0062822266 0.0045231753 0.0039192224 0.00368359 0.0048249266 0.0045895954 0.0057143853 0.007279158 0.0033554987,,
1184,3x3x64x64,0.0036968188 0.0039945277 0.005308734 0.0034601882 0.0058480236 0.003412004 0.0031444305 0.0036278474 0.002482753 0.003382126 0.006492401 0.0056715608 0.004196073 0.0034736914 0.0036534178 0.0033656189 0.007854309 0.0042701247 0.008153966 0.004188882 0.0018101335 0.0056061964 0.0036894348 0.0038053847 0.003968401 0.0042271675 0.0043068575 0.0057878112 0.0047867945 0.005343785 0.0037176167 0.0060411417 0.0034682632 0.004343379 0.002550509 0.0048043635 0.0021276157 0.005568021 0.0031829479 0.004171922 0.003757242 0.0047225985 0.005541419 0.0062638945 0.006496791 0.0054259454 0.004691823 0.004991798 0.0040699453 0.004053046 0.0041560177 0.0069394913 0.0045428746 0.0041760746 0.003928327 0.006282993 0.004523727 0.003919701 0.0036840397 0.004825515 0.0045901556 0.005715083 0.0072800466 0.0033559082,0.0036963678 0.00399404 0.0053080856 0.003459766 0.00584731 0.0034115876 0.0031440468 0.0036274048 0.0024824499 0.0033817133 0.006491609 0.0056708683 0.004195561 0.0034732674 0.003652972 0.0033652082 0.007853351 0.0042696036 0.00815297 0.004188371 0.0018099126 0.005605512 0.0036889846 0.0038049205 0.0039679166 0.0042266515 0.004306332 0.005787105 0.0047862106 0.0053431327 0.003717163 0.006040404 0.00346784 0.0043428484 0.0025501978 0.004803777 0.0021273561 0.005567341 0.0031825593 0.0041714124 0.0037567834 0.0047220225 0.0055407425 0.0062631303 0.0064959982 0.005425283 0.0046912506 0.0049911886 0.004069449 0.0040525515 0.0041555106 0.0069386447 0.0045423205 0.0041755647 0.003927848 0.0062822266 0.0045231753 0.0039192224 0.00368359 0.0048249266 0.0045895954 0.0057143853 0.007279158 0.0033554987,,
1188,3x3x64x64,0.0036968188 0.0039945277 0.005308734 0.0034601882 0.0058480236 0.003412004 0.0031444305 0.0036278474 0.002482753 0.003382126 0.006492401 0.0056715608 0.004196073 0.0034736914 0.0036534178 0.0033656189 0.007854309 0.0042701247 0.008153966 0.004188882 0.0018101335 0.0056061964 0.0036894348 0.0038053847 0.003968401 0.0042271675 0.0043068575 0.0057878112 0.0047867945 0.005343785 0.0037176167 0.0060411417 0.0034682632 0.004343379 0.002550509 0.0048043635 0.0021276157 0.005568021 0.0031829479 0.004171922 0.003757242 0.0047225985 0.005541419 0.0062638945 0.006496791 0.0054259454 0.004691823 0.004991798 0.0040699453 0.004053046 0.0041560177 0.0069394913 0.0045428746 0.0041760746 0.003928327 0.006282993 0.004523727 0.003919701 0.0036840397 0.004825515 0.0045901556 0.005715083 0.0072800466 0.0033559082,0.0036963678 0.00399404 0.0053080856 0.003459766 0.00584731 0.0034115876 0.0031440468 0.0036274048 0.0024824499 0.0033817133 0.006491609 0.0056708683 0.004195561 0.0034732674 0.003652972 0.0033652082 0.007853351 0.0042696036 0.00815297 0.004188371 0.0018099126 0.005605512 0.0036889846 0.0038049205 0.0039679166 0.0042266515 0.004306332 0.005787105 0.0047862106 0.0053431327 0.003717163 0.006040404 0.00346784 0.0043428484 0.0025501978 0.004803777 0.0021273561 0.005567341 0.0031825593 0.0041714124 0.0037567834 0.0047220225 0.0055407425 0.0062631303 0.0064959982 0.005425283 0.0046912506 0.0049911886 0.004069449 0.0040525515 0.0041555106 0.0069386447 0.0045423205 0.0041755647 0.003927848 0.0062822266 0.0045231753 0.0039192224 0.00368359 0.0048249266 0.0045895954 0.0057143853 0.007279158 0.0033554987,,
1192,3x3x64x64,0.0036968188 0.0039945277 0.005308734 0.0034601882 0.0058480236 0.003412004 0.0031444305 0.0036278474 0.002482753 0.003382126 0.006492401 0.0056715608 0.004196073 0.0034736914 0.0036534178 0.0033656189 0.007854309 0.0042701247 0.008153966 0.004188882 0.0018101335 0.0056061964 0.0036894348 0.0038053847 0.003968401 0.0042271675 0.0043068575 0.0057878112 0.0047867945 0.005343785 0.0037176167 0.0060411417 0.0034682632 0.004343379 0.002550509 0.0048043635 0.0021276157 0.005568021 0.0031829479 0.004171922 0.003757242 0.0047225985 0.005541419 0.0062638945 0.006496791 0.0054259454 0.004691823 0.004991798 0.0040699453 0.004053046 0.0041560177 0.0069394913 0.0045428746 0.0041760746 0.003928327 0.006282993 0.004523727 0.003919701 0.0036840397 0.004825515 0.0045901556 0.005715083 0.0072800466 0.0033559082,0.0036963678 0.00399404 0.0053080856 0.003459766 0.00584731 0.0034115876 0.0031440468 0.0036274048 0.0024824499 0.0033817133 0.006491609 0.0056708683 0.004195561 0.0034732674 0.003652972 0.0033652082 0.007853351 0.0042696036 0.00815297 0.004188371 0.0018099126 0.005605512 0.0036889846 0.0038049205 0.0039679166 0.0042266515 0.004306332 0.005787105 0.0047862106 0.0053431327 0.003717163 0.006040404 0.00346784 0.0043428484 0.0025501978 0.004803777 0.0021273561 0.005567341 0.0031825593 0.0041714124 0.0037567834 0.0047220225 0.0055407425 0.0062631303 0.0064959982 0.005425283 0.0046912506 0.0049911886 0.004069449 0.0040525515 0.0041555106 0.0069386447 0.0045423205 0.0041755647 0.003927848 0.0062822266 0.0045231753 0.0039192224 0.00368359 0.0048249266 0.0045895954 0.0057143853 0.007279158 0.0033554987,,
1196,3x3x64x64,0.0036968188 0.0039945277 0.005308734 0.0034601882 0.0058480236 0.003412004 0.0031444305 0.0036278474 0.002482753 0.003382126 0.006492401 0.0056715608 0.004196073 0.0034736914 0.0036534178 0.0033656189 0.007854309 0.0042701247 0.008153966 0.004188882 0.0018101335 0.0056061964 0.0036894348 0.0038053847 0.003968401 0.0042271675 0.0043068575 0.0057878112 0.0047867945 0.005343785 0.0037176167 0.0060411417 0.0034682632 0.004343379 0.002550509 0.0048043635 0.0021276157 0.005568021 0.0031829479 0.004171922 0.003757242 0.0047225985 0.005541419 0.0062638945 0.006496791 0.0054259454 0.004691823 0.004991798 0.0040699453 0.004053046 0.0041560177 0.0069394913 0.0045428746 0.0041760746 0.003928327 0.006282993 0.004523727 0.003919701 0.0036840397 0.004825515 0.0045901556 0.005715083 0.0072800466 0.0033559082,0.0036963678 0.00399404 0.0053080856 0.003459766 0.00584731 0.0034115876 0.0031440468 0.0036274048 0.0024824499 0.0033817133 0.006491609 0.0056708683 0.004195561 0.0034732674 0.003652972 0.0033652082 0.007853351 0.0042696036 0.00815297 0.004188371 0.0018099126 0.005605512 0.0036889846 0.0038049205 0.0039679166 0.0042266515 0.004306332 0.005787105 0.0047862106 0.0053431327 0.003717163 0.006040404 0.00346784 0.0043428484 0.0025501978 0.004803777 0.0021273561 0.005567341 0.0031825593 0.0041714124 0.0037567834 0.0047220225 0.0055407425 0.0062631303 0.0064959982 0.005425283 0.0046912506 0.0049911886 0.004069449 0.0040525515 0.0041555106 0.0069386447 0.0045423205 0.0041755647 0.003927848 0.0062822266 0.0045231753 0.0039192224 0.00368359 0.0048249266 0.0045895954 0.0057143853 0.007279158 0.0033554987,,
1200,3x3x64x64,0.0036968188 0.0039945277 0.005308734 0.0034601882 0.0058480236 0.003412004 0.0031444305 0.0036278474 0.002482753 0.003382126 0.006492401 0.0056715608 0.004196073 0.0034736914 0.0036534178 0.0033656189 0.007854309 0.0042701247 0.008153966 0.004188882 0.0018101335 0.0056061964 0.0036894348 0.0038053847 0.003968401 0.0042271675 0.0043068575 0.0057878112 0.0047867945 0.005343785 0.0037176167 0.0060411417 0.0034682632 0.004343379 0.002550509 0.0048043635 0.0021276157 0.005568021 0.0031829479 0.004171922 0.003757242 0.0047225985 0.005541419 0.0062638945 0.006496791 0.0054259454 0.004691823 0.004991798 0.0040699453 0.004053046 0.0041560177 0.0069394913 0.0045428746 0.0041760746 0.003928327 0.006282993 0.004523727 0.003919701 0.0036840397 0.004825515 0.0045901556 0.005715083 0.0072800466 0.0033559082,0.0036963678 0.00399404 0.0053080856 0.003459766 0.00584731 0.0034115876 0.0031440468 0.0036274048 0.0024824499 0.0033817133 0.006491609 0.0056708683 0.004195561 0.0034732674 0.003652972 0.0033652082 0.007853351 0.0042696036 0.00815297 0.004188371 0.0018099126 0.005605512 0.0036889846 0.0038049205 0.0039679166 0.0042266515 0.004306332 0.005787105 0.0047862106 0.0053431327 0.003717163 0.006040404 0.00346784 0.0043428484 0.0025501978 0.004803777 0.0021273561 0.005567341 0.0031825593 0.0041714124 0.0037567834 0.0047220225 0.0055407425 0.0062631303 0.0064959982 0.005425283 0.0046912506 0.0049911886 0.004069449 0.0040525515 0.0041555106 0.0069386447 0.0045423205 0.0041755647 0.003927848 0.0062822266 0.0045231753 0.0039192224 0.00368359 0.0048249266 0.0045895954 0.0057143853 0.007279158 0.0033554987,,
1218,3x3x64x64,0.005055903 0.0074006156 0.005473485 0.0068480917 0.027970688 0.008187693 0.012015589 0.0064586974 0.010810297 0.013779906 0.008467516 0.0053841188 0.0074031064 0.008096012 0.00412727 0.0134652695 0.010142033 0.011787061 0.011137552 0.0074539916 0.006515693 0.0067630704 0.010900374 0.009219315 0.010770489 0.006726414 0.009517481 0.0070014982 0.014670363 0.0073634926 0.0052476823 0.004296978 0.00796494 0.01279498 0.023047633 0.008329555 0.014195721 0.010066847 0.011053489 0.014880024 0.0051989225 0.010014288 0.008496363 0.011532683 0.011544873 0.010452942 0.0065190797 0.0077333883 0.0064653708 0.007425054 0.011394843 0.005280749 0.009659494 0.013313015 0.010442372 0.016874801 0.0080498075 0.0068559377 0.007418188 0.010365259 0.007697058 0.023683216 0.010290801 0.005528845,0.005055286 0.0073997127 0.005472817 0.0068472563 0.027967276 0.008186693 0.012014123 0.0064579095 0.010808978 0.013778225 0.008466483 0.0053834617 0.007402203 0.008095024 0.0041267667 0.013463626 0.010140795 0.011785623 0.011136192 0.007453082 0.006514898 0.0067622447 0.010899043 0.00921819 0.010769174 0.006725593 0.009516319 0.0070006438 0.014668572 0.007362594 0.0052470416 0.0042964537 0.007963968 0.012793419 0.02304482 0.008328539 0.014193988 0.010065619 0.011052139 0.014878208 0.0051982882 0.010013065 0.008495325 0.011531276 0.011543464 0.010451666 0.0065182843 0.0077324444 0.0064645815 0.007424148 0.011393453 0.0052801045 0.009658315 0.013311391 0.010441097 0.016872743 0.008048825 0.006855101 0.0074172826 0.010363993 0.0076961187 0.023680327 0.010289545 0.00552817,,
1222,3x3x64x64,0.005055903 0.0074006156 0.005473485 0.0068480917 0.027970688 0.008187693 0.012015589 0.0064586974 0.010810297 0.013779906 0.008467516 0.0053841188 0.0074031064 0.008096012 0.00412727 0.0134652695 0.010142033 0.011787061 0.011137552 0.0074539916 0.006515693 0.0067630704 0.010900374 0.009219315 0.010770489 0.006726414 0.009517481 0.0070014982 0.014670363 0.0073634926 0.0052476823 0.004296978 0.00796494 0.01279498 0.023047633 0.008329555 0.014195721 0.010066847 0.011053489 0.014880024 0.0051989225 0.010014288 0.008496363 0.011532683 0.011544873 0.010452942 0.0065190797 0.0077333883 0.0064653708 0.007425054 0.011394843 0.005280749 0.009659494 0.013313015 0.010442372 0.016874801 0.0080498075 0.0068559377 0.007418188 0.010365259 0.007697058 0.023683216 0.010290801 0.005528845,0.005055286 0.0073997127 0.005472817 0.0068472563 0.027967276 0.008186693 0.012014123 0.0064579095 0.010808978 0.013778225 0.008466483 0.0053834617 0.007402203 0.008095024 0.0041267667 0.013463626 0.010140795 0.011785623 0.011136192 0.007453082 0.006514898 0.0067622447 0.010899043 0.00921819 0.010769174 0.006725593 0.009516319 0.0070006438 0.014668572 0.007362594 0.0052470416 0.0042964537 0.007963968 0.012793419 0.02304482 0.008328539 0.014193988 0.010065619 0.011052139 0.014878208 0.0051982882 0.010013065 0.008495325 0.011531276 0.011543464 0.010451666 0.0065182843 0.0077324444 0.0064645815 0.007424148 0.011393453 0.0052801045 0.009658315 0.013311391 0.010441097 0.016872743 0.008048825 0.006855101 0.0074172826 0.010363993 0.0076961187 0.023680327 0.010289545 0.00552817,,
1226,3x3x64x64,0.005055903 0.0074006156 0.005473485 0.0068480917 0.027970688 0.008187693 0.012015589 0.0064586974 0.010810297 0.013779906 0.008467516 0.0053841188 0.0074031064 0.008096012 0.00412727 0.0134652695 0.010142033 0.011787061 0.011137552 0.0074539916 0.006515693 0.0067630704 0.010900374 0.009219315 0.010770489 0.006726414 0.009517481 0.0070014982 0.014670363 0.0073634926 0.0052476823 0.004296978 0.00796494 0.01279498 0.023047633 0.008329555 0.014195721 0.010066847 0.011053489 0.014880024 0.0051989225 0.010014288 0.008496363 0.011532683 0.011544873 0.010452942 0.0065190797 0.0077333883 0.0064653708 0.007425054 0.011394843 0.005280749 0.009659494 0.013313015 0.010442372 0.016874801 0.0080498075 0.0068559377 0.007418188 0.010365259 0.007697058 0.023683216 0.010290801 0.005528845,0.005055286 0.0073997127 0.005472817 0.0068472563 0.027967276 0.008186693 0.012014123 0.0064579095 0.010808978 0.013778225 0.008466483 0.0053834617 0.007402203 0.008095024 0.0041267667 0.013463626 0.010140795 0.011785623 0.011136192 0.007453082 0.006514898 0.0067622447 0.010899043 0.00921819 0.010769174 0.006725593 0.009516319 0.0070006438 0.014668572 0.007362594 0.0052470416 0.0042964537 0.007963968 0.012793419 0.02304482 0.008328539 0.014193988 0.010065619 0.011052139 0.014878208 0.0051982882 0.010013065 0.008495325 0.011531276 0.011543464 0.010451666 0.0065182843 0.0077324444 0.0064645815 0.007424148 0.011393453 0.0052801045 0.009658315 0.013311391 0.010441097 0.016872743 0.008048825 0.006855101 0.0074172826 0.010363993 0.0076961187 0.023680327 0.010289545 0.00552817,,
1230,3x3x64x64,0.005055903 0.0074006156 0.005473485 0.0068480917 0.027970688 0.008187693 0.012015589 0.0064586974 0.010810297 0.013779906 0.008467516 0.0053841188 0.0074031064 0.008096012 0.00412727 0.0134652695 0.010142033 0.011787061 0.011137552 0.0074539916 0.006515693 0.0067630704 0.010900374 0.009219315 0.010770489 0.006726414 0.009517481 0.0070014982 0.014670363 0.0073634926 0.0052476823 0.004296978 0.00796494 0.01279498 0.023047633 0.008329555 0.014195721 0.010066847 0.011053489 0.014880024 0.0051989225 0.010014288 0.008496363 0.011532683 0.011544873 0.010452942 0.0065190797 0.0077333883 0.0064653708 0.007425054 0.011394843 0.005280749 0.009659494 0.013313015 0.010442372 0.016874801 0.0080498075 0.0068559377 0.007418188 0.010365259 0.007697058 0.023683216 0.010290801 0.005528845,0.005055286 0.0073997127 0.005472817 0.0068472563 0.027967276 0.008186693 0.012014123 0.0064579095 0.010808978 0.013778225 0.008466483 0.0053834617 0.007402203 0.008095024 0.0041267667 0.013463626 0.010140795 0.011785623 0.011136192 0.007453082 0.006514898 0.0067622447 0.010899043 0.00921819 0.010769174 0.006725593 0.009516319 0.0070006438 0.014668572 0.007362594 0.0052470416 0.0042964537 0.007963968 0.012793419 0.02304482 0.008328539 0.014193988 0.010065619 0.011052139 0.014878208 0.0051982882 0.010013065 0.008495325 0.011531276 0.011543464 0.010451666 0.0065182843 0.0077324444 0.0064645815 0.007424148 0.011393453 0.0052801045 0.009658315 0.013311391 0.010441097 0.016872743 0.008048825 0.006855101 0.0074172826 0.010363993 0.0076961187 0.023680327 0.010289545 0.00552817,,
1234,3x3x64x64,0.005055903 0.0074006156 0.005473485 0.0068480917 0.027970688 0.008187693 0.012015589 0.0064586974 0.010810297 0.013779906 0.008467516 0.0053841188 0.0074031064 0.008096012 0.00412727 0.0134652695 0.010142033 0.011787061 0.011137552 0.0074539916 0.006515693 0.0067630704 0.010900374 0.009219315 0.010770489 0.006726414 0.009517481 0.0070014982 0.014670363 0.0073634926 0.0052476823 0.004296978 0.00796494 0.01279498 0.023047633 0.008329555 0.014195721 0.010066847 0.011053489 0.014880024 0.0051989225 0.010014288 0.008496363 0.011532683 0.011544873 0.010452942 0.0065190797 0.0077333883 0.0064653708 0.007425054 0.011394843 0.005280749 0.009659494 0.013313015 0.010442372 0.016874801 0.0080498075 0.0068559377 0.007418188 0.010365259 0.007697058 0.023683216 0.010290801 0.005528845,0.005055286 0.0073997127 0.005472817 0.0068472563 0.027967276 0.008186693 0.012014123 0.0064579095 0.010808978 0.013778225 0.008466483 0.0053834617 0.007402203 0.008095024 0.0041267667 0.013463626 0.010140795 0.011785623 0.011136192 0.007453082 0.006514898 0.0067622447 0.010899043 0.00921819 0.010769174 0.006725593 0.009516319 0.0070006438 0.014668572 0.007362594 0.0052470416 0.0042964537 0.007963968 0.012793419 0.02304482 0.008328539 0.014193988 0.010065619 0.011052139 0.014878208 0.0051982882 0.010013065 0.008495325 0.011531276 0.011543464 0.010451666 0.0065182843 0.0077324444 0.0064645815 0.007424148 0.011393453 0.0052801045 0.009658315 0.013311391 0.010441097 0.016872743 0.008048825 0.006855101 0.0074172826 0.010363993 0.0076961187 0.023680327 0.010289545 0.00552817,,
1238,3x3x64x64,0.005055903 0.0074006156 0.005473485 0.0068480917 0.027970688 0.008187693 0.012015589 0.0064586974 0.010810297 0.013779906 0.008467516 0.0053841188 0.0074031064 0.008096012 0.00412727 0.0134652695 0.010142033 0.011787061 0.011137552 0.0074539916 0.006515693 0.0067630704 0.010900374 0.009219315 0.010770489 0.006726414 0.009517481 0.0070014982 0.014670363 0.0073634926 0.0052476823 0.004296978 0.00796494 0.01279498 0.023047633 0.008329555 0.014195721 0.010066847 0.011053489 0.014880024 0.0051989225 0.010014288 0.008496363 0.011532683 0.011544873 0.010452942 0.0065190797 0.0077333883 0.0064653708 0.007425054 0.011394843 0.005280749 0.009659494 0.013313015 0.010442372 0.016874801 0.0080498075 0.0068559377 0.007418188 0.010365259 0.007697058 0.023683216 0.010290801 0.005528845,0.005055286 0.0073997127 0.005472817 0.0068472563 0.027967276 0.008186693 0.012014123 0.0064579095 0.010808978 0.013778225 0.008466483 0.0053834617 0.007402203 0.008095024 0.0041267667 0.013463626 0.010140795 0.011785623 0.011136192 0.007453082 0.006514898 0.0067622447 0.010899043 0.00921819 0.010769174 0.006725593 0.009516319 0.0070006438 0.014668572 0.007362594 0.0052470416 0.0042964537 0.007963968 0.012793419 0.02304482 0.008328539 0.014193988 0.010065619 0.011052139 0.014878208 0.0051982882 0.010013065 0.008495325 0.011531276 0.011543464 0.010451666 0.0065182843 0.0077324444 0.0064645815 0.007424148 0.011393453 0.0052801045 0.009658315 0.013311391 0.010441097 0.016872743 0.008048825 0.006855101 0.0074172826 0.010363993 0.0076961187 0.023680327 0.010289545 0.00552817,,
1256,3x3x64x64,0.016950622 0.033203013 0.023944752 0.026892863 0.015824925 0.01896755 0.034923933 0.020078294 0.02563219 0.022038339 0.022348043 0.023257997 0.018478565 0.017619584 0.01705509 0.018076455 0.013589747 0.015397564 0.016416788 0.016228165 0.018990677 0.011079008 0.014776638 0.021326609 0.023809899 0.026199186 0.027448772 0.024235114 0.011582335 0.015507248 0.014872279 0.023142334 0.015489403 0.017173635 0.012516225 0.031604692 0.017700834 0.016576236 0.021147104 0.07172923 0.020532988 0.017122848 0.017406566 0.012757428 0.020958232 0.03309281 0.02802793 0.015784435 0.02517983 0.017757691 0.027207308 0.02193382 0.019344555 0.016574968 0.020941397 0.035171922 0.028205635 0.01923303 0.014500108 0.017255906 0.031783253 0.017264547 0.022873215 0.022737967,0.016948555 0.033198964 0.02394183 0.026889581 0.015822994 0.018965235 0.03491967 0.020075845 0.02562906 0.022035649 0.022345316 0.023255158 0.018476311 0.017617432 0.017053008 0.018074248 0.013588089 0.015395685 0.016414786 0.016226184 0.018988358 0.0110776555 0.014774834 0.021324005 0.023806993 0.02619599 0.02744542 0.024232157 0.011580923 0.015505356 0.014870464 0.023139508 0.0154875135 0.01717154 0.012514697 0.031600833 0.017698674 0.016574213 0.021144524 0.07172047 0.02053048 0.017120758 0.01740444 0.012755872 0.020955674 0.033088773 0.028024508 0.015782509 0.025176756 0.017755523 0.027203988 0.021931143 0.019342193 0.016572945 0.020938842 0.03516763 0.028202193 0.019230682 0.014498338 0.017253801 0.031779375 0.01726244 0.022870425 0.022735192,,
1260,3x3x64x64,0.016950622 0.033203013 0.023944752 0.026892863 0.015824925 0.01896755 0.034923933 0.020078294 0.02563219 0.022038339 0.022348043 0.023257997 0.018478565 0.017619584 0.01705509 0.018076455 0.013589747 0.015397564 0.016416788 0.016228165 0.018990677 0.011079008 0.014776638 0.021326609 0.023809899 0.026199186 0.027448772 0.024235114 0.011582335 0.015507248 0.014872279 0.023142334 0.015489403 0.017173635 0.012516225 0.031604692 0.017700834 0.016576236 0.021147104 0.07172923 0.020532988 0.017122848 0.017406566 0.012757428 0.020958232 0.03309281 0.02802793 0.015784435 0.02517983 0.017757691 0.027207308 0.02193382 0.019344555 0.016574968 0.020941397 0.035171922 0.028205635 0.01923303 0.014500108 0.017255906 0.031783253 0.017264547 0.022873215 0.022737967,0.016948555 0.033198964 0.02394183 0.026889581 0.015822994 0.018965235 0.03491967 0.020075845 0.02562906 0.022035649 0.022345316 0.023255158 0.018476311 0.017617432 0.017053008 0.018074248 0.013588089 0.015395685 0.016414786 0.016226184 0.018988358 0.0110776555 0.014774834 0.021324005 0.023806993 0.02619599 0.02744542 0.024232157 0.011580923 0.015505356 0.014870464 0.023139508 0.0154875135 0.01717154 0.012514697 0.031600833 0.017698674 0.016574213 0.021144524 0.07172047 0.02053048 0.017120758 0.01740444 0.012755872 0.020955674 0.033088773 0.028024508 0.015782509 0.025176756 0.017755523 0.027203988 0.021931143 0.019342193 0.016572945 0.020938842 0.03516763 0.028202193 0.019230682 0.014498338 0.017253801 0.031779375 0.01726244 0.022870425 0.022735192,,
1264,3x3x64x64,0.016950622 0.033203013 0.023944752 0.026892863 0.015824925 0.01896755 0.034923933 0.020078294 0.02563219 0.022038339 0.022348043 0.023257997 0.018478565 0.017619584 0.01705509 0.018076455 0.013589747 0.015397564 0.016416788 0.016228165 0.018990677 0.011079008 0.014776638 0.021326609 0.023809899 0.026199186 0.027448772 0.024235114 0.011582335 0.015507248 0.014872279 0.023142334 0.015489403 0.017173635 0.012516225 0.031604692 0.017700834 0.016576236 0.021147104 0.07172923 0.020532988 0.017122848 0.017406566 0.012757428 0.020958232 0.03309281 0.02802793 0.015784435 0.02517983 0.017757691 0.027207308 0.02193382 0.019344555 0.016574968 0.020941397 0.035171922 0.028205635 0.01923303 0.014500108 0.017255906 0.031783253 0.017264547 0.022873215 0.022737967,0.016948555 0.033198964 0.02394183 0.026889581 0.015822994 0.018965235 0.03491967 0.020075845 0.02562906 0.022035649 0.022345316 0.023255158 0.018476311 0.017617432 0.017053008 0.018074248 0.013588089 0.015395685 0.016414786 0.016226184 0.018988358 0.0110776555 0.014774834 0.021324005 0.023806993 0.02619599 0.02744542 0.024232157 0.011580923 0.015505356 0.014870464 0.023139508 0.0154875135 0.01717154 0.012514697 0.031600833 0.017698674 0.016574213 0.021144524 0.07172047 0.02053048 0.017120758 0.01740444 0.012755872 0.020955674 0.033088773 0.028024508 0.015782509 0.025176756 0.017755523 0.027203988 0.021931143 0.019342193 0.016572945 0.020938842 0.03516763 0.028202193 0.019230682 0.014498338 0.017253801 0.031779375 0.01726244 0.022870425 0.022735192,,
1268,3x3x64x64,0.016950622 0.033203013 0.023944752 0.026892863 0.015824925 0.01896755 0.034923933 0.020078294 0.02563219 0.022038339 0.022348043 0.023257997 0.018478565 0.017619584 0.01705509 0.018076455 0.013589747 0.015397564 0.016416788 0.016228165 0.018990677 0.011079008 0.014776638 0.021326609 0.023809899 0.026199186 0.027448772 0.024235114 0.011582335 0.015507248 0.014872279 0.023142334 0.015489403 0.017173635 0.012516225 0.031604692 0.017700834 0.016576236 0.021147104 0.07172923 0.020532988 0.017122848 0.017406566 0.012757428 0.020958232 0.03309281 0.02802793 0.015784435 0.02517983 0.017757691 0.027207308 0.02193382 0.019344555 0.016574968 0.020941397 0.035171922 0.028205635 0.01923303 0.014500108 0.017255906 0.031783253 0.017264547 0.022873215 0.022737967,0.016948555 0.033198964 0.02394183 0.026889581 0.015822994 0.018965235 0.03491967 0.020075845 0.02562906 0.022035649 0.022345316 0.023255158 0.018476311 0.017617432 0.017053008 0.018074248 0.013588089 0.015395685 0.016414786 0.016226184 0.018988358 0.0110776555 0.014774834 0.021324005 0.023806993 0.02619599 0.02744542 0.024232157 0.011580923 0.015505356 0.014870464 0.023139508 0.0154875135 0.01717154 0.012514697 0.031600833 0.017698674 0.016574213 0.021144524 0.07172047 0.02053048 0.017120758 0.01740444 0.012755872 0.020955674 0.033088773 0.028024508 0.015782509 0.025176756 0.017755523 0.027203988 0.021931143 0.019342193 0.016572945 0.020938842 0.03516763 0.028202193 0.019230682 0.014498338 0.017253801 0.031779375 0.01726244 0.022870425 0.022735192,,
1272,3x3x64x64,0.016950622 0.033203013 0.023944752 0.026892863 0.015824925 0.01896755 0.034923933 0.020078294 0.02563219 0.022038339 0.022348043 0.023257997 0.018478565 0.017619584 0.01705509 0.018076455 0.013589747 0.015397564 0.016416788 0.016228165 0.018990677 0.011079008 0.014776638 0.021326609 0.023809899 0.026199186 0.027448772 0.024235114 0.011582335 0.015507248 0.014872279 0.023142334 0.015489403 0.017173635 0.012516225 0.031604692 0.017700834 0.016576236 0.021147104 0.07172923 0.020532988 0.017122848 0.017406566 0.012757428 0.020958232 0.03309281 0.02802793 0.015784435 0.02517983 0.017757691 0.027207308 0.02193382 0.019344555 0.016574968 0.020941397 0.035171922 0.028205635 0.01923303 0.014500108 0.017255906 0.031783253 0.017264547 0.022873215 0.022737967,0.016948555 0.033198964 0.02394183 0.026889581 0.015822994 0.018965235 0.03491967 0.020075845 0.02562906 0.022035649 0.022345316 0.023255158 0.018476311 0.017617432 0.017053008 0.018074248 0.013588089 0.015395685 0.016414786 0.016226184 0.018988358 0.0110776555 0.014774834 0.021324005 0.023806993 0.02619599 0.02744542 0.024232157 0.011580923 0.015505356 0.014870464 0.023139508 0.0154875135 0.01717154 0.012514697 0.031600833 0.017698674 0.016574213 0.021144524 0.07172047 0.02053048 0.017120758 0.01740444 0.012755872 0.020955674 0.033088773 0.028024508 0.015782509 0.025176756 0.017755523 0.027203988 0.021931143 0.019342193 0.016572945 0.020938842 0.03516763 0.028202193 0.019230682 0.014498338 0.017253801 0.031779375 0.01726244 0.022870425 0.022735192,,
1276,3x3x64x64,0.016950622 0.033203013 0.023944752 0.026892863 0.015824925 0.01896755 0.034923933 0.020078294 0.02563219 0.022038339 0.022348043 0.023257997 0.018478565 0.017619584 0.01705509 0.018076455 0.013589747 0.015397564 0.016416788 0.016228165 0.018990677 0.011079008 0.014776638 0.021326609 0.023809899 0.026199186 0.027448772 0.024235114 0.011582335 0.015507248 0.014872279 0.023142334 0.015489403 0.017173635 0.012516225 0.031604692 0.017700834 0.016576236 0.021147104 0.07172923 0.020532988 0.017122848 0.017406566 0.012757428 0.020958232 0.03309281 0.02802793 0.015784435 0.02517983 0.017757691 0.027207308 0.02193382 0.019344555 0.016574968 0.020941397 0.035171922 0.028205635 0.01923303 0.014500108 0.017255906 0.031783253 0.017264547 0.022873215 0.022737967,0.016948555 0.033198964 0.02394183 0.026889581 0.015822994 0.018965235 0.03491967 0.020075845 0.02562906 0.022035649 0.022345316 0.023255158 0.018476311 0.017617432 0.017053008 0.018074248 0.013588089 0.015395685 0.016414786 0.016226184 0.018988358 0.0110776555 0.014774834 0.021324005 0.023806993 0.02619599 0.02744542 0.024232157 0.011580923 0.015505356 0.014870464 0.023139508 0.0154875135 0.01717154 0.012514697 0.031600833 0.017698674 0.016574213 0.021144524 0.07172047 0.02053048 0.017120758 0.01740444 0.012755872 0.020955674 0.033088773 0.028024508 0.015782509 0.025176756 0.017755523 0.027203988 0.021931143 0.019342193 0.016572945 0.020938842 0.03516763 0.028202193 0.019230682 0.014498338 0.017253801 0.031779375 0.01726244 0.022870425 0.022735192,,
1294,3x3x64x64,0.019429116 0.048528753 0.03253888 0.03807312 0.04087912 0.049784012 0.033754904 0.036422927 0.028565176 0.021951353 0.04095599 0.018838653 0.029990831 0.047445018 0.02615234 0.03137133 0.03715103 0.023137666 0.0233196 0.03881255 0.021072937 0.032400597 0.039366543 0.037122585 0.031698745 0.046840463 0.03853533 0.03255457 0.036694773 0.041302178 0.043310948 0.03404638 0.030835092 0.033236098 0.025695216 0.034627803 0.040436037 0.03612227 0.06589407 0.03995464 0.044131376 0.030053822 0.02926574 0.04470072 0.04610835 0.032235462 0.049107153 0.03826178 0.027001075 0.03393437 0.030883415 0.03682602 0.03767941 0.04746415 0.022394909 0.02740591 0.030951938 0.03915805 0.041694503 0.03338862 0.034533832 0.046382662 0.035776 0.0326055,0.019426744 0.04852283 0.03253491 0.03806847 0.04087413 0.049777936 0.033750784 0.036418483 0.02856169 0.021948673 0.040950995 0.018836353 0.029987171 0.047439225 0.02614915 0.031367503 0.037146498 0.023134843 0.023316754 0.038807813 0.021070367 0.03239664 0.03936174 0.037118055 0.031694874 0.046834745 0.038530625 0.032550596 0.036690295 0.041297138 0.04330566 0.034042224 0.030831328 0.03323204 0.025692081 0.034623574 0.040431105 0.03611786 0.06588602 0.039949764 0.044125993 0.030050155 0.029262168 0.044695262 0.046102725 0.03223153 0.04910116 0.038257107 0.02699778 0.03393023 0.030879645 0.03682152 0.03767481 0.047458358 0.022392174 0.027402567 0.03094816 0.03915327 0.041689415 0.033384543 0.034529615 0.046377 0.035771634 0.03260152,,
1298,3x3x64x64,0.019429116 0.048528753 0.03253888 0.03807312 0.04087912 0.049784012 0.033754904 0.036422927 0.028565176 0.021951353 0.04095599 0.018838653 0.029990831 0.047445018 0.02615234 0.03137133 0.03715103 0.023137666 0.0233196 0.03881255 0.021072937 0.032400597 0.039366543 0.037122585 0.031698745 0.046840463 0.03853533 0.03255457 0.036694773 0.041302178 0.043310948 0.03404638 0.030835092 0.033236098 0.025695216 0.034627803 0.040436037 0.03612227 0.06589407 0.03995464 0.044131376 0.030053822 0.02926574 0.04470072 0.04610835 0.032235462 0.049107153 0.03826178 0.027001075 0.03393437 0.030883415 0.03682602 0.03767941 0.04746415 0.022394909 0.02740591 0.030951938 0.03915805 0.041694503 0.03338862 0.034533832 0.046382662 0.035776 0.0326055,0.019426744 0.04852283 0.03253491 0.03806847 0.04087413 0.049777936 0.033750784 0.036418483 0.02856169 0.021948673 0.040950995 0.018836353 0.029987171 0.047439225 0.02614915 0.031367503 0.037146498 0.023134843 0.023316754 0.038807813 0.021070367 0.03239664 0.03936174 0.037118055 0.031694874 0.046834745 0.038530625 0.032550596 0.036690295 0.041297138 0.04330566 0.034042224 0.030831328 0.03323204 0.025692081 0.034623574 0.040431105 0.03611786 0.06588602 0.039949764 0.044125993 0.030050155 0.029262168 0.044695262 0.046102725 0.03223153 0.04910116 0.038257107 0.02699778 0.03393023 0.030879645 0.03682152 0.03767481 0.047458358 0.022392174 0.027402567 0.03094816 0.03915327 0.041689415 0.033384543 0.034529615 0.046377 0.035771634 0.03260152,,
1302,3x3x64x64,0.019429116 0.048528753 0.03253888 0.03807312 0.04087912 0.049784012 0.033754904 0.036422927 0.028565176 0.021951353 0.04095599 0.018838653 0.029990831 0.047445018 0.02615234 0.03137133 0.03715103 0.023137666 0.0233196 0.03881255 0.021072937 0.032400597 0.039366543 0.037122585 0.031698745 0.046840463 0.03853533 0.03255457 0.036694773 0.041302178 0.043310948 0.03404638 0.030835092 0.033236098 0.025695216 0.034627803 0.040436037 0.03612227 0.06589407 0.03995464 0.044131376 0.030053822 0.02926574 0.04470072 0.04610835 0.032235462 0.049107153 0.03826178 0.027001075 0.03393437 0.030883415 0.03682602 0.03767941 0.04746415 0.022394909 0.02740591 0.030951938 0.03915805 0.041694503 0.03338862 0.034533832 0.046382662 0.035776 0.0326055,0.019426744 0.04852283 0.03253491 0.03806847 0.04087413 0.049777936 0.033750784 0.036418483 0.02856169 0.021948673 0.040950995 0.018836353 0.029987171 0.047439225 0.02614915 0.031367503 0.037146498 0.023134843 0.023316754 0.038807813 0.021070367 0.03239664 0.03936174 0.037118055 0.031694874 0.046834745 0.038530625 0.032550596 0.036690295 0.041297138 0.04330566 0.034042224 0.030831328 0.03323204 0.025692081 0.034623574 0.040431105 0.03611786 0.06588602 0.039949764 0.044125993 0.030050155 0.029262168 0.044695262 0.046102725 0.03223153 0.04910116 0.038257107 0.02699778 0.03393023 0.030879645 0.03682152 0.03767481 0.047458358 0.022392174 0.027402567 0.03094816 0.03915327 0.041689415 0.033384543 0.034529615 0.046377 0.035771634 0.03260152,,
1306,3x3x64x64,0.019429116 0.048528753 0.03253888 0.03807312 0.04087912 0.049784012 0.033754904 0.036422927 0.028565176 0.021951353 0.04095599 0.018838653 0.029990831 0.047445018 0.02615234 0.03137133 0.03715103 0.023137666 0.0233196 0.03881255 0.021072937 0.032400597 0.039366543 0.037122585 0.031698745 0.046840463 0.03853533 0.03255457 0.036694773 0.041302178 0.043310948 0.03404638 0.030835092 0.033236098 0.025695216 0.034627803 0.040436037 0.03612227 0.06589407 0.03995464 0.044131376 0.030053822 0.02926574 0.04470072 0.04610835 0.032235462 0.049107153 0.03826178 0.027001075 0.03393437 0.030883415 0.03682602 0.03767941 0.04746415 0.022394909 0.02740591 0.030951938 0.03915805 0.041694503 0.03338862 0.034533832 0.046382662 0.035776 0.0326055,0.019426744 0.04852283 0.03253491 0.03806847 0.04087413 0.049777936 0.033750784 0.036418483 0.02856169 0.021948673 0.040950995 0.018836353 0.029987171 0.047439225 0.02614915 0.031367503 0.037146498 0.023134843 0.023316754 0.038807813 0.021070367 0.03239664 0.03936174 0.037118055 0.031694874 0.046834745 0.038530625 0.032550596 0.036690295 0.041297138 0.04330566 0.034042224 0.030831328 0.03323204 0.025692081 0.034623574 0.040431105 0.03611786 0.06588602 0.039949764 0.044125993 0.030050155 0.029262168 0.044695262 0.046102725 0.03223153 0.04910116 0.038257107 0.02699778 0.03393023 0.030879645 0.03682152 0.03767481 0.047458358 0.022392174 0.027402567 0.03094816 0.03915327 0.041689415 0.033384543 0.034529615 0.046377 0.035771634 0.03260152,,
1310,3x3x64x64,0.019429116 0.048528753 0.03253888 0.03807312 0.04087912 0.049784012 0.033754904 0.036422927 0.028565176 0.021951353 0.04095599 0.018838653 0.029990831 0.047445018 0.02615234 0.03137133 0.03715103 0.023137666 0.0233196 0.03881255 0.021072937 0.032400597 0.039366543 0.037122585 0.031698745 0.046840463 0.03853533 0.03255457 0.036694773 0.041302178 0.043310948 0.03404638 0.030835092 0.033236098 0.025695216 0.034627803 0.040436037 0.03612227 0.06589407 0.03995464 0.044131376 0.030053822 0.02926574 0.04470072 0.04610835 0.032235462 0.049107153 0.03826178 0.027001075 0.03393437 0.030883415 0.03682602 0.03767941 0.04746415 0.022394909 0.02740591 0.030951938 0.03915805 0.041694503 0.03338862 0.034533832 0.046382662 0.035776 0.0326055,0.019426744 0.04852283 0.03253491 0.03806847 0.04087413 0.049777936 0.033750784 0.036418483 0.02856169 0.021948673 0.040950995 0.018836353 0.029987171 0.047439225 0.02614915 0.031367503 0.037146498 0.023134843 0.023316754 0.038807813 0.021070367 0.03239664 0.03936174 0.037118055 0.031694874 0.046834745 0.038530625 0.032550596 0.036690295 0.041297138 0.04330566 0.034042224 0.030831328 0.03323204 0.025692081 0.034623574 0.040431105 0.03611786 0.06588602 0.039949764 0.044125993 0.030050155 0.029262168 0.044695262 0.046102725 0.03223153 0.04910116 0.038257107 0.02699778 0.03393023 0.030879645 0.03682152 0.03767481 0.047458358 0.022392174 0.027402567 0.03094816 0.03915327 0.041689415 0.033384543 0.034529615 0.046377 0.035771634 0.03260152,,
1314,3x3x64x64,0.019429116 0.048528753 0.03253888 0.03807312 0.04087912 0.049784012 0.033754904 0.036422927 0.028565176 0.021951353 0.04095599 0.018838653 0.029990831 0.047445018 0.02615234 0.03137133 0.03715103 0.023137666 0.0233196 0.03881255 0.021072937 0.032400597 0.039366543 0.037122585 0.031698745 0.046840463 0.03853533 0.03255457 0.036694773 0.041302178 0.043310948 0.03404638 0.030835092 0.033236098 0.025695216 0.034627803 0.040436037 0.03612227 0.06589407 0.03995464 0.044131376 0.030053822 0.02926574 0.04470072 0.04610835 0.032235462 0.049107153 0.03826178 0.027001075 0.03393437 0.030883415 0.03682602 0.03767941 0.04746415 0.022394909 0.02740591 0.030951938 0.03915805 0.041694503 0.03338862 0.034533832 0.046382662 0.035776 0.0326055,0.019426744 0.04852283 0.03253491 0.03806847 0.04087413 0.049777936 0.033750784 0.036418483 0.02856169 0.021948673 0.040950995 0.018836353 0.029987171 0.047439225 0.02614915 0.031367503 0.037146498 0.023134843 0.023316754 0.038807813 0.021070367 0.03239664 0.03936174 0.037118055 0.031694874 0.046834745 0.038530625 0.032550596 0.036690295 0.041297138 0.04330566 0.034042224 0.030831328 0.03323204 0.025692081 0.034623574 0.040431105 0.03611786 0.06588602 0.039949764 0.044125993 0.030050155 0.029262168 0.044695262 0.046102725 0.03223153 0.04910116 0.038257107 0.02699778 0.03393023 0.030879645 0.03682152 0.03767481 0.047458358 0.022392174 0.027402567 0.03094816 0.03915327 0.041689415 0.033384543 0.034529615 0.046377 0.035771634 0.03260152,,
1332,3x3x256x64,0.16194992 0.15772077 0.17195022 0.15497157 0.16483912 0.18490583 0.18307641 0.17208986 0.19297199 0.15711625 0.16579421 0.19762236 0.1670395 0.1675031 0.16195336 0.18651989 0.1912672 0.22284429 0.17902549 0.16391064 0.18482876 0.16588306 0.20015682 0.15756917 0.18073806 0.16074455 0.16924538 0.199446 0.1701577 0.1722408 0.1929324 0.23255068 0.20583473 0.18234344 0.1621499 0.16953808 0.18040565 0.18260582 0.16406845 0.1698736 0.16349101 0.17571223 0.15957804 0.16592032 0.1978439 0.1891378 0.1707678 0.17937146 0.14509362 0.19170012 0.1711232 0.19683869 0.18589365 0.1527545 0.16105442 0.16419332 0.17158471 0.19203238 0.18707311 0.15699172 0.16881728 0.21832813 0.24391598 0.20527633,0.16193014 0.15770154 0.17192923 0.15495266 0.164819 0.18488325 0.18305406 0.17206885 0.19294843 0.15709707 0.16577397 0.19759825 0.16701911 0.16748266 0.16193359 0.18649714 0.19124386 0.2228171 0.17900364 0.16389063 0.18480621 0.16586283 0.20013238 0.15754993 0.18071601 0.16072492 0.16922472 0.19942164 0.17013694 0.17221978 0.19290885 0.23252231 0.20580961 0.18232118 0.16213012 0.1695174 0.18038364 0.18258354 0.16404843 0.16985285 0.16347106 0.17569079 0.15955856 0.16590007 0.19781974 0.18911472 0.17074697 0.17934957 0.1450759 0.19167672 0.17110232 0.19681467 0.18587096 0.15273586 0.16103476 0.16417329 0.17156376 0.19200896 0.18705028 0.15697256 0.16879669 0.21830149 0.24388622 0.20525128,,
1336,3x3x256x64,0.16194992 0.15772077 0.17195022 0.15497157 0.16483912 0.18490583 0.18307641 0.17208986 0.19297199 0.15711625 0.16579421 0.19762236 0.1670395 0.1675031 0.16195336 0.18651989 0.1912672 0.22284429 0.17902549 0.16391064 0.18482876 0.16588306 0.20015682 0.15756917 0.18073806 0.16074455 0.16924538 0.199446 0.1701577 0.1722408 0.1929324 0.23255068 0.20583473 0.18234344 0.1621499 0.16953808 0.18040565 0.18260582 0.16406845 0.1698736 0.16349101 0.17571223 0.15957804 0.16592032 0.1978439 0.1891378 0.1707678 0.17937146 0.14509362 0.19170012 0.1711232 0.19683869 0.18589365 0.1527545 0.16105442 0.16419332 0.17158471 0.19203238 0.18707311 0.15699172 0.16881728 0.21832813 0.24391598 0.20527633,0.16193014 0.15770154 0.17192923 0.15495266 0.164819 0.18488325 0.18305406 0.17206885 0.19294843 0.15709707 0.16577397 0.19759825 0.16701911 0.16748266 0.16193359 0.18649714 0.19124386 0.2228171 0.17900364 0.16389063 0.18480621 0.16586283 0.20013238 0.15754993 0.18071601 0.16072492 0.16922472 0.19942164 0.17013694 0.17221978 0.19290885 0.23252231 0.20580961 0.18232118 0.16213012 0.1695174 0.18038364 0.18258354 0.16404843 0.16985285 0.16347106 0.17569079 0.15955856 0.16590007 0.19781974 0.18911472 0.17074697 0.17934957 0.1450759 0.19167672 0.17110232 0.19681467 0.18587096 0.15273586 0.16103476 0.16417329 0.17156376 0.19200896 0.18705028 0.15697256 0.16879669 0.21830149 0.24388622 0.20525128,,
1340,3x3x256x64,0.16194992 0.15772077 0.17195022 0.15497157 0.16483912 0.18490583 0.18307641 0.17208986 0.19297199 0.15711625 0.16579421 0.19762236 0.1670395 0.1675031 0.16195336 0.18651989 0.1912672 0.22284429 0.17902549 0.16391064 0.18482876 0.16588306 0.20015682 0.15756917 0.18073806 0.16074455 0.16924538 0.199446 0.1701577 0.1722408 0.1929324 0.23255068 0.20583473 0.18234344 0.1621499 0.16953808 0.18040565 0.18260582 0.16406845 0.1698736 0.16349101 0.17571223 0.15957804 0.16592032 0.1978439 0.1891378 0.1707678 0.17937146 0.14509362 0.19170012 0.1711232 0.19683869 0.18589365 0.1527545 0.16105442 0.16419332 0.17158471 0.19203238 0.18707311 0.15699172 0.16881728 0.21832813 0.24391598 0.20527633,0.16193014 0.15770154 0.17192923 0.15495266 0.164819 0.18488325 0.18305406 0.17206885 0.19294843 0.15709707 0.16577397 0.19759825 0.16701911 0.16748266 0.16193359 0.18649714 0.19124386 0.2228171 0.17900364 0.16389063 0.18480621 0.16586283 0.20013238 0.15754993 0.18071601 0.16072492 0.16922472 0.19942164 0.17013694 0.17221978 0.19290885 0.23252231 0.20580961 0.18232118 0.16213012 0.1695174 0.18038364 0.18258354 0.16404843 0.16985285 0.16347106 0.17569079 0.15955856 0.16590007 0.19781974 0.18911472 0.17074697 0.17934957 0.1450759 0.19167672 0.17110232 0.19681467 0.18587096 0.15273586 0.16103476 0.16417329 0.17156376 0.19200896 0.18705028 0.15697256 0.16879669 0.21830149 0.24388622 0.20525128,,
1344,3x3x256x64,0.16194992 0.15772077 0.17195022 0.15497157 0.16483912 0.18490583 0.18307641 0.17208986 0.19297199 0.15711625 0.16579421 0.19762236 0.1670395 0.1675031 0.16195336 0.18651989 0.1912672 0.22284429 0.17902549 0.16391064 0.18482876 0.16588306 0.20015682 0.15756917 0.18073806 0.16074455 0.16924538 0.199446 0.1701577 0.1722408 0.1929324 0.23255068 0.20583473 0.18234344 0.1621499 0.16953808 0.18040565 0.18260582 0.16406845 0.1698736 0.16349101 0.17571223 0.15957804 0.16592032 0.1978439 0.1891378 0.1707678 0.17937146 0.14509362 0.19170012 0.1711232 0.19683869 0.18589365 0.1527545 0.16105442 0.16419332 0.17158471 0.19203238 0.18707311 0.15699172 0.16881728 0.21832813 0.24391598 0.20527633,0.16193014 0.15770154 0.17192923 0.15495266 0.164819 0.18488325 0.18305406 0.17206885 0.19294843 0.15709707 0.16577397 0.19759825 0.16701911 0.16748266 0.16193359 0.18649714 0.19124386 0.2228171 0.17900364 0.16389063 0.18480621 0.16586283 0.20013238 0.15754993 0.18071601 0.16072492 0.16922472 0.19942164 0.17013694 0.17221978 0.19290885 0.23252231 0.20580961 0.18232118 0.16213012 0.1695174 0.18038364 0.18258354 0.16404843 0.16985285 0.16347106 0.17569079 0.15955856 0.16590007 0.19781974 0.18911472 0.17074697 0.17934957 0.1450759 0.19167672 0.17110232 0.19681467 0.18587096 0.15273586 0.16103476 0.16417329 0.17156376 0.19200896 0.18705028 0.15697256 0.16879669 0.21830149 0.24388622 0.20525128,,
1348,3x3x256x64,0.16194992 0.15772077 0.17195022 0.15497157 0.16483912 0.18490583 0.18307641 0.17208986 0.19297199 0.15711625 0.16579421 0.19762236 0.1670395 0.1675031 0.16195336 0.18651989 0.1912672 0.22284429 0.17902549 0.16391064 0.18482876 0.16588306 0.20015682 0.15756917 0.18073806 0.16074455 0.16924538 0.199446 0.1701577 0.1722408 0.1929324 0.23255068 0.20583473 0.18234344 0.1621499 0.16953808 0.18040565 0.18260582 0.16406845 0.1698736 0.16349101 0.17571223 0.15957804 0.16592032 0.1978439 0.1891378 0.1707678 0.17937146 0.14509362 0.19170012 0.1711232 0.19683869 0.18589365 0.1527545 0.16105442 0.16419332 0.17158471 0.19203238 0.18707311 0.15699172 0.16881728 0.21832813 0.24391598 0.20527633,0.16193014 0.15770154 0.17192923 0.15495266 0.164819 0.18488325 0.18305406 0.17206885 0.19294843 0.15709707 0.16577397 0.19759825 0.16701911 0.16748266 0.16193359 0.18649714 0.19124386 0.2228171 0.17900364 0.16389063 0.18480621 0.16586283 0.20013238 0.15754993 0.18071601 0.16072492 0.16922472 0.19942164 0.17013694 0.17221978 0.19290885 0.23252231 0.20580961 0.18232118 0.16213012 0.1695174 0.18038364 0.18258354 0.16404843 0.16985285 0.16347106 0.17569079 0.15955856 0.16590007 0.19781974 0.18911472 0.17074697 0.17934957 0.1450759 0.19167672 0.17110232 0.19681467 0.18587096 0.15273586 0.16103476 0.16417329 0.17156376 0.19200896 0.18705028 0.15697256 0.16879669 0.21830149 0.24388622 0.20525128,,
1352,3x3x256x64,0.16194992 0.15772077 0.17195022 0.15497157 0.16483912 0.18490583 0.18307641 0.17208986 0.19297199 0.15711625 0.16579421 0.19762236 0.1670395 0.1675031 0.16195336 0.18651989 0.1912672 0.22284429 0.17902549 0.16391064 0.18482876 0.16588306 0.20015682 0.15756917 0.18073806 0.16074455 0.16924538 0.199446 0.1701577 0.1722408 0.1929324 0.23255068 0.20583473 0.18234344 0.1621499 0.16953808 0.18040565 0.18260582 0.16406845 0.1698736 0.16349101 0.17571223 0.15957804 0.16592032 0.1978439 0.1891378 0.1707678 0.17937146 0.14509362 0.19170012 0.1711232 0.19683869 0.18589365 0.1527545 0.16105442 0.16419332 0.17158471 0.19203238 0.18707311 0.15699172 0.16881728 0.21832813 0.24391598 0.20527633,0.16193014 0.15770154 0.17192923 0.15495266 0.164819 0.18488325 0.18305406 0.17206885 0.19294843 0.15709707 0.16577397 0.19759825 0.16701911 0.16748266 0.16193359 0.18649714 0.19124386 0.2228171 0.17900364 0.16389063 0.18480621 0.16586283 0.20013238 0.15754993 0.18071601 0.16072492 0.16922472 0.19942164 0.17013694 0.17221978 0.19290885 0.23252231 0.20580961 0.18232118 0.16213012 0.1695174 0.18038364 0.18258354 0.16404843 0.16985285 0.16347106 0.17569079 0.15955856 0.16590007 0.19781974 0.18911472 0.17074697 0.17934957 0.1450759 0.19167672 0.17110232 0.19681467 0.18587096 0.15273586 0.16103476 0.16417329 0.17156376 0.19200896 0.18705028 0.15697256 0.16879669 0.21830149 0.24388622 0.20525128,,
