[07/18/26 01:25:03.300] [I] Quantize DType: icraft::xir::IntegerTypeNode
[07/18/26 01:25:03.302] [I] ******************Measure Begin******************
[07/18/26 01:25:03.302] [I] Forward Mode: image
[07/18/26 01:25:03.302] [I] Forward Directory: ./qtset/decoder/nuscenes/coco
[07/18/26 01:25:03.302] [I] Forward List: ./qtset/decoder/nuscenes/coco.txt
[07/18/26 01:25:03.302] [I] Calibration Set Size: 12
[07/18/26 01:25:03.302] [I] Batch Number: 1
[07/18/26 01:25:03.302] [I] Batch Size: 12
[07/18/26 01:25:03.302] [I] Saturation Method: kld
[07/18/26 01:25:03.302] [I] Before ReLU: 0
[07/18/26 01:25:03.379] [I] ******************Batch 0 Begin******************
[07/18/26 01:25:10.928] [I] Measuring Op Id: 0, Type: icraft::xir::InputNode
[07/18/26 01:25:14.072] [I] 	ftmp id: 0, ftmp sat: 8.770345, ftmp max: 12.203125
[07/18/26 01:25:14.590] [I] 	ftmp id: 0, ftmp true_min: -12.203125, true_max: 11.1171875
[07/18/26 01:25:22.580] [I] Measuring Op Id: 36, Type: icraft::xir::ReshapeNode
[07/18/26 01:25:26.139] [I] 	ftmp id: 6, ftmp sat: 8.770345, ftmp max: 12.203125
[07/18/26 01:25:26.398] [I] 	ftmp id: 6, ftmp true_min: -12.203125, true_max: 11.1171875
[07/18/26 01:25:35.490] [I] Measuring Op Id: 4, Type: icraft::xir::Conv2dNode
[07/18/26 01:25:36.158] [I] 	ftmp id: 10, ftmp sat: 26.66476, ftmp max: 34.133892
[07/18/26 01:25:36.219] [I] 	ftmp id: 10, ftmp true_min: -34.133892, true_max: 33.606297
[07/18/26 01:25:40.595] [I] Measuring Op Id: 5, Type: icraft::xir::Conv2dNode
[07/18/26 01:25:41.249] [I] 	ftmp id: 14, ftmp sat: 6.785896, ftmp max: 9.441948
[07/18/26 01:25:41.377] [I] 	ftmp id: 14, ftmp true_min: -9.441948, true_max: 8.974547
[07/18/26 01:25:44.464] [I] Measuring Op Id: 6, Type: icraft::xir::ReLUNode
[07/18/26 01:25:45.418] [I] 	ftmp id: 16, ftmp sat: 5.608818, ftmp max: 8.974547
[07/18/26 01:25:45.543] [I] 	ftmp id: 16, ftmp true_min: -0, true_max: 8.974547
[07/18/26 01:25:49.935] [I] Measuring Op Id: 7, Type: icraft::xir::Conv2dNode
[07/18/26 01:25:50.605] [I] 	ftmp id: 20, ftmp sat: 11.630702, ftmp max: 18.610033
[07/18/26 01:25:50.663] [I] 	ftmp id: 20, ftmp true_min: -18.610033, true_max: 13.424835
[07/18/26 01:25:53.940] [I] Measuring Op Id: 8, Type: icraft::xir::AddNode
[07/18/26 01:25:54.602] [I] 	ftmp id: 23, ftmp sat: 27.019627, ftmp max: 34.58816
[07/18/26 01:25:54.666] [I] 	ftmp id: 23, ftmp true_min: -34.58816, true_max: 29.97757
[07/18/26 01:25:57.614] [I] Measuring Op Id: 9, Type: icraft::xir::ReLUNode
[07/18/26 01:25:58.476] [I] 	ftmp id: 25, ftmp sat: 29.973911, ftmp max: 29.97757
[07/18/26 01:25:58.572] [I] 	ftmp id: 25, ftmp true_min: -0, true_max: 29.97757
[07/18/26 01:26:02.063] [I] Measuring Op Id: 10, Type: icraft::xir::Conv2dNode
[07/18/26 01:26:02.193] [I] 	ftmp id: 29, ftmp sat: 7.333689, ftmp max: 9.779048
[07/18/26 01:26:02.229] [I] 	ftmp id: 29, ftmp true_min: -9.779048, true_max: 9.738075
[07/18/26 01:26:04.718] [I] Measuring Op Id: 11, Type: icraft::xir::ReLUNode
[07/18/26 01:26:04.921] [I] 	ftmp id: 31, ftmp sat: 9.736887, ftmp max: 9.738075
[07/18/26 01:26:04.937] [I] 	ftmp id: 31, ftmp true_min: -0, true_max: 9.738075
[07/18/26 01:26:07.656] [I] Measuring Op Id: 12, Type: icraft::xir::Conv2dNode
[07/18/26 01:26:07.788] [I] 	ftmp id: 35, ftmp sat: 8.922399, ftmp max: 15.862473
[07/18/26 01:26:07.817] [I] 	ftmp id: 35, ftmp true_min: -14.067667, true_max: 15.862473
[07/18/26 01:26:10.288] [I] Measuring Op Id: 13, Type: icraft::xir::ReLUNode
[07/18/26 01:26:10.497] [I] 	ftmp id: 37, ftmp sat: 7.9312363, ftmp max: 15.862473
[07/18/26 01:26:10.512] [I] 	ftmp id: 37, ftmp true_min: -0, true_max: 15.862473
[07/18/26 01:26:13.354] [I] Measuring Op Id: 14, Type: icraft::xir::Conv2dNode
[07/18/26 01:26:13.488] [I] 	ftmp id: 41, ftmp sat: 10.413983, ftmp max: 23.80256
[07/18/26 01:26:13.505] [I] 	ftmp id: 41, ftmp true_min: -23.80256, true_max: 16.259512
[07/18/26 01:26:16.083] [I] Measuring Op Id: 15, Type: icraft::xir::AddNode
[07/18/26 01:26:16.212] [I] 	ftmp id: 44, ftmp sat: 11.157632, ftmp max: 23.80256
[07/18/26 01:26:16.225] [I] 	ftmp id: 44, ftmp true_min: -23.80256, true_max: 18.776958
[07/18/26 01:26:18.465] [I] Measuring Op Id: 16, Type: icraft::xir::ReLUNode
[07/18/26 01:26:18.682] [I] 	ftmp id: 46, ftmp sat: 9.388479, ftmp max: 18.776958
[07/18/26 01:26:18.694] [I] 	ftmp id: 46, ftmp true_min: -0, true_max: 18.776958
[07/18/26 01:26:21.437] [I] Measuring Op Id: 17, Type: icraft::xir::Conv2dNode
[07/18/26 01:26:21.593] [I] 	ftmp id: 50, ftmp sat: 6.3982306, ftmp max: 9.750251
[07/18/26 01:26:21.617] [I] 	ftmp id: 50, ftmp true_min: -9.750251, true_max: 7.7657776
[07/18/26 01:26:24.007] [I] Measuring Op Id: 18, Type: icraft::xir::ReLUNode
[07/18/26 01:26:24.214] [I] 	ftmp id: 52, ftmp sat: 3.8828888, ftmp max: 7.7657776
[07/18/26 01:26:24.225] [I] 	ftmp id: 52, ftmp true_min: -0, true_max: 7.7657776
[07/18/26 01:26:27.046] [I] Measuring Op Id: 19, Type: icraft::xir::Conv2dNode
[07/18/26 01:26:27.181] [I] 	ftmp id: 56, ftmp sat: 8.302095, ftmp max: 14.759682
[07/18/26 01:26:27.199] [I] 	ftmp id: 56, ftmp true_min: -14.759682, true_max: 10.117456
[07/18/26 01:26:29.453] [I] Measuring Op Id: 20, Type: icraft::xir::ReLUNode
[07/18/26 01:26:29.658] [I] 	ftmp id: 58, ftmp sat: 5.058728, ftmp max: 10.117456
[07/18/26 01:26:29.684] [I] 	ftmp id: 58, ftmp true_min: -0, true_max: 10.117456
[07/18/26 01:26:32.315] [I] Measuring Op Id: 21, Type: icraft::xir::Conv2dNode
[07/18/26 01:26:32.447] [I] 	ftmp id: 62, ftmp sat: 9.54697, ftmp max: 20.366539
[07/18/26 01:26:32.470] [I] 	ftmp id: 62, ftmp true_min: -20.366539, true_max: 9.564312
[07/18/26 01:26:35.144] [I] Measuring Op Id: 22, Type: icraft::xir::AddNode
[07/18/26 01:26:35.284] [I] 	ftmp id: 65, ftmp sat: 10.1832695, ftmp max: 20.366539
[07/18/26 01:26:35.310] [I] 	ftmp id: 65, ftmp true_min: -20.366539, true_max: 9.566414
[07/18/26 01:26:37.767] [I] Measuring Op Id: 23, Type: icraft::xir::ReLUNode
[07/18/26 01:26:37.976] [I] 	ftmp id: 67, ftmp sat: 9.565247, ftmp max: 9.566414
[07/18/26 01:26:37.986] [I] 	ftmp id: 67, ftmp true_min: -0, true_max: 9.566414
[07/18/26 01:26:40.728] [I] Measuring Op Id: 24, Type: icraft::xir::Conv2dNode
[07/18/26 01:26:40.857] [I] 	ftmp id: 71, ftmp sat: 6.790539, ftmp max: 9.877805
[07/18/26 01:26:40.868] [I] 	ftmp id: 71, ftmp true_min: -9.843324, true_max: 9.877805
[07/18/26 01:26:43.090] [I] Measuring Op Id: 25, Type: icraft::xir::ReLUNode
[07/18/26 01:26:43.292] [I] 	ftmp id: 73, ftmp sat: 4.9389024, ftmp max: 9.877805
[07/18/26 01:26:43.311] [I] 	ftmp id: 73, ftmp true_min: -0, true_max: 9.877805
[07/18/26 01:26:45.909] [I] Measuring Op Id: 28, Type: icraft::xir::TransposeNode
[07/18/26 01:26:46.110] [I] 	ftmp id: 79, ftmp sat: 4.9389024, ftmp max: 9.877805
[07/18/26 01:26:46.123] [I] 	ftmp id: 79, ftmp true_min: -0, true_max: 9.877805
[07/18/26 01:26:48.601] [I] Measuring Op Id: 29, Type: icraft::xir::Conv2dNode
[07/18/26 01:26:48.669] [I] 	ftmp id: 83, ftmp sat: 26.505835, ftmp max: 33.93045
[07/18/26 01:26:48.679] [I] 	ftmp id: 83, ftmp true_min: -33.93045, true_max: 10.62422
[07/18/26 01:26:51.202] [I] Measuring Op Id: 31, Type: icraft::xir::Conv2dNode
[07/18/26 01:26:51.266] [I] 	ftmp id: 89, ftmp sat: 8.896452, ftmp max: 12.941155
[07/18/26 01:26:51.271] [I] 	ftmp id: 89, ftmp true_min: -12.941155, true_max: 9.610334
[07/18/26 01:26:53.793] [I] Measuring Op Id: 33, Type: icraft::xir::Conv2dNode
[07/18/26 01:26:53.809] [I] 	ftmp id: 95, ftmp sat: 11.570785, ftmp max: 15.428968
[07/18/26 01:26:53.810] [I] 	ftmp id: 95, ftmp true_min: -15.146948, true_max: 15.428968
[07/18/26 01:26:56.256] [I] Measuring Op Id: 34, Type: icraft::xir::SigmoidNode
[07/18/26 01:26:56.334] [I] 	ftmp id: 97, ftmp sat: 0.6249543, ftmp max: 0.9999757
[07/18/26 01:26:56.350] [I] 	ftmp id: 97, ftmp true_min: 1.8373532e-15, true_max: 0.9999757
[07/18/26 01:26:58.521] [I] ******************Batch 0 End******************
[07/18/26 01:26:58.543] [I] ******************Measure End******************
[07/18/26 01:26:58.549] [I] 	ftmp id: 0, default normratio = 0
[07/18/26 01:26:58.550] [I] 	ftmp id: 6, calculate normratio = 0.06905783
[07/18/26 01:26:58.550] [I] 	ftmp id: 10, calculate normratio = 0.20995875
[07/18/26 01:26:58.550] [I] 	ftmp id: 14, calculate normratio = 0.04416392
[07/18/26 01:26:58.550] [I] 	ftmp id: 16, calculate normratio = 0.04416392
[07/18/26 01:26:58.550] [I] 	ftmp id: 20, calculate normratio = 0.09158033
[07/18/26 01:26:58.550] [I] 	ftmp id: 23, calculate normratio = 0.21275297
[07/18/26 01:26:58.550] [I] 	ftmp id: 25, calculate normratio = 0.23601505
[07/18/26 01:26:58.550] [I] 	ftmp id: 29, calculate normratio = 0.076668404
[07/18/26 01:26:58.550] [I] 	ftmp id: 31, calculate normratio = 0.076668404
[07/18/26 01:26:58.550] [I] 	ftmp id: 35, calculate normratio = 0.06245068
[07/18/26 01:26:58.550] [I] 	ftmp id: 37, calculate normratio = 0.06245068
[07/18/26 01:26:58.550] [I] 	ftmp id: 41, calculate normratio = 0.08199987
[07/18/26 01:26:58.550] [I] 	ftmp id: 44, calculate normratio = 0.08785537
[07/18/26 01:26:58.550] [I] 	ftmp id: 46, calculate normratio = 0.07392503
[07/18/26 01:26:58.550] [I] 	ftmp id: 50, calculate normratio = 0.030573927
[07/18/26 01:26:58.550] [I] 	ftmp id: 52, calculate normratio = 0.030573927
[07/18/26 01:26:58.550] [I] 	ftmp id: 56, calculate normratio = 0.039832506
[07/18/26 01:26:58.550] [I] 	ftmp id: 58, calculate normratio = 0.039832506
[07/18/26 01:26:58.550] [I] 	ftmp id: 62, calculate normratio = 0.075173
[07/18/26 01:26:58.550] [I] 	ftmp id: 65, calculate normratio = 0.08018322
[07/18/26 01:26:58.550] [I] 	ftmp id: 67, calculate normratio = 0.0753169
[07/18/26 01:26:58.550] [I] 	ftmp id: 71, calculate normratio = 0.038888995
[07/18/26 01:26:58.550] [I] 	ftmp id: 73, calculate normratio = 0.038888995
[07/18/26 01:26:58.550] [I] 	ftmp id: 79, calculate normratio = 0.038888995
[07/18/26 01:26:58.550] [I] 	ftmp id: 83, calculate normratio = 0.20870736
[07/18/26 01:26:58.550] [I] 	ftmp id: 89, calculate normratio = 0.070050806
[07/18/26 01:26:58.550] [I] 	ftmp id: 95, calculate normratio = 0.09110854
[07/18/26 01:26:58.550] [I] 	ftmp id: 97, calculate normratio = 0.0049209
[07/18/26 01:26:58.550] [I] Calculate Scale Op Id: 0, Type: icraft::xir::InputNode
[07/18/26 01:26:58.551] [I] 	ftmp id: 0, default normratio = 0
[07/18/26 01:26:58.551] [I] Calculate Scale Op Id: 69, Type: icraft::xir::CastNode
[07/18/26 01:26:58.551] [I] 	ftmp id: 110, default normratio = 1
[07/18/26 01:26:58.551] [I] Calculate Scale Op Id: 70, Type: icraft::xir::CastNode
[07/18/26 01:26:58.551] [I] 	ftmp id: 112, calculate normratio = 0.06905783
[07/18/26 01:26:58.551] [I] Calculate Scale Op Id: 36, Type: icraft::xir::ReshapeNode
[07/18/26 01:26:58.551] [I] 	 ReshapeNormratio from opid: -1 to op : 36,optype:icraft::xir::ReshapeNode
[07/18/26 01:26:58.552] [I] 	ftmp id: 6, pass normratio from ftmp 112
[07/18/26 01:26:58.552] [I] Calculate Scale Op Id: 4, Type: icraft::xir::Conv2dNode
[07/18/26 01:26:58.552] [I] 	ftmp id: 10, calculate normratio = 0.20995875
[07/18/26 01:26:58.552] [I] Calculate Scale Op Id: 5, Type: icraft::xir::Conv2dNode
[07/18/26 01:26:58.552] [I] 	ftmp id: 14, calculate normratio = 0.04416392
[07/18/26 01:26:58.552] [I] Calculate Scale Op Id: 6, Type: icraft::xir::ReLUNode
[07/18/26 01:26:58.552] [I] 	 PassNormratio from opid: -1 to op : 6,optype:icraft::xir::ReLUNode
[07/18/26 01:26:58.552] [I] 	ftmp id: 16, pass normratio from ftmp 14
[07/18/26 01:26:58.552] [I] Calculate Scale Op Id: 7, Type: icraft::xir::Conv2dNode
[07/18/26 01:26:58.552] [I] 	ftmp id: 20, calculate normratio = 0.09158033
[07/18/26 01:26:58.552] [I] Calculate Scale Op Id: 8, Type: icraft::xir::AddNode
[07/18/26 01:26:58.552] [I] 	ftmp id: 23, calculate normratio = 0.21275297
[07/18/26 01:26:58.552] [I] Calculate Scale Op Id: 9, Type: icraft::xir::ReLUNode
[07/18/26 01:26:58.552] [I] 	 PassNormratio from opid: -1 to op : 9,optype:icraft::xir::ReLUNode
[07/18/26 01:26:58.552] [I] 	ftmp id: 25, pass normratio from ftmp 23
[07/18/26 01:26:58.552] [I] Calculate Scale Op Id: 10, Type: icraft::xir::Conv2dNode
[07/18/26 01:26:58.552] [I] 	ftmp id: 29, calculate normratio = 0.076668404
[07/18/26 01:26:58.552] [I] Calculate Scale Op Id: 11, Type: icraft::xir::ReLUNode
[07/18/26 01:26:58.552] [I] 	 PassNormratio from opid: -1 to op : 11,optype:icraft::xir::ReLUNode
[07/18/26 01:26:58.552] [I] 	ftmp id: 31, pass normratio from ftmp 29
[07/18/26 01:26:58.552] [I] Calculate Scale Op Id: 12, Type: icraft::xir::Conv2dNode
[07/18/26 01:26:58.552] [I] 	ftmp id: 35, calculate normratio = 0.06245068
[07/18/26 01:26:58.552] [I] Calculate Scale Op Id: 13, Type: icraft::xir::ReLUNode
[07/18/26 01:26:58.552] [I] 	 PassNormratio from opid: -1 to op : 13,optype:icraft::xir::ReLUNode
[07/18/26 01:26:58.552] [I] 	ftmp id: 37, pass normratio from ftmp 35
[07/18/26 01:26:58.552] [I] Calculate Scale Op Id: 14, Type: icraft::xir::Conv2dNode
[07/18/26 01:26:58.552] [I] 	ftmp id: 41, calculate normratio = 0.08199987
[07/18/26 01:26:58.552] [I] Calculate Scale Op Id: 15, Type: icraft::xir::AddNode
[07/18/26 01:26:58.552] [I] 	ftmp id: 44, calculate normratio = 0.08785537
[07/18/26 01:26:58.552] [I] Calculate Scale Op Id: 16, Type: icraft::xir::ReLUNode
[07/18/26 01:26:58.552] [I] 	 PassNormratio from opid: -1 to op : 16,optype:icraft::xir::ReLUNode
[07/18/26 01:26:58.552] [I] 	ftmp id: 46, pass normratio from ftmp 44
[07/18/26 01:26:58.552] [I] Calculate Scale Op Id: 17, Type: icraft::xir::Conv2dNode
[07/18/26 01:26:58.552] [I] 	ftmp id: 50, calculate normratio = 0.030573927
[07/18/26 01:26:58.552] [I] Calculate Scale Op Id: 18, Type: icraft::xir::ReLUNode
[07/18/26 01:26:58.552] [I] 	 PassNormratio from opid: -1 to op : 18,optype:icraft::xir::ReLUNode
[07/18/26 01:26:58.552] [I] 	ftmp id: 52, pass normratio from ftmp 50
[07/18/26 01:26:58.552] [I] Calculate Scale Op Id: 19, Type: icraft::xir::Conv2dNode
[07/18/26 01:26:58.552] [I] 	ftmp id: 56, calculate normratio = 0.039832506
[07/18/26 01:26:58.552] [I] Calculate Scale Op Id: 20, Type: icraft::xir::ReLUNode
[07/18/26 01:26:58.552] [I] 	 PassNormratio from opid: -1 to op : 20,optype:icraft::xir::ReLUNode
[07/18/26 01:26:58.552] [I] 	ftmp id: 58, pass normratio from ftmp 56
[07/18/26 01:26:58.552] [I] Calculate Scale Op Id: 21, Type: icraft::xir::Conv2dNode
[07/18/26 01:26:58.552] [I] 	ftmp id: 62, calculate normratio = 0.075173
[07/18/26 01:26:58.552] [I] Calculate Scale Op Id: 22, Type: icraft::xir::AddNode
[07/18/26 01:26:58.552] [I] 	ftmp id: 65, calculate normratio = 0.08018322
[07/18/26 01:26:58.552] [I] Calculate Scale Op Id: 23, Type: icraft::xir::ReLUNode
[07/18/26 01:26:58.552] [I] 	 PassNormratio from opid: -1 to op : 23,optype:icraft::xir::ReLUNode
[07/18/26 01:26:58.552] [I] 	ftmp id: 67, pass normratio from ftmp 65
[07/18/26 01:26:58.552] [I] Calculate Scale Op Id: 24, Type: icraft::xir::Conv2dNode
[07/18/26 01:26:58.552] [I] 	ftmp id: 71, calculate normratio = 0.038888995
[07/18/26 01:26:58.552] [I] Calculate Scale Op Id: 25, Type: icraft::xir::ReLUNode
[07/18/26 01:26:58.552] [I] 	 PassNormratio from opid: -1 to op : 25,optype:icraft::xir::ReLUNode
[07/18/26 01:26:58.552] [I] 	ftmp id: 73, pass normratio from ftmp 71
[07/18/26 01:26:58.552] [I] Calculate Scale Op Id: 28, Type: icraft::xir::TransposeNode
[07/18/26 01:26:58.552] [I] 	 ReshapeNormratio from opid: -1 to op : 28,optype:icraft::xir::TransposeNode
[07/18/26 01:26:58.553] [I] 	ftmp id: 79, pass normratio from ftmp 73
[07/18/26 01:26:58.553] [I] Calculate Scale Op Id: 29, Type: icraft::xir::Conv2dNode
[07/18/26 01:26:58.553] [I] 	ftmp id: 83, calculate normratio = 0.20870736
[07/18/26 01:26:58.553] [I] Calculate Scale Op Id: 31, Type: icraft::xir::Conv2dNode
[07/18/26 01:26:58.553] [I] 	ftmp id: 89, calculate normratio = 0.070050806
[07/18/26 01:26:58.553] [I] Calculate Scale Op Id: 33, Type: icraft::xir::Conv2dNode
[07/18/26 01:26:58.553] [I] 	ftmp id: 95, calculate normratio = 0.09110854
[07/18/26 01:26:58.553] [I] Calculate Scale Op Id: 34, Type: icraft::xir::SigmoidNode
[07/18/26 01:26:58.553] [I] 	ftmp id: 97, calculate normratio = 0.0049209
[07/18/26 01:26:58.553] [I] Calculate Scale Op Id: 71, Type: icraft::xir::CastNode
[07/18/26 01:26:58.553] [I] 	ftmp id: 114, default normratio = 1
[07/18/26 01:26:58.553] [I] Calculate Scale Op Id: 72, Type: icraft::xir::CastNode
[07/18/26 01:26:58.553] [I] 	ftmp id: 116, default normratio = 1
[07/18/26 01:26:58.553] [I] Calculate Scale Op Id: 73, Type: icraft::xir::CastNode
[07/18/26 01:26:58.553] [I] 	ftmp id: 118, default normratio = 1
[07/18/26 01:26:58.553] [I] Calculate Scale Op Id: 74, Type: icraft::xir::CastNode
[07/18/26 01:26:58.553] [I] 	ftmp id: 120, default normratio = 1
[07/18/26 01:26:58.553] [I] Calculate Scale Op Id: 75, Type: icraft::xir::CastNode
[07/18/26 01:26:58.553] [I] 	ftmp id: 122, default normratio = 1
[07/18/26 01:26:58.553] [I] Calculate Scale Op Id: 76, Type: icraft::xir::CastNode
[07/18/26 01:26:58.553] [I] 	ftmp id: 124, default normratio = 1
[07/18/26 01:26:58.553] [I] Calculate Scale Op Id: 35, Type: icraft::xir::OutputNode
[07/18/26 01:26:58.553] [I] Quantizing Op Id: 0, Type: icraft::xir::InputNode
[07/18/26 01:26:58.553] [I] Quantizing Op Id: 69, Type: icraft::xir::CastNode
[07/18/26 01:26:58.553] [I] Quantizing Op Id: 70, Type: icraft::xir::CastNode
[07/18/26 01:26:58.553] [I] Quantizing Op Id: 36, Type: icraft::xir::ReshapeNode
[07/18/26 01:26:58.553] [I] Quantizing Op Id: 4, Type: icraft::xir::Conv2dNode
[07/18/26 01:26:58.560] [I] 	Measuring Weight: channel: 1, sat: 0.23223697, max: 0.23226532
[07/18/26 01:26:58.563] [I] 	Measuring Weight: channel: 2, sat: 0.19285429, max: 0.19287781
[07/18/26 01:26:58.566] [I] 	Measuring Weight: channel: 3, sat: 0.2211639, max: 0.22119088
[07/18/26 01:26:58.569] [I] 	Measuring Weight: channel: 4, sat: 0.2991386, max: 0.2991751
[07/18/26 01:26:58.572] [I] 	Measuring Weight: channel: 5, sat: 0.37075445, max: 0.37079972
[07/18/26 01:26:58.574] [I] 	Measuring Weight: channel: 6, sat: 0.2419052, max: 0.24193473
[07/18/26 01:26:58.577] [I] 	Measuring Weight: channel: 7, sat: 0.21040232, max: 0.21042801
[07/18/26 01:26:58.580] [I] 	Measuring Weight: channel: 8, sat: 0.22742334, max: 0.2274511
[07/18/26 01:26:58.583] [I] 	Measuring Weight: channel: 9, sat: 0.23842096, max: 0.23845007
[07/18/26 01:26:58.586] [I] 	Measuring Weight: channel: 10, sat: 0.19539717, max: 0.19542103
[07/18/26 01:26:58.589] [I] 	Measuring Weight: channel: 11, sat: 0.20545132, max: 0.2054764
[07/18/26 01:26:58.592] [I] 	Measuring Weight: channel: 12, sat: 0.1726611, max: 0.17268218
[07/18/26 01:26:58.594] [I] 	Measuring Weight: channel: 13, sat: 0.209103, max: 0.20912853
[07/18/26 01:26:58.597] [I] 	Measuring Weight: channel: 14, sat: 0.21200165, max: 0.21202752
[07/18/26 01:26:58.600] [I] 	Measuring Weight: channel: 15, sat: 0.16339429, max: 0.16341424
[07/18/26 01:26:58.603] [I] 	Measuring Weight: channel: 16, sat: 0.22506738, max: 0.22509484
[07/18/26 01:26:58.606] [I] 	Measuring Weight: channel: 17, sat: 0.20047192, max: 0.20049639
[07/18/26 01:26:58.609] [I] 	Measuring Weight: channel: 18, sat: 0.18450508, max: 0.1845276
[07/18/26 01:26:58.612] [I] 	Measuring Weight: channel: 19, sat: 0.21036284, max: 0.21038851
[07/18/26 01:26:58.615] [I] 	Measuring Weight: channel: 20, sat: 0.23363045, max: 0.23365895
[07/18/26 01:26:58.618] [I] 	Measuring Weight: channel: 21, sat: 0.28094456, max: 0.28097883
[07/18/26 01:26:58.621] [I] 	Measuring Weight: channel: 22, sat: 0.22058176, max: 0.22060868
[07/18/26 01:26:58.624] [I] 	Measuring Weight: channel: 23, sat: 0.22419432, max: 0.22422169
[07/18/26 01:26:58.627] [I] 	Measuring Weight: channel: 24, sat: 0.2406189, max: 0.24064827
[07/18/26 01:26:58.630] [I] 	Measuring Weight: channel: 25, sat: 0.18661939, max: 0.18664216
[07/18/26 01:26:58.633] [I] 	Measuring Weight: channel: 26, sat: 0.19177261, max: 0.19179602
[07/18/26 01:26:58.636] [I] 	Measuring Weight: channel: 27, sat: 0.20797007, max: 0.20799546
[07/18/26 01:26:58.639] [I] 	Measuring Weight: channel: 28, sat: 0.31613666, max: 0.31617522
[07/18/26 01:26:58.642] [I] 	Measuring Weight: channel: 29, sat: 0.29963285, max: 0.2996694
[07/18/26 01:26:58.645] [I] 	Measuring Weight: channel: 30, sat: 0.20882669, max: 0.20885219
[07/18/26 01:26:58.648] [I] 	Measuring Weight: channel: 31, sat: 0.22122437, max: 0.22125137
[07/18/26 01:26:58.650] [I] 	Measuring Weight: channel: 32, sat: 0.25256485, max: 0.2525957
[07/18/26 01:26:58.653] [I] 	Measuring Weight: channel: 33, sat: 0.16582574, max: 0.16584599
[07/18/26 01:26:58.656] [I] 	Measuring Weight: channel: 34, sat: 0.21010303, max: 0.21012868
[07/18/26 01:26:58.658] [I] 	Measuring Weight: channel: 35, sat: 0.17020987, max: 0.17023064
[07/18/26 01:26:58.661] [I] 	Measuring Weight: channel: 36, sat: 0.26053083, max: 0.26056263
[07/18/26 01:26:58.663] [I] 	Measuring Weight: channel: 37, sat: 0.21072122, max: 0.21074694
[07/18/26 01:26:58.666] [I] 	Measuring Weight: channel: 38, sat: 0.2001993, max: 0.20022374
[07/18/26 01:26:58.668] [I] 	Measuring Weight: channel: 39, sat: 0.2498419, max: 0.2498724
[07/18/26 01:26:58.671] [I] 	Measuring Weight: channel: 40, sat: 0.27493638, max: 0.27496994
[07/18/26 01:26:58.673] [I] 	Measuring Weight: channel: 41, sat: 0.20801957, max: 0.20804496
[07/18/26 01:26:58.676] [I] 	Measuring Weight: channel: 42, sat: 0.25257522, max: 0.25260606
[07/18/26 01:26:58.678] [I] 	Measuring Weight: channel: 43, sat: 0.19958934, max: 0.1996137
[07/18/26 01:26:58.681] [I] 	Measuring Weight: channel: 44, sat: 0.21833694, max: 0.2183636
[07/18/26 01:26:58.683] [I] 	Measuring Weight: channel: 45, sat: 0.23527914, max: 0.23530786
[07/18/26 01:26:58.686] [I] 	Measuring Weight: channel: 46, sat: 0.24416275, max: 0.24419256
[07/18/26 01:26:58.688] [I] 	Measuring Weight: channel: 47, sat: 0.2130016, max: 0.21302758
[07/18/26 01:26:58.690] [I] 	Measuring Weight: channel: 48, sat: 0.27693057, max: 0.27696437
[07/18/26 01:26:58.693] [I] 	Measuring Weight: channel: 49, sat: 0.20962338, max: 0.20964897
[07/18/26 01:26:58.695] [I] 	Measuring Weight: channel: 50, sat: 0.25862125, max: 0.2586528
[07/18/26 01:26:58.698] [I] 	Measuring Weight: channel: 51, sat: 0.21876559, max: 0.21879229
[07/18/26 01:26:58.700] [I] 	Measuring Weight: channel: 52, sat: 0.2584465, max: 0.25847808
[07/18/26 01:26:58.703] [I] 	Measuring Weight: channel: 53, sat: 0.18617316, max: 0.18619588
[07/18/26 01:26:58.705] [I] 	Measuring Weight: channel: 54, sat: 0.26948255, max: 0.26951542
[07/18/26 01:26:58.708] [I] 	Measuring Weight: channel: 55, sat: 0.18811844, max: 0.1881414
[07/18/26 01:26:58.711] [I] 	Measuring Weight: channel: 56, sat: 0.26353428, max: 0.26356646
[07/18/26 01:26:58.713] [I] 	Measuring Weight: channel: 57, sat: 0.21412891, max: 0.21415505
[07/18/26 01:26:58.716] [I] 	Measuring Weight: channel: 58, sat: 0.23913097, max: 0.23916015
[07/18/26 01:26:58.718] [I] 	Measuring Weight: channel: 59, sat: 0.21465899, max: 0.2146852
[07/18/26 01:26:58.721] [I] 	Measuring Weight: channel: 60, sat: 0.17945428, max: 0.17947619
[07/18/26 01:26:58.723] [I] 	Measuring Weight: channel: 61, sat: 0.21667641, max: 0.21670286
[07/18/26 01:26:58.726] [I] 	Measuring Weight: channel: 62, sat: 0.2733785, max: 0.27341184
[07/18/26 01:26:58.728] [I] 	Measuring Weight: channel: 63, sat: 0.20583186, max: 0.20585698
[07/18/26 01:26:58.730] [I] 	Measuring Weight: channel: 64, sat: 0.18503894, max: 0.18506151
[07/18/26 01:26:58.733] [I] 	Measuring Weight: channel: 65, sat: 0.17280026, max: 0.17282136
[07/18/26 01:26:58.735] [I] 	Measuring Weight: channel: 66, sat: 0.14817508, max: 0.14819315
[07/18/26 01:26:58.738] [I] 	Measuring Weight: channel: 67, sat: 0.21823807, max: 0.2182647
[07/18/26 01:26:58.740] [I] 	Measuring Weight: channel: 68, sat: 0.19428825, max: 0.19431198
[07/18/26 01:26:58.743] [I] 	Measuring Weight: channel: 69, sat: 0.21252464, max: 0.21255058
[07/18/26 01:26:58.745] [I] 	Measuring Weight: channel: 70, sat: 0.23618183, max: 0.23621064
[07/18/26 01:26:58.748] [I] 	Measuring Weight: channel: 71, sat: 0.16422348, max: 0.16424352
[07/18/26 01:26:58.750] [I] 	Measuring Weight: channel: 72, sat: 0.28519934, max: 0.28523415
[07/18/26 01:26:58.752] [I] 	Measuring Weight: channel: 73, sat: 0.23324221, max: 0.23327069
[07/18/26 01:26:58.755] [I] 	Measuring Weight: channel: 74, sat: 0.26967236, max: 0.2697053
[07/18/26 01:26:58.757] [I] 	Measuring Weight: channel: 75, sat: 0.23874824, max: 0.23877737
[07/18/26 01:26:58.760] [I] 	Measuring Weight: channel: 76, sat: 0.23784098, max: 0.23787001
[07/18/26 01:26:58.762] [I] 	Measuring Weight: channel: 77, sat: 0.25801522, max: 0.2580467
[07/18/26 01:26:58.765] [I] 	Measuring Weight: channel: 78, sat: 0.18051256, max: 0.18053459
[07/18/26 01:26:58.767] [I] 	Measuring Weight: channel: 79, sat: 0.22289516, max: 0.22292235
[07/18/26 01:26:58.769] [I] 	Measuring Weight: channel: 80, sat: 0.29562083, max: 0.2956569
[07/18/26 01:26:58.772] [I] 	Measuring Weight: channel: 81, sat: 0.31978258, max: 0.3198216
[07/18/26 01:26:58.774] [I] 	Measuring Weight: channel: 82, sat: 0.24979351, max: 0.249824
[07/18/26 01:26:58.777] [I] 	Measuring Weight: channel: 83, sat: 0.22067417, max: 0.2207011
[07/18/26 01:26:58.779] [I] 	Measuring Weight: channel: 84, sat: 0.18069501, max: 0.18071707
[07/18/26 01:26:58.782] [I] 	Measuring Weight: channel: 85, sat: 0.22460416, max: 0.22463156
[07/18/26 01:26:58.784] [I] 	Measuring Weight: channel: 86, sat: 0.26936942, max: 0.2694023
[07/18/26 01:26:58.786] [I] 	Measuring Weight: channel: 87, sat: 0.24898896, max: 0.24901935
[07/18/26 01:26:58.789] [I] 	Measuring Weight: channel: 88, sat: 0.2921457, max: 0.29218137
[07/18/26 01:26:58.791] [I] 	Measuring Weight: channel: 89, sat: 0.20403443, max: 0.20405933
[07/18/26 01:26:58.794] [I] 	Measuring Weight: channel: 90, sat: 0.24339145, max: 0.24342115
[07/18/26 01:26:58.796] [I] 	Measuring Weight: channel: 91, sat: 0.21715257, max: 0.21717906
[07/18/26 01:26:58.799] [I] 	Measuring Weight: channel: 92, sat: 0.21752883, max: 0.21755539
[07/18/26 01:26:58.801] [I] 	Measuring Weight: channel: 93, sat: 0.26791167, max: 0.26794437
[07/18/26 01:26:58.804] [I] 	Measuring Weight: channel: 94, sat: 0.2730605, max: 0.27309385
[07/18/26 01:26:58.806] [I] 	Measuring Weight: channel: 95, sat: 0.21218665, max: 0.21221255
[07/18/26 01:26:58.809] [I] 	Measuring Weight: channel: 96, sat: 0.18461028, max: 0.18463281
[07/18/26 01:26:58.811] [I] 	Measuring Weight: channel: 97, sat: 0.27944794, max: 0.27948207
[07/18/26 01:26:58.813] [I] 	Measuring Weight: channel: 98, sat: 0.2118068, max: 0.21183266
[07/18/26 01:26:58.816] [I] 	Measuring Weight: channel: 99, sat: 0.16403714, max: 0.16405715
[07/18/26 01:26:58.818] [I] 	Measuring Weight: channel: 100, sat: 0.16426961, max: 0.16428965
[07/18/26 01:26:58.821] [I] 	Measuring Weight: channel: 101, sat: 0.17782795, max: 0.17784965
[07/18/26 01:26:58.823] [I] 	Measuring Weight: channel: 102, sat: 0.26446086, max: 0.26449314
[07/18/26 01:26:58.826] [I] 	Measuring Weight: channel: 103, sat: 0.22727063, max: 0.22729836
[07/18/26 01:26:58.828] [I] 	Measuring Weight: channel: 104, sat: 0.22004494, max: 0.22007181
[07/18/26 01:26:58.830] [I] 	Measuring Weight: channel: 105, sat: 0.1970601, max: 0.19708414
[07/18/26 01:26:58.833] [I] 	Measuring Weight: channel: 106, sat: 0.24436167, max: 0.24439149
[07/18/26 01:26:58.835] [I] 	Measuring Weight: channel: 107, sat: 0.19136222, max: 0.19138558
[07/18/26 01:26:58.838] [I] 	Measuring Weight: channel: 108, sat: 0.19873798, max: 0.19876224
[07/18/26 01:26:58.840] [I] 	Measuring Weight: channel: 109, sat: 0.22754903, max: 0.2275768
[07/18/26 01:26:58.843] [I] 	Measuring Weight: channel: 110, sat: 0.245111, max: 0.24514091
[07/18/26 01:26:58.845] [I] 	Measuring Weight: channel: 111, sat: 0.16683047, max: 0.16685082
[07/18/26 01:26:58.848] [I] 	Measuring Weight: channel: 112, sat: 0.19914082, max: 0.19916512
[07/18/26 01:26:58.850] [I] 	Measuring Weight: channel: 113, sat: 0.19575313, max: 0.19577703
[07/18/26 01:26:58.853] [I] 	Measuring Weight: channel: 114, sat: 0.21174781, max: 0.21177366
[07/18/26 01:26:58.855] [I] 	Measuring Weight: channel: 115, sat: 0.24723393, max: 0.2472641
[07/18/26 01:26:58.858] [I] 	Measuring Weight: channel: 116, sat: 0.28527874, max: 0.28531358
[07/18/26 01:26:58.860] [I] 	Measuring Weight: channel: 117, sat: 0.25660503, max: 0.25663635
[07/18/26 01:26:58.863] [I] 	Measuring Weight: channel: 118, sat: 0.19103979, max: 0.1910631
[07/18/26 01:26:58.865] [I] 	Measuring Weight: channel: 119, sat: 0.20045482, max: 0.20047928
[07/18/26 01:26:58.868] [I] 	Measuring Weight: channel: 120, sat: 0.19418426, max: 0.19420795
[07/18/26 01:26:58.870] [I] 	Measuring Weight: channel: 121, sat: 0.24957329, max: 0.24960376
[07/18/26 01:26:58.873] [I] 	Measuring Weight: channel: 122, sat: 0.17785123, max: 0.17787294
[07/18/26 01:26:58.875] [I] 	Measuring Weight: channel: 123, sat: 0.19755615, max: 0.19758026
[07/18/26 01:26:58.878] [I] 	Measuring Weight: channel: 124, sat: 0.18268162, max: 0.18270393
[07/18/26 01:26:58.880] [I] 	Measuring Weight: channel: 125, sat: 0.22859214, max: 0.22862005
[07/18/26 01:26:58.882] [I] 	Measuring Weight: channel: 126, sat: 0.24788558, max: 0.24791585
[07/18/26 01:26:58.885] [I] 	Measuring Weight: channel: 127, sat: 0.19111279, max: 0.19113612
[07/18/26 01:26:58.887] [I] 	Measuring Weight: channel: 128, sat: 0.25833866, max: 0.2583702
[07/18/26 01:26:58.890] [I] 	Measuring Weight: channel: 129, sat: 0.19395502, max: 0.19397868
[07/18/26 01:26:58.892] [I] 	Measuring Weight: channel: 130, sat: 0.19276795, max: 0.19279148
[07/18/26 01:26:58.895] [I] 	Measuring Weight: channel: 131, sat: 0.22661237, max: 0.22664003
[07/18/26 01:26:58.897] [I] 	Measuring Weight: channel: 132, sat: 0.19994394, max: 0.19996834
[07/18/26 01:26:58.900] [I] 	Measuring Weight: channel: 133, sat: 0.20098606, max: 0.2010106
[07/18/26 01:26:58.902] [I] 	Measuring Weight: channel: 134, sat: 0.22947536, max: 0.22950336
[07/18/26 01:26:58.904] [I] 	Measuring Weight: channel: 135, sat: 0.3561839, max: 0.35622737
[07/18/26 01:26:58.907] [I] 	Measuring Weight: channel: 136, sat: 0.24771897, max: 0.24774921
[07/18/26 01:26:58.909] [I] 	Measuring Weight: channel: 137, sat: 0.17554796, max: 0.17556939
[07/18/26 01:26:58.912] [I] 	Measuring Weight: channel: 138, sat: 0.20040043, max: 0.2004249
[07/18/26 01:26:58.914] [I] 	Measuring Weight: channel: 139, sat: 0.18277833, max: 0.18280064
[07/18/26 01:26:58.917] [I] 	Measuring Weight: channel: 140, sat: 0.1802163, max: 0.18023829
[07/18/26 01:26:58.919] [I] 	Measuring Weight: channel: 141, sat: 0.17796569, max: 0.1779874
[07/18/26 01:26:58.921] [I] 	Measuring Weight: channel: 142, sat: 0.2912987, max: 0.29133424
[07/18/26 01:26:58.924] [I] 	Measuring Weight: channel: 143, sat: 0.20514949, max: 0.20517454
[07/18/26 01:26:58.926] [I] 	Measuring Weight: channel: 144, sat: 0.23388809, max: 0.23391664
[07/18/26 01:26:58.929] [I] 	Measuring Weight: channel: 145, sat: 0.2409499, max: 0.2409793
[07/18/26 01:26:58.931] [I] 	Measuring Weight: channel: 146, sat: 0.24099484, max: 0.24102426
[07/18/26 01:26:58.934] [I] 	Measuring Weight: channel: 147, sat: 0.21971288, max: 0.21973969
[07/18/26 01:26:58.936] [I] 	Measuring Weight: channel: 148, sat: 0.1817749, max: 0.18179709
[07/18/26 01:26:58.938] [I] 	Measuring Weight: channel: 149, sat: 0.28347874, max: 0.28351334
[07/18/26 01:26:58.941] [I] 	Measuring Weight: channel: 150, sat: 0.20566459, max: 0.20568968
[07/18/26 01:26:58.943] [I] 	Measuring Weight: channel: 151, sat: 0.24603982, max: 0.24606986
[07/18/26 01:26:58.946] [I] 	Measuring Weight: channel: 152, sat: 0.20427069, max: 0.20429562
[07/18/26 01:26:58.948] [I] 	Measuring Weight: channel: 153, sat: 0.23883055, max: 0.23885971
[07/18/26 01:26:58.951] [I] 	Measuring Weight: channel: 154, sat: 0.21138364, max: 0.21140945
[07/18/26 01:26:58.953] [I] 	Measuring Weight: channel: 155, sat: 0.18820092, max: 0.18822388
[07/18/26 01:26:58.956] [I] 	Measuring Weight: channel: 156, sat: 0.165634, max: 0.16565421
[07/18/26 01:26:58.958] [I] 	Measuring Weight: channel: 157, sat: 0.20742764, max: 0.20745295
[07/18/26 01:26:58.960] [I] 	Measuring Weight: channel: 158, sat: 0.20679593, max: 0.20682117
[07/18/26 01:26:58.963] [I] 	Measuring Weight: channel: 159, sat: 0.22570184, max: 0.22572938
[07/18/26 01:26:58.965] [I] 	Measuring Weight: channel: 160, sat: 0.19482881, max: 0.19485259
[07/18/26 01:26:58.968] [I] 	Measuring Weight: channel: 161, sat: 0.21572632, max: 0.21575265
[07/18/26 01:26:58.970] [I] 	Measuring Weight: channel: 162, sat: 0.2288117, max: 0.22883962
[07/18/26 01:26:58.973] [I] 	Measuring Weight: channel: 163, sat: 0.22595064, max: 0.22597823
[07/18/26 01:26:58.975] [I] 	Measuring Weight: channel: 164, sat: 0.27727044, max: 0.27730426
[07/18/26 01:26:58.978] [I] 	Measuring Weight: channel: 165, sat: 0.25151977, max: 0.25155047
[07/18/26 01:26:58.980] [I] 	Measuring Weight: channel: 166, sat: 0.34331635, max: 0.34335825
[07/18/26 01:26:58.983] [I] 	Measuring Weight: channel: 167, sat: 0.26141274, max: 0.26144463
[07/18/26 01:26:58.985] [I] 	Measuring Weight: channel: 168, sat: 0.21696614, max: 0.21699262
[07/18/26 01:26:58.987] [I] 	Measuring Weight: channel: 169, sat: 0.21699557, max: 0.21702206
[07/18/26 01:26:58.990] [I] 	Measuring Weight: channel: 170, sat: 0.26377225, max: 0.26380447
[07/18/26 01:26:58.992] [I] 	Measuring Weight: channel: 171, sat: 0.21936655, max: 0.21939333
[07/18/26 01:26:58.995] [I] 	Measuring Weight: channel: 172, sat: 0.28312507, max: 0.2831596
[07/18/26 01:26:58.997] [I] 	Measuring Weight: channel: 173, sat: 0.22596073, max: 0.22598831
[07/18/26 01:26:59.000] [I] 	Measuring Weight: channel: 174, sat: 0.17747007, max: 0.17749172
[07/18/26 01:26:59.002] [I] 	Measuring Weight: channel: 175, sat: 0.25932437, max: 0.25935602
[07/18/26 01:26:59.005] [I] 	Measuring Weight: channel: 176, sat: 0.22910327, max: 0.22913122
[07/18/26 01:26:59.007] [I] 	Measuring Weight: channel: 177, sat: 0.2749674, max: 0.27500096
[07/18/26 01:26:59.009] [I] 	Measuring Weight: channel: 178, sat: 0.26485127, max: 0.26488358
[07/18/26 01:26:59.012] [I] 	Measuring Weight: channel: 179, sat: 0.20448546, max: 0.20451042
[07/18/26 01:26:59.014] [I] 	Measuring Weight: channel: 180, sat: 0.23525882, max: 0.23528753
[07/18/26 01:26:59.017] [I] 	Measuring Weight: channel: 181, sat: 0.22141942, max: 0.22144644
[07/18/26 01:26:59.019] [I] 	Measuring Weight: channel: 182, sat: 0.2096357, max: 0.20966129
[07/18/26 01:26:59.022] [I] 	Measuring Weight: channel: 183, sat: 0.16995613, max: 0.16997688
[07/18/26 01:26:59.025] [I] 	Measuring Weight: channel: 184, sat: 0.26587734, max: 0.2659098
[07/18/26 01:26:59.027] [I] 	Measuring Weight: channel: 185, sat: 0.2772722, max: 0.27730602
[07/18/26 01:26:59.029] [I] 	Measuring Weight: channel: 186, sat: 0.20832011, max: 0.20834555
[07/18/26 01:26:59.032] [I] 	Measuring Weight: channel: 187, sat: 0.3901224, max: 0.39017
[07/18/26 01:26:59.034] [I] 	Measuring Weight: channel: 188, sat: 0.23929532, max: 0.23932452
[07/18/26 01:26:59.037] [I] 	Measuring Weight: channel: 189, sat: 0.22926466, max: 0.22929265
[07/18/26 01:26:59.039] [I] 	Measuring Weight: channel: 190, sat: 0.22307901, max: 0.22310624
[07/18/26 01:26:59.042] [I] 	Measuring Weight: channel: 191, sat: 0.1952868, max: 0.19531062
[07/18/26 01:26:59.044] [I] 	Measuring Weight: channel: 192, sat: 0.20834291, max: 0.20836833
[07/18/26 01:26:59.046] [I] 	Measuring Weight: channel: 193, sat: 0.20828685, max: 0.20831227
[07/18/26 01:26:59.049] [I] 	Measuring Weight: channel: 194, sat: 0.22159782, max: 0.22162487
[07/18/26 01:26:59.051] [I] 	Measuring Weight: channel: 195, sat: 0.25224125, max: 0.25227204
[07/18/26 01:26:59.054] [I] 	Measuring Weight: channel: 196, sat: 0.20610313, max: 0.20612828
[07/18/26 01:26:59.056] [I] 	Measuring Weight: channel: 197, sat: 0.19824375, max: 0.19826795
[07/18/26 01:26:59.059] [I] 	Measuring Weight: channel: 198, sat: 0.19836505, max: 0.19838926
[07/18/26 01:26:59.061] [I] 	Measuring Weight: channel: 199, sat: 0.16724987, max: 0.16727029
[07/18/26 01:26:59.064] [I] 	Measuring Weight: channel: 200, sat: 0.24156675, max: 0.24159622
[07/18/26 01:26:59.066] [I] 	Measuring Weight: channel: 201, sat: 0.19603197, max: 0.19605589
[07/18/26 01:26:59.069] [I] 	Measuring Weight: channel: 202, sat: 0.24762575, max: 0.24765599
[07/18/26 01:26:59.071] [I] 	Measuring Weight: channel: 203, sat: 0.24008627, max: 0.24011557
[07/18/26 01:26:59.073] [I] 	Measuring Weight: channel: 204, sat: 0.25330472, max: 0.25333565
[07/18/26 01:26:59.076] [I] 	Measuring Weight: channel: 205, sat: 0.18375751, max: 0.18377994
[07/18/26 01:26:59.079] [I] 	Measuring Weight: channel: 206, sat: 0.21599853, max: 0.21602489
[07/18/26 01:26:59.082] [I] 	Measuring Weight: channel: 207, sat: 0.20449847, max: 0.20452343
[07/18/26 01:26:59.084] [I] 	Measuring Weight: channel: 208, sat: 0.21088493, max: 0.21091068
[07/18/26 01:26:59.087] [I] 	Measuring Weight: channel: 209, sat: 0.26474714, max: 0.26477948
[07/18/26 01:26:59.089] [I] 	Measuring Weight: channel: 210, sat: 0.2115696, max: 0.21159543
[07/18/26 01:26:59.092] [I] 	Measuring Weight: channel: 211, sat: 0.19693877, max: 0.1969628
[07/18/26 01:26:59.094] [I] 	Measuring Weight: channel: 212, sat: 0.18684681, max: 0.18686962
[07/18/26 01:26:59.096] [I] 	Measuring Weight: channel: 213, sat: 0.2817297, max: 0.2817641
[07/18/26 01:26:59.099] [I] 	Measuring Weight: channel: 214, sat: 0.23866601, max: 0.23869514
[07/18/26 01:26:59.101] [I] 	Measuring Weight: channel: 215, sat: 0.2951027, max: 0.2951387
[07/18/26 01:26:59.104] [I] 	Measuring Weight: channel: 216, sat: 0.20376883, max: 0.2037937
[07/18/26 01:26:59.106] [I] 	Measuring Weight: channel: 217, sat: 0.2230301, max: 0.22305733
[07/18/26 01:26:59.109] [I] 	Measuring Weight: channel: 218, sat: 0.20032844, max: 0.20035289
[07/18/26 01:26:59.111] [I] 	Measuring Weight: channel: 219, sat: 0.19142482, max: 0.19144818
[07/18/26 01:26:59.114] [I] 	Measuring Weight: channel: 220, sat: 0.30924544, max: 0.30928317
[07/18/26 01:26:59.116] [I] 	Measuring Weight: channel: 221, sat: 0.19070889, max: 0.19073217
[07/18/26 01:26:59.119] [I] 	Measuring Weight: channel: 222, sat: 0.26460347, max: 0.26463574
[07/18/26 01:26:59.121] [I] 	Measuring Weight: channel: 223, sat: 0.18640518, max: 0.18642794
[07/18/26 01:26:59.124] [I] 	Measuring Weight: channel: 224, sat: 0.22992928, max: 0.22995736
[07/18/26 01:26:59.126] [I] 	Measuring Weight: channel: 225, sat: 0.23240714, max: 0.2324355
[07/18/26 01:26:59.128] [I] 	Measuring Weight: channel: 226, sat: 0.17340744, max: 0.17342861
[07/18/26 01:26:59.131] [I] 	Measuring Weight: channel: 227, sat: 0.24373521, max: 0.24376497
[07/18/26 01:26:59.133] [I] 	Measuring Weight: channel: 228, sat: 0.22974299, max: 0.22977103
[07/18/26 01:26:59.136] [I] 	Measuring Weight: channel: 229, sat: 0.22979188, max: 0.22981992
[07/18/26 01:26:59.138] [I] 	Measuring Weight: channel: 230, sat: 0.21068312, max: 0.21070883
[07/18/26 01:26:59.141] [I] 	Measuring Weight: channel: 231, sat: 0.218593, max: 0.21861969
[07/18/26 01:26:59.143] [I] 	Measuring Weight: channel: 232, sat: 0.22258353, max: 0.2226107
[07/18/26 01:26:59.145] [I] 	Measuring Weight: channel: 233, sat: 0.21426307, max: 0.21428922
[07/18/26 01:26:59.148] [I] 	Measuring Weight: channel: 234, sat: 0.21651088, max: 0.21653731
[07/18/26 01:26:59.150] [I] 	Measuring Weight: channel: 235, sat: 0.23593248, max: 0.23596127
[07/18/26 01:26:59.153] [I] 	Measuring Weight: channel: 236, sat: 0.20956476, max: 0.20959033
[07/18/26 01:26:59.155] [I] 	Measuring Weight: channel: 237, sat: 0.21752867, max: 0.21755522
[07/18/26 01:26:59.158] [I] 	Measuring Weight: channel: 238, sat: 0.22442174, max: 0.22444913
[07/18/26 01:26:59.160] [I] 	Measuring Weight: channel: 239, sat: 0.18583916, max: 0.18586184
[07/18/26 01:26:59.163] [I] 	Measuring Weight: channel: 240, sat: 0.20950966, max: 0.20953523
[07/18/26 01:26:59.165] [I] 	Measuring Weight: channel: 241, sat: 0.18885045, max: 0.1888735
[07/18/26 01:26:59.167] [I] 	Measuring Weight: channel: 242, sat: 0.1945781, max: 0.19460185
[07/18/26 01:26:59.170] [I] 	Measuring Weight: channel: 243, sat: 0.17570332, max: 0.17572476
[07/18/26 01:26:59.172] [I] 	Measuring Weight: channel: 244, sat: 0.17496672, max: 0.17498808
[07/18/26 01:26:59.175] [I] 	Measuring Weight: channel: 245, sat: 0.18765418, max: 0.18767709
[07/18/26 01:26:59.177] [I] 	Measuring Weight: channel: 246, sat: 0.1717546, max: 0.17177556
[07/18/26 01:26:59.180] [I] 	Measuring Weight: channel: 247, sat: 0.2070157, max: 0.20704095
[07/18/26 01:26:59.182] [I] 	Measuring Weight: channel: 248, sat: 0.21556003, max: 0.21558633
[07/18/26 01:26:59.185] [I] 	Measuring Weight: channel: 249, sat: 0.21041907, max: 0.21044475
[07/18/26 01:26:59.187] [I] 	Measuring Weight: channel: 250, sat: 0.20932265, max: 0.20934819
[07/18/26 01:26:59.190] [I] 	Measuring Weight: channel: 251, sat: 0.1715325, max: 0.17155343
[07/18/26 01:26:59.192] [I] 	Measuring Weight: channel: 252, sat: 0.213575, max: 0.21360108
[07/18/26 01:26:59.194] [I] 	Measuring Weight: channel: 253, sat: 0.19758354, max: 0.19760767
[07/18/26 01:26:59.197] [I] 	Measuring Weight: channel: 254, sat: 0.21028247, max: 0.21030815
[07/18/26 01:26:59.199] [I] 	Measuring Weight: channel: 255, sat: 0.23886696, max: 0.2388961
[07/18/26 01:26:59.202] [I] 	Measuring Weight: channel: 256, sat: 0.18171966, max: 0.18174185
[07/18/26 01:26:59.210] [I] Quantizing Op Id: 5, Type: icraft::xir::Conv2dNode
[07/18/26 01:26:59.216] [I] 	Measuring Weight: channel: 1, sat: 0.005028854, max: 0.005029468
[07/18/26 01:26:59.219] [I] 	Measuring Weight: channel: 2, sat: 0.0064606317, max: 0.0064614206
[07/18/26 01:26:59.222] [I] 	Measuring Weight: channel: 3, sat: 0.0051937653, max: 0.0051943995
[07/18/26 01:26:59.225] [I] 	Measuring Weight: channel: 4, sat: 0.0065812264, max: 0.0065820296
[07/18/26 01:26:59.228] [I] 	Measuring Weight: channel: 5, sat: 0.00724437, max: 0.0072452542
[07/18/26 01:26:59.231] [I] 	Measuring Weight: channel: 6, sat: 0.0048546176, max: 0.0048552104
[07/18/26 01:26:59.234] [I] 	Measuring Weight: channel: 7, sat: 0.0040531806, max: 0.0040536756
[07/18/26 01:26:59.237] [I] 	Measuring Weight: channel: 8, sat: 0.0053939014, max: 0.00539456
[07/18/26 01:26:59.240] [I] 	Measuring Weight: channel: 9, sat: 0.005499782, max: 0.005500453
[07/18/26 01:26:59.242] [I] 	Measuring Weight: channel: 10, sat: 0.0047236406, max: 0.004724217
[07/18/26 01:26:59.245] [I] 	Measuring Weight: channel: 11, sat: 0.0045503597, max: 0.0045509147
[07/18/26 01:26:59.248] [I] 	Measuring Weight: channel: 12, sat: 0.006016724, max: 0.006017458
[07/18/26 01:26:59.251] [I] 	Measuring Weight: channel: 13, sat: 0.0047296877, max: 0.0047302647
[07/18/26 01:26:59.254] [I] 	Measuring Weight: channel: 14, sat: 0.00581875, max: 0.00581946
[07/18/26 01:26:59.257] [I] 	Measuring Weight: channel: 15, sat: 0.0060154865, max: 0.0060162204
[07/18/26 01:26:59.260] [I] 	Measuring Weight: channel: 16, sat: 0.009363511, max: 0.009364653
[07/18/26 01:26:59.263] [I] 	Measuring Weight: channel: 17, sat: 0.0044744243, max: 0.0044749705
[07/18/26 01:26:59.266] [I] 	Measuring Weight: channel: 18, sat: 0.0049057887, max: 0.0049063875
[07/18/26 01:26:59.269] [I] 	Measuring Weight: channel: 19, sat: 0.0053219046, max: 0.005322554
[07/18/26 01:26:59.272] [I] 	Measuring Weight: channel: 20, sat: 0.008792174, max: 0.008793248
[07/18/26 01:26:59.274] [I] 	Measuring Weight: channel: 21, sat: 0.0049662245, max: 0.0049668304
[07/18/26 01:26:59.278] [I] 	Measuring Weight: channel: 22, sat: 0.0077087847, max: 0.0077097253
[07/18/26 01:26:59.280] [I] 	Measuring Weight: channel: 23, sat: 0.008479938, max: 0.008480974
[07/18/26 01:26:59.283] [I] 	Measuring Weight: channel: 24, sat: 0.006573825, max: 0.0065746275
[07/18/26 01:26:59.286] [I] 	Measuring Weight: channel: 25, sat: 0.005362655, max: 0.0053633093
[07/18/26 01:26:59.289] [I] 	Measuring Weight: channel: 26, sat: 0.0057300767, max: 0.005730776
[07/18/26 01:26:59.291] [I] 	Measuring Weight: channel: 27, sat: 0.004990612, max: 0.0049912212
[07/18/26 01:26:59.294] [I] 	Measuring Weight: channel: 28, sat: 0.005757692, max: 0.0057583945
[07/18/26 01:26:59.297] [I] 	Measuring Weight: channel: 29, sat: 0.007103268, max: 0.007104135
[07/18/26 01:26:59.299] [I] 	Measuring Weight: channel: 30, sat: 0.0069844816, max: 0.0069853337
[07/18/26 01:26:59.302] [I] 	Measuring Weight: channel: 31, sat: 0.0046632383, max: 0.004663808
[07/18/26 01:26:59.305] [I] 	Measuring Weight: channel: 32, sat: 0.0068222894, max: 0.006823122
[07/18/26 01:26:59.307] [I] 	Measuring Weight: channel: 33, sat: 0.00674994, max: 0.006750764
[07/18/26 01:26:59.310] [I] 	Measuring Weight: channel: 34, sat: 0.005588975, max: 0.005589657
[07/18/26 01:26:59.313] [I] 	Measuring Weight: channel: 35, sat: 0.008365998, max: 0.00836702
[07/18/26 01:26:59.315] [I] 	Measuring Weight: channel: 36, sat: 0.007509648, max: 0.0075105648
[07/18/26 01:26:59.318] [I] 	Measuring Weight: channel: 37, sat: 0.010028014, max: 0.010029238
[07/18/26 01:26:59.320] [I] 	Measuring Weight: channel: 38, sat: 0.005548705, max: 0.0055493824
[07/18/26 01:26:59.322] [I] 	Measuring Weight: channel: 39, sat: 0.0055141975, max: 0.005514871
[07/18/26 01:26:59.325] [I] 	Measuring Weight: channel: 40, sat: 0.004979182, max: 0.0049797897
[07/18/26 01:26:59.328] [I] 	Measuring Weight: channel: 41, sat: 0.0050716987, max: 0.005072318
[07/18/26 01:26:59.330] [I] 	Measuring Weight: channel: 42, sat: 0.004206984, max: 0.004207497
[07/18/26 01:26:59.332] [I] 	Measuring Weight: channel: 43, sat: 0.0057515595, max: 0.0057522613
[07/18/26 01:26:59.335] [I] 	Measuring Weight: channel: 44, sat: 0.0047365003, max: 0.0047370787
[07/18/26 01:26:59.337] [I] 	Measuring Weight: channel: 45, sat: 0.004281566, max: 0.0042820885
[07/18/26 01:26:59.340] [I] 	Measuring Weight: channel: 46, sat: 0.0050462973, max: 0.005046913
[07/18/26 01:26:59.342] [I] 	Measuring Weight: channel: 47, sat: 0.00476503, max: 0.0047656116
[07/18/26 01:26:59.345] [I] 	Measuring Weight: channel: 48, sat: 0.005431369, max: 0.0054320316
[07/18/26 01:26:59.347] [I] 	Measuring Weight: channel: 49, sat: 0.00652293, max: 0.006523726
[07/18/26 01:26:59.350] [I] 	Measuring Weight: channel: 50, sat: 0.006027046, max: 0.006027782
[07/18/26 01:26:59.352] [I] 	Measuring Weight: channel: 51, sat: 0.006424464, max: 0.006425248
[07/18/26 01:26:59.355] [I] 	Measuring Weight: channel: 52, sat: 0.0041980674, max: 0.00419858
[07/18/26 01:26:59.357] [I] 	Measuring Weight: channel: 53, sat: 0.004467524, max: 0.0044680694
[07/18/26 01:26:59.360] [I] 	Measuring Weight: channel: 54, sat: 0.005019336, max: 0.0050199484
[07/18/26 01:26:59.362] [I] 	Measuring Weight: channel: 55, sat: 0.004753663, max: 0.0047542434
[07/18/26 01:26:59.365] [I] 	Measuring Weight: channel: 56, sat: 0.0040010517, max: 0.0040015397
[07/18/26 01:26:59.367] [I] 	Measuring Weight: channel: 57, sat: 0.006148497, max: 0.0061492473
[07/18/26 01:26:59.370] [I] 	Measuring Weight: channel: 58, sat: 0.0061205314, max: 0.0061212787
[07/18/26 01:26:59.372] [I] 	Measuring Weight: channel: 59, sat: 0.0045214463, max: 0.004521998
[07/18/26 01:26:59.375] [I] 	Measuring Weight: channel: 60, sat: 0.004295261, max: 0.0042957854
[07/18/26 01:26:59.377] [I] 	Measuring Weight: channel: 61, sat: 0.0067169247, max: 0.0067177443
[07/18/26 01:26:59.380] [I] 	Measuring Weight: channel: 62, sat: 0.0071210642, max: 0.007121933
[07/18/26 01:26:59.382] [I] 	Measuring Weight: channel: 63, sat: 0.004828899, max: 0.004829488
[07/18/26 01:26:59.384] [I] 	Measuring Weight: channel: 64, sat: 0.0069058794, max: 0.006906722
[07/18/26 01:26:59.387] [I] 	Measuring Weight: channel: 65, sat: 0.0055034524, max: 0.005504124
[07/18/26 01:26:59.389] [I] 	Measuring Weight: channel: 66, sat: 0.0065954695, max: 0.0065962747
[07/18/26 01:26:59.392] [I] 	Measuring Weight: channel: 67, sat: 0.006392233, max: 0.0063930135
[07/18/26 01:26:59.394] [I] 	Measuring Weight: channel: 68, sat: 0.005405197, max: 0.0054058568
[07/18/26 01:26:59.397] [I] 	Measuring Weight: channel: 69, sat: 0.0068069417, max: 0.0068077724
[07/18/26 01:26:59.399] [I] 	Measuring Weight: channel: 70, sat: 0.005766088, max: 0.005766792
[07/18/26 01:26:59.402] [I] 	Measuring Weight: channel: 71, sat: 0.0056105317, max: 0.005611216
[07/18/26 01:26:59.404] [I] 	Measuring Weight: channel: 72, sat: 0.006171482, max: 0.006172235
[07/18/26 01:26:59.407] [I] 	Measuring Weight: channel: 73, sat: 0.007107703, max: 0.0071085705
[07/18/26 01:26:59.409] [I] 	Measuring Weight: channel: 74, sat: 0.0043835468, max: 0.004384082
[07/18/26 01:26:59.411] [I] 	Measuring Weight: channel: 75, sat: 0.0052555045, max: 0.0052561457
[07/18/26 01:26:59.414] [I] 	Measuring Weight: channel: 76, sat: 0.00951139, max: 0.00951255
[07/18/26 01:26:59.417] [I] 	Measuring Weight: channel: 77, sat: 0.0076492773, max: 0.007650211
[07/18/26 01:26:59.419] [I] 	Measuring Weight: channel: 78, sat: 0.0053585554, max: 0.005359209
[07/18/26 01:26:59.421] [I] 	Measuring Weight: channel: 79, sat: 0.0042980798, max: 0.004298604
[07/18/26 01:26:59.424] [I] 	Measuring Weight: channel: 80, sat: 0.005430827, max: 0.00543149
[07/18/26 01:26:59.427] [I] 	Measuring Weight: channel: 81, sat: 0.0057581407, max: 0.005758844
[07/18/26 01:26:59.429] [I] 	Measuring Weight: channel: 82, sat: 0.0077266432, max: 0.007727586
[07/18/26 01:26:59.432] [I] 	Measuring Weight: channel: 83, sat: 0.0061362875, max: 0.0061370367
[07/18/26 01:26:59.434] [I] 	Measuring Weight: channel: 84, sat: 0.009193602, max: 0.009194724
[07/18/26 01:26:59.437] [I] 	Measuring Weight: channel: 85, sat: 0.005395713, max: 0.0053963717
[07/18/26 01:26:59.439] [I] 	Measuring Weight: channel: 86, sat: 0.005507452, max: 0.005508124
[07/18/26 01:26:59.441] [I] 	Measuring Weight: channel: 87, sat: 0.0075084395, max: 0.007509356
[07/18/26 01:26:59.444] [I] 	Measuring Weight: channel: 88, sat: 0.0054688165, max: 0.0054694843
[07/18/26 01:26:59.446] [I] 	Measuring Weight: channel: 89, sat: 0.010174251, max: 0.010175494
[07/18/26 01:26:59.449] [I] 	Measuring Weight: channel: 90, sat: 0.005665045, max: 0.0056657367
[07/18/26 01:26:59.451] [I] 	Measuring Weight: channel: 91, sat: 0.0050821067, max: 0.005082727
[07/18/26 01:26:59.453] [I] 	Measuring Weight: channel: 92, sat: 0.005322673, max: 0.0053233225
[07/18/26 01:26:59.456] [I] 	Measuring Weight: channel: 93, sat: 0.0053111794, max: 0.0053118276
[07/18/26 01:26:59.459] [I] 	Measuring Weight: channel: 94, sat: 0.005778982, max: 0.005779687
[07/18/26 01:26:59.461] [I] 	Measuring Weight: channel: 95, sat: 0.006494053, max: 0.0064948457
[07/18/26 01:26:59.464] [I] 	Measuring Weight: channel: 96, sat: 0.006328337, max: 0.006329109
[07/18/26 01:26:59.466] [I] 	Measuring Weight: channel: 97, sat: 0.0069364184, max: 0.006937265
[07/18/26 01:26:59.469] [I] 	Measuring Weight: channel: 98, sat: 0.0062250593, max: 0.006225819
[07/18/26 01:26:59.471] [I] 	Measuring Weight: channel: 99, sat: 0.0060225967, max: 0.0060233315
[07/18/26 01:26:59.474] [I] 	Measuring Weight: channel: 100, sat: 0.006573922, max: 0.0065747243
[07/18/26 01:26:59.476] [I] 	Measuring Weight: channel: 101, sat: 0.007075813, max: 0.0070766765
[07/18/26 01:26:59.478] [I] 	Measuring Weight: channel: 102, sat: 0.0059836605, max: 0.005984391
[07/18/26 01:26:59.481] [I] 	Measuring Weight: channel: 103, sat: 0.006246071, max: 0.006246833
[07/18/26 01:26:59.483] [I] 	Measuring Weight: channel: 104, sat: 0.0052190837, max: 0.005219721
[07/18/26 01:26:59.486] [I] 	Measuring Weight: channel: 105, sat: 0.005666788, max: 0.00566748
[07/18/26 01:26:59.488] [I] 	Measuring Weight: channel: 106, sat: 0.0049504926, max: 0.0049510966
[07/18/26 01:26:59.490] [I] 	Measuring Weight: channel: 107, sat: 0.00577528, max: 0.005775985
[07/18/26 01:26:59.493] [I] 	Measuring Weight: channel: 108, sat: 0.005786846, max: 0.0057875523
[07/18/26 01:26:59.495] [I] 	Measuring Weight: channel: 109, sat: 0.0052007586, max: 0.0052013933
[07/18/26 01:26:59.498] [I] 	Measuring Weight: channel: 110, sat: 0.00437798, max: 0.004378514
[07/18/26 01:26:59.500] [I] 	Measuring Weight: channel: 111, sat: 0.0059612123, max: 0.0059619397
[07/18/26 01:26:59.503] [I] 	Measuring Weight: channel: 112, sat: 0.0057654255, max: 0.005766129
[07/18/26 01:26:59.505] [I] 	Measuring Weight: channel: 113, sat: 0.0055001145, max: 0.0055007855
[07/18/26 01:26:59.507] [I] 	Measuring Weight: channel: 114, sat: 0.0061704586, max: 0.006171212
[07/18/26 01:26:59.510] [I] 	Measuring Weight: channel: 115, sat: 0.005457615, max: 0.005458281
[07/18/26 01:26:59.512] [I] 	Measuring Weight: channel: 116, sat: 0.0068137036, max: 0.0068145352
[07/18/26 01:26:59.515] [I] 	Measuring Weight: channel: 117, sat: 0.0077848327, max: 0.007785783
[07/18/26 01:26:59.517] [I] 	Measuring Weight: channel: 118, sat: 0.0063509373, max: 0.006351712
[07/18/26 01:26:59.520] [I] 	Measuring Weight: channel: 119, sat: 0.0059865196, max: 0.0059872502
[07/18/26 01:26:59.522] [I] 	Measuring Weight: channel: 120, sat: 0.006254702, max: 0.0062554656
[07/18/26 01:26:59.525] [I] 	Measuring Weight: channel: 121, sat: 0.0052943453, max: 0.005294991
[07/18/26 01:26:59.527] [I] 	Measuring Weight: channel: 122, sat: 0.0052797683, max: 0.0052804127
[07/18/26 01:26:59.530] [I] 	Measuring Weight: channel: 123, sat: 0.0049358886, max: 0.004936491
[07/18/26 01:26:59.532] [I] 	Measuring Weight: channel: 124, sat: 0.010173202, max: 0.010174444
[07/18/26 01:26:59.535] [I] 	Measuring Weight: channel: 125, sat: 0.0067076883, max: 0.006708507
[07/18/26 01:26:59.537] [I] 	Measuring Weight: channel: 126, sat: 0.0130550405, max: 0.013056634
[07/18/26 01:26:59.540] [I] 	Measuring Weight: channel: 127, sat: 0.005750699, max: 0.005751401
[07/18/26 01:26:59.542] [I] 	Measuring Weight: channel: 128, sat: 0.0048634014, max: 0.004863995
[07/18/26 01:26:59.545] [I] 	Measuring Weight: channel: 129, sat: 0.0047195316, max: 0.0047201077
[07/18/26 01:26:59.548] [I] 	Measuring Weight: channel: 130, sat: 0.0058060717, max: 0.0058067804
[07/18/26 01:26:59.550] [I] 	Measuring Weight: channel: 131, sat: 0.0062731714, max: 0.0062739374
[07/18/26 01:26:59.553] [I] 	Measuring Weight: channel: 132, sat: 0.0048260414, max: 0.0048266305
[07/18/26 01:26:59.555] [I] 	Measuring Weight: channel: 133, sat: 0.007641401, max: 0.007642334
[07/18/26 01:26:59.558] [I] 	Measuring Weight: channel: 134, sat: 0.006658481, max: 0.006659294
[07/18/26 01:26:59.560] [I] 	Measuring Weight: channel: 135, sat: 0.004161795, max: 0.004162303
[07/18/26 01:26:59.563] [I] 	Measuring Weight: channel: 136, sat: 0.0048010247, max: 0.004801611
[07/18/26 01:26:59.565] [I] 	Measuring Weight: channel: 137, sat: 0.0050832853, max: 0.005083906
[07/18/26 01:26:59.568] [I] 	Measuring Weight: channel: 138, sat: 0.0051598777, max: 0.0051605077
[07/18/26 01:26:59.570] [I] 	Measuring Weight: channel: 139, sat: 0.0075128037, max: 0.0075137205
[07/18/26 01:26:59.573] [I] 	Measuring Weight: channel: 140, sat: 0.005951511, max: 0.0059522376
[07/18/26 01:26:59.576] [I] 	Measuring Weight: channel: 141, sat: 0.009376025, max: 0.009377169
[07/18/26 01:26:59.578] [I] 	Measuring Weight: channel: 142, sat: 0.006581513, max: 0.0065823165
[07/18/26 01:26:59.581] [I] 	Measuring Weight: channel: 143, sat: 0.0071048588, max: 0.0071057263
[07/18/26 01:26:59.584] [I] 	Measuring Weight: channel: 144, sat: 0.0059688045, max: 0.005969533
[07/18/26 01:26:59.586] [I] 	Measuring Weight: channel: 145, sat: 0.006767372, max: 0.006768198
[07/18/26 01:26:59.589] [I] 	Measuring Weight: channel: 146, sat: 0.0056231776, max: 0.005623864
[07/18/26 01:26:59.591] [I] 	Measuring Weight: channel: 147, sat: 0.006317197, max: 0.006317968
[07/18/26 01:26:59.593] [I] 	Measuring Weight: channel: 148, sat: 0.0043957266, max: 0.004396263
[07/18/26 01:26:59.596] [I] 	Measuring Weight: channel: 149, sat: 0.0076663345, max: 0.0076672705
[07/18/26 01:26:59.598] [I] 	Measuring Weight: channel: 150, sat: 0.005509255, max: 0.0055099274
[07/18/26 01:26:59.601] [I] 	Measuring Weight: channel: 151, sat: 0.0050345333, max: 0.0050351475
[07/18/26 01:26:59.603] [I] 	Measuring Weight: channel: 152, sat: 0.0053006522, max: 0.0053012995
[07/18/26 01:26:59.605] [I] 	Measuring Weight: channel: 153, sat: 0.006115019, max: 0.0061157653
[07/18/26 01:26:59.608] [I] 	Measuring Weight: channel: 154, sat: 0.005549433, max: 0.0055501102
[07/18/26 01:26:59.610] [I] 	Measuring Weight: channel: 155, sat: 0.0044057094, max: 0.0044062473
[07/18/26 01:26:59.613] [I] 	Measuring Weight: channel: 156, sat: 0.005468602, max: 0.0054692696
[07/18/26 01:26:59.615] [I] 	Measuring Weight: channel: 157, sat: 0.004583986, max: 0.0045845453
[07/18/26 01:26:59.618] [I] 	Measuring Weight: channel: 158, sat: 0.0049248035, max: 0.0049254047
[07/18/26 01:26:59.620] [I] 	Measuring Weight: channel: 159, sat: 0.004495349, max: 0.004495898
[07/18/26 01:26:59.622] [I] 	Measuring Weight: channel: 160, sat: 0.0058283526, max: 0.0058290637
[07/18/26 01:26:59.625] [I] 	Measuring Weight: channel: 161, sat: 0.016813925, max: 0.016815977
[07/18/26 01:26:59.627] [I] 	Measuring Weight: channel: 162, sat: 0.0038715422, max: 0.0038720146
[07/18/26 01:26:59.630] [I] 	Measuring Weight: channel: 163, sat: 0.0066446494, max: 0.00664546
[07/18/26 01:26:59.632] [I] 	Measuring Weight: channel: 164, sat: 0.00899494, max: 0.008996038
[07/18/26 01:26:59.635] [I] 	Measuring Weight: channel: 165, sat: 0.004163186, max: 0.004163694
[07/18/26 01:26:59.637] [I] 	Measuring Weight: channel: 166, sat: 0.0054705692, max: 0.005471237
[07/18/26 01:26:59.640] [I] 	Measuring Weight: channel: 167, sat: 0.0051365164, max: 0.0051371437
[07/18/26 01:26:59.642] [I] 	Measuring Weight: channel: 168, sat: 0.007561472, max: 0.0075623947
[07/18/26 01:26:59.645] [I] 	Measuring Weight: channel: 169, sat: 0.0067487434, max: 0.006749567
[07/18/26 01:26:59.648] [I] 	Measuring Weight: channel: 170, sat: 0.0057504014, max: 0.005751103
[07/18/26 01:26:59.650] [I] 	Measuring Weight: channel: 171, sat: 0.0061106724, max: 0.006111418
[07/18/26 01:26:59.652] [I] 	Measuring Weight: channel: 172, sat: 0.008836513, max: 0.008837592
[07/18/26 01:26:59.655] [I] 	Measuring Weight: channel: 173, sat: 0.0049052937, max: 0.004905892
[07/18/26 01:26:59.658] [I] 	Measuring Weight: channel: 174, sat: 0.0057860985, max: 0.0057868045
[07/18/26 01:26:59.660] [I] 	Measuring Weight: channel: 175, sat: 0.0053170184, max: 0.005317667
[07/18/26 01:26:59.663] [I] 	Measuring Weight: channel: 176, sat: 0.0051791403, max: 0.005179772
[07/18/26 01:26:59.666] [I] 	Measuring Weight: channel: 177, sat: 0.00740971, max: 0.0074106143
[07/18/26 01:26:59.669] [I] 	Measuring Weight: channel: 178, sat: 0.008988431, max: 0.008989528
[07/18/26 01:26:59.671] [I] 	Measuring Weight: channel: 179, sat: 0.00496938, max: 0.004969986
[07/18/26 01:26:59.674] [I] 	Measuring Weight: channel: 180, sat: 0.0071097915, max: 0.007110659
[07/18/26 01:26:59.677] [I] 	Measuring Weight: channel: 181, sat: 0.0061239097, max: 0.006124657
[07/18/26 01:26:59.679] [I] 	Measuring Weight: channel: 182, sat: 0.0068856515, max: 0.006886492
[07/18/26 01:26:59.682] [I] 	Measuring Weight: channel: 183, sat: 0.0072116656, max: 0.007212546
[07/18/26 01:26:59.684] [I] 	Measuring Weight: channel: 184, sat: 0.0049390616, max: 0.004939664
[07/18/26 01:26:59.687] [I] 	Measuring Weight: channel: 185, sat: 0.0073346756, max: 0.0073355706
[07/18/26 01:26:59.689] [I] 	Measuring Weight: channel: 186, sat: 0.004644641, max: 0.0046452084
[07/18/26 01:26:59.692] [I] 	Measuring Weight: channel: 187, sat: 0.007722416, max: 0.0077233585
[07/18/26 01:26:59.694] [I] 	Measuring Weight: channel: 188, sat: 0.0062421784, max: 0.00624294
[07/18/26 01:26:59.697] [I] 	Measuring Weight: channel: 189, sat: 0.005815004, max: 0.0058157137
[07/18/26 01:26:59.699] [I] 	Measuring Weight: channel: 190, sat: 0.006433272, max: 0.006434057
[07/18/26 01:26:59.702] [I] 	Measuring Weight: channel: 191, sat: 0.006771142, max: 0.0067719687
[07/18/26 01:26:59.704] [I] 	Measuring Weight: channel: 192, sat: 0.0076699792, max: 0.0076709157
[07/18/26 01:26:59.707] [I] 	Measuring Weight: channel: 193, sat: 0.0054164976, max: 0.0054171584
[07/18/26 01:26:59.710] [I] 	Measuring Weight: channel: 194, sat: 0.0049204566, max: 0.004921057
[07/18/26 01:26:59.712] [I] 	Measuring Weight: channel: 195, sat: 0.0048966324, max: 0.0048972303
[07/18/26 01:26:59.715] [I] 	Measuring Weight: channel: 196, sat: 0.004122399, max: 0.0041229017
[07/18/26 01:26:59.717] [I] 	Measuring Weight: channel: 197, sat: 0.005666083, max: 0.0056667747
[07/18/26 01:26:59.720] [I] 	Measuring Weight: channel: 198, sat: 0.005575878, max: 0.0055765584
[07/18/26 01:26:59.722] [I] 	Measuring Weight: channel: 199, sat: 0.0055704378, max: 0.0055711176
[07/18/26 01:26:59.725] [I] 	Measuring Weight: channel: 200, sat: 0.003415707, max: 0.0034161238
[07/18/26 01:26:59.727] [I] 	Measuring Weight: channel: 201, sat: 0.005516231, max: 0.0055169044
[07/18/26 01:26:59.730] [I] 	Measuring Weight: channel: 202, sat: 0.0047490364, max: 0.004749616
[07/18/26 01:26:59.732] [I] 	Measuring Weight: channel: 203, sat: 0.006286525, max: 0.0062872926
[07/18/26 01:26:59.735] [I] 	Measuring Weight: channel: 204, sat: 0.005348743, max: 0.005349396
[07/18/26 01:26:59.737] [I] 	Measuring Weight: channel: 205, sat: 0.005851531, max: 0.0058522453
[07/18/26 01:26:59.740] [I] 	Measuring Weight: channel: 206, sat: 0.007797692, max: 0.007798644
[07/18/26 01:26:59.742] [I] 	Measuring Weight: channel: 207, sat: 0.015977241, max: 0.015979191
[07/18/26 01:26:59.745] [I] 	Measuring Weight: channel: 208, sat: 0.0060245404, max: 0.0060252757
[07/18/26 01:26:59.747] [I] 	Measuring Weight: channel: 209, sat: 0.0077262507, max: 0.0077271936
[07/18/26 01:26:59.750] [I] 	Measuring Weight: channel: 210, sat: 0.008011806, max: 0.008012784
[07/18/26 01:26:59.752] [I] 	Measuring Weight: channel: 211, sat: 0.00526483, max: 0.0052654725
[07/18/26 01:26:59.755] [I] 	Measuring Weight: channel: 212, sat: 0.0047134445, max: 0.00471402
[07/18/26 01:26:59.758] [I] 	Measuring Weight: channel: 213, sat: 0.0055206777, max: 0.0055213515
[07/18/26 01:26:59.761] [I] 	Measuring Weight: channel: 214, sat: 0.0043412955, max: 0.0043418254
[07/18/26 01:26:59.763] [I] 	Measuring Weight: channel: 215, sat: 0.0053823036, max: 0.0053829607
[07/18/26 01:26:59.766] [I] 	Measuring Weight: channel: 216, sat: 0.00534704, max: 0.0053476924
[07/18/26 01:26:59.768] [I] 	Measuring Weight: channel: 217, sat: 0.0066682864, max: 0.0066691004
[07/18/26 01:26:59.771] [I] 	Measuring Weight: channel: 218, sat: 0.0059014373, max: 0.0059021576
[07/18/26 01:26:59.773] [I] 	Measuring Weight: channel: 219, sat: 0.00666469, max: 0.0066655036
[07/18/26 01:26:59.776] [I] 	Measuring Weight: channel: 220, sat: 0.004564723, max: 0.0045652804
[07/18/26 01:26:59.778] [I] 	Measuring Weight: channel: 221, sat: 0.007783211, max: 0.007784161
[07/18/26 01:26:59.780] [I] 	Measuring Weight: channel: 222, sat: 0.008054798, max: 0.00805578
[07/18/26 01:26:59.783] [I] 	Measuring Weight: channel: 223, sat: 0.0049475846, max: 0.0049481886
[07/18/26 01:26:59.785] [I] 	Measuring Weight: channel: 224, sat: 0.0058169733, max: 0.005817683
[07/18/26 01:26:59.788] [I] 	Measuring Weight: channel: 225, sat: 0.0048985286, max: 0.0048991265
[07/18/26 01:26:59.790] [I] 	Measuring Weight: channel: 226, sat: 0.0045113578, max: 0.0045119086
[07/18/26 01:26:59.793] [I] 	Measuring Weight: channel: 227, sat: 0.0069682896, max: 0.0069691404
[07/18/26 01:26:59.795] [I] 	Measuring Weight: channel: 228, sat: 0.010615552, max: 0.010616847
[07/18/26 01:26:59.798] [I] 	Measuring Weight: channel: 229, sat: 0.006386888, max: 0.0063876677
[07/18/26 01:26:59.801] [I] 	Measuring Weight: channel: 230, sat: 0.0055173696, max: 0.005518043
[07/18/26 01:26:59.803] [I] 	Measuring Weight: channel: 231, sat: 0.004582371, max: 0.0045829304
[07/18/26 01:26:59.806] [I] 	Measuring Weight: channel: 232, sat: 0.0058315173, max: 0.005832229
[07/18/26 01:26:59.808] [I] 	Measuring Weight: channel: 233, sat: 0.0064678835, max: 0.0064686732
[07/18/26 01:26:59.811] [I] 	Measuring Weight: channel: 234, sat: 0.005258875, max: 0.005259517
[07/18/26 01:26:59.813] [I] 	Measuring Weight: channel: 235, sat: 0.00518175, max: 0.005182382
[07/18/26 01:26:59.816] [I] 	Measuring Weight: channel: 236, sat: 0.005652989, max: 0.0056536784
[07/18/26 01:26:59.819] [I] 	Measuring Weight: channel: 237, sat: 0.007573027, max: 0.0075739515
[07/18/26 01:26:59.821] [I] 	Measuring Weight: channel: 238, sat: 0.008528204, max: 0.008529244
[07/18/26 01:26:59.823] [I] 	Measuring Weight: channel: 239, sat: 0.004403797, max: 0.004404335
[07/18/26 01:26:59.826] [I] 	Measuring Weight: channel: 240, sat: 0.006280484, max: 0.0062812506
[07/18/26 01:26:59.828] [I] 	Measuring Weight: channel: 241, sat: 0.005595673, max: 0.0055963555
[07/18/26 01:26:59.831] [I] 	Measuring Weight: channel: 242, sat: 0.006347259, max: 0.0063480334
[07/18/26 01:26:59.833] [I] 	Measuring Weight: channel: 243, sat: 0.005585627, max: 0.005586309
[07/18/26 01:26:59.836] [I] 	Measuring Weight: channel: 244, sat: 0.007079483, max: 0.007080347
[07/18/26 01:26:59.838] [I] 	Measuring Weight: channel: 245, sat: 0.0047498955, max: 0.0047504753
[07/18/26 01:26:59.841] [I] 	Measuring Weight: channel: 246, sat: 0.006094201, max: 0.006094945
[07/18/26 01:26:59.843] [I] 	Measuring Weight: channel: 247, sat: 0.0049116877, max: 0.0049122875
[07/18/26 01:26:59.846] [I] 	Measuring Weight: channel: 248, sat: 0.00719428, max: 0.007195158
[07/18/26 01:26:59.849] [I] 	Measuring Weight: channel: 249, sat: 0.0063926615, max: 0.0063934415
[07/18/26 01:26:59.852] [I] 	Measuring Weight: channel: 250, sat: 0.0061392467, max: 0.006139996
[07/18/26 01:26:59.855] [I] 	Measuring Weight: channel: 251, sat: 0.005350291, max: 0.005350944
[07/18/26 01:26:59.858] [I] 	Measuring Weight: channel: 252, sat: 0.0042680926, max: 0.004268613
[07/18/26 01:26:59.861] [I] 	Measuring Weight: channel: 253, sat: 0.0065215197, max: 0.006522316
[07/18/26 01:26:59.863] [I] 	Measuring Weight: channel: 254, sat: 0.005385208, max: 0.005385865
[07/18/26 01:26:59.866] [I] 	Measuring Weight: channel: 255, sat: 0.0067429827, max: 0.006743806
[07/18/26 01:26:59.868] [I] 	Measuring Weight: channel: 256, sat: 0.006156367, max: 0.006157118
[07/18/26 01:26:59.887] [I] Quantizing Op Id: 6, Type: icraft::xir::ReLUNode
[07/18/26 01:26:59.887] [I] Quantizing Op Id: 7, Type: icraft::xir::Conv2dNode
[07/18/26 01:26:59.901] [I] 	Measuring Weight: channel: 1, sat: 0.10627578, max: 0.10628875
[07/18/26 01:26:59.904] [I] 	Measuring Weight: channel: 2, sat: 0.26985872, max: 0.26989165
[07/18/26 01:26:59.907] [I] 	Measuring Weight: channel: 3, sat: 0.14374974, max: 0.1437673
[07/18/26 01:26:59.910] [I] 	Measuring Weight: channel: 4, sat: 0.1156519, max: 0.11566601
[07/18/26 01:26:59.913] [I] 	Measuring Weight: channel: 5, sat: 0.110828474, max: 0.110842
[07/18/26 01:26:59.916] [I] 	Measuring Weight: channel: 6, sat: 0.097670674, max: 0.097682595
[07/18/26 01:26:59.919] [I] 	Measuring Weight: channel: 7, sat: 0.20877981, max: 0.2088053
[07/18/26 01:26:59.921] [I] 	Measuring Weight: channel: 8, sat: 0.09992538, max: 0.09993757
[07/18/26 01:26:59.924] [I] 	Measuring Weight: channel: 9, sat: 0.09740459, max: 0.097416475
[07/18/26 01:26:59.927] [I] 	Measuring Weight: channel: 10, sat: 0.098246776, max: 0.09825877
[07/18/26 01:26:59.930] [I] 	Measuring Weight: channel: 11, sat: 0.14387688, max: 0.14389445
[07/18/26 01:26:59.932] [I] 	Measuring Weight: channel: 12, sat: 0.07552953, max: 0.075538754
[07/18/26 01:26:59.935] [I] 	Measuring Weight: channel: 13, sat: 0.10457413, max: 0.10458689
[07/18/26 01:26:59.937] [I] 	Measuring Weight: channel: 14, sat: 0.11845131, max: 0.118465774
[07/18/26 01:26:59.940] [I] 	Measuring Weight: channel: 15, sat: 0.1328423, max: 0.13285851
[07/18/26 01:26:59.943] [I] 	Measuring Weight: channel: 16, sat: 0.08562018, max: 0.085630625
[07/18/26 01:26:59.946] [I] 	Measuring Weight: channel: 17, sat: 0.08508196, max: 0.08509234
[07/18/26 01:26:59.949] [I] 	Measuring Weight: channel: 18, sat: 0.095189326, max: 0.09520095
[07/18/26 01:26:59.952] [I] 	Measuring Weight: channel: 19, sat: 0.09497044, max: 0.094982035
[07/18/26 01:26:59.955] [I] 	Measuring Weight: channel: 20, sat: 0.1431545, max: 0.14317197
[07/18/26 01:26:59.957] [I] 	Measuring Weight: channel: 21, sat: 0.14409384, max: 0.14411144
[07/18/26 01:26:59.960] [I] 	Measuring Weight: channel: 22, sat: 0.09666158, max: 0.09667338
[07/18/26 01:26:59.963] [I] 	Measuring Weight: channel: 23, sat: 0.17152087, max: 0.17154181
[07/18/26 01:26:59.965] [I] 	Measuring Weight: channel: 24, sat: 0.1481982, max: 0.14821629
[07/18/26 01:26:59.968] [I] 	Measuring Weight: channel: 25, sat: 0.11719345, max: 0.11720776
[07/18/26 01:26:59.971] [I] 	Measuring Weight: channel: 26, sat: 0.074174665, max: 0.07418372
[07/18/26 01:26:59.974] [I] 	Measuring Weight: channel: 27, sat: 0.08260109, max: 0.08261117
[07/18/26 01:26:59.977] [I] 	Measuring Weight: channel: 28, sat: 0.125403, max: 0.1254183
[07/18/26 01:26:59.980] [I] 	Measuring Weight: channel: 29, sat: 0.108372375, max: 0.10838561
[07/18/26 01:26:59.983] [I] 	Measuring Weight: channel: 30, sat: 0.09087585, max: 0.090886936
[07/18/26 01:26:59.986] [I] 	Measuring Weight: channel: 31, sat: 0.14764552, max: 0.14766355
[07/18/26 01:26:59.989] [I] 	Measuring Weight: channel: 32, sat: 0.069980405, max: 0.06998895
[07/18/26 01:26:59.992] [I] 	Measuring Weight: channel: 33, sat: 0.14694801, max: 0.14696594
[07/18/26 01:26:59.995] [I] 	Measuring Weight: channel: 34, sat: 0.10702353, max: 0.1070366
[07/18/26 01:26:59.998] [I] 	Measuring Weight: channel: 35, sat: 0.13661292, max: 0.1366296
[07/18/26 01:27:00.002] [I] 	Measuring Weight: channel: 36, sat: 0.108018495, max: 0.108031675
[07/18/26 01:27:00.004] [I] 	Measuring Weight: channel: 37, sat: 0.112941414, max: 0.1129552
[07/18/26 01:27:00.007] [I] 	Measuring Weight: channel: 38, sat: 0.08870303, max: 0.088713855
[07/18/26 01:27:00.010] [I] 	Measuring Weight: channel: 39, sat: 0.117894866, max: 0.11790926
[07/18/26 01:27:00.013] [I] 	Measuring Weight: channel: 40, sat: 0.12981427, max: 0.12983012
[07/18/26 01:27:00.016] [I] 	Measuring Weight: channel: 41, sat: 0.10322054, max: 0.103233136
[07/18/26 01:27:00.019] [I] 	Measuring Weight: channel: 42, sat: 0.15842915, max: 0.15844847
[07/18/26 01:27:00.021] [I] 	Measuring Weight: channel: 43, sat: 0.14721616, max: 0.14723413
[07/18/26 01:27:00.023] [I] 	Measuring Weight: channel: 44, sat: 0.11458957, max: 0.11460356
[07/18/26 01:27:00.026] [I] 	Measuring Weight: channel: 45, sat: 0.101654746, max: 0.10166716
[07/18/26 01:27:00.028] [I] 	Measuring Weight: channel: 46, sat: 0.07637343, max: 0.07638275
[07/18/26 01:27:00.031] [I] 	Measuring Weight: channel: 47, sat: 0.09412006, max: 0.09413155
[07/18/26 01:27:00.033] [I] 	Measuring Weight: channel: 48, sat: 0.3323752, max: 0.33241576
[07/18/26 01:27:00.036] [I] 	Measuring Weight: channel: 49, sat: 0.1058374, max: 0.10585032
[07/18/26 01:27:00.038] [I] 	Measuring Weight: channel: 50, sat: 0.08728316, max: 0.08729381
[07/18/26 01:27:00.041] [I] 	Measuring Weight: channel: 51, sat: 0.08059928, max: 0.08060912
[07/18/26 01:27:00.043] [I] 	Measuring Weight: channel: 52, sat: 0.14011471, max: 0.1401318
[07/18/26 01:27:00.046] [I] 	Measuring Weight: channel: 53, sat: 0.1024542, max: 0.10246671
[07/18/26 01:27:00.048] [I] 	Measuring Weight: channel: 54, sat: 0.11016364, max: 0.11017708
[07/18/26 01:27:00.051] [I] 	Measuring Weight: channel: 55, sat: 0.108570784, max: 0.10858403
[07/18/26 01:27:00.053] [I] 	Measuring Weight: channel: 56, sat: 0.0965315, max: 0.09654329
[07/18/26 01:27:00.056] [I] 	Measuring Weight: channel: 57, sat: 0.10794483, max: 0.10795801
[07/18/26 01:27:00.058] [I] 	Measuring Weight: channel: 58, sat: 0.086573966, max: 0.08658454
[07/18/26 01:27:00.061] [I] 	Measuring Weight: channel: 59, sat: 0.07280217, max: 0.07281105
[07/18/26 01:27:00.063] [I] 	Measuring Weight: channel: 60, sat: 0.14583604, max: 0.14585383
[07/18/26 01:27:00.066] [I] 	Measuring Weight: channel: 61, sat: 0.14311484, max: 0.14313231
[07/18/26 01:27:00.068] [I] 	Measuring Weight: channel: 62, sat: 0.09587596, max: 0.09588766
[07/18/26 01:27:00.071] [I] 	Measuring Weight: channel: 63, sat: 0.15466471, max: 0.15468359
[07/18/26 01:27:00.073] [I] 	Measuring Weight: channel: 64, sat: 0.14874114, max: 0.1487593
[07/18/26 01:27:00.076] [I] 	Measuring Weight: channel: 65, sat: 0.08736205, max: 0.08737271
[07/18/26 01:27:00.078] [I] 	Measuring Weight: channel: 66, sat: 0.15152515, max: 0.15154365
[07/18/26 01:27:00.081] [I] 	Measuring Weight: channel: 67, sat: 0.13167062, max: 0.13168669
[07/18/26 01:27:00.083] [I] 	Measuring Weight: channel: 68, sat: 0.10344497, max: 0.10345759
[07/18/26 01:27:00.086] [I] 	Measuring Weight: channel: 69, sat: 0.10364732, max: 0.10365997
[07/18/26 01:27:00.088] [I] 	Measuring Weight: channel: 70, sat: 0.103947185, max: 0.10395987
[07/18/26 01:27:00.090] [I] 	Measuring Weight: channel: 71, sat: 0.17831461, max: 0.17833637
[07/18/26 01:27:00.093] [I] 	Measuring Weight: channel: 72, sat: 0.14943805, max: 0.14945629
[07/18/26 01:27:00.096] [I] 	Measuring Weight: channel: 73, sat: 0.11397222, max: 0.11398613
[07/18/26 01:27:00.098] [I] 	Measuring Weight: channel: 74, sat: 0.08931086, max: 0.08932176
[07/18/26 01:27:00.101] [I] 	Measuring Weight: channel: 75, sat: 0.07763855, max: 0.07764803
[07/18/26 01:27:00.103] [I] 	Measuring Weight: channel: 76, sat: 0.13831457, max: 0.13833146
[07/18/26 01:27:00.106] [I] 	Measuring Weight: channel: 77, sat: 0.10342833, max: 0.103440955
[07/18/26 01:27:00.108] [I] 	Measuring Weight: channel: 78, sat: 0.12170172, max: 0.12171657
[07/18/26 01:27:00.111] [I] 	Measuring Weight: channel: 79, sat: 0.12805824, max: 0.12807387
[07/18/26 01:27:00.113] [I] 	Measuring Weight: channel: 80, sat: 0.1152336, max: 0.11524767
[07/18/26 01:27:00.116] [I] 	Measuring Weight: channel: 81, sat: 0.10220666, max: 0.10221914
[07/18/26 01:27:00.118] [I] 	Measuring Weight: channel: 82, sat: 0.08056796, max: 0.0805778
[07/18/26 01:27:00.121] [I] 	Measuring Weight: channel: 83, sat: 0.08136532, max: 0.08137525
[07/18/26 01:27:00.123] [I] 	Measuring Weight: channel: 84, sat: 0.10589477, max: 0.10590769
[07/18/26 01:27:00.125] [I] 	Measuring Weight: channel: 85, sat: 0.0862533, max: 0.08626383
[07/18/26 01:27:00.128] [I] 	Measuring Weight: channel: 86, sat: 0.08262798, max: 0.08263806
[07/18/26 01:27:00.130] [I] 	Measuring Weight: channel: 87, sat: 0.10461832, max: 0.10463109
[07/18/26 01:27:00.133] [I] 	Measuring Weight: channel: 88, sat: 0.09610204, max: 0.09611377
[07/18/26 01:27:00.135] [I] 	Measuring Weight: channel: 89, sat: 0.09283405, max: 0.09284538
[07/18/26 01:27:00.138] [I] 	Measuring Weight: channel: 90, sat: 0.13747607, max: 0.13749285
[07/18/26 01:27:00.140] [I] 	Measuring Weight: channel: 91, sat: 0.106047854, max: 0.1060608
[07/18/26 01:27:00.143] [I] 	Measuring Weight: channel: 92, sat: 0.092409275, max: 0.092420556
[07/18/26 01:27:00.145] [I] 	Measuring Weight: channel: 93, sat: 0.099037066, max: 0.09904916
[07/18/26 01:27:00.148] [I] 	Measuring Weight: channel: 94, sat: 0.09039654, max: 0.09040757
[07/18/26 01:27:00.150] [I] 	Measuring Weight: channel: 95, sat: 0.12030385, max: 0.12031853
[07/18/26 01:27:00.152] [I] 	Measuring Weight: channel: 96, sat: 0.11737053, max: 0.11738486
[07/18/26 01:27:00.155] [I] 	Measuring Weight: channel: 97, sat: 0.096674584, max: 0.09668638
[07/18/26 01:27:00.157] [I] 	Measuring Weight: channel: 98, sat: 0.104494706, max: 0.10450746
[07/18/26 01:27:00.160] [I] 	Measuring Weight: channel: 99, sat: 0.07558115, max: 0.07559037
[07/18/26 01:27:00.162] [I] 	Measuring Weight: channel: 100, sat: 0.10407368, max: 0.104086384
[07/18/26 01:27:00.165] [I] 	Measuring Weight: channel: 101, sat: 0.078743115, max: 0.07875273
[07/18/26 01:27:00.167] [I] 	Measuring Weight: channel: 102, sat: 0.083313495, max: 0.083323665
[07/18/26 01:27:00.170] [I] 	Measuring Weight: channel: 103, sat: 0.41295013, max: 0.41300052
[07/18/26 01:27:00.172] [I] 	Measuring Weight: channel: 104, sat: 0.07153484, max: 0.071543574
[07/18/26 01:27:00.174] [I] 	Measuring Weight: channel: 105, sat: 0.13766111, max: 0.13767791
[07/18/26 01:27:00.177] [I] 	Measuring Weight: channel: 106, sat: 0.101274565, max: 0.101286925
[07/18/26 01:27:00.179] [I] 	Measuring Weight: channel: 107, sat: 0.14818723, max: 0.14820533
[07/18/26 01:27:00.182] [I] 	Measuring Weight: channel: 108, sat: 0.12893783, max: 0.12895356
[07/18/26 01:27:00.184] [I] 	Measuring Weight: channel: 109, sat: 0.091103405, max: 0.09111453
[07/18/26 01:27:00.187] [I] 	Measuring Weight: channel: 110, sat: 0.09116995, max: 0.09118108
[07/18/26 01:27:00.189] [I] 	Measuring Weight: channel: 111, sat: 0.09919973, max: 0.099211834
[07/18/26 01:27:00.192] [I] 	Measuring Weight: channel: 112, sat: 0.10032436, max: 0.100336604
[07/18/26 01:27:00.194] [I] 	Measuring Weight: channel: 113, sat: 0.09852341, max: 0.09853543
[07/18/26 01:27:00.197] [I] 	Measuring Weight: channel: 114, sat: 0.12579821, max: 0.12581357
[07/18/26 01:27:00.199] [I] 	Measuring Weight: channel: 115, sat: 0.15547584, max: 0.15549481
[07/18/26 01:27:00.201] [I] 	Measuring Weight: channel: 116, sat: 0.08817182, max: 0.08818258
[07/18/26 01:27:00.204] [I] 	Measuring Weight: channel: 117, sat: 0.10935805, max: 0.109371394
[07/18/26 01:27:00.206] [I] 	Measuring Weight: channel: 118, sat: 0.13101159, max: 0.13102758
[07/18/26 01:27:00.209] [I] 	Measuring Weight: channel: 119, sat: 0.08697574, max: 0.086986355
[07/18/26 01:27:00.211] [I] 	Measuring Weight: channel: 120, sat: 0.09218131, max: 0.09219256
[07/18/26 01:27:00.214] [I] 	Measuring Weight: channel: 121, sat: 0.20289905, max: 0.20292382
[07/18/26 01:27:00.216] [I] 	Measuring Weight: channel: 122, sat: 0.12880436, max: 0.12882008
[07/18/26 01:27:00.219] [I] 	Measuring Weight: channel: 123, sat: 0.1302101, max: 0.13022599
[07/18/26 01:27:00.221] [I] 	Measuring Weight: channel: 124, sat: 0.061126024, max: 0.06113348
[07/18/26 01:27:00.224] [I] 	Measuring Weight: channel: 125, sat: 0.11377545, max: 0.113789335
[07/18/26 01:27:00.226] [I] 	Measuring Weight: channel: 126, sat: 0.07528935, max: 0.07529854
[07/18/26 01:27:00.229] [I] 	Measuring Weight: channel: 127, sat: 0.12387583, max: 0.12389095
[07/18/26 01:27:00.231] [I] 	Measuring Weight: channel: 128, sat: 0.117615215, max: 0.11762957
[07/18/26 01:27:00.234] [I] 	Measuring Weight: channel: 129, sat: 0.18008855, max: 0.18011053
[07/18/26 01:27:00.236] [I] 	Measuring Weight: channel: 130, sat: 0.08265339, max: 0.08266348
[07/18/26 01:27:00.238] [I] 	Measuring Weight: channel: 131, sat: 0.127225, max: 0.12724052
[07/18/26 01:27:00.241] [I] 	Measuring Weight: channel: 132, sat: 0.1693979, max: 0.16941857
[07/18/26 01:27:00.243] [I] 	Measuring Weight: channel: 133, sat: 0.17896271, max: 0.17898455
[07/18/26 01:27:00.246] [I] 	Measuring Weight: channel: 134, sat: 0.079649165, max: 0.07965889
[07/18/26 01:27:00.249] [I] 	Measuring Weight: channel: 135, sat: 0.18550523, max: 0.18552788
[07/18/26 01:27:00.251] [I] 	Measuring Weight: channel: 136, sat: 0.10007395, max: 0.10008617
[07/18/26 01:27:00.253] [I] 	Measuring Weight: channel: 137, sat: 0.09163883, max: 0.09165002
[07/18/26 01:27:00.256] [I] 	Measuring Weight: channel: 138, sat: 0.10022075, max: 0.10023298
[07/18/26 01:27:00.259] [I] 	Measuring Weight: channel: 139, sat: 0.1339995, max: 0.13401584
[07/18/26 01:27:00.261] [I] 	Measuring Weight: channel: 140, sat: 0.14193952, max: 0.14195684
[07/18/26 01:27:00.263] [I] 	Measuring Weight: channel: 141, sat: 0.09605369, max: 0.09606541
[07/18/26 01:27:00.266] [I] 	Measuring Weight: channel: 142, sat: 0.105974525, max: 0.10598746
[07/18/26 01:27:00.268] [I] 	Measuring Weight: channel: 143, sat: 0.23785204, max: 0.23788106
[07/18/26 01:27:00.271] [I] 	Measuring Weight: channel: 144, sat: 0.14429802, max: 0.14431563
[07/18/26 01:27:00.274] [I] 	Measuring Weight: channel: 145, sat: 0.09018263, max: 0.090193644
[07/18/26 01:27:00.276] [I] 	Measuring Weight: channel: 146, sat: 0.24278885, max: 0.24281847
[07/18/26 01:27:00.279] [I] 	Measuring Weight: channel: 147, sat: 0.110237665, max: 0.11025112
[07/18/26 01:27:00.281] [I] 	Measuring Weight: channel: 148, sat: 0.09729465, max: 0.09730653
[07/18/26 01:27:00.283] [I] 	Measuring Weight: channel: 149, sat: 0.20782758, max: 0.20785296
[07/18/26 01:27:00.286] [I] 	Measuring Weight: channel: 150, sat: 0.09171552, max: 0.09172672
[07/18/26 01:27:00.288] [I] 	Measuring Weight: channel: 151, sat: 0.12865432, max: 0.12867002
[07/18/26 01:27:00.291] [I] 	Measuring Weight: channel: 152, sat: 0.08272584, max: 0.08273593
[07/18/26 01:27:00.293] [I] 	Measuring Weight: channel: 153, sat: 0.098344825, max: 0.09835683
[07/18/26 01:27:00.296] [I] 	Measuring Weight: channel: 154, sat: 0.11651909, max: 0.11653332
[07/18/26 01:27:00.298] [I] 	Measuring Weight: channel: 155, sat: 0.079230085, max: 0.079239756
[07/18/26 01:27:00.301] [I] 	Measuring Weight: channel: 156, sat: 0.21435638, max: 0.21438254
[07/18/26 01:27:00.303] [I] 	Measuring Weight: channel: 157, sat: 0.1025702, max: 0.10258272
[07/18/26 01:27:00.306] [I] 	Measuring Weight: channel: 158, sat: 0.1250659, max: 0.12508117
[07/18/26 01:27:00.308] [I] 	Measuring Weight: channel: 159, sat: 0.0856043, max: 0.085614756
[07/18/26 01:27:00.311] [I] 	Measuring Weight: channel: 160, sat: 0.10008364, max: 0.10009585
[07/18/26 01:27:00.313] [I] 	Measuring Weight: channel: 161, sat: 0.08771846, max: 0.08772916
[07/18/26 01:27:00.316] [I] 	Measuring Weight: channel: 162, sat: 0.092318356, max: 0.09232963
[07/18/26 01:27:00.318] [I] 	Measuring Weight: channel: 163, sat: 0.094169155, max: 0.09418064
[07/18/26 01:27:00.320] [I] 	Measuring Weight: channel: 164, sat: 0.09331835, max: 0.093329735
[07/18/26 01:27:00.323] [I] 	Measuring Weight: channel: 165, sat: 0.11546944, max: 0.11548353
[07/18/26 01:27:00.325] [I] 	Measuring Weight: channel: 166, sat: 0.1314323, max: 0.13144833
[07/18/26 01:27:00.328] [I] 	Measuring Weight: channel: 167, sat: 0.1083721, max: 0.10838533
[07/18/26 01:27:00.330] [I] 	Measuring Weight: channel: 168, sat: 0.22352447, max: 0.22355175
[07/18/26 01:27:00.333] [I] 	Measuring Weight: channel: 169, sat: 0.12605144, max: 0.12606683
[07/18/26 01:27:00.335] [I] 	Measuring Weight: channel: 170, sat: 0.1082568, max: 0.10827002
[07/18/26 01:27:00.338] [I] 	Measuring Weight: channel: 171, sat: 0.09518995, max: 0.095201574
[07/18/26 01:27:00.340] [I] 	Measuring Weight: channel: 172, sat: 0.10797548, max: 0.10798866
[07/18/26 01:27:00.342] [I] 	Measuring Weight: channel: 173, sat: 0.08797073, max: 0.08798147
[07/18/26 01:27:00.345] [I] 	Measuring Weight: channel: 174, sat: 0.1561633, max: 0.15618236
[07/18/26 01:27:00.347] [I] 	Measuring Weight: channel: 175, sat: 0.14617103, max: 0.14618888
[07/18/26 01:27:00.350] [I] 	Measuring Weight: channel: 176, sat: 0.10692023, max: 0.10693327
[07/18/26 01:27:00.352] [I] 	Measuring Weight: channel: 177, sat: 0.10402397, max: 0.10403667
[07/18/26 01:27:00.355] [I] 	Measuring Weight: channel: 178, sat: 0.100015044, max: 0.100027256
[07/18/26 01:27:00.357] [I] 	Measuring Weight: channel: 179, sat: 0.20407256, max: 0.20409746
[07/18/26 01:27:00.360] [I] 	Measuring Weight: channel: 180, sat: 0.0851369, max: 0.085147284
[07/18/26 01:27:00.362] [I] 	Measuring Weight: channel: 181, sat: 0.12170226, max: 0.12171711
[07/18/26 01:27:00.365] [I] 	Measuring Weight: channel: 182, sat: 0.08891797, max: 0.08892882
[07/18/26 01:27:00.367] [I] 	Measuring Weight: channel: 183, sat: 0.06843829, max: 0.06844664
[07/18/26 01:27:00.369] [I] 	Measuring Weight: channel: 184, sat: 0.16523556, max: 0.16525574
[07/18/26 01:27:00.372] [I] 	Measuring Weight: channel: 185, sat: 0.17059697, max: 0.1706178
[07/18/26 01:27:00.374] [I] 	Measuring Weight: channel: 186, sat: 0.15450135, max: 0.1545202
[07/18/26 01:27:00.377] [I] 	Measuring Weight: channel: 187, sat: 0.1393768, max: 0.1393938
[07/18/26 01:27:00.379] [I] 	Measuring Weight: channel: 188, sat: 0.12139788, max: 0.121412694
[07/18/26 01:27:00.382] [I] 	Measuring Weight: channel: 189, sat: 0.10319453, max: 0.10320712
[07/18/26 01:27:00.384] [I] 	Measuring Weight: channel: 190, sat: 0.11432146, max: 0.11433542
[07/18/26 01:27:00.387] [I] 	Measuring Weight: channel: 191, sat: 0.17284404, max: 0.17286514
[07/18/26 01:27:00.389] [I] 	Measuring Weight: channel: 192, sat: 0.09895592, max: 0.098968
[07/18/26 01:27:00.392] [I] 	Measuring Weight: channel: 193, sat: 0.11995123, max: 0.11996587
[07/18/26 01:27:00.394] [I] 	Measuring Weight: channel: 194, sat: 0.091585994, max: 0.09159718
[07/18/26 01:27:00.397] [I] 	Measuring Weight: channel: 195, sat: 0.094862916, max: 0.094874494
[07/18/26 01:27:00.399] [I] 	Measuring Weight: channel: 196, sat: 0.16353592, max: 0.16355588
[07/18/26 01:27:00.402] [I] 	Measuring Weight: channel: 197, sat: 0.11963493, max: 0.11964953
[07/18/26 01:27:00.404] [I] 	Measuring Weight: channel: 198, sat: 0.10328987, max: 0.10330248
[07/18/26 01:27:00.407] [I] 	Measuring Weight: channel: 199, sat: 0.15755361, max: 0.15757284
[07/18/26 01:27:00.409] [I] 	Measuring Weight: channel: 200, sat: 0.08978198, max: 0.08979294
[07/18/26 01:27:00.411] [I] 	Measuring Weight: channel: 201, sat: 0.15323429, max: 0.15325299
[07/18/26 01:27:00.414] [I] 	Measuring Weight: channel: 202, sat: 0.14359775, max: 0.14361528
[07/18/26 01:27:00.416] [I] 	Measuring Weight: channel: 203, sat: 0.10600934, max: 0.106022276
[07/18/26 01:27:00.419] [I] 	Measuring Weight: channel: 204, sat: 0.15433174, max: 0.15435058
[07/18/26 01:27:00.421] [I] 	Measuring Weight: channel: 205, sat: 0.1730995, max: 0.17312063
[07/18/26 01:27:00.424] [I] 	Measuring Weight: channel: 206, sat: 0.10488722, max: 0.104900025
[07/18/26 01:27:00.426] [I] 	Measuring Weight: channel: 207, sat: 0.11462219, max: 0.114636175
[07/18/26 01:27:00.429] [I] 	Measuring Weight: channel: 208, sat: 0.113597296, max: 0.11361116
[07/18/26 01:27:00.431] [I] 	Measuring Weight: channel: 209, sat: 0.11137577, max: 0.11138936
[07/18/26 01:27:00.434] [I] 	Measuring Weight: channel: 210, sat: 0.10037458, max: 0.100386836
[07/18/26 01:27:00.436] [I] 	Measuring Weight: channel: 211, sat: 0.07901263, max: 0.07902228
[07/18/26 01:27:00.439] [I] 	Measuring Weight: channel: 212, sat: 0.12101513, max: 0.121029906
[07/18/26 01:27:00.441] [I] 	Measuring Weight: channel: 213, sat: 0.096243665, max: 0.09625541
[07/18/26 01:27:00.444] [I] 	Measuring Weight: channel: 214, sat: 0.1047081, max: 0.10472088
[07/18/26 01:27:00.447] [I] 	Measuring Weight: channel: 215, sat: 0.11265396, max: 0.11266772
[07/18/26 01:27:00.449] [I] 	Measuring Weight: channel: 216, sat: 0.15376174, max: 0.15378052
[07/18/26 01:27:00.452] [I] 	Measuring Weight: channel: 217, sat: 0.124297164, max: 0.124312334
[07/18/26 01:27:00.454] [I] 	Measuring Weight: channel: 218, sat: 0.08600493, max: 0.086015426
[07/18/26 01:27:00.456] [I] 	Measuring Weight: channel: 219, sat: 0.15010177, max: 0.1501201
[07/18/26 01:27:00.459] [I] 	Measuring Weight: channel: 220, sat: 0.11528277, max: 0.11529683
[07/18/26 01:27:00.461] [I] 	Measuring Weight: channel: 221, sat: 0.07666027, max: 0.076669626
[07/18/26 01:27:00.464] [I] 	Measuring Weight: channel: 222, sat: 0.16316886, max: 0.16318877
[07/18/26 01:27:00.467] [I] 	Measuring Weight: channel: 223, sat: 0.077872865, max: 0.077882364
[07/18/26 01:27:00.469] [I] 	Measuring Weight: channel: 224, sat: 0.095690645, max: 0.09570232
[07/18/26 01:27:00.471] [I] 	Measuring Weight: channel: 225, sat: 0.062738016, max: 0.062745675
[07/18/26 01:27:00.474] [I] 	Measuring Weight: channel: 226, sat: 0.09988901, max: 0.09990121
[07/18/26 01:27:00.476] [I] 	Measuring Weight: channel: 227, sat: 0.12752992, max: 0.12754548
[07/18/26 01:27:00.479] [I] 	Measuring Weight: channel: 228, sat: 0.13086471, max: 0.13088068
[07/18/26 01:27:00.481] [I] 	Measuring Weight: channel: 229, sat: 0.13702601, max: 0.13704275
[07/18/26 01:27:00.484] [I] 	Measuring Weight: channel: 230, sat: 0.11497541, max: 0.11498944
[07/18/26 01:27:00.486] [I] 	Measuring Weight: channel: 231, sat: 0.104469635, max: 0.10448239
[07/18/26 01:27:00.489] [I] 	Measuring Weight: channel: 232, sat: 0.08184615, max: 0.08185614
[07/18/26 01:27:00.491] [I] 	Measuring Weight: channel: 233, sat: 0.11261099, max: 0.112624735
[07/18/26 01:27:00.494] [I] 	Measuring Weight: channel: 234, sat: 0.13713177, max: 0.1371485
[07/18/26 01:27:00.496] [I] 	Measuring Weight: channel: 235, sat: 0.0831543, max: 0.083164446
[07/18/26 01:27:00.499] [I] 	Measuring Weight: channel: 236, sat: 0.08956187, max: 0.0895728
[07/18/26 01:27:00.501] [I] 	Measuring Weight: channel: 237, sat: 0.11877875, max: 0.11879325
[07/18/26 01:27:00.504] [I] 	Measuring Weight: channel: 238, sat: 0.08410486, max: 0.084115125
[07/18/26 01:27:00.506] [I] 	Measuring Weight: channel: 239, sat: 0.17131269, max: 0.1713336
[07/18/26 01:27:00.508] [I] 	Measuring Weight: channel: 240, sat: 0.11643152, max: 0.116445735
[07/18/26 01:27:00.511] [I] 	Measuring Weight: channel: 241, sat: 0.13530034, max: 0.13531685
[07/18/26 01:27:00.513] [I] 	Measuring Weight: channel: 242, sat: 0.12299541, max: 0.12301042
[07/18/26 01:27:00.516] [I] 	Measuring Weight: channel: 243, sat: 0.14630969, max: 0.14632756
[07/18/26 01:27:00.518] [I] 	Measuring Weight: channel: 244, sat: 0.101605736, max: 0.10161813
[07/18/26 01:27:00.521] [I] 	Measuring Weight: channel: 245, sat: 0.14208302, max: 0.14210036
[07/18/26 01:27:00.523] [I] 	Measuring Weight: channel: 246, sat: 0.085694745, max: 0.085705206
[07/18/26 01:27:00.526] [I] 	Measuring Weight: channel: 247, sat: 0.22544488, max: 0.22547239
[07/18/26 01:27:00.528] [I] 	Measuring Weight: channel: 248, sat: 0.12536697, max: 0.12538227
[07/18/26 01:27:00.531] [I] 	Measuring Weight: channel: 249, sat: 0.10486822, max: 0.10488102
[07/18/26 01:27:00.533] [I] 	Measuring Weight: channel: 250, sat: 0.11788052, max: 0.11789491
[07/18/26 01:27:00.535] [I] 	Measuring Weight: channel: 251, sat: 0.09079782, max: 0.090808906
[07/18/26 01:27:00.538] [I] 	Measuring Weight: channel: 252, sat: 0.17530727, max: 0.17532867
[07/18/26 01:27:00.540] [I] 	Measuring Weight: channel: 253, sat: 0.14650193, max: 0.14651981
[07/18/26 01:27:00.543] [I] 	Measuring Weight: channel: 254, sat: 0.1115173, max: 0.111530915
[07/18/26 01:27:00.545] [I] 	Measuring Weight: channel: 255, sat: 0.16828424, max: 0.16830479
[07/18/26 01:27:00.548] [I] 	Measuring Weight: channel: 256, sat: 0.100517176, max: 0.10052944
[07/18/26 01:27:00.567] [I] Quantizing Op Id: 8, Type: icraft::xir::AddNode
[07/18/26 01:27:00.568] [I] Quantizing Op Id: 9, Type: icraft::xir::ReLUNode
[07/18/26 01:27:00.568] [I] Quantizing Op Id: 10, Type: icraft::xir::Conv2dNode
[07/18/26 01:27:00.584] [I] 	Measuring Weight: channel: 1, sat: 0.014072088, max: 0.014073805
[07/18/26 01:27:00.586] [I] 	Measuring Weight: channel: 2, sat: 0.035275754, max: 0.03528006
[07/18/26 01:27:00.589] [I] 	Measuring Weight: channel: 3, sat: 0.020867726, max: 0.020870274
[07/18/26 01:27:00.592] [I] 	Measuring Weight: channel: 4, sat: 0.032330826, max: 0.032334775
[07/18/26 01:27:00.595] [I] 	Measuring Weight: channel: 5, sat: 0.02810787, max: 0.028111301
[07/18/26 01:27:00.598] [I] 	Measuring Weight: channel: 6, sat: 0.0153311435, max: 0.015333015
[07/18/26 01:27:00.601] [I] 	Measuring Weight: channel: 7, sat: 0.020255294, max: 0.020257767
[07/18/26 01:27:00.603] [I] 	Measuring Weight: channel: 8, sat: 0.023381205, max: 0.023384059
[07/18/26 01:27:00.606] [I] 	Measuring Weight: channel: 9, sat: 0.015882986, max: 0.015884925
[07/18/26 01:27:00.609] [I] 	Measuring Weight: channel: 10, sat: 0.013412685, max: 0.013414322
[07/18/26 01:27:00.612] [I] 	Measuring Weight: channel: 11, sat: 0.013556074, max: 0.013557728
[07/18/26 01:27:00.615] [I] 	Measuring Weight: channel: 12, sat: 0.018061368, max: 0.018063571
[07/18/26 01:27:00.618] [I] 	Measuring Weight: channel: 13, sat: 0.0528646, max: 0.052871052
[07/18/26 01:27:00.621] [I] 	Measuring Weight: channel: 14, sat: 0.025818316, max: 0.025821468
[07/18/26 01:27:00.625] [I] 	Measuring Weight: channel: 15, sat: 0.015291856, max: 0.015293722
[07/18/26 01:27:00.628] [I] 	Measuring Weight: channel: 16, sat: 0.021318324, max: 0.021320926
[07/18/26 01:27:00.630] [I] 	Measuring Weight: channel: 17, sat: 0.022001088, max: 0.022003772
[07/18/26 01:27:00.633] [I] 	Measuring Weight: channel: 18, sat: 0.025021113, max: 0.025024166
[07/18/26 01:27:00.636] [I] 	Measuring Weight: channel: 19, sat: 0.020232538, max: 0.020235008
[07/18/26 01:27:00.639] [I] 	Measuring Weight: channel: 20, sat: 0.022340436, max: 0.022343162
[07/18/26 01:27:00.642] [I] 	Measuring Weight: channel: 21, sat: 0.01827779, max: 0.01828002
[07/18/26 01:27:00.645] [I] 	Measuring Weight: channel: 22, sat: 0.015439815, max: 0.0154417
[07/18/26 01:27:00.648] [I] 	Measuring Weight: channel: 23, sat: 0.035149813, max: 0.0351541
[07/18/26 01:27:00.651] [I] 	Measuring Weight: channel: 24, sat: 0.014703545, max: 0.014705339
[07/18/26 01:27:00.654] [I] 	Measuring Weight: channel: 25, sat: 0.016623484, max: 0.016625514
[07/18/26 01:27:00.657] [I] 	Measuring Weight: channel: 26, sat: 0.01635742, max: 0.016359417
[07/18/26 01:27:00.660] [I] 	Measuring Weight: channel: 27, sat: 0.025857517, max: 0.025860675
[07/18/26 01:27:00.663] [I] 	Measuring Weight: channel: 28, sat: 0.020382488, max: 0.020384975
[07/18/26 01:27:00.666] [I] 	Measuring Weight: channel: 29, sat: 0.018807016, max: 0.018809313
[07/18/26 01:27:00.669] [I] 	Measuring Weight: channel: 30, sat: 0.02451963, max: 0.024522621
[07/18/26 01:27:00.672] [I] 	Measuring Weight: channel: 31, sat: 0.013711003, max: 0.013712676
[07/18/26 01:27:00.675] [I] 	Measuring Weight: channel: 32, sat: 0.03212263, max: 0.032126553
[07/18/26 01:27:00.678] [I] 	Measuring Weight: channel: 33, sat: 0.01231862, max: 0.012320125
[07/18/26 01:27:00.680] [I] 	Measuring Weight: channel: 34, sat: 0.013731088, max: 0.013732763
[07/18/26 01:27:00.683] [I] 	Measuring Weight: channel: 35, sat: 0.019796384, max: 0.0197988
[07/18/26 01:27:00.686] [I] 	Measuring Weight: channel: 36, sat: 0.01784073, max: 0.017842907
[07/18/26 01:27:00.688] [I] 	Measuring Weight: channel: 37, sat: 0.017654026, max: 0.017656181
[07/18/26 01:27:00.691] [I] 	Measuring Weight: channel: 38, sat: 0.035736173, max: 0.035740536
[07/18/26 01:27:00.693] [I] 	Measuring Weight: channel: 39, sat: 0.017525144, max: 0.017527284
[07/18/26 01:27:00.696] [I] 	Measuring Weight: channel: 40, sat: 0.02421819, max: 0.024221146
[07/18/26 01:27:00.698] [I] 	Measuring Weight: channel: 41, sat: 0.014648255, max: 0.014650042
[07/18/26 01:27:00.701] [I] 	Measuring Weight: channel: 42, sat: 0.016204713, max: 0.016206691
[07/18/26 01:27:00.703] [I] 	Measuring Weight: channel: 43, sat: 0.02316752, max: 0.023170348
[07/18/26 01:27:00.705] [I] 	Measuring Weight: channel: 44, sat: 0.017152335, max: 0.01715443
[07/18/26 01:27:00.708] [I] 	Measuring Weight: channel: 45, sat: 0.017651333, max: 0.017653486
[07/18/26 01:27:00.711] [I] 	Measuring Weight: channel: 46, sat: 0.019844517, max: 0.01984694
[07/18/26 01:27:00.713] [I] 	Measuring Weight: channel: 47, sat: 0.022162914, max: 0.02216562
[07/18/26 01:27:00.715] [I] 	Measuring Weight: channel: 48, sat: 0.014273198, max: 0.01427494
[07/18/26 01:27:00.718] [I] 	Measuring Weight: channel: 49, sat: 0.012391943, max: 0.012393455
[07/18/26 01:27:00.720] [I] 	Measuring Weight: channel: 50, sat: 0.03956092, max: 0.03956575
[07/18/26 01:27:00.723] [I] 	Measuring Weight: channel: 51, sat: 0.017280988, max: 0.017283099
[07/18/26 01:27:00.725] [I] 	Measuring Weight: channel: 52, sat: 0.016847385, max: 0.016849441
[07/18/26 01:27:00.728] [I] 	Measuring Weight: channel: 53, sat: 0.024865419, max: 0.024868455
[07/18/26 01:27:00.730] [I] 	Measuring Weight: channel: 54, sat: 0.022444481, max: 0.02244722
[07/18/26 01:27:00.733] [I] 	Measuring Weight: channel: 55, sat: 0.023847207, max: 0.023850117
[07/18/26 01:27:00.735] [I] 	Measuring Weight: channel: 56, sat: 0.017737078, max: 0.017739244
[07/18/26 01:27:00.738] [I] 	Measuring Weight: channel: 57, sat: 0.020878134, max: 0.020880682
[07/18/26 01:27:00.740] [I] 	Measuring Weight: channel: 58, sat: 0.010763368, max: 0.010764681
[07/18/26 01:27:00.743] [I] 	Measuring Weight: channel: 59, sat: 0.018023537, max: 0.018025737
[07/18/26 01:27:00.745] [I] 	Measuring Weight: channel: 60, sat: 0.01703456, max: 0.01703664
[07/18/26 01:27:00.748] [I] 	Measuring Weight: channel: 61, sat: 0.011966829, max: 0.01196829
[07/18/26 01:27:00.750] [I] 	Measuring Weight: channel: 62, sat: 0.021333765, max: 0.02133637
[07/18/26 01:27:00.753] [I] 	Measuring Weight: channel: 63, sat: 0.035375956, max: 0.035380274
[07/18/26 01:27:00.755] [I] 	Measuring Weight: channel: 64, sat: 0.027087776, max: 0.027091082
[07/18/26 01:27:00.757] [I] 	Measuring Weight: channel: 65, sat: 0.015377753, max: 0.015379631
[07/18/26 01:27:00.760] [I] 	Measuring Weight: channel: 66, sat: 0.031408522, max: 0.031412356
[07/18/26 01:27:00.763] [I] 	Measuring Weight: channel: 67, sat: 0.015541323, max: 0.015543221
[07/18/26 01:27:00.765] [I] 	Measuring Weight: channel: 68, sat: 0.015972884, max: 0.015974833
[07/18/26 01:27:00.768] [I] 	Measuring Weight: channel: 69, sat: 0.014976374, max: 0.014978201
[07/18/26 01:27:00.770] [I] 	Measuring Weight: channel: 70, sat: 0.033029944, max: 0.033033974
[07/18/26 01:27:00.772] [I] 	Measuring Weight: channel: 71, sat: 0.01787576, max: 0.017877944
[07/18/26 01:27:00.775] [I] 	Measuring Weight: channel: 72, sat: 0.027133947, max: 0.027137259
[07/18/26 01:27:00.777] [I] 	Measuring Weight: channel: 73, sat: 0.021273652, max: 0.021276249
[07/18/26 01:27:00.780] [I] 	Measuring Weight: channel: 74, sat: 0.013138729, max: 0.013140333
[07/18/26 01:27:00.782] [I] 	Measuring Weight: channel: 75, sat: 0.018908562, max: 0.01891087
[07/18/26 01:27:00.785] [I] 	Measuring Weight: channel: 76, sat: 0.015358821, max: 0.015360695
[07/18/26 01:27:00.787] [I] 	Measuring Weight: channel: 77, sat: 0.014988647, max: 0.014990477
[07/18/26 01:27:00.790] [I] 	Measuring Weight: channel: 78, sat: 0.019147888, max: 0.019150224
[07/18/26 01:27:00.792] [I] 	Measuring Weight: channel: 79, sat: 0.043126054, max: 0.043131318
[07/18/26 01:27:00.794] [I] 	Measuring Weight: channel: 80, sat: 0.017826296, max: 0.017828472
[07/18/26 01:27:00.797] [I] 	Measuring Weight: channel: 81, sat: 0.01307405, max: 0.013075646
[07/18/26 01:27:00.799] [I] 	Measuring Weight: channel: 82, sat: 0.01772482, max: 0.017726984
[07/18/26 01:27:00.802] [I] 	Measuring Weight: channel: 83, sat: 0.01675794, max: 0.016759986
[07/18/26 01:27:00.804] [I] 	Measuring Weight: channel: 84, sat: 0.019726086, max: 0.019728493
[07/18/26 01:27:00.807] [I] 	Measuring Weight: channel: 85, sat: 0.022286711, max: 0.022289433
[07/18/26 01:27:00.809] [I] 	Measuring Weight: channel: 86, sat: 0.027098078, max: 0.027101384
[07/18/26 01:27:00.811] [I] 	Measuring Weight: channel: 87, sat: 0.024867138, max: 0.024870174
[07/18/26 01:27:00.814] [I] 	Measuring Weight: channel: 88, sat: 0.01519732, max: 0.015199174
[07/18/26 01:27:00.816] [I] 	Measuring Weight: channel: 89, sat: 0.013374301, max: 0.013375933
[07/18/26 01:27:00.819] [I] 	Measuring Weight: channel: 90, sat: 0.0123750325, max: 0.012376543
[07/18/26 01:27:00.821] [I] 	Measuring Weight: channel: 91, sat: 0.017290445, max: 0.017292555
[07/18/26 01:27:00.823] [I] 	Measuring Weight: channel: 92, sat: 0.016611524, max: 0.01661355
[07/18/26 01:27:00.826] [I] 	Measuring Weight: channel: 93, sat: 0.010199349, max: 0.010200594
[07/18/26 01:27:00.829] [I] 	Measuring Weight: channel: 94, sat: 0.035222296, max: 0.035226595
[07/18/26 01:27:00.831] [I] 	Measuring Weight: channel: 95, sat: 0.030739754, max: 0.030743508
[07/18/26 01:27:00.834] [I] 	Measuring Weight: channel: 96, sat: 0.026872562, max: 0.026875842
[07/18/26 01:27:00.836] [I] 	Measuring Weight: channel: 97, sat: 0.015087699, max: 0.015089541
[07/18/26 01:27:00.838] [I] 	Measuring Weight: channel: 98, sat: 0.026819464, max: 0.026822738
[07/18/26 01:27:00.841] [I] 	Measuring Weight: channel: 99, sat: 0.01319426, max: 0.01319587
[07/18/26 01:27:00.843] [I] 	Measuring Weight: channel: 100, sat: 0.023281965, max: 0.023284806
[07/18/26 01:27:00.846] [I] 	Measuring Weight: channel: 101, sat: 0.016791735, max: 0.016793786
[07/18/26 01:27:00.848] [I] 	Measuring Weight: channel: 102, sat: 0.021293225, max: 0.021295825
[07/18/26 01:27:00.850] [I] 	Measuring Weight: channel: 103, sat: 0.013744153, max: 0.013745831
[07/18/26 01:27:00.853] [I] 	Measuring Weight: channel: 104, sat: 0.017127221, max: 0.017129313
[07/18/26 01:27:00.855] [I] 	Measuring Weight: channel: 105, sat: 0.016441545, max: 0.016443552
[07/18/26 01:27:00.858] [I] 	Measuring Weight: channel: 106, sat: 0.035840705, max: 0.035845082
[07/18/26 01:27:00.861] [I] 	Measuring Weight: channel: 107, sat: 0.03091724, max: 0.030921014
[07/18/26 01:27:00.863] [I] 	Measuring Weight: channel: 108, sat: 0.016821051, max: 0.016823104
[07/18/26 01:27:00.865] [I] 	Measuring Weight: channel: 109, sat: 0.048837233, max: 0.048843194
[07/18/26 01:27:00.868] [I] 	Measuring Weight: channel: 110, sat: 0.0132675, max: 0.01326912
[07/18/26 01:27:00.870] [I] 	Measuring Weight: channel: 111, sat: 0.02526973, max: 0.025272815
[07/18/26 01:27:00.873] [I] 	Measuring Weight: channel: 112, sat: 0.019632015, max: 0.019634413
[07/18/26 01:27:00.875] [I] 	Measuring Weight: channel: 113, sat: 0.018162373, max: 0.01816459
[07/18/26 01:27:00.877] [I] 	Measuring Weight: channel: 114, sat: 0.017458292, max: 0.017460423
[07/18/26 01:27:00.880] [I] 	Measuring Weight: channel: 115, sat: 0.01811833, max: 0.018120542
[07/18/26 01:27:00.882] [I] 	Measuring Weight: channel: 116, sat: 0.014295329, max: 0.014297075
[07/18/26 01:27:00.885] [I] 	Measuring Weight: channel: 117, sat: 0.013352929, max: 0.0133545585
[07/18/26 01:27:00.887] [I] 	Measuring Weight: channel: 118, sat: 0.020563867, max: 0.020566376
[07/18/26 01:27:00.889] [I] 	Measuring Weight: channel: 119, sat: 0.016047625, max: 0.016049583
[07/18/26 01:27:00.892] [I] 	Measuring Weight: channel: 120, sat: 0.013581916, max: 0.0135835735
[07/18/26 01:27:00.894] [I] 	Measuring Weight: channel: 121, sat: 0.019681355, max: 0.019683756
[07/18/26 01:27:00.897] [I] 	Measuring Weight: channel: 122, sat: 0.03631379, max: 0.036318224
[07/18/26 01:27:00.899] [I] 	Measuring Weight: channel: 123, sat: 0.027725458, max: 0.027728843
[07/18/26 01:27:00.901] [I] 	Measuring Weight: channel: 124, sat: 0.025640752, max: 0.025643881
[07/18/26 01:27:00.904] [I] 	Measuring Weight: channel: 125, sat: 0.025721183, max: 0.025724323
[07/18/26 01:27:00.906] [I] 	Measuring Weight: channel: 126, sat: 0.030239113, max: 0.030242803
[07/18/26 01:27:00.909] [I] 	Measuring Weight: channel: 127, sat: 0.041070584, max: 0.041075595
[07/18/26 01:27:00.911] [I] 	Measuring Weight: channel: 128, sat: 0.018050814, max: 0.018053018
[07/18/26 01:27:00.913] [I] 	Measuring Weight: channel: 129, sat: 0.019164184, max: 0.019166524
[07/18/26 01:27:00.916] [I] 	Measuring Weight: channel: 130, sat: 0.02024964, max: 0.020252112
[07/18/26 01:27:00.918] [I] 	Measuring Weight: channel: 131, sat: 0.020607922, max: 0.020610439
[07/18/26 01:27:00.920] [I] 	Measuring Weight: channel: 132, sat: 0.0128953075, max: 0.012896881
[07/18/26 01:27:00.923] [I] 	Measuring Weight: channel: 133, sat: 0.023306698, max: 0.023309542
[07/18/26 01:27:00.925] [I] 	Measuring Weight: channel: 134, sat: 0.025884904, max: 0.025888063
[07/18/26 01:27:00.928] [I] 	Measuring Weight: channel: 135, sat: 0.021280507, max: 0.021283105
[07/18/26 01:27:00.930] [I] 	Measuring Weight: channel: 136, sat: 0.01852469, max: 0.01852695
[07/18/26 01:27:00.932] [I] 	Measuring Weight: channel: 137, sat: 0.015982326, max: 0.015984278
[07/18/26 01:27:00.935] [I] 	Measuring Weight: channel: 138, sat: 0.029600777, max: 0.029604388
[07/18/26 01:27:00.937] [I] 	Measuring Weight: channel: 139, sat: 0.020020414, max: 0.020022858
[07/18/26 01:27:00.940] [I] 	Measuring Weight: channel: 140, sat: 0.014600756, max: 0.014602537
[07/18/26 01:27:00.942] [I] 	Measuring Weight: channel: 141, sat: 0.04607577, max: 0.04608139
[07/18/26 01:27:00.945] [I] 	Measuring Weight: channel: 142, sat: 0.019567762, max: 0.01957015
[07/18/26 01:27:00.947] [I] 	Measuring Weight: channel: 143, sat: 0.014448904, max: 0.014450667
[07/18/26 01:27:00.949] [I] 	Measuring Weight: channel: 144, sat: 0.017097129, max: 0.017099217
[07/18/26 01:27:00.952] [I] 	Measuring Weight: channel: 145, sat: 0.034805544, max: 0.034809794
[07/18/26 01:27:00.955] [I] 	Measuring Weight: channel: 146, sat: 0.02231835, max: 0.022321075
[07/18/26 01:27:00.957] [I] 	Measuring Weight: channel: 147, sat: 0.013521517, max: 0.013523167
[07/18/26 01:27:00.959] [I] 	Measuring Weight: channel: 148, sat: 0.01687863, max: 0.01688069
[07/18/26 01:27:00.962] [I] 	Measuring Weight: channel: 149, sat: 0.015394482, max: 0.01539636
[07/18/26 01:27:00.964] [I] 	Measuring Weight: channel: 150, sat: 0.018007468, max: 0.018009666
[07/18/26 01:27:00.967] [I] 	Measuring Weight: channel: 151, sat: 0.014277988, max: 0.014279731
[07/18/26 01:27:00.969] [I] 	Measuring Weight: channel: 152, sat: 0.022452205, max: 0.022454945
[07/18/26 01:27:00.971] [I] 	Measuring Weight: channel: 153, sat: 0.014562499, max: 0.014564276
[07/18/26 01:27:00.974] [I] 	Measuring Weight: channel: 154, sat: 0.012407787, max: 0.0124093015
[07/18/26 01:27:00.976] [I] 	Measuring Weight: channel: 155, sat: 0.01971644, max: 0.019718846
[07/18/26 01:27:00.979] [I] 	Measuring Weight: channel: 156, sat: 0.019331152, max: 0.01933351
[07/18/26 01:27:00.981] [I] 	Measuring Weight: channel: 157, sat: 0.019669203, max: 0.019671604
[07/18/26 01:27:00.984] [I] 	Measuring Weight: channel: 158, sat: 0.0210666, max: 0.021069173
[07/18/26 01:27:00.986] [I] 	Measuring Weight: channel: 159, sat: 0.01748955, max: 0.017491685
[07/18/26 01:27:00.988] [I] 	Measuring Weight: channel: 160, sat: 0.02323143, max: 0.023234267
[07/18/26 01:27:00.991] [I] 	Measuring Weight: channel: 161, sat: 0.026703877, max: 0.026707137
[07/18/26 01:27:00.993] [I] 	Measuring Weight: channel: 162, sat: 0.017186522, max: 0.01718862
[07/18/26 01:27:00.996] [I] 	Measuring Weight: channel: 163, sat: 0.060896344, max: 0.060903776
[07/18/26 01:27:00.998] [I] 	Measuring Weight: channel: 164, sat: 0.017209245, max: 0.017211344
[07/18/26 01:27:01.000] [I] 	Measuring Weight: channel: 165, sat: 0.033677652, max: 0.033681765
[07/18/26 01:27:01.003] [I] 	Measuring Weight: channel: 166, sat: 0.033818062, max: 0.03382219
[07/18/26 01:27:01.005] [I] 	Measuring Weight: channel: 167, sat: 0.017439635, max: 0.017441764
[07/18/26 01:27:01.008] [I] 	Measuring Weight: channel: 168, sat: 0.01573238, max: 0.0157343
[07/18/26 01:27:01.010] [I] 	Measuring Weight: channel: 169, sat: 0.02189118, max: 0.021893853
[07/18/26 01:27:01.012] [I] 	Measuring Weight: channel: 170, sat: 0.039315652, max: 0.03932045
[07/18/26 01:27:01.015] [I] 	Measuring Weight: channel: 171, sat: 0.023252275, max: 0.023255112
[07/18/26 01:27:01.017] [I] 	Measuring Weight: channel: 172, sat: 0.016162856, max: 0.016164828
[07/18/26 01:27:01.020] [I] 	Measuring Weight: channel: 173, sat: 0.018205613, max: 0.018207835
[07/18/26 01:27:01.022] [I] 	Measuring Weight: channel: 174, sat: 0.019273438, max: 0.01927579
[07/18/26 01:27:01.024] [I] 	Measuring Weight: channel: 175, sat: 0.027173474, max: 0.02717679
[07/18/26 01:27:01.027] [I] 	Measuring Weight: channel: 176, sat: 0.016201146, max: 0.016203122
[07/18/26 01:27:01.029] [I] 	Measuring Weight: channel: 177, sat: 0.017068664, max: 0.017070748
[07/18/26 01:27:01.032] [I] 	Measuring Weight: channel: 178, sat: 0.016305678, max: 0.016307669
[07/18/26 01:27:01.034] [I] 	Measuring Weight: channel: 179, sat: 0.019201221, max: 0.019203564
[07/18/26 01:27:01.037] [I] 	Measuring Weight: channel: 180, sat: 0.018324634, max: 0.018326871
[07/18/26 01:27:01.039] [I] 	Measuring Weight: channel: 181, sat: 0.019583968, max: 0.01958636
[07/18/26 01:27:01.042] [I] 	Measuring Weight: channel: 182, sat: 0.0142501695, max: 0.014251908
[07/18/26 01:27:01.044] [I] 	Measuring Weight: channel: 183, sat: 0.018743556, max: 0.018745843
[07/18/26 01:27:01.047] [I] 	Measuring Weight: channel: 184, sat: 0.013502764, max: 0.013504411
[07/18/26 01:27:01.049] [I] 	Measuring Weight: channel: 185, sat: 0.013039039, max: 0.013040631
[07/18/26 01:27:01.051] [I] 	Measuring Weight: channel: 186, sat: 0.015609876, max: 0.015611782
[07/18/26 01:27:01.054] [I] 	Measuring Weight: channel: 187, sat: 0.015248099, max: 0.015249961
[07/18/26 01:27:01.056] [I] 	Measuring Weight: channel: 188, sat: 0.014248991, max: 0.014250731
[07/18/26 01:27:01.059] [I] 	Measuring Weight: channel: 189, sat: 0.018760294, max: 0.018762585
[07/18/26 01:27:01.061] [I] 	Measuring Weight: channel: 190, sat: 0.020399816, max: 0.020402307
[07/18/26 01:27:01.063] [I] 	Measuring Weight: channel: 191, sat: 0.01753317, max: 0.01753531
[07/18/26 01:27:01.066] [I] 	Measuring Weight: channel: 192, sat: 0.025294045, max: 0.025297133
[07/18/26 01:27:01.078] [I] Quantizing Op Id: 11, Type: icraft::xir::ReLUNode
[07/18/26 01:27:01.078] [I] Quantizing Op Id: 12, Type: icraft::xir::Conv2dNode
[07/18/26 01:27:01.089] [I] 	Measuring Weight: channel: 1, sat: 0.13800359, max: 0.13802044
[07/18/26 01:27:01.092] [I] 	Measuring Weight: channel: 2, sat: 0.0738828, max: 0.073891826
[07/18/26 01:27:01.095] [I] 	Measuring Weight: channel: 3, sat: 0.07309195, max: 0.07310087
[07/18/26 01:27:01.098] [I] 	Measuring Weight: channel: 4, sat: 0.103079334, max: 0.10309191
[07/18/26 01:27:01.101] [I] 	Measuring Weight: channel: 5, sat: 0.08631384, max: 0.08632437
[07/18/26 01:27:01.104] [I] 	Measuring Weight: channel: 6, sat: 0.09059822, max: 0.090609275
[07/18/26 01:27:01.107] [I] 	Measuring Weight: channel: 7, sat: 0.08092346, max: 0.08093333
[07/18/26 01:27:01.110] [I] 	Measuring Weight: channel: 8, sat: 0.13246585, max: 0.13248202
[07/18/26 01:27:01.113] [I] 	Measuring Weight: channel: 9, sat: 0.083024696, max: 0.08303483
[07/18/26 01:27:01.116] [I] 	Measuring Weight: channel: 10, sat: 0.08814612, max: 0.08815688
[07/18/26 01:27:01.118] [I] 	Measuring Weight: channel: 11, sat: 0.09989987, max: 0.09991206
[07/18/26 01:27:01.121] [I] 	Measuring Weight: channel: 12, sat: 0.09671863, max: 0.09673044
[07/18/26 01:27:01.124] [I] 	Measuring Weight: channel: 13, sat: 0.14004062, max: 0.14005771
[07/18/26 01:27:01.127] [I] 	Measuring Weight: channel: 14, sat: 0.05592894, max: 0.05593577
[07/18/26 01:27:01.130] [I] 	Measuring Weight: channel: 15, sat: 0.15774833, max: 0.15776758
[07/18/26 01:27:01.133] [I] 	Measuring Weight: channel: 16, sat: 0.07398892, max: 0.07399795
[07/18/26 01:27:01.136] [I] 	Measuring Weight: channel: 17, sat: 0.0681878, max: 0.068196125
[07/18/26 01:27:01.139] [I] 	Measuring Weight: channel: 18, sat: 0.12615895, max: 0.12617436
[07/18/26 01:27:01.142] [I] 	Measuring Weight: channel: 19, sat: 0.08482477, max: 0.08483512
[07/18/26 01:27:01.145] [I] 	Measuring Weight: channel: 20, sat: 0.11821719, max: 0.11823162
[07/18/26 01:27:01.148] [I] 	Measuring Weight: channel: 21, sat: 0.17603128, max: 0.17605276
[07/18/26 01:27:01.151] [I] 	Measuring Weight: channel: 22, sat: 0.0886318, max: 0.08864262
[07/18/26 01:27:01.154] [I] 	Measuring Weight: channel: 23, sat: 0.08420891, max: 0.08421919
[07/18/26 01:27:01.157] [I] 	Measuring Weight: channel: 24, sat: 0.14091107, max: 0.14092827
[07/18/26 01:27:01.160] [I] 	Measuring Weight: channel: 25, sat: 0.12852794, max: 0.12854363
[07/18/26 01:27:01.162] [I] 	Measuring Weight: channel: 26, sat: 0.10905193, max: 0.10906524
[07/18/26 01:27:01.165] [I] 	Measuring Weight: channel: 27, sat: 0.09616005, max: 0.09617179
[07/18/26 01:27:01.168] [I] 	Measuring Weight: channel: 28, sat: 0.077305555, max: 0.077314995
[07/18/26 01:27:01.171] [I] 	Measuring Weight: channel: 29, sat: 0.06018427, max: 0.060191616
[07/18/26 01:27:01.174] [I] 	Measuring Weight: channel: 30, sat: 0.04662688, max: 0.04663257
[07/18/26 01:27:01.177] [I] 	Measuring Weight: channel: 31, sat: 0.076010086, max: 0.07601936
[07/18/26 01:27:01.180] [I] 	Measuring Weight: channel: 32, sat: 0.09088254, max: 0.09089363
[07/18/26 01:27:01.183] [I] 	Measuring Weight: channel: 33, sat: 0.10850738, max: 0.10852062
[07/18/26 01:27:01.186] [I] 	Measuring Weight: channel: 34, sat: 0.10280683, max: 0.102819376
[07/18/26 01:27:01.188] [I] 	Measuring Weight: channel: 35, sat: 0.06828746, max: 0.06829579
[07/18/26 01:27:01.191] [I] 	Measuring Weight: channel: 36, sat: 0.093480654, max: 0.09349207
[07/18/26 01:27:01.193] [I] 	Measuring Weight: channel: 37, sat: 0.082934655, max: 0.08294477
[07/18/26 01:27:01.196] [I] 	Measuring Weight: channel: 38, sat: 0.11714638, max: 0.11716068
[07/18/26 01:27:01.198] [I] 	Measuring Weight: channel: 39, sat: 0.17264998, max: 0.17267105
[07/18/26 01:27:01.201] [I] 	Measuring Weight: channel: 40, sat: 0.07489301, max: 0.074902155
[07/18/26 01:27:01.203] [I] 	Measuring Weight: channel: 41, sat: 0.12547693, max: 0.12549224
[07/18/26 01:27:01.206] [I] 	Measuring Weight: channel: 42, sat: 0.09915555, max: 0.09916766
[07/18/26 01:27:01.208] [I] 	Measuring Weight: channel: 43, sat: 0.0909897, max: 0.0910008
[07/18/26 01:27:01.211] [I] 	Measuring Weight: channel: 44, sat: 0.10518017, max: 0.105193004
[07/18/26 01:27:01.214] [I] 	Measuring Weight: channel: 45, sat: 0.073598474, max: 0.07360745
[07/18/26 01:27:01.216] [I] 	Measuring Weight: channel: 46, sat: 0.09244613, max: 0.09245742
[07/18/26 01:27:01.219] [I] 	Measuring Weight: channel: 47, sat: 0.13481078, max: 0.13482723
[07/18/26 01:27:01.221] [I] 	Measuring Weight: channel: 48, sat: 0.070343964, max: 0.070352554
[07/18/26 01:27:01.224] [I] 	Measuring Weight: channel: 49, sat: 0.070799366, max: 0.07080801
[07/18/26 01:27:01.226] [I] 	Measuring Weight: channel: 50, sat: 0.12355085, max: 0.12356593
[07/18/26 01:27:01.229] [I] 	Measuring Weight: channel: 51, sat: 0.07246326, max: 0.0724721
[07/18/26 01:27:01.231] [I] 	Measuring Weight: channel: 52, sat: 0.083728395, max: 0.08373861
[07/18/26 01:27:01.234] [I] 	Measuring Weight: channel: 53, sat: 0.07475406, max: 0.07476318
[07/18/26 01:27:01.236] [I] 	Measuring Weight: channel: 54, sat: 0.10066206, max: 0.100674346
[07/18/26 01:27:01.239] [I] 	Measuring Weight: channel: 55, sat: 0.16263613, max: 0.16265598
[07/18/26 01:27:01.241] [I] 	Measuring Weight: channel: 56, sat: 0.05578432, max: 0.055791125
[07/18/26 01:27:01.244] [I] 	Measuring Weight: channel: 57, sat: 0.21935521, max: 0.21938197
[07/18/26 01:27:01.246] [I] 	Measuring Weight: channel: 58, sat: 0.0694091, max: 0.06941757
[07/18/26 01:27:01.249] [I] 	Measuring Weight: channel: 59, sat: 0.07276426, max: 0.07277314
[07/18/26 01:27:01.251] [I] 	Measuring Weight: channel: 60, sat: 0.15788004, max: 0.1578993
[07/18/26 01:27:01.254] [I] 	Measuring Weight: channel: 61, sat: 0.08957278, max: 0.08958372
[07/18/26 01:27:01.257] [I] 	Measuring Weight: channel: 62, sat: 0.07043493, max: 0.070443526
[07/18/26 01:27:01.259] [I] 	Measuring Weight: channel: 63, sat: 0.1229646, max: 0.12297961
[07/18/26 01:27:01.262] [I] 	Measuring Weight: channel: 64, sat: 0.08378112, max: 0.083791345
[07/18/26 01:27:01.264] [I] 	Measuring Weight: channel: 65, sat: 0.10166865, max: 0.10168105
[07/18/26 01:27:01.267] [I] 	Measuring Weight: channel: 66, sat: 0.1456862, max: 0.14570399
[07/18/26 01:27:01.269] [I] 	Measuring Weight: channel: 67, sat: 0.07885871, max: 0.07886834
[07/18/26 01:27:01.272] [I] 	Measuring Weight: channel: 68, sat: 0.06372225, max: 0.06373003
[07/18/26 01:27:01.274] [I] 	Measuring Weight: channel: 69, sat: 0.0806991, max: 0.08070895
[07/18/26 01:27:01.276] [I] 	Measuring Weight: channel: 70, sat: 0.20790528, max: 0.20793065
[07/18/26 01:27:01.279] [I] 	Measuring Weight: channel: 71, sat: 0.15502207, max: 0.155041
[07/18/26 01:27:01.281] [I] 	Measuring Weight: channel: 72, sat: 0.06836373, max: 0.06837208
[07/18/26 01:27:01.284] [I] 	Measuring Weight: channel: 73, sat: 0.10087934, max: 0.10089165
[07/18/26 01:27:01.286] [I] 	Measuring Weight: channel: 74, sat: 0.12745908, max: 0.12747464
[07/18/26 01:27:01.289] [I] 	Measuring Weight: channel: 75, sat: 0.12884992, max: 0.12886566
[07/18/26 01:27:01.291] [I] 	Measuring Weight: channel: 76, sat: 0.1281957, max: 0.12821135
[07/18/26 01:27:01.293] [I] 	Measuring Weight: channel: 77, sat: 0.076057404, max: 0.07606669
[07/18/26 01:27:01.296] [I] 	Measuring Weight: channel: 78, sat: 0.1767294, max: 0.17675096
[07/18/26 01:27:01.298] [I] 	Measuring Weight: channel: 79, sat: 0.09397731, max: 0.093988776
[07/18/26 01:27:01.301] [I] 	Measuring Weight: channel: 80, sat: 0.08330122, max: 0.08331138
[07/18/26 01:27:01.303] [I] 	Measuring Weight: channel: 81, sat: 0.062967926, max: 0.06297561
[07/18/26 01:27:01.306] [I] 	Measuring Weight: channel: 82, sat: 0.15259303, max: 0.15261166
[07/18/26 01:27:01.308] [I] 	Measuring Weight: channel: 83, sat: 0.06764874, max: 0.067656994
[07/18/26 01:27:01.311] [I] 	Measuring Weight: channel: 84, sat: 0.1278902, max: 0.1279058
[07/18/26 01:27:01.313] [I] 	Measuring Weight: channel: 85, sat: 0.18408589, max: 0.18410836
[07/18/26 01:27:01.316] [I] 	Measuring Weight: channel: 86, sat: 0.15628599, max: 0.15630506
[07/18/26 01:27:01.318] [I] 	Measuring Weight: channel: 87, sat: 0.102710634, max: 0.10272317
[07/18/26 01:27:01.321] [I] 	Measuring Weight: channel: 88, sat: 0.16078621, max: 0.16080584
[07/18/26 01:27:01.323] [I] 	Measuring Weight: channel: 89, sat: 0.15792398, max: 0.15794325
[07/18/26 01:27:01.326] [I] 	Measuring Weight: channel: 90, sat: 0.1398782, max: 0.13989526
[07/18/26 01:27:01.328] [I] 	Measuring Weight: channel: 91, sat: 0.07420614, max: 0.074215196
[07/18/26 01:27:01.331] [I] 	Measuring Weight: channel: 92, sat: 0.111907974, max: 0.11192164
[07/18/26 01:27:01.333] [I] 	Measuring Weight: channel: 93, sat: 0.13714285, max: 0.1371596
[07/18/26 01:27:01.336] [I] 	Measuring Weight: channel: 94, sat: 0.09451167, max: 0.094523214
[07/18/26 01:27:01.338] [I] 	Measuring Weight: channel: 95, sat: 0.06533387, max: 0.06534185
[07/18/26 01:27:01.341] [I] 	Measuring Weight: channel: 96, sat: 0.13187769, max: 0.13189378
[07/18/26 01:27:01.343] [I] 	Measuring Weight: channel: 97, sat: 0.07901725, max: 0.0790269
[07/18/26 01:27:01.346] [I] 	Measuring Weight: channel: 98, sat: 0.19378021, max: 0.19380388
[07/18/26 01:27:01.348] [I] 	Measuring Weight: channel: 99, sat: 0.14190501, max: 0.14192234
[07/18/26 01:27:01.351] [I] 	Measuring Weight: channel: 100, sat: 0.10011597, max: 0.10012819
[07/18/26 01:27:01.353] [I] 	Measuring Weight: channel: 101, sat: 0.14611895, max: 0.14613679
[07/18/26 01:27:01.356] [I] 	Measuring Weight: channel: 102, sat: 0.096993476, max: 0.097005315
[07/18/26 01:27:01.358] [I] 	Measuring Weight: channel: 103, sat: 0.084270485, max: 0.08428077
[07/18/26 01:27:01.360] [I] 	Measuring Weight: channel: 104, sat: 0.079127215, max: 0.07913688
[07/18/26 01:27:01.363] [I] 	Measuring Weight: channel: 105, sat: 0.09102157, max: 0.09103268
[07/18/26 01:27:01.366] [I] 	Measuring Weight: channel: 106, sat: 0.07117736, max: 0.07118605
[07/18/26 01:27:01.368] [I] 	Measuring Weight: channel: 107, sat: 0.09169796, max: 0.09170915
[07/18/26 01:27:01.370] [I] 	Measuring Weight: channel: 108, sat: 0.15942936, max: 0.15944882
[07/18/26 01:27:01.373] [I] 	Measuring Weight: channel: 109, sat: 0.06869818, max: 0.06870657
[07/18/26 01:27:01.375] [I] 	Measuring Weight: channel: 110, sat: 0.0907249, max: 0.09073598
[07/18/26 01:27:01.378] [I] 	Measuring Weight: channel: 111, sat: 0.09471841, max: 0.09472997
[07/18/26 01:27:01.380] [I] 	Measuring Weight: channel: 112, sat: 0.2315868, max: 0.23161507
[07/18/26 01:27:01.383] [I] 	Measuring Weight: channel: 113, sat: 0.2222212, max: 0.22224832
[07/18/26 01:27:01.385] [I] 	Measuring Weight: channel: 114, sat: 0.08568535, max: 0.0856958
[07/18/26 01:27:01.388] [I] 	Measuring Weight: channel: 115, sat: 0.107372366, max: 0.10738547
[07/18/26 01:27:01.390] [I] 	Measuring Weight: channel: 116, sat: 0.10354207, max: 0.1035547
[07/18/26 01:27:01.393] [I] 	Measuring Weight: channel: 117, sat: 0.22311074, max: 0.22313796
[07/18/26 01:27:01.395] [I] 	Measuring Weight: channel: 118, sat: 0.078197904, max: 0.07820745
[07/18/26 01:27:01.398] [I] 	Measuring Weight: channel: 119, sat: 0.18546368, max: 0.18548632
[07/18/26 01:27:01.400] [I] 	Measuring Weight: channel: 120, sat: 0.078350484, max: 0.07836004
[07/18/26 01:27:01.403] [I] 	Measuring Weight: channel: 121, sat: 0.11859244, max: 0.11860692
[07/18/26 01:27:01.406] [I] 	Measuring Weight: channel: 122, sat: 0.15794362, max: 0.15796289
[07/18/26 01:27:01.408] [I] 	Measuring Weight: channel: 123, sat: 0.19287083, max: 0.19289437
[07/18/26 01:27:01.411] [I] 	Measuring Weight: channel: 124, sat: 0.081837945, max: 0.08184793
[07/18/26 01:27:01.413] [I] 	Measuring Weight: channel: 125, sat: 0.1583728, max: 0.15839213
[07/18/26 01:27:01.416] [I] 	Measuring Weight: channel: 126, sat: 0.07316931, max: 0.07317824
[07/18/26 01:27:01.418] [I] 	Measuring Weight: channel: 127, sat: 0.07776087, max: 0.07777036
[07/18/26 01:27:01.421] [I] 	Measuring Weight: channel: 128, sat: 0.090683214, max: 0.09069428
[07/18/26 01:27:01.423] [I] 	Measuring Weight: channel: 129, sat: 0.16788816, max: 0.16790865
[07/18/26 01:27:01.426] [I] 	Measuring Weight: channel: 130, sat: 0.1443341, max: 0.1443517
[07/18/26 01:27:01.428] [I] 	Measuring Weight: channel: 131, sat: 0.10107835, max: 0.101090685
[07/18/26 01:27:01.431] [I] 	Measuring Weight: channel: 132, sat: 0.060085796, max: 0.060093127
[07/18/26 01:27:01.433] [I] 	Measuring Weight: channel: 133, sat: 0.14712982, max: 0.14714777
[07/18/26 01:27:01.436] [I] 	Measuring Weight: channel: 134, sat: 0.10604067, max: 0.10605361
[07/18/26 01:27:01.438] [I] 	Measuring Weight: channel: 135, sat: 0.07827109, max: 0.07828064
[07/18/26 01:27:01.441] [I] 	Measuring Weight: channel: 136, sat: 0.07730991, max: 0.07731935
[07/18/26 01:27:01.443] [I] 	Measuring Weight: channel: 137, sat: 0.061502997, max: 0.061510503
[07/18/26 01:27:01.446] [I] 	Measuring Weight: channel: 138, sat: 0.1022462, max: 0.10225868
[07/18/26 01:27:01.448] [I] 	Measuring Weight: channel: 139, sat: 0.08565694, max: 0.085667394
[07/18/26 01:27:01.450] [I] 	Measuring Weight: channel: 140, sat: 0.07993361, max: 0.079943374
[07/18/26 01:27:01.453] [I] 	Measuring Weight: channel: 141, sat: 0.07065964, max: 0.07066826
[07/18/26 01:27:01.455] [I] 	Measuring Weight: channel: 142, sat: 0.09485606, max: 0.09486764
[07/18/26 01:27:01.458] [I] 	Measuring Weight: channel: 143, sat: 0.12779367, max: 0.12780927
[07/18/26 01:27:01.460] [I] 	Measuring Weight: channel: 144, sat: 0.09941791, max: 0.09943004
[07/18/26 01:27:01.463] [I] 	Measuring Weight: channel: 145, sat: 0.14097545, max: 0.14099264
[07/18/26 01:27:01.465] [I] 	Measuring Weight: channel: 146, sat: 0.060707435, max: 0.060714845
[07/18/26 01:27:01.468] [I] 	Measuring Weight: channel: 147, sat: 0.10349735, max: 0.103509985
[07/18/26 01:27:01.470] [I] 	Measuring Weight: channel: 148, sat: 0.07590357, max: 0.07591284
[07/18/26 01:27:01.473] [I] 	Measuring Weight: channel: 149, sat: 0.06458659, max: 0.06459447
[07/18/26 01:27:01.475] [I] 	Measuring Weight: channel: 150, sat: 0.063882746, max: 0.06389054
[07/18/26 01:27:01.478] [I] 	Measuring Weight: channel: 151, sat: 0.11091662, max: 0.11093016
[07/18/26 01:27:01.480] [I] 	Measuring Weight: channel: 152, sat: 0.11200603, max: 0.1120197
[07/18/26 01:27:01.483] [I] 	Measuring Weight: channel: 153, sat: 0.06567237, max: 0.065680385
[07/18/26 01:27:01.485] [I] 	Measuring Weight: channel: 154, sat: 0.086646006, max: 0.086656585
[07/18/26 01:27:01.488] [I] 	Measuring Weight: channel: 155, sat: 0.1537197, max: 0.15373845
[07/18/26 01:27:01.490] [I] 	Measuring Weight: channel: 156, sat: 0.1314928, max: 0.13150884
[07/18/26 01:27:01.493] [I] 	Measuring Weight: channel: 157, sat: 0.07046136, max: 0.07046997
[07/18/26 01:27:01.496] [I] 	Measuring Weight: channel: 158, sat: 0.16107595, max: 0.16109562
[07/18/26 01:27:01.499] [I] 	Measuring Weight: channel: 159, sat: 0.061342403, max: 0.06134989
[07/18/26 01:27:01.502] [I] 	Measuring Weight: channel: 160, sat: 0.08358739, max: 0.0835976
[07/18/26 01:27:01.504] [I] 	Measuring Weight: channel: 161, sat: 0.09438053, max: 0.09439205
[07/18/26 01:27:01.507] [I] 	Measuring Weight: channel: 162, sat: 0.20503445, max: 0.20505948
[07/18/26 01:27:01.510] [I] 	Measuring Weight: channel: 163, sat: 0.11827797, max: 0.1182924
[07/18/26 01:27:01.513] [I] 	Measuring Weight: channel: 164, sat: 0.06590836, max: 0.0659164
[07/18/26 01:27:01.515] [I] 	Measuring Weight: channel: 165, sat: 0.0626644, max: 0.06267204
[07/18/26 01:27:01.518] [I] 	Measuring Weight: channel: 166, sat: 0.20481125, max: 0.20483623
[07/18/26 01:27:01.520] [I] 	Measuring Weight: channel: 167, sat: 0.11082269, max: 0.11083622
[07/18/26 01:27:01.523] [I] 	Measuring Weight: channel: 168, sat: 0.13264433, max: 0.13266052
[07/18/26 01:27:01.525] [I] 	Measuring Weight: channel: 169, sat: 0.14556682, max: 0.1455846
[07/18/26 01:27:01.528] [I] 	Measuring Weight: channel: 170, sat: 0.1419092, max: 0.14192653
[07/18/26 01:27:01.531] [I] 	Measuring Weight: channel: 171, sat: 0.16867396, max: 0.16869454
[07/18/26 01:27:01.533] [I] 	Measuring Weight: channel: 172, sat: 0.24905115, max: 0.24908155
[07/18/26 01:27:01.536] [I] 	Measuring Weight: channel: 173, sat: 0.11789896, max: 0.11791336
[07/18/26 01:27:01.538] [I] 	Measuring Weight: channel: 174, sat: 0.10706935, max: 0.10708242
[07/18/26 01:27:01.540] [I] 	Measuring Weight: channel: 175, sat: 0.050628718, max: 0.0506349
[07/18/26 01:27:01.543] [I] 	Measuring Weight: channel: 176, sat: 0.1288796, max: 0.12889533
[07/18/26 01:27:01.546] [I] 	Measuring Weight: channel: 177, sat: 0.083916165, max: 0.0839264
[07/18/26 01:27:01.548] [I] 	Measuring Weight: channel: 178, sat: 0.0796299, max: 0.07963962
[07/18/26 01:27:01.551] [I] 	Measuring Weight: channel: 179, sat: 0.09746997, max: 0.09748187
[07/18/26 01:27:01.553] [I] 	Measuring Weight: channel: 180, sat: 0.21032712, max: 0.2103528
[07/18/26 01:27:01.555] [I] 	Measuring Weight: channel: 181, sat: 0.11115707, max: 0.111170635
[07/18/26 01:27:01.558] [I] 	Measuring Weight: channel: 182, sat: 0.106095776, max: 0.106108725
[07/18/26 01:27:01.560] [I] 	Measuring Weight: channel: 183, sat: 0.058281206, max: 0.058288317
[07/18/26 01:27:01.563] [I] 	Measuring Weight: channel: 184, sat: 0.12440603, max: 0.12442122
[07/18/26 01:27:01.565] [I] 	Measuring Weight: channel: 185, sat: 0.06275779, max: 0.06276545
[07/18/26 01:27:01.568] [I] 	Measuring Weight: channel: 186, sat: 0.2426232, max: 0.24265282
[07/18/26 01:27:01.570] [I] 	Measuring Weight: channel: 187, sat: 0.11550755, max: 0.11552165
[07/18/26 01:27:01.572] [I] 	Measuring Weight: channel: 188, sat: 0.07257843, max: 0.07258729
[07/18/26 01:27:01.575] [I] 	Measuring Weight: channel: 189, sat: 0.08506919, max: 0.085079566
[07/18/26 01:27:01.577] [I] 	Measuring Weight: channel: 190, sat: 0.06972558, max: 0.06973409
[07/18/26 01:27:01.580] [I] 	Measuring Weight: channel: 191, sat: 0.07284637, max: 0.072855264
[07/18/26 01:27:01.583] [I] 	Measuring Weight: channel: 192, sat: 0.181981, max: 0.1820032
[07/18/26 01:27:01.595] [I] Quantizing Op Id: 13, Type: icraft::xir::ReLUNode
[07/18/26 01:27:01.595] [I] Quantizing Op Id: 14, Type: icraft::xir::Conv2dNode
[07/18/26 01:27:01.608] [I] 	Measuring Weight: channel: 1, sat: 0.107434295, max: 0.10744741
[07/18/26 01:27:01.611] [I] 	Measuring Weight: channel: 2, sat: 0.040898003, max: 0.040902995
[07/18/26 01:27:01.614] [I] 	Measuring Weight: channel: 3, sat: 0.14626718, max: 0.14628503
[07/18/26 01:27:01.617] [I] 	Measuring Weight: channel: 4, sat: 0.19699995, max: 0.19702399
[07/18/26 01:27:01.620] [I] 	Measuring Weight: channel: 5, sat: 0.08367272, max: 0.083682925
[07/18/26 01:27:01.623] [I] 	Measuring Weight: channel: 6, sat: 0.13711901, max: 0.13713574
[07/18/26 01:27:01.626] [I] 	Measuring Weight: channel: 7, sat: 0.06027854, max: 0.060285896
[07/18/26 01:27:01.629] [I] 	Measuring Weight: channel: 8, sat: 0.084777296, max: 0.084787644
[07/18/26 01:27:01.632] [I] 	Measuring Weight: channel: 9, sat: 0.049361806, max: 0.049367834
[07/18/26 01:27:01.635] [I] 	Measuring Weight: channel: 10, sat: 0.10480429, max: 0.104817085
[07/18/26 01:27:01.638] [I] 	Measuring Weight: channel: 11, sat: 0.029015154, max: 0.029018696
[07/18/26 01:27:01.641] [I] 	Measuring Weight: channel: 12, sat: 0.10509376, max: 0.105106585
[07/18/26 01:27:01.644] [I] 	Measuring Weight: channel: 13, sat: 0.27417654, max: 0.27421
[07/18/26 01:27:01.647] [I] 	Measuring Weight: channel: 14, sat: 0.16446659, max: 0.16448666
[07/18/26 01:27:01.650] [I] 	Measuring Weight: channel: 15, sat: 0.05069554, max: 0.050701726
[07/18/26 01:27:01.653] [I] 	Measuring Weight: channel: 16, sat: 0.065309905, max: 0.06531788
[07/18/26 01:27:01.656] [I] 	Measuring Weight: channel: 17, sat: 0.14539376, max: 0.1454115
[07/18/26 01:27:01.659] [I] 	Measuring Weight: channel: 18, sat: 0.0701178, max: 0.070126355
[07/18/26 01:27:01.662] [I] 	Measuring Weight: channel: 19, sat: 0.06078601, max: 0.060793426
[07/18/26 01:27:01.665] [I] 	Measuring Weight: channel: 20, sat: 0.12538123, max: 0.12539653
[07/18/26 01:27:01.668] [I] 	Measuring Weight: channel: 21, sat: 0.022440305, max: 0.022443045
[07/18/26 01:27:01.671] [I] 	Measuring Weight: channel: 22, sat: 0.10941959, max: 0.10943294
[07/18/26 01:27:01.674] [I] 	Measuring Weight: channel: 23, sat: 0.08501574, max: 0.08502611
[07/18/26 01:27:01.677] [I] 	Measuring Weight: channel: 24, sat: 0.049652066, max: 0.049658127
[07/18/26 01:27:01.680] [I] 	Measuring Weight: channel: 25, sat: 0.066986874, max: 0.066995054
[07/18/26 01:27:01.683] [I] 	Measuring Weight: channel: 26, sat: 0.087304585, max: 0.08731524
[07/18/26 01:27:01.686] [I] 	Measuring Weight: channel: 27, sat: 0.10233163, max: 0.102344126
[07/18/26 01:27:01.689] [I] 	Measuring Weight: channel: 28, sat: 0.1458446, max: 0.14586239
[07/18/26 01:27:01.692] [I] 	Measuring Weight: channel: 29, sat: 0.07463832, max: 0.07464743
[07/18/26 01:27:01.695] [I] 	Measuring Weight: channel: 30, sat: 0.050113514, max: 0.05011963
[07/18/26 01:27:01.698] [I] 	Measuring Weight: channel: 31, sat: 0.16629656, max: 0.16631685
[07/18/26 01:27:01.701] [I] 	Measuring Weight: channel: 32, sat: 0.0963563, max: 0.09636806
[07/18/26 01:27:01.703] [I] 	Measuring Weight: channel: 33, sat: 0.059246823, max: 0.059254054
[07/18/26 01:27:01.706] [I] 	Measuring Weight: channel: 34, sat: 0.041371126, max: 0.041376177
[07/18/26 01:27:01.708] [I] 	Measuring Weight: channel: 35, sat: 0.1100112, max: 0.11002462
[07/18/26 01:27:01.711] [I] 	Measuring Weight: channel: 36, sat: 0.095729634, max: 0.09574132
[07/18/26 01:27:01.713] [I] 	Measuring Weight: channel: 37, sat: 0.02964344, max: 0.02964706
[07/18/26 01:27:01.716] [I] 	Measuring Weight: channel: 38, sat: 0.09834981, max: 0.09836181
[07/18/26 01:27:01.719] [I] 	Measuring Weight: channel: 39, sat: 0.19418384, max: 0.19420753
[07/18/26 01:27:01.721] [I] 	Measuring Weight: channel: 40, sat: 0.11180101, max: 0.111814655
[07/18/26 01:27:01.724] [I] 	Measuring Weight: channel: 41, sat: 0.10025731, max: 0.10026955
[07/18/26 01:27:01.726] [I] 	Measuring Weight: channel: 42, sat: 0.15376195, max: 0.15378073
[07/18/26 01:27:01.729] [I] 	Measuring Weight: channel: 43, sat: 0.13063574, max: 0.13065168
[07/18/26 01:27:01.731] [I] 	Measuring Weight: channel: 44, sat: 0.159327, max: 0.15934645
[07/18/26 01:27:01.734] [I] 	Measuring Weight: channel: 45, sat: 0.1010435, max: 0.10105584
[07/18/26 01:27:01.736] [I] 	Measuring Weight: channel: 46, sat: 0.141469, max: 0.14148627
[07/18/26 01:27:01.739] [I] 	Measuring Weight: channel: 47, sat: 0.090311706, max: 0.09032273
[07/18/26 01:27:01.741] [I] 	Measuring Weight: channel: 48, sat: 0.0218541, max: 0.021856768
[07/18/26 01:27:01.744] [I] 	Measuring Weight: channel: 49, sat: 0.1083834, max: 0.10839663
[07/18/26 01:27:01.746] [I] 	Measuring Weight: channel: 50, sat: 0.07268844, max: 0.07269731
[07/18/26 01:27:01.749] [I] 	Measuring Weight: channel: 51, sat: 0.1346347, max: 0.13465114
[07/18/26 01:27:01.751] [I] 	Measuring Weight: channel: 52, sat: 0.1325535, max: 0.13256967
[07/18/26 01:27:01.754] [I] 	Measuring Weight: channel: 53, sat: 0.1768483, max: 0.17686988
[07/18/26 01:27:01.756] [I] 	Measuring Weight: channel: 54, sat: 0.06570535, max: 0.065713376
[07/18/26 01:27:01.759] [I] 	Measuring Weight: channel: 55, sat: 0.05831052, max: 0.05831764
[07/18/26 01:27:01.761] [I] 	Measuring Weight: channel: 56, sat: 0.07502056, max: 0.075029716
[07/18/26 01:27:01.764] [I] 	Measuring Weight: channel: 57, sat: 0.05205967, max: 0.05206602
[07/18/26 01:27:01.766] [I] 	Measuring Weight: channel: 58, sat: 0.035531145, max: 0.03553548
[07/18/26 01:27:01.769] [I] 	Measuring Weight: channel: 59, sat: 0.12947989, max: 0.12949568
[07/18/26 01:27:01.771] [I] 	Measuring Weight: channel: 60, sat: 0.18830733, max: 0.18833032
[07/18/26 01:27:01.774] [I] 	Measuring Weight: channel: 61, sat: 0.05571544, max: 0.055722244
[07/18/26 01:27:01.776] [I] 	Measuring Weight: channel: 62, sat: 0.12372321, max: 0.12373831
[07/18/26 01:27:01.779] [I] 	Measuring Weight: channel: 63, sat: 0.13433732, max: 0.13435373
[07/18/26 01:27:01.781] [I] 	Measuring Weight: channel: 64, sat: 0.11018243, max: 0.110195875
[07/18/26 01:27:01.783] [I] 	Measuring Weight: channel: 65, sat: 0.07625746, max: 0.076266766
[07/18/26 01:27:01.786] [I] 	Measuring Weight: channel: 66, sat: 0.1785309, max: 0.1785527
[07/18/26 01:27:01.789] [I] 	Measuring Weight: channel: 67, sat: 0.09157959, max: 0.09159078
[07/18/26 01:27:01.791] [I] 	Measuring Weight: channel: 68, sat: 0.09281356, max: 0.09282489
[07/18/26 01:27:01.793] [I] 	Measuring Weight: channel: 69, sat: 0.18808198, max: 0.18810493
[07/18/26 01:27:01.796] [I] 	Measuring Weight: channel: 70, sat: 0.13080144, max: 0.13081741
[07/18/26 01:27:01.798] [I] 	Measuring Weight: channel: 71, sat: 0.09280723, max: 0.092818566
[07/18/26 01:27:01.801] [I] 	Measuring Weight: channel: 72, sat: 0.16071169, max: 0.16073132
[07/18/26 01:27:01.803] [I] 	Measuring Weight: channel: 73, sat: 0.089137256, max: 0.089148134
[07/18/26 01:27:01.806] [I] 	Measuring Weight: channel: 74, sat: 0.0273008, max: 0.027304132
[07/18/26 01:27:01.808] [I] 	Measuring Weight: channel: 75, sat: 0.10533693, max: 0.10534978
[07/18/26 01:27:01.811] [I] 	Measuring Weight: channel: 76, sat: 0.08077535, max: 0.080785215
[07/18/26 01:27:01.813] [I] 	Measuring Weight: channel: 77, sat: 0.0906214, max: 0.09063245
[07/18/26 01:27:01.816] [I] 	Measuring Weight: channel: 78, sat: 0.10622872, max: 0.10624168
[07/18/26 01:27:01.818] [I] 	Measuring Weight: channel: 79, sat: 0.16276523, max: 0.1627851
[07/18/26 01:27:01.821] [I] 	Measuring Weight: channel: 80, sat: 0.12687841, max: 0.12689391
[07/18/26 01:27:01.823] [I] 	Measuring Weight: channel: 81, sat: 0.11097816, max: 0.1109917
[07/18/26 01:27:01.826] [I] 	Measuring Weight: channel: 82, sat: 0.12512302, max: 0.1251383
[07/18/26 01:27:01.828] [I] 	Measuring Weight: channel: 83, sat: 0.07498859, max: 0.074997745
[07/18/26 01:27:01.830] [I] 	Measuring Weight: channel: 84, sat: 0.07339455, max: 0.073403515
[07/18/26 01:27:01.833] [I] 	Measuring Weight: channel: 85, sat: 0.101268984, max: 0.101281345
[07/18/26 01:27:01.835] [I] 	Measuring Weight: channel: 86, sat: 0.11968735, max: 0.11970195
[07/18/26 01:27:01.838] [I] 	Measuring Weight: channel: 87, sat: 0.14845069, max: 0.1484688
[07/18/26 01:27:01.840] [I] 	Measuring Weight: channel: 88, sat: 0.1168114, max: 0.116825655
[07/18/26 01:27:01.843] [I] 	Measuring Weight: channel: 89, sat: 0.036294747, max: 0.036299177
[07/18/26 01:27:01.845] [I] 	Measuring Weight: channel: 90, sat: 0.08882847, max: 0.08883931
[07/18/26 01:27:01.848] [I] 	Measuring Weight: channel: 91, sat: 0.07019047, max: 0.070199035
[07/18/26 01:27:01.850] [I] 	Measuring Weight: channel: 92, sat: 0.114108376, max: 0.11412231
[07/18/26 01:27:01.853] [I] 	Measuring Weight: channel: 93, sat: 0.026623372, max: 0.02662662
[07/18/26 01:27:01.855] [I] 	Measuring Weight: channel: 94, sat: 0.08494205, max: 0.084952414
[07/18/26 01:27:01.858] [I] 	Measuring Weight: channel: 95, sat: 0.13256334, max: 0.13257952
[07/18/26 01:27:01.861] [I] 	Measuring Weight: channel: 96, sat: 0.13300404, max: 0.13302028
[07/18/26 01:27:01.863] [I] 	Measuring Weight: channel: 97, sat: 0.074097745, max: 0.07410679
[07/18/26 01:27:01.865] [I] 	Measuring Weight: channel: 98, sat: 0.17026295, max: 0.17028372
[07/18/26 01:27:01.868] [I] 	Measuring Weight: channel: 99, sat: 0.047576997, max: 0.047582805
[07/18/26 01:27:01.870] [I] 	Measuring Weight: channel: 100, sat: 0.07862246, max: 0.07863206
[07/18/26 01:27:01.873] [I] 	Measuring Weight: channel: 101, sat: 0.13773136, max: 0.13774817
[07/18/26 01:27:01.875] [I] 	Measuring Weight: channel: 102, sat: 0.19282766, max: 0.1928512
[07/18/26 01:27:01.878] [I] 	Measuring Weight: channel: 103, sat: 0.21001397, max: 0.2100396
[07/18/26 01:27:01.880] [I] 	Measuring Weight: channel: 104, sat: 0.11232381, max: 0.11233752
[07/18/26 01:27:01.883] [I] 	Measuring Weight: channel: 105, sat: 0.07468429, max: 0.07469341
[07/18/26 01:27:01.885] [I] 	Measuring Weight: channel: 106, sat: 0.16342483, max: 0.16344477
[07/18/26 01:27:01.888] [I] 	Measuring Weight: channel: 107, sat: 0.11374856, max: 0.113762446
[07/18/26 01:27:01.890] [I] 	Measuring Weight: channel: 108, sat: 0.114584886, max: 0.11459887
[07/18/26 01:27:01.893] [I] 	Measuring Weight: channel: 109, sat: 0.14502916, max: 0.14504686
[07/18/26 01:27:01.895] [I] 	Measuring Weight: channel: 110, sat: 0.08392108, max: 0.08393133
[07/18/26 01:27:01.898] [I] 	Measuring Weight: channel: 111, sat: 0.12478828, max: 0.12480351
[07/18/26 01:27:01.900] [I] 	Measuring Weight: channel: 112, sat: 0.06827381, max: 0.06828215
[07/18/26 01:27:01.903] [I] 	Measuring Weight: channel: 113, sat: 0.06306732, max: 0.06307501
[07/18/26 01:27:01.905] [I] 	Measuring Weight: channel: 114, sat: 0.10990365, max: 0.10991707
[07/18/26 01:27:01.908] [I] 	Measuring Weight: channel: 115, sat: 0.071028315, max: 0.07103698
[07/18/26 01:27:01.910] [I] 	Measuring Weight: channel: 116, sat: 0.052080177, max: 0.052086536
[07/18/26 01:27:01.913] [I] 	Measuring Weight: channel: 117, sat: 0.10452407, max: 0.10453683
[07/18/26 01:27:01.915] [I] 	Measuring Weight: channel: 118, sat: 0.097071156, max: 0.097083
[07/18/26 01:27:01.917] [I] 	Measuring Weight: channel: 119, sat: 0.16251567, max: 0.1625355
[07/18/26 01:27:01.920] [I] 	Measuring Weight: channel: 120, sat: 0.09236656, max: 0.092377834
[07/18/26 01:27:01.922] [I] 	Measuring Weight: channel: 121, sat: 0.104529575, max: 0.10454234
[07/18/26 01:27:01.925] [I] 	Measuring Weight: channel: 122, sat: 0.11463072, max: 0.11464471
[07/18/26 01:27:01.927] [I] 	Measuring Weight: channel: 123, sat: 0.14414635, max: 0.14416394
[07/18/26 01:27:01.930] [I] 	Measuring Weight: channel: 124, sat: 0.15371466, max: 0.15373342
[07/18/26 01:27:01.932] [I] 	Measuring Weight: channel: 125, sat: 0.12561487, max: 0.1256302
[07/18/26 01:27:01.935] [I] 	Measuring Weight: channel: 126, sat: 0.10497438, max: 0.10498719
[07/18/26 01:27:01.937] [I] 	Measuring Weight: channel: 127, sat: 0.07010363, max: 0.07011219
[07/18/26 01:27:01.940] [I] 	Measuring Weight: channel: 128, sat: 0.11381991, max: 0.1138338
[07/18/26 01:27:01.942] [I] 	Measuring Weight: channel: 129, sat: 0.09953318, max: 0.09954532
[07/18/26 01:27:01.945] [I] 	Measuring Weight: channel: 130, sat: 0.109950006, max: 0.109963425
[07/18/26 01:27:01.947] [I] 	Measuring Weight: channel: 131, sat: 0.051379155, max: 0.05138543
[07/18/26 01:27:01.950] [I] 	Measuring Weight: channel: 132, sat: 0.06279147, max: 0.062799126
[07/18/26 01:27:01.952] [I] 	Measuring Weight: channel: 133, sat: 0.07589206, max: 0.07590133
[07/18/26 01:27:01.955] [I] 	Measuring Weight: channel: 134, sat: 0.06360608, max: 0.06361385
[07/18/26 01:27:01.957] [I] 	Measuring Weight: channel: 135, sat: 0.071041025, max: 0.0710497
[07/18/26 01:27:01.960] [I] 	Measuring Weight: channel: 136, sat: 0.07818112, max: 0.07819066
[07/18/26 01:27:01.962] [I] 	Measuring Weight: channel: 137, sat: 0.05776226, max: 0.05776931
[07/18/26 01:27:01.965] [I] 	Measuring Weight: channel: 138, sat: 0.12393064, max: 0.123945765
[07/18/26 01:27:01.967] [I] 	Measuring Weight: channel: 139, sat: 0.043244716, max: 0.043249995
[07/18/26 01:27:01.969] [I] 	Measuring Weight: channel: 140, sat: 0.13422768, max: 0.13424407
[07/18/26 01:27:01.972] [I] 	Measuring Weight: channel: 141, sat: 0.12448413, max: 0.12449933
[07/18/26 01:27:01.975] [I] 	Measuring Weight: channel: 142, sat: 0.09036707, max: 0.090378106
[07/18/26 01:27:01.977] [I] 	Measuring Weight: channel: 143, sat: 0.12355297, max: 0.12356805
[07/18/26 01:27:01.979] [I] 	Measuring Weight: channel: 144, sat: 0.06736871, max: 0.06737693
[07/18/26 01:27:01.982] [I] 	Measuring Weight: channel: 145, sat: 0.10731611, max: 0.107329205
[07/18/26 01:27:01.984] [I] 	Measuring Weight: channel: 146, sat: 0.16141798, max: 0.16143768
[07/18/26 01:27:01.987] [I] 	Measuring Weight: channel: 147, sat: 0.06212312, max: 0.062130705
[07/18/26 01:27:01.990] [I] 	Measuring Weight: channel: 148, sat: 0.10676929, max: 0.106782325
[07/18/26 01:27:01.992] [I] 	Measuring Weight: channel: 149, sat: 0.050923713, max: 0.05092993
[07/18/26 01:27:01.995] [I] 	Measuring Weight: channel: 150, sat: 0.12539092, max: 0.12540622
[07/18/26 01:27:01.997] [I] 	Measuring Weight: channel: 151, sat: 0.06293074, max: 0.06293842
[07/18/26 01:27:01.999] [I] 	Measuring Weight: channel: 152, sat: 0.10349233, max: 0.10350496
[07/18/26 01:27:02.002] [I] 	Measuring Weight: channel: 153, sat: 0.09617089, max: 0.09618263
[07/18/26 01:27:02.004] [I] 	Measuring Weight: channel: 154, sat: 0.053613618, max: 0.05362016
[07/18/26 01:27:02.007] [I] 	Measuring Weight: channel: 155, sat: 0.17073064, max: 0.17075148
[07/18/26 01:27:02.009] [I] 	Measuring Weight: channel: 156, sat: 0.061463363, max: 0.061470866
[07/18/26 01:27:02.012] [I] 	Measuring Weight: channel: 157, sat: 0.062216803, max: 0.0622244
[07/18/26 01:27:02.014] [I] 	Measuring Weight: channel: 158, sat: 0.04240305, max: 0.042408228
[07/18/26 01:27:02.017] [I] 	Measuring Weight: channel: 159, sat: 0.054843813, max: 0.054850508
[07/18/26 01:27:02.019] [I] 	Measuring Weight: channel: 160, sat: 0.123669274, max: 0.12368437
[07/18/26 01:27:02.022] [I] 	Measuring Weight: channel: 161, sat: 0.10324952, max: 0.10326213
[07/18/26 01:27:02.024] [I] 	Measuring Weight: channel: 162, sat: 0.20102377, max: 0.2010483
[07/18/26 01:27:02.027] [I] 	Measuring Weight: channel: 163, sat: 0.13358867, max: 0.13360497
[07/18/26 01:27:02.029] [I] 	Measuring Weight: channel: 164, sat: 0.15691447, max: 0.15693364
[07/18/26 01:27:02.032] [I] 	Measuring Weight: channel: 165, sat: 0.11071684, max: 0.11073036
[07/18/26 01:27:02.034] [I] 	Measuring Weight: channel: 166, sat: 0.19621424, max: 0.19623819
[07/18/26 01:27:02.036] [I] 	Measuring Weight: channel: 167, sat: 0.16394678, max: 0.16396679
[07/18/26 01:27:02.039] [I] 	Measuring Weight: channel: 168, sat: 0.19484419, max: 0.19486797
[07/18/26 01:27:02.041] [I] 	Measuring Weight: channel: 169, sat: 0.19625843, max: 0.19628237
[07/18/26 01:27:02.044] [I] 	Measuring Weight: channel: 170, sat: 0.08480077, max: 0.08481112
[07/18/26 01:27:02.046] [I] 	Measuring Weight: channel: 171, sat: 0.2669034, max: 0.26693597
[07/18/26 01:27:02.049] [I] 	Measuring Weight: channel: 172, sat: 0.14290382, max: 0.14292125
[07/18/26 01:27:02.051] [I] 	Measuring Weight: channel: 173, sat: 0.044393886, max: 0.044399302
[07/18/26 01:27:02.054] [I] 	Measuring Weight: channel: 174, sat: 0.07935439, max: 0.079364076
[07/18/26 01:27:02.056] [I] 	Measuring Weight: channel: 175, sat: 0.06371277, max: 0.06372054
[07/18/26 01:27:02.059] [I] 	Measuring Weight: channel: 176, sat: 0.14626834, max: 0.14628619
[07/18/26 01:27:02.061] [I] 	Measuring Weight: channel: 177, sat: 0.17747638, max: 0.17749803
[07/18/26 01:27:02.064] [I] 	Measuring Weight: channel: 178, sat: 0.12116001, max: 0.1211748
[07/18/26 01:27:02.066] [I] 	Measuring Weight: channel: 179, sat: 0.07914403, max: 0.07915369
[07/18/26 01:27:02.069] [I] 	Measuring Weight: channel: 180, sat: 0.08855846, max: 0.08856927
[07/18/26 01:27:02.072] [I] 	Measuring Weight: channel: 181, sat: 0.07810563, max: 0.07811516
[07/18/26 01:27:02.075] [I] 	Measuring Weight: channel: 182, sat: 0.06720108, max: 0.06720928
[07/18/26 01:27:02.077] [I] 	Measuring Weight: channel: 183, sat: 0.13775606, max: 0.13777289
[07/18/26 01:27:02.080] [I] 	Measuring Weight: channel: 184, sat: 0.02712664, max: 0.02712995
[07/18/26 01:27:02.082] [I] 	Measuring Weight: channel: 185, sat: 0.026855718, max: 0.026858997
[07/18/26 01:27:02.085] [I] 	Measuring Weight: channel: 186, sat: 0.05707852, max: 0.057085488
[07/18/26 01:27:02.088] [I] 	Measuring Weight: channel: 187, sat: 0.09170969, max: 0.09172089
[07/18/26 01:27:02.090] [I] 	Measuring Weight: channel: 188, sat: 0.07472168, max: 0.0747308
[07/18/26 01:27:02.093] [I] 	Measuring Weight: channel: 189, sat: 0.10787728, max: 0.10789044
[07/18/26 01:27:02.095] [I] 	Measuring Weight: channel: 190, sat: 0.13771738, max: 0.13773419
[07/18/26 01:27:02.098] [I] 	Measuring Weight: channel: 191, sat: 0.13938697, max: 0.13940397
[07/18/26 01:27:02.101] [I] 	Measuring Weight: channel: 192, sat: 0.083882086, max: 0.08389232
[07/18/26 01:27:02.111] [I] Quantizing Op Id: 15, Type: icraft::xir::AddNode
[07/18/26 01:27:02.112] [I] Quantizing Op Id: 16, Type: icraft::xir::ReLUNode
[07/18/26 01:27:02.112] [I] Quantizing Op Id: 17, Type: icraft::xir::Conv2dNode
[07/18/26 01:27:02.126] [I] 	Measuring Weight: channel: 1, sat: 0.031724367, max: 0.03172824
[07/18/26 01:27:02.129] [I] 	Measuring Weight: channel: 2, sat: 0.08150858, max: 0.08151853
[07/18/26 01:27:02.132] [I] 	Measuring Weight: channel: 3, sat: 0.065538295, max: 0.06554629
[07/18/26 01:27:02.135] [I] 	Measuring Weight: channel: 4, sat: 0.08718897, max: 0.08719961
[07/18/26 01:27:02.138] [I] 	Measuring Weight: channel: 5, sat: 0.09962664, max: 0.0996388
[07/18/26 01:27:02.141] [I] 	Measuring Weight: channel: 6, sat: 0.05068851, max: 0.050694697
[07/18/26 01:27:02.144] [I] 	Measuring Weight: channel: 7, sat: 0.09994624, max: 0.09995844
[07/18/26 01:27:02.147] [I] 	Measuring Weight: channel: 8, sat: 0.045685958, max: 0.045691535
[07/18/26 01:27:02.150] [I] 	Measuring Weight: channel: 9, sat: 0.09170059, max: 0.09171178
[07/18/26 01:27:02.153] [I] 	Measuring Weight: channel: 10, sat: 0.040279336, max: 0.04028425
[07/18/26 01:27:02.155] [I] 	Measuring Weight: channel: 11, sat: 0.17127718, max: 0.17129809
[07/18/26 01:27:02.158] [I] 	Measuring Weight: channel: 12, sat: 0.028121792, max: 0.028125225
[07/18/26 01:27:02.161] [I] 	Measuring Weight: channel: 13, sat: 0.034378942, max: 0.03438314
[07/18/26 01:27:02.164] [I] 	Measuring Weight: channel: 14, sat: 0.07334487, max: 0.07335382
[07/18/26 01:27:02.167] [I] 	Measuring Weight: channel: 15, sat: 0.048061173, max: 0.048067037
[07/18/26 01:27:02.170] [I] 	Measuring Weight: channel: 16, sat: 0.050684754, max: 0.050690938
[07/18/26 01:27:02.174] [I] 	Measuring Weight: channel: 17, sat: 0.03258816, max: 0.032592136
[07/18/26 01:27:02.177] [I] 	Measuring Weight: channel: 18, sat: 0.056295983, max: 0.056302857
[07/18/26 01:27:02.180] [I] 	Measuring Weight: channel: 19, sat: 0.023562556, max: 0.023565432
[07/18/26 01:27:02.183] [I] 	Measuring Weight: channel: 20, sat: 0.049074594, max: 0.049080584
[07/18/26 01:27:02.186] [I] 	Measuring Weight: channel: 21, sat: 0.069105215, max: 0.06911365
[07/18/26 01:27:02.189] [I] 	Measuring Weight: channel: 22, sat: 0.051041342, max: 0.051047575
[07/18/26 01:27:02.193] [I] 	Measuring Weight: channel: 23, sat: 0.06441546, max: 0.06442333
[07/18/26 01:27:02.196] [I] 	Measuring Weight: channel: 24, sat: 0.04973685, max: 0.04974292
[07/18/26 01:27:02.199] [I] 	Measuring Weight: channel: 25, sat: 0.04718081, max: 0.04718657
[07/18/26 01:27:02.202] [I] 	Measuring Weight: channel: 26, sat: 0.061882347, max: 0.061889898
[07/18/26 01:27:02.205] [I] 	Measuring Weight: channel: 27, sat: 0.048893075, max: 0.048899043
[07/18/26 01:27:02.209] [I] 	Measuring Weight: channel: 28, sat: 0.040384863, max: 0.04038979
[07/18/26 01:27:02.212] [I] 	Measuring Weight: channel: 29, sat: 0.04896296, max: 0.048968934
[07/18/26 01:27:02.215] [I] 	Measuring Weight: channel: 30, sat: 0.058622897, max: 0.05863005
[07/18/26 01:27:02.217] [I] 	Measuring Weight: channel: 31, sat: 0.039889302, max: 0.03989417
[07/18/26 01:27:02.220] [I] 	Measuring Weight: channel: 32, sat: 0.11102735, max: 0.111040905
[07/18/26 01:27:02.222] [I] 	Measuring Weight: channel: 33, sat: 0.036018226, max: 0.036022622
[07/18/26 01:27:02.225] [I] 	Measuring Weight: channel: 34, sat: 0.13018602, max: 0.13020192
[07/18/26 01:27:02.227] [I] 	Measuring Weight: channel: 35, sat: 0.06917178, max: 0.06918022
[07/18/26 01:27:02.230] [I] 	Measuring Weight: channel: 36, sat: 0.101954855, max: 0.1019673
[07/18/26 01:27:02.233] [I] 	Measuring Weight: channel: 37, sat: 0.04790481, max: 0.047910657
[07/18/26 01:27:02.235] [I] 	Measuring Weight: channel: 38, sat: 0.025665062, max: 0.025668195
[07/18/26 01:27:02.237] [I] 	Measuring Weight: channel: 39, sat: 0.062247016, max: 0.062254615
[07/18/26 01:27:02.240] [I] 	Measuring Weight: channel: 40, sat: 0.115705915, max: 0.11572004
[07/18/26 01:27:02.243] [I] 	Measuring Weight: channel: 41, sat: 0.062497053, max: 0.06250468
[07/18/26 01:27:02.245] [I] 	Measuring Weight: channel: 42, sat: 0.041106187, max: 0.041111205
[07/18/26 01:27:02.248] [I] 	Measuring Weight: channel: 43, sat: 0.05066177, max: 0.050667953
[07/18/26 01:27:02.250] [I] 	Measuring Weight: channel: 44, sat: 0.051466614, max: 0.0514729
[07/18/26 01:27:02.252] [I] 	Measuring Weight: channel: 45, sat: 0.13317747, max: 0.13319373
[07/18/26 01:27:02.255] [I] 	Measuring Weight: channel: 46, sat: 0.030524986, max: 0.030528711
[07/18/26 01:27:02.258] [I] 	Measuring Weight: channel: 47, sat: 0.034003872, max: 0.034008022
[07/18/26 01:27:02.260] [I] 	Measuring Weight: channel: 48, sat: 0.042379197, max: 0.042384367
[07/18/26 01:27:02.262] [I] 	Measuring Weight: channel: 49, sat: 0.092914514, max: 0.092925854
[07/18/26 01:27:02.265] [I] 	Measuring Weight: channel: 50, sat: 0.04624356, max: 0.046249203
[07/18/26 01:27:02.267] [I] 	Measuring Weight: channel: 51, sat: 0.0327454, max: 0.032749396
[07/18/26 01:27:02.270] [I] 	Measuring Weight: channel: 52, sat: 0.13034983, max: 0.13036573
[07/18/26 01:27:02.272] [I] 	Measuring Weight: channel: 53, sat: 0.04344099, max: 0.043446295
[07/18/26 01:27:02.275] [I] 	Measuring Weight: channel: 54, sat: 0.06428981, max: 0.064297654
[07/18/26 01:27:02.277] [I] 	Measuring Weight: channel: 55, sat: 0.09610237, max: 0.09611411
[07/18/26 01:27:02.280] [I] 	Measuring Weight: channel: 56, sat: 0.029087638, max: 0.029091189
[07/18/26 01:27:02.283] [I] 	Measuring Weight: channel: 57, sat: 0.110146046, max: 0.110159494
[07/18/26 01:27:02.285] [I] 	Measuring Weight: channel: 58, sat: 0.05713338, max: 0.057140354
[07/18/26 01:27:02.288] [I] 	Measuring Weight: channel: 59, sat: 0.084816724, max: 0.08482708
[07/18/26 01:27:02.290] [I] 	Measuring Weight: channel: 60, sat: 0.045341518, max: 0.04534705
[07/18/26 01:27:02.293] [I] 	Measuring Weight: channel: 61, sat: 0.03794849, max: 0.037953123
[07/18/26 01:27:02.296] [I] 	Measuring Weight: channel: 62, sat: 0.058440432, max: 0.058447562
[07/18/26 01:27:02.298] [I] 	Measuring Weight: channel: 63, sat: 0.0740143, max: 0.07402333
[07/18/26 01:27:02.301] [I] 	Measuring Weight: channel: 64, sat: 0.14461094, max: 0.14462858
[07/18/26 01:27:02.303] [I] 	Measuring Weight: channel: 65, sat: 0.04822411, max: 0.048229996
[07/18/26 01:27:02.306] [I] 	Measuring Weight: channel: 66, sat: 0.051463723, max: 0.051470004
[07/18/26 01:27:02.308] [I] 	Measuring Weight: channel: 67, sat: 0.07847583, max: 0.07848541
[07/18/26 01:27:02.311] [I] 	Measuring Weight: channel: 68, sat: 0.099365324, max: 0.09937745
[07/18/26 01:27:02.313] [I] 	Measuring Weight: channel: 69, sat: 0.036362708, max: 0.03636715
[07/18/26 01:27:02.316] [I] 	Measuring Weight: channel: 70, sat: 0.06315976, max: 0.06316746
[07/18/26 01:27:02.318] [I] 	Measuring Weight: channel: 71, sat: 0.0731154, max: 0.07312433
[07/18/26 01:27:02.321] [I] 	Measuring Weight: channel: 72, sat: 0.062475603, max: 0.06248323
[07/18/26 01:27:02.323] [I] 	Measuring Weight: channel: 73, sat: 0.06633794, max: 0.066346034
[07/18/26 01:27:02.326] [I] 	Measuring Weight: channel: 74, sat: 0.055893514, max: 0.05590034
[07/18/26 01:27:02.328] [I] 	Measuring Weight: channel: 75, sat: 0.030300902, max: 0.0303046
[07/18/26 01:27:02.331] [I] 	Measuring Weight: channel: 76, sat: 0.03795513, max: 0.037959762
[07/18/26 01:27:02.333] [I] 	Measuring Weight: channel: 77, sat: 0.048689496, max: 0.04869544
[07/18/26 01:27:02.336] [I] 	Measuring Weight: channel: 78, sat: 0.05619631, max: 0.056203168
[07/18/26 01:27:02.339] [I] 	Measuring Weight: channel: 79, sat: 0.045692094, max: 0.04569767
[07/18/26 01:27:02.341] [I] 	Measuring Weight: channel: 80, sat: 0.103604965, max: 0.103617616
[07/18/26 01:27:02.344] [I] 	Measuring Weight: channel: 81, sat: 0.05907535, max: 0.05908256
[07/18/26 01:27:02.346] [I] 	Measuring Weight: channel: 82, sat: 0.096773915, max: 0.09678573
[07/18/26 01:27:02.348] [I] 	Measuring Weight: channel: 83, sat: 0.06806863, max: 0.06807694
[07/18/26 01:27:02.351] [I] 	Measuring Weight: channel: 84, sat: 0.06712885, max: 0.06713704
[07/18/26 01:27:02.354] [I] 	Measuring Weight: channel: 85, sat: 0.07782886, max: 0.07783836
[07/18/26 01:27:02.356] [I] 	Measuring Weight: channel: 86, sat: 0.04052511, max: 0.040530056
[07/18/26 01:27:02.359] [I] 	Measuring Weight: channel: 87, sat: 0.046012513, max: 0.046018127
[07/18/26 01:27:02.361] [I] 	Measuring Weight: channel: 88, sat: 0.033117406, max: 0.033121448
[07/18/26 01:27:02.364] [I] 	Measuring Weight: channel: 89, sat: 0.04219589, max: 0.04220104
[07/18/26 01:27:02.367] [I] 	Measuring Weight: channel: 90, sat: 0.04420254, max: 0.044207938
[07/18/26 01:27:02.369] [I] 	Measuring Weight: channel: 91, sat: 0.119806804, max: 0.11982142
[07/18/26 01:27:02.372] [I] 	Measuring Weight: channel: 92, sat: 0.04606786, max: 0.046073485
[07/18/26 01:27:02.374] [I] 	Measuring Weight: channel: 93, sat: 0.037795376, max: 0.03779999
[07/18/26 01:27:02.377] [I] 	Measuring Weight: channel: 94, sat: 0.055689987, max: 0.05569678
[07/18/26 01:27:02.379] [I] 	Measuring Weight: channel: 95, sat: 0.10235622, max: 0.10236871
[07/18/26 01:27:02.382] [I] 	Measuring Weight: channel: 96, sat: 0.05033585, max: 0.050341994
[07/18/26 01:27:02.384] [I] 	Measuring Weight: channel: 97, sat: 0.061327696, max: 0.061335184
[07/18/26 01:27:02.387] [I] 	Measuring Weight: channel: 98, sat: 0.03548277, max: 0.0354871
[07/18/26 01:27:02.390] [I] 	Measuring Weight: channel: 99, sat: 0.07532192, max: 0.075331114
[07/18/26 01:27:02.393] [I] 	Measuring Weight: channel: 100, sat: 0.038629223, max: 0.038633935
[07/18/26 01:27:02.396] [I] 	Measuring Weight: channel: 101, sat: 0.0974404, max: 0.0974523
[07/18/26 01:27:02.398] [I] 	Measuring Weight: channel: 102, sat: 0.050647724, max: 0.05065391
[07/18/26 01:27:02.401] [I] 	Measuring Weight: channel: 103, sat: 0.09033858, max: 0.09034961
[07/18/26 01:27:02.404] [I] 	Measuring Weight: channel: 104, sat: 0.05876363, max: 0.058770806
[07/18/26 01:27:02.407] [I] 	Measuring Weight: channel: 105, sat: 0.06831316, max: 0.068321496
[07/18/26 01:27:02.409] [I] 	Measuring Weight: channel: 106, sat: 0.040169176, max: 0.04017408
[07/18/26 01:27:02.412] [I] 	Measuring Weight: channel: 107, sat: 0.068070814, max: 0.06807912
[07/18/26 01:27:02.415] [I] 	Measuring Weight: channel: 108, sat: 0.08102142, max: 0.081031315
[07/18/26 01:27:02.418] [I] 	Measuring Weight: channel: 109, sat: 0.052183423, max: 0.05218979
[07/18/26 01:27:02.420] [I] 	Measuring Weight: channel: 110, sat: 0.03160808, max: 0.031611934
[07/18/26 01:27:02.423] [I] 	Measuring Weight: channel: 111, sat: 0.07206014, max: 0.07206894
[07/18/26 01:27:02.426] [I] 	Measuring Weight: channel: 112, sat: 0.027582416, max: 0.027585784
[07/18/26 01:27:02.429] [I] 	Measuring Weight: channel: 113, sat: 0.031654596, max: 0.03165846
[07/18/26 01:27:02.432] [I] 	Measuring Weight: channel: 114, sat: 0.042201765, max: 0.042206913
[07/18/26 01:27:02.434] [I] 	Measuring Weight: channel: 115, sat: 0.07002293, max: 0.07003148
[07/18/26 01:27:02.437] [I] 	Measuring Weight: channel: 116, sat: 0.044554535, max: 0.044559974
[07/18/26 01:27:02.440] [I] 	Measuring Weight: channel: 117, sat: 0.044507377, max: 0.04451281
[07/18/26 01:27:02.442] [I] 	Measuring Weight: channel: 118, sat: 0.03469779, max: 0.034702025
[07/18/26 01:27:02.445] [I] 	Measuring Weight: channel: 119, sat: 0.046890784, max: 0.04689651
[07/18/26 01:27:02.448] [I] 	Measuring Weight: channel: 120, sat: 0.0410425, max: 0.041047506
[07/18/26 01:27:02.450] [I] 	Measuring Weight: channel: 121, sat: 0.034039244, max: 0.0340434
[07/18/26 01:27:02.453] [I] 	Measuring Weight: channel: 122, sat: 0.047208097, max: 0.047213856
[07/18/26 01:27:02.456] [I] 	Measuring Weight: channel: 123, sat: 0.090460815, max: 0.09047186
[07/18/26 01:27:02.459] [I] 	Measuring Weight: channel: 124, sat: 0.060864277, max: 0.060871705
[07/18/26 01:27:02.461] [I] 	Measuring Weight: channel: 125, sat: 0.021154016, max: 0.021156598
[07/18/26 01:27:02.464] [I] 	Measuring Weight: channel: 126, sat: 0.0400277, max: 0.040032588
[07/18/26 01:27:02.467] [I] 	Measuring Weight: channel: 127, sat: 0.031038873, max: 0.031042662
[07/18/26 01:27:02.470] [I] 	Measuring Weight: channel: 128, sat: 0.036352783, max: 0.03635722
[07/18/26 01:27:02.472] [I] 	Measuring Weight: channel: 129, sat: 0.039374374, max: 0.03937918
[07/18/26 01:27:02.475] [I] 	Measuring Weight: channel: 130, sat: 0.049239658, max: 0.04924567
[07/18/26 01:27:02.478] [I] 	Measuring Weight: channel: 131, sat: 0.09405897, max: 0.09407045
[07/18/26 01:27:02.481] [I] 	Measuring Weight: channel: 132, sat: 0.04710668, max: 0.04711243
[07/18/26 01:27:02.483] [I] 	Measuring Weight: channel: 133, sat: 0.0575375, max: 0.057544522
[07/18/26 01:27:02.486] [I] 	Measuring Weight: channel: 134, sat: 0.05692001, max: 0.05692696
[07/18/26 01:27:02.488] [I] 	Measuring Weight: channel: 135, sat: 0.05706268, max: 0.057069644
[07/18/26 01:27:02.491] [I] 	Measuring Weight: channel: 136, sat: 0.051801823, max: 0.051808145
[07/18/26 01:27:02.493] [I] 	Measuring Weight: channel: 137, sat: 0.03593714, max: 0.03594153
[07/18/26 01:27:02.496] [I] 	Measuring Weight: channel: 138, sat: 0.06613461, max: 0.066142686
[07/18/26 01:27:02.498] [I] 	Measuring Weight: channel: 139, sat: 0.04942417, max: 0.049430206
[07/18/26 01:27:02.501] [I] 	Measuring Weight: channel: 140, sat: 0.047287922, max: 0.047293697
[07/18/26 01:27:02.504] [I] 	Measuring Weight: channel: 141, sat: 0.068506695, max: 0.06851506
[07/18/26 01:27:02.506] [I] 	Measuring Weight: channel: 142, sat: 0.04668115, max: 0.04668685
[07/18/26 01:27:02.509] [I] 	Measuring Weight: channel: 143, sat: 0.02984524, max: 0.029848881
[07/18/26 01:27:02.511] [I] 	Measuring Weight: channel: 144, sat: 0.057716563, max: 0.057723608
[07/18/26 01:27:02.514] [I] 	Measuring Weight: channel: 145, sat: 0.04224858, max: 0.042253736
[07/18/26 01:27:02.516] [I] 	Measuring Weight: channel: 146, sat: 0.04346075, max: 0.043466054
[07/18/26 01:27:02.519] [I] 	Measuring Weight: channel: 147, sat: 0.058206886, max: 0.05821399
[07/18/26 01:27:02.522] [I] 	Measuring Weight: channel: 148, sat: 0.07876609, max: 0.07877571
[07/18/26 01:27:02.525] [I] 	Measuring Weight: channel: 149, sat: 0.054573108, max: 0.05457977
[07/18/26 01:27:02.527] [I] 	Measuring Weight: channel: 150, sat: 0.08471177, max: 0.0847221
[07/18/26 01:27:02.530] [I] 	Measuring Weight: channel: 151, sat: 0.12044521, max: 0.12045991
[07/18/26 01:27:02.533] [I] 	Measuring Weight: channel: 152, sat: 0.053349532, max: 0.053356044
[07/18/26 01:27:02.536] [I] 	Measuring Weight: channel: 153, sat: 0.091434635, max: 0.091445796
[07/18/26 01:27:02.538] [I] 	Measuring Weight: channel: 154, sat: 0.028545538, max: 0.028549021
[07/18/26 01:27:02.541] [I] 	Measuring Weight: channel: 155, sat: 0.029723871, max: 0.029727498
[07/18/26 01:27:02.544] [I] 	Measuring Weight: channel: 156, sat: 0.060916323, max: 0.06092376
[07/18/26 01:27:02.547] [I] 	Measuring Weight: channel: 157, sat: 0.05698117, max: 0.056988124
[07/18/26 01:27:02.549] [I] 	Measuring Weight: channel: 158, sat: 0.029606877, max: 0.02961049
[07/18/26 01:27:02.552] [I] 	Measuring Weight: channel: 159, sat: 0.08473242, max: 0.08474276
[07/18/26 01:27:02.554] [I] 	Measuring Weight: channel: 160, sat: 0.08643868, max: 0.08644923
[07/18/26 01:27:02.557] [I] 	Measuring Weight: channel: 161, sat: 0.038226828, max: 0.038231496
[07/18/26 01:27:02.559] [I] 	Measuring Weight: channel: 162, sat: 0.042450268, max: 0.04245545
[07/18/26 01:27:02.562] [I] 	Measuring Weight: channel: 163, sat: 0.062463503, max: 0.062471125
[07/18/26 01:27:02.565] [I] 	Measuring Weight: channel: 164, sat: 0.043378156, max: 0.04338345
[07/18/26 01:27:02.568] [I] 	Measuring Weight: channel: 165, sat: 0.07302046, max: 0.07302937
[07/18/26 01:27:02.570] [I] 	Measuring Weight: channel: 166, sat: 0.064212374, max: 0.06422021
[07/18/26 01:27:02.573] [I] 	Measuring Weight: channel: 167, sat: 0.061131496, max: 0.061138958
[07/18/26 01:27:02.576] [I] 	Measuring Weight: channel: 168, sat: 0.045395978, max: 0.04540152
[07/18/26 01:27:02.579] [I] 	Measuring Weight: channel: 169, sat: 0.036960293, max: 0.036964804
[07/18/26 01:27:02.582] [I] 	Measuring Weight: channel: 170, sat: 0.044938, max: 0.04494349
[07/18/26 01:27:02.585] [I] 	Measuring Weight: channel: 171, sat: 0.046865053, max: 0.046870776
[07/18/26 01:27:02.588] [I] 	Measuring Weight: channel: 172, sat: 0.051024098, max: 0.051030327
[07/18/26 01:27:02.591] [I] 	Measuring Weight: channel: 173, sat: 0.05908665, max: 0.059093863
[07/18/26 01:27:02.593] [I] 	Measuring Weight: channel: 174, sat: 0.061542884, max: 0.061550397
[07/18/26 01:27:02.595] [I] 	Measuring Weight: channel: 175, sat: 0.12614088, max: 0.12615627
[07/18/26 01:27:02.598] [I] 	Measuring Weight: channel: 176, sat: 0.103127845, max: 0.103140436
[07/18/26 01:27:02.600] [I] 	Measuring Weight: channel: 177, sat: 0.03563669, max: 0.035641037
[07/18/26 01:27:02.603] [I] 	Measuring Weight: channel: 178, sat: 0.03273457, max: 0.032738563
[07/18/26 01:27:02.606] [I] 	Measuring Weight: channel: 179, sat: 0.09071361, max: 0.090724684
[07/18/26 01:27:02.608] [I] 	Measuring Weight: channel: 180, sat: 0.047097255, max: 0.047103003
[07/18/26 01:27:02.611] [I] 	Measuring Weight: channel: 181, sat: 0.026858743, max: 0.026862022
[07/18/26 01:27:02.613] [I] 	Measuring Weight: channel: 182, sat: 0.055743404, max: 0.05575021
[07/18/26 01:27:02.615] [I] 	Measuring Weight: channel: 183, sat: 0.03553652, max: 0.03554086
[07/18/26 01:27:02.618] [I] 	Measuring Weight: channel: 184, sat: 0.054428343, max: 0.05443499
[07/18/26 01:27:02.621] [I] 	Measuring Weight: channel: 185, sat: 0.029348154, max: 0.029351735
[07/18/26 01:27:02.623] [I] 	Measuring Weight: channel: 186, sat: 0.042293157, max: 0.042298317
[07/18/26 01:27:02.626] [I] 	Measuring Weight: channel: 187, sat: 0.04677646, max: 0.046782166
[07/18/26 01:27:02.628] [I] 	Measuring Weight: channel: 188, sat: 0.13013132, max: 0.1301472
[07/18/26 01:27:02.631] [I] 	Measuring Weight: channel: 189, sat: 0.050486922, max: 0.050493084
[07/18/26 01:27:02.633] [I] 	Measuring Weight: channel: 190, sat: 0.043465342, max: 0.043470647
[07/18/26 01:27:02.636] [I] 	Measuring Weight: channel: 191, sat: 0.060821947, max: 0.06082937
[07/18/26 01:27:02.638] [I] 	Measuring Weight: channel: 192, sat: 0.100875236, max: 0.100887544
[07/18/26 01:27:02.648] [I] Quantizing Op Id: 18, Type: icraft::xir::ReLUNode
[07/18/26 01:27:02.648] [I] Quantizing Op Id: 19, Type: icraft::xir::Conv2dNode
[07/18/26 01:27:02.659] [I] 	Measuring Weight: channel: 1, sat: 0.21254086, max: 0.21256681
[07/18/26 01:27:02.662] [I] 	Measuring Weight: channel: 2, sat: 0.18946645, max: 0.18948957
[07/18/26 01:27:02.665] [I] 	Measuring Weight: channel: 3, sat: 0.09106028, max: 0.09107139
[07/18/26 01:27:02.668] [I] 	Measuring Weight: channel: 4, sat: 0.2106272, max: 0.2106529
[07/18/26 01:27:02.671] [I] 	Measuring Weight: channel: 5, sat: 0.1833155, max: 0.18333787
[07/18/26 01:27:02.674] [I] 	Measuring Weight: channel: 6, sat: 0.2030343, max: 0.20305908
[07/18/26 01:27:02.676] [I] 	Measuring Weight: channel: 7, sat: 0.21047333, max: 0.21049902
[07/18/26 01:27:02.679] [I] 	Measuring Weight: channel: 8, sat: 0.106635354, max: 0.10664837
[07/18/26 01:27:02.681] [I] 	Measuring Weight: channel: 9, sat: 0.20014359, max: 0.20016803
[07/18/26 01:27:02.684] [I] 	Measuring Weight: channel: 10, sat: 0.21844235, max: 0.21846902
[07/18/26 01:27:02.687] [I] 	Measuring Weight: channel: 11, sat: 0.2160343, max: 0.21606065
[07/18/26 01:27:02.689] [I] 	Measuring Weight: channel: 12, sat: 0.12611017, max: 0.12612556
[07/18/26 01:27:02.692] [I] 	Measuring Weight: channel: 13, sat: 0.2577439, max: 0.25777534
[07/18/26 01:27:02.694] [I] 	Measuring Weight: channel: 14, sat: 0.20543137, max: 0.20545644
[07/18/26 01:27:02.697] [I] 	Measuring Weight: channel: 15, sat: 0.19689366, max: 0.1969177
[07/18/26 01:27:02.699] [I] 	Measuring Weight: channel: 16, sat: 0.19588178, max: 0.1959057
[07/18/26 01:27:02.702] [I] 	Measuring Weight: channel: 17, sat: 0.21338274, max: 0.21340878
[07/18/26 01:27:02.705] [I] 	Measuring Weight: channel: 18, sat: 0.20586888, max: 0.20589402
[07/18/26 01:27:02.708] [I] 	Measuring Weight: channel: 19, sat: 0.26194808, max: 0.26198006
[07/18/26 01:27:02.711] [I] 	Measuring Weight: channel: 20, sat: 0.08702896, max: 0.087039575
[07/18/26 01:27:02.714] [I] 	Measuring Weight: channel: 21, sat: 0.08195446, max: 0.081964456
[07/18/26 01:27:02.717] [I] 	Measuring Weight: channel: 22, sat: 0.121203154, max: 0.121217944
[07/18/26 01:27:02.720] [I] 	Measuring Weight: channel: 23, sat: 0.23320527, max: 0.23323373
[07/18/26 01:27:02.723] [I] 	Measuring Weight: channel: 24, sat: 0.1790482, max: 0.17907004
[07/18/26 01:27:02.726] [I] 	Measuring Weight: channel: 25, sat: 0.20920306, max: 0.20922859
[07/18/26 01:27:02.728] [I] 	Measuring Weight: channel: 26, sat: 0.23411869, max: 0.23414725
[07/18/26 01:27:02.731] [I] 	Measuring Weight: channel: 27, sat: 0.071979664, max: 0.07198845
[07/18/26 01:27:02.734] [I] 	Measuring Weight: channel: 28, sat: 0.32884187, max: 0.328882
[07/18/26 01:27:02.737] [I] 	Measuring Weight: channel: 29, sat: 0.25211424, max: 0.252145
[07/18/26 01:27:02.740] [I] 	Measuring Weight: channel: 30, sat: 0.13433306, max: 0.13434947
[07/18/26 01:27:02.743] [I] 	Measuring Weight: channel: 31, sat: 0.11557719, max: 0.1155913
[07/18/26 01:27:02.746] [I] 	Measuring Weight: channel: 32, sat: 0.110518195, max: 0.11053168
[07/18/26 01:27:02.749] [I] 	Measuring Weight: channel: 33, sat: 0.11679964, max: 0.1168139
[07/18/26 01:27:02.751] [I] 	Measuring Weight: channel: 34, sat: 0.122975305, max: 0.12299031
[07/18/26 01:27:02.754] [I] 	Measuring Weight: channel: 35, sat: 0.06275386, max: 0.06276152
[07/18/26 01:27:02.757] [I] 	Measuring Weight: channel: 36, sat: 0.23178227, max: 0.23181055
[07/18/26 01:27:02.759] [I] 	Measuring Weight: channel: 37, sat: 0.23761901, max: 0.23764803
[07/18/26 01:27:02.762] [I] 	Measuring Weight: channel: 38, sat: 0.27861902, max: 0.27865303
[07/18/26 01:27:02.764] [I] 	Measuring Weight: channel: 39, sat: 0.086258635, max: 0.08626916
[07/18/26 01:27:02.767] [I] 	Measuring Weight: channel: 40, sat: 0.22233218, max: 0.22235931
[07/18/26 01:27:02.769] [I] 	Measuring Weight: channel: 41, sat: 0.15435617, max: 0.15437502
[07/18/26 01:27:02.771] [I] 	Measuring Weight: channel: 42, sat: 0.17744774, max: 0.1774694
[07/18/26 01:27:02.774] [I] 	Measuring Weight: channel: 43, sat: 0.15665142, max: 0.15667054
[07/18/26 01:27:02.776] [I] 	Measuring Weight: channel: 44, sat: 0.117916636, max: 0.11793102
[07/18/26 01:27:02.779] [I] 	Measuring Weight: channel: 45, sat: 0.12341757, max: 0.123432636
[07/18/26 01:27:02.781] [I] 	Measuring Weight: channel: 46, sat: 0.15037102, max: 0.15038936
[07/18/26 01:27:02.784] [I] 	Measuring Weight: channel: 47, sat: 0.105016835, max: 0.10502966
[07/18/26 01:27:02.786] [I] 	Measuring Weight: channel: 48, sat: 0.07447528, max: 0.07448437
[07/18/26 01:27:02.789] [I] 	Measuring Weight: channel: 49, sat: 0.066261604, max: 0.066269696
[07/18/26 01:27:02.791] [I] 	Measuring Weight: channel: 50, sat: 0.18600518, max: 0.18602787
[07/18/26 01:27:02.793] [I] 	Measuring Weight: channel: 51, sat: 0.3975914, max: 0.39763996
[07/18/26 01:27:02.796] [I] 	Measuring Weight: channel: 52, sat: 0.21676335, max: 0.2167898
[07/18/26 01:27:02.798] [I] 	Measuring Weight: channel: 53, sat: 0.0694892, max: 0.06949769
[07/18/26 01:27:02.801] [I] 	Measuring Weight: channel: 54, sat: 0.07709138, max: 0.07710079
[07/18/26 01:27:02.803] [I] 	Measuring Weight: channel: 55, sat: 0.20896025, max: 0.20898575
[07/18/26 01:27:02.806] [I] 	Measuring Weight: channel: 56, sat: 0.18811303, max: 0.188136
[07/18/26 01:27:02.808] [I] 	Measuring Weight: channel: 57, sat: 0.1864481, max: 0.18647085
[07/18/26 01:27:02.811] [I] 	Measuring Weight: channel: 58, sat: 0.111653015, max: 0.11166664
[07/18/26 01:27:02.813] [I] 	Measuring Weight: channel: 59, sat: 0.1299614, max: 0.12997726
[07/18/26 01:27:02.816] [I] 	Measuring Weight: channel: 60, sat: 0.20385431, max: 0.20387919
[07/18/26 01:27:02.818] [I] 	Measuring Weight: channel: 61, sat: 0.14205872, max: 0.14207605
[07/18/26 01:27:02.821] [I] 	Measuring Weight: channel: 62, sat: 0.07143989, max: 0.07144862
[07/18/26 01:27:02.823] [I] 	Measuring Weight: channel: 63, sat: 0.09501777, max: 0.09502936
[07/18/26 01:27:02.825] [I] 	Measuring Weight: channel: 64, sat: 0.3161042, max: 0.31614277
[07/18/26 01:27:02.828] [I] 	Measuring Weight: channel: 65, sat: 0.0904881, max: 0.09049915
[07/18/26 01:27:02.830] [I] 	Measuring Weight: channel: 66, sat: 0.19217305, max: 0.1921965
[07/18/26 01:27:02.833] [I] 	Measuring Weight: channel: 67, sat: 0.17387266, max: 0.17389388
[07/18/26 01:27:02.835] [I] 	Measuring Weight: channel: 68, sat: 0.14226592, max: 0.14228329
[07/18/26 01:27:02.838] [I] 	Measuring Weight: channel: 69, sat: 0.17101517, max: 0.17103605
[07/18/26 01:27:02.840] [I] 	Measuring Weight: channel: 70, sat: 0.18876615, max: 0.18878919
[07/18/26 01:27:02.843] [I] 	Measuring Weight: channel: 71, sat: 0.2000443, max: 0.20006871
[07/18/26 01:27:02.845] [I] 	Measuring Weight: channel: 72, sat: 0.13527928, max: 0.1352958
[07/18/26 01:27:02.848] [I] 	Measuring Weight: channel: 73, sat: 0.21178353, max: 0.21180937
[07/18/26 01:27:02.850] [I] 	Measuring Weight: channel: 74, sat: 0.16787547, max: 0.16789596
[07/18/26 01:27:02.853] [I] 	Measuring Weight: channel: 75, sat: 0.27082407, max: 0.27085713
[07/18/26 01:27:02.855] [I] 	Measuring Weight: channel: 76, sat: 0.20059787, max: 0.20062235
[07/18/26 01:27:02.858] [I] 	Measuring Weight: channel: 77, sat: 0.19261579, max: 0.19263929
[07/18/26 01:27:02.860] [I] 	Measuring Weight: channel: 78, sat: 0.23692876, max: 0.23695767
[07/18/26 01:27:02.863] [I] 	Measuring Weight: channel: 79, sat: 0.22753134, max: 0.2275591
[07/18/26 01:27:02.865] [I] 	Measuring Weight: channel: 80, sat: 0.11687161, max: 0.11688587
[07/18/26 01:27:02.868] [I] 	Measuring Weight: channel: 81, sat: 0.11826327, max: 0.118277706
[07/18/26 01:27:02.870] [I] 	Measuring Weight: channel: 82, sat: 0.122611925, max: 0.122626886
[07/18/26 01:27:02.873] [I] 	Measuring Weight: channel: 83, sat: 0.17156427, max: 0.17158522
[07/18/26 01:27:02.875] [I] 	Measuring Weight: channel: 84, sat: 0.1356878, max: 0.13570437
[07/18/26 01:27:02.878] [I] 	Measuring Weight: channel: 85, sat: 0.15632032, max: 0.1563394
[07/18/26 01:27:02.880] [I] 	Measuring Weight: channel: 86, sat: 0.12191018, max: 0.121925056
[07/18/26 01:27:02.883] [I] 	Measuring Weight: channel: 87, sat: 0.15865663, max: 0.15867598
[07/18/26 01:27:02.886] [I] 	Measuring Weight: channel: 88, sat: 0.28360802, max: 0.28364262
[07/18/26 01:27:02.888] [I] 	Measuring Weight: channel: 89, sat: 0.12838422, max: 0.12839988
[07/18/26 01:27:02.891] [I] 	Measuring Weight: channel: 90, sat: 0.33619, max: 0.33623102
[07/18/26 01:27:02.893] [I] 	Measuring Weight: channel: 91, sat: 0.16639015, max: 0.16641046
[07/18/26 01:27:02.896] [I] 	Measuring Weight: channel: 92, sat: 0.17274284, max: 0.17276393
[07/18/26 01:27:02.898] [I] 	Measuring Weight: channel: 93, sat: 0.111240596, max: 0.11125418
[07/18/26 01:27:02.901] [I] 	Measuring Weight: channel: 94, sat: 0.11565433, max: 0.11566844
[07/18/26 01:27:02.903] [I] 	Measuring Weight: channel: 95, sat: 0.3516184, max: 0.35166132
[07/18/26 01:27:02.906] [I] 	Measuring Weight: channel: 96, sat: 0.28059223, max: 0.28062648
[07/18/26 01:27:02.908] [I] 	Measuring Weight: channel: 97, sat: 0.24849305, max: 0.24852338
[07/18/26 01:27:02.911] [I] 	Measuring Weight: channel: 98, sat: 0.19292948, max: 0.19295304
[07/18/26 01:27:02.913] [I] 	Measuring Weight: channel: 99, sat: 0.108474985, max: 0.108488224
[07/18/26 01:27:02.916] [I] 	Measuring Weight: channel: 100, sat: 0.13555978, max: 0.13557634
[07/18/26 01:27:02.918] [I] 	Measuring Weight: channel: 101, sat: 0.16863188, max: 0.16865247
[07/18/26 01:27:02.921] [I] 	Measuring Weight: channel: 102, sat: 0.1386699, max: 0.13868682
[07/18/26 01:27:02.923] [I] 	Measuring Weight: channel: 103, sat: 0.18950245, max: 0.18952557
[07/18/26 01:27:02.926] [I] 	Measuring Weight: channel: 104, sat: 0.14489356, max: 0.14491124
[07/18/26 01:27:02.928] [I] 	Measuring Weight: channel: 105, sat: 0.13725317, max: 0.13726991
[07/18/26 01:27:02.931] [I] 	Measuring Weight: channel: 106, sat: 0.22280008, max: 0.22282727
[07/18/26 01:27:02.933] [I] 	Measuring Weight: channel: 107, sat: 0.1755059, max: 0.17552732
[07/18/26 01:27:02.936] [I] 	Measuring Weight: channel: 108, sat: 0.31811386, max: 0.3181527
[07/18/26 01:27:02.938] [I] 	Measuring Weight: channel: 109, sat: 0.08963445, max: 0.08964539
[07/18/26 01:27:02.941] [I] 	Measuring Weight: channel: 110, sat: 0.15661359, max: 0.1566327
[07/18/26 01:27:02.944] [I] 	Measuring Weight: channel: 111, sat: 0.08418803, max: 0.0841983
[07/18/26 01:27:02.946] [I] 	Measuring Weight: channel: 112, sat: 0.19303581, max: 0.19305937
[07/18/26 01:27:02.949] [I] 	Measuring Weight: channel: 113, sat: 0.19242412, max: 0.1924476
[07/18/26 01:27:02.951] [I] 	Measuring Weight: channel: 114, sat: 0.2705693, max: 0.27060232
[07/18/26 01:27:02.954] [I] 	Measuring Weight: channel: 115, sat: 0.11239843, max: 0.112412155
[07/18/26 01:27:02.956] [I] 	Measuring Weight: channel: 116, sat: 0.14033179, max: 0.14034893
[07/18/26 01:27:02.959] [I] 	Measuring Weight: channel: 117, sat: 0.3223854, max: 0.32242477
[07/18/26 01:27:02.961] [I] 	Measuring Weight: channel: 118, sat: 0.09507246, max: 0.09508407
[07/18/26 01:27:02.964] [I] 	Measuring Weight: channel: 119, sat: 0.10359012, max: 0.10360277
[07/18/26 01:27:02.967] [I] 	Measuring Weight: channel: 120, sat: 0.169032, max: 0.16905262
[07/18/26 01:27:02.969] [I] 	Measuring Weight: channel: 121, sat: 0.08372136, max: 0.08373158
[07/18/26 01:27:02.972] [I] 	Measuring Weight: channel: 122, sat: 0.116129, max: 0.11614318
[07/18/26 01:27:02.974] [I] 	Measuring Weight: channel: 123, sat: 0.23003457, max: 0.23006265
[07/18/26 01:27:02.977] [I] 	Measuring Weight: channel: 124, sat: 0.05789504, max: 0.057902105
[07/18/26 01:27:02.979] [I] 	Measuring Weight: channel: 125, sat: 0.22393756, max: 0.2239649
[07/18/26 01:27:02.982] [I] 	Measuring Weight: channel: 126, sat: 0.21085502, max: 0.21088076
[07/18/26 01:27:02.985] [I] 	Measuring Weight: channel: 127, sat: 0.16707449, max: 0.16709487
[07/18/26 01:27:02.987] [I] 	Measuring Weight: channel: 128, sat: 0.17865898, max: 0.17868079
[07/18/26 01:27:02.990] [I] 	Measuring Weight: channel: 129, sat: 0.14489229, max: 0.14490998
[07/18/26 01:27:02.992] [I] 	Measuring Weight: channel: 130, sat: 0.14315212, max: 0.14316958
[07/18/26 01:27:02.995] [I] 	Measuring Weight: channel: 131, sat: 0.17598961, max: 0.17601109
[07/18/26 01:27:02.997] [I] 	Measuring Weight: channel: 132, sat: 0.15082741, max: 0.15084583
[07/18/26 01:27:03.000] [I] 	Measuring Weight: channel: 133, sat: 0.08370416, max: 0.08371437
[07/18/26 01:27:03.002] [I] 	Measuring Weight: channel: 134, sat: 0.18592688, max: 0.18594958
[07/18/26 01:27:03.005] [I] 	Measuring Weight: channel: 135, sat: 0.10619343, max: 0.10620639
[07/18/26 01:27:03.007] [I] 	Measuring Weight: channel: 136, sat: 0.19720744, max: 0.19723152
[07/18/26 01:27:03.010] [I] 	Measuring Weight: channel: 137, sat: 0.40087357, max: 0.4009225
[07/18/26 01:27:03.013] [I] 	Measuring Weight: channel: 138, sat: 0.10487102, max: 0.10488382
[07/18/26 01:27:03.015] [I] 	Measuring Weight: channel: 139, sat: 0.11017605, max: 0.1101895
[07/18/26 01:27:03.017] [I] 	Measuring Weight: channel: 140, sat: 0.23290226, max: 0.23293068
[07/18/26 01:27:03.020] [I] 	Measuring Weight: channel: 141, sat: 0.08484924, max: 0.084859595
[07/18/26 01:27:03.022] [I] 	Measuring Weight: channel: 142, sat: 0.15554301, max: 0.155562
[07/18/26 01:27:03.026] [I] 	Measuring Weight: channel: 143, sat: 0.1570335, max: 0.15705268
[07/18/26 01:27:03.029] [I] 	Measuring Weight: channel: 144, sat: 0.15875033, max: 0.15876971
[07/18/26 01:27:03.031] [I] 	Measuring Weight: channel: 145, sat: 0.07101754, max: 0.07102621
[07/18/26 01:27:03.034] [I] 	Measuring Weight: channel: 146, sat: 0.13827443, max: 0.1382913
[07/18/26 01:27:03.037] [I] 	Measuring Weight: channel: 147, sat: 0.42882, max: 0.42887235
[07/18/26 01:27:03.040] [I] 	Measuring Weight: channel: 148, sat: 0.11005283, max: 0.110066265
[07/18/26 01:27:03.042] [I] 	Measuring Weight: channel: 149, sat: 0.25147593, max: 0.25150663
[07/18/26 01:27:03.045] [I] 	Measuring Weight: channel: 150, sat: 0.10668081, max: 0.10669383
[07/18/26 01:27:03.048] [I] 	Measuring Weight: channel: 151, sat: 0.14738436, max: 0.14740235
[07/18/26 01:27:03.051] [I] 	Measuring Weight: channel: 152, sat: 0.068106726, max: 0.06811503
[07/18/26 01:27:03.054] [I] 	Measuring Weight: channel: 153, sat: 0.06382803, max: 0.063835815
[07/18/26 01:27:03.056] [I] 	Measuring Weight: channel: 154, sat: 0.17446174, max: 0.17448303
[07/18/26 01:27:03.059] [I] 	Measuring Weight: channel: 155, sat: 0.095504306, max: 0.09551596
[07/18/26 01:27:03.061] [I] 	Measuring Weight: channel: 156, sat: 0.23313743, max: 0.23316588
[07/18/26 01:27:03.064] [I] 	Measuring Weight: channel: 157, sat: 0.18415737, max: 0.18417986
[07/18/26 01:27:03.066] [I] 	Measuring Weight: channel: 158, sat: 0.14783709, max: 0.14785513
[07/18/26 01:27:03.069] [I] 	Measuring Weight: channel: 159, sat: 0.1149529, max: 0.11496693
[07/18/26 01:27:03.071] [I] 	Measuring Weight: channel: 160, sat: 0.14724861, max: 0.14726658
[07/18/26 01:27:03.074] [I] 	Measuring Weight: channel: 161, sat: 0.2054262, max: 0.20545126
[07/18/26 01:27:03.076] [I] 	Measuring Weight: channel: 162, sat: 0.12501575, max: 0.12503101
[07/18/26 01:27:03.079] [I] 	Measuring Weight: channel: 163, sat: 0.22089976, max: 0.22092673
[07/18/26 01:27:03.081] [I] 	Measuring Weight: channel: 164, sat: 0.18521726, max: 0.18523987
[07/18/26 01:27:03.084] [I] 	Measuring Weight: channel: 165, sat: 0.14129318, max: 0.14131044
[07/18/26 01:27:03.086] [I] 	Measuring Weight: channel: 166, sat: 0.116699375, max: 0.11671362
[07/18/26 01:27:03.089] [I] 	Measuring Weight: channel: 167, sat: 0.1104534, max: 0.11046688
[07/18/26 01:27:03.091] [I] 	Measuring Weight: channel: 168, sat: 0.59775054, max: 0.5978235
[07/18/26 01:27:03.094] [I] 	Measuring Weight: channel: 169, sat: 0.23199828, max: 0.2320266
[07/18/26 01:27:03.096] [I] 	Measuring Weight: channel: 170, sat: 0.19037575, max: 0.19039899
[07/18/26 01:27:03.099] [I] 	Measuring Weight: channel: 171, sat: 0.14015996, max: 0.14017707
[07/18/26 01:27:03.101] [I] 	Measuring Weight: channel: 172, sat: 0.11832274, max: 0.118337184
[07/18/26 01:27:03.103] [I] 	Measuring Weight: channel: 173, sat: 0.8712014, max: 0.87130773
[07/18/26 01:27:03.106] [I] 	Measuring Weight: channel: 174, sat: 0.1409758, max: 0.140993
[07/18/26 01:27:03.109] [I] 	Measuring Weight: channel: 175, sat: 0.18276155, max: 0.18278386
[07/18/26 01:27:03.111] [I] 	Measuring Weight: channel: 176, sat: 0.25809214, max: 0.25812364
[07/18/26 01:27:03.114] [I] 	Measuring Weight: channel: 177, sat: 0.10317082, max: 0.10318341
[07/18/26 01:27:03.116] [I] 	Measuring Weight: channel: 178, sat: 0.27182978, max: 0.27186298
[07/18/26 01:27:03.119] [I] 	Measuring Weight: channel: 179, sat: 0.10735967, max: 0.107372776
[07/18/26 01:27:03.121] [I] 	Measuring Weight: channel: 180, sat: 0.20104787, max: 0.20107241
[07/18/26 01:27:03.124] [I] 	Measuring Weight: channel: 181, sat: 0.18416084, max: 0.18418333
[07/18/26 01:27:03.126] [I] 	Measuring Weight: channel: 182, sat: 0.29615852, max: 0.29619467
[07/18/26 01:27:03.129] [I] 	Measuring Weight: channel: 183, sat: 0.14786, max: 0.14787805
[07/18/26 01:27:03.131] [I] 	Measuring Weight: channel: 184, sat: 0.22825754, max: 0.22828539
[07/18/26 01:27:03.134] [I] 	Measuring Weight: channel: 185, sat: 0.18183391, max: 0.18185611
[07/18/26 01:27:03.136] [I] 	Measuring Weight: channel: 186, sat: 0.11483978, max: 0.1148538
[07/18/26 01:27:03.139] [I] 	Measuring Weight: channel: 187, sat: 0.0827663, max: 0.082776405
[07/18/26 01:27:03.141] [I] 	Measuring Weight: channel: 188, sat: 0.0952828, max: 0.09529443
[07/18/26 01:27:03.144] [I] 	Measuring Weight: channel: 189, sat: 0.16597374, max: 0.165994
[07/18/26 01:27:03.146] [I] 	Measuring Weight: channel: 190, sat: 0.312592, max: 0.31263015
[07/18/26 01:27:03.149] [I] 	Measuring Weight: channel: 191, sat: 0.12271072, max: 0.122725695
[07/18/26 01:27:03.151] [I] 	Measuring Weight: channel: 192, sat: 0.08125568, max: 0.0812656
[07/18/26 01:27:03.161] [I] Quantizing Op Id: 20, Type: icraft::xir::ReLUNode
[07/18/26 01:27:03.161] [I] Quantizing Op Id: 21, Type: icraft::xir::Conv2dNode
[07/18/26 01:27:03.172] [I] 	Measuring Weight: channel: 1, sat: 0.01674799, max: 0.016750036
[07/18/26 01:27:03.175] [I] 	Measuring Weight: channel: 2, sat: 0.19257638, max: 0.1925999
[07/18/26 01:27:03.177] [I] 	Measuring Weight: channel: 3, sat: 0.15613294, max: 0.156152
[07/18/26 01:27:03.181] [I] 	Measuring Weight: channel: 4, sat: 0.17384666, max: 0.17386788
[07/18/26 01:27:03.183] [I] 	Measuring Weight: channel: 5, sat: 0.30344972, max: 0.30348676
[07/18/26 01:27:03.186] [I] 	Measuring Weight: channel: 6, sat: 0.20647046, max: 0.20649566
[07/18/26 01:27:03.189] [I] 	Measuring Weight: channel: 7, sat: 0.44060206, max: 0.44065586
[07/18/26 01:27:03.192] [I] 	Measuring Weight: channel: 8, sat: 0.25817117, max: 0.2582027
[07/18/26 01:27:03.195] [I] 	Measuring Weight: channel: 9, sat: 0.18377535, max: 0.18379779
[07/18/26 01:27:03.197] [I] 	Measuring Weight: channel: 10, sat: 0.05508772, max: 0.055094443
[07/18/26 01:27:03.200] [I] 	Measuring Weight: channel: 11, sat: 0.08642603, max: 0.08643658
[07/18/26 01:27:03.203] [I] 	Measuring Weight: channel: 12, sat: 0.15515248, max: 0.15517142
[07/18/26 01:27:03.206] [I] 	Measuring Weight: channel: 13, sat: 0.025443956, max: 0.025447063
[07/18/26 01:27:03.209] [I] 	Measuring Weight: channel: 14, sat: 0.06601023, max: 0.06601829
[07/18/26 01:27:03.212] [I] 	Measuring Weight: channel: 15, sat: 0.11434135, max: 0.1143553
[07/18/26 01:27:03.215] [I] 	Measuring Weight: channel: 16, sat: 0.056583203, max: 0.05659011
[07/18/26 01:27:03.218] [I] 	Measuring Weight: channel: 17, sat: 0.0452636, max: 0.045269124
[07/18/26 01:27:03.221] [I] 	Measuring Weight: channel: 18, sat: 0.27884385, max: 0.27887788
[07/18/26 01:27:03.224] [I] 	Measuring Weight: channel: 19, sat: 0.035594054, max: 0.035598397
[07/18/26 01:27:03.227] [I] 	Measuring Weight: channel: 20, sat: 0.05442163, max: 0.054428272
[07/18/26 01:27:03.230] [I] 	Measuring Weight: channel: 21, sat: 0.25817886, max: 0.2582104
[07/18/26 01:27:03.233] [I] 	Measuring Weight: channel: 22, sat: 0.04427267, max: 0.04427807
[07/18/26 01:27:03.236] [I] 	Measuring Weight: channel: 23, sat: 0.09036996, max: 0.090381
[07/18/26 01:27:03.239] [I] 	Measuring Weight: channel: 24, sat: 0.19524717, max: 0.19527102
[07/18/26 01:27:03.242] [I] 	Measuring Weight: channel: 25, sat: 0.19371027, max: 0.1937339
[07/18/26 01:27:03.245] [I] 	Measuring Weight: channel: 26, sat: 0.2038174, max: 0.20384228
[07/18/26 01:27:03.248] [I] 	Measuring Weight: channel: 27, sat: 0.07218675, max: 0.07219556
[07/18/26 01:27:03.251] [I] 	Measuring Weight: channel: 28, sat: 0.0329622, max: 0.032966223
[07/18/26 01:27:03.254] [I] 	Measuring Weight: channel: 29, sat: 0.24434662, max: 0.24437645
[07/18/26 01:27:03.257] [I] 	Measuring Weight: channel: 30, sat: 0.12226801, max: 0.12228294
[07/18/26 01:27:03.260] [I] 	Measuring Weight: channel: 31, sat: 0.12424353, max: 0.1242587
[07/18/26 01:27:03.263] [I] 	Measuring Weight: channel: 32, sat: 0.17322028, max: 0.17324142
[07/18/26 01:27:03.265] [I] 	Measuring Weight: channel: 33, sat: 0.013563946, max: 0.013565601
[07/18/26 01:27:03.268] [I] 	Measuring Weight: channel: 34, sat: 0.1395363, max: 0.13955334
[07/18/26 01:27:03.271] [I] 	Measuring Weight: channel: 35, sat: 0.1857988, max: 0.18582147
[07/18/26 01:27:03.273] [I] 	Measuring Weight: channel: 36, sat: 0.2592221, max: 0.2592537
[07/18/26 01:27:03.276] [I] 	Measuring Weight: channel: 37, sat: 0.62114555, max: 0.62122136
[07/18/26 01:27:03.278] [I] 	Measuring Weight: channel: 38, sat: 0.029577235, max: 0.029580845
[07/18/26 01:27:03.281] [I] 	Measuring Weight: channel: 39, sat: 0.18748741, max: 0.18751028
[07/18/26 01:27:03.283] [I] 	Measuring Weight: channel: 40, sat: 0.097665064, max: 0.097676985
[07/18/26 01:27:03.286] [I] 	Measuring Weight: channel: 41, sat: 0.24892576, max: 0.24895614
[07/18/26 01:27:03.288] [I] 	Measuring Weight: channel: 42, sat: 0.043255888, max: 0.043261167
[07/18/26 01:27:03.290] [I] 	Measuring Weight: channel: 43, sat: 0.010711516, max: 0.010712824
[07/18/26 01:27:03.293] [I] 	Measuring Weight: channel: 44, sat: 0.16794008, max: 0.16796057
[07/18/26 01:27:03.295] [I] 	Measuring Weight: channel: 45, sat: 0.18394975, max: 0.1839722
[07/18/26 01:27:03.298] [I] 	Measuring Weight: channel: 46, sat: 0.010134177, max: 0.010135414
[07/18/26 01:27:03.300] [I] 	Measuring Weight: channel: 47, sat: 0.03669673, max: 0.03670121
[07/18/26 01:27:03.303] [I] 	Measuring Weight: channel: 48, sat: 0.07962958, max: 0.0796393
[07/18/26 01:27:03.305] [I] 	Measuring Weight: channel: 49, sat: 0.079224095, max: 0.079233766
[07/18/26 01:27:03.308] [I] 	Measuring Weight: channel: 50, sat: 0.042147085, max: 0.04215223
[07/18/26 01:27:03.310] [I] 	Measuring Weight: channel: 51, sat: 0.026670674, max: 0.026673928
[07/18/26 01:27:03.313] [I] 	Measuring Weight: channel: 52, sat: 0.16908708, max: 0.16910772
[07/18/26 01:27:03.315] [I] 	Measuring Weight: channel: 53, sat: 0.23930903, max: 0.23933823
[07/18/26 01:27:03.317] [I] 	Measuring Weight: channel: 54, sat: 0.12701745, max: 0.12703297
[07/18/26 01:27:03.320] [I] 	Measuring Weight: channel: 55, sat: 0.3421063, max: 0.34214807
[07/18/26 01:27:03.322] [I] 	Measuring Weight: channel: 56, sat: 0.100432955, max: 0.10044522
[07/18/26 01:27:03.325] [I] 	Measuring Weight: channel: 57, sat: 0.26473057, max: 0.26476288
[07/18/26 01:27:03.327] [I] 	Measuring Weight: channel: 58, sat: 0.19357246, max: 0.19359608
[07/18/26 01:27:03.330] [I] 	Measuring Weight: channel: 59, sat: 0.36860025, max: 0.36864522
[07/18/26 01:27:03.332] [I] 	Measuring Weight: channel: 60, sat: 0.16393116, max: 0.16395117
[07/18/26 01:27:03.335] [I] 	Measuring Weight: channel: 61, sat: 0.060475294, max: 0.060482677
[07/18/26 01:27:03.337] [I] 	Measuring Weight: channel: 62, sat: 0.4613241, max: 0.46138042
[07/18/26 01:27:03.340] [I] 	Measuring Weight: channel: 63, sat: 0.1762427, max: 0.1762642
[07/18/26 01:27:03.342] [I] 	Measuring Weight: channel: 64, sat: 1.1313957, max: 1.1315339
[07/18/26 01:27:03.344] [I] 	Measuring Weight: channel: 65, sat: 0.15165898, max: 0.15167749
[07/18/26 01:27:03.347] [I] 	Measuring Weight: channel: 66, sat: 0.21219647, max: 0.21222237
[07/18/26 01:27:03.349] [I] 	Measuring Weight: channel: 67, sat: 0.2566912, max: 0.25672254
[07/18/26 01:27:03.352] [I] 	Measuring Weight: channel: 68, sat: 0.39256468, max: 0.39261258
[07/18/26 01:27:03.354] [I] 	Measuring Weight: channel: 69, sat: 0.26053643, max: 0.26056823
[07/18/26 01:27:03.356] [I] 	Measuring Weight: channel: 70, sat: 0.33062914, max: 0.3306695
[07/18/26 01:27:03.359] [I] 	Measuring Weight: channel: 71, sat: 0.39663595, max: 0.39668438
[07/18/26 01:27:03.361] [I] 	Measuring Weight: channel: 72, sat: 0.14747195, max: 0.14748995
[07/18/26 01:27:03.364] [I] 	Measuring Weight: channel: 73, sat: 0.19421877, max: 0.19424248
[07/18/26 01:27:03.366] [I] 	Measuring Weight: channel: 74, sat: 0.083879866, max: 0.0838901
[07/18/26 01:27:03.369] [I] 	Measuring Weight: channel: 75, sat: 0.011991333, max: 0.011992796
[07/18/26 01:27:03.371] [I] 	Measuring Weight: channel: 76, sat: 0.1577025, max: 0.15772174
[07/18/26 01:27:03.373] [I] 	Measuring Weight: channel: 77, sat: 0.13472298, max: 0.13473941
[07/18/26 01:27:03.376] [I] 	Measuring Weight: channel: 78, sat: 0.050920527, max: 0.050926745
[07/18/26 01:27:03.378] [I] 	Measuring Weight: channel: 79, sat: 0.24735305, max: 0.24738324
[07/18/26 01:27:03.381] [I] 	Measuring Weight: channel: 80, sat: 0.13851498, max: 0.13853188
[07/18/26 01:27:03.383] [I] 	Measuring Weight: channel: 81, sat: 0.21597613, max: 0.2160025
[07/18/26 01:27:03.385] [I] 	Measuring Weight: channel: 82, sat: 0.12852351, max: 0.12853919
[07/18/26 01:27:03.388] [I] 	Measuring Weight: channel: 83, sat: 0.360481, max: 0.360525
[07/18/26 01:27:03.390] [I] 	Measuring Weight: channel: 84, sat: 0.2778106, max: 0.27784452
[07/18/26 01:27:03.393] [I] 	Measuring Weight: channel: 85, sat: 0.23212911, max: 0.23215745
[07/18/26 01:27:03.395] [I] 	Measuring Weight: channel: 86, sat: 0.29347527, max: 0.2935111
[07/18/26 01:27:03.397] [I] 	Measuring Weight: channel: 87, sat: 0.31875974, max: 0.31879866
[07/18/26 01:27:03.400] [I] 	Measuring Weight: channel: 88, sat: 0.045354802, max: 0.045360338
[07/18/26 01:27:03.402] [I] 	Measuring Weight: channel: 89, sat: 0.022067718, max: 0.022070412
[07/18/26 01:27:03.404] [I] 	Measuring Weight: channel: 90, sat: 0.062622555, max: 0.0626302
[07/18/26 01:27:03.407] [I] 	Measuring Weight: channel: 91, sat: 2.3792946, max: 2.9286375
[07/18/26 01:27:03.409] [I] 	Measuring Weight: channel: 92, sat: 0.013550799, max: 0.013552453
[07/18/26 01:27:03.412] [I] 	Measuring Weight: channel: 93, sat: 0.019788003, max: 0.019790417
[07/18/26 01:27:03.414] [I] 	Measuring Weight: channel: 94, sat: 0.18229465, max: 0.1823169
[07/18/26 01:27:03.416] [I] 	Measuring Weight: channel: 95, sat: 0.23841925, max: 0.23844835
[07/18/26 01:27:03.419] [I] 	Measuring Weight: channel: 96, sat: 1.0016075, max: 1.0017297
[07/18/26 01:27:03.421] [I] 	Measuring Weight: channel: 97, sat: 0.28179395, max: 0.28182834
[07/18/26 01:27:03.423] [I] 	Measuring Weight: channel: 98, sat: 0.08049846, max: 0.08050828
[07/18/26 01:27:03.426] [I] 	Measuring Weight: channel: 99, sat: 0.18330401, max: 0.1833264
[07/18/26 01:27:03.428] [I] 	Measuring Weight: channel: 100, sat: 0.2896623, max: 0.28969768
[07/18/26 01:27:03.431] [I] 	Measuring Weight: channel: 101, sat: 0.29068074, max: 0.29071623
[07/18/26 01:27:03.433] [I] 	Measuring Weight: channel: 102, sat: 0.1733158, max: 0.17333694
[07/18/26 01:27:03.435] [I] 	Measuring Weight: channel: 103, sat: 0.1851081, max: 0.18513069
[07/18/26 01:27:03.438] [I] 	Measuring Weight: channel: 104, sat: 0.14054582, max: 0.14056297
[07/18/26 01:27:03.440] [I] 	Measuring Weight: channel: 105, sat: 0.18887109, max: 0.18889414
[07/18/26 01:27:03.443] [I] 	Measuring Weight: channel: 106, sat: 0.06254248, max: 0.06255011
[07/18/26 01:27:03.445] [I] 	Measuring Weight: channel: 107, sat: 0.12271199, max: 0.12272697
[07/18/26 01:27:03.448] [I] 	Measuring Weight: channel: 108, sat: 0.3186401, max: 0.318679
[07/18/26 01:27:03.450] [I] 	Measuring Weight: channel: 109, sat: 0.28224224, max: 0.2822767
[07/18/26 01:27:03.452] [I] 	Measuring Weight: channel: 110, sat: 0.05157258, max: 0.051578872
[07/18/26 01:27:03.455] [I] 	Measuring Weight: channel: 111, sat: 0.18504253, max: 0.1850651
[07/18/26 01:27:03.457] [I] 	Measuring Weight: channel: 112, sat: 0.14074546, max: 0.14076264
[07/18/26 01:27:03.459] [I] 	Measuring Weight: channel: 113, sat: 0.215072, max: 0.21509825
[07/18/26 01:27:03.462] [I] 	Measuring Weight: channel: 114, sat: 0.2965424, max: 0.29657862
[07/18/26 01:27:03.464] [I] 	Measuring Weight: channel: 115, sat: 0.33150306, max: 0.3315435
[07/18/26 01:27:03.467] [I] 	Measuring Weight: channel: 116, sat: 0.3608639, max: 0.36090794
[07/18/26 01:27:03.469] [I] 	Measuring Weight: channel: 117, sat: 0.08956865, max: 0.08957959
[07/18/26 01:27:03.471] [I] 	Measuring Weight: channel: 118, sat: 0.13324684, max: 0.13326311
[07/18/26 01:27:03.474] [I] 	Measuring Weight: channel: 119, sat: 0.013304835, max: 0.0133064585
[07/18/26 01:27:03.476] [I] 	Measuring Weight: channel: 120, sat: 0.06607398, max: 0.066082045
[07/18/26 01:27:03.479] [I] 	Measuring Weight: channel: 121, sat: 0.19380715, max: 0.19383082
[07/18/26 01:27:03.481] [I] 	Measuring Weight: channel: 122, sat: 0.19553544, max: 0.1955593
[07/18/26 01:27:03.484] [I] 	Measuring Weight: channel: 123, sat: 0.22287978, max: 0.22290698
[07/18/26 01:27:03.486] [I] 	Measuring Weight: channel: 124, sat: 0.090981744, max: 0.09099285
[07/18/26 01:27:03.489] [I] 	Measuring Weight: channel: 125, sat: 0.01137309, max: 0.011374477
[07/18/26 01:27:03.491] [I] 	Measuring Weight: channel: 126, sat: 0.1845333, max: 0.18455581
[07/18/26 01:27:03.493] [I] 	Measuring Weight: channel: 127, sat: 0.08352159, max: 0.08353179
[07/18/26 01:27:03.496] [I] 	Measuring Weight: channel: 128, sat: 0.23477282, max: 0.23480147
[07/18/26 01:27:03.498] [I] 	Measuring Weight: channel: 129, sat: 0.046390872, max: 0.046396535
[07/18/26 01:27:03.501] [I] 	Measuring Weight: channel: 130, sat: 0.04789372, max: 0.047899567
[07/18/26 01:27:03.503] [I] 	Measuring Weight: channel: 131, sat: 0.3386293, max: 0.33867064
[07/18/26 01:27:03.505] [I] 	Measuring Weight: channel: 132, sat: 0.17464916, max: 0.17467047
[07/18/26 01:27:03.508] [I] 	Measuring Weight: channel: 133, sat: 0.13012974, max: 0.13014562
[07/18/26 01:27:03.510] [I] 	Measuring Weight: channel: 134, sat: 0.10960656, max: 0.10961993
[07/18/26 01:27:03.513] [I] 	Measuring Weight: channel: 135, sat: 0.21250199, max: 0.21252792
[07/18/26 01:27:03.515] [I] 	Measuring Weight: channel: 136, sat: 0.16495962, max: 0.16497976
[07/18/26 01:27:03.517] [I] 	Measuring Weight: channel: 137, sat: 0.0105647305, max: 0.010566019
[07/18/26 01:27:03.520] [I] 	Measuring Weight: channel: 138, sat: 0.17618376, max: 0.17620526
[07/18/26 01:27:03.522] [I] 	Measuring Weight: channel: 139, sat: 0.05916526, max: 0.059172485
[07/18/26 01:27:03.525] [I] 	Measuring Weight: channel: 140, sat: 0.14652318, max: 0.14654106
[07/18/26 01:27:03.527] [I] 	Measuring Weight: channel: 141, sat: 0.25176126, max: 0.25179198
[07/18/26 01:27:03.530] [I] 	Measuring Weight: channel: 142, sat: 0.50496876, max: 0.5050304
[07/18/26 01:27:03.532] [I] 	Measuring Weight: channel: 143, sat: 0.087023556, max: 0.08703417
[07/18/26 01:27:03.534] [I] 	Measuring Weight: channel: 144, sat: 0.11410036, max: 0.114114285
[07/18/26 01:27:03.537] [I] 	Measuring Weight: channel: 145, sat: 0.28024662, max: 0.2802808
[07/18/26 01:27:03.539] [I] 	Measuring Weight: channel: 146, sat: 0.057286333, max: 0.057293326
[07/18/26 01:27:03.542] [I] 	Measuring Weight: channel: 147, sat: 0.2180541, max: 0.21808071
[07/18/26 01:27:03.544] [I] 	Measuring Weight: channel: 148, sat: 0.17000028, max: 0.17002104
[07/18/26 01:27:03.546] [I] 	Measuring Weight: channel: 149, sat: 0.057668347, max: 0.057675388
[07/18/26 01:27:03.549] [I] 	Measuring Weight: channel: 150, sat: 0.255422, max: 0.25545317
[07/18/26 01:27:03.551] [I] 	Measuring Weight: channel: 151, sat: 0.29578903, max: 0.29582515
[07/18/26 01:27:03.553] [I] 	Measuring Weight: channel: 152, sat: 0.28521717, max: 0.28525198
[07/18/26 01:27:03.556] [I] 	Measuring Weight: channel: 153, sat: 0.25432214, max: 0.25435317
[07/18/26 01:27:03.558] [I] 	Measuring Weight: channel: 154, sat: 0.025489599, max: 0.025492711
[07/18/26 01:27:03.561] [I] 	Measuring Weight: channel: 155, sat: 0.047680195, max: 0.047686014
[07/18/26 01:27:03.563] [I] 	Measuring Weight: channel: 156, sat: 0.22572963, max: 0.22575718
[07/18/26 01:27:03.565] [I] 	Measuring Weight: channel: 157, sat: 0.065411866, max: 0.065419845
[07/18/26 01:27:03.568] [I] 	Measuring Weight: channel: 158, sat: 0.097346015, max: 0.09735789
[07/18/26 01:27:03.570] [I] 	Measuring Weight: channel: 159, sat: 0.36295325, max: 0.36299756
[07/18/26 01:27:03.572] [I] 	Measuring Weight: channel: 160, sat: 0.31275463, max: 0.3127928
[07/18/26 01:27:03.575] [I] 	Measuring Weight: channel: 161, sat: 0.09916103, max: 0.099173136
[07/18/26 01:27:03.577] [I] 	Measuring Weight: channel: 162, sat: 0.01194694, max: 0.011948397
[07/18/26 01:27:03.580] [I] 	Measuring Weight: channel: 163, sat: 0.1994098, max: 0.19943415
[07/18/26 01:27:03.582] [I] 	Measuring Weight: channel: 164, sat: 0.27886105, max: 0.27889508
[07/18/26 01:27:03.584] [I] 	Measuring Weight: channel: 165, sat: 0.19375531, max: 0.19377896
[07/18/26 01:27:03.587] [I] 	Measuring Weight: channel: 166, sat: 0.19764599, max: 0.19767012
[07/18/26 01:27:03.589] [I] 	Measuring Weight: channel: 167, sat: 0.32689607, max: 0.32693598
[07/18/26 01:27:03.592] [I] 	Measuring Weight: channel: 168, sat: 0.057924952, max: 0.057932023
[07/18/26 01:27:03.594] [I] 	Measuring Weight: channel: 169, sat: 0.273207, max: 0.27324036
[07/18/26 01:27:03.597] [I] 	Measuring Weight: channel: 170, sat: 0.15905574, max: 0.15907516
[07/18/26 01:27:03.599] [I] 	Measuring Weight: channel: 171, sat: 0.2755123, max: 0.27554595
[07/18/26 01:27:03.601] [I] 	Measuring Weight: channel: 172, sat: 0.30113366, max: 0.30117044
[07/18/26 01:27:03.604] [I] 	Measuring Weight: channel: 173, sat: 0.15668444, max: 0.15670358
[07/18/26 01:27:03.606] [I] 	Measuring Weight: channel: 174, sat: 0.15570945, max: 0.15572846
[07/18/26 01:27:03.609] [I] 	Measuring Weight: channel: 175, sat: 0.18764609, max: 0.187669
[07/18/26 01:27:03.611] [I] 	Measuring Weight: channel: 176, sat: 0.13723399, max: 0.13725074
[07/18/26 01:27:03.613] [I] 	Measuring Weight: channel: 177, sat: 0.02255734, max: 0.022560094
[07/18/26 01:27:03.616] [I] 	Measuring Weight: channel: 178, sat: 0.09494447, max: 0.09495606
[07/18/26 01:27:03.618] [I] 	Measuring Weight: channel: 179, sat: 0.14206722, max: 0.14208455
[07/18/26 01:27:03.621] [I] 	Measuring Weight: channel: 180, sat: 0.10438111, max: 0.10439385
[07/18/26 01:27:03.623] [I] 	Measuring Weight: channel: 181, sat: 0.024360675, max: 0.02436365
[07/18/26 01:27:03.625] [I] 	Measuring Weight: channel: 182, sat: 0.4150721, max: 0.41512278
[07/18/26 01:27:03.628] [I] 	Measuring Weight: channel: 183, sat: 0.20934685, max: 0.2093724
[07/18/26 01:27:03.630] [I] 	Measuring Weight: channel: 184, sat: 0.18018359, max: 0.18020558
[07/18/26 01:27:03.633] [I] 	Measuring Weight: channel: 185, sat: 0.010954394, max: 0.01095573
[07/18/26 01:27:03.635] [I] 	Measuring Weight: channel: 186, sat: 0.17390184, max: 0.17392308
[07/18/26 01:27:03.637] [I] 	Measuring Weight: channel: 187, sat: 0.15038273, max: 0.15040109
[07/18/26 01:27:03.640] [I] 	Measuring Weight: channel: 188, sat: 0.24044158, max: 0.24047093
[07/18/26 01:27:03.642] [I] 	Measuring Weight: channel: 189, sat: 0.07083689, max: 0.07084554
[07/18/26 01:27:03.645] [I] 	Measuring Weight: channel: 190, sat: 0.1548506, max: 0.15486951
[07/18/26 01:27:03.647] [I] 	Measuring Weight: channel: 191, sat: 0.1361176, max: 0.13613422
[07/18/26 01:27:03.650] [I] 	Measuring Weight: channel: 192, sat: 0.2394012, max: 0.23943043
[07/18/26 01:27:03.660] [I] Quantizing Op Id: 22, Type: icraft::xir::AddNode
[07/18/26 01:27:03.660] [I] Quantizing Op Id: 23, Type: icraft::xir::ReLUNode
[07/18/26 01:27:03.660] [I] Quantizing Op Id: 24, Type: icraft::xir::Conv2dNode
[07/18/26 01:27:03.667] [I] 	Measuring Weight: channel: 1, sat: 0.1742318, max: 0.17425306
[07/18/26 01:27:03.670] [I] 	Measuring Weight: channel: 2, sat: 0.20270234, max: 0.2027271
[07/18/26 01:27:03.673] [I] 	Measuring Weight: channel: 3, sat: 0.05131994, max: 0.051326204
[07/18/26 01:27:03.676] [I] 	Measuring Weight: channel: 4, sat: 0.1263171, max: 0.1263325
[07/18/26 01:27:03.678] [I] 	Measuring Weight: channel: 5, sat: 0.06429905, max: 0.0643069
[07/18/26 01:27:03.681] [I] 	Measuring Weight: channel: 6, sat: 0.09489563, max: 0.09490721
[07/18/26 01:27:03.684] [I] 	Measuring Weight: channel: 7, sat: 0.29366803, max: 0.3480856
[07/18/26 01:27:03.687] [I] 	Measuring Weight: channel: 8, sat: 0.07989787, max: 0.079907626
[07/18/26 01:27:03.690] [I] 	Measuring Weight: channel: 9, sat: 0.24342147, max: 0.4099888
[07/18/26 01:27:03.693] [I] 	Measuring Weight: channel: 10, sat: 0.17030354, max: 0.17032433
[07/18/26 01:27:03.696] [I] 	Measuring Weight: channel: 11, sat: 0.08216221, max: 0.08217224
[07/18/26 01:27:03.699] [I] 	Measuring Weight: channel: 12, sat: 0.06983068, max: 0.0698392
[07/18/26 01:27:03.702] [I] 	Measuring Weight: channel: 13, sat: 0.106008574, max: 0.10602151
[07/18/26 01:27:03.704] [I] 	Measuring Weight: channel: 14, sat: 0.6125002, max: 0.61257493
[07/18/26 01:27:03.707] [I] 	Measuring Weight: channel: 15, sat: 0.10305594, max: 0.10306852
[07/18/26 01:27:03.710] [I] 	Measuring Weight: channel: 16, sat: 0.051336695, max: 0.05134296
[07/18/26 01:27:03.713] [I] 	Measuring Weight: channel: 17, sat: 0.06984107, max: 0.069849595
[07/18/26 01:27:03.715] [I] 	Measuring Weight: channel: 18, sat: 0.06153764, max: 0.06154515
[07/18/26 01:27:03.718] [I] 	Measuring Weight: channel: 19, sat: 0.28641534, max: 0.39852053
[07/18/26 01:27:03.721] [I] 	Measuring Weight: channel: 20, sat: 0.20621994, max: 0.20624511
[07/18/26 01:27:03.724] [I] 	Measuring Weight: channel: 21, sat: 0.03681309, max: 0.036817584
[07/18/26 01:27:03.727] [I] 	Measuring Weight: channel: 22, sat: 0.1536004, max: 0.15361914
[07/18/26 01:27:03.730] [I] 	Measuring Weight: channel: 23, sat: 0.28525198, max: 0.28528678
[07/18/26 01:27:03.733] [I] 	Measuring Weight: channel: 24, sat: 0.06299283, max: 0.06300052
[07/18/26 01:27:03.735] [I] 	Measuring Weight: channel: 25, sat: 0.027719358, max: 0.027722742
[07/18/26 01:27:03.738] [I] 	Measuring Weight: channel: 26, sat: 0.09476077, max: 0.09477234
[07/18/26 01:27:03.741] [I] 	Measuring Weight: channel: 27, sat: 0.102488644, max: 0.102501154
[07/18/26 01:27:03.744] [I] 	Measuring Weight: channel: 28, sat: 0.061242253, max: 0.061249726
[07/18/26 01:27:03.747] [I] 	Measuring Weight: channel: 29, sat: 0.26564837, max: 0.35422665
[07/18/26 01:27:03.750] [I] 	Measuring Weight: channel: 30, sat: 0.023031898, max: 0.023034709
[07/18/26 01:27:03.753] [I] 	Measuring Weight: channel: 31, sat: 0.15130636, max: 0.15132484
[07/18/26 01:27:03.756] [I] 	Measuring Weight: channel: 32, sat: 0.13639277, max: 0.20784868
[07/18/26 01:27:03.758] [I] 	Measuring Weight: channel: 33, sat: 0.38511446, max: 0.49298984
[07/18/26 01:27:03.761] [I] 	Measuring Weight: channel: 34, sat: 0.2778195, max: 0.27785343
[07/18/26 01:27:03.764] [I] 	Measuring Weight: channel: 35, sat: 0.3534735, max: 0.35351664
[07/18/26 01:27:03.766] [I] 	Measuring Weight: channel: 36, sat: 0.14789887, max: 0.14791693
[07/18/26 01:27:03.769] [I] 	Measuring Weight: channel: 37, sat: 0.07283964, max: 0.072848536
[07/18/26 01:27:03.771] [I] 	Measuring Weight: channel: 38, sat: 0.02217313, max: 0.022175837
[07/18/26 01:27:03.774] [I] 	Measuring Weight: channel: 39, sat: 0.02042711, max: 0.020429602
[07/18/26 01:27:03.776] [I] 	Measuring Weight: channel: 40, sat: 0.48537374, max: 0.59743917
[07/18/26 01:27:03.778] [I] 	Measuring Weight: channel: 41, sat: 0.20724662, max: 0.2072719
[07/18/26 01:27:03.781] [I] 	Measuring Weight: channel: 42, sat: 0.29642144, max: 0.49925536
[07/18/26 01:27:03.783] [I] 	Measuring Weight: channel: 43, sat: 0.07180348, max: 0.07181225
[07/18/26 01:27:03.785] [I] 	Measuring Weight: channel: 44, sat: 0.1950693, max: 0.3121261
[07/18/26 01:27:03.788] [I] 	Measuring Weight: channel: 45, sat: 0.1885171, max: 0.1885401
[07/18/26 01:27:03.790] [I] 	Measuring Weight: channel: 46, sat: 0.08256182, max: 0.082571894
[07/18/26 01:27:03.793] [I] 	Measuring Weight: channel: 47, sat: 0.036318086, max: 0.03632252
[07/18/26 01:27:03.795] [I] 	Measuring Weight: channel: 48, sat: 0.06295141, max: 0.0629591
[07/18/26 01:27:03.797] [I] 	Measuring Weight: channel: 49, sat: 0.018110614, max: 0.018112825
[07/18/26 01:27:03.800] [I] 	Measuring Weight: channel: 50, sat: 0.033890776, max: 0.033894915
[07/18/26 01:27:03.802] [I] 	Measuring Weight: channel: 51, sat: 0.1131832, max: 0.113197014
[07/18/26 01:27:03.805] [I] 	Measuring Weight: channel: 52, sat: 0.049920198, max: 0.04992629
[07/18/26 01:27:03.807] [I] 	Measuring Weight: channel: 53, sat: 0.060639877, max: 0.06064728
[07/18/26 01:27:03.809] [I] 	Measuring Weight: channel: 54, sat: 0.02765613, max: 0.027659507
[07/18/26 01:27:03.812] [I] 	Measuring Weight: channel: 55, sat: 0.06604866, max: 0.06605672
[07/18/26 01:27:03.814] [I] 	Measuring Weight: channel: 56, sat: 0.09501369, max: 0.095025286
[07/18/26 01:27:03.816] [I] 	Measuring Weight: channel: 57, sat: 0.04802064, max: 0.09604128
[07/18/26 01:27:03.819] [I] 	Measuring Weight: channel: 58, sat: 0.07542037, max: 0.07542957
[07/18/26 01:27:03.821] [I] 	Measuring Weight: channel: 59, sat: 0.19226143, max: 0.1922849
[07/18/26 01:27:03.823] [I] 	Measuring Weight: channel: 60, sat: 0.0596121, max: 0.059619375
[07/18/26 01:27:03.826] [I] 	Measuring Weight: channel: 61, sat: 0.057305582, max: 0.057312574
[07/18/26 01:27:03.828] [I] 	Measuring Weight: channel: 62, sat: 0.041920356, max: 0.041925475
[07/18/26 01:27:03.830] [I] 	Measuring Weight: channel: 63, sat: 0.24170764, max: 0.24953413
[07/18/26 01:27:03.833] [I] 	Measuring Weight: channel: 64, sat: 0.0340553, max: 0.034059457
[07/18/26 01:27:03.835] [I] 	Measuring Weight: channel: 65, sat: 0.087692276, max: 0.087702975
[07/18/26 01:27:03.837] [I] 	Measuring Weight: channel: 66, sat: 0.19582002, max: 0.25067165
[07/18/26 01:27:03.840] [I] 	Measuring Weight: channel: 67, sat: 0.26056197, max: 0.34744424
[07/18/26 01:27:03.842] [I] 	Measuring Weight: channel: 68, sat: 0.14486548, max: 0.14488316
[07/18/26 01:27:03.844] [I] 	Measuring Weight: channel: 69, sat: 0.113009885, max: 0.11302368
[07/18/26 01:27:03.847] [I] 	Measuring Weight: channel: 70, sat: 0.17838278, max: 0.17840455
[07/18/26 01:27:03.849] [I] 	Measuring Weight: channel: 71, sat: 0.040259965, max: 0.04026488
[07/18/26 01:27:03.852] [I] 	Measuring Weight: channel: 72, sat: 0.119690895, max: 0.119705506
[07/18/26 01:27:03.854] [I] 	Measuring Weight: channel: 73, sat: 0.22264212, max: 0.3562448
[07/18/26 01:27:03.856] [I] 	Measuring Weight: channel: 74, sat: 0.16835268, max: 0.16837323
[07/18/26 01:27:03.859] [I] 	Measuring Weight: channel: 75, sat: 0.35830614, max: 0.5733178
[07/18/26 01:27:03.861] [I] 	Measuring Weight: channel: 76, sat: 0.18784353, max: 0.18786645
[07/18/26 01:27:03.864] [I] 	Measuring Weight: channel: 77, sat: 0.16255407, max: 0.2600992
[07/18/26 01:27:03.866] [I] 	Measuring Weight: channel: 78, sat: 0.08568545, max: 0.0856959
[07/18/26 01:27:03.869] [I] 	Measuring Weight: channel: 79, sat: 0.023221772, max: 0.023224605
[07/18/26 01:27:03.871] [I] 	Measuring Weight: channel: 80, sat: 0.11733159, max: 0.11734591
[07/18/26 01:27:03.874] [I] 	Measuring Weight: channel: 81, sat: 0.09110297, max: 0.0911141
[07/18/26 01:27:03.876] [I] 	Measuring Weight: channel: 82, sat: 0.059718132, max: 0.05972542
[07/18/26 01:27:03.879] [I] 	Measuring Weight: channel: 83, sat: 0.0233304, max: 0.023333248
[07/18/26 01:27:03.882] [I] 	Measuring Weight: channel: 84, sat: 0.098690346, max: 0.098702386
[07/18/26 01:27:03.884] [I] 	Measuring Weight: channel: 85, sat: 0.116679415, max: 0.11669366
[07/18/26 01:27:03.887] [I] 	Measuring Weight: channel: 86, sat: 0.21843244, max: 0.2184591
[07/18/26 01:27:03.890] [I] 	Measuring Weight: channel: 87, sat: 0.07234563, max: 0.07235446
[07/18/26 01:27:03.892] [I] 	Measuring Weight: channel: 88, sat: 0.32911256, max: 0.32915273
[07/18/26 01:27:03.895] [I] 	Measuring Weight: channel: 89, sat: 0.054720886, max: 0.054727565
[07/18/26 01:27:03.897] [I] 	Measuring Weight: channel: 90, sat: 0.07371606, max: 0.07372505
[07/18/26 01:27:03.900] [I] 	Measuring Weight: channel: 91, sat: 0.029269353, max: 0.029272925
[07/18/26 01:27:03.903] [I] 	Measuring Weight: channel: 92, sat: 0.026342083, max: 0.026345298
[07/18/26 01:27:03.905] [I] 	Measuring Weight: channel: 93, sat: 0.045845333, max: 0.04585093
[07/18/26 01:27:03.908] [I] 	Measuring Weight: channel: 94, sat: 0.08867723, max: 0.088688046
[07/18/26 01:27:03.910] [I] 	Measuring Weight: channel: 95, sat: 0.19178444, max: 0.19180785
[07/18/26 01:27:03.913] [I] 	Measuring Weight: channel: 96, sat: 0.09351883, max: 0.093530245
[07/18/26 01:27:03.916] [I] 	Measuring Weight: channel: 97, sat: 0.16667263, max: 0.16669297
[07/18/26 01:27:03.918] [I] 	Measuring Weight: channel: 98, sat: 0.16989294, max: 0.16991366
[07/18/26 01:27:03.921] [I] 	Measuring Weight: channel: 99, sat: 0.0996196, max: 0.09963176
[07/18/26 01:27:03.923] [I] 	Measuring Weight: channel: 100, sat: 0.0566923, max: 0.05669922
[07/18/26 01:27:03.926] [I] 	Measuring Weight: channel: 101, sat: 0.12072975, max: 0.12074449
[07/18/26 01:27:03.928] [I] 	Measuring Weight: channel: 102, sat: 0.115766466, max: 0.1157806
[07/18/26 01:27:03.930] [I] 	Measuring Weight: channel: 103, sat: 0.16072695, max: 0.16074656
[07/18/26 01:27:03.933] [I] 	Measuring Weight: channel: 104, sat: 0.056386735, max: 0.05639362
[07/18/26 01:27:03.935] [I] 	Measuring Weight: channel: 105, sat: 0.06248512, max: 0.06249275
[07/18/26 01:27:03.938] [I] 	Measuring Weight: channel: 106, sat: 0.08019243, max: 0.122205086
[07/18/26 01:27:03.940] [I] 	Measuring Weight: channel: 107, sat: 0.05652868, max: 0.05653558
[07/18/26 01:27:03.943] [I] 	Measuring Weight: channel: 108, sat: 0.056109764, max: 0.056116614
[07/18/26 01:27:03.945] [I] 	Measuring Weight: channel: 109, sat: 0.015257354, max: 0.015259216
[07/18/26 01:27:03.948] [I] 	Measuring Weight: channel: 110, sat: 0.06236751, max: 0.062375125
[07/18/26 01:27:03.950] [I] 	Measuring Weight: channel: 111, sat: 0.049990598, max: 0.0499967
[07/18/26 01:27:03.953] [I] 	Measuring Weight: channel: 112, sat: 0.10337112, max: 0.13783938
[07/18/26 01:27:03.955] [I] 	Measuring Weight: channel: 113, sat: 0.023944682, max: 0.023947604
[07/18/26 01:27:03.958] [I] 	Measuring Weight: channel: 114, sat: 0.17567553, max: 0.17569697
[07/18/26 01:27:03.960] [I] 	Measuring Weight: channel: 115, sat: 0.26372936, max: 0.26376155
[07/18/26 01:27:03.963] [I] 	Measuring Weight: channel: 116, sat: 0.14756769, max: 0.14758569
[07/18/26 01:27:03.965] [I] 	Measuring Weight: channel: 117, sat: 0.02786477, max: 0.02786817
[07/18/26 01:27:03.967] [I] 	Measuring Weight: channel: 118, sat: 0.150475, max: 0.20064965
[07/18/26 01:27:03.970] [I] 	Measuring Weight: channel: 119, sat: 0.18581606, max: 0.24777491
[07/18/26 01:27:03.972] [I] 	Measuring Weight: channel: 120, sat: 0.030599441, max: 0.030603176
[07/18/26 01:27:03.975] [I] 	Measuring Weight: channel: 121, sat: 0.19882269, max: 0.19884695
[07/18/26 01:27:03.977] [I] 	Measuring Weight: channel: 122, sat: 0.24505074, max: 0.2904594
[07/18/26 01:27:03.979] [I] 	Measuring Weight: channel: 123, sat: 0.053794563, max: 0.053801127
[07/18/26 01:27:03.982] [I] 	Measuring Weight: channel: 124, sat: 0.22060369, max: 0.22063062
[07/18/26 01:27:03.984] [I] 	Measuring Weight: channel: 125, sat: 0.078367725, max: 0.07837729
[07/18/26 01:27:03.987] [I] 	Measuring Weight: channel: 126, sat: 0.04570125, max: 0.04570683
[07/18/26 01:27:03.989] [I] 	Measuring Weight: channel: 127, sat: 0.07771388, max: 0.07772336
[07/18/26 01:27:03.991] [I] 	Measuring Weight: channel: 128, sat: 0.27821076, max: 0.42396483
[07/18/26 01:27:03.993] [I] 	Measuring Weight: channel: 129, sat: 0.09639673, max: 0.096408494
[07/18/26 01:27:03.996] [I] 	Measuring Weight: channel: 130, sat: 0.10427771, max: 0.10429044
[07/18/26 01:27:03.998] [I] 	Measuring Weight: channel: 131, sat: 0.16711985, max: 0.20570527
[07/18/26 01:27:04.001] [I] 	Measuring Weight: channel: 132, sat: 0.022692174, max: 0.022694943
[07/18/26 01:27:04.003] [I] 	Measuring Weight: channel: 133, sat: 0.13308632, max: 0.13310257
[07/18/26 01:27:04.005] [I] 	Measuring Weight: channel: 134, sat: 0.12159212, max: 0.12160696
[07/18/26 01:27:04.008] [I] 	Measuring Weight: channel: 135, sat: 0.08484211, max: 0.084852464
[07/18/26 01:27:04.010] [I] 	Measuring Weight: channel: 136, sat: 0.06594585, max: 0.0659539
[07/18/26 01:27:04.012] [I] 	Measuring Weight: channel: 137, sat: 0.045481432, max: 0.045486983
[07/18/26 01:27:04.015] [I] 	Measuring Weight: channel: 138, sat: 0.023939151, max: 0.023942072
[07/18/26 01:27:04.017] [I] 	Measuring Weight: channel: 139, sat: 0.09322902, max: 0.0932404
[07/18/26 01:27:04.020] [I] 	Measuring Weight: channel: 140, sat: 0.08647142, max: 0.08648197
[07/18/26 01:27:04.022] [I] 	Measuring Weight: channel: 141, sat: 0.050815105, max: 0.050821308
[07/18/26 01:27:04.024] [I] 	Measuring Weight: channel: 142, sat: 0.08331071, max: 0.08332088
[07/18/26 01:27:04.027] [I] 	Measuring Weight: channel: 143, sat: 0.23950318, max: 0.34839144
[07/18/26 01:27:04.029] [I] 	Measuring Weight: channel: 144, sat: 0.022639537, max: 0.0226423
[07/18/26 01:27:04.032] [I] 	Measuring Weight: channel: 145, sat: 0.08514819, max: 0.08515859
[07/18/26 01:27:04.034] [I] 	Measuring Weight: channel: 146, sat: 0.19140154, max: 0.1914249
[07/18/26 01:27:04.036] [I] 	Measuring Weight: channel: 147, sat: 0.08207489, max: 0.0820849
[07/18/26 01:27:04.039] [I] 	Measuring Weight: channel: 148, sat: 0.117586516, max: 0.11760087
[07/18/26 01:27:04.041] [I] 	Measuring Weight: channel: 149, sat: 0.029531207, max: 0.029534811
[07/18/26 01:27:04.043] [I] 	Measuring Weight: channel: 150, sat: 0.13404767, max: 0.13406403
[07/18/26 01:27:04.046] [I] 	Measuring Weight: channel: 151, sat: 0.19048558, max: 0.19050884
[07/18/26 01:27:04.048] [I] 	Measuring Weight: channel: 152, sat: 0.104170926, max: 0.10418364
[07/18/26 01:27:04.051] [I] 	Measuring Weight: channel: 153, sat: 0.026347972, max: 0.026351187
[07/18/26 01:27:04.053] [I] 	Measuring Weight: channel: 154, sat: 0.20861857, max: 0.20864403
[07/18/26 01:27:04.055] [I] 	Measuring Weight: channel: 155, sat: 0.20126246, max: 0.20128702
[07/18/26 01:27:04.057] [I] 	Measuring Weight: channel: 156, sat: 0.12448805, max: 0.18108557
[07/18/26 01:27:04.060] [I] 	Measuring Weight: channel: 157, sat: 0.10385098, max: 0.103863664
[07/18/26 01:27:04.062] [I] 	Measuring Weight: channel: 158, sat: 0.06678125, max: 0.0667894
[07/18/26 01:27:04.065] [I] 	Measuring Weight: channel: 159, sat: 0.028879954, max: 0.02888348
[07/18/26 01:27:04.067] [I] 	Measuring Weight: channel: 160, sat: 0.0469489, max: 0.046954628
[07/18/26 01:27:04.069] [I] 	Measuring Weight: channel: 161, sat: 0.037716877, max: 0.03772148
[07/18/26 01:27:04.072] [I] 	Measuring Weight: channel: 162, sat: 0.19687845, max: 0.19690247
[07/18/26 01:27:04.074] [I] 	Measuring Weight: channel: 163, sat: 0.15836407, max: 0.1583834
[07/18/26 01:27:04.076] [I] 	Measuring Weight: channel: 164, sat: 0.18134058, max: 0.18136272
[07/18/26 01:27:04.079] [I] 	Measuring Weight: channel: 165, sat: 0.14563912, max: 0.1456569
[07/18/26 01:27:04.081] [I] 	Measuring Weight: channel: 166, sat: 0.21382724, max: 0.3421403
[07/18/26 01:27:04.083] [I] 	Measuring Weight: channel: 167, sat: 0.04440005, max: 0.044405468
[07/18/26 01:27:04.086] [I] 	Measuring Weight: channel: 168, sat: 0.15819602, max: 0.15821533
[07/18/26 01:27:04.088] [I] 	Measuring Weight: channel: 169, sat: 0.037826035, max: 0.037830655
[07/18/26 01:27:04.090] [I] 	Measuring Weight: channel: 170, sat: 0.034219813, max: 0.03422399
[07/18/26 01:27:04.093] [I] 	Measuring Weight: channel: 171, sat: 0.15193304, max: 0.1519516
[07/18/26 01:27:04.095] [I] 	Measuring Weight: channel: 172, sat: 0.08515226, max: 0.085162655
[07/18/26 01:27:04.097] [I] 	Measuring Weight: channel: 173, sat: 0.046424918, max: 0.046430584
[07/18/26 01:27:04.100] [I] 	Measuring Weight: channel: 174, sat: 0.027568314, max: 0.02757168
[07/18/26 01:27:04.102] [I] 	Measuring Weight: channel: 175, sat: 0.18948877, max: 0.1895119
[07/18/26 01:27:04.105] [I] 	Measuring Weight: channel: 176, sat: 0.030766383, max: 0.030770138
[07/18/26 01:27:04.107] [I] 	Measuring Weight: channel: 177, sat: 0.16520412, max: 0.16522428
[07/18/26 01:27:04.109] [I] 	Measuring Weight: channel: 178, sat: 0.12610085, max: 0.2522017
[07/18/26 01:27:04.112] [I] 	Measuring Weight: channel: 179, sat: 0.17170286, max: 0.17172383
[07/18/26 01:27:04.114] [I] 	Measuring Weight: channel: 180, sat: 0.13852546, max: 0.13854235
[07/18/26 01:27:04.116] [I] 	Measuring Weight: channel: 181, sat: 0.21266557, max: 0.21269153
[07/18/26 01:27:04.118] [I] 	Measuring Weight: channel: 182, sat: 0.30300736, max: 0.30304435
[07/18/26 01:27:04.121] [I] 	Measuring Weight: channel: 183, sat: 0.09686459, max: 0.09687641
[07/18/26 01:27:04.123] [I] 	Measuring Weight: channel: 184, sat: 0.12570812, max: 0.2011428
[07/18/26 01:27:04.125] [I] 	Measuring Weight: channel: 185, sat: 0.09870671, max: 0.098718755
[07/18/26 01:27:04.128] [I] 	Measuring Weight: channel: 186, sat: 0.17203839, max: 0.17205939
[07/18/26 01:27:04.130] [I] 	Measuring Weight: channel: 187, sat: 0.38470715, max: 0.3847541
[07/18/26 01:27:04.133] [I] 	Measuring Weight: channel: 188, sat: 0.048664797, max: 0.04867074
[07/18/26 01:27:04.135] [I] 	Measuring Weight: channel: 189, sat: 0.06444887, max: 0.06445674
[07/18/26 01:27:04.137] [I] 	Measuring Weight: channel: 190, sat: 0.19889462, max: 0.1989189
[07/18/26 01:27:04.139] [I] 	Measuring Weight: channel: 191, sat: 0.21399789, max: 0.214024
[07/18/26 01:27:04.142] [I] 	Measuring Weight: channel: 192, sat: 0.42615592, max: 0.42620796
[07/18/26 01:27:04.151] [I] Quantizing Op Id: 25, Type: icraft::xir::ReLUNode
[07/18/26 01:27:04.151] [I] Quantizing Op Id: 28, Type: icraft::xir::TransposeNode
[07/18/26 01:27:04.151] [I] Quantizing Op Id: 29, Type: icraft::xir::Conv2dNode
[07/18/26 01:27:04.153] [I] 	Measuring Weight: channel: 1, sat: 0.8561225, max: 0.856227
[07/18/26 01:27:04.156] [I] 	Measuring Weight: channel: 2, sat: 0.8490078, max: 0.8491114
[07/18/26 01:27:04.158] [I] 	Measuring Weight: channel: 3, sat: 0.9645487, max: 0.9646664
[07/18/26 01:27:04.160] [I] 	Measuring Weight: channel: 4, sat: 0.898266, max: 0.8983757
[07/18/26 01:27:04.163] [I] 	Measuring Weight: channel: 5, sat: 0.9510235, max: 0.9511396
[07/18/26 01:27:04.165] [I] 	Measuring Weight: channel: 6, sat: 0.8520278, max: 0.8521317
[07/18/26 01:27:04.167] [I] 	Measuring Weight: channel: 7, sat: 0.864892, max: 0.86499757
[07/18/26 01:27:04.170] [I] 	Measuring Weight: channel: 8, sat: 0.6773035, max: 0.67738616
[07/18/26 01:27:04.172] [I] 	Measuring Weight: channel: 9, sat: 0.72652394, max: 0.72661257
[07/18/26 01:27:04.175] [I] 	Measuring Weight: channel: 10, sat: 0.9870005, max: 0.987121
[07/18/26 01:27:04.177] [I] 	Measuring Weight: channel: 11, sat: 0.8863629, max: 0.8864711
[07/18/26 01:27:04.179] [I] 	Measuring Weight: channel: 12, sat: 0.7974715, max: 0.79756886
[07/18/26 01:27:04.182] [I] 	Measuring Weight: channel: 13, sat: 0.8628087, max: 0.862914
[07/18/26 01:27:04.184] [I] 	Measuring Weight: channel: 14, sat: 0.8553483, max: 0.85545266
[07/18/26 01:27:04.186] [I] 	Measuring Weight: channel: 15, sat: 0.97160417, max: 0.9717227
[07/18/26 01:27:04.189] [I] 	Measuring Weight: channel: 16, sat: 0.81077677, max: 0.8108758
[07/18/26 01:27:04.191] [I] 	Measuring Weight: channel: 17, sat: 0.86364615, max: 0.86375153
[07/18/26 01:27:04.193] [I] 	Measuring Weight: channel: 18, sat: 0.7280821, max: 0.728171
[07/18/26 01:27:04.196] [I] 	Measuring Weight: channel: 19, sat: 0.66385645, max: 0.6639375
[07/18/26 01:27:04.198] [I] 	Measuring Weight: channel: 20, sat: 0.9347873, max: 0.93490136
[07/18/26 01:27:04.200] [I] 	Measuring Weight: channel: 21, sat: 0.57541704, max: 0.5754873
[07/18/26 01:27:04.203] [I] 	Measuring Weight: channel: 22, sat: 0.5368238, max: 0.5368894
[07/18/26 01:27:04.205] [I] 	Measuring Weight: channel: 23, sat: 0.83998984, max: 0.84009236
[07/18/26 01:27:04.207] [I] 	Measuring Weight: channel: 24, sat: 1.1136614, max: 1.1137974
[07/18/26 01:27:04.210] [I] 	Measuring Weight: channel: 25, sat: 0.73350394, max: 0.73359346
[07/18/26 01:27:04.212] [I] 	Measuring Weight: channel: 26, sat: 0.7900946, max: 0.79019105
[07/18/26 01:27:04.215] [I] 	Measuring Weight: channel: 27, sat: 0.8082581, max: 0.80835676
[07/18/26 01:27:04.217] [I] 	Measuring Weight: channel: 28, sat: 0.65413857, max: 0.6542184
[07/18/26 01:27:04.219] [I] 	Measuring Weight: channel: 29, sat: 0.60177016, max: 0.60184366
[07/18/26 01:27:04.222] [I] 	Measuring Weight: channel: 30, sat: 0.87550515, max: 0.875612
[07/18/26 01:27:04.224] [I] 	Measuring Weight: channel: 31, sat: 0.57219845, max: 0.57226825
[07/18/26 01:27:04.226] [I] 	Measuring Weight: channel: 32, sat: 0.54284275, max: 0.54290897
[07/18/26 01:27:04.229] [I] 	Measuring Weight: channel: 33, sat: 0.84361315, max: 0.8437161
[07/18/26 01:27:04.231] [I] 	Measuring Weight: channel: 34, sat: 1.1668894, max: 1.1670318
[07/18/26 01:27:04.234] [I] 	Measuring Weight: channel: 35, sat: 0.7598396, max: 0.75993234
[07/18/26 01:27:04.236] [I] 	Measuring Weight: channel: 36, sat: 0.8082311, max: 0.80832976
[07/18/26 01:27:04.238] [I] 	Measuring Weight: channel: 37, sat: 0.80181575, max: 0.8019136
[07/18/26 01:27:04.241] [I] 	Measuring Weight: channel: 38, sat: 0.75677246, max: 0.7568648
[07/18/26 01:27:04.243] [I] 	Measuring Weight: channel: 39, sat: 0.6003632, max: 0.6004365
[07/18/26 01:27:04.246] [I] 	Measuring Weight: channel: 40, sat: 0.9233468, max: 0.92345953
[07/18/26 01:27:04.248] [I] 	Measuring Weight: channel: 41, sat: 0.50016934, max: 0.5002304
[07/18/26 01:27:04.250] [I] 	Measuring Weight: channel: 42, sat: 0.56794536, max: 0.5680147
[07/18/26 01:27:04.253] [I] 	Measuring Weight: channel: 43, sat: 0.84372574, max: 0.8438287
[07/18/26 01:27:04.255] [I] 	Measuring Weight: channel: 44, sat: 0.99373734, max: 0.99385864
[07/18/26 01:27:04.258] [I] 	Measuring Weight: channel: 45, sat: 0.76990503, max: 0.76999897
[07/18/26 01:27:04.260] [I] 	Measuring Weight: channel: 46, sat: 0.79418, max: 0.79427695
[07/18/26 01:27:04.262] [I] 	Measuring Weight: channel: 47, sat: 0.8322296, max: 0.8323312
[07/18/26 01:27:04.265] [I] 	Measuring Weight: channel: 48, sat: 0.6577658, max: 0.6578461
[07/18/26 01:27:04.267] [I] 	Measuring Weight: channel: 49, sat: 0.5890184, max: 0.5890903
[07/18/26 01:27:04.270] [I] 	Measuring Weight: channel: 50, sat: 0.8020227, max: 0.8021206
[07/18/26 01:27:04.272] [I] 	Measuring Weight: channel: 51, sat: 0.5177189, max: 0.5177821
[07/18/26 01:27:04.275] [I] 	Measuring Weight: channel: 52, sat: 0.5942128, max: 0.5942853
[07/18/26 01:27:04.278] [I] 	Measuring Weight: channel: 53, sat: 0.84865856, max: 0.84876215
[07/18/26 01:27:04.280] [I] 	Measuring Weight: channel: 54, sat: 0.8965616, max: 0.89667106
[07/18/26 01:27:04.283] [I] 	Measuring Weight: channel: 55, sat: 0.77774495, max: 0.77783984
[07/18/26 01:27:04.285] [I] 	Measuring Weight: channel: 56, sat: 0.8038003, max: 0.8038984
[07/18/26 01:27:04.288] [I] 	Measuring Weight: channel: 57, sat: 0.80006415, max: 0.80016184
[07/18/26 01:27:04.290] [I] 	Measuring Weight: channel: 58, sat: 0.663425, max: 0.663506
[07/18/26 01:27:04.292] [I] 	Measuring Weight: channel: 59, sat: 0.57922226, max: 0.57929295
[07/18/26 01:27:04.295] [I] 	Measuring Weight: channel: 60, sat: 0.8501594, max: 0.8502632
[07/18/26 01:27:04.297] [I] 	Measuring Weight: channel: 61, sat: 0.41111258, max: 0.41116273
[07/18/26 01:27:04.299] [I] 	Measuring Weight: channel: 62, sat: 0.41424358, max: 0.41429412
[07/18/26 01:27:04.302] [I] 	Measuring Weight: channel: 63, sat: 0.7885304, max: 0.7886266
[07/18/26 01:27:04.304] [I] 	Measuring Weight: channel: 64, sat: 0.4139713, max: 0.41402185
[07/18/26 01:27:04.307] [I] 	Measuring Weight: channel: 65, sat: 1.2168345, max: 1.2169831
[07/18/26 01:27:04.309] [I] 	Measuring Weight: channel: 66, sat: 0.72267973, max: 0.72276795
[07/18/26 01:27:04.311] [I] 	Measuring Weight: channel: 67, sat: 0.7697383, max: 0.76983225
[07/18/26 01:27:04.314] [I] 	Measuring Weight: channel: 68, sat: 0.56214184, max: 0.56221044
[07/18/26 01:27:04.316] [I] 	Measuring Weight: channel: 69, sat: 0.5593508, max: 0.5594191
[07/18/26 01:27:04.319] [I] 	Measuring Weight: channel: 70, sat: 0.7323073, max: 0.73239666
[07/18/26 01:27:04.321] [I] 	Measuring Weight: channel: 71, sat: 0.40613014, max: 0.40617973
[07/18/26 01:27:04.323] [I] 	Measuring Weight: channel: 72, sat: 0.41789773, max: 0.41794872
[07/18/26 01:27:04.326] [I] 	Measuring Weight: channel: 73, sat: 0.7493632, max: 0.7494546
[07/18/26 01:27:04.328] [I] 	Measuring Weight: channel: 74, sat: 0.4239444, max: 0.42399618
[07/18/26 01:27:04.330] [I] 	Measuring Weight: channel: 75, sat: 1.0652318, max: 1.0653617
[07/18/26 01:27:04.333] [I] 	Measuring Weight: channel: 76, sat: 0.7387927, max: 0.7388829
[07/18/26 01:27:04.335] [I] 	Measuring Weight: channel: 77, sat: 0.77133703, max: 0.77143115
[07/18/26 01:27:04.337] [I] 	Measuring Weight: channel: 78, sat: 0.5656803, max: 0.5657494
[07/18/26 01:27:04.340] [I] 	Measuring Weight: channel: 79, sat: 0.5036364, max: 0.50369793
[07/18/26 01:27:04.342] [I] 	Measuring Weight: channel: 80, sat: 0.846058, max: 0.84616125
[07/18/26 01:27:04.343] [I] Quantizing Op Id: 31, Type: icraft::xir::Conv2dNode
[07/18/26 01:27:04.346] [I] 	Measuring Weight: channel: 1, sat: 0.14029938, max: 0.1403165
[07/18/26 01:27:04.348] [I] 	Measuring Weight: channel: 2, sat: 0.15830344, max: 0.15832275
[07/18/26 01:27:04.351] [I] 	Measuring Weight: channel: 3, sat: 0.22678182, max: 0.22680949
[07/18/26 01:27:04.353] [I] 	Measuring Weight: channel: 4, sat: 0.19096516, max: 0.19098847
[07/18/26 01:27:04.356] [I] 	Measuring Weight: channel: 5, sat: 0.16362505, max: 0.16364503
[07/18/26 01:27:04.358] [I] 	Measuring Weight: channel: 6, sat: 0.15719092, max: 0.1572101
[07/18/26 01:27:04.361] [I] 	Measuring Weight: channel: 7, sat: 0.5199025, max: 0.51996595
[07/18/26 01:27:04.363] [I] 	Measuring Weight: channel: 8, sat: 0.54830766, max: 0.5483746
[07/18/26 01:27:04.365] [I] 	Measuring Weight: channel: 9, sat: 0.59025437, max: 0.59032637
[07/18/26 01:27:04.367] [I] 	Measuring Weight: channel: 10, sat: 0.14505284, max: 0.14507054
[07/18/26 01:27:04.370] [I] 	Measuring Weight: channel: 11, sat: 0.164641, max: 0.16466108
[07/18/26 01:27:04.373] [I] 	Measuring Weight: channel: 12, sat: 0.22915342, max: 0.2291814
[07/18/26 01:27:04.375] [I] 	Measuring Weight: channel: 13, sat: 0.19132455, max: 0.1913479
[07/18/26 01:27:04.378] [I] 	Measuring Weight: channel: 14, sat: 0.16622834, max: 0.16624862
[07/18/26 01:27:04.380] [I] 	Measuring Weight: channel: 15, sat: 0.1584325, max: 0.15845183
[07/18/26 01:27:04.383] [I] 	Measuring Weight: channel: 16, sat: 0.40870512, max: 0.408755
[07/18/26 01:27:04.385] [I] 	Measuring Weight: channel: 17, sat: 0.5511388, max: 0.55120605
[07/18/26 01:27:04.387] [I] 	Measuring Weight: channel: 18, sat: 0.5860898, max: 0.5861613
[07/18/26 01:27:04.389] [I] 	Measuring Weight: channel: 19, sat: 0.23450898, max: 0.2345376
[07/18/26 01:27:04.392] [I] 	Measuring Weight: channel: 20, sat: 0.19871955, max: 0.19874379
[07/18/26 01:27:04.394] [I] 	Measuring Weight: channel: 21, sat: 0.2290916, max: 0.22911957
[07/18/26 01:27:04.397] [I] 	Measuring Weight: channel: 22, sat: 0.3027292, max: 0.30276614
[07/18/26 01:27:04.399] [I] 	Measuring Weight: channel: 23, sat: 0.5602421, max: 0.5603105
[07/18/26 01:27:04.402] [I] 	Measuring Weight: channel: 24, sat: 0.1697394, max: 0.16976012
[07/18/26 01:27:04.404] [I] 	Measuring Weight: channel: 25, sat: 0.5344309, max: 0.5344962
[07/18/26 01:27:04.407] [I] 	Measuring Weight: channel: 26, sat: 0.53310865, max: 0.5331737
[07/18/26 01:27:04.409] [I] 	Measuring Weight: channel: 27, sat: 0.59401375, max: 0.5940863
[07/18/26 01:27:04.411] [I] 	Measuring Weight: channel: 28, sat: 0.17154966, max: 0.1715706
[07/18/26 01:27:04.414] [I] 	Measuring Weight: channel: 29, sat: 0.26557848, max: 0.26561087
[07/18/26 01:27:04.416] [I] 	Measuring Weight: channel: 30, sat: 0.23002434, max: 0.23005241
[07/18/26 01:27:04.419] [I] 	Measuring Weight: channel: 31, sat: 0.33745116, max: 0.33749235
[07/18/26 01:27:04.421] [I] 	Measuring Weight: channel: 32, sat: 0.53630793, max: 0.5363734
[07/18/26 01:27:04.423] [I] 	Measuring Weight: channel: 33, sat: 0.1605799, max: 0.16059951
[07/18/26 01:27:04.426] [I] 	Measuring Weight: channel: 34, sat: 0.44882452, max: 0.4488793
[07/18/26 01:27:04.428] [I] 	Measuring Weight: channel: 35, sat: 0.5466252, max: 0.54669195
[07/18/26 01:27:04.430] [I] 	Measuring Weight: channel: 36, sat: 0.57422215, max: 0.57429224
[07/18/26 01:27:04.432] [I] 	Measuring Weight: channel: 37, sat: 0.30484906, max: 0.30488625
[07/18/26 01:27:04.435] [I] 	Measuring Weight: channel: 38, sat: 0.34436864, max: 0.3444107
[07/18/26 01:27:04.437] [I] 	Measuring Weight: channel: 39, sat: 0.22991696, max: 0.22994502
[07/18/26 01:27:04.440] [I] 	Measuring Weight: channel: 40, sat: 0.32539156, max: 0.32543126
[07/18/26 01:27:04.442] [I] 	Measuring Weight: channel: 41, sat: 0.5227486, max: 0.5228124
[07/18/26 01:27:04.445] [I] 	Measuring Weight: channel: 42, sat: 0.16525507, max: 0.16527523
[07/18/26 01:27:04.447] [I] 	Measuring Weight: channel: 43, sat: 0.492257, max: 0.49231708
[07/18/26 01:27:04.449] [I] 	Measuring Weight: channel: 44, sat: 0.5387617, max: 0.5388274
[07/18/26 01:27:04.451] [I] 	Measuring Weight: channel: 45, sat: 0.58361363, max: 0.58368486
[07/18/26 01:27:04.453] [I] 	Measuring Weight: channel: 46, sat: 0.3010756, max: 0.30111235
[07/18/26 01:27:04.456] [I] 	Measuring Weight: channel: 47, sat: 0.34838617, max: 0.3484287
[07/18/26 01:27:04.458] [I] 	Measuring Weight: channel: 48, sat: 0.22967261, max: 0.22970064
[07/18/26 01:27:04.460] [I] 	Measuring Weight: channel: 49, sat: 0.3389817, max: 0.33902308
[07/18/26 01:27:04.463] [I] 	Measuring Weight: channel: 50, sat: 0.51409274, max: 0.51415545
[07/18/26 01:27:04.465] [I] 	Measuring Weight: channel: 51, sat: 0.1665351, max: 0.16655542
[07/18/26 01:27:04.468] [I] 	Measuring Weight: channel: 52, sat: 0.5578261, max: 0.55789423
[07/18/26 01:27:04.470] [I] 	Measuring Weight: channel: 53, sat: 0.53588575, max: 0.5359512
[07/18/26 01:27:04.472] [I] 	Measuring Weight: channel: 54, sat: 0.5713228, max: 0.57139254
[07/18/26 01:27:04.474] [I] 	Measuring Weight: channel: 55, sat: 0.2600335, max: 0.26006523
[07/18/26 01:27:04.476] [I] 	Measuring Weight: channel: 56, sat: 0.26376495, max: 0.26379713
[07/18/26 01:27:04.479] [I] 	Measuring Weight: channel: 57, sat: 0.25006866, max: 0.25009918
[07/18/26 01:27:04.481] [I] 	Measuring Weight: channel: 58, sat: 0.29857305, max: 0.2986095
[07/18/26 01:27:04.484] [I] 	Measuring Weight: channel: 59, sat: 0.2881732, max: 0.28820837
[07/18/26 01:27:04.486] [I] 	Measuring Weight: channel: 60, sat: 0.14403598, max: 0.14405356
[07/18/26 01:27:04.489] [I] 	Measuring Weight: channel: 61, sat: 0.4941701, max: 0.49423042
[07/18/26 01:27:04.491] [I] 	Measuring Weight: channel: 62, sat: 0.51427484, max: 0.5143376
[07/18/26 01:27:04.493] [I] 	Measuring Weight: channel: 63, sat: 0.5693662, max: 0.5694357
[07/18/26 01:27:04.496] [I] 	Measuring Weight: channel: 64, sat: 0.29183295, max: 0.29186857
[07/18/26 01:27:04.498] [I] 	Measuring Weight: channel: 65, sat: 0.56695986, max: 0.56702906
[07/18/26 01:27:04.501] [I] 	Measuring Weight: channel: 66, sat: 0.24253844, max: 0.24256803
[07/18/26 01:27:04.503] [I] 	Measuring Weight: channel: 67, sat: 0.2406018, max: 0.24063116
[07/18/26 01:27:04.505] [I] 	Measuring Weight: channel: 68, sat: 0.3052196, max: 0.30525684
[07/18/26 01:27:04.508] [I] 	Measuring Weight: channel: 69, sat: 0.15064907, max: 0.15066746
[07/18/26 01:27:04.510] [I] 	Measuring Weight: channel: 70, sat: 0.5187368, max: 0.5188001
[07/18/26 01:27:04.512] [I] 	Measuring Weight: channel: 71, sat: 0.51774603, max: 0.5178092
[07/18/26 01:27:04.514] [I] 	Measuring Weight: channel: 72, sat: 0.5586628, max: 0.55873096
[07/18/26 01:27:04.515] [I] Quantizing Op Id: 33, Type: icraft::xir::Conv2dNode
[07/18/26 01:27:04.518] [I] 	Measuring Weight: channel: 1, sat: 1.0808798, max: 1.0810117
[07/18/26 01:27:04.520] [I] 	Measuring Weight: channel: 2, sat: 1.0872991, max: 1.0874319
[07/18/26 01:27:04.522] [I] 	Measuring Weight: channel: 3, sat: 0.8789429, max: 0.8790502
[07/18/26 01:27:04.525] [I] 	Measuring Weight: channel: 4, sat: 0.8777796, max: 0.8778868
[07/18/26 01:27:04.527] [I] 	Measuring Weight: channel: 5, sat: 0.6248216, max: 0.6248979
[07/18/26 01:27:04.530] [I] 	Measuring Weight: channel: 6, sat: 0.61698645, max: 0.6170618
[07/18/26 01:27:04.532] [I] 	Measuring Weight: channel: 7, sat: 0.60973155, max: 0.60980594
[07/18/26 01:27:04.535] [I] 	Measuring Weight: channel: 8, sat: 0.6157137, max: 0.6157889
[07/18/26 01:27:04.537] [I] 	Measuring Weight: channel: 9, sat: 0.677133, max: 0.67721564
[07/18/26 01:27:04.540] [I] 	Measuring Weight: channel: 10, sat: 0.67837787, max: 0.67846066
[07/18/26 01:27:04.542] [I] 	Measuring Weight: channel: 11, sat: 0.56288725, max: 0.5629559
[07/18/26 01:27:04.545] [I] 	Measuring Weight: channel: 12, sat: 0.5643837, max: 0.5644525
[07/18/26 01:27:04.547] [I] 	Measuring Weight: channel: 13, sat: 0.4303814, max: 0.4304339
[07/18/26 01:27:04.549] [I] 	Measuring Weight: channel: 14, sat: 0.42796892, max: 0.42802113
[07/18/26 01:27:04.552] [I] 	Measuring Weight: channel: 15, sat: 0.46386656, max: 0.4639232
[07/18/26 01:27:04.554] [I] 	Measuring Weight: channel: 16, sat: 0.4625075, max: 0.46256393
[07/18/26 01:27:04.554] [I] Quantizing Op Id: 34, Type: icraft::xir::SigmoidNode
[07/18/26 01:27:04.554] [I] Quantizing Op Id: 71, Type: icraft::xir::CastNode
[07/18/26 01:27:04.554] [I] Quantizing Op Id: 72, Type: icraft::xir::CastNode
[07/18/26 01:27:04.554] [I] Quantizing Op Id: 73, Type: icraft::xir::CastNode
[07/18/26 01:27:04.555] [I] Quantizing Op Id: 74, Type: icraft::xir::CastNode
[07/18/26 01:27:04.555] [I] Quantizing Op Id: 75, Type: icraft::xir::CastNode
[07/18/26 01:27:04.555] [I] Quantizing Op Id: 76, Type: icraft::xir::CastNode
[07/18/26 01:27:04.555] [I] Quantizing Op Id: 35, Type: icraft::xir::OutputNode
