
*** Running vivado
    with args -log bev_edif_top.vds -m64 -product Vivado -mode batch -messageDb vivado.pb -notrace -source bev_edif_top.tcl


****** Vivado v2018.3 (64-bit)
  **** SW Build 2405991 on Thu Dec  6 23:38:27 MST 2018
  **** IP Build 2404404 on Fri Dec  7 01:43:56 MST 2018
    ** Copyright 1986-2018 Xilinx, Inc. All Rights Reserved.

source bev_edif_top.tcl -notrace
source D:/vivado2018.3/part2_sa_vertify/ip_patch/process_control/synthesis_pre.tcl
current_dictory_path is D:/vivado2018.3/part2_sa_vertify/part2_sa_vertify.runs/synth_1
loc_index is 54.
dst_str is D:/vivado2018.3/part2_sa_vertify/part2_sa_vertify.runs
prj_path is D:/vivado2018.3/part2_sa_vertify/part2_sa_vertify.xpr
Scanning sources...
Finished scanning sources
step 1:pre_patch_check
WARNING: [Coretcl 2-176] No IPs found
WARNING: [Coretcl 2-176] No IPs found
No disabled IP xdc file find in current project!
WARNING: [Coretcl 2-176] No IPs found
Pre-patch check finished!

step 2:pre_synthesis_patch
WARNING: [Coretcl 2-176] No IPs found
WARNING: [Coretcl 2-176] No IPs found
No disabled IP xdc file find in current project!
WARNING: [Coretcl 2-176] No IPs found
Pre-patch check finished!

Start pre synthesis patch now!

WARNING: [fmsh-2023] IP patch version information: 5.3.1.8
WARNING: [fmsh-2023] Release date: 2026/02/05
Find VIVADO path: C:/vivado2018.3/vivado/Vivado/2018.3
Current device is xc7z030ffg676-2.
set mig_version_value to NORMAL
set microblaze_value to FALSE
set gp_patch_value FALSE
set cv_pcie_value NEW
WARNING: [Coretcl 2-176] No IPs found
WARNING: [Coretcl 2-176] No IPs found
WARNING: [Coretcl 2-176] No IPs found
WARNING: [Coretcl 2-176] No IPs found
xfft IP mem_type_value is neither BRAM nor DRAM!
Skip ZYNQ_PS_Master patch successfully!
Current microblaze_patch is FALSE!
pcie_version is NEW.
change_speed_value:TRUE
current_prj_path:D:/vivado2018.3/part2_sa_vertify
env: D:/vivado2018.3/part2_sa_vertify
Now check if spd files need replace:
current part is 7z030AI,change zynq lib padr to 7z030AI
The operating system is WINDOWS!
total_CPU_threads = 20
WARNING: [fmsh-2024] FMSH-->Current Project replaced xc7z030 AI database!(Sun Jul 19 11:59:38 +0800 2026)
FMSH->D:/vivado2018.3/part2_sa_vertify/database_check.log is generated successfully!
WARNING: [fmsh-2024] FMSH-->Config Command:add_hook_tcl_to_prj   (Sun Jul 19 11:59:41 +0800 2026)
IP patch stage 1 finished before synthesis!

Time consume: 15 seconds.
step 3:runEco0
The xc7z030ffg676-2 device don't need BRAM patch!
Command: synth_design -top bev_edif_top -part xc7z030ffg676-2
Starting synth_design
Attempting to get a license for feature 'Synthesis' and/or device 'xc7z030'
INFO: [Common 17-349] Got license for feature 'Synthesis' and/or device 'xc7z030'
INFO: Launching helper process for spawning children vivado processes
INFO: Helper process launched with PID 8360 
---------------------------------------------------------------------------------
Starting RTL Elaboration : Time (s): cpu = 00:00:03 ; elapsed = 00:00:03 . Memory (MB): peak = 371.949 ; gain = 105.801
---------------------------------------------------------------------------------
INFO: [Synth 8-6157] synthesizing module 'bev_edif_top' [E:/experiment/¸´µ©Î¢/Fast-BEV/Fastbev2.0_sa/part2_sa/part2_sa_v1.0/Vivado_Project/rtl/bev_edif_top.v:28]
INFO: [Synth 8-6157] synthesizing module 'ps_ai_wrap_demo' [E:/experiment/¸´µ©Î¢/Fast-BEV/Fastbev2.0_sa/part2_sa/part2_sa_v1.0/Vivado_Project/rtl/ps_ai_wrap_demo.v:15]
INFO: [Synth 8-6157] synthesizing module 'bev_accel_top' [E:/experiment/¸´µ©Î¢/Fast-BEV/Fastbev2.0_sa/part2_sa/part2_sa_v1.0/Vivado_Project/rtl/bev_accel_top.v:38]
	Parameter RESET_ADDR bound to: 16'b0000000001110111 
INFO: [Synth 8-6157] synthesizing module 'bev_reg_ctrl' [E:/experiment/¸´µ©Î¢/Fast-BEV/Fastbev2.0_sa/part2_sa/part2_sa_v1.0/Vivado_Project/rtl/bev_reg_ctrl.v:46]
	Parameter CTRL_START_ADDR bound to: 16'b0000000000000000 
	Parameter LUT_BASE_ADDR_A bound to: 16'b0000000000000001 
	Parameter LUT_SIZE_ADDR bound to: 16'b0000000000000010 
	Parameter FEAT2D_BASE_ADDR_A bound to: 16'b0000000000000011 
	Parameter FEAT3D_WR_ADDR_A bound to: 16'b0000000000000100 
	Parameter FEAT3D_WR_SIZE_A bound to: 16'b0000000000000101 
	Parameter SA_SRC_ADDR_A bound to: 16'b0000000000000110 
	Parameter SA_DST_ADDR_A bound to: 16'b0000000000000111 
	Parameter SA_SIZE_ADDR bound to: 16'b0000000000001000 
	Parameter BEV_PARAMS_ADDR bound to: 16'b0000000000001001 
	Parameter IMG_PARAMS_ADDR bound to: 16'b0000000000001010 
	Parameter XFORM_A00_ADDR bound to: 16'b0000000000001011 
	Parameter XFORM_A01_ADDR bound to: 16'b0000000000001100 
	Parameter XFORM_A02_ADDR bound to: 16'b0000000000001101 
	Parameter XFORM_A10_ADDR bound to: 16'b0000000000001110 
	Parameter XFORM_A11_ADDR bound to: 16'b0000000000001111 
	Parameter XFORM_A12_ADDR bound to: 16'b0000000000010000 
	Parameter FRAME0_ADDR_A bound to: 16'b0000000000010001 
	Parameter FRAME1_ADDR_A bound to: 16'b0000000000010010 
	Parameter FRAME2_ADDR_A bound to: 16'b0000000000010011 
	Parameter FRAME3_ADDR_A bound to: 16'b0000000000010100 
	Parameter FRAME_SIZE_ADDR bound to: 16'b0000000000010101 
	Parameter COMP_DONE_ADDR bound to: 16'b0000000000100000 
	Parameter STATUS_ADDR bound to: 16'b0000000000100001 
	Parameter PERF_CNT_LO_ADDR bound to: 16'b0000000000100010 
	Parameter PERF_CNT_HI_ADDR bound to: 16'b0000000000100011 
	Parameter EXT_MODE_ADDR bound to: 16'b0000000000100100 
	Parameter FEAT2D_FP32_ADDR bound to: 16'b0000000000100101 
	Parameter FEAT2D_INT8_ADDR bound to: 16'b0000000000100110 
	Parameter CONCAT_OUT_ADDR bound to: 16'b0000000000100111 
	Parameter GROUP_STATUS_ADDR bound to: 16'b0000000000101000 
	Parameter GROUP_CTRL_ADDR bound to: 16'b0000000000101001 
	Parameter ERROR_STATUS_ADDR bound to: 16'b0000000000101010 
	Parameter PERF_STAGE_SEL_ADDR bound to: 16'b0000000000101011 
	Parameter PERF_STAGE_CNT_LO_ADDR bound to: 16'b0000000000101100 
	Parameter PERF_STAGE_CNT_HI_ADDR bound to: 16'b0000000000101101 
	Parameter VERSION_ADDR bound to: 16'b0000000000110000 
	Parameter XFORM_H0_A00_ADDR bound to: 16'b0000000001000000 
	Parameter XFORM_H0_A01_ADDR bound to: 16'b0000000001000001 
	Parameter XFORM_H0_A02_ADDR bound to: 16'b0000000001000010 
	Parameter XFORM_H0_A10_ADDR bound to: 16'b0000000001000011 
	Parameter XFORM_H0_A11_ADDR bound to: 16'b0000000001000100 
	Parameter XFORM_H0_A12_ADDR bound to: 16'b0000000001000101 
	Parameter XFORM_H1_A00_ADDR bound to: 16'b0000000001000110 
	Parameter XFORM_H1_A01_ADDR bound to: 16'b0000000001000111 
	Parameter XFORM_H1_A02_ADDR bound to: 16'b0000000001001000 
	Parameter XFORM_H1_A10_ADDR bound to: 16'b0000000001001001 
	Parameter XFORM_H1_A11_ADDR bound to: 16'b0000000001001010 
	Parameter XFORM_H1_A12_ADDR bound to: 16'b0000000001001011 
	Parameter XFORM_H2_A00_ADDR bound to: 16'b0000000001001100 
	Parameter XFORM_H2_A01_ADDR bound to: 16'b0000000001001101 
	Parameter XFORM_H2_A02_ADDR bound to: 16'b0000000001001110 
	Parameter XFORM_H2_A10_ADDR bound to: 16'b0000000001001111 
	Parameter XFORM_H2_A11_ADDR bound to: 16'b0000000001010000 
	Parameter XFORM_H2_A12_ADDR bound to: 16'b0000000001010001 
	Parameter RESET_ADDR bound to: 16'b0000000001110111 
	Parameter DEBUG_REG_ADDR bound to: 16'b0000000011111111 
	Parameter BEV_VERSION bound to: 539363079 - type: integer 
INFO: [Synth 8-6155] done synthesizing module 'bev_reg_ctrl' (1#1) [E:/experiment/¸´µ©Î¢/Fast-BEV/Fastbev2.0_sa/part2_sa/part2_sa_v1.0/Vivado_Project/rtl/bev_reg_ctrl.v:46]
INFO: [Synth 8-6157] synthesizing module 'pipeline_ctrl_group4' [E:/experiment/¸´µ©Î¢/Fast-BEV/Fastbev2.0_sa/part2_sa/part2_sa_v1.0/Vivado_Project/rtl/pipeline_ctrl_group4.v:19]
	Parameter ST_IDLE bound to: 4'b0000 
	Parameter ST_QUANT bound to: 4'b0001 
	Parameter ST_LUT_HIST bound to: 4'b0010 
	Parameter ST_LUT_CURRENT bound to: 4'b0011 
	Parameter ST_SA bound to: 4'b0100 
	Parameter ST_DONE bound to: 4'b0101 
	Parameter ST_ERROR bound to: 4'b0110 
	Parameter STAGE_NONE bound to: 2'b00 
	Parameter STAGE_QUANT bound to: 2'b01 
	Parameter STAGE_LUT bound to: 2'b10 
	Parameter STAGE_SA bound to: 2'b11 
	Parameter ERR_ALIGN bound to: 0 - type: integer 
	Parameter ERR_PHASE bound to: 1 - type: integer 
	Parameter ERR_HIST_VALID bound to: 2 - type: integer 
	Parameter ERR_OVERLAP bound to: 3 - type: integer 
	Parameter ERR_BAD_MODE bound to: 4 - type: integer 
INFO: [Synth 8-6155] done synthesizing module 'pipeline_ctrl_group4' (2#1) [E:/experiment/¸´µ©Î¢/Fast-BEV/Fastbev2.0_sa/part2_sa/part2_sa_v1.0/Vivado_Project/rtl/pipeline_ctrl_group4.v:19]
INFO: [Synth 8-6157] synthesizing module 'quant_engine' [E:/experiment/¸´µ©Î¢/Fast-BEV/Fastbev2.0_sa/part2_sa/part2_sa_v1.0/Vivado_Project/rtl/quant_engine.v:17]
	Parameter SHIFT_BASE bound to: 156 - type: integer 
	Parameter S_IDLE bound to: 3'b000 
	Parameter S_ISSUE_RD bound to: 3'b001 
	Parameter S_WAIT_RD bound to: 3'b010 
	Parameter S_WAIT_Q bound to: 3'b011 
	Parameter S_ISSUE_WR bound to: 3'b100 
	Parameter S_DONE bound to: 3'b101 
INFO: [Synth 8-6157] synthesizing module 'fp32_int8_quant' [E:/experiment/¸´µ©Î¢/Fast-BEV/Fastbev2.0_sa/part2_sa/part2_sa_v1.0/Vivado_Project/rtl/fp32_int8_quant.v:17]
	Parameter SHIFT_BASE bound to: 156 - type: integer 
	Parameter ZERO_E bound to: 116 - type: integer 
	Parameter SAT_E bound to: 156 - type: integer 
	Parameter ZERO_E_U8 bound to: 116 - type: integer 
	Parameter SAT_E_U8 bound to: 156 - type: integer 
INFO: [Synth 8-6155] done synthesizing module 'fp32_int8_quant' (3#1) [E:/experiment/¸´µ©Î¢/Fast-BEV/Fastbev2.0_sa/part2_sa/part2_sa_v1.0/Vivado_Project/rtl/fp32_int8_quant.v:17]
INFO: [Synth 8-6155] done synthesizing module 'quant_engine' (4#1) [E:/experiment/¸´µ©Î¢/Fast-BEV/Fastbev2.0_sa/part2_sa/part2_sa_v1.0/Vivado_Project/rtl/quant_engine.v:17]
INFO: [Synth 8-6157] synthesizing module 'lut_engine_int8' [E:/experiment/¸´µ©Î¢/Fast-BEV/Fastbev2.0_sa/part2_sa/part2_sa_v1.0/Vivado_Project/rtl/lut_engine_int8.v:25]
	Parameter DST_HISTORY_CONTIG bound to: 1'b0 
	Parameter DST_FUSED_CURRENT bound to: 1'b1 
	Parameter S_IDLE bound to: 5'b00000 
	Parameter S_REQ_LUT bound to: 5'b00001 
	Parameter S_GRANT_LUT bound to: 5'b00010 
	Parameter S_WAIT_LUT bound to: 5'b00011 
	Parameter S_PARSE_LUT bound to: 5'b00100 
	Parameter S_CALC_ADDR bound to: 5'b00101 
	Parameter S_CALC_ADDR2 bound to: 5'b00110 
	Parameter S_CALC_ADDR3 bound to: 5'b00111 
	Parameter S_REQ_FEAT bound to: 5'b01000 
	Parameter S_GRANT_FEAT bound to: 5'b01001 
	Parameter S_WAIT_FEAT bound to: 5'b01010 
	Parameter S_WRITE_BEV bound to: 5'b01011 
	Parameter S_GRANT_WR bound to: 5'b01100 
	Parameter S_RMW_RD bound to: 5'b01101 
	Parameter S_RMW_WAIT bound to: 5'b01110 
	Parameter S_RMW_WR bound to: 5'b01111 
	Parameter S_NEXT bound to: 5'b10000 
	Parameter S_DONE bound to: 5'b10001 
	Parameter S_RMW_ADDR0 bound to: 5'b10010 
	Parameter S_RMW_ADDR1 bound to: 5'b10011 
INFO: [Synth 8-6155] done synthesizing module 'lut_engine_int8' (5#1) [E:/experiment/¸´µ©Î¢/Fast-BEV/Fastbev2.0_sa/part2_sa/part2_sa_v1.0/Vivado_Project/rtl/lut_engine_int8.v:25]
INFO: [Synth 8-6157] synthesizing module 'sa_engine_int8' [E:/experiment/¸´µ©Î¢/Fast-BEV/Fastbev2.0_sa/part2_sa/part2_sa_v1.0/Vivado_Project/rtl/sa_engine_int8.v:30]
	Parameter S_IDLE bound to: 5'b00000 
	Parameter S_CALC_COORD bound to: 5'b00001 
	Parameter S_CALC_COORD2 bound to: 5'b00010 
	Parameter S_CHECK_BOUND bound to: 5'b00011 
	Parameter S_CALC_WEIGHT bound to: 5'b00100 
	Parameter S_CALC_ADDR bound to: 5'b00101 
	Parameter S_RD_P00 bound to: 5'b00110 
	Parameter S_WAIT_P00 bound to: 5'b00111 
	Parameter S_RD_P01 bound to: 5'b01000 
	Parameter S_WAIT_P01 bound to: 5'b01001 
	Parameter S_RD_P10 bound to: 5'b01010 
	Parameter S_WAIT_P10 bound to: 5'b01011 
	Parameter S_RD_P11 bound to: 5'b01100 
	Parameter S_WAIT_P11 bound to: 5'b01101 
	Parameter S_INTERP bound to: 5'b01110 
	Parameter S_NEXT_PIX bound to: 5'b01111 
	Parameter S_DONE bound to: 5'b10000 
	Parameter S_RMW_RD bound to: 5'b10001 
	Parameter S_RMW_WAIT bound to: 5'b10010 
	Parameter S_RMW_WR bound to: 5'b10011 
	Parameter S_CALC_COORD3 bound to: 5'b10100 
	Parameter S_RMW_ADDR0 bound to: 5'b10101 
	Parameter S_RMW_ADDR1 bound to: 5'b10110 
	Parameter S_INTERP_MUL bound to: 5'b10111 
	Parameter S_INTERP_PAIR bound to: 5'b11000 
	Parameter S_INTERP_ACC bound to: 5'b11001 
	Parameter S_INTERP_MAG bound to: 5'b11010 
	Parameter S_INTERP_ROUND bound to: 5'b11011 
	Parameter S_INTERP_SIGN bound to: 5'b11100 
	Parameter S_INTERP_STORE bound to: 5'b11101 
	Parameter S_CALC_BASE0 bound to: 5'b11110 
	Parameter S_CALC_BASE1 bound to: 5'b11111 
INFO: [Synth 8-226] default block is never used [E:/experiment/¸´µ©Î¢/Fast-BEV/Fastbev2.0_sa/part2_sa/part2_sa_v1.0/Vivado_Project/rtl/sa_engine_int8.v:422]
INFO: [Synth 8-6155] done synthesizing module 'sa_engine_int8' (6#1) [E:/experiment/¸´µ©Î¢/Fast-BEV/Fastbev2.0_sa/part2_sa/part2_sa_v1.0/Vivado_Project/rtl/sa_engine_int8.v:30]
INFO: [Synth 8-6157] synthesizing module 'dma_arbiter_stage' [E:/experiment/¸´µ©Î¢/Fast-BEV/Fastbev2.0_sa/part2_sa/part2_sa_v1.0/Vivado_Project/rtl/dma_arbiter_stage.v:18]
	Parameter STAGE_NONE bound to: 2'b00 
	Parameter STAGE_QUANT bound to: 2'b01 
	Parameter STAGE_LUT bound to: 2'b10 
	Parameter STAGE_SA bound to: 2'b11 
INFO: [Synth 8-6155] done synthesizing module 'dma_arbiter_stage' (7#1) [E:/experiment/¸´µ©Î¢/Fast-BEV/Fastbev2.0_sa/part2_sa/part2_sa_v1.0/Vivado_Project/rtl/dma_arbiter_stage.v:18]
INFO: [Synth 8-6157] synthesizing module 'pulse_cross' [E:/experiment/¸´µ©Î¢/Fast-BEV/Fastbev2.0_sa/part2_sa/part2_sa_v1.0/Vivado_Project/rtl/pulse_cross.v:9]
INFO: [Synth 8-6155] done synthesizing module 'pulse_cross' (8#1) [E:/experiment/¸´µ©Î¢/Fast-BEV/Fastbev2.0_sa/part2_sa/part2_sa_v1.0/Vivado_Project/rtl/pulse_cross.v:9]
INFO: [Synth 8-6155] done synthesizing module 'bev_accel_top' (9#1) [E:/experiment/¸´µ©Î¢/Fast-BEV/Fastbev2.0_sa/part2_sa/part2_sa_v1.0/Vivado_Project/rtl/bev_accel_top.v:38]
INFO: [Synth 8-6155] done synthesizing module 'bev_edif_top' (10#1) [E:/experiment/¸´µ©Î¢/Fast-BEV/Fastbev2.0_sa/part2_sa/part2_sa_v1.0/Vivado_Project/rtl/bev_edif_top.v:28]
WARNING: [Synth 8-3331] design dma_arbiter_stage has unconnected port clk
WARNING: [Synth 8-3331] design dma_arbiter_stage has unconnected port rst_n
WARNING: [Synth 8-3331] design sa_engine_int8 has unconnected port bev_z[7]
WARNING: [Synth 8-3331] design sa_engine_int8 has unconnected port bev_z[6]
WARNING: [Synth 8-3331] design sa_engine_int8 has unconnected port bev_z[5]
WARNING: [Synth 8-3331] design sa_engine_int8 has unconnected port bev_z[4]
WARNING: [Synth 8-3331] design sa_engine_int8 has unconnected port bev_z[3]
WARNING: [Synth 8-3331] design sa_engine_int8 has unconnected port bev_z[2]
WARNING: [Synth 8-3331] design sa_engine_int8 has unconnected port bev_z[1]
WARNING: [Synth 8-3331] design sa_engine_int8 has unconnected port bev_z[0]
WARNING: [Synth 8-3331] design pipeline_ctrl_group4 has unconnected port ext_mode[2]
WARNING: [Synth 8-3331] design pipeline_ctrl_group4 has unconnected port ext_mode[1]
WARNING: [Synth 8-3331] design pipeline_ctrl_group4 has unconnected port ext_mode[0]
WARNING: [Synth 8-3331] design pipeline_ctrl_group4 has unconnected port group_ctrl[31]
WARNING: [Synth 8-3331] design pipeline_ctrl_group4 has unconnected port group_ctrl[30]
WARNING: [Synth 8-3331] design pipeline_ctrl_group4 has unconnected port group_ctrl[29]
WARNING: [Synth 8-3331] design pipeline_ctrl_group4 has unconnected port group_ctrl[28]
WARNING: [Synth 8-3331] design pipeline_ctrl_group4 has unconnected port group_ctrl[27]
WARNING: [Synth 8-3331] design pipeline_ctrl_group4 has unconnected port group_ctrl[26]
WARNING: [Synth 8-3331] design pipeline_ctrl_group4 has unconnected port group_ctrl[25]
WARNING: [Synth 8-3331] design pipeline_ctrl_group4 has unconnected port group_ctrl[24]
WARNING: [Synth 8-3331] design pipeline_ctrl_group4 has unconnected port group_ctrl[23]
WARNING: [Synth 8-3331] design pipeline_ctrl_group4 has unconnected port group_ctrl[22]
WARNING: [Synth 8-3331] design pipeline_ctrl_group4 has unconnected port group_ctrl[21]
WARNING: [Synth 8-3331] design pipeline_ctrl_group4 has unconnected port group_ctrl[20]
WARNING: [Synth 8-3331] design pipeline_ctrl_group4 has unconnected port group_ctrl[19]
WARNING: [Synth 8-3331] design pipeline_ctrl_group4 has unconnected port group_ctrl[18]
WARNING: [Synth 8-3331] design pipeline_ctrl_group4 has unconnected port group_ctrl[17]
WARNING: [Synth 8-3331] design pipeline_ctrl_group4 has unconnected port group_ctrl[16]
WARNING: [Synth 8-3331] design pipeline_ctrl_group4 has unconnected port group_ctrl[15]
WARNING: [Synth 8-3331] design pipeline_ctrl_group4 has unconnected port group_ctrl[14]
WARNING: [Synth 8-3331] design pipeline_ctrl_group4 has unconnected port group_ctrl[13]
WARNING: [Synth 8-3331] design pipeline_ctrl_group4 has unconnected port group_ctrl[12]
WARNING: [Synth 8-3331] design pipeline_ctrl_group4 has unconnected port group_ctrl[11]
WARNING: [Synth 8-3331] design pipeline_ctrl_group4 has unconnected port group_ctrl[10]
WARNING: [Synth 8-3331] design pipeline_ctrl_group4 has unconnected port group_ctrl[9]
WARNING: [Synth 8-3331] design pipeline_ctrl_group4 has unconnected port group_ctrl[8]
WARNING: [Synth 8-3331] design pipeline_ctrl_group4 has unconnected port group_ctrl[7]
WARNING: [Synth 8-3331] design pipeline_ctrl_group4 has unconnected port group_ctrl[6]
WARNING: [Synth 8-3331] design pipeline_ctrl_group4 has unconnected port group_ctrl[5]
WARNING: [Synth 8-3331] design pipeline_ctrl_group4 has unconnected port group_ctrl[4]
WARNING: [Synth 8-3331] design pipeline_ctrl_group4 has unconnected port group_ctrl[3]
WARNING: [Synth 8-3331] design pipeline_ctrl_group4 has unconnected port group_ctrl[2]
WARNING: [Synth 8-3331] design pipeline_ctrl_group4 has unconnected port lut_base_addr[31]
WARNING: [Synth 8-3331] design pipeline_ctrl_group4 has unconnected port lut_base_addr[30]
WARNING: [Synth 8-3331] design pipeline_ctrl_group4 has unconnected port lut_base_addr[29]
WARNING: [Synth 8-3331] design pipeline_ctrl_group4 has unconnected port lut_base_addr[28]
WARNING: [Synth 8-3331] design pipeline_ctrl_group4 has unconnected port lut_base_addr[27]
WARNING: [Synth 8-3331] design pipeline_ctrl_group4 has unconnected port lut_base_addr[26]
WARNING: [Synth 8-3331] design pipeline_ctrl_group4 has unconnected port lut_base_addr[25]
WARNING: [Synth 8-3331] design pipeline_ctrl_group4 has unconnected port lut_base_addr[24]
WARNING: [Synth 8-3331] design pipeline_ctrl_group4 has unconnected port lut_base_addr[23]
WARNING: [Synth 8-3331] design pipeline_ctrl_group4 has unconnected port lut_base_addr[22]
WARNING: [Synth 8-3331] design pipeline_ctrl_group4 has unconnected port lut_base_addr[21]
WARNING: [Synth 8-3331] design pipeline_ctrl_group4 has unconnected port lut_base_addr[20]
WARNING: [Synth 8-3331] design pipeline_ctrl_group4 has unconnected port lut_base_addr[19]
WARNING: [Synth 8-3331] design pipeline_ctrl_group4 has unconnected port lut_base_addr[18]
WARNING: [Synth 8-3331] design pipeline_ctrl_group4 has unconnected port lut_base_addr[17]
WARNING: [Synth 8-3331] design pipeline_ctrl_group4 has unconnected port lut_base_addr[16]
WARNING: [Synth 8-3331] design pipeline_ctrl_group4 has unconnected port lut_base_addr[15]
WARNING: [Synth 8-3331] design pipeline_ctrl_group4 has unconnected port lut_base_addr[14]
WARNING: [Synth 8-3331] design pipeline_ctrl_group4 has unconnected port lut_base_addr[13]
WARNING: [Synth 8-3331] design pipeline_ctrl_group4 has unconnected port lut_base_addr[12]
WARNING: [Synth 8-3331] design pipeline_ctrl_group4 has unconnected port lut_base_addr[11]
WARNING: [Synth 8-3331] design pipeline_ctrl_group4 has unconnected port lut_base_addr[10]
WARNING: [Synth 8-3331] design pipeline_ctrl_group4 has unconnected port lut_base_addr[9]
WARNING: [Synth 8-3331] design pipeline_ctrl_group4 has unconnected port lut_base_addr[8]
WARNING: [Synth 8-3331] design pipeline_ctrl_group4 has unconnected port lut_base_addr[7]
WARNING: [Synth 8-3331] design pipeline_ctrl_group4 has unconnected port lut_base_addr[6]
WARNING: [Synth 8-3331] design pipeline_ctrl_group4 has unconnected port lut_base_addr[5]
WARNING: [Synth 8-3331] design pipeline_ctrl_group4 has unconnected port lut_base_addr[4]
WARNING: [Synth 8-3331] design pipeline_ctrl_group4 has unconnected port lut_base_addr[3]
WARNING: [Synth 8-3331] design pipeline_ctrl_group4 has unconnected port lut_base_addr[2]
WARNING: [Synth 8-3331] design pipeline_ctrl_group4 has unconnected port lut_base_addr[1]
WARNING: [Synth 8-3331] design pipeline_ctrl_group4 has unconnected port lut_base_addr[0]
WARNING: [Synth 8-3331] design pipeline_ctrl_group4 has unconnected port lut_size[31]
WARNING: [Synth 8-3331] design pipeline_ctrl_group4 has unconnected port lut_size[30]
WARNING: [Synth 8-3331] design pipeline_ctrl_group4 has unconnected port lut_size[29]
WARNING: [Synth 8-3331] design pipeline_ctrl_group4 has unconnected port lut_size[28]
WARNING: [Synth 8-3331] design pipeline_ctrl_group4 has unconnected port lut_size[27]
WARNING: [Synth 8-3331] design pipeline_ctrl_group4 has unconnected port lut_size[26]
WARNING: [Synth 8-3331] design pipeline_ctrl_group4 has unconnected port lut_size[25]
WARNING: [Synth 8-3331] design pipeline_ctrl_group4 has unconnected port lut_size[24]
WARNING: [Synth 8-3331] design pipeline_ctrl_group4 has unconnected port lut_size[23]
WARNING: [Synth 8-3331] design pipeline_ctrl_group4 has unconnected port lut_size[22]
WARNING: [Synth 8-3331] design pipeline_ctrl_group4 has unconnected port lut_size[21]
WARNING: [Synth 8-3331] design pipeline_ctrl_group4 has unconnected port lut_size[20]
WARNING: [Synth 8-3331] design pipeline_ctrl_group4 has unconnected port lut_size[19]
WARNING: [Synth 8-3331] design pipeline_ctrl_group4 has unconnected port lut_size[18]
WARNING: [Synth 8-3331] design pipeline_ctrl_group4 has unconnected port lut_size[17]
WARNING: [Synth 8-3331] design pipeline_ctrl_group4 has unconnected port lut_size[16]
WARNING: [Synth 8-3331] design pipeline_ctrl_group4 has unconnected port lut_size[15]
WARNING: [Synth 8-3331] design pipeline_ctrl_group4 has unconnected port lut_size[14]
WARNING: [Synth 8-3331] design pipeline_ctrl_group4 has unconnected port lut_size[13]
WARNING: [Synth 8-3331] design pipeline_ctrl_group4 has unconnected port lut_size[12]
WARNING: [Synth 8-3331] design pipeline_ctrl_group4 has unconnected port lut_size[11]
WARNING: [Synth 8-3331] design pipeline_ctrl_group4 has unconnected port lut_size[10]
WARNING: [Synth 8-3331] design pipeline_ctrl_group4 has unconnected port lut_size[9]
WARNING: [Synth 8-3331] design pipeline_ctrl_group4 has unconnected port lut_size[8]
WARNING: [Synth 8-3331] design pipeline_ctrl_group4 has unconnected port lut_size[7]
INFO: [Common 17-14] Message 'Synth 8-3331' appears 100 times and further instances of the messages will be disabled. Use the Tcl command set_msg_config to change the current settings.
---------------------------------------------------------------------------------
Finished RTL Elaboration : Time (s): cpu = 00:00:05 ; elapsed = 00:00:06 . Memory (MB): peak = 469.191 ; gain = 203.043
---------------------------------------------------------------------------------

Report Check Netlist: 
+------+------------------+-------+---------+-------+------------------+
|      |Item              |Errors |Warnings |Status |Description       |
+------+------------------+-------+---------+-------+------------------+
|1     |multi_driven_nets |      0|        0|Passed |Multi driven nets |
+------+------------------+-------+---------+-------+------------------+
---------------------------------------------------------------------------------
Start Handling Custom Attributes
---------------------------------------------------------------------------------
---------------------------------------------------------------------------------
Finished Handling Custom Attributes : Time (s): cpu = 00:00:06 ; elapsed = 00:00:07 . Memory (MB): peak = 469.191 ; gain = 203.043
---------------------------------------------------------------------------------
---------------------------------------------------------------------------------
Finished RTL Optimization Phase 1 : Time (s): cpu = 00:00:06 ; elapsed = 00:00:07 . Memory (MB): peak = 469.191 ; gain = 203.043
---------------------------------------------------------------------------------
INFO: [Device 21-403] Loading part xc7z030ffg676-2
INFO: [Project 1-570] Preparing netlist for logic optimization

Processing XDC Constraints
Initializing timing engine
Parsing XDC File [E:/experiment/¸´µ©Î¢/Fast-BEV/Fastbev2.0_sa/part2_sa/part2_sa_v1.0/Vivado_Project/constraints/ai7030.xdc]
CRITICAL WARNING: [Vivado 12-4430] You are lowering the severity from an ERROR. This can potentially lead to board damage or other functionality issues on hardware. If this is not desired, please run 'reset_property SEVERITY [get_drc_checks REQP-44]' to undo this change. [E:/experiment/¸´µ©Î¢/Fast-BEV/Fastbev2.0_sa/part2_sa/part2_sa_v1.0/Vivado_Project/constraints/ai7030.xdc:1]
CRITICAL WARNING: [Vivado 12-4430] You are lowering the severity from an ERROR. This can potentially lead to board damage or other functionality issues on hardware. If this is not desired, please run 'reset_property SEVERITY [get_drc_checks REQP-46]' to undo this change. [E:/experiment/¸´µ©Î¢/Fast-BEV/Fastbev2.0_sa/part2_sa/part2_sa_v1.0/Vivado_Project/constraints/ai7030.xdc:2]
CRITICAL WARNING: [Vivado 12-4430] You are lowering the severity from an ERROR. This can potentially lead to board damage or other functionality issues on hardware. If this is not desired, please run 'reset_property SEVERITY [get_drc_checks REQP-52]' to undo this change. [E:/experiment/¸´µ©Î¢/Fast-BEV/Fastbev2.0_sa/part2_sa/part2_sa_v1.0/Vivado_Project/constraints/ai7030.xdc:3]
CRITICAL WARNING: [Vivado 12-4430] You are lowering the severity from an ERROR. This can potentially lead to board damage or other functionality issues on hardware. If this is not desired, please run 'reset_property SEVERITY [get_drc_checks REQP-56]' to undo this change. [E:/experiment/¸´µ©Î¢/Fast-BEV/Fastbev2.0_sa/part2_sa/part2_sa_v1.0/Vivado_Project/constraints/ai7030.xdc:4]
Finished Parsing XDC File [E:/experiment/¸´µ©Î¢/Fast-BEV/Fastbev2.0_sa/part2_sa/part2_sa_v1.0/Vivado_Project/constraints/ai7030.xdc]
INFO: [Project 1-236] Implementation specific constraints were found while reading constraint file [E:/experiment/¸´µ©Î¢/Fast-BEV/Fastbev2.0_sa/part2_sa/part2_sa_v1.0/Vivado_Project/constraints/ai7030.xdc]. These constraints will be ignored for synthesis but will be used in implementation. Impacted constraints are listed in the file [.Xil/bev_edif_top_propImpl.xdc].
Resolution: To avoid this warning, move constraints listed in [.Xil/bev_edif_top_propImpl.xdc] to another XDC file and exclude this new file from synthesis with the used_in_synthesis property (File Properties dialog in GUI) and re-run elaboration/synthesis.
Parsing XDC File [E:/experiment/¸´µ©Î¢/Fast-BEV/Fastbev2.0_sa/part2_sa/part2_sa_v1.0/Vivado_Project/constraints/impl_constraints.xdc]
CRITICAL WARNING: [Vivado 12-613] Cannot find cell 'U0_ps_ai_wrap_demo/U0_ps_ai_peripheral/ps_ai_wrapper_u0/ps_ai_i/proc_sys_reset_0/U0' in current context, where current instance = '' and current design = 'preSynthElab_1' [E:/experiment/¸´µ©Î¢/Fast-BEV/Fastbev2.0_sa/part2_sa/part2_sa_v1.0/Vivado_Project/constraints/impl_constraints.xdc:68]
WARNING: [Vivado 12-508] No pins matched '*cdc_to*/D'. [E:/experiment/¸´µ©Î¢/Fast-BEV/Fastbev2.0_sa/part2_sa/part2_sa_v1.0/Vivado_Project/constraints/impl_constraints.xdc:69]
CRITICAL WARNING: [Vivado 12-613] Cannot find cell 'U0_ps_ai_wrap_demo/U0_ps_ai_peripheral/ps_ai_wrapper_u0/ps_ai_i/processing_system7_0/inst' in current context, where current instance = '' and current design = 'preSynthElab_1' [E:/experiment/¸´µ©Î¢/Fast-BEV/Fastbev2.0_sa/part2_sa/part2_sa_v1.0/Vivado_Project/constraints/impl_constraints.xdc:99]
WARNING: [Vivado 12-508] No pins matched 'PS7_i/FCLKCLK[0]'. [E:/experiment/¸´µ©Î¢/Fast-BEV/Fastbev2.0_sa/part2_sa/part2_sa_v1.0/Vivado_Project/constraints/impl_constraints.xdc:100]
CRITICAL WARNING: [Vivado 12-613] Cannot find cell 'U0_ps_ai_wrap_demo/U0_ps_ai_peripheral/ps_ai_wrapper_u0/ps_ai_i/proc_sys_reset_1/U0' in current context, where current instance = '' and current design = 'preSynthElab_1' [E:/experiment/¸´µ©Î¢/Fast-BEV/Fastbev2.0_sa/part2_sa/part2_sa_v1.0/Vivado_Project/constraints/impl_constraints.xdc:842]
WARNING: [Vivado 12-508] No pins matched '*cdc_to*/D'. [E:/experiment/¸´µ©Î¢/Fast-BEV/Fastbev2.0_sa/part2_sa/part2_sa_v1.0/Vivado_Project/constraints/impl_constraints.xdc:843]
CRITICAL WARNING: [Vivado 12-613] Cannot find cell 'U0_ps_ai_wrap_demo/U0_ps_ai_peripheral/ZGolo/u_AI_Mate_top/clkrst_wrapper_u0/AI_CORE_CLK/inst' in current context, where current instance = '' and current design = 'preSynthElab_1' [E:/experiment/¸´µ©Î¢/Fast-BEV/Fastbev2.0_sa/part2_sa/part2_sa_v1.0/Vivado_Project/constraints/impl_constraints.xdc:1468]
WARNING: [Vivado 12-180] No cells matched '*adv*'. [E:/experiment/¸´µ©Î¢/Fast-BEV/Fastbev2.0_sa/part2_sa/part2_sa_v1.0/Vivado_Project/constraints/impl_constraints.xdc:1469]
CRITICAL WARNING: [Vivado 12-613] Cannot find cell 'U0_ps_ai_wrap_demo/U0_ps_ai_peripheral/ps_ai_wrapper_u0/clk_wiz_0_inst/inst' in current context, where current instance = '' and current design = 'preSynthElab_1' [E:/experiment/¸´µ©Î¢/Fast-BEV/Fastbev2.0_sa/part2_sa/part2_sa_v1.0/Vivado_Project/constraints/impl_constraints.xdc:3489]
WARNING: [Vivado 12-180] No cells matched '*adv*'. [E:/experiment/¸´µ©Î¢/Fast-BEV/Fastbev2.0_sa/part2_sa/part2_sa_v1.0/Vivado_Project/constraints/impl_constraints.xdc:3490]
CRITICAL WARNING: [Vivado 12-613] Cannot find cell 'U0_ps_ai_wrap_demo/U0_ps_ai_peripheral/frame_to_ps_inst0/cmos_clkgen_742_5_u0/inst' in current context, where current instance = '' and current design = 'preSynthElab_1' [E:/experiment/¸´µ©Î¢/Fast-BEV/Fastbev2.0_sa/part2_sa/part2_sa_v1.0/Vivado_Project/constraints/impl_constraints.xdc:3561]
WARNING: [Vivado 12-4214] option '-scoped_to_current_instance' can't be used with top instance, ignoring this option. [E:/experiment/¸´µ©Î¢/Fast-BEV/Fastbev2.0_sa/part2_sa/part2_sa_v1.0/Vivado_Project/constraints/impl_constraints.xdc:3562]
WARNING: [Vivado 12-584] No ports matched 'clk_in1'. [E:/experiment/¸´µ©Î¢/Fast-BEV/Fastbev2.0_sa/part2_sa/part2_sa_v1.0/Vivado_Project/constraints/impl_constraints.xdc:3562]
WARNING: [Vivado 12-180] No cells matched '*adv*'. [E:/experiment/¸´µ©Î¢/Fast-BEV/Fastbev2.0_sa/part2_sa/part2_sa_v1.0/Vivado_Project/constraints/impl_constraints.xdc:3566]
CRITICAL WARNING: [Vivado 12-613] Cannot find cell 'rx_sdi_inst/mgtclk_inst0/inst' in current context, where current instance = '' and current design = 'preSynthElab_1' [E:/experiment/¸´µ©Î¢/Fast-BEV/Fastbev2.0_sa/part2_sa/part2_sa_v1.0/Vivado_Project/constraints/impl_constraints.xdc:4658]
WARNING: [Vivado 12-4214] option '-scoped_to_current_instance' can't be used with top instance, ignoring this option. [E:/experiment/¸´µ©Î¢/Fast-BEV/Fastbev2.0_sa/part2_sa/part2_sa_v1.0/Vivado_Project/constraints/impl_constraints.xdc:4659]
WARNING: [Vivado 12-584] No ports matched 'clk_in1'. [E:/experiment/¸´µ©Î¢/Fast-BEV/Fastbev2.0_sa/part2_sa/part2_sa_v1.0/Vivado_Project/constraints/impl_constraints.xdc:4659]
WARNING: [Vivado 12-180] No cells matched '*adv*'. [E:/experiment/¸´µ©Î¢/Fast-BEV/Fastbev2.0_sa/part2_sa/part2_sa_v1.0/Vivado_Project/constraints/impl_constraints.xdc:4663]
CRITICAL WARNING: [Vivado 12-613] Cannot find cell 'rx_sdi_inst/sys_clk_inst0/inst' in current context, where current instance = '' and current design = 'preSynthElab_1' [E:/experiment/¸´µ©Î¢/Fast-BEV/Fastbev2.0_sa/part2_sa/part2_sa_v1.0/Vivado_Project/constraints/impl_constraints.xdc:4883]
WARNING: [Vivado 12-180] No cells matched '*adv*'. [E:/experiment/¸´µ©Î¢/Fast-BEV/Fastbev2.0_sa/part2_sa/part2_sa_v1.0/Vivado_Project/constraints/impl_constraints.xdc:4884]
CRITICAL WARNING: [Vivado 12-613] Cannot find cell 'U0_ps_ai_wrap_demo/U0_ps_ai_peripheral/mig_ddr3_u0' in current context, where current instance = '' and current design = 'preSynthElab_1' [E:/experiment/¸´µ©Î¢/Fast-BEV/Fastbev2.0_sa/part2_sa/part2_sa_v1.0/Vivado_Project/constraints/impl_constraints.xdc:4924]
WARNING: [Vivado 12-508] No pins matched '*clk_ref_mmcm_gen.mmcm_i*CLKIN1'. [E:/experiment/¸´µ©Î¢/Fast-BEV/Fastbev2.0_sa/part2_sa/part2_sa_v1.0/Vivado_Project/constraints/impl_constraints.xdc:4925]
CRITICAL WARNING: [Vivado 12-613] Cannot find cell 'U0_ps_ai_wrap_demo/U0_ps_ai_peripheral/mig_ddr3_u0' in current context, where current instance = '' and current design = 'preSynthElab_1' [E:/experiment/¸´µ©Î¢/Fast-BEV/Fastbev2.0_sa/part2_sa/part2_sa_v1.0/Vivado_Project/constraints/impl_constraints.xdc:5498]
WARNING: [Vivado 12-180] No cells matched 'get_cells -hier -filter {NAME =~ */mc0/mc_read_idle_r_reg}'. [E:/experiment/¸´µ©Î¢/Fast-BEV/Fastbev2.0_sa/part2_sa/part2_sa_v1.0/Vivado_Project/constraints/impl_constraints.xdc:5557]
WARNING: [Vivado 12-180] No cells matched 'get_cells -hier -filter {NAME =~ */input_[?].iserdes_dq_.iserdesdq}'. [E:/experiment/¸´µ©Î¢/Fast-BEV/Fastbev2.0_sa/part2_sa/part2_sa_v1.0/Vivado_Project/constraints/impl_constraints.xdc:5557]
WARNING: [Designutils 20-1567] Use of 'set_multicycle_path' with '-hold' is not supported by synthesis. The constraint will not be passed to synthesis. [E:/experiment/¸´µ©Î¢/Fast-BEV/Fastbev2.0_sa/part2_sa/part2_sa_v1.0/Vivado_Project/constraints/impl_constraints.xdc:5558]
WARNING: [Vivado 12-180] No cells matched 'get_cells -hier -filter {REF_NAME == PHASER_IN_PHY}'. [E:/experiment/¸´µ©Î¢/Fast-BEV/Fastbev2.0_sa/part2_sa/part2_sa_v1.0/Vivado_Project/constraints/impl_constraints.xdc:5559]
WARNING: [Vivado 12-508] No pins matched 'get_pins -filter {NAME =~ */DQSFOUND} -of [get_cells -hier -filter {REF_NAME == PHASER_IN_PHY}]'. [E:/experiment/¸´µ©Î¢/Fast-BEV/Fastbev2.0_sa/part2_sa/part2_sa_v1.0/Vivado_Project/constraints/impl_constraints.xdc:5559]
WARNING: [Vivado 12-180] No cells matched 'get_cells -hier -filter {REF_NAME == PHASER_OUT_PHY}'. [E:/experiment/¸´µ©Î¢/Fast-BEV/Fastbev2.0_sa/part2_sa/part2_sa_v1.0/Vivado_Project/constraints/impl_constraints.xdc:5560]
WARNING: [Vivado 12-508] No pins matched 'get_pins -filter {NAME =~ */OSERDESRST} -of [get_cells -hier -filter {REF_NAME == PHASER_OUT_PHY}]'. [E:/experiment/¸´µ©Î¢/Fast-BEV/Fastbev2.0_sa/part2_sa/part2_sa_v1.0/Vivado_Project/constraints/impl_constraints.xdc:5560]
WARNING: [Designutils 20-1567] Use of 'set_multicycle_path' with '-hold' is not supported by synthesis. The constraint will not be passed to synthesis. [E:/experiment/¸´µ©Î¢/Fast-BEV/Fastbev2.0_sa/part2_sa/part2_sa_v1.0/Vivado_Project/constraints/impl_constraints.xdc:5561]
WARNING: [Vivado 12-1023] No nets matched for command 'get_nets -hier -filter {NAME =~ */u_iodelay_ctrl/sys_rst_i}'. [E:/experiment/¸´µ©Î¢/Fast-BEV/Fastbev2.0_sa/part2_sa/part2_sa_v1.0/Vivado_Project/constraints/impl_constraints.xdc:5566]
WARNING: [Vivado 12-508] No pins matched 'get_pins -hier -filter {NAME =~ */*infrastructure/init_calib_complete*0*/D}'. [E:/experiment/¸´µ©Î¢/Fast-BEV/Fastbev2.0_sa/part2_sa/part2_sa_v1.0/Vivado_Project/constraints/impl_constraints.xdc:5569]
WARNING: [Vivado 12-508] No pins matched 'get_pins -hier -filter {NAME =~ */*infrastructure/adj_flag_r1*/D}'. [E:/experiment/¸´µ©Î¢/Fast-BEV/Fastbev2.0_sa/part2_sa/part2_sa_v1.0/Vivado_Project/constraints/impl_constraints.xdc:5570]
WARNING: [Vivado 12-508] No pins matched 'get_pins -hier -filter {NAME =~ */*infrastructure/calib_error_r_reg[0]/D}'. [E:/experiment/¸´µ©Î¢/Fast-BEV/Fastbev2.0_sa/part2_sa/part2_sa_v1.0/Vivado_Project/constraints/impl_constraints.xdc:5571]
WARNING: [Vivado 12-584] No ports matched 'rx_gtx_full_reset'. [E:/experiment/¸´µ©Î¢/Fast-BEV/Fastbev2.0_sa/part2_sa/part2_sa_v1.0/Vivado_Project/constraints/impl_constraints.xdc:5594]
WARNING: [Vivado 12-584] No ports matched 'rx_gtx_full_reset'. [E:/experiment/¸´µ©Î¢/Fast-BEV/Fastbev2.0_sa/part2_sa/part2_sa_v1.0/Vivado_Project/constraints/impl_constraints.xdc:5595]
WARNING: [Constraints 18-619] A clock with name 'sys_clk_p' already exists, overwriting the previous clock with the same name. [E:/experiment/¸´µ©Î¢/Fast-BEV/Fastbev2.0_sa/part2_sa/part2_sa_v1.0/Vivado_Project/constraints/impl_constraints.xdc:5604]
WARNING: [Vivado 12-584] No ports matched 'FMC_HPC_DP0_M2C_N'. [E:/experiment/¸´µ©Î¢/Fast-BEV/Fastbev2.0_sa/part2_sa/part2_sa_v1.0/Vivado_Project/constraints/impl_constraints.xdc:5610]
WARNING: [Vivado 12-584] No ports matched 'FMC_HPC_DP0_M2C_P'. [E:/experiment/¸´µ©Î¢/Fast-BEV/Fastbev2.0_sa/part2_sa/part2_sa_v1.0/Vivado_Project/constraints/impl_constraints.xdc:5611]
WARNING: [Vivado 12-584] No ports matched 'FMC_HPC_GBTCLK0_M2C_C_P'. [E:/experiment/¸´µ©Î¢/Fast-BEV/Fastbev2.0_sa/part2_sa/part2_sa_v1.0/Vivado_Project/constraints/impl_constraints.xdc:5612]
WARNING: [Vivado 12-584] No ports matched 'FMC_HPC_GBTCLK0_M2C_C_P'. [E:/experiment/¸´µ©Î¢/Fast-BEV/Fastbev2.0_sa/part2_sa/part2_sa_v1.0/Vivado_Project/constraints/impl_constraints.xdc:5613]
WARNING: [Vivado 12-627] No clocks matched 'clk_out1_clk_wiz_0'. [E:/experiment/¸´µ©Î¢/Fast-BEV/Fastbev2.0_sa/part2_sa/part2_sa_v1.0/Vivado_Project/constraints/impl_constraints.xdc:5647]
INFO: [Vivado 12-626] No clocks found. Please use 'create_clock' or 'create_generated_clock' command to create clocks. [E:/experiment/¸´µ©Î¢/Fast-BEV/Fastbev2.0_sa/part2_sa/part2_sa_v1.0/Vivado_Project/constraints/impl_constraints.xdc:5647]
WARNING: [Vivado 12-627] No clocks matched 'clk_out2_clk_wiz_0'. [E:/experiment/¸´µ©Î¢/Fast-BEV/Fastbev2.0_sa/part2_sa/part2_sa_v1.0/Vivado_Project/constraints/impl_constraints.xdc:5647]
INFO: [Vivado 12-626] No clocks found. Please use 'create_clock' or 'create_generated_clock' command to create clocks. [E:/experiment/¸´µ©Î¢/Fast-BEV/Fastbev2.0_sa/part2_sa/part2_sa_v1.0/Vivado_Project/constraints/impl_constraints.xdc:5647]
WARNING: [Vivado 12-627] No clocks matched 'clk_out2_clk_wiz_0'. [E:/experiment/¸´µ©Î¢/Fast-BEV/Fastbev2.0_sa/part2_sa/part2_sa_v1.0/Vivado_Project/constraints/impl_constraints.xdc:5648]
INFO: [Vivado 12-626] No clocks found. Please use 'create_clock' or 'create_generated_clock' command to create clocks. [E:/experiment/¸´µ©Î¢/Fast-BEV/Fastbev2.0_sa/part2_sa/part2_sa_v1.0/Vivado_Project/constraints/impl_constraints.xdc:5648]
WARNING: [Vivado 12-627] No clocks matched 'clk_out1_clk_wiz_0'. [E:/experiment/¸´µ©Î¢/Fast-BEV/Fastbev2.0_sa/part2_sa/part2_sa_v1.0/Vivado_Project/constraints/impl_constraints.xdc:5648]
INFO: [Vivado 12-626] No clocks found. Please use 'create_clock' or 'create_generated_clock' command to create clocks. [E:/experiment/¸´µ©Î¢/Fast-BEV/Fastbev2.0_sa/part2_sa/part2_sa_v1.0/Vivado_Project/constraints/impl_constraints.xdc:5648]
WARNING: [Vivado 12-627] No clocks matched 'clk_out1_clk_wiz_0'. [E:/experiment/¸´µ©Î¢/Fast-BEV/Fastbev2.0_sa/part2_sa/part2_sa_v1.0/Vivado_Project/constraints/impl_constraints.xdc:5652]
INFO: [Vivado 12-626] No clocks found. Please use 'create_clock' or 'create_generated_clock' command to create clocks. [E:/experiment/¸´µ©Î¢/Fast-BEV/Fastbev2.0_sa/part2_sa/part2_sa_v1.0/Vivado_Project/constraints/impl_constraints.xdc:5652]
WARNING: [Vivado 12-627] No clocks matched 'clk_pll_i'. [E:/experiment/¸´µ©Î¢/Fast-BEV/Fastbev2.0_sa/part2_sa/part2_sa_v1.0/Vivado_Project/constraints/impl_constraints.xdc:5652]
INFO: [Vivado 12-626] No clocks found. Please use 'create_clock' or 'create_generated_clock' command to create clocks. [E:/experiment/¸´µ©Î¢/Fast-BEV/Fastbev2.0_sa/part2_sa/part2_sa_v1.0/Vivado_Project/constraints/impl_constraints.xdc:5652]
WARNING: [Vivado 12-627] No clocks matched 'clk_pll_i'. [E:/experiment/¸´µ©Î¢/Fast-BEV/Fastbev2.0_sa/part2_sa/part2_sa_v1.0/Vivado_Project/constraints/impl_constraints.xdc:5653]
INFO: [Vivado 12-626] No clocks found. Please use 'create_clock' or 'create_generated_clock' command to create clocks. [E:/experiment/¸´µ©Î¢/Fast-BEV/Fastbev2.0_sa/part2_sa/part2_sa_v1.0/Vivado_Project/constraints/impl_constraints.xdc:5653]
WARNING: [Vivado 12-627] No clocks matched 'clk_out1_clk_wiz_0'. [E:/experiment/¸´µ©Î¢/Fast-BEV/Fastbev2.0_sa/part2_sa/part2_sa_v1.0/Vivado_Project/constraints/impl_constraints.xdc:5653]
INFO: [Vivado 12-626] No clocks found. Please use 'create_clock' or 'create_generated_clock' command to create clocks. [E:/experiment/¸´µ©Î¢/Fast-BEV/Fastbev2.0_sa/part2_sa/part2_sa_v1.0/Vivado_Project/constraints/impl_constraints.xdc:5653]
WARNING: [Vivado 12-627] No clocks matched 'clk_out1_sys_clk'. [E:/experiment/¸´µ©Î¢/Fast-BEV/Fastbev2.0_sa/part2_sa/part2_sa_v1.0/Vivado_Project/constraints/impl_constraints.xdc:5656]
INFO: [Vivado 12-626] No clocks found. Please use 'create_clock' or 'create_generated_clock' command to create clocks. [E:/experiment/¸´µ©Î¢/Fast-BEV/Fastbev2.0_sa/part2_sa/part2_sa_v1.0/Vivado_Project/constraints/impl_constraints.xdc:5656]
WARNING: [Vivado 12-627] No clocks matched 'clk_out1_mgtclk'. [E:/experiment/¸´µ©Î¢/Fast-BEV/Fastbev2.0_sa/part2_sa/part2_sa_v1.0/Vivado_Project/constraints/impl_constraints.xdc:5656]
INFO: [Vivado 12-626] No clocks found. Please use 'create_clock' or 'create_generated_clock' command to create clocks. [E:/experiment/¸´µ©Î¢/Fast-BEV/Fastbev2.0_sa/part2_sa/part2_sa_v1.0/Vivado_Project/constraints/impl_constraints.xdc:5656]
CRITICAL WARNING: [Vivado 12-613] Cannot find cell 'U0_ps_ai_wrap_demo/U0_ps_ai_peripheral/frame_trans_inst0/axis_master_inst/afifo_24w_4096d_u0/U0' in current context, where current instance = '' and current design = 'preSynthElab_1' [E:/experiment/¸´µ©Î¢/Fast-BEV/Fastbev2.0_sa/part2_sa/part2_sa_v1.0/Vivado_Project/constraints/impl_constraints.xdc:5911]
WARNING: [Vivado 12-4214] option '-scoped_to_current_instance' can't be used with top instance, ignoring this option. [E:/experiment/¸´µ©Î¢/Fast-BEV/Fastbev2.0_sa/part2_sa/part2_sa_v1.0/Vivado_Project/constraints/impl_constraints.xdc:5912]
WARNING: [Vivado 12-584] No ports matched 'wr_clk'. [E:/experiment/¸´µ©Î¢/Fast-BEV/Fastbev2.0_sa/part2_sa/part2_sa_v1.0/Vivado_Project/constraints/impl_constraints.xdc:5912]
WARNING: [Vivado 12-830] No fanout objects found for 'all_fanout -from [get_ports -scoped_to_current_instance wr_clk] -flat -endpoints_only'. [E:/experiment/¸´µ©Î¢/Fast-BEV/Fastbev2.0_sa/part2_sa/part2_sa_v1.0/Vivado_Project/constraints/impl_constraints.xdc:5912]
WARNING: [Vivado 12-180] No cells matched 'get_cells -hierarchical -filter {NAME =~ *gdm.dm_gen.dm*/gpr1.dout_i_reg*}'. [E:/experiment/¸´µ©Î¢/Fast-BEV/Fastbev2.0_sa/part2_sa/part2_sa_v1.0/Vivado_Project/constraints/impl_constraints.xdc:5912]
CRITICAL WARNING: [Vivado 12-613] Cannot find cell 'U0_ps_ai_wrap_demo/U0_ps_ai_peripheral/ZGolo/u_AI_Mate_top/U0_ddr2hp_itcn/u0_ar_cdc_fifo_ddr/u0_cdc_fifo_ar_64/U0' in current context, where current instance = '' and current design = 'preSynthElab_1' [E:/experiment/¸´µ©Î¢/Fast-BEV/Fastbev2.0_sa/part2_sa/part2_sa_v1.0/Vivado_Project/constraints/impl_constraints.xdc:5989]
WARNING: [Vivado 12-4214] option '-scoped_to_current_instance' can't be used with top instance, ignoring this option. [E:/experiment/¸´µ©Î¢/Fast-BEV/Fastbev2.0_sa/part2_sa/part2_sa_v1.0/Vivado_Project/constraints/impl_constraints.xdc:5990]
WARNING: [Vivado 12-584] No ports matched 'wr_clk'. [E:/experiment/¸´µ©Î¢/Fast-BEV/Fastbev2.0_sa/part2_sa/part2_sa_v1.0/Vivado_Project/constraints/impl_constraints.xdc:5990]
WARNING: [Vivado 12-830] No fanout objects found for 'all_fanout -from [get_ports -scoped_to_current_instance wr_clk] -flat -endpoints_only'. [E:/experiment/¸´µ©Î¢/Fast-BEV/Fastbev2.0_sa/part2_sa/part2_sa_v1.0/Vivado_Project/constraints/impl_constraints.xdc:5990]
WARNING: [Vivado 12-180] No cells matched 'get_cells -hierarchical -filter {NAME =~ *gdm.dm_gen.dm*/gpr1.dout_i_reg*}'. [E:/experiment/¸´µ©Î¢/Fast-BEV/Fastbev2.0_sa/part2_sa/part2_sa_v1.0/Vivado_Project/constraints/impl_constraints.xdc:5990]
CRITICAL WARNING: [Vivado 12-613] Cannot find cell 'U0_ps_ai_wrap_demo/U0_ps_ai_peripheral/ZGolo/u_AI_Mate_top/U0_ddr2hp_itcn/u0_aw_cdc_fifo_ddr/u0_cdc_fifo_aw_616/U0' in current context, where current instance = '' and current design = 'preSynthElab_1' [E:/experiment/¸´µ©Î¢/Fast-BEV/Fastbev2.0_sa/part2_sa/part2_sa_v1.0/Vivado_Project/constraints/impl_constraints.xdc:6067]
WARNING: [Vivado 12-4214] option '-scoped_to_current_instance' can't be used with top instance, ignoring this option. [E:/experiment/¸´µ©Î¢/Fast-BEV/Fastbev2.0_sa/part2_sa/part2_sa_v1.0/Vivado_Project/constraints/impl_constraints.xdc:6068]
WARNING: [Vivado 12-584] No ports matched 'wr_clk'. [E:/experiment/¸´µ©Î¢/Fast-BEV/Fastbev2.0_sa/part2_sa/part2_sa_v1.0/Vivado_Project/constraints/impl_constraints.xdc:6068]
WARNING: [Vivado 12-830] No fanout objects found for 'all_fanout -from [get_ports -scoped_to_current_instance wr_clk] -flat -endpoints_only'. [E:/experiment/¸´µ©Î¢/Fast-BEV/Fastbev2.0_sa/part2_sa/part2_sa_v1.0/Vivado_Project/constraints/impl_constraints.xdc:6068]
WARNING: [Vivado 12-180] No cells matched 'get_cells -hierarchical -filter {NAME =~ *gdm.dm_gen.dm*/gpr1.dout_i_reg*}'. [E:/experiment/¸´µ©Î¢/Fast-BEV/Fastbev2.0_sa/part2_sa/part2_sa_v1.0/Vivado_Project/constraints/impl_constraints.xdc:6068]
CRITICAL WARNING: [Vivado 12-613] Cannot find cell 'U0_ps_ai_wrap_demo/U0_ps_ai_peripheral/ZGolo/u_AI_Mate_top/U0_ddr2hp_itcn/u0_r_cdc_fifo_ddr/u0_cdc_fifo_r_544/U0' in current context, where current instance = '' and current design = 'preSynthElab_1' [E:/experiment/¸´µ©Î¢/Fast-BEV/Fastbev2.0_sa/part2_sa/part2_sa_v1.0/Vivado_Project/constraints/impl_constraints.xdc:6204]
WARNING: [Vivado 12-4214] option '-scoped_to_current_instance' can't be used with top instance, ignoring this option. [E:/experiment/¸´µ©Î¢/Fast-BEV/Fastbev2.0_sa/part2_sa/part2_sa_v1.0/Vivado_Project/constraints/impl_constraints.xdc:6205]
WARNING: [Vivado 12-584] No ports matched 'wr_clk'. [E:/experiment/¸´µ©Î¢/Fast-BEV/Fastbev2.0_sa/part2_sa/part2_sa_v1.0/Vivado_Project/constraints/impl_constraints.xdc:6205]
WARNING: [Vivado 12-830] No fanout objects found for 'all_fanout -from [get_ports -scoped_to_current_instance wr_clk] -flat -endpoints_only'. [E:/experiment/¸´µ©Î¢/Fast-BEV/Fastbev2.0_sa/part2_sa/part2_sa_v1.0/Vivado_Project/constraints/impl_constraints.xdc:6205]
WARNING: [Vivado 12-180] No cells matched 'get_cells -hierarchical -filter {NAME =~ *gdm.dm_gen.dm*/gpr1.dout_i_reg*}'. [E:/experiment/¸´µ©Î¢/Fast-BEV/Fastbev2.0_sa/part2_sa/part2_sa_v1.0/Vivado_Project/constraints/impl_constraints.xdc:6205]
CRITICAL WARNING: [Vivado 12-613] Cannot find cell 'U0_ps_ai_wrap_demo/U0_ps_ai_peripheral/ZGolo/u_AI_Mate_top/U0_ddr2hp_itcn/u0_aw_cdc_fifo_ddr/u0_cdc_fifo_aw_616/U0' in current context, where current instance = '' and current design = 'preSynthElab_1' [E:/experiment/¸´µ©Î¢/Fast-BEV/Fastbev2.0_sa/part2_sa/part2_sa_v1.0/Vivado_Project/constraints/impl_constraints.xdc:6282]
WARNING: [Vivado 12-4214] option '-scoped_to_current_instance' can't be used with top instance, ignoring this option. [E:/experiment/¸´µ©Î¢/Fast-BEV/Fastbev2.0_sa/part2_sa/part2_sa_v1.0/Vivado_Project/constraints/impl_constraints.xdc:6283]
WARNING: [Vivado 12-584] No ports matched 'wr_clk'. [E:/experiment/¸´µ©Î¢/Fast-BEV/Fastbev2.0_sa/part2_sa/part2_sa_v1.0/Vivado_Project/constraints/impl_constraints.xdc:6283]
WARNING: [Vivado 12-830] No fanout objects found for 'all_fanout -from [get_ports -scoped_to_current_instance wr_clk] -flat -endpoints_only'. [E:/experiment/¸´µ©Î¢/Fast-BEV/Fastbev2.0_sa/part2_sa/part2_sa_v1.0/Vivado_Project/constraints/impl_constraints.xdc:6283]
WARNING: [Vivado 12-180] No cells matched 'get_cells -hierarchical -filter {NAME =~ *gdm.dm_gen.dm*/gpr1.dout_i_reg*}'. [E:/experiment/¸´µ©Î¢/Fast-BEV/Fastbev2.0_sa/part2_sa/part2_sa_v1.0/Vivado_Project/constraints/impl_constraints.xdc:6283]
CRITICAL WARNING: [Vivado 12-613] Cannot find cell 'U0_ps_ai_wrap_demo/U0_ps_ai_peripheral/ZGolo/u_AI_Mate_top/U0_ddr2hp_itcn/u0_ar_cdc_fifo_ddr/u0_cdc_fifo_ar_64/U0' in current context, where current instance = '' and current design = 'preSynthElab_1' [E:/experiment/¸´µ©Î¢/Fast-BEV/Fastbev2.0_sa/part2_sa/part2_sa_v1.0/Vivado_Project/constraints/impl_constraints.xdc:6360]
WARNING: [Vivado 12-4214] option '-scoped_to_current_instance' can't be used with top instance, ignoring this option. [E:/experiment/¸´µ©Î¢/Fast-BEV/Fastbev2.0_sa/part2_sa/part2_sa_v1.0/Vivado_Project/constraints/impl_constraints.xdc:6361]
WARNING: [Vivado 12-584] No ports matched 'wr_clk'. [E:/experiment/¸´µ©Î¢/Fast-BEV/Fastbev2.0_sa/part2_sa/part2_sa_v1.0/Vivado_Project/constraints/impl_constraints.xdc:6361]
WARNING: [Vivado 12-830] No fanout objects found for 'all_fanout -from [get_ports -scoped_to_current_instance wr_clk] -flat -endpoints_only'. [E:/experiment/¸´µ©Î¢/Fast-BEV/Fastbev2.0_sa/part2_sa/part2_sa_v1.0/Vivado_Project/constraints/impl_constraints.xdc:6361]
WARNING: [Vivado 12-180] No cells matched 'get_cells -hierarchical -filter {NAME =~ *gdm.dm_gen.dm*/gpr1.dout_i_reg*}'. [E:/experiment/¸´µ©Î¢/Fast-BEV/Fastbev2.0_sa/part2_sa/part2_sa_v1.0/Vivado_Project/constraints/impl_constraints.xdc:6361]
CRITICAL WARNING: [Vivado 12-613] Cannot find cell 'U0_ps_ai_wrap_demo/U0_ps_ai_peripheral/ZGolo/u_AI_Mate_top/U0_ddr2hp_itcn/u0_r_cdc_fifo_ddr/u0_cdc_fifo_r_544/U0' in current context, where current instance = '' and current design = 'preSynthElab_1' [E:/experiment/¸´µ©Î¢/Fast-BEV/Fastbev2.0_sa/part2_sa/part2_sa_v1.0/Vivado_Project/constraints/impl_constraints.xdc:6718]
WARNING: [Vivado 12-4214] option '-scoped_to_current_instance' can't be used with top instance, ignoring this option. [E:/experiment/¸´µ©Î¢/Fast-BEV/Fastbev2.0_sa/part2_sa/part2_sa_v1.0/Vivado_Project/constraints/impl_constraints.xdc:6719]
WARNING: [Vivado 12-584] No ports matched 'wr_clk'. [E:/experiment/¸´µ©Î¢/Fast-BEV/Fastbev2.0_sa/part2_sa/part2_sa_v1.0/Vivado_Project/constraints/impl_constraints.xdc:6719]
WARNING: [Vivado 12-830] No fanout objects found for 'all_fanout -from [get_ports -scoped_to_current_instance wr_clk] -flat -endpoints_only'. [E:/experiment/¸´µ©Î¢/Fast-BEV/Fastbev2.0_sa/part2_sa/part2_sa_v1.0/Vivado_Project/constraints/impl_constraints.xdc:6719]
WARNING: [Vivado 12-180] No cells matched 'get_cells -hierarchical -filter {NAME =~ *gdm.dm_gen.dm*/gpr1.dout_i_reg*}'. [E:/experiment/¸´µ©Î¢/Fast-BEV/Fastbev2.0_sa/part2_sa/part2_sa_v1.0/Vivado_Project/constraints/impl_constraints.xdc:6719]
CRITICAL WARNING: [Vivado 12-613] Cannot find cell 'U0_ps_ai_wrap_demo/U0_ps_ai_peripheral/frame_trans_inst0/axis_master_inst/afifo_24w_4096d_u0/U0/inst_fifo_gen/gconvfifo.rf/grf.rf/rstblk/ngwrdrst.grst.g7serrst.gnsckt_wrst.gic_rst.rst_rd_reg2_inst' in current context, where current instance = '' and current design = 'preSynthElab_1' [E:/experiment/¸´µ©Î¢/Fast-BEV/Fastbev2.0_sa/part2_sa/part2_sa_v1.0/Vivado_Project/constraints/impl_constraints.xdc:6872]
WARNING: [Vivado 12-4214] option '-scoped_to_current_instance' can't be used with top instance, ignoring this option. [E:/experiment/¸´µ©Î¢/Fast-BEV/Fastbev2.0_sa/part2_sa/part2_sa_v1.0/Vivado_Project/constraints/impl_constraints.xdc:6873]
WARNING: [Vivado 12-584] No ports matched 'src_arst'. [E:/experiment/¸´µ©Î¢/Fast-BEV/Fastbev2.0_sa/part2_sa/part2_sa_v1.0/Vivado_Project/constraints/impl_constraints.xdc:6873]
CRITICAL WARNING: [Vivado 12-613] Cannot find cell 'U0_ps_ai_wrap_demo/U0_ps_ai_peripheral/frame_trans_inst0/axis_master_inst/afifo_24w_4096d_u0/U0/inst_fifo_gen/gconvfifo.rf/grf.rf/rstblk/ngwrdrst.grst.g7serrst.gnsckt_wrst.rst_wr_reg2_inst' in current context, where current instance = '' and current design = 'preSynthElab_1' [E:/experiment/¸´µ©Î¢/Fast-BEV/Fastbev2.0_sa/part2_sa/part2_sa_v1.0/Vivado_Project/constraints/impl_constraints.xdc:6878]
WARNING: [Vivado 12-4214] option '-scoped_to_current_instance' can't be used with top instance, ignoring this option. [E:/experiment/¸´µ©Î¢/Fast-BEV/Fastbev2.0_sa/part2_sa/part2_sa_v1.0/Vivado_Project/constraints/impl_constraints.xdc:6879]
WARNING: [Vivado 12-584] No ports matched 'src_arst'. [E:/experiment/¸´µ©Î¢/Fast-BEV/Fastbev2.0_sa/part2_sa/part2_sa_v1.0/Vivado_Project/constraints/impl_constraints.xdc:6879]
CRITICAL WARNING: [Vivado 12-613] Cannot find cell 'U0_ps_ai_wrap_demo/U0_ps_ai_peripheral/ZGolo/u_AI_Mate_top/U0_ddr2hp_itcn/u0_ar_cdc_fifo_ddr/u0_cdc_fifo_ar_64/U0/inst_fifo_gen/gconvfifo.rf/grf.rf/rstblk/ngwrdrst.grst.g7serrst.gnsckt_wrst.gic_rst.rst_rd_reg2_inst' in current context, where current instance = '' and current design = 'preSynthElab_1' [E:/experiment/¸´µ©Î¢/Fast-BEV/Fastbev2.0_sa/part2_sa/part2_sa_v1.0/Vivado_Project/constraints/impl_constraints.xdc:6884]
WARNING: [Vivado 12-4214] option '-scoped_to_current_instance' can't be used with top instance, ignoring this option. [E:/experiment/¸´µ©Î¢/Fast-BEV/Fastbev2.0_sa/part2_sa/part2_sa_v1.0/Vivado_Project/constraints/impl_constraints.xdc:6885]
WARNING: [Vivado 12-584] No ports matched 'src_arst'. [E:/experiment/¸´µ©Î¢/Fast-BEV/Fastbev2.0_sa/part2_sa/part2_sa_v1.0/Vivado_Project/constraints/impl_constraints.xdc:6885]
CRITICAL WARNING: [Vivado 12-613] Cannot find cell 'U0_ps_ai_wrap_demo/U0_ps_ai_peripheral/ZGolo/u_AI_Mate_top/U0_ddr2hp_itcn/u0_ar_cdc_fifo_ddr/u0_cdc_fifo_ar_64/U0/inst_fifo_gen/gconvfifo.rf/grf.rf/rstblk/ngwrdrst.grst.g7serrst.gnsckt_wrst.rst_wr_reg2_inst' in current context, where current instance = '' and current design = 'preSynthElab_1' [E:/experiment/¸´µ©Î¢/Fast-BEV/Fastbev2.0_sa/part2_sa/part2_sa_v1.0/Vivado_Project/constraints/impl_constraints.xdc:6890]
WARNING: [Vivado 12-4214] option '-scoped_to_current_instance' can't be used with top instance, ignoring this option. [E:/experiment/¸´µ©Î¢/Fast-BEV/Fastbev2.0_sa/part2_sa/part2_sa_v1.0/Vivado_Project/constraints/impl_constraints.xdc:6891]
WARNING: [Vivado 12-584] No ports matched 'src_arst'. [E:/experiment/¸´µ©Î¢/Fast-BEV/Fastbev2.0_sa/part2_sa/part2_sa_v1.0/Vivado_Project/constraints/impl_constraints.xdc:6891]
CRITICAL WARNING: [Vivado 12-613] Cannot find cell 'U0_ps_ai_wrap_demo/U0_ps_ai_peripheral/ZGolo/u_AI_Mate_top/U0_ddr2hp_itcn/u0_aw_cdc_fifo_ddr/u0_cdc_fifo_aw_616/U0/inst_fifo_gen/gconvfifo.rf/grf.rf/rstblk/ngwrdrst.grst.g7serrst.gnsckt_wrst.gic_rst.rst_rd_reg2_inst' in current context, where current instance = '' and current design = 'preSynthElab_1' [E:/experiment/¸´µ©Î¢/Fast-BEV/Fastbev2.0_sa/part2_sa/part2_sa_v1.0/Vivado_Project/constraints/impl_constraints.xdc:6896]
WARNING: [Vivado 12-4214] option '-scoped_to_current_instance' can't be used with top instance, ignoring this option. [E:/experiment/¸´µ©Î¢/Fast-BEV/Fastbev2.0_sa/part2_sa/part2_sa_v1.0/Vivado_Project/constraints/impl_constraints.xdc:6897]
WARNING: [Vivado 12-584] No ports matched 'src_arst'. [E:/experiment/¸´µ©Î¢/Fast-BEV/Fastbev2.0_sa/part2_sa/part2_sa_v1.0/Vivado_Project/constraints/impl_constraints.xdc:6897]
CRITICAL WARNING: [Vivado 12-613] Cannot find cell 'U0_ps_ai_wrap_demo/U0_ps_ai_peripheral/ZGolo/u_AI_Mate_top/U0_ddr2hp_itcn/u0_aw_cdc_fifo_ddr/u0_cdc_fifo_aw_616/U0/inst_fifo_gen/gconvfifo.rf/grf.rf/rstblk/ngwrdrst.grst.g7serrst.gnsckt_wrst.rst_wr_reg2_inst' in current context, where current instance = '' and current design = 'preSynthElab_1' [E:/experiment/¸´µ©Î¢/Fast-BEV/Fastbev2.0_sa/part2_sa/part2_sa_v1.0/Vivado_Project/constraints/impl_constraints.xdc:6902]
WARNING: [Vivado 12-4214] option '-scoped_to_current_instance' can't be used with top instance, ignoring this option. [E:/experiment/¸´µ©Î¢/Fast-BEV/Fastbev2.0_sa/part2_sa/part2_sa_v1.0/Vivado_Project/constraints/impl_constraints.xdc:6903]
WARNING: [Vivado 12-584] No ports matched 'src_arst'. [E:/experiment/¸´µ©Î¢/Fast-BEV/Fastbev2.0_sa/part2_sa/part2_sa_v1.0/Vivado_Project/constraints/impl_constraints.xdc:6903]
CRITICAL WARNING: [Vivado 12-613] Cannot find cell 'U0_ps_ai_wrap_demo/U0_ps_ai_peripheral/ZGolo/u_AI_Mate_top/U0_ddr2hp_itcn/u0_r_cdc_fifo_ddr/u0_cdc_fifo_r_544/U0/inst_fifo_gen/gconvfifo.rf/grf.rf/rstblk/ngwrdrst.grst.g7serrst.gnsckt_wrst.gic_rst.rst_rd_reg2_inst' in current context, where current instance = '' and current design = 'preSynthElab_1' [E:/experiment/¸´µ©Î¢/Fast-BEV/Fastbev2.0_sa/part2_sa/part2_sa_v1.0/Vivado_Project/constraints/impl_constraints.xdc:6908]
WARNING: [Vivado 12-4214] option '-scoped_to_current_instance' can't be used with top instance, ignoring this option. [E:/experiment/¸´µ©Î¢/Fast-BEV/Fastbev2.0_sa/part2_sa/part2_sa_v1.0/Vivado_Project/constraints/impl_constraints.xdc:6909]
WARNING: [Vivado 12-584] No ports matched 'src_arst'. [E:/experiment/¸´µ©Î¢/Fast-BEV/Fastbev2.0_sa/part2_sa/part2_sa_v1.0/Vivado_Project/constraints/impl_constraints.xdc:6909]
CRITICAL WARNING: [Vivado 12-613] Cannot find cell 'U0_ps_ai_wrap_demo/U0_ps_ai_peripheral/ZGolo/u_AI_Mate_top/U0_ddr2hp_itcn/u0_r_cdc_fifo_ddr/u0_cdc_fifo_r_544/U0/inst_fifo_gen/gconvfifo.rf/grf.rf/rstblk/ngwrdrst.grst.g7serrst.gnsckt_wrst.rst_wr_reg2_inst' in current context, where current instance = '' and current design = 'preSynthElab_1' [E:/experiment/¸´µ©Î¢/Fast-BEV/Fastbev2.0_sa/part2_sa/part2_sa_v1.0/Vivado_Project/constraints/impl_constraints.xdc:6914]
WARNING: [Vivado 12-4214] option '-scoped_to_current_instance' can't be used with top instance, ignoring this option. [E:/experiment/¸´µ©Î¢/Fast-BEV/Fastbev2.0_sa/part2_sa/part2_sa_v1.0/Vivado_Project/constraints/impl_constraints.xdc:6915]
WARNING: [Vivado 12-584] No ports matched 'src_arst'. [E:/experiment/¸´µ©Î¢/Fast-BEV/Fastbev2.0_sa/part2_sa/part2_sa_v1.0/Vivado_Project/constraints/impl_constraints.xdc:6915]
CRITICAL WARNING: [Vivado 12-613] Cannot find cell 'U0_ps_ai_wrap_demo/U0_ps_ai_peripheral/frame_to_ps_inst0/cmos_write_req_gen_m0/rindex_buf_2b_16w_u0/U0/inst_fifo_gen/gconvfifo.rf/grf.rf/rstblk/ngwrdrst.grst.g7serrst.gnsckt_wrst.gic_rst.rst_rd_reg2_inst' in current context, where current instance = '' and current design = 'preSynthElab_1' [E:/experiment/¸´µ©Î¢/Fast-BEV/Fastbev2.0_sa/part2_sa/part2_sa_v1.0/Vivado_Project/constraints/impl_constraints.xdc:6920]
WARNING: [Vivado 12-4214] option '-scoped_to_current_instance' can't be used with top instance, ignoring this option. [E:/experiment/¸´µ©Î¢/Fast-BEV/Fastbev2.0_sa/part2_sa/part2_sa_v1.0/Vivado_Project/constraints/impl_constraints.xdc:6921]
WARNING: [Vivado 12-584] No ports matched 'src_arst'. [E:/experiment/¸´µ©Î¢/Fast-BEV/Fastbev2.0_sa/part2_sa/part2_sa_v1.0/Vivado_Project/constraints/impl_constraints.xdc:6921]
CRITICAL WARNING: [Vivado 12-613] Cannot find cell 'U0_ps_ai_wrap_demo/U0_ps_ai_peripheral/frame_to_ps_inst0/cmos_write_req_gen_m0/rindex_buf_2b_16w_u0/U0/inst_fifo_gen/gconvfifo.rf/grf.rf/rstblk/ngwrdrst.grst.g7serrst.gnsckt_wrst.rst_wr_reg2_inst' in current context, where current instance = '' and current design = 'preSynthElab_1' [E:/experiment/¸´µ©Î¢/Fast-BEV/Fastbev2.0_sa/part2_sa/part2_sa_v1.0/Vivado_Project/constraints/impl_constraints.xdc:6926]
WARNING: [Vivado 12-4214] option '-scoped_to_current_instance' can't be used with top instance, ignoring this option. [E:/experiment/¸´µ©Î¢/Fast-BEV/Fastbev2.0_sa/part2_sa/part2_sa_v1.0/Vivado_Project/constraints/impl_constraints.xdc:6927]
WARNING: [Vivado 12-584] No ports matched 'src_arst'. [E:/experiment/¸´µ©Î¢/Fast-BEV/Fastbev2.0_sa/part2_sa/part2_sa_v1.0/Vivado_Project/constraints/impl_constraints.xdc:6927]
CRITICAL WARNING: [Vivado 12-613] Cannot find cell 'U0_ps_ai_wrap_demo/U0_ps_ai_peripheral/frame_to_ps_inst0/cmos_write_req_gen_m0/windex_buf_2b_16w_u0/U0/inst_fifo_gen/gconvfifo.rf/grf.rf/rstblk/ngwrdrst.grst.g7serrst.gnsckt_wrst.gic_rst.rst_rd_reg2_inst' in current context, where current instance = '' and current design = 'preSynthElab_1' [E:/experiment/¸´µ©Î¢/Fast-BEV/Fastbev2.0_sa/part2_sa/part2_sa_v1.0/Vivado_Project/constraints/impl_constraints.xdc:6932]
WARNING: [Vivado 12-4214] option '-scoped_to_current_instance' can't be used with top instance, ignoring this option. [E:/experiment/¸´µ©Î¢/Fast-BEV/Fastbev2.0_sa/part2_sa/part2_sa_v1.0/Vivado_Project/constraints/impl_constraints.xdc:6933]
WARNING: [Vivado 12-584] No ports matched 'src_arst'. [E:/experiment/¸´µ©Î¢/Fast-BEV/Fastbev2.0_sa/part2_sa/part2_sa_v1.0/Vivado_Project/constraints/impl_constraints.xdc:6933]
CRITICAL WARNING: [Vivado 12-613] Cannot find cell 'U0_ps_ai_wrap_demo/U0_ps_ai_peripheral/frame_to_ps_inst0/cmos_write_req_gen_m0/windex_buf_2b_16w_u0/U0/inst_fifo_gen/gconvfifo.rf/grf.rf/rstblk/ngwrdrst.grst.g7serrst.gnsckt_wrst.rst_wr_reg2_inst' in current context, where current instance = '' and current design = 'preSynthElab_1' [E:/experiment/¸´µ©Î¢/Fast-BEV/Fastbev2.0_sa/part2_sa/part2_sa_v1.0/Vivado_Project/constraints/impl_constraints.xdc:6938]
WARNING: [Vivado 12-4214] option '-scoped_to_current_instance' can't be used with top instance, ignoring this option. [E:/experiment/¸´µ©Î¢/Fast-BEV/Fastbev2.0_sa/part2_sa/part2_sa_v1.0/Vivado_Project/constraints/impl_constraints.xdc:6939]
WARNING: [Vivado 12-584] No ports matched 'src_arst'. [E:/experiment/¸´µ©Î¢/Fast-BEV/Fastbev2.0_sa/part2_sa/part2_sa_v1.0/Vivado_Project/constraints/impl_constraints.xdc:6939]
CRITICAL WARNING: [Vivado 12-613] Cannot find cell 'U0_ps_ai_wrap_demo/U0_ps_ai_peripheral/frame_to_ps_inst0/frame_read_write_m0/write_buf/U0/inst_fifo_gen/gconvfifo.rf/grf.rf/rstblk/ngwrdrst.grst.g7serrst.gsckt_wrst.gic_rst.xpm_cdc_sync_rst_inst_wrst' in current context, where current instance = '' and current design = 'preSynthElab_1' [E:/experiment/¸´µ©Î¢/Fast-BEV/Fastbev2.0_sa/part2_sa/part2_sa_v1.0/Vivado_Project/constraints/impl_constraints.xdc:7151]
WARNING: [Vivado 12-180] No cells matched 'syncstages_ff_reg[0]'. [E:/experiment/¸´µ©Î¢/Fast-BEV/Fastbev2.0_sa/part2_sa/part2_sa_v1.0/Vivado_Project/constraints/impl_constraints.xdc:7152]
CRITICAL WARNING: [Vivado 12-613] Cannot find cell 'U0_ps_ai_wrap_demo/U0_ps_ai_peripheral/frame_to_ps_inst0/frame_read_write_m0/write_buf/U0/inst_fifo_gen/gconvfifo.rf/grf.rf/rstblk/ngwrdrst.grst.g7serrst.gsckt_wrst.xpm_cdc_sync_rst_inst_wrst' in current context, where current instance = '' and current design = 'preSynthElab_1' [E:/experiment/¸´µ©Î¢/Fast-BEV/Fastbev2.0_sa/part2_sa/part2_sa_v1.0/Vivado_Project/constraints/impl_constraints.xdc:7157]
WARNING: [Vivado 12-180] No cells matched 'syncstages_ff_reg[0]'. [E:/experiment/¸´µ©Î¢/Fast-BEV/Fastbev2.0_sa/part2_sa/part2_sa_v1.0/Vivado_Project/constraints/impl_constraints.xdc:7158]
CRITICAL WARNING: [Vivado 12-613] Cannot find cell 'U0_ps_ai_wrap_demo/U0_ps_ai_peripheral/frame_to_ps_inst0/frame_read_write_m0/read_buf/U0/inst_fifo_gen/gconvfifo.rf/grf.rf/rstblk/ngwrdrst.grst.g7serrst.gsckt_wrst.gic_rst.xpm_cdc_sync_rst_inst_wrst' in current context, where current instance = '' and current design = 'preSynthElab_1' [E:/experiment/¸´µ©Î¢/Fast-BEV/Fastbev2.0_sa/part2_sa/part2_sa_v1.0/Vivado_Project/constraints/impl_constraints.xdc:7166]
WARNING: [Vivado 12-180] No cells matched 'syncstages_ff_reg[0]'. [E:/experiment/¸´µ©Î¢/Fast-BEV/Fastbev2.0_sa/part2_sa/part2_sa_v1.0/Vivado_Project/constraints/impl_constraints.xdc:7167]
CRITICAL WARNING: [Vivado 12-613] Cannot find cell 'U0_ps_ai_wrap_demo/U0_ps_ai_peripheral/frame_to_ps_inst0/frame_read_write_m0/read_buf/U0/inst_fifo_gen/gconvfifo.rf/grf.rf/rstblk/ngwrdrst.grst.g7serrst.gsckt_wrst.xpm_cdc_sync_rst_inst_wrst' in current context, where current instance = '' and current design = 'preSynthElab_1' [E:/experiment/¸´µ©Î¢/Fast-BEV/Fastbev2.0_sa/part2_sa/part2_sa_v1.0/Vivado_Project/constraints/impl_constraints.xdc:7172]
WARNING: [Vivado 12-180] No cells matched 'syncstages_ff_reg[0]'. [E:/experiment/¸´µ©Î¢/Fast-BEV/Fastbev2.0_sa/part2_sa/part2_sa_v1.0/Vivado_Project/constraints/impl_constraints.xdc:7173]
CRITICAL WARNING: [Vivado 12-613] Cannot find cell 'U0_ps_ai_wrap_demo/U0_ps_ai_peripheral/frame_to_ps_inst0/frame_read_write_m0/write_buf/U0/inst_fifo_gen/gconvfifo.rf/grf.rf/gntv_or_sync_fifo.gcx.clkx/wr_pntr_cdc_inst' in current context, where current instance = '' and current design = 'preSynthElab_1' [E:/experiment/¸´µ©Î¢/Fast-BEV/Fastbev2.0_sa/part2_sa/part2_sa_v1.0/Vivado_Project/constraints/impl_constraints.xdc:7182]
CRITICAL WARNING: [Vivado 12-613] Cannot find cell 'U0_ps_ai_wrap_demo/U0_ps_ai_peripheral/frame_to_ps_inst0/frame_read_write_m0/write_buf/U0/inst_fifo_gen/gconvfifo.rf/grf.rf/gntv_or_sync_fifo.gcx.clkx/rd_pntr_cdc_inst' in current context, where current instance = '' and current design = 'preSynthElab_1' [E:/experiment/¸´µ©Î¢/Fast-BEV/Fastbev2.0_sa/part2_sa/part2_sa_v1.0/Vivado_Project/constraints/impl_constraints.xdc:7185]
CRITICAL WARNING: [Vivado 12-613] Cannot find cell 'U0_ps_ai_wrap_demo/U0_ps_ai_peripheral/frame_trans_inst0/axis_master_inst/afifo_24w_4096d_u0/U0/inst_fifo_gen/gconvfifo.rf/grf.rf/gntv_or_sync_fifo.gcx.clkx/rd_pntr_cdc_inst' in current context, where current instance = '' and current design = 'preSynthElab_1' [E:/experiment/¸´µ©Î¢/Fast-BEV/Fastbev2.0_sa/part2_sa/part2_sa_v1.0/Vivado_Project/constraints/impl_constraints.xdc:7188]
CRITICAL WARNING: [Vivado 12-613] Cannot find cell 'U0_ps_ai_wrap_demo/U0_ps_ai_peripheral/frame_trans_inst0/axis_master_inst/afifo_24w_4096d_u0/U0/inst_fifo_gen/gconvfifo.rf/grf.rf/gntv_or_sync_fifo.gcx.clkx/wr_pntr_cdc_inst' in current context, where current instance = '' and current design = 'preSynthElab_1' [E:/experiment/¸´µ©Î¢/Fast-BEV/Fastbev2.0_sa/part2_sa/part2_sa_v1.0/Vivado_Project/constraints/impl_constraints.xdc:7191]
CRITICAL WARNING: [Vivado 12-613] Cannot find cell 'U0_ps_ai_wrap_demo/U0_ps_ai_peripheral/frame_to_ps_inst0/frame_read_write_m0/read_buf/U0/inst_fifo_gen/gconvfifo.rf/grf.rf/gntv_or_sync_fifo.gcx.clkx/wr_pntr_cdc_inst' in current context, where current instance = '' and current design = 'preSynthElab_1' [E:/experiment/¸´µ©Î¢/Fast-BEV/Fastbev2.0_sa/part2_sa/part2_sa_v1.0/Vivado_Project/constraints/impl_constraints.xdc:7194]
CRITICAL WARNING: [Vivado 12-613] Cannot find cell 'U0_ps_ai_wrap_demo/U0_ps_ai_peripheral/frame_to_ps_inst0/frame_read_write_m0/read_buf/U0/inst_fifo_gen/gconvfifo.rf/grf.rf/gntv_or_sync_fifo.gcx.clkx/rd_pntr_cdc_inst' in current context, where current instance = '' and current design = 'preSynthElab_1' [E:/experiment/¸´µ©Î¢/Fast-BEV/Fastbev2.0_sa/part2_sa/part2_sa_v1.0/Vivado_Project/constraints/impl_constraints.xdc:7197]
CRITICAL WARNING: [Vivado 12-613] Cannot find cell 'U0_ps_ai_wrap_demo/U0_ps_ai_peripheral/ZGolo/u_AI_Mate_top/U0_ddr2hp_itcn/u0_ar_cdc_fifo_ddr/u0_cdc_fifo_ar_64/U0/inst_fifo_gen/gconvfifo.rf/grf.rf/gntv_or_sync_fifo.gcx.clkx/rd_pntr_cdc_inst' in current context, where current instance = '' and current design = 'preSynthElab_1' [E:/experiment/¸´µ©Î¢/Fast-BEV/Fastbev2.0_sa/part2_sa/part2_sa_v1.0/Vivado_Project/constraints/impl_constraints.xdc:7200]
CRITICAL WARNING: [Vivado 12-613] Cannot find cell 'U0_ps_ai_wrap_demo/U0_ps_ai_peripheral/ZGolo/u_AI_Mate_top/U0_ddr2hp_itcn/u0_ar_cdc_fifo_ddr/u0_cdc_fifo_ar_64/U0/inst_fifo_gen/gconvfifo.rf/grf.rf/gntv_or_sync_fifo.gcx.clkx/wr_pntr_cdc_inst' in current context, where current instance = '' and current design = 'preSynthElab_1' [E:/experiment/¸´µ©Î¢/Fast-BEV/Fastbev2.0_sa/part2_sa/part2_sa_v1.0/Vivado_Project/constraints/impl_constraints.xdc:7203]
CRITICAL WARNING: [Vivado 12-613] Cannot find cell 'U0_ps_ai_wrap_demo/U0_ps_ai_peripheral/ZGolo/u_AI_Mate_top/U0_ddr2hp_itcn/u0_aw_cdc_fifo_ddr/u0_cdc_fifo_aw_616/U0/inst_fifo_gen/gconvfifo.rf/grf.rf/gntv_or_sync_fifo.gcx.clkx/rd_pntr_cdc_inst' in current context, where current instance = '' and current design = 'preSynthElab_1' [E:/experiment/¸´µ©Î¢/Fast-BEV/Fastbev2.0_sa/part2_sa/part2_sa_v1.0/Vivado_Project/constraints/impl_constraints.xdc:7206]
CRITICAL WARNING: [Vivado 12-613] Cannot find cell 'U0_ps_ai_wrap_demo/U0_ps_ai_peripheral/ZGolo/u_AI_Mate_top/U0_ddr2hp_itcn/u0_aw_cdc_fifo_ddr/u0_cdc_fifo_aw_616/U0/inst_fifo_gen/gconvfifo.rf/grf.rf/gntv_or_sync_fifo.gcx.clkx/wr_pntr_cdc_inst' in current context, where current instance = '' and current design = 'preSynthElab_1' [E:/experiment/¸´µ©Î¢/Fast-BEV/Fastbev2.0_sa/part2_sa/part2_sa_v1.0/Vivado_Project/constraints/impl_constraints.xdc:7209]
CRITICAL WARNING: [Vivado 12-613] Cannot find cell 'U0_ps_ai_wrap_demo/U0_ps_ai_peripheral/ZGolo/u_AI_Mate_top/U0_ddr2hp_itcn/u0_r_cdc_fifo_ddr/u0_cdc_fifo_r_544/U0/inst_fifo_gen/gconvfifo.rf/grf.rf/gntv_or_sync_fifo.gcx.clkx/rd_pntr_cdc_inst' in current context, where current instance = '' and current design = 'preSynthElab_1' [E:/experiment/¸´µ©Î¢/Fast-BEV/Fastbev2.0_sa/part2_sa/part2_sa_v1.0/Vivado_Project/constraints/impl_constraints.xdc:7212]
CRITICAL WARNING: [Vivado 12-613] Cannot find cell 'U0_ps_ai_wrap_demo/U0_ps_ai_peripheral/ZGolo/u_AI_Mate_top/U0_ddr2hp_itcn/u0_r_cdc_fifo_ddr/u0_cdc_fifo_r_544/U0/inst_fifo_gen/gconvfifo.rf/grf.rf/gntv_or_sync_fifo.gcx.clkx/wr_pntr_cdc_inst' in current context, where current instance = '' and current design = 'preSynthElab_1' [E:/experiment/¸´µ©Î¢/Fast-BEV/Fastbev2.0_sa/part2_sa/part2_sa_v1.0/Vivado_Project/constraints/impl_constraints.xdc:7215]
CRITICAL WARNING: [Vivado 12-613] Cannot find cell 'U0_ps_ai_wrap_demo/U0_ps_ai_peripheral/frame_to_ps_inst0/cmos_write_req_gen_m0/rindex_buf_2b_16w_u0/U0/inst_fifo_gen/gconvfifo.rf/grf.rf/gntv_or_sync_fifo.gcx.clkx/rd_pntr_cdc_inst' in current context, where current instance = '' and current design = 'preSynthElab_1' [E:/experiment/¸´µ©Î¢/Fast-BEV/Fastbev2.0_sa/part2_sa/part2_sa_v1.0/Vivado_Project/constraints/impl_constraints.xdc:7218]
CRITICAL WARNING: [Vivado 12-613] Cannot find cell 'U0_ps_ai_wrap_demo/U0_ps_ai_peripheral/frame_to_ps_inst0/cmos_write_req_gen_m0/rindex_buf_2b_16w_u0/U0/inst_fifo_gen/gconvfifo.rf/grf.rf/gntv_or_sync_fifo.gcx.clkx/wr_pntr_cdc_inst' in current context, where current instance = '' and current design = 'preSynthElab_1' [E:/experiment/¸´µ©Î¢/Fast-BEV/Fastbev2.0_sa/part2_sa/part2_sa_v1.0/Vivado_Project/constraints/impl_constraints.xdc:7221]
CRITICAL WARNING: [Vivado 12-613] Cannot find cell 'U0_ps_ai_wrap_demo/U0_ps_ai_peripheral/frame_to_ps_inst0/cmos_write_req_gen_m0/windex_buf_2b_16w_u0/U0/inst_fifo_gen/gconvfifo.rf/grf.rf/gntv_or_sync_fifo.gcx.clkx/rd_pntr_cdc_inst' in current context, where current instance = '' and current design = 'preSynthElab_1' [E:/experiment/¸´µ©Î¢/Fast-BEV/Fastbev2.0_sa/part2_sa/part2_sa_v1.0/Vivado_Project/constraints/impl_constraints.xdc:7224]
CRITICAL WARNING: [Vivado 12-613] Cannot find cell 'U0_ps_ai_wrap_demo/U0_ps_ai_peripheral/frame_to_ps_inst0/cmos_write_req_gen_m0/windex_buf_2b_16w_u0/U0/inst_fifo_gen/gconvfifo.rf/grf.rf/gntv_or_sync_fifo.gcx.clkx/wr_pntr_cdc_inst' in current context, where current instance = '' and current design = 'preSynthElab_1' [E:/experiment/¸´µ©Î¢/Fast-BEV/Fastbev2.0_sa/part2_sa/part2_sa_v1.0/Vivado_Project/constraints/impl_constraints.xdc:7227]
Finished Parsing XDC File [E:/experiment/¸´µ©Î¢/Fast-BEV/Fastbev2.0_sa/part2_sa/part2_sa_v1.0/Vivado_Project/constraints/impl_constraints.xdc]
WARNING: [Project 1-498] One or more constraints failed evaluation while reading constraint file [E:/experiment/¸´µ©Î¢/Fast-BEV/Fastbev2.0_sa/part2_sa/part2_sa_v1.0/Vivado_Project/constraints/impl_constraints.xdc] and the design contains unresolved black boxes. These constraints will be read post-synthesis (as long as their source constraint file is marked as used_in_implementation) and should be applied correctly then. You should review the constraints listed in the file [.Xil/bev_edif_top_propImpl.xdc] and check the run log file to verify that these constraints were correctly applied.
INFO: [Project 1-236] Implementation specific constraints were found while reading constraint file [E:/experiment/¸´µ©Î¢/Fast-BEV/Fastbev2.0_sa/part2_sa/part2_sa_v1.0/Vivado_Project/constraints/impl_constraints.xdc]. These constraints will be ignored for synthesis but will be used in implementation. Impacted constraints are listed in the file [.Xil/bev_edif_top_propImpl.xdc].
Resolution: To avoid this warning, move constraints listed in [.Xil/bev_edif_top_propImpl.xdc] to another XDC file and exclude this new file from synthesis with the used_in_synthesis property (File Properties dialog in GUI) and re-run elaboration/synthesis.
Netlist sorting complete. Time (s): cpu = 00:00:00 ; elapsed = 00:00:00.006 . Memory (MB): peak = 969.758 ; gain = 0.000
Completed Processing XDC Constraints

Netlist sorting complete. Time (s): cpu = 00:00:00 ; elapsed = 00:00:00.007 . Memory (MB): peak = 969.758 ; gain = 0.000
INFO: [Project 1-111] Unisim Transformation Summary:
No Unisim elements were transformed.

Netlist sorting complete. Time (s): cpu = 00:00:00 ; elapsed = 00:00:00.008 . Memory (MB): peak = 969.758 ; gain = 0.000
Constraint Validation Runtime : Time (s): cpu = 00:00:00 ; elapsed = 00:00:00.074 . Memory (MB): peak = 969.758 ; gain = 0.000
---------------------------------------------------------------------------------
Finished Constraint Validation : Time (s): cpu = 00:00:23 ; elapsed = 00:00:27 . Memory (MB): peak = 969.758 ; gain = 703.609
---------------------------------------------------------------------------------
---------------------------------------------------------------------------------
Start Loading Part and Timing Information
---------------------------------------------------------------------------------
Loading part: xc7z030ffg676-2
---------------------------------------------------------------------------------
Finished Loading Part and Timing Information : Time (s): cpu = 00:00:23 ; elapsed = 00:00:27 . Memory (MB): peak = 969.758 ; gain = 703.609
---------------------------------------------------------------------------------
---------------------------------------------------------------------------------
Start Applying 'set_property' XDC Constraints
---------------------------------------------------------------------------------
Applied set_property IO_BUFFER_TYPE = NONE for ddr3_ck_n[0]. (constraint file  E:/experiment/¸´µ©Î¢/Fast-BEV/Fastbev2.0_sa/part2_sa/part2_sa_v1.0/Vivado_Project/constraints/impl_constraints.xdc, line 4915).
Applied set_property IO_BUFFER_TYPE = NONE for ddr3_ck_p[0]. (constraint file  E:/experiment/¸´µ©Î¢/Fast-BEV/Fastbev2.0_sa/part2_sa/part2_sa_v1.0/Vivado_Project/constraints/impl_constraints.xdc, line 4916).
---------------------------------------------------------------------------------
Finished applying 'set_property' XDC Constraints : Time (s): cpu = 00:00:24 ; elapsed = 00:00:28 . Memory (MB): peak = 969.758 ; gain = 703.609
---------------------------------------------------------------------------------
INFO: [Synth 8-5544] ROM "lut_dst_mode" won't be mapped to Block RAM because address size (4) smaller than threshold (5)
INFO: [Synth 8-5544] ROM "state0" won't be mapped to Block RAM because address size (2) smaller than threshold (5)
INFO: [Synth 8-5545] ROM "state" won't be mapped to RAM because address size (32) is larger than maximum supported(25)
INFO: [Synth 8-5544] ROM "group_done" won't be mapped to Block RAM because address size (4) smaller than threshold (5)
INFO: [Synth 8-5544] ROM "active_stage" won't be mapped to Block RAM because address size (4) smaller than threshold (5)
INFO: [Synth 8-5544] ROM "s2_coarse_shifted" won't be mapped to Block RAM because address size (2) smaller than threshold (5)
INFO: [Synth 8-5544] ROM "s2_coarse_shifted" won't be mapped to Block RAM because address size (2) smaller than threshold (5)
INFO: [Synth 8-5544] ROM "s5_mag" won't be mapped to Block RAM because address size (1) smaller than threshold (5)
INFO: [Synth 8-5544] ROM "s5_mag" won't be mapped to Block RAM because address size (1) smaller than threshold (5)
INFO: [Synth 8-5544] ROM "candidate0" won't be mapped to Block RAM because address size (1) smaller than threshold (5)
INFO: [Synth 8-802] inferred FSM for state register 'state_reg' in module 'quant_engine'
INFO: [Synth 8-5544] ROM "wr_data" won't be mapped to Block RAM because address size (2) smaller than threshold (5)
INFO: [Synth 8-5544] ROM "beat_idx" won't be mapped to Block RAM because address size (2) smaller than threshold (5)
INFO: [Synth 8-5544] ROM "wr_req" won't be mapped to Block RAM because address size (3) smaller than threshold (5)
INFO: [Synth 8-5544] ROM "wr_addr" won't be mapped to Block RAM because address size (3) smaller than threshold (5)
INFO: [Synth 8-5544] ROM "rd_req" won't be mapped to Block RAM because address size (3) smaller than threshold (5)
INFO: [Synth 8-5544] ROM "rd_addr" won't be mapped to Block RAM because address size (3) smaller than threshold (5)
INFO: [Synth 8-5544] ROM "engine_done" won't be mapped to Block RAM because address size (3) smaller than threshold (5)
INFO: [Synth 8-5545] ROM "state" won't be mapped to RAM because address size (32) is larger than maximum supported(25)
INFO: [Synth 8-5544] ROM "state" won't be mapped to Block RAM because address size (2) smaller than threshold (5)
INFO: [Synth 8-5544] ROM "state" won't be mapped to Block RAM because address size (1) smaller than threshold (5)
INFO: [Synth 8-5545] ROM "state" won't be mapped to RAM because address size (32) is larger than maximum supported(25)
INFO: [Synth 8-5546] ROM "interp_mul00" won't be mapped to RAM because it is too sparse
INFO: [Synth 8-5546] ROM "interp_pair0" won't be mapped to RAM because it is too sparse
INFO: [Synth 8-5546] ROM "interp_acc" won't be mapped to RAM because it is too sparse
INFO: [Synth 8-5546] ROM "interp_negative" won't be mapped to RAM because it is too sparse
INFO: [Synth 8-5546] ROM "interp_round_mag" won't be mapped to RAM because it is too sparse
INFO: [Synth 8-5546] ROM "interp_rounded" won't be mapped to RAM because it is too sparse
INFO: [Synth 8-5546] ROM "interp_p00" won't be mapped to RAM because it is too sparse
INFO: [Synth 8-5545] ROM "state" won't be mapped to RAM because address size (32) is larger than maximum supported(25)
INFO: [Synth 8-5544] ROM "state" won't be mapped to Block RAM because address size (2) smaller than threshold (5)
INFO: [Synth 8-5544] ROM "rmw_half" won't be mapped to Block RAM because address size (2) smaller than threshold (5)
INFO: [Synth 8-5544] ROM "interp_group" won't be mapped to Block RAM because address size (2) smaller than threshold (5)
INFO: [Synth 8-5544] ROM "perf_quant_cycles" won't be mapped to Block RAM because address size (2) smaller than threshold (5)
INFO: [Synth 8-5544] ROM "perf_lut_cycles" won't be mapped to Block RAM because address size (2) smaller than threshold (5)
INFO: [Synth 8-5544] ROM "perf_sa_cycles" won't be mapped to Block RAM because address size (2) smaller than threshold (5)
---------------------------------------------------------------------------------------------------
                   State |                     New Encoding |                Previous Encoding 
---------------------------------------------------------------------------------------------------
                  S_IDLE |                              000 |                              000
              S_ISSUE_RD |                              001 |                              001
               S_WAIT_RD |                              010 |                              010
                S_WAIT_Q |                              011 |                              011
              S_ISSUE_WR |                              100 |                              100
                  S_DONE |                              101 |                              101
---------------------------------------------------------------------------------------------------
INFO: [Synth 8-3354] encoded FSM with state register 'state_reg' using encoding 'sequential' in module 'quant_engine'
---------------------------------------------------------------------------------
Finished RTL Optimization Phase 2 : Time (s): cpu = 00:00:30 ; elapsed = 00:00:35 . Memory (MB): peak = 969.758 ; gain = 703.609
---------------------------------------------------------------------------------

Report RTL Partitions: 
+------+-------------------+------------+----------+
|      |RTL Partition      |Replication |Instances |
+------+-------------------+------------+----------+
|1     |sa_engine_int8     |           1|     27544|
|2     |lut_engine_int8    |           1|      6391|
|3     |bev_accel_top__GB2 |           1|     13469|
|4     |quant_engine       |           1|     26490|
|5     |bev_edif_top__GC0  |           1|       698|
+------+-------------------+------------+----------+
---------------------------------------------------------------------------------
Start RTL Component Statistics 
---------------------------------------------------------------------------------
Detailed RTL Component Info : 
+---Adders : 
	   2 Input     48 Bit       Adders := 4     
	   3 Input     48 Bit       Adders := 2     
	   3 Input     40 Bit       Adders := 32    
	   2 Input     40 Bit       Adders := 16    
	   2 Input     33 Bit       Adders := 4     
	   2 Input     32 Bit       Adders := 14    
	   3 Input     32 Bit       Adders := 1     
	   2 Input     28 Bit       Adders := 48    
	   2 Input     26 Bit       Adders := 3     
	   2 Input     16 Bit       Adders := 10    
	   2 Input     13 Bit       Adders := 16    
	   2 Input      9 Bit       Adders := 4     
	   2 Input      8 Bit       Adders := 32    
	   2 Input      6 Bit       Adders := 16    
	   2 Input      3 Bit       Adders := 1     
	   2 Input      2 Bit       Adders := 4     
+---Registers : 
	              512 Bit    Registers := 13    
	              256 Bit    Registers := 2     
	              128 Bit    Registers := 4     
	               48 Bit    Registers := 6     
	               41 Bit    Registers := 48    
	               40 Bit    Registers := 48    
	               32 Bit    Registers := 63    
	               28 Bit    Registers := 32    
	               17 Bit    Registers := 1     
	               16 Bit    Registers := 22    
	               13 Bit    Registers := 32    
	               12 Bit    Registers := 2     
	                9 Bit    Registers := 20    
	                8 Bit    Registers := 116   
	                5 Bit    Registers := 2     
	                4 Bit    Registers := 17    
	                3 Bit    Registers := 19    
	                2 Bit    Registers := 7     
	                1 Bit    Registers := 466   
+---Muxes : 
	   4 Input    512 Bit        Muxes := 3     
	   6 Input    512 Bit        Muxes := 1     
	  21 Input    512 Bit        Muxes := 1     
	   2 Input    512 Bit        Muxes := 5     
	  32 Input    512 Bit        Muxes := 2     
	   2 Input    256 Bit        Muxes := 2     
	   4 Input    128 Bit        Muxes := 4     
	   2 Input     64 Bit        Muxes := 1     
	   2 Input     41 Bit        Muxes := 64    
	   6 Input     32 Bit        Muxes := 1     
	  21 Input     32 Bit        Muxes := 1     
	  32 Input     32 Bit        Muxes := 1     
	   2 Input     32 Bit        Muxes := 29    
	   4 Input     32 Bit        Muxes := 4     
	   2 Input     28 Bit        Muxes := 16    
	  21 Input     16 Bit        Muxes := 3     
	   2 Input     16 Bit        Muxes := 4     
	  32 Input     16 Bit        Muxes := 3     
	   2 Input     13 Bit        Muxes := 16    
	   3 Input      9 Bit        Muxes := 16    
	   2 Input      8 Bit        Muxes := 64    
	   2 Input      6 Bit        Muxes := 32    
	   2 Input      5 Bit        Muxes := 8     
	   2 Input      4 Bit        Muxes := 2     
	   6 Input      3 Bit        Muxes := 1     
	   2 Input      3 Bit        Muxes := 9     
	  21 Input      3 Bit        Muxes := 1     
	  32 Input      3 Bit        Muxes := 1     
	   8 Input      3 Bit        Muxes := 1     
	   4 Input      3 Bit        Muxes := 1     
	  12 Input      3 Bit        Muxes := 1     
	  10 Input      3 Bit        Muxes := 1     
	   6 Input      2 Bit        Muxes := 1     
	  21 Input      2 Bit        Muxes := 1     
	  32 Input      2 Bit        Muxes := 1     
	   2 Input      2 Bit        Muxes := 7     
	   8 Input      2 Bit        Muxes := 5     
	   2 Input      1 Bit        Muxes := 66    
	   6 Input      1 Bit        Muxes := 12    
	  21 Input      1 Bit        Muxes := 22    
	   4 Input      1 Bit        Muxes := 3     
	   5 Input      1 Bit        Muxes := 1     
	  32 Input      1 Bit        Muxes := 32    
	   8 Input      1 Bit        Muxes := 17    
---------------------------------------------------------------------------------
Finished RTL Component Statistics 
---------------------------------------------------------------------------------
---------------------------------------------------------------------------------
Start RTL Hierarchical Component Statistics 
---------------------------------------------------------------------------------
Hierarchical RTL Component report 
Module fp32_int8_quant__1 
Detailed RTL Component Info : 
+---Adders : 
	   3 Input     40 Bit       Adders := 2     
	   2 Input     40 Bit       Adders := 1     
	   2 Input      8 Bit       Adders := 2     
	   2 Input      6 Bit       Adders := 1     
+---Registers : 
	               41 Bit    Registers := 3     
	               40 Bit    Registers := 3     
	                9 Bit    Registers := 1     
	                8 Bit    Registers := 3     
	                4 Bit    Registers := 1     
	                3 Bit    Registers := 1     
	                1 Bit    Registers := 25    
+---Muxes : 
	   2 Input     41 Bit        Muxes := 4     
	   3 Input      9 Bit        Muxes := 1     
	   2 Input      8 Bit        Muxes := 2     
	   2 Input      6 Bit        Muxes := 2     
	   2 Input      1 Bit        Muxes := 1     
Module fp32_int8_quant__2 
Detailed RTL Component Info : 
+---Adders : 
	   3 Input     40 Bit       Adders := 2     
	   2 Input     40 Bit       Adders := 1     
	   2 Input      8 Bit       Adders := 2     
	   2 Input      6 Bit       Adders := 1     
+---Registers : 
	               41 Bit    Registers := 3     
	               40 Bit    Registers := 3     
	                9 Bit    Registers := 1     
	                8 Bit    Registers := 3     
	                4 Bit    Registers := 1     
	                3 Bit    Registers := 1     
	                1 Bit    Registers := 25    
+---Muxes : 
	   2 Input     41 Bit        Muxes := 4     
	   3 Input      9 Bit        Muxes := 1     
	   2 Input      8 Bit        Muxes := 2     
	   2 Input      6 Bit        Muxes := 2     
	   2 Input      1 Bit        Muxes := 1     
Module fp32_int8_quant__3 
Detailed RTL Component Info : 
+---Adders : 
	   3 Input     40 Bit       Adders := 2     
	   2 Input     40 Bit       Adders := 1     
	   2 Input      8 Bit       Adders := 2     
	   2 Input      6 Bit       Adders := 1     
+---Registers : 
	               41 Bit    Registers := 3     
	               40 Bit    Registers := 3     
	                9 Bit    Registers := 1     
	                8 Bit    Registers := 3     
	                4 Bit    Registers := 1     
	                3 Bit    Registers := 1     
	                1 Bit    Registers := 25    
+---Muxes : 
	   2 Input     41 Bit        Muxes := 4     
	   3 Input      9 Bit        Muxes := 1     
	   2 Input      8 Bit        Muxes := 2     
	   2 Input      6 Bit        Muxes := 2     
	   2 Input      1 Bit        Muxes := 1     
Module fp32_int8_quant__4 
Detailed RTL Component Info : 
+---Adders : 
	   3 Input     40 Bit       Adders := 2     
	   2 Input     40 Bit       Adders := 1     
	   2 Input      8 Bit       Adders := 2     
	   2 Input      6 Bit       Adders := 1     
+---Registers : 
	               41 Bit    Registers := 3     
	               40 Bit    Registers := 3     
	                9 Bit    Registers := 1     
	                8 Bit    Registers := 3     
	                4 Bit    Registers := 1     
	                3 Bit    Registers := 1     
	                1 Bit    Registers := 25    
+---Muxes : 
	   2 Input     41 Bit        Muxes := 4     
	   3 Input      9 Bit        Muxes := 1     
	   2 Input      8 Bit        Muxes := 2     
	   2 Input      6 Bit        Muxes := 2     
	   2 Input      1 Bit        Muxes := 1     
Module fp32_int8_quant__5 
Detailed RTL Component Info : 
+---Adders : 
	   3 Input     40 Bit       Adders := 2     
	   2 Input     40 Bit       Adders := 1     
	   2 Input      8 Bit       Adders := 2     
	   2 Input      6 Bit       Adders := 1     
+---Registers : 
	               41 Bit    Registers := 3     
	               40 Bit    Registers := 3     
	                9 Bit    Registers := 1     
	                8 Bit    Registers := 3     
	                4 Bit    Registers := 1     
	                3 Bit    Registers := 1     
	                1 Bit    Registers := 25    
+---Muxes : 
	   2 Input     41 Bit        Muxes := 4     
	   3 Input      9 Bit        Muxes := 1     
	   2 Input      8 Bit        Muxes := 2     
	   2 Input      6 Bit        Muxes := 2     
	   2 Input      1 Bit        Muxes := 1     
Module fp32_int8_quant__6 
Detailed RTL Component Info : 
+---Adders : 
	   3 Input     40 Bit       Adders := 2     
	   2 Input     40 Bit       Adders := 1     
	   2 Input      8 Bit       Adders := 2     
	   2 Input      6 Bit       Adders := 1     
+---Registers : 
	               41 Bit    Registers := 3     
	               40 Bit    Registers := 3     
	                9 Bit    Registers := 1     
	                8 Bit    Registers := 3     
	                4 Bit    Registers := 1     
	                3 Bit    Registers := 1     
	                1 Bit    Registers := 25    
+---Muxes : 
	   2 Input     41 Bit        Muxes := 4     
	   3 Input      9 Bit        Muxes := 1     
	   2 Input      8 Bit        Muxes := 2     
	   2 Input      6 Bit        Muxes := 2     
	   2 Input      1 Bit        Muxes := 1     
Module fp32_int8_quant__7 
Detailed RTL Component Info : 
+---Adders : 
	   3 Input     40 Bit       Adders := 2     
	   2 Input     40 Bit       Adders := 1     
	   2 Input      8 Bit       Adders := 2     
	   2 Input      6 Bit       Adders := 1     
+---Registers : 
	               41 Bit    Registers := 3     
	               40 Bit    Registers := 3     
	                9 Bit    Registers := 1     
	                8 Bit    Registers := 3     
	                4 Bit    Registers := 1     
	                3 Bit    Registers := 1     
	                1 Bit    Registers := 25    
+---Muxes : 
	   2 Input     41 Bit        Muxes := 4     
	   3 Input      9 Bit        Muxes := 1     
	   2 Input      8 Bit        Muxes := 2     
	   2 Input      6 Bit        Muxes := 2     
	   2 Input      1 Bit        Muxes := 1     
Module fp32_int8_quant__8 
Detailed RTL Component Info : 
+---Adders : 
	   3 Input     40 Bit       Adders := 2     
	   2 Input     40 Bit       Adders := 1     
	   2 Input      8 Bit       Adders := 2     
	   2 Input      6 Bit       Adders := 1     
+---Registers : 
	               41 Bit    Registers := 3     
	               40 Bit    Registers := 3     
	                9 Bit    Registers := 1     
	                8 Bit    Registers := 3     
	                4 Bit    Registers := 1     
	                3 Bit    Registers := 1     
	                1 Bit    Registers := 25    
+---Muxes : 
	   2 Input     41 Bit        Muxes := 4     
	   3 Input      9 Bit        Muxes := 1     
	   2 Input      8 Bit        Muxes := 2     
	   2 Input      6 Bit        Muxes := 2     
	   2 Input      1 Bit        Muxes := 1     
Module fp32_int8_quant__9 
Detailed RTL Component Info : 
+---Adders : 
	   3 Input     40 Bit       Adders := 2     
	   2 Input     40 Bit       Adders := 1     
	   2 Input      8 Bit       Adders := 2     
	   2 Input      6 Bit       Adders := 1     
+---Registers : 
	               41 Bit    Registers := 3     
	               40 Bit    Registers := 3     
	                9 Bit    Registers := 1     
	                8 Bit    Registers := 3     
	                4 Bit    Registers := 1     
	                3 Bit    Registers := 1     
	                1 Bit    Registers := 25    
+---Muxes : 
	   2 Input     41 Bit        Muxes := 4     
	   3 Input      9 Bit        Muxes := 1     
	   2 Input      8 Bit        Muxes := 2     
	   2 Input      6 Bit        Muxes := 2     
	   2 Input      1 Bit        Muxes := 1     
Module fp32_int8_quant__10 
Detailed RTL Component Info : 
+---Adders : 
	   3 Input     40 Bit       Adders := 2     
	   2 Input     40 Bit       Adders := 1     
	   2 Input      8 Bit       Adders := 2     
	   2 Input      6 Bit       Adders := 1     
+---Registers : 
	               41 Bit    Registers := 3     
	               40 Bit    Registers := 3     
	                9 Bit    Registers := 1     
	                8 Bit    Registers := 3     
	                4 Bit    Registers := 1     
	                3 Bit    Registers := 1     
	                1 Bit    Registers := 25    
+---Muxes : 
	   2 Input     41 Bit        Muxes := 4     
	   3 Input      9 Bit        Muxes := 1     
	   2 Input      8 Bit        Muxes := 2     
	   2 Input      6 Bit        Muxes := 2     
	   2 Input      1 Bit        Muxes := 1     
Module fp32_int8_quant__11 
Detailed RTL Component Info : 
+---Adders : 
	   3 Input     40 Bit       Adders := 2     
	   2 Input     40 Bit       Adders := 1     
	   2 Input      8 Bit       Adders := 2     
	   2 Input      6 Bit       Adders := 1     
+---Registers : 
	               41 Bit    Registers := 3     
	               40 Bit    Registers := 3     
	                9 Bit    Registers := 1     
	                8 Bit    Registers := 3     
	                4 Bit    Registers := 1     
	                3 Bit    Registers := 1     
	                1 Bit    Registers := 25    
+---Muxes : 
	   2 Input     41 Bit        Muxes := 4     
	   3 Input      9 Bit        Muxes := 1     
	   2 Input      8 Bit        Muxes := 2     
	   2 Input      6 Bit        Muxes := 2     
	   2 Input      1 Bit        Muxes := 1     
Module fp32_int8_quant__12 
Detailed RTL Component Info : 
+---Adders : 
	   3 Input     40 Bit       Adders := 2     
	   2 Input     40 Bit       Adders := 1     
	   2 Input      8 Bit       Adders := 2     
	   2 Input      6 Bit       Adders := 1     
+---Registers : 
	               41 Bit    Registers := 3     
	               40 Bit    Registers := 3     
	                9 Bit    Registers := 1     
	                8 Bit    Registers := 3     
	                4 Bit    Registers := 1     
	                3 Bit    Registers := 1     
	                1 Bit    Registers := 25    
+---Muxes : 
	   2 Input     41 Bit        Muxes := 4     
	   3 Input      9 Bit        Muxes := 1     
	   2 Input      8 Bit        Muxes := 2     
	   2 Input      6 Bit        Muxes := 2     
	   2 Input      1 Bit        Muxes := 1     
Module fp32_int8_quant__13 
Detailed RTL Component Info : 
+---Adders : 
	   3 Input     40 Bit       Adders := 2     
	   2 Input     40 Bit       Adders := 1     
	   2 Input      8 Bit       Adders := 2     
	   2 Input      6 Bit       Adders := 1     
+---Registers : 
	               41 Bit    Registers := 3     
	               40 Bit    Registers := 3     
	                9 Bit    Registers := 1     
	                8 Bit    Registers := 3     
	                4 Bit    Registers := 1     
	                3 Bit    Registers := 1     
	                1 Bit    Registers := 25    
+---Muxes : 
	   2 Input     41 Bit        Muxes := 4     
	   3 Input      9 Bit        Muxes := 1     
	   2 Input      8 Bit        Muxes := 2     
	   2 Input      6 Bit        Muxes := 2     
	   2 Input      1 Bit        Muxes := 1     
Module fp32_int8_quant__14 
Detailed RTL Component Info : 
+---Adders : 
	   3 Input     40 Bit       Adders := 2     
	   2 Input     40 Bit       Adders := 1     
	   2 Input      8 Bit       Adders := 2     
	   2 Input      6 Bit       Adders := 1     
+---Registers : 
	               41 Bit    Registers := 3     
	               40 Bit    Registers := 3     
	                9 Bit    Registers := 1     
	                8 Bit    Registers := 3     
	                4 Bit    Registers := 1     
	                3 Bit    Registers := 1     
	                1 Bit    Registers := 25    
+---Muxes : 
	   2 Input     41 Bit        Muxes := 4     
	   3 Input      9 Bit        Muxes := 1     
	   2 Input      8 Bit        Muxes := 2     
	   2 Input      6 Bit        Muxes := 2     
	   2 Input      1 Bit        Muxes := 1     
Module fp32_int8_quant__15 
Detailed RTL Component Info : 
+---Adders : 
	   3 Input     40 Bit       Adders := 2     
	   2 Input     40 Bit       Adders := 1     
	   2 Input      8 Bit       Adders := 2     
	   2 Input      6 Bit       Adders := 1     
+---Registers : 
	               41 Bit    Registers := 3     
	               40 Bit    Registers := 3     
	                9 Bit    Registers := 1     
	                8 Bit    Registers := 3     
	                4 Bit    Registers := 1     
	                3 Bit    Registers := 1     
	                1 Bit    Registers := 25    
+---Muxes : 
	   2 Input     41 Bit        Muxes := 4     
	   3 Input      9 Bit        Muxes := 1     
	   2 Input      8 Bit        Muxes := 2     
	   2 Input      6 Bit        Muxes := 2     
	   2 Input      1 Bit        Muxes := 1     
Module fp32_int8_quant 
Detailed RTL Component Info : 
+---Adders : 
	   3 Input     40 Bit       Adders := 2     
	   2 Input     40 Bit       Adders := 1     
	   2 Input      8 Bit       Adders := 2     
	   2 Input      6 Bit       Adders := 1     
+---Registers : 
	               41 Bit    Registers := 3     
	               40 Bit    Registers := 3     
	                9 Bit    Registers := 1     
	                8 Bit    Registers := 3     
	                4 Bit    Registers := 1     
	                3 Bit    Registers := 1     
	                1 Bit    Registers := 25    
+---Muxes : 
	   2 Input     41 Bit        Muxes := 4     
	   3 Input      9 Bit        Muxes := 1     
	   2 Input      8 Bit        Muxes := 2     
	   2 Input      6 Bit        Muxes := 2     
	   2 Input      1 Bit        Muxes := 1     
Module quant_engine 
Detailed RTL Component Info : 
+---Adders : 
	   2 Input     32 Bit       Adders := 2     
	   3 Input     32 Bit       Adders := 1     
	   2 Input      2 Bit       Adders := 1     
+---Registers : 
	              512 Bit    Registers := 2     
	               32 Bit    Registers := 3     
	                2 Bit    Registers := 1     
	                1 Bit    Registers := 3     
+---Muxes : 
	   4 Input    512 Bit        Muxes := 1     
	   6 Input    512 Bit        Muxes := 1     
	   6 Input     32 Bit        Muxes := 1     
	   6 Input      3 Bit        Muxes := 1     
	   2 Input      3 Bit        Muxes := 3     
	   6 Input      2 Bit        Muxes := 1     
	   2 Input      1 Bit        Muxes := 3     
	   6 Input      1 Bit        Muxes := 12    
Module lut_engine_int8 
Detailed RTL Component Info : 
+---Adders : 
	   2 Input     32 Bit       Adders := 5     
	   2 Input     16 Bit       Adders := 5     
	   2 Input      3 Bit       Adders := 1     
+---Registers : 
	              512 Bit    Registers := 4     
	              256 Bit    Registers := 1     
	               32 Bit    Registers := 5     
	               16 Bit    Registers := 8     
	                5 Bit    Registers := 1     
	                3 Bit    Registers := 1     
	                1 Bit    Registers := 5     
+---Muxes : 
	  21 Input    512 Bit        Muxes := 1     
	   2 Input    512 Bit        Muxes := 1     
	   2 Input    256 Bit        Muxes := 1     
	  21 Input     32 Bit        Muxes := 1     
	  21 Input     16 Bit        Muxes := 3     
	   2 Input     16 Bit        Muxes := 2     
	   2 Input      5 Bit        Muxes := 3     
	   2 Input      4 Bit        Muxes := 2     
	  21 Input      3 Bit        Muxes := 1     
	   2 Input      3 Bit        Muxes := 1     
	  21 Input      2 Bit        Muxes := 1     
	  21 Input      1 Bit        Muxes := 22    
	   4 Input      1 Bit        Muxes := 1     
Module sa_engine_int8 
Detailed RTL Component Info : 
+---Adders : 
	   2 Input     48 Bit       Adders := 4     
	   3 Input     48 Bit       Adders := 2     
	   2 Input     32 Bit       Adders := 7     
	   2 Input     28 Bit       Adders := 48    
	   2 Input     26 Bit       Adders := 3     
	   2 Input     16 Bit       Adders := 5     
	   2 Input     13 Bit       Adders := 16    
	   2 Input      9 Bit       Adders := 4     
	   2 Input      2 Bit       Adders := 1     
+---Registers : 
	              512 Bit    Registers := 7     
	              256 Bit    Registers := 1     
	              128 Bit    Registers := 4     
	               48 Bit    Registers := 6     
	               32 Bit    Registers := 9     
	               28 Bit    Registers := 32    
	               17 Bit    Registers := 1     
	               16 Bit    Registers := 14    
	               13 Bit    Registers := 32    
	                9 Bit    Registers := 4     
	                8 Bit    Registers := 63    
	                5 Bit    Registers := 1     
	                2 Bit    Registers := 1     
	                1 Bit    Registers := 21    
+---Muxes : 
	   4 Input    512 Bit        Muxes := 2     
	  32 Input    512 Bit        Muxes := 2     
	   2 Input    512 Bit        Muxes := 1     
	   2 Input    256 Bit        Muxes := 1     
	   4 Input    128 Bit        Muxes := 4     
	  32 Input     32 Bit        Muxes := 1     
	   2 Input     28 Bit        Muxes := 16    
	  32 Input     16 Bit        Muxes := 3     
	   2 Input     16 Bit        Muxes := 2     
	   2 Input     13 Bit        Muxes := 16    
	   2 Input      8 Bit        Muxes := 32    
	   2 Input      5 Bit        Muxes := 5     
	  32 Input      3 Bit        Muxes := 1     
	  32 Input      2 Bit        Muxes := 1     
	   5 Input      1 Bit        Muxes := 1     
	  32 Input      1 Bit        Muxes := 32    
	   2 Input      1 Bit        Muxes := 2     
	   8 Input      1 Bit        Muxes := 7     
Module pipeline_ctrl_group4 
Detailed RTL Component Info : 
+---Adders : 
	   2 Input     33 Bit       Adders := 4     
	   2 Input      2 Bit       Adders := 2     
+---Registers : 
	               32 Bit    Registers := 1     
	                4 Bit    Registers := 1     
	                3 Bit    Registers := 1     
	                2 Bit    Registers := 4     
	                1 Bit    Registers := 5     
+---Muxes : 
	   2 Input     32 Bit        Muxes := 10    
	   4 Input     32 Bit        Muxes := 4     
	   2 Input      3 Bit        Muxes := 5     
	   8 Input      3 Bit        Muxes := 1     
	   4 Input      3 Bit        Muxes := 1     
	  12 Input      3 Bit        Muxes := 1     
	  10 Input      3 Bit        Muxes := 1     
	   2 Input      2 Bit        Muxes := 7     
	   8 Input      2 Bit        Muxes := 5     
	   2 Input      1 Bit        Muxes := 28    
	   8 Input      1 Bit        Muxes := 10    
	   4 Input      1 Bit        Muxes := 2     
Module bev_reg_ctrl 
Detailed RTL Component Info : 
+---Registers : 
	               32 Bit    Registers := 45    
	               12 Bit    Registers := 2     
	                8 Bit    Registers := 5     
	                3 Bit    Registers := 1     
	                2 Bit    Registers := 1     
	                1 Bit    Registers := 5     
+---Muxes : 
	   2 Input     32 Bit        Muxes := 1     
	   2 Input      1 Bit        Muxes := 5     
Module dma_arbiter_stage 
Detailed RTL Component Info : 
+---Muxes : 
	   2 Input    512 Bit        Muxes := 3     
	   2 Input     32 Bit        Muxes := 6     
	   2 Input      1 Bit        Muxes := 4     
Module pulse_cross__1 
Detailed RTL Component Info : 
+---Registers : 
	                1 Bit    Registers := 7     
+---Muxes : 
	   2 Input      1 Bit        Muxes := 1     
Module pulse_cross__2 
Detailed RTL Component Info : 
+---Registers : 
	                1 Bit    Registers := 7     
+---Muxes : 
	   2 Input      1 Bit        Muxes := 1     
Module pulse_cross 
Detailed RTL Component Info : 
+---Registers : 
	                1 Bit    Registers := 7     
+---Muxes : 
	   2 Input      1 Bit        Muxes := 1     
Module bev_accel_top 
Detailed RTL Component Info : 
+---Registers : 
	                1 Bit    Registers := 6     
+---Muxes : 
	   2 Input     64 Bit        Muxes := 1     
	   2 Input     32 Bit        Muxes := 12    
	   2 Input      1 Bit        Muxes := 5     
---------------------------------------------------------------------------------
Finished RTL Hierarchical Component Statistics
---------------------------------------------------------------------------------
---------------------------------------------------------------------------------
Start Part Resource Summary
---------------------------------------------------------------------------------
Part Resources:
DSPs: 400 (col length:80)
BRAMs: 530 (col length: RAMB18 80 RAMB36 40)
---------------------------------------------------------------------------------
Finished Part Resource Summary
---------------------------------------------------------------------------------
---------------------------------------------------------------------------------
Start Cross Boundary and Area Optimization
---------------------------------------------------------------------------------
Warning: Parallel synthesis criteria is not met 
INFO: [Synth 8-5544] ROM "s2_coarse_shifted" won't be mapped to Block RAM because address size (2) smaller than threshold (5)
INFO: [Synth 8-5544] ROM "s2_coarse_shifted" won't be mapped to Block RAM because address size (2) smaller than threshold (5)
INFO: [Synth 8-5544] ROM "s2_coarse_shifted" won't be mapped to Block RAM because address size (2) smaller than threshold (5)
INFO: [Synth 8-5544] ROM "s2_coarse_shifted" won't be mapped to Block RAM because address size (2) smaller than threshold (5)
INFO: [Synth 8-5544] ROM "s2_coarse_shifted" won't be mapped to Block RAM because address size (2) smaller than threshold (5)
INFO: [Synth 8-5544] ROM "s2_coarse_shifted" won't be mapped to Block RAM because address size (2) smaller than threshold (5)
INFO: [Synth 8-5544] ROM "s2_coarse_shifted" won't be mapped to Block RAM because address size (2) smaller than threshold (5)
INFO: [Synth 8-5544] ROM "s2_coarse_shifted" won't be mapped to Block RAM because address size (2) smaller than threshold (5)
INFO: [Synth 8-5544] ROM "s2_coarse_shifted" won't be mapped to Block RAM because address size (2) smaller than threshold (5)
INFO: [Synth 8-5544] ROM "s2_coarse_shifted" won't be mapped to Block RAM because address size (2) smaller than threshold (5)
INFO: [Synth 8-5544] ROM "s2_coarse_shifted" won't be mapped to Block RAM because address size (2) smaller than threshold (5)
INFO: [Synth 8-5544] ROM "s2_coarse_shifted" won't be mapped to Block RAM because address size (2) smaller than threshold (5)
INFO: [Synth 8-5544] ROM "s2_coarse_shifted" won't be mapped to Block RAM because address size (2) smaller than threshold (5)
INFO: [Synth 8-5544] ROM "s2_coarse_shifted" won't be mapped to Block RAM because address size (2) smaller than threshold (5)
INFO: [Synth 8-5544] ROM "s2_coarse_shifted" won't be mapped to Block RAM because address size (2) smaller than threshold (5)
INFO: [Synth 8-5544] ROM "s2_coarse_shifted" won't be mapped to Block RAM because address size (2) smaller than threshold (5)
INFO: [Synth 8-5544] ROM "wr_data" won't be mapped to Block RAM because address size (2) smaller than threshold (5)
INFO: [Synth 8-4471] merging register 'cur_x_reg[15:0]' into 'cur_x_reg[15:0]' [E:/experiment/¸´µ©Î¢/Fast-BEV/Fastbev2.0_sa/part2_sa/part2_sa_v1.0/Vivado_Project/rtl/lut_engine_int8.v:168]
INFO: [Synth 8-4471] merging register 'cur_y_reg[15:0]' into 'cur_y_reg[15:0]' [E:/experiment/¸´µ©Î¢/Fast-BEV/Fastbev2.0_sa/part2_sa/part2_sa_v1.0/Vivado_Project/rtl/lut_engine_int8.v:169]
INFO: [Synth 8-5545] ROM "state" won't be mapped to RAM because address size (32) is larger than maximum supported(25)
DSP Report: Generating DSP pipe_cam_v_reg, operation Mode is: (C'+A*B)'.
DSP Report: register cur_v_reg is absorbed into DSP pipe_cam_v_reg.
DSP Report: register pipe_cam_v_reg is absorbed into DSP pipe_cam_v_reg.
DSP Report: operator pipe_cam_v0 is absorbed into DSP pipe_cam_v_reg.
DSP Report: operator pipe_cam_v1 is absorbed into DSP pipe_cam_v_reg.
DSP Report: Generating DSP pixel_idx_r_reg, operation Mode is: (C'+A*B)'.
DSP Report: register cur_u_reg is absorbed into DSP pixel_idx_r_reg.
DSP Report: register pixel_idx_r_reg is absorbed into DSP pixel_idx_r_reg.
DSP Report: operator pixel_linear_idx_s2 is absorbed into DSP pixel_idx_r_reg.
DSP Report: operator pixel_linear_idx_s20 is absorbed into DSP pixel_idx_r_reg.
DSP Report: Generating DSP final_group_x_r_reg, operation Mode is: (C'+A*B)'.
DSP Report: register cur_x_reg is absorbed into DSP final_group_x_r_reg.
DSP Report: register final_group_x_r_reg is absorbed into DSP final_group_x_r_reg.
DSP Report: operator final_group_x_r0 is absorbed into DSP final_group_x_r_reg.
DSP Report: operator final_group_x_product_w is absorbed into DSP final_group_x_r_reg.
DSP Report: Generating DSP final_xy_r_reg, operation Mode is: (C'+A*B)'.
DSP Report: register cur_y_reg is absorbed into DSP final_xy_r_reg.
DSP Report: register final_xy_r_reg is absorbed into DSP final_xy_r_reg.
DSP Report: operator final_xy_r0 is absorbed into DSP final_xy_r_reg.
DSP Report: operator final_xy_product_w is absorbed into DSP final_xy_r_reg.
INFO: [Synth 8-4471] merging register 'cur_y_reg[15:0]' into 'cur_y_reg[15:0]' [E:/experiment/¸´µ©Î¢/Fast-BEV/Fastbev2.0_sa/part2_sa/part2_sa_v1.0/Vivado_Project/rtl/sa_engine_int8.v:149]
INFO: [Synth 8-4471] merging register 'cur_x_reg[15:0]' into 'cur_x_reg[15:0]' [E:/experiment/¸´µ©Î¢/Fast-BEV/Fastbev2.0_sa/part2_sa/part2_sa_v1.0/Vivado_Project/rtl/sa_engine_int8.v:148]
INFO: [Synth 8-4471] merging register 'cur_y_reg[15:0]' into 'cur_y_reg[15:0]' [E:/experiment/¸´µ©Î¢/Fast-BEV/Fastbev2.0_sa/part2_sa/part2_sa_v1.0/Vivado_Project/rtl/sa_engine_int8.v:149]
INFO: [Synth 8-4471] merging register 'cur_x_reg[15:0]' into 'cur_x_reg[15:0]' [E:/experiment/¸´µ©Î¢/Fast-BEV/Fastbev2.0_sa/part2_sa/part2_sa_v1.0/Vivado_Project/rtl/sa_engine_int8.v:148]
INFO: [Synth 8-4471] merging register 'cur_z_reg[15:0]' into 'cur_z_reg[15:0]' [E:/experiment/¸´µ©Î¢/Fast-BEV/Fastbev2.0_sa/part2_sa/part2_sa_v1.0/Vivado_Project/rtl/sa_engine_int8.v:234]
INFO: [Synth 8-4471] merging register 'cur_x_reg[15:0]' into 'cur_x_reg[15:0]' [E:/experiment/¸´µ©Î¢/Fast-BEV/Fastbev2.0_sa/part2_sa/part2_sa_v1.0/Vivado_Project/rtl/sa_engine_int8.v:148]
INFO: [Synth 8-4471] merging register 'cur_y_reg[15:0]' into 'cur_y_reg[15:0]' [E:/experiment/¸´µ©Î¢/Fast-BEV/Fastbev2.0_sa/part2_sa/part2_sa_v1.0/Vivado_Project/rtl/sa_engine_int8.v:149]
WARNING: [Synth 8-3936] Found unconnected internal register 'interp_p10_reg' and it is trimmed from '128' to '8' bits. [E:/experiment/¸´µ©Î¢/Fast-BEV/Fastbev2.0_sa/part2_sa/part2_sa_v1.0/Vivado_Project/rtl/sa_engine_int8.v:277]
WARNING: [Synth 8-3936] Found unconnected internal register 'interp_p11_reg' and it is trimmed from '128' to '8' bits. [E:/experiment/¸´µ©Î¢/Fast-BEV/Fastbev2.0_sa/part2_sa/part2_sa_v1.0/Vivado_Project/rtl/sa_engine_int8.v:278]
WARNING: [Synth 8-3936] Found unconnected internal register 'interp_p00_reg' and it is trimmed from '128' to '8' bits. [E:/experiment/¸´µ©Î¢/Fast-BEV/Fastbev2.0_sa/part2_sa/part2_sa_v1.0/Vivado_Project/rtl/sa_engine_int8.v:275]
WARNING: [Synth 8-3936] Found unconnected internal register 'interp_p01_reg' and it is trimmed from '128' to '8' bits. [E:/experiment/¸´µ©Î¢/Fast-BEV/Fastbev2.0_sa/part2_sa/part2_sa_v1.0/Vivado_Project/rtl/sa_engine_int8.v:276]
INFO: [Synth 8-5544] ROM "interp_group" won't be mapped to Block RAM because address size (2) smaller than threshold (5)
INFO: [Synth 8-5544] ROM "state" won't be mapped to Block RAM because address size (2) smaller than threshold (5)
INFO: [Synth 8-5544] ROM "rmw_half" won't be mapped to Block RAM because address size (2) smaller than threshold (5)
INFO: [Synth 8-5546] ROM "interp_pair0" won't be mapped to RAM because it is too sparse
INFO: [Synth 8-5546] ROM "interp_mul00" won't be mapped to RAM because it is too sparse
INFO: [Synth 8-5546] ROM "interp_p00" won't be mapped to RAM because it is too sparse
INFO: [Synth 8-5545] ROM "state" won't be mapped to RAM because address size (32) is larger than maximum supported(25)
WARNING: [Synth 8-6014] Unused sequential element  was removed.  [E:/experiment/¸´µ©Î¢/Fast-BEV/Fastbev2.0_sa/part2_sa/part2_sa_v1.0/Vivado_Project/rtl/sa_engine_int8.v:307]
WARNING: [Synth 8-6014] Unused sequential element  was removed.  [E:/experiment/¸´µ©Î¢/Fast-BEV/Fastbev2.0_sa/part2_sa/part2_sa_v1.0/Vivado_Project/rtl/sa_engine_int8.v:309]
WARNING: [Synth 8-6014] Unused sequential element  was removed.  [E:/experiment/¸´µ©Î¢/Fast-BEV/Fastbev2.0_sa/part2_sa/part2_sa_v1.0/Vivado_Project/rtl/sa_engine_int8.v:311]
WARNING: [Synth 8-6014] Unused sequential element  was removed.  [E:/experiment/¸´µ©Î¢/Fast-BEV/Fastbev2.0_sa/part2_sa/part2_sa_v1.0/Vivado_Project/rtl/sa_engine_int8.v:313]
WARNING: [Synth 8-6014] Unused sequential element  was removed.  [E:/experiment/¸´µ©Î¢/Fast-BEV/Fastbev2.0_sa/part2_sa/part2_sa_v1.0/Vivado_Project/rtl/sa_engine_int8.v:307]
WARNING: [Synth 8-6014] Unused sequential element  was removed.  [E:/experiment/¸´µ©Î¢/Fast-BEV/Fastbev2.0_sa/part2_sa/part2_sa_v1.0/Vivado_Project/rtl/sa_engine_int8.v:309]
WARNING: [Synth 8-6014] Unused sequential element  was removed.  [E:/experiment/¸´µ©Î¢/Fast-BEV/Fastbev2.0_sa/part2_sa/part2_sa_v1.0/Vivado_Project/rtl/sa_engine_int8.v:311]
WARNING: [Synth 8-6014] Unused sequential element  was removed.  [E:/experiment/¸´µ©Î¢/Fast-BEV/Fastbev2.0_sa/part2_sa/part2_sa_v1.0/Vivado_Project/rtl/sa_engine_int8.v:313]
WARNING: [Synth 8-6014] Unused sequential element  was removed.  [E:/experiment/¸´µ©Î¢/Fast-BEV/Fastbev2.0_sa/part2_sa/part2_sa_v1.0/Vivado_Project/rtl/sa_engine_int8.v:307]
WARNING: [Synth 8-6014] Unused sequential element  was removed.  [E:/experiment/¸´µ©Î¢/Fast-BEV/Fastbev2.0_sa/part2_sa/part2_sa_v1.0/Vivado_Project/rtl/sa_engine_int8.v:309]
WARNING: [Synth 8-6014] Unused sequential element  was removed.  [E:/experiment/¸´µ©Î¢/Fast-BEV/Fastbev2.0_sa/part2_sa/part2_sa_v1.0/Vivado_Project/rtl/sa_engine_int8.v:311]
WARNING: [Synth 8-6014] Unused sequential element  was removed.  [E:/experiment/¸´µ©Î¢/Fast-BEV/Fastbev2.0_sa/part2_sa/part2_sa_v1.0/Vivado_Project/rtl/sa_engine_int8.v:313]
WARNING: [Synth 8-6014] Unused sequential element  was removed.  [E:/experiment/¸´µ©Î¢/Fast-BEV/Fastbev2.0_sa/part2_sa/part2_sa_v1.0/Vivado_Project/rtl/sa_engine_int8.v:307]
WARNING: [Synth 8-6014] Unused sequential element  was removed.  [E:/experiment/¸´µ©Î¢/Fast-BEV/Fastbev2.0_sa/part2_sa/part2_sa_v1.0/Vivado_Project/rtl/sa_engine_int8.v:309]
WARNING: [Synth 8-6014] Unused sequential element  was removed.  [E:/experiment/¸´µ©Î¢/Fast-BEV/Fastbev2.0_sa/part2_sa/part2_sa_v1.0/Vivado_Project/rtl/sa_engine_int8.v:311]
WARNING: [Synth 8-6014] Unused sequential element  was removed.  [E:/experiment/¸´µ©Î¢/Fast-BEV/Fastbev2.0_sa/part2_sa/part2_sa_v1.0/Vivado_Project/rtl/sa_engine_int8.v:313]
WARNING: [Synth 8-6014] Unused sequential element  was removed.  [E:/experiment/¸´µ©Î¢/Fast-BEV/Fastbev2.0_sa/part2_sa/part2_sa_v1.0/Vivado_Project/rtl/sa_engine_int8.v:307]
WARNING: [Synth 8-6014] Unused sequential element  was removed.  [E:/experiment/¸´µ©Î¢/Fast-BEV/Fastbev2.0_sa/part2_sa/part2_sa_v1.0/Vivado_Project/rtl/sa_engine_int8.v:309]
WARNING: [Synth 8-6014] Unused sequential element  was removed.  [E:/experiment/¸´µ©Î¢/Fast-BEV/Fastbev2.0_sa/part2_sa/part2_sa_v1.0/Vivado_Project/rtl/sa_engine_int8.v:311]
WARNING: [Synth 8-6014] Unused sequential element  was removed.  [E:/experiment/¸´µ©Î¢/Fast-BEV/Fastbev2.0_sa/part2_sa/part2_sa_v1.0/Vivado_Project/rtl/sa_engine_int8.v:313]
WARNING: [Synth 8-6014] Unused sequential element  was removed.  [E:/experiment/¸´µ©Î¢/Fast-BEV/Fastbev2.0_sa/part2_sa/part2_sa_v1.0/Vivado_Project/rtl/sa_engine_int8.v:307]
WARNING: [Synth 8-6014] Unused sequential element  was removed.  [E:/experiment/¸´µ©Î¢/Fast-BEV/Fastbev2.0_sa/part2_sa/part2_sa_v1.0/Vivado_Project/rtl/sa_engine_int8.v:309]
WARNING: [Synth 8-6014] Unused sequential element  was removed.  [E:/experiment/¸´µ©Î¢/Fast-BEV/Fastbev2.0_sa/part2_sa/part2_sa_v1.0/Vivado_Project/rtl/sa_engine_int8.v:311]
WARNING: [Synth 8-6014] Unused sequential element  was removed.  [E:/experiment/¸´µ©Î¢/Fast-BEV/Fastbev2.0_sa/part2_sa/part2_sa_v1.0/Vivado_Project/rtl/sa_engine_int8.v:313]
WARNING: [Synth 8-6014] Unused sequential element  was removed.  [E:/experiment/¸´µ©Î¢/Fast-BEV/Fastbev2.0_sa/part2_sa/part2_sa_v1.0/Vivado_Project/rtl/sa_engine_int8.v:307]
WARNING: [Synth 8-6014] Unused sequential element  was removed.  [E:/experiment/¸´µ©Î¢/Fast-BEV/Fastbev2.0_sa/part2_sa/part2_sa_v1.0/Vivado_Project/rtl/sa_engine_int8.v:309]
WARNING: [Synth 8-6014] Unused sequential element  was removed.  [E:/experiment/¸´µ©Î¢/Fast-BEV/Fastbev2.0_sa/part2_sa/part2_sa_v1.0/Vivado_Project/rtl/sa_engine_int8.v:311]
WARNING: [Synth 8-6014] Unused sequential element  was removed.  [E:/experiment/¸´µ©Î¢/Fast-BEV/Fastbev2.0_sa/part2_sa/part2_sa_v1.0/Vivado_Project/rtl/sa_engine_int8.v:313]
WARNING: [Synth 8-6014] Unused sequential element  was removed.  [E:/experiment/¸´µ©Î¢/Fast-BEV/Fastbev2.0_sa/part2_sa/part2_sa_v1.0/Vivado_Project/rtl/sa_engine_int8.v:307]
WARNING: [Synth 8-6014] Unused sequential element  was removed.  [E:/experiment/¸´µ©Î¢/Fast-BEV/Fastbev2.0_sa/part2_sa/part2_sa_v1.0/Vivado_Project/rtl/sa_engine_int8.v:309]
WARNING: [Synth 8-6014] Unused sequential element  was removed.  [E:/experiment/¸´µ©Î¢/Fast-BEV/Fastbev2.0_sa/part2_sa/part2_sa_v1.0/Vivado_Project/rtl/sa_engine_int8.v:311]
WARNING: [Synth 8-6014] Unused sequential element  was removed.  [E:/experiment/¸´µ©Î¢/Fast-BEV/Fastbev2.0_sa/part2_sa/part2_sa_v1.0/Vivado_Project/rtl/sa_engine_int8.v:313]
WARNING: [Synth 8-6014] Unused sequential element  was removed.  [E:/experiment/¸´µ©Î¢/Fast-BEV/Fastbev2.0_sa/part2_sa/part2_sa_v1.0/Vivado_Project/rtl/sa_engine_int8.v:307]
WARNING: [Synth 8-6014] Unused sequential element  was removed.  [E:/experiment/¸´µ©Î¢/Fast-BEV/Fastbev2.0_sa/part2_sa/part2_sa_v1.0/Vivado_Project/rtl/sa_engine_int8.v:309]
WARNING: [Synth 8-6014] Unused sequential element  was removed.  [E:/experiment/¸´µ©Î¢/Fast-BEV/Fastbev2.0_sa/part2_sa/part2_sa_v1.0/Vivado_Project/rtl/sa_engine_int8.v:311]
WARNING: [Synth 8-6014] Unused sequential element  was removed.  [E:/experiment/¸´µ©Î¢/Fast-BEV/Fastbev2.0_sa/part2_sa/part2_sa_v1.0/Vivado_Project/rtl/sa_engine_int8.v:313]
WARNING: [Synth 8-6014] Unused sequential element  was removed.  [E:/experiment/¸´µ©Î¢/Fast-BEV/Fastbev2.0_sa/part2_sa/part2_sa_v1.0/Vivado_Project/rtl/sa_engine_int8.v:307]
WARNING: [Synth 8-6014] Unused sequential element  was removed.  [E:/experiment/¸´µ©Î¢/Fast-BEV/Fastbev2.0_sa/part2_sa/part2_sa_v1.0/Vivado_Project/rtl/sa_engine_int8.v:309]
WARNING: [Synth 8-6014] Unused sequential element  was removed.  [E:/experiment/¸´µ©Î¢/Fast-BEV/Fastbev2.0_sa/part2_sa/part2_sa_v1.0/Vivado_Project/rtl/sa_engine_int8.v:311]
WARNING: [Synth 8-6014] Unused sequential element  was removed.  [E:/experiment/¸´µ©Î¢/Fast-BEV/Fastbev2.0_sa/part2_sa/part2_sa_v1.0/Vivado_Project/rtl/sa_engine_int8.v:313]
WARNING: [Synth 8-6014] Unused sequential element  was removed.  [E:/experiment/¸´µ©Î¢/Fast-BEV/Fastbev2.0_sa/part2_sa/part2_sa_v1.0/Vivado_Project/rtl/sa_engine_int8.v:307]
WARNING: [Synth 8-6014] Unused sequential element  was removed.  [E:/experiment/¸´µ©Î¢/Fast-BEV/Fastbev2.0_sa/part2_sa/part2_sa_v1.0/Vivado_Project/rtl/sa_engine_int8.v:309]
WARNING: [Synth 8-6014] Unused sequential element  was removed.  [E:/experiment/¸´µ©Î¢/Fast-BEV/Fastbev2.0_sa/part2_sa/part2_sa_v1.0/Vivado_Project/rtl/sa_engine_int8.v:311]
WARNING: [Synth 8-6014] Unused sequential element  was removed.  [E:/experiment/¸´µ©Î¢/Fast-BEV/Fastbev2.0_sa/part2_sa/part2_sa_v1.0/Vivado_Project/rtl/sa_engine_int8.v:313]
WARNING: [Synth 8-6014] Unused sequential element  was removed.  [E:/experiment/¸´µ©Î¢/Fast-BEV/Fastbev2.0_sa/part2_sa/part2_sa_v1.0/Vivado_Project/rtl/sa_engine_int8.v:307]
WARNING: [Synth 8-6014] Unused sequential element  was removed.  [E:/experiment/¸´µ©Î¢/Fast-BEV/Fastbev2.0_sa/part2_sa/part2_sa_v1.0/Vivado_Project/rtl/sa_engine_int8.v:309]
WARNING: [Synth 8-6014] Unused sequential element  was removed.  [E:/experiment/¸´µ©Î¢/Fast-BEV/Fastbev2.0_sa/part2_sa/part2_sa_v1.0/Vivado_Project/rtl/sa_engine_int8.v:311]
WARNING: [Synth 8-6014] Unused sequential element  was removed.  [E:/experiment/¸´µ©Î¢/Fast-BEV/Fastbev2.0_sa/part2_sa/part2_sa_v1.0/Vivado_Project/rtl/sa_engine_int8.v:313]
WARNING: [Synth 8-6014] Unused sequential element  was removed.  [E:/experiment/¸´µ©Î¢/Fast-BEV/Fastbev2.0_sa/part2_sa/part2_sa_v1.0/Vivado_Project/rtl/sa_engine_int8.v:307]
WARNING: [Synth 8-6014] Unused sequential element  was removed.  [E:/experiment/¸´µ©Î¢/Fast-BEV/Fastbev2.0_sa/part2_sa/part2_sa_v1.0/Vivado_Project/rtl/sa_engine_int8.v:309]
WARNING: [Synth 8-6014] Unused sequential element  was removed.  [E:/experiment/¸´µ©Î¢/Fast-BEV/Fastbev2.0_sa/part2_sa/part2_sa_v1.0/Vivado_Project/rtl/sa_engine_int8.v:311]
WARNING: [Synth 8-6014] Unused sequential element  was removed.  [E:/experiment/¸´µ©Î¢/Fast-BEV/Fastbev2.0_sa/part2_sa/part2_sa_v1.0/Vivado_Project/rtl/sa_engine_int8.v:313]
WARNING: [Synth 8-6014] Unused sequential element  was removed.  [E:/experiment/¸´µ©Î¢/Fast-BEV/Fastbev2.0_sa/part2_sa/part2_sa_v1.0/Vivado_Project/rtl/sa_engine_int8.v:307]
WARNING: [Synth 8-6014] Unused sequential element  was removed.  [E:/experiment/¸´µ©Î¢/Fast-BEV/Fastbev2.0_sa/part2_sa/part2_sa_v1.0/Vivado_Project/rtl/sa_engine_int8.v:309]
WARNING: [Synth 8-6014] Unused sequential element  was removed.  [E:/experiment/¸´µ©Î¢/Fast-BEV/Fastbev2.0_sa/part2_sa/part2_sa_v1.0/Vivado_Project/rtl/sa_engine_int8.v:311]
WARNING: [Synth 8-6014] Unused sequential element  was removed.  [E:/experiment/¸´µ©Î¢/Fast-BEV/Fastbev2.0_sa/part2_sa/part2_sa_v1.0/Vivado_Project/rtl/sa_engine_int8.v:313]
WARNING: [Synth 8-6014] Unused sequential element  was removed.  [E:/experiment/¸´µ©Î¢/Fast-BEV/Fastbev2.0_sa/part2_sa/part2_sa_v1.0/Vivado_Project/rtl/sa_engine_int8.v:307]
WARNING: [Synth 8-6014] Unused sequential element  was removed.  [E:/experiment/¸´µ©Î¢/Fast-BEV/Fastbev2.0_sa/part2_sa/part2_sa_v1.0/Vivado_Project/rtl/sa_engine_int8.v:309]
WARNING: [Synth 8-6014] Unused sequential element  was removed.  [E:/experiment/¸´µ©Î¢/Fast-BEV/Fastbev2.0_sa/part2_sa/part2_sa_v1.0/Vivado_Project/rtl/sa_engine_int8.v:311]
WARNING: [Synth 8-6014] Unused sequential element  was removed.  [E:/experiment/¸´µ©Î¢/Fast-BEV/Fastbev2.0_sa/part2_sa/part2_sa_v1.0/Vivado_Project/rtl/sa_engine_int8.v:313]
DSP Report: Generating DSP pipe_a01_lo_reg, operation Mode is: (A*B2)'.
DSP Report: register cur_y_reg is absorbed into DSP pipe_a01_lo_reg.
DSP Report: register pipe_a01_lo_reg is absorbed into DSP pipe_a01_lo_reg.
DSP Report: operator a01_lo_product_w is absorbed into DSP pipe_a01_lo_reg.
DSP Report: Generating DSP pipe_a01_hi_reg, operation Mode is: (A*B2)'.
DSP Report: register B is absorbed into DSP pipe_a01_hi_reg.
DSP Report: register pipe_a01_hi_reg is absorbed into DSP pipe_a01_hi_reg.
DSP Report: operator a01_hi_product_w is absorbed into DSP pipe_a01_hi_reg.
DSP Report: Generating DSP pipe_a00_lo_reg, operation Mode is: (A*B2)'.
DSP Report: register cur_x_reg is absorbed into DSP pipe_a00_lo_reg.
DSP Report: register pipe_a00_lo_reg is absorbed into DSP pipe_a00_lo_reg.
DSP Report: operator a00_lo_product_w is absorbed into DSP pipe_a00_lo_reg.
DSP Report: Generating DSP pipe_a00_hi_reg, operation Mode is: (A*B2)'.
DSP Report: register B is absorbed into DSP pipe_a00_hi_reg.
DSP Report: register pipe_a00_hi_reg is absorbed into DSP pipe_a00_hi_reg.
DSP Report: operator a00_hi_product_w is absorbed into DSP pipe_a00_hi_reg.
DSP Report: Generating DSP pipe_a11_lo_reg, operation Mode is: (A*B2)'.
DSP Report: register cur_y_reg is absorbed into DSP pipe_a11_lo_reg.
DSP Report: register pipe_a11_lo_reg is absorbed into DSP pipe_a11_lo_reg.
DSP Report: operator a11_lo_product_w is absorbed into DSP pipe_a11_lo_reg.
DSP Report: Generating DSP pipe_a11_hi_reg, operation Mode is: (A*B2)'.
DSP Report: register B is absorbed into DSP pipe_a11_hi_reg.
DSP Report: register pipe_a11_hi_reg is absorbed into DSP pipe_a11_hi_reg.
DSP Report: operator a11_hi_product_w is absorbed into DSP pipe_a11_hi_reg.
DSP Report: Generating DSP pipe_a10_lo_reg, operation Mode is: (A*B2)'.
DSP Report: register cur_x_reg is absorbed into DSP pipe_a10_lo_reg.
DSP Report: register pipe_a10_lo_reg is absorbed into DSP pipe_a10_lo_reg.
DSP Report: operator a10_lo_product_w is absorbed into DSP pipe_a10_lo_reg.
DSP Report: Generating DSP pipe_a10_hi_reg, operation Mode is: (A*B2)'.
DSP Report: register B is absorbed into DSP pipe_a10_hi_reg.
DSP Report: register pipe_a10_hi_reg is absorbed into DSP pipe_a10_hi_reg.
DSP Report: operator a10_hi_product_w is absorbed into DSP pipe_a10_hi_reg.
DSP Report: Generating DSP z_base_offset_r_reg, operation Mode is: (A2*B2)'.
DSP Report: register cur_z_reg is absorbed into DSP z_base_offset_r_reg.
DSP Report: register plane_size_r_reg is absorbed into DSP z_base_offset_r_reg.
DSP Report: register z_base_offset_r_reg is absorbed into DSP z_base_offset_r_reg.
DSP Report: operator z_base_offset_product_w is absorbed into DSP z_base_offset_r_reg.
DSP Report: Generating DSP final_group_x_r_reg, operation Mode is: (C'+A*B)'.
DSP Report: register cur_x_reg is absorbed into DSP final_group_x_r_reg.
DSP Report: register final_group_x_r_reg is absorbed into DSP final_group_x_r_reg.
DSP Report: operator final_group_x_r0 is absorbed into DSP final_group_x_r_reg.
DSP Report: operator final_group_x_product_w is absorbed into DSP final_group_x_r_reg.
DSP Report: Generating DSP final_xy_r_reg, operation Mode is: (C'+A*B)'.
DSP Report: register cur_y_reg is absorbed into DSP final_xy_r_reg.
DSP Report: register final_xy_r_reg is absorbed into DSP final_xy_r_reg.
DSP Report: operator final_xy_r0 is absorbed into DSP final_xy_r_reg.
DSP Report: operator final_xy_product_w is absorbed into DSP final_xy_r_reg.
DSP Report: Generating DSP interp_mul10_reg[0], operation Mode is: (A2*B2)'.
DSP Report: register interp_p10_reg is absorbed into DSP interp_mul10_reg[0].
DSP Report: register A is absorbed into DSP interp_mul10_reg[0].
DSP Report: register interp_mul10_reg[0] is absorbed into DSP interp_mul10_reg[0].
DSP Report: operator p_0_out is absorbed into DSP interp_mul10_reg[0].
DSP Report: Generating DSP interp_pair1_reg[0], operation Mode is: (PCIN+(A2*B2)')'.
DSP Report: register interp_p11_reg is absorbed into DSP interp_pair1_reg[0].
DSP Report: register A is absorbed into DSP interp_pair1_reg[0].
DSP Report: register interp_pair1_reg[0] is absorbed into DSP interp_pair1_reg[0].
DSP Report: register interp_mul11_reg[0] is absorbed into DSP interp_pair1_reg[0].
DSP Report: operator p_0_out is absorbed into DSP interp_pair1_reg[0].
DSP Report: operator p_0_out is absorbed into DSP interp_pair1_reg[0].
DSP Report: Generating DSP interp_mul00_reg[0], operation Mode is: (A2*B2)'.
DSP Report: register interp_p00_reg is absorbed into DSP interp_mul00_reg[0].
DSP Report: register A is absorbed into DSP interp_mul00_reg[0].
DSP Report: register interp_mul00_reg[0] is absorbed into DSP interp_mul00_reg[0].
DSP Report: operator p_0_out is absorbed into DSP interp_mul00_reg[0].
DSP Report: Generating DSP interp_pair0_reg[0], operation Mode is: (PCIN+(A2*B2)')'.
DSP Report: register interp_p01_reg is absorbed into DSP interp_pair0_reg[0].
DSP Report: register A is absorbed into DSP interp_pair0_reg[0].
DSP Report: register interp_pair0_reg[0] is absorbed into DSP interp_pair0_reg[0].
DSP Report: register interp_mul01_reg[0] is absorbed into DSP interp_pair0_reg[0].
DSP Report: operator p_0_out is absorbed into DSP interp_pair0_reg[0].
DSP Report: operator p_0_out is absorbed into DSP interp_pair0_reg[0].
DSP Report: Generating DSP interp_acc_reg[0], operation Mode is: (PCIN+A:B)'.
DSP Report: register interp_acc_reg[0] is absorbed into DSP interp_acc_reg[0].
DSP Report: operator p_2_out is absorbed into DSP interp_acc_reg[0].
DSP Report: Generating DSP interp_mul10_reg[1], operation Mode is: (A2*B2)'.
DSP Report: register B is absorbed into DSP interp_mul10_reg[1].
DSP Report: register A is absorbed into DSP interp_mul10_reg[1].
DSP Report: register interp_mul10_reg[1] is absorbed into DSP interp_mul10_reg[1].
DSP Report: operator p_0_out is absorbed into DSP interp_mul10_reg[1].
DSP Report: Generating DSP interp_pair1_reg[1], operation Mode is: (PCIN+(A2*B2)')'.
DSP Report: register B is absorbed into DSP interp_pair1_reg[1].
DSP Report: register A is absorbed into DSP interp_pair1_reg[1].
DSP Report: register interp_pair1_reg[1] is absorbed into DSP interp_pair1_reg[1].
DSP Report: register interp_mul11_reg[1] is absorbed into DSP interp_pair1_reg[1].
DSP Report: operator p_0_out is absorbed into DSP interp_pair1_reg[1].
DSP Report: operator p_0_out is absorbed into DSP interp_pair1_reg[1].
DSP Report: Generating DSP interp_mul00_reg[1], operation Mode is: (A2*B2)'.
DSP Report: register B is absorbed into DSP interp_mul00_reg[1].
DSP Report: register A is absorbed into DSP interp_mul00_reg[1].
DSP Report: register interp_mul00_reg[1] is absorbed into DSP interp_mul00_reg[1].
DSP Report: operator p_0_out is absorbed into DSP interp_mul00_reg[1].
DSP Report: Generating DSP interp_pair0_reg[1], operation Mode is: (PCIN+(A2*B2)')'.
DSP Report: register B is absorbed into DSP interp_pair0_reg[1].
DSP Report: register A is absorbed into DSP interp_pair0_reg[1].
DSP Report: register interp_pair0_reg[1] is absorbed into DSP interp_pair0_reg[1].
DSP Report: register interp_mul01_reg[1] is absorbed into DSP interp_pair0_reg[1].
DSP Report: operator p_0_out is absorbed into DSP interp_pair0_reg[1].
DSP Report: operator p_0_out is absorbed into DSP interp_pair0_reg[1].
DSP Report: Generating DSP interp_acc_reg[1], operation Mode is: (PCIN+A:B)'.
DSP Report: register interp_acc_reg[1] is absorbed into DSP interp_acc_reg[1].
DSP Report: operator p_2_out is absorbed into DSP interp_acc_reg[1].
DSP Report: Generating DSP interp_mul10_reg[2], operation Mode is: (A2*B2)'.
DSP Report: register B is absorbed into DSP interp_mul10_reg[2].
DSP Report: register A is absorbed into DSP interp_mul10_reg[2].
DSP Report: register interp_mul10_reg[2] is absorbed into DSP interp_mul10_reg[2].
DSP Report: operator p_0_out is absorbed into DSP interp_mul10_reg[2].
DSP Report: Generating DSP interp_pair1_reg[2], operation Mode is: (PCIN+(A2*B2)')'.
DSP Report: register B is absorbed into DSP interp_pair1_reg[2].
DSP Report: register A is absorbed into DSP interp_pair1_reg[2].
DSP Report: register interp_pair1_reg[2] is absorbed into DSP interp_pair1_reg[2].
DSP Report: register interp_mul11_reg[2] is absorbed into DSP interp_pair1_reg[2].
DSP Report: operator p_0_out is absorbed into DSP interp_pair1_reg[2].
DSP Report: operator p_0_out is absorbed into DSP interp_pair1_reg[2].
DSP Report: Generating DSP interp_mul00_reg[2], operation Mode is: (A2*B2)'.
DSP Report: register B is absorbed into DSP interp_mul00_reg[2].
DSP Report: register A is absorbed into DSP interp_mul00_reg[2].
DSP Report: register interp_mul00_reg[2] is absorbed into DSP interp_mul00_reg[2].
DSP Report: operator p_0_out is absorbed into DSP interp_mul00_reg[2].
DSP Report: Generating DSP interp_pair0_reg[2], operation Mode is: (PCIN+(A2*B2)')'.
DSP Report: register B is absorbed into DSP interp_pair0_reg[2].
DSP Report: register A is absorbed into DSP interp_pair0_reg[2].
DSP Report: register interp_pair0_reg[2] is absorbed into DSP interp_pair0_reg[2].
DSP Report: register interp_mul01_reg[2] is absorbed into DSP interp_pair0_reg[2].
DSP Report: operator p_0_out is absorbed into DSP interp_pair0_reg[2].
DSP Report: operator p_0_out is absorbed into DSP interp_pair0_reg[2].
DSP Report: Generating DSP interp_acc_reg[2], operation Mode is: (PCIN+A:B)'.
DSP Report: register interp_acc_reg[2] is absorbed into DSP interp_acc_reg[2].
DSP Report: operator p_2_out is absorbed into DSP interp_acc_reg[2].
DSP Report: Generating DSP interp_mul10_reg[3], operation Mode is: (A2*B2)'.
DSP Report: register B is absorbed into DSP interp_mul10_reg[3].
DSP Report: register A is absorbed into DSP interp_mul10_reg[3].
DSP Report: register interp_mul10_reg[3] is absorbed into DSP interp_mul10_reg[3].
DSP Report: operator p_0_out is absorbed into DSP interp_mul10_reg[3].
DSP Report: Generating DSP interp_pair1_reg[3], operation Mode is: (PCIN+(A2*B2)')'.
DSP Report: register B is absorbed into DSP interp_pair1_reg[3].
DSP Report: register A is absorbed into DSP interp_pair1_reg[3].
DSP Report: register interp_pair1_reg[3] is absorbed into DSP interp_pair1_reg[3].
DSP Report: register interp_mul11_reg[3] is absorbed into DSP interp_pair1_reg[3].
DSP Report: operator p_0_out is absorbed into DSP interp_pair1_reg[3].
DSP Report: operator p_0_out is absorbed into DSP interp_pair1_reg[3].
DSP Report: Generating DSP interp_mul00_reg[3], operation Mode is: (A2*B2)'.
DSP Report: register B is absorbed into DSP interp_mul00_reg[3].
DSP Report: register A is absorbed into DSP interp_mul00_reg[3].
DSP Report: register interp_mul00_reg[3] is absorbed into DSP interp_mul00_reg[3].
DSP Report: operator p_0_out is absorbed into DSP interp_mul00_reg[3].
DSP Report: Generating DSP interp_pair0_reg[3], operation Mode is: (PCIN+(A2*B2)')'.
DSP Report: register B is absorbed into DSP interp_pair0_reg[3].
DSP Report: register A is absorbed into DSP interp_pair0_reg[3].
DSP Report: register interp_pair0_reg[3] is absorbed into DSP interp_pair0_reg[3].
DSP Report: register interp_mul01_reg[3] is absorbed into DSP interp_pair0_reg[3].
DSP Report: operator p_0_out is absorbed into DSP interp_pair0_reg[3].
DSP Report: operator p_0_out is absorbed into DSP interp_pair0_reg[3].
DSP Report: Generating DSP interp_acc_reg[3], operation Mode is: (PCIN+A:B)'.
DSP Report: register interp_acc_reg[3] is absorbed into DSP interp_acc_reg[3].
DSP Report: operator p_2_out is absorbed into DSP interp_acc_reg[3].
DSP Report: Generating DSP interp_mul10_reg[4], operation Mode is: (A2*B2)'.
DSP Report: register B is absorbed into DSP interp_mul10_reg[4].
DSP Report: register A is absorbed into DSP interp_mul10_reg[4].
DSP Report: register interp_mul10_reg[4] is absorbed into DSP interp_mul10_reg[4].
DSP Report: operator p_0_out is absorbed into DSP interp_mul10_reg[4].
DSP Report: Generating DSP interp_pair1_reg[4], operation Mode is: (PCIN+(A2*B2)')'.
DSP Report: register B is absorbed into DSP interp_pair1_reg[4].
DSP Report: register A is absorbed into DSP interp_pair1_reg[4].
DSP Report: register interp_pair1_reg[4] is absorbed into DSP interp_pair1_reg[4].
DSP Report: register interp_mul11_reg[4] is absorbed into DSP interp_pair1_reg[4].
DSP Report: operator p_0_out is absorbed into DSP interp_pair1_reg[4].
DSP Report: operator p_0_out is absorbed into DSP interp_pair1_reg[4].
DSP Report: Generating DSP interp_mul00_reg[4], operation Mode is: (A2*B2)'.
DSP Report: register B is absorbed into DSP interp_mul00_reg[4].
DSP Report: register A is absorbed into DSP interp_mul00_reg[4].
DSP Report: register interp_mul00_reg[4] is absorbed into DSP interp_mul00_reg[4].
DSP Report: operator p_0_out is absorbed into DSP interp_mul00_reg[4].
DSP Report: Generating DSP interp_pair0_reg[4], operation Mode is: (PCIN+(A2*B2)')'.
DSP Report: register B is absorbed into DSP interp_pair0_reg[4].
DSP Report: register A is absorbed into DSP interp_pair0_reg[4].
DSP Report: register interp_pair0_reg[4] is absorbed into DSP interp_pair0_reg[4].
DSP Report: register interp_mul01_reg[4] is absorbed into DSP interp_pair0_reg[4].
DSP Report: operator p_0_out is absorbed into DSP interp_pair0_reg[4].
DSP Report: operator p_0_out is absorbed into DSP interp_pair0_reg[4].
DSP Report: Generating DSP interp_acc_reg[4], operation Mode is: (PCIN+A:B)'.
DSP Report: register interp_acc_reg[4] is absorbed into DSP interp_acc_reg[4].
DSP Report: operator p_2_out is absorbed into DSP interp_acc_reg[4].
DSP Report: Generating DSP interp_mul10_reg[5], operation Mode is: (A2*B2)'.
DSP Report: register B is absorbed into DSP interp_mul10_reg[5].
DSP Report: register A is absorbed into DSP interp_mul10_reg[5].
DSP Report: register interp_mul10_reg[5] is absorbed into DSP interp_mul10_reg[5].
DSP Report: operator p_0_out is absorbed into DSP interp_mul10_reg[5].
DSP Report: Generating DSP interp_pair1_reg[5], operation Mode is: (PCIN+(A2*B2)')'.
DSP Report: register B is absorbed into DSP interp_pair1_reg[5].
DSP Report: register A is absorbed into DSP interp_pair1_reg[5].
DSP Report: register interp_pair1_reg[5] is absorbed into DSP interp_pair1_reg[5].
DSP Report: register interp_mul11_reg[5] is absorbed into DSP interp_pair1_reg[5].
DSP Report: operator p_0_out is absorbed into DSP interp_pair1_reg[5].
DSP Report: operator p_0_out is absorbed into DSP interp_pair1_reg[5].
DSP Report: Generating DSP interp_mul00_reg[5], operation Mode is: (A2*B2)'.
DSP Report: register B is absorbed into DSP interp_mul00_reg[5].
DSP Report: register A is absorbed into DSP interp_mul00_reg[5].
DSP Report: register interp_mul00_reg[5] is absorbed into DSP interp_mul00_reg[5].
DSP Report: operator p_0_out is absorbed into DSP interp_mul00_reg[5].
DSP Report: Generating DSP interp_pair0_reg[5], operation Mode is: (PCIN+(A2*B2)')'.
DSP Report: register B is absorbed into DSP interp_pair0_reg[5].
DSP Report: register A is absorbed into DSP interp_pair0_reg[5].
DSP Report: register interp_pair0_reg[5] is absorbed into DSP interp_pair0_reg[5].
DSP Report: register interp_mul01_reg[5] is absorbed into DSP interp_pair0_reg[5].
DSP Report: operator p_0_out is absorbed into DSP interp_pair0_reg[5].
DSP Report: operator p_0_out is absorbed into DSP interp_pair0_reg[5].
DSP Report: Generating DSP interp_acc_reg[5], operation Mode is: (PCIN+A:B)'.
DSP Report: register interp_acc_reg[5] is absorbed into DSP interp_acc_reg[5].
DSP Report: operator p_2_out is absorbed into DSP interp_acc_reg[5].
DSP Report: Generating DSP interp_mul10_reg[6], operation Mode is: (A2*B2)'.
DSP Report: register B is absorbed into DSP interp_mul10_reg[6].
DSP Report: register A is absorbed into DSP interp_mul10_reg[6].
DSP Report: register interp_mul10_reg[6] is absorbed into DSP interp_mul10_reg[6].
DSP Report: operator p_0_out is absorbed into DSP interp_mul10_reg[6].
DSP Report: Generating DSP interp_pair1_reg[6], operation Mode is: (PCIN+(A2*B2)')'.
DSP Report: register B is absorbed into DSP interp_pair1_reg[6].
DSP Report: register A is absorbed into DSP interp_pair1_reg[6].
DSP Report: register interp_pair1_reg[6] is absorbed into DSP interp_pair1_reg[6].
DSP Report: register interp_mul11_reg[6] is absorbed into DSP interp_pair1_reg[6].
DSP Report: operator p_0_out is absorbed into DSP interp_pair1_reg[6].
DSP Report: operator p_0_out is absorbed into DSP interp_pair1_reg[6].
DSP Report: Generating DSP interp_mul00_reg[6], operation Mode is: (A2*B2)'.
DSP Report: register B is absorbed into DSP interp_mul00_reg[6].
DSP Report: register A is absorbed into DSP interp_mul00_reg[6].
DSP Report: register interp_mul00_reg[6] is absorbed into DSP interp_mul00_reg[6].
DSP Report: operator p_0_out is absorbed into DSP interp_mul00_reg[6].
DSP Report: Generating DSP interp_pair0_reg[6], operation Mode is: (PCIN+(A2*B2)')'.
DSP Report: register B is absorbed into DSP interp_pair0_reg[6].
DSP Report: register A is absorbed into DSP interp_pair0_reg[6].
DSP Report: register interp_pair0_reg[6] is absorbed into DSP interp_pair0_reg[6].
DSP Report: register interp_mul01_reg[6] is absorbed into DSP interp_pair0_reg[6].
DSP Report: operator p_0_out is absorbed into DSP interp_pair0_reg[6].
DSP Report: operator p_0_out is absorbed into DSP interp_pair0_reg[6].
DSP Report: Generating DSP interp_acc_reg[6], operation Mode is: (PCIN+A:B)'.
DSP Report: register interp_acc_reg[6] is absorbed into DSP interp_acc_reg[6].
DSP Report: operator p_2_out is absorbed into DSP interp_acc_reg[6].
DSP Report: Generating DSP interp_mul10_reg[7], operation Mode is: (A2*B2)'.
DSP Report: register B is absorbed into DSP interp_mul10_reg[7].
DSP Report: register A is absorbed into DSP interp_mul10_reg[7].
DSP Report: register interp_mul10_reg[7] is absorbed into DSP interp_mul10_reg[7].
DSP Report: operator p_0_out is absorbed into DSP interp_mul10_reg[7].
DSP Report: Generating DSP interp_pair1_reg[7], operation Mode is: (PCIN+(A2*B2)')'.
DSP Report: register B is absorbed into DSP interp_pair1_reg[7].
DSP Report: register A is absorbed into DSP interp_pair1_reg[7].
DSP Report: register interp_pair1_reg[7] is absorbed into DSP interp_pair1_reg[7].
DSP Report: register interp_mul11_reg[7] is absorbed into DSP interp_pair1_reg[7].
DSP Report: operator p_0_out is absorbed into DSP interp_pair1_reg[7].
DSP Report: operator p_0_out is absorbed into DSP interp_pair1_reg[7].
DSP Report: Generating DSP interp_mul00_reg[7], operation Mode is: (A2*B2)'.
DSP Report: register B is absorbed into DSP interp_mul00_reg[7].
DSP Report: register A is absorbed into DSP interp_mul00_reg[7].
DSP Report: register interp_mul00_reg[7] is absorbed into DSP interp_mul00_reg[7].
DSP Report: operator p_0_out is absorbed into DSP interp_mul00_reg[7].
DSP Report: Generating DSP interp_pair0_reg[7], operation Mode is: (PCIN+(A2*B2)')'.
DSP Report: register B is absorbed into DSP interp_pair0_reg[7].
DSP Report: register A is absorbed into DSP interp_pair0_reg[7].
DSP Report: register interp_pair0_reg[7] is absorbed into DSP interp_pair0_reg[7].
DSP Report: register interp_mul01_reg[7] is absorbed into DSP interp_pair0_reg[7].
DSP Report: operator p_0_out is absorbed into DSP interp_pair0_reg[7].
DSP Report: operator p_0_out is absorbed into DSP interp_pair0_reg[7].
DSP Report: Generating DSP interp_acc_reg[7], operation Mode is: (PCIN+A:B)'.
DSP Report: register interp_acc_reg[7] is absorbed into DSP interp_acc_reg[7].
DSP Report: operator p_2_out is absorbed into DSP interp_acc_reg[7].
DSP Report: Generating DSP interp_mul10_reg[8], operation Mode is: (A2*B2)'.
DSP Report: register B is absorbed into DSP interp_mul10_reg[8].
DSP Report: register A is absorbed into DSP interp_mul10_reg[8].
DSP Report: register interp_mul10_reg[8] is absorbed into DSP interp_mul10_reg[8].
DSP Report: operator p_0_out is absorbed into DSP interp_mul10_reg[8].
DSP Report: Generating DSP interp_pair1_reg[8], operation Mode is: (PCIN+(A2*B2)')'.
DSP Report: register B is absorbed into DSP interp_pair1_reg[8].
DSP Report: register A is absorbed into DSP interp_pair1_reg[8].
DSP Report: register interp_pair1_reg[8] is absorbed into DSP interp_pair1_reg[8].
DSP Report: register interp_mul11_reg[8] is absorbed into DSP interp_pair1_reg[8].
DSP Report: operator p_0_out is absorbed into DSP interp_pair1_reg[8].
DSP Report: operator p_0_out is absorbed into DSP interp_pair1_reg[8].
DSP Report: Generating DSP interp_mul00_reg[8], operation Mode is: (A2*B2)'.
DSP Report: register B is absorbed into DSP interp_mul00_reg[8].
DSP Report: register A is absorbed into DSP interp_mul00_reg[8].
DSP Report: register interp_mul00_reg[8] is absorbed into DSP interp_mul00_reg[8].
DSP Report: operator p_0_out is absorbed into DSP interp_mul00_reg[8].
DSP Report: Generating DSP interp_pair0_reg[8], operation Mode is: (PCIN+(A2*B2)')'.
DSP Report: register B is absorbed into DSP interp_pair0_reg[8].
DSP Report: register A is absorbed into DSP interp_pair0_reg[8].
DSP Report: register interp_pair0_reg[8] is absorbed into DSP interp_pair0_reg[8].
DSP Report: register interp_mul01_reg[8] is absorbed into DSP interp_pair0_reg[8].
DSP Report: operator p_0_out is absorbed into DSP interp_pair0_reg[8].
DSP Report: operator p_0_out is absorbed into DSP interp_pair0_reg[8].
DSP Report: Generating DSP interp_acc_reg[8], operation Mode is: (PCIN+A:B)'.
DSP Report: register interp_acc_reg[8] is absorbed into DSP interp_acc_reg[8].
DSP Report: operator p_2_out is absorbed into DSP interp_acc_reg[8].
DSP Report: Generating DSP interp_mul10_reg[9], operation Mode is: (A2*B2)'.
DSP Report: register B is absorbed into DSP interp_mul10_reg[9].
DSP Report: register A is absorbed into DSP interp_mul10_reg[9].
DSP Report: register interp_mul10_reg[9] is absorbed into DSP interp_mul10_reg[9].
DSP Report: operator p_0_out is absorbed into DSP interp_mul10_reg[9].
DSP Report: Generating DSP interp_pair1_reg[9], operation Mode is: (PCIN+(A2*B2)')'.
DSP Report: register B is absorbed into DSP interp_pair1_reg[9].
DSP Report: register A is absorbed into DSP interp_pair1_reg[9].
DSP Report: register interp_pair1_reg[9] is absorbed into DSP interp_pair1_reg[9].
DSP Report: register interp_mul11_reg[9] is absorbed into DSP interp_pair1_reg[9].
DSP Report: operator p_0_out is absorbed into DSP interp_pair1_reg[9].
DSP Report: operator p_0_out is absorbed into DSP interp_pair1_reg[9].
DSP Report: Generating DSP interp_mul00_reg[9], operation Mode is: (A2*B2)'.
DSP Report: register B is absorbed into DSP interp_mul00_reg[9].
DSP Report: register A is absorbed into DSP interp_mul00_reg[9].
DSP Report: register interp_mul00_reg[9] is absorbed into DSP interp_mul00_reg[9].
DSP Report: operator p_0_out is absorbed into DSP interp_mul00_reg[9].
DSP Report: Generating DSP interp_pair0_reg[9], operation Mode is: (PCIN+(A2*B2)')'.
DSP Report: register B is absorbed into DSP interp_pair0_reg[9].
DSP Report: register A is absorbed into DSP interp_pair0_reg[9].
DSP Report: register interp_pair0_reg[9] is absorbed into DSP interp_pair0_reg[9].
DSP Report: register interp_mul01_reg[9] is absorbed into DSP interp_pair0_reg[9].
DSP Report: operator p_0_out is absorbed into DSP interp_pair0_reg[9].
DSP Report: operator p_0_out is absorbed into DSP interp_pair0_reg[9].
DSP Report: Generating DSP interp_acc_reg[9], operation Mode is: (PCIN+A:B)'.
DSP Report: register interp_acc_reg[9] is absorbed into DSP interp_acc_reg[9].
DSP Report: operator p_2_out is absorbed into DSP interp_acc_reg[9].
DSP Report: Generating DSP interp_mul10_reg[10], operation Mode is: (A2*B2)'.
DSP Report: register B is absorbed into DSP interp_mul10_reg[10].
DSP Report: register A is absorbed into DSP interp_mul10_reg[10].
DSP Report: register interp_mul10_reg[10] is absorbed into DSP interp_mul10_reg[10].
DSP Report: operator p_0_out is absorbed into DSP interp_mul10_reg[10].
DSP Report: Generating DSP interp_pair1_reg[10], operation Mode is: (PCIN+(A2*B2)')'.
DSP Report: register B is absorbed into DSP interp_pair1_reg[10].
DSP Report: register A is absorbed into DSP interp_pair1_reg[10].
DSP Report: register interp_pair1_reg[10] is absorbed into DSP interp_pair1_reg[10].
DSP Report: register interp_mul11_reg[10] is absorbed into DSP interp_pair1_reg[10].
DSP Report: operator p_0_out is absorbed into DSP interp_pair1_reg[10].
DSP Report: operator p_0_out is absorbed into DSP interp_pair1_reg[10].
DSP Report: Generating DSP interp_mul00_reg[10], operation Mode is: (A2*B2)'.
DSP Report: register B is absorbed into DSP interp_mul00_reg[10].
DSP Report: register A is absorbed into DSP interp_mul00_reg[10].
DSP Report: register interp_mul00_reg[10] is absorbed into DSP interp_mul00_reg[10].
DSP Report: operator p_0_out is absorbed into DSP interp_mul00_reg[10].
DSP Report: Generating DSP interp_pair0_reg[10], operation Mode is: (PCIN+(A2*B2)')'.
DSP Report: register B is absorbed into DSP interp_pair0_reg[10].
DSP Report: register A is absorbed into DSP interp_pair0_reg[10].
DSP Report: register interp_pair0_reg[10] is absorbed into DSP interp_pair0_reg[10].
DSP Report: register interp_mul01_reg[10] is absorbed into DSP interp_pair0_reg[10].
DSP Report: operator p_0_out is absorbed into DSP interp_pair0_reg[10].
DSP Report: operator p_0_out is absorbed into DSP interp_pair0_reg[10].
DSP Report: Generating DSP interp_acc_reg[10], operation Mode is: (PCIN+A:B)'.
DSP Report: register interp_acc_reg[10] is absorbed into DSP interp_acc_reg[10].
DSP Report: operator p_2_out is absorbed into DSP interp_acc_reg[10].
DSP Report: Generating DSP interp_mul10_reg[11], operation Mode is: (A2*B2)'.
DSP Report: register B is absorbed into DSP interp_mul10_reg[11].
DSP Report: register A is absorbed into DSP interp_mul10_reg[11].
DSP Report: register interp_mul10_reg[11] is absorbed into DSP interp_mul10_reg[11].
DSP Report: operator p_0_out is absorbed into DSP interp_mul10_reg[11].
DSP Report: Generating DSP interp_pair1_reg[11], operation Mode is: (PCIN+(A2*B2)')'.
DSP Report: register B is absorbed into DSP interp_pair1_reg[11].
DSP Report: register A is absorbed into DSP interp_pair1_reg[11].
DSP Report: register interp_pair1_reg[11] is absorbed into DSP interp_pair1_reg[11].
DSP Report: register interp_mul11_reg[11] is absorbed into DSP interp_pair1_reg[11].
DSP Report: operator p_0_out is absorbed into DSP interp_pair1_reg[11].
DSP Report: operator p_0_out is absorbed into DSP interp_pair1_reg[11].
DSP Report: Generating DSP interp_mul00_reg[11], operation Mode is: (A2*B2)'.
DSP Report: register B is absorbed into DSP interp_mul00_reg[11].
DSP Report: register A is absorbed into DSP interp_mul00_reg[11].
DSP Report: register interp_mul00_reg[11] is absorbed into DSP interp_mul00_reg[11].
DSP Report: operator p_0_out is absorbed into DSP interp_mul00_reg[11].
DSP Report: Generating DSP interp_pair0_reg[11], operation Mode is: (PCIN+(A2*B2)')'.
DSP Report: register B is absorbed into DSP interp_pair0_reg[11].
DSP Report: register A is absorbed into DSP interp_pair0_reg[11].
DSP Report: register interp_pair0_reg[11] is absorbed into DSP interp_pair0_reg[11].
DSP Report: register interp_mul01_reg[11] is absorbed into DSP interp_pair0_reg[11].
DSP Report: operator p_0_out is absorbed into DSP interp_pair0_reg[11].
DSP Report: operator p_0_out is absorbed into DSP interp_pair0_reg[11].
DSP Report: Generating DSP interp_acc_reg[11], operation Mode is: (PCIN+A:B)'.
DSP Report: register interp_acc_reg[11] is absorbed into DSP interp_acc_reg[11].
DSP Report: operator p_2_out is absorbed into DSP interp_acc_reg[11].
DSP Report: Generating DSP interp_mul10_reg[12], operation Mode is: (A2*B2)'.
DSP Report: register B is absorbed into DSP interp_mul10_reg[12].
DSP Report: register A is absorbed into DSP interp_mul10_reg[12].
DSP Report: register interp_mul10_reg[12] is absorbed into DSP interp_mul10_reg[12].
DSP Report: operator p_0_out is absorbed into DSP interp_mul10_reg[12].
DSP Report: Generating DSP interp_pair1_reg[12], operation Mode is: (PCIN+(A2*B2)')'.
DSP Report: register B is absorbed into DSP interp_pair1_reg[12].
DSP Report: register A is absorbed into DSP interp_pair1_reg[12].
DSP Report: register interp_pair1_reg[12] is absorbed into DSP interp_pair1_reg[12].
DSP Report: register interp_mul11_reg[12] is absorbed into DSP interp_pair1_reg[12].
DSP Report: operator p_0_out is absorbed into DSP interp_pair1_reg[12].
DSP Report: operator p_0_out is absorbed into DSP interp_pair1_reg[12].
DSP Report: Generating DSP interp_mul00_reg[12], operation Mode is: (A2*B2)'.
DSP Report: register B is absorbed into DSP interp_mul00_reg[12].
DSP Report: register A is absorbed into DSP interp_mul00_reg[12].
DSP Report: register interp_mul00_reg[12] is absorbed into DSP interp_mul00_reg[12].
DSP Report: operator p_0_out is absorbed into DSP interp_mul00_reg[12].
DSP Report: Generating DSP interp_pair0_reg[12], operation Mode is: (PCIN+(A2*B2)')'.
DSP Report: register B is absorbed into DSP interp_pair0_reg[12].
DSP Report: register A is absorbed into DSP interp_pair0_reg[12].
DSP Report: register interp_pair0_reg[12] is absorbed into DSP interp_pair0_reg[12].
DSP Report: register interp_mul01_reg[12] is absorbed into DSP interp_pair0_reg[12].
DSP Report: operator p_0_out is absorbed into DSP interp_pair0_reg[12].
DSP Report: operator p_0_out is absorbed into DSP interp_pair0_reg[12].
DSP Report: Generating DSP interp_acc_reg[12], operation Mode is: (PCIN+A:B)'.
DSP Report: register interp_acc_reg[12] is absorbed into DSP interp_acc_reg[12].
DSP Report: operator p_2_out is absorbed into DSP interp_acc_reg[12].
DSP Report: Generating DSP interp_mul10_reg[13], operation Mode is: (A2*B2)'.
DSP Report: register B is absorbed into DSP interp_mul10_reg[13].
DSP Report: register A is absorbed into DSP interp_mul10_reg[13].
DSP Report: register interp_mul10_reg[13] is absorbed into DSP interp_mul10_reg[13].
DSP Report: operator p_0_out is absorbed into DSP interp_mul10_reg[13].
DSP Report: Generating DSP interp_pair1_reg[13], operation Mode is: (PCIN+(A2*B2)')'.
DSP Report: register B is absorbed into DSP interp_pair1_reg[13].
DSP Report: register A is absorbed into DSP interp_pair1_reg[13].
DSP Report: register interp_pair1_reg[13] is absorbed into DSP interp_pair1_reg[13].
DSP Report: register interp_mul11_reg[13] is absorbed into DSP interp_pair1_reg[13].
DSP Report: operator p_0_out is absorbed into DSP interp_pair1_reg[13].
DSP Report: operator p_0_out is absorbed into DSP interp_pair1_reg[13].
DSP Report: Generating DSP interp_mul00_reg[13], operation Mode is: (A2*B2)'.
DSP Report: register B is absorbed into DSP interp_mul00_reg[13].
DSP Report: register A is absorbed into DSP interp_mul00_reg[13].
DSP Report: register interp_mul00_reg[13] is absorbed into DSP interp_mul00_reg[13].
DSP Report: operator p_0_out is absorbed into DSP interp_mul00_reg[13].
DSP Report: Generating DSP interp_pair0_reg[13], operation Mode is: (PCIN+(A2*B2)')'.
DSP Report: register B is absorbed into DSP interp_pair0_reg[13].
DSP Report: register A is absorbed into DSP interp_pair0_reg[13].
DSP Report: register interp_pair0_reg[13] is absorbed into DSP interp_pair0_reg[13].
DSP Report: register interp_mul01_reg[13] is absorbed into DSP interp_pair0_reg[13].
DSP Report: operator p_0_out is absorbed into DSP interp_pair0_reg[13].
DSP Report: operator p_0_out is absorbed into DSP interp_pair0_reg[13].
DSP Report: Generating DSP interp_acc_reg[13], operation Mode is: (PCIN+A:B)'.
DSP Report: register interp_acc_reg[13] is absorbed into DSP interp_acc_reg[13].
DSP Report: operator p_2_out is absorbed into DSP interp_acc_reg[13].
DSP Report: Generating DSP interp_mul10_reg[14], operation Mode is: (A2*B2)'.
DSP Report: register B is absorbed into DSP interp_mul10_reg[14].
DSP Report: register A is absorbed into DSP interp_mul10_reg[14].
DSP Report: register interp_mul10_reg[14] is absorbed into DSP interp_mul10_reg[14].
DSP Report: operator p_0_out is absorbed into DSP interp_mul10_reg[14].
DSP Report: Generating DSP interp_pair1_reg[14], operation Mode is: (PCIN+(A2*B2)')'.
DSP Report: register B is absorbed into DSP interp_pair1_reg[14].
DSP Report: register A is absorbed into DSP interp_pair1_reg[14].
DSP Report: register interp_pair1_reg[14] is absorbed into DSP interp_pair1_reg[14].
DSP Report: register interp_mul11_reg[14] is absorbed into DSP interp_pair1_reg[14].
DSP Report: operator p_0_out is absorbed into DSP interp_pair1_reg[14].
DSP Report: operator p_0_out is absorbed into DSP interp_pair1_reg[14].
DSP Report: Generating DSP interp_mul00_reg[14], operation Mode is: (A2*B2)'.
DSP Report: register B is absorbed into DSP interp_mul00_reg[14].
DSP Report: register A is absorbed into DSP interp_mul00_reg[14].
DSP Report: register interp_mul00_reg[14] is absorbed into DSP interp_mul00_reg[14].
DSP Report: operator p_0_out is absorbed into DSP interp_mul00_reg[14].
DSP Report: Generating DSP interp_pair0_reg[14], operation Mode is: (PCIN+(A2*B2)')'.
DSP Report: register B is absorbed into DSP interp_pair0_reg[14].
DSP Report: register A is absorbed into DSP interp_pair0_reg[14].
DSP Report: register interp_pair0_reg[14] is absorbed into DSP interp_pair0_reg[14].
DSP Report: register interp_mul01_reg[14] is absorbed into DSP interp_pair0_reg[14].
DSP Report: operator p_0_out is absorbed into DSP interp_pair0_reg[14].
DSP Report: operator p_0_out is absorbed into DSP interp_pair0_reg[14].
DSP Report: Generating DSP interp_acc_reg[14], operation Mode is: (PCIN+A:B)'.
DSP Report: register interp_acc_reg[14] is absorbed into DSP interp_acc_reg[14].
DSP Report: operator p_2_out is absorbed into DSP interp_acc_reg[14].
DSP Report: Generating DSP interp_mul10_reg[15], operation Mode is: (A2*B2)'.
DSP Report: register B is absorbed into DSP interp_mul10_reg[15].
DSP Report: register A is absorbed into DSP interp_mul10_reg[15].
DSP Report: register interp_mul10_reg[15] is absorbed into DSP interp_mul10_reg[15].
DSP Report: operator p_0_out is absorbed into DSP interp_mul10_reg[15].
DSP Report: Generating DSP interp_pair1_reg[15], operation Mode is: (PCIN+(A2*B2)')'.
DSP Report: register B is absorbed into DSP interp_pair1_reg[15].
DSP Report: register A is absorbed into DSP interp_pair1_reg[15].
DSP Report: register interp_pair1_reg[15] is absorbed into DSP interp_pair1_reg[15].
DSP Report: register interp_mul11_reg[15] is absorbed into DSP interp_pair1_reg[15].
DSP Report: operator p_0_out is absorbed into DSP interp_pair1_reg[15].
DSP Report: operator p_0_out is absorbed into DSP interp_pair1_reg[15].
DSP Report: Generating DSP interp_mul00_reg[15], operation Mode is: (A2*B2)'.
DSP Report: register B is absorbed into DSP interp_mul00_reg[15].
DSP Report: register A is absorbed into DSP interp_mul00_reg[15].
DSP Report: register interp_mul00_reg[15] is absorbed into DSP interp_mul00_reg[15].
DSP Report: operator p_0_out is absorbed into DSP interp_mul00_reg[15].
DSP Report: Generating DSP interp_pair0_reg[15], operation Mode is: (PCIN+(A2*B2)')'.
DSP Report: register B is absorbed into DSP interp_pair0_reg[15].
DSP Report: register A is absorbed into DSP interp_pair0_reg[15].
DSP Report: register interp_pair0_reg[15] is absorbed into DSP interp_pair0_reg[15].
DSP Report: register interp_mul01_reg[15] is absorbed into DSP interp_pair0_reg[15].
DSP Report: operator p_0_out is absorbed into DSP interp_pair0_reg[15].
DSP Report: operator p_0_out is absorbed into DSP interp_pair0_reg[15].
DSP Report: Generating DSP interp_acc_reg[15], operation Mode is: (PCIN+A:B)'.
DSP Report: register interp_acc_reg[15] is absorbed into DSP interp_acc_reg[15].
DSP Report: operator p_2_out is absorbed into DSP interp_acc_reg[15].
INFO: [Synth 8-5545] ROM "state" won't be mapped to RAM because address size (32) is larger than maximum supported(25)
DSP Report: Generating DSP quant_total_pixels0, operation Mode is: A*B.
DSP Report: operator quant_total_pixels0 is absorbed into DSP quant_total_pixels0.
DSP Report: Generating DSP quant_total_pixels, operation Mode is: A*B.
DSP Report: operator quant_total_pixels is absorbed into DSP quant_total_pixels.
INFO: [Synth 8-3886] merging instance 'U_bev_accel_top/U_quant_engine/GEN_QUANT_LANE[0].U_fp32_int8_quant/s1_partial_hi_reg[0]' (FDR) to 'U_bev_accel_top/U_quant_engine/GEN_QUANT_LANE[0].U_fp32_int8_quant/s1_partial_hi_reg[1]'
INFO: [Synth 8-3886] merging instance 'U_bev_accel_top/U_quant_engine/GEN_QUANT_LANE[0].U_fp32_int8_quant/s1_partial_hi_reg[1]' (FDR) to 'U_bev_accel_top/U_quant_engine/GEN_QUANT_LANE[0].U_fp32_int8_quant/s1_partial_hi_reg[2]'
INFO: [Synth 8-3886] merging instance 'U_bev_accel_top/U_quant_engine/GEN_QUANT_LANE[0].U_fp32_int8_quant/s1_partial_hi_reg[2]' (FDR) to 'U_bev_accel_top/U_quant_engine/GEN_QUANT_LANE[0].U_fp32_int8_quant/s1_partial_hi_reg[3]'
INFO: [Synth 8-3886] merging instance 'U_bev_accel_top/U_quant_engine/GEN_QUANT_LANE[0].U_fp32_int8_quant/s1_partial_hi_reg[3]' (FDR) to 'U_bev_accel_top/U_quant_engine/GEN_QUANT_LANE[0].U_fp32_int8_quant/s1_partial_hi_reg[4]'
INFO: [Synth 8-3886] merging instance 'U_bev_accel_top/U_quant_engine/GEN_QUANT_LANE[0].U_fp32_int8_quant/s1_partial_hi_reg[4]' (FDR) to 'U_bev_accel_top/U_quant_engine/GEN_QUANT_LANE[0].U_fp32_int8_quant/s1_partial_hi_reg[5]'
INFO: [Synth 8-3886] merging instance 'U_bev_accel_top/U_quant_engine/GEN_QUANT_LANE[0].U_fp32_int8_quant/s1_partial_hi_reg[5]' (FDR) to 'U_bev_accel_top/U_quant_engine/GEN_QUANT_LANE[0].U_fp32_int8_quant/s1_partial_hi_reg[34]'
INFO: [Synth 8-3886] merging instance 'U_bev_accel_top/U_quant_engine/GEN_QUANT_LANE[0].U_fp32_int8_quant/s1_partial_lo_reg[29]' (FDR) to 'U_bev_accel_top/U_quant_engine/GEN_QUANT_LANE[0].U_fp32_int8_quant/s1_partial_hi_reg[34]'
INFO: [Synth 8-3886] merging instance 'U_bev_accel_top/U_quant_engine/GEN_QUANT_LANE[0].U_fp32_int8_quant/s1_partial_lo_reg[30]' (FDR) to 'U_bev_accel_top/U_quant_engine/GEN_QUANT_LANE[0].U_fp32_int8_quant/s1_partial_hi_reg[34]'
INFO: [Synth 8-3886] merging instance 'U_bev_accel_top/U_quant_engine/GEN_QUANT_LANE[0].U_fp32_int8_quant/s1_partial_lo_reg[31]' (FDR) to 'U_bev_accel_top/U_quant_engine/GEN_QUANT_LANE[0].U_fp32_int8_quant/s1_partial_hi_reg[34]'
INFO: [Synth 8-3886] merging instance 'U_bev_accel_top/U_quant_engine/GEN_QUANT_LANE[0].U_fp32_int8_quant/s1_partial_lo_reg[32]' (FDR) to 'U_bev_accel_top/U_quant_engine/GEN_QUANT_LANE[0].U_fp32_int8_quant/s1_partial_hi_reg[34]'
INFO: [Synth 8-3886] merging instance 'U_bev_accel_top/U_quant_engine/GEN_QUANT_LANE[0].U_fp32_int8_quant/s1_partial_lo_reg[33]' (FDR) to 'U_bev_accel_top/U_quant_engine/GEN_QUANT_LANE[0].U_fp32_int8_quant/s1_partial_hi_reg[34]'
INFO: [Synth 8-3886] merging instance 'U_bev_accel_top/U_quant_engine/GEN_QUANT_LANE[0].U_fp32_int8_quant/s1_partial_hi_reg[34]' (FDR) to 'U_bev_accel_top/U_quant_engine/GEN_QUANT_LANE[0].U_fp32_int8_quant/s1_partial_hi_reg[35]'
INFO: [Synth 8-3886] merging instance 'U_bev_accel_top/U_quant_engine/GEN_QUANT_LANE[0].U_fp32_int8_quant/s1_partial_lo_reg[34]' (FDR) to 'U_bev_accel_top/U_quant_engine/GEN_QUANT_LANE[0].U_fp32_int8_quant/s1_partial_hi_reg[35]'
INFO: [Synth 8-3886] merging instance 'U_bev_accel_top/U_quant_engine/GEN_QUANT_LANE[0].U_fp32_int8_quant/s1_partial_hi_reg[35]' (FDR) to 'U_bev_accel_top/U_quant_engine/GEN_QUANT_LANE[0].U_fp32_int8_quant/s1_partial_hi_reg[36]'
INFO: [Synth 8-3886] merging instance 'U_bev_accel_top/U_quant_engine/GEN_QUANT_LANE[0].U_fp32_int8_quant/s1_partial_lo_reg[35]' (FDR) to 'U_bev_accel_top/U_quant_engine/GEN_QUANT_LANE[0].U_fp32_int8_quant/s1_partial_hi_reg[36]'
INFO: [Synth 8-3886] merging instance 'U_bev_accel_top/U_quant_engine/GEN_QUANT_LANE[0].U_fp32_int8_quant/s1_partial_hi_reg[36]' (FDR) to 'U_bev_accel_top/U_quant_engine/GEN_QUANT_LANE[0].U_fp32_int8_quant/s1_partial_hi_reg[37]'
INFO: [Synth 8-3886] merging instance 'U_bev_accel_top/U_quant_engine/GEN_QUANT_LANE[0].U_fp32_int8_quant/s1_partial_lo_reg[36]' (FDR) to 'U_bev_accel_top/U_quant_engine/GEN_QUANT_LANE[0].U_fp32_int8_quant/s1_partial_hi_reg[37]'
INFO: [Synth 8-3886] merging instance 'U_bev_accel_top/U_quant_engine/GEN_QUANT_LANE[0].U_fp32_int8_quant/s1_partial_hi_reg[37]' (FDR) to 'U_bev_accel_top/U_quant_engine/GEN_QUANT_LANE[0].U_fp32_int8_quant/s1_partial_hi_reg[38]'
INFO: [Synth 8-3886] merging instance 'U_bev_accel_top/U_quant_engine/GEN_QUANT_LANE[0].U_fp32_int8_quant/s1_partial_lo_reg[37]' (FDR) to 'U_bev_accel_top/U_quant_engine/GEN_QUANT_LANE[0].U_fp32_int8_quant/s1_partial_hi_reg[38]'
INFO: [Synth 8-3886] merging instance 'U_bev_accel_top/U_quant_engine/GEN_QUANT_LANE[0].U_fp32_int8_quant/s1_partial_hi_reg[38]' (FDR) to 'U_bev_accel_top/U_quant_engine/GEN_QUANT_LANE[0].U_fp32_int8_quant/s1_partial_hi_reg[39]'
INFO: [Synth 8-3886] merging instance 'U_bev_accel_top/U_quant_engine/GEN_QUANT_LANE[0].U_fp32_int8_quant/s1_partial_lo_reg[38]' (FDR) to 'U_bev_accel_top/U_quant_engine/GEN_QUANT_LANE[0].U_fp32_int8_quant/s1_partial_hi_reg[39]'
INFO: [Synth 8-3886] merging instance 'U_bev_accel_top/U_quant_engine/GEN_QUANT_LANE[0].U_fp32_int8_quant/s1_partial_hi_reg[39]' (FDR) to 'U_bev_accel_top/U_quant_engine/GEN_QUANT_LANE[0].U_fp32_int8_quant/s1_partial_lo_reg[39]'
INFO: [Synth 8-3333] propagating constant 0 across sequential element (\U_bev_accel_top/U_quant_engine /\GEN_QUANT_LANE[0].U_fp32_int8_quant /\s1_partial_lo_reg[39] )
INFO: [Synth 8-3886] merging instance 'U_bev_accel_top/U_quant_engine/GEN_QUANT_LANE[1].U_fp32_int8_quant/s1_partial_hi_reg[0]' (FDR) to 'U_bev_accel_top/U_quant_engine/GEN_QUANT_LANE[1].U_fp32_int8_quant/s1_partial_hi_reg[1]'
INFO: [Synth 8-3886] merging instance 'U_bev_accel_top/U_quant_engine/GEN_QUANT_LANE[1].U_fp32_int8_quant/s1_partial_hi_reg[1]' (FDR) to 'U_bev_accel_top/U_quant_engine/GEN_QUANT_LANE[1].U_fp32_int8_quant/s1_partial_hi_reg[2]'
INFO: [Synth 8-3886] merging instance 'U_bev_accel_top/U_quant_engine/GEN_QUANT_LANE[1].U_fp32_int8_quant/s1_partial_hi_reg[2]' (FDR) to 'U_bev_accel_top/U_quant_engine/GEN_QUANT_LANE[1].U_fp32_int8_quant/s1_partial_hi_reg[3]'
INFO: [Synth 8-3886] merging instance 'U_bev_accel_top/U_quant_engine/GEN_QUANT_LANE[1].U_fp32_int8_quant/s1_partial_hi_reg[3]' (FDR) to 'U_bev_accel_top/U_quant_engine/GEN_QUANT_LANE[1].U_fp32_int8_quant/s1_partial_hi_reg[4]'
INFO: [Synth 8-3886] merging instance 'U_bev_accel_top/U_quant_engine/GEN_QUANT_LANE[1].U_fp32_int8_quant/s1_partial_hi_reg[4]' (FDR) to 'U_bev_accel_top/U_quant_engine/GEN_QUANT_LANE[1].U_fp32_int8_quant/s1_partial_hi_reg[5]'
INFO: [Synth 8-3886] merging instance 'U_bev_accel_top/U_quant_engine/GEN_QUANT_LANE[1].U_fp32_int8_quant/s1_partial_hi_reg[5]' (FDR) to 'U_bev_accel_top/U_quant_engine/GEN_QUANT_LANE[1].U_fp32_int8_quant/s1_partial_hi_reg[34]'
INFO: [Synth 8-3886] merging instance 'U_bev_accel_top/U_quant_engine/GEN_QUANT_LANE[1].U_fp32_int8_quant/s1_partial_lo_reg[29]' (FDR) to 'U_bev_accel_top/U_quant_engine/GEN_QUANT_LANE[1].U_fp32_int8_quant/s1_partial_hi_reg[34]'
INFO: [Synth 8-3886] merging instance 'U_bev_accel_top/U_quant_engine/GEN_QUANT_LANE[1].U_fp32_int8_quant/s1_partial_lo_reg[30]' (FDR) to 'U_bev_accel_top/U_quant_engine/GEN_QUANT_LANE[1].U_fp32_int8_quant/s1_partial_hi_reg[34]'
INFO: [Synth 8-3886] merging instance 'U_bev_accel_top/U_quant_engine/GEN_QUANT_LANE[1].U_fp32_int8_quant/s1_partial_lo_reg[31]' (FDR) to 'U_bev_accel_top/U_quant_engine/GEN_QUANT_LANE[1].U_fp32_int8_quant/s1_partial_hi_reg[34]'
INFO: [Synth 8-3886] merging instance 'U_bev_accel_top/U_quant_engine/GEN_QUANT_LANE[1].U_fp32_int8_quant/s1_partial_lo_reg[32]' (FDR) to 'U_bev_accel_top/U_quant_engine/GEN_QUANT_LANE[1].U_fp32_int8_quant/s1_partial_hi_reg[34]'
INFO: [Synth 8-3886] merging instance 'U_bev_accel_top/U_quant_engine/GEN_QUANT_LANE[1].U_fp32_int8_quant/s1_partial_lo_reg[33]' (FDR) to 'U_bev_accel_top/U_quant_engine/GEN_QUANT_LANE[1].U_fp32_int8_quant/s1_partial_hi_reg[34]'
INFO: [Synth 8-3886] merging instance 'U_bev_accel_top/U_quant_engine/GEN_QUANT_LANE[1].U_fp32_int8_quant/s1_partial_hi_reg[34]' (FDR) to 'U_bev_accel_top/U_quant_engine/GEN_QUANT_LANE[1].U_fp32_int8_quant/s1_partial_hi_reg[35]'
INFO: [Synth 8-3886] merging instance 'U_bev_accel_top/U_quant_engine/GEN_QUANT_LANE[1].U_fp32_int8_quant/s1_partial_lo_reg[34]' (FDR) to 'U_bev_accel_top/U_quant_engine/GEN_QUANT_LANE[1].U_fp32_int8_quant/s1_partial_hi_reg[35]'
INFO: [Synth 8-3886] merging instance 'U_bev_accel_top/U_quant_engine/GEN_QUANT_LANE[1].U_fp32_int8_quant/s1_partial_hi_reg[35]' (FDR) to 'U_bev_accel_top/U_quant_engine/GEN_QUANT_LANE[1].U_fp32_int8_quant/s1_partial_hi_reg[36]'
INFO: [Synth 8-3886] merging instance 'U_bev_accel_top/U_quant_engine/GEN_QUANT_LANE[1].U_fp32_int8_quant/s1_partial_lo_reg[35]' (FDR) to 'U_bev_accel_top/U_quant_engine/GEN_QUANT_LANE[1].U_fp32_int8_quant/s1_partial_hi_reg[36]'
INFO: [Synth 8-3886] merging instance 'U_bev_accel_top/U_quant_engine/GEN_QUANT_LANE[1].U_fp32_int8_quant/s1_partial_hi_reg[36]' (FDR) to 'U_bev_accel_top/U_quant_engine/GEN_QUANT_LANE[1].U_fp32_int8_quant/s1_partial_hi_reg[37]'
INFO: [Synth 8-3886] merging instance 'U_bev_accel_top/U_quant_engine/GEN_QUANT_LANE[1].U_fp32_int8_quant/s1_partial_lo_reg[36]' (FDR) to 'U_bev_accel_top/U_quant_engine/GEN_QUANT_LANE[1].U_fp32_int8_quant/s1_partial_hi_reg[37]'
INFO: [Synth 8-3886] merging instance 'U_bev_accel_top/U_quant_engine/GEN_QUANT_LANE[1].U_fp32_int8_quant/s1_partial_hi_reg[37]' (FDR) to 'U_bev_accel_top/U_quant_engine/GEN_QUANT_LANE[1].U_fp32_int8_quant/s1_partial_hi_reg[38]'
INFO: [Synth 8-3886] merging instance 'U_bev_accel_top/U_quant_engine/GEN_QUANT_LANE[1].U_fp32_int8_quant/s1_partial_lo_reg[37]' (FDR) to 'U_bev_accel_top/U_quant_engine/GEN_QUANT_LANE[1].U_fp32_int8_quant/s1_partial_hi_reg[38]'
INFO: [Synth 8-3886] merging instance 'U_bev_accel_top/U_quant_engine/GEN_QUANT_LANE[1].U_fp32_int8_quant/s1_partial_hi_reg[38]' (FDR) to 'U_bev_accel_top/U_quant_engine/GEN_QUANT_LANE[1].U_fp32_int8_quant/s1_partial_hi_reg[39]'
INFO: [Synth 8-3886] merging instance 'U_bev_accel_top/U_quant_engine/GEN_QUANT_LANE[1].U_fp32_int8_quant/s1_partial_lo_reg[38]' (FDR) to 'U_bev_accel_top/U_quant_engine/GEN_QUANT_LANE[1].U_fp32_int8_quant/s1_partial_hi_reg[39]'
INFO: [Synth 8-3886] merging instance 'U_bev_accel_top/U_quant_engine/GEN_QUANT_LANE[1].U_fp32_int8_quant/s1_partial_hi_reg[39]' (FDR) to 'U_bev_accel_top/U_quant_engine/GEN_QUANT_LANE[1].U_fp32_int8_quant/s1_partial_lo_reg[39]'
INFO: [Synth 8-3333] propagating constant 0 across sequential element (\U_bev_accel_top/U_quant_engine /\GEN_QUANT_LANE[1].U_fp32_int8_quant /\s1_partial_lo_reg[39] )
INFO: [Synth 8-3886] merging instance 'U_bev_accel_top/U_quant_engine/GEN_QUANT_LANE[2].U_fp32_int8_quant/s1_partial_hi_reg[0]' (FDR) to 'U_bev_accel_top/U_quant_engine/GEN_QUANT_LANE[2].U_fp32_int8_quant/s1_partial_hi_reg[1]'
INFO: [Synth 8-3886] merging instance 'U_bev_accel_top/U_quant_engine/GEN_QUANT_LANE[2].U_fp32_int8_quant/s1_partial_hi_reg[1]' (FDR) to 'U_bev_accel_top/U_quant_engine/GEN_QUANT_LANE[2].U_fp32_int8_quant/s1_partial_hi_reg[2]'
INFO: [Synth 8-3886] merging instance 'U_bev_accel_top/U_quant_engine/GEN_QUANT_LANE[2].U_fp32_int8_quant/s1_partial_hi_reg[2]' (FDR) to 'U_bev_accel_top/U_quant_engine/GEN_QUANT_LANE[2].U_fp32_int8_quant/s1_partial_hi_reg[3]'
INFO: [Synth 8-3886] merging instance 'U_bev_accel_top/U_quant_engine/GEN_QUANT_LANE[2].U_fp32_int8_quant/s1_partial_hi_reg[3]' (FDR) to 'U_bev_accel_top/U_quant_engine/GEN_QUANT_LANE[2].U_fp32_int8_quant/s1_partial_hi_reg[4]'
INFO: [Synth 8-3886] merging instance 'U_bev_accel_top/U_quant_engine/GEN_QUANT_LANE[2].U_fp32_int8_quant/s1_partial_hi_reg[4]' (FDR) to 'U_bev_accel_top/U_quant_engine/GEN_QUANT_LANE[2].U_fp32_int8_quant/s1_partial_hi_reg[5]'
INFO: [Synth 8-3886] merging instance 'U_bev_accel_top/U_quant_engine/GEN_QUANT_LANE[2].U_fp32_int8_quant/s1_partial_hi_reg[5]' (FDR) to 'U_bev_accel_top/U_quant_engine/GEN_QUANT_LANE[2].U_fp32_int8_quant/s1_partial_hi_reg[34]'
INFO: [Synth 8-3886] merging instance 'U_bev_accel_top/U_quant_engine/GEN_QUANT_LANE[2].U_fp32_int8_quant/s1_partial_lo_reg[29]' (FDR) to 'U_bev_accel_top/U_quant_engine/GEN_QUANT_LANE[2].U_fp32_int8_quant/s1_partial_hi_reg[34]'
INFO: [Synth 8-3886] merging instance 'U_bev_accel_top/U_quant_engine/GEN_QUANT_LANE[2].U_fp32_int8_quant/s1_partial_lo_reg[30]' (FDR) to 'U_bev_accel_top/U_quant_engine/GEN_QUANT_LANE[2].U_fp32_int8_quant/s1_partial_hi_reg[34]'
INFO: [Synth 8-3886] merging instance 'U_bev_accel_top/U_quant_engine/GEN_QUANT_LANE[2].U_fp32_int8_quant/s1_partial_lo_reg[31]' (FDR) to 'U_bev_accel_top/U_quant_engine/GEN_QUANT_LANE[2].U_fp32_int8_quant/s1_partial_hi_reg[34]'
INFO: [Synth 8-3886] merging instance 'U_bev_accel_top/U_quant_engine/GEN_QUANT_LANE[2].U_fp32_int8_quant/s1_partial_lo_reg[32]' (FDR) to 'U_bev_accel_top/U_quant_engine/GEN_QUANT_LANE[2].U_fp32_int8_quant/s1_partial_hi_reg[34]'
INFO: [Synth 8-3886] merging instance 'U_bev_accel_top/U_quant_engine/GEN_QUANT_LANE[2].U_fp32_int8_quant/s1_partial_lo_reg[33]' (FDR) to 'U_bev_accel_top/U_quant_engine/GEN_QUANT_LANE[2].U_fp32_int8_quant/s1_partial_hi_reg[34]'
INFO: [Synth 8-3886] merging instance 'U_bev_accel_top/U_quant_engine/GEN_QUANT_LANE[2].U_fp32_int8_quant/s1_partial_hi_reg[34]' (FDR) to 'U_bev_accel_top/U_quant_engine/GEN_QUANT_LANE[2].U_fp32_int8_quant/s1_partial_hi_reg[35]'
INFO: [Synth 8-3886] merging instance 'U_bev_accel_top/U_quant_engine/GEN_QUANT_LANE[2].U_fp32_int8_quant/s1_partial_lo_reg[34]' (FDR) to 'U_bev_accel_top/U_quant_engine/GEN_QUANT_LANE[2].U_fp32_int8_quant/s1_partial_hi_reg[35]'
INFO: [Synth 8-3886] merging instance 'U_bev_accel_top/U_quant_engine/GEN_QUANT_LANE[2].U_fp32_int8_quant/s1_partial_hi_reg[35]' (FDR) to 'U_bev_accel_top/U_quant_engine/GEN_QUANT_LANE[2].U_fp32_int8_quant/s1_partial_hi_reg[36]'
INFO: [Synth 8-3886] merging instance 'U_bev_accel_top/U_quant_engine/GEN_QUANT_LANE[2].U_fp32_int8_quant/s1_partial_lo_reg[35]' (FDR) to 'U_bev_accel_top/U_quant_engine/GEN_QUANT_LANE[2].U_fp32_int8_quant/s1_partial_hi_reg[36]'
INFO: [Synth 8-3886] merging instance 'U_bev_accel_top/U_quant_engine/GEN_QUANT_LANE[2].U_fp32_int8_quant/s1_partial_hi_reg[36]' (FDR) to 'U_bev_accel_top/U_quant_engine/GEN_QUANT_LANE[2].U_fp32_int8_quant/s1_partial_hi_reg[37]'
INFO: [Synth 8-3886] merging instance 'U_bev_accel_top/U_quant_engine/GEN_QUANT_LANE[2].U_fp32_int8_quant/s1_partial_lo_reg[36]' (FDR) to 'U_bev_accel_top/U_quant_engine/GEN_QUANT_LANE[2].U_fp32_int8_quant/s1_partial_hi_reg[37]'
INFO: [Synth 8-3886] merging instance 'U_bev_accel_top/U_quant_engine/GEN_QUANT_LANE[2].U_fp32_int8_quant/s1_partial_hi_reg[37]' (FDR) to 'U_bev_accel_top/U_quant_engine/GEN_QUANT_LANE[2].U_fp32_int8_quant/s1_partial_hi_reg[38]'
INFO: [Synth 8-3886] merging instance 'U_bev_accel_top/U_quant_engine/GEN_QUANT_LANE[2].U_fp32_int8_quant/s1_partial_lo_reg[37]' (FDR) to 'U_bev_accel_top/U_quant_engine/GEN_QUANT_LANE[2].U_fp32_int8_quant/s1_partial_hi_reg[38]'
INFO: [Synth 8-3886] merging instance 'U_bev_accel_top/U_quant_engine/GEN_QUANT_LANE[2].U_fp32_int8_quant/s1_partial_hi_reg[38]' (FDR) to 'U_bev_accel_top/U_quant_engine/GEN_QUANT_LANE[2].U_fp32_int8_quant/s1_partial_hi_reg[39]'
INFO: [Synth 8-3886] merging instance 'U_bev_accel_top/U_quant_engine/GEN_QUANT_LANE[2].U_fp32_int8_quant/s1_partial_lo_reg[38]' (FDR) to 'U_bev_accel_top/U_quant_engine/GEN_QUANT_LANE[2].U_fp32_int8_quant/s1_partial_hi_reg[39]'
INFO: [Synth 8-3886] merging instance 'U_bev_accel_top/U_quant_engine/GEN_QUANT_LANE[2].U_fp32_int8_quant/s1_partial_hi_reg[39]' (FDR) to 'U_bev_accel_top/U_quant_engine/GEN_QUANT_LANE[2].U_fp32_int8_quant/s1_partial_lo_reg[39]'
INFO: [Synth 8-3333] propagating constant 0 across sequential element (\U_bev_accel_top/U_quant_engine /\GEN_QUANT_LANE[2].U_fp32_int8_quant /\s1_partial_lo_reg[39] )
INFO: [Synth 8-3886] merging instance 'U_bev_accel_top/U_quant_engine/GEN_QUANT_LANE[3].U_fp32_int8_quant/s1_partial_hi_reg[0]' (FDR) to 'U_bev_accel_top/U_quant_engine/GEN_QUANT_LANE[3].U_fp32_int8_quant/s1_partial_hi_reg[1]'
INFO: [Synth 8-3886] merging instance 'U_bev_accel_top/U_quant_engine/GEN_QUANT_LANE[3].U_fp32_int8_quant/s1_partial_hi_reg[1]' (FDR) to 'U_bev_accel_top/U_quant_engine/GEN_QUANT_LANE[3].U_fp32_int8_quant/s1_partial_hi_reg[2]'
INFO: [Synth 8-3886] merging instance 'U_bev_accel_top/U_quant_engine/GEN_QUANT_LANE[3].U_fp32_int8_quant/s1_partial_hi_reg[2]' (FDR) to 'U_bev_accel_top/U_quant_engine/GEN_QUANT_LANE[3].U_fp32_int8_quant/s1_partial_hi_reg[3]'
INFO: [Synth 8-3886] merging instance 'U_bev_accel_top/U_quant_engine/GEN_QUANT_LANE[3].U_fp32_int8_quant/s1_partial_hi_reg[3]' (FDR) to 'U_bev_accel_top/U_quant_engine/GEN_QUANT_LANE[3].U_fp32_int8_quant/s1_partial_hi_reg[4]'
INFO: [Synth 8-3886] merging instance 'U_bev_accel_top/U_quant_engine/GEN_QUANT_LANE[3].U_fp32_int8_quant/s1_partial_hi_reg[4]' (FDR) to 'U_bev_accel_top/U_quant_engine/GEN_QUANT_LANE[3].U_fp32_int8_quant/s1_partial_hi_reg[5]'
INFO: [Synth 8-3886] merging instance 'U_bev_accel_top/U_quant_engine/GEN_QUANT_LANE[3].U_fp32_int8_quant/s1_partial_hi_reg[5]' (FDR) to 'U_bev_accel_top/U_quant_engine/GEN_QUANT_LANE[3].U_fp32_int8_quant/s1_partial_hi_reg[34]'
INFO: [Synth 8-3886] merging instance 'U_bev_accel_top/U_quant_engine/GEN_QUANT_LANE[3].U_fp32_int8_quant/s1_partial_lo_reg[29]' (FDR) to 'U_bev_accel_top/U_quant_engine/GEN_QUANT_LANE[3].U_fp32_int8_quant/s1_partial_hi_reg[34]'
INFO: [Synth 8-3886] merging instance 'U_bev_accel_top/U_quant_engine/GEN_QUANT_LANE[3].U_fp32_int8_quant/s1_partial_lo_reg[30]' (FDR) to 'U_bev_accel_top/U_quant_engine/GEN_QUANT_LANE[3].U_fp32_int8_quant/s1_partial_hi_reg[34]'
INFO: [Synth 8-3886] merging instance 'U_bev_accel_top/U_quant_engine/GEN_QUANT_LANE[3].U_fp32_int8_quant/s1_partial_lo_reg[31]' (FDR) to 'U_bev_accel_top/U_quant_engine/GEN_QUANT_LANE[3].U_fp32_int8_quant/s1_partial_hi_reg[34]'
INFO: [Synth 8-3886] merging instance 'U_bev_accel_top/U_quant_engine/GEN_QUANT_LANE[3].U_fp32_int8_quant/s1_partial_lo_reg[32]' (FDR) to 'U_bev_accel_top/U_quant_engine/GEN_QUANT_LANE[3].U_fp32_int8_quant/s1_partial_hi_reg[34]'
INFO: [Synth 8-3886] merging instance 'U_bev_accel_top/U_quant_engine/GEN_QUANT_LANE[3].U_fp32_int8_quant/s1_partial_lo_reg[33]' (FDR) to 'U_bev_accel_top/U_quant_engine/GEN_QUANT_LANE[3].U_fp32_int8_quant/s1_partial_hi_reg[34]'
INFO: [Synth 8-3886] merging instance 'U_bev_accel_top/U_quant_engine/GEN_QUANT_LANE[3].U_fp32_int8_quant/s1_partial_hi_reg[34]' (FDR) to 'U_bev_accel_top/U_quant_engine/GEN_QUANT_LANE[3].U_fp32_int8_quant/s1_partial_hi_reg[35]'
INFO: [Synth 8-3886] merging instance 'U_bev_accel_top/U_quant_engine/GEN_QUANT_LANE[3].U_fp32_int8_quant/s1_partial_lo_reg[34]' (FDR) to 'U_bev_accel_top/U_quant_engine/GEN_QUANT_LANE[3].U_fp32_int8_quant/s1_partial_hi_reg[35]'
INFO: [Synth 8-3886] merging instance 'U_bev_accel_top/U_quant_engine/GEN_QUANT_LANE[3].U_fp32_int8_quant/s1_partial_hi_reg[35]' (FDR) to 'U_bev_accel_top/U_quant_engine/GEN_QUANT_LANE[3].U_fp32_int8_quant/s1_partial_hi_reg[36]'
INFO: [Synth 8-3886] merging instance 'U_bev_accel_top/U_quant_engine/GEN_QUANT_LANE[3].U_fp32_int8_quant/s1_partial_lo_reg[35]' (FDR) to 'U_bev_accel_top/U_quant_engine/GEN_QUANT_LANE[3].U_fp32_int8_quant/s1_partial_hi_reg[36]'
INFO: [Synth 8-3886] merging instance 'U_bev_accel_top/U_quant_engine/GEN_QUANT_LANE[3].U_fp32_int8_quant/s1_partial_hi_reg[36]' (FDR) to 'U_bev_accel_top/U_quant_engine/GEN_QUANT_LANE[3].U_fp32_int8_quant/s1_partial_hi_reg[37]'
INFO: [Synth 8-3886] merging instance 'U_bev_accel_top/U_quant_engine/GEN_QUANT_LANE[3].U_fp32_int8_quant/s1_partial_lo_reg[36]' (FDR) to 'U_bev_accel_top/U_quant_engine/GEN_QUANT_LANE[3].U_fp32_int8_quant/s1_partial_hi_reg[37]'
INFO: [Synth 8-3886] merging instance 'U_bev_accel_top/U_quant_engine/GEN_QUANT_LANE[3].U_fp32_int8_quant/s1_partial_hi_reg[37]' (FDR) to 'U_bev_accel_top/U_quant_engine/GEN_QUANT_LANE[3].U_fp32_int8_quant/s1_partial_hi_reg[38]'
INFO: [Synth 8-3886] merging instance 'U_bev_accel_top/U_quant_engine/GEN_QUANT_LANE[3].U_fp32_int8_quant/s1_partial_lo_reg[37]' (FDR) to 'U_bev_accel_top/U_quant_engine/GEN_QUANT_LANE[3].U_fp32_int8_quant/s1_partial_hi_reg[38]'
INFO: [Synth 8-3886] merging instance 'U_bev_accel_top/U_quant_engine/GEN_QUANT_LANE[3].U_fp32_int8_quant/s1_partial_hi_reg[38]' (FDR) to 'U_bev_accel_top/U_quant_engine/GEN_QUANT_LANE[3].U_fp32_int8_quant/s1_partial_hi_reg[39]'
INFO: [Synth 8-3886] merging instance 'U_bev_accel_top/U_quant_engine/GEN_QUANT_LANE[3].U_fp32_int8_quant/s1_partial_lo_reg[38]' (FDR) to 'U_bev_accel_top/U_quant_engine/GEN_QUANT_LANE[3].U_fp32_int8_quant/s1_partial_hi_reg[39]'
INFO: [Synth 8-3886] merging instance 'U_bev_accel_top/U_quant_engine/GEN_QUANT_LANE[3].U_fp32_int8_quant/s1_partial_hi_reg[39]' (FDR) to 'U_bev_accel_top/U_quant_engine/GEN_QUANT_LANE[3].U_fp32_int8_quant/s1_partial_lo_reg[39]'
INFO: [Synth 8-3333] propagating constant 0 across sequential element (\U_bev_accel_top/U_quant_engine /\GEN_QUANT_LANE[3].U_fp32_int8_quant /\s1_partial_lo_reg[39] )
INFO: [Synth 8-3886] merging instance 'U_bev_accel_top/U_quant_engine/GEN_QUANT_LANE[4].U_fp32_int8_quant/s1_partial_hi_reg[0]' (FDR) to 'U_bev_accel_top/U_quant_engine/GEN_QUANT_LANE[4].U_fp32_int8_quant/s1_partial_hi_reg[1]'
INFO: [Synth 8-3886] merging instance 'U_bev_accel_top/U_quant_engine/GEN_QUANT_LANE[4].U_fp32_int8_quant/s1_partial_hi_reg[1]' (FDR) to 'U_bev_accel_top/U_quant_engine/GEN_QUANT_LANE[4].U_fp32_int8_quant/s1_partial_hi_reg[2]'
INFO: [Synth 8-3886] merging instance 'U_bev_accel_top/U_quant_engine/GEN_QUANT_LANE[4].U_fp32_int8_quant/s1_partial_hi_reg[2]' (FDR) to 'U_bev_accel_top/U_quant_engine/GEN_QUANT_LANE[4].U_fp32_int8_quant/s1_partial_hi_reg[3]'
INFO: [Synth 8-3886] merging instance 'U_bev_accel_top/U_quant_engine/GEN_QUANT_LANE[4].U_fp32_int8_quant/s1_partial_hi_reg[3]' (FDR) to 'U_bev_accel_top/U_quant_engine/GEN_QUANT_LANE[4].U_fp32_int8_quant/s1_partial_hi_reg[4]'
INFO: [Synth 8-3886] merging instance 'U_bev_accel_top/U_quant_engine/GEN_QUANT_LANE[4].U_fp32_int8_quant/s1_partial_hi_reg[4]' (FDR) to 'U_bev_accel_top/U_quant_engine/GEN_QUANT_LANE[4].U_fp32_int8_quant/s1_partial_hi_reg[5]'
INFO: [Synth 8-3886] merging instance 'U_bev_accel_top/U_quant_engine/GEN_QUANT_LANE[4].U_fp32_int8_quant/s1_partial_hi_reg[5]' (FDR) to 'U_bev_accel_top/U_quant_engine/GEN_QUANT_LANE[4].U_fp32_int8_quant/s1_partial_hi_reg[34]'
INFO: [Synth 8-3886] merging instance 'U_bev_accel_top/U_quant_engine/GEN_QUANT_LANE[4].U_fp32_int8_quant/s1_partial_lo_reg[29]' (FDR) to 'U_bev_accel_top/U_quant_engine/GEN_QUANT_LANE[4].U_fp32_int8_quant/s1_partial_hi_reg[34]'
INFO: [Synth 8-3886] merging instance 'U_bev_accel_top/U_quant_engine/GEN_QUANT_LANE[4].U_fp32_int8_quant/s1_partial_lo_reg[30]' (FDR) to 'U_bev_accel_top/U_quant_engine/GEN_QUANT_LANE[4].U_fp32_int8_quant/s1_partial_hi_reg[34]'
INFO: [Synth 8-3886] merging instance 'U_bev_accel_top/U_quant_engine/GEN_QUANT_LANE[4].U_fp32_int8_quant/s1_partial_lo_reg[31]' (FDR) to 'U_bev_accel_top/U_quant_engine/GEN_QUANT_LANE[4].U_fp32_int8_quant/s1_partial_hi_reg[34]'
INFO: [Synth 8-3886] merging instance 'U_bev_accel_top/U_quant_engine/GEN_QUANT_LANE[4].U_fp32_int8_quant/s1_partial_lo_reg[32]' (FDR) to 'U_bev_accel_top/U_quant_engine/GEN_QUANT_LANE[4].U_fp32_int8_quant/s1_partial_hi_reg[34]'
INFO: [Synth 8-3886] merging instance 'U_bev_accel_top/U_quant_engine/GEN_QUANT_LANE[4].U_fp32_int8_quant/s1_partial_lo_reg[33]' (FDR) to 'U_bev_accel_top/U_quant_engine/GEN_QUANT_LANE[4].U_fp32_int8_quant/s1_partial_hi_reg[34]'
INFO: [Synth 8-3886] merging instance 'U_bev_accel_top/U_quant_engine/GEN_QUANT_LANE[4].U_fp32_int8_quant/s1_partial_hi_reg[34]' (FDR) to 'U_bev_accel_top/U_quant_engine/GEN_QUANT_LANE[4].U_fp32_int8_quant/s1_partial_hi_reg[35]'
INFO: [Common 17-14] Message 'Synth 8-3886' appears 100 times and further instances of the messages will be disabled. Use the Tcl command set_msg_config to change the current settings.
INFO: [Synth 8-3333] propagating constant 0 across sequential element (\U_bev_accel_top/U_quant_engine /\GEN_QUANT_LANE[4].U_fp32_int8_quant /\s1_partial_lo_reg[39] )
INFO: [Synth 8-3333] propagating constant 0 across sequential element (\U_bev_accel_top/U_quant_engine /\GEN_QUANT_LANE[5].U_fp32_int8_quant /\s1_partial_lo_reg[39] )
INFO: [Synth 8-3333] propagating constant 0 across sequential element (\U_bev_accel_top/U_quant_engine /\GEN_QUANT_LANE[6].U_fp32_int8_quant /\s1_partial_lo_reg[39] )
INFO: [Synth 8-3333] propagating constant 0 across sequential element (\U_bev_accel_top/U_quant_engine /\GEN_QUANT_LANE[7].U_fp32_int8_quant /\s1_partial_lo_reg[39] )
INFO: [Synth 8-3333] propagating constant 0 across sequential element (\U_bev_accel_top/U_quant_engine /\GEN_QUANT_LANE[8].U_fp32_int8_quant /\s1_partial_lo_reg[39] )
INFO: [Synth 8-3333] propagating constant 0 across sequential element (\U_bev_accel_top/U_quant_engine /\GEN_QUANT_LANE[9].U_fp32_int8_quant /\s1_partial_lo_reg[39] )
INFO: [Synth 8-3333] propagating constant 0 across sequential element (\U_bev_accel_top/U_quant_engine /\GEN_QUANT_LANE[10].U_fp32_int8_quant /\s1_partial_lo_reg[39] )
INFO: [Synth 8-3333] propagating constant 0 across sequential element (\U_bev_accel_top/U_quant_engine /\GEN_QUANT_LANE[11].U_fp32_int8_quant /\s1_partial_lo_reg[39] )
INFO: [Synth 8-3333] propagating constant 0 across sequential element (\U_bev_accel_top/U_quant_engine /\GEN_QUANT_LANE[12].U_fp32_int8_quant /\s1_partial_lo_reg[39] )
INFO: [Synth 8-3333] propagating constant 0 across sequential element (\U_bev_accel_top/U_quant_engine /\GEN_QUANT_LANE[13].U_fp32_int8_quant /\s1_partial_lo_reg[39] )
INFO: [Synth 8-3333] propagating constant 0 across sequential element (\U_bev_accel_top/U_quant_engine /\GEN_QUANT_LANE[14].U_fp32_int8_quant /\s1_partial_lo_reg[39] )
INFO: [Synth 8-3333] propagating constant 0 across sequential element (\U_bev_accel_top/U_quant_engine /\GEN_QUANT_LANE[15].U_fp32_int8_quant /\s1_partial_lo_reg[39] )
INFO: [Synth 8-3333] propagating constant 0 across sequential element (\U_bev_accel_top/U_quant_engine /\GEN_QUANT_LANE[0].U_fp32_int8_quant /\s6_mag_reg[8] )
INFO: [Synth 8-3333] propagating constant 0 across sequential element (\U_bev_accel_top/U_quant_engine /\GEN_QUANT_LANE[1].U_fp32_int8_quant /\s6_mag_reg[8] )
INFO: [Synth 8-3333] propagating constant 0 across sequential element (\U_bev_accel_top/U_quant_engine /\GEN_QUANT_LANE[2].U_fp32_int8_quant /\s6_mag_reg[8] )
INFO: [Synth 8-3333] propagating constant 0 across sequential element (\U_bev_accel_top/U_quant_engine /\GEN_QUANT_LANE[3].U_fp32_int8_quant /\s6_mag_reg[8] )
INFO: [Synth 8-3333] propagating constant 0 across sequential element (\U_bev_accel_top/U_quant_engine /\GEN_QUANT_LANE[4].U_fp32_int8_quant /\s6_mag_reg[8] )
INFO: [Synth 8-3333] propagating constant 0 across sequential element (\U_bev_accel_top/U_quant_engine /\GEN_QUANT_LANE[5].U_fp32_int8_quant /\s6_mag_reg[8] )
INFO: [Synth 8-3333] propagating constant 0 across sequential element (\U_bev_accel_top/U_quant_engine /\GEN_QUANT_LANE[6].U_fp32_int8_quant /\s6_mag_reg[8] )
INFO: [Synth 8-3333] propagating constant 0 across sequential element (\U_bev_accel_top/U_quant_engine /\GEN_QUANT_LANE[7].U_fp32_int8_quant /\s6_mag_reg[8] )
INFO: [Synth 8-3333] propagating constant 0 across sequential element (\U_bev_accel_top/U_quant_engine /\GEN_QUANT_LANE[8].U_fp32_int8_quant /\s6_mag_reg[8] )
INFO: [Synth 8-3333] propagating constant 0 across sequential element (\U_bev_accel_top/U_quant_engine /\GEN_QUANT_LANE[9].U_fp32_int8_quant /\s6_mag_reg[8] )
INFO: [Synth 8-3333] propagating constant 0 across sequential element (\U_bev_accel_top/U_quant_engine /\GEN_QUANT_LANE[10].U_fp32_int8_quant /\s6_mag_reg[8] )
INFO: [Synth 8-3333] propagating constant 0 across sequential element (\U_bev_accel_top/U_quant_engine /\GEN_QUANT_LANE[11].U_fp32_int8_quant /\s6_mag_reg[8] )
INFO: [Synth 8-3333] propagating constant 0 across sequential element (\U_bev_accel_top/U_quant_engine /\GEN_QUANT_LANE[12].U_fp32_int8_quant /\s6_mag_reg[8] )
INFO: [Synth 8-3333] propagating constant 0 across sequential element (\U_bev_accel_top/U_quant_engine /\GEN_QUANT_LANE[13].U_fp32_int8_quant /\s6_mag_reg[8] )
INFO: [Synth 8-3333] propagating constant 0 across sequential element (\U_bev_accel_top/U_quant_engine /\GEN_QUANT_LANE[14].U_fp32_int8_quant /\s6_mag_reg[8] )
INFO: [Synth 8-3333] propagating constant 0 across sequential element (\U_bev_accel_top/U_quant_engine /\GEN_QUANT_LANE[15].U_fp32_int8_quant /\s6_mag_reg[8] )
INFO: [Synth 8-3333] propagating constant 0 across sequential element (\U_bev_accel_top/U_lut_engine_int8 /\rmw_addr_r_reg[5] )
INFO: [Synth 8-3333] propagating constant 0 across sequential element (\U_bev_accel_top/U_sa_engine_int8 /i_54)
INFO: [Synth 8-3333] propagating constant 0 across sequential element (\U_bev_accel_top/U_sa_engine_int8 /\interp_round_mag_reg[15][12] )
INFO: [Synth 8-3333] propagating constant 0 across sequential element (\U_bev_accel_top/U_sa_engine_int8 /\rmw_addr_r_reg[5] )
WARNING: [Synth 8-3332] Sequential element (i_54) is unused and will be removed from module sa_engine_int8.
INFO: [Synth 8-3333] propagating constant 1 across sequential element (U_bev_accel_topi_1/U_bev_reg_ctrl/\comp_mode_reg[1] )
INFO: [Synth 8-3333] propagating constant 0 across sequential element (U_bev_accel_topi_1/U_bev_reg_ctrl/frame_shift_en_reg)
INFO: [Synth 8-3333] propagating constant 0 across sequential element (U_bev_accel_topi_1/U_pipeline_ctrl_group4/\state_reg[3] )
INFO: [Synth 8-3333] propagating constant 0 across sequential element (\U_bev_accel_top/U_quant_engine /\GEN_QUANT_LANE[0].U_fp32_int8_quant /\s1_partial_hi_reg[6] )
INFO: [Synth 8-3333] propagating constant 0 across sequential element (\U_bev_accel_top/U_quant_engine /\GEN_QUANT_LANE[1].U_fp32_int8_quant /\s1_partial_hi_reg[6] )
INFO: [Synth 8-3333] propagating constant 0 across sequential element (\U_bev_accel_top/U_quant_engine /\GEN_QUANT_LANE[2].U_fp32_int8_quant /\s1_partial_hi_reg[6] )
INFO: [Synth 8-3333] propagating constant 0 across sequential element (\U_bev_accel_top/U_quant_engine /\GEN_QUANT_LANE[3].U_fp32_int8_quant /\s1_partial_hi_reg[6] )
INFO: [Synth 8-3333] propagating constant 0 across sequential element (\U_bev_accel_top/U_quant_engine /\GEN_QUANT_LANE[4].U_fp32_int8_quant /\s1_partial_hi_reg[6] )
INFO: [Synth 8-3333] propagating constant 0 across sequential element (\U_bev_accel_top/U_quant_engine /\GEN_QUANT_LANE[5].U_fp32_int8_quant /\s1_partial_hi_reg[6] )
INFO: [Synth 8-3333] propagating constant 0 across sequential element (\U_bev_accel_top/U_quant_engine /\GEN_QUANT_LANE[6].U_fp32_int8_quant /\s1_partial_hi_reg[6] )
INFO: [Synth 8-3333] propagating constant 0 across sequential element (\U_bev_accel_top/U_quant_engine /\GEN_QUANT_LANE[7].U_fp32_int8_quant /\s1_partial_hi_reg[6] )
INFO: [Synth 8-3333] propagating constant 0 across sequential element (\U_bev_accel_top/U_quant_engine /\GEN_QUANT_LANE[8].U_fp32_int8_quant /\s1_partial_hi_reg[6] )
INFO: [Synth 8-3333] propagating constant 0 across sequential element (\U_bev_accel_top/U_quant_engine /\GEN_QUANT_LANE[9].U_fp32_int8_quant /\s1_partial_hi_reg[6] )
INFO: [Synth 8-3333] propagating constant 0 across sequential element (\U_bev_accel_top/U_quant_engine /\GEN_QUANT_LANE[10].U_fp32_int8_quant /\s1_partial_hi_reg[6] )
INFO: [Synth 8-3333] propagating constant 0 across sequential element (\U_bev_accel_top/U_quant_engine /\GEN_QUANT_LANE[11].U_fp32_int8_quant /\s1_partial_hi_reg[6] )
INFO: [Synth 8-3333] propagating constant 0 across sequential element (\U_bev_accel_top/U_quant_engine /\GEN_QUANT_LANE[12].U_fp32_int8_quant /\s1_partial_hi_reg[6] )
INFO: [Synth 8-3333] propagating constant 0 across sequential element (\U_bev_accel_top/U_quant_engine /\GEN_QUANT_LANE[13].U_fp32_int8_quant /\s1_partial_hi_reg[6] )
INFO: [Synth 8-3333] propagating constant 0 across sequential element (\U_bev_accel_top/U_quant_engine /\GEN_QUANT_LANE[14].U_fp32_int8_quant /\s1_partial_hi_reg[6] )
INFO: [Synth 8-3333] propagating constant 0 across sequential element (\U_bev_accel_top/U_quant_engine /\GEN_QUANT_LANE[15].U_fp32_int8_quant /\s1_partial_hi_reg[6] )
---------------------------------------------------------------------------------
Finished Cross Boundary and Area Optimization : Time (s): cpu = 00:01:21 ; elapsed = 00:01:32 . Memory (MB): peak = 969.758 ; gain = 703.609
---------------------------------------------------------------------------------
---------------------------------------------------------------------------------
Start ROM, RAM, DSP and Shift Register Reporting
---------------------------------------------------------------------------------

DSP: Preliminary Mapping  Report (see note below)
+---------------------+------------------+--------+--------+--------+--------+--------+------+------+------+------+-------+------+------+
|Module Name          | DSP Mapping      | A Size | B Size | C Size | D Size | P Size | AREG | BREG | CREG | DREG | ADREG | MREG | PREG | 
+---------------------+------------------+--------+--------+--------+--------+--------+------+------+------+------+-------+------+------+
|lut_engine_int8      | (C'+A*B)'        | 12     | 8      | 16     | -      | 21     | 0    | 0    | 1    | -    | -     | 0    | 1    | 
|lut_engine_int8      | (C'+A*B)'        | 21     | 12     | 16     | -      | 26     | 0    | 0    | 1    | -    | -     | 0    | 1    | 
|lut_engine_int8      | (C'+A*B)'        | 11     | 8      | 8      | -      | 19     | 0    | 0    | 1    | -    | -     | 0    | 1    | 
|lut_engine_int8      | (C'+A*B)'        | 19     | 8      | 8      | -      | 27     | 0    | 0    | 1    | -    | -     | 0    | 1    | 
|sa_engine_int8       | (A*B2)'          | 16     | 8      | -      | -      | 24     | 0    | 1    | -    | -    | -     | 1    | 0    | 
|sa_engine_int8       | (A*B2)'          | 16     | 9      | -      | -      | 25     | 0    | 1    | -    | -    | -     | 1    | 0    | 
|sa_engine_int8       | (A*B2)'          | 16     | 8      | -      | -      | 24     | 0    | 1    | -    | -    | -     | 1    | 0    | 
|sa_engine_int8       | (A*B2)'          | 16     | 9      | -      | -      | 25     | 0    | 1    | -    | -    | -     | 1    | 0    | 
|sa_engine_int8       | (A*B2)'          | 16     | 8      | -      | -      | 24     | 0    | 1    | -    | -    | -     | 1    | 0    | 
|sa_engine_int8       | (A*B2)'          | 16     | 9      | -      | -      | 25     | 0    | 1    | -    | -    | -     | 1    | 0    | 
|sa_engine_int8       | (A*B2)'          | 16     | 8      | -      | -      | 24     | 0    | 1    | -    | -    | -     | 1    | 0    | 
|sa_engine_int8       | (A*B2)'          | 16     | 9      | -      | -      | 25     | 0    | 1    | -    | -    | -     | 1    | 0    | 
|sa_engine_int8       | (A2*B2)'         | 16     | 8      | -      | -      | 24     | 1    | 1    | -    | -    | -     | 1    | 0    | 
|sa_engine_int8       | (C'+A*B)'        | 11     | 8      | 8      | -      | 19     | 0    | 0    | 1    | -    | -     | 0    | 1    | 
|sa_engine_int8       | (C'+A*B)'        | 19     | 8      | 8      | -      | 27     | 0    | 0    | 1    | -    | -     | 0    | 1    | 
|sa_engine_int8       | (A2*B2)'         | 18     | 8      | -      | -      | 26     | 1    | 1    | -    | -    | -     | 1    | 0    | 
|sa_engine_int8       | (PCIN+(A2*B2)')' | 17     | 8      | -      | -      | 27     | 1    | 1    | -    | -    | -     | 1    | 1    | 
|sa_engine_int8       | (A2*B2)'         | 18     | 8      | -      | -      | 26     | 1    | 1    | -    | -    | -     | 1    | 0    | 
|sa_engine_int8       | (PCIN+(A2*B2)')' | 18     | 8      | -      | -      | 27     | 1    | 1    | -    | -    | -     | 1    | 1    | 
|sa_engine_int8       | (PCIN+A:B)'      | 9      | 18     | -      | -      | -1     | 0    | 0    | -    | -    | -     | 0    | 1    | 
|sa_engine_int8       | (A2*B2)'         | 18     | 8      | -      | -      | 26     | 1    | 1    | -    | -    | -     | 1    | 0    | 
|sa_engine_int8       | (PCIN+(A2*B2)')' | 17     | 8      | -      | -      | 27     | 1    | 1    | -    | -    | -     | 1    | 1    | 
|sa_engine_int8       | (A2*B2)'         | 18     | 8      | -      | -      | 26     | 1    | 1    | -    | -    | -     | 1    | 0    | 
|sa_engine_int8       | (PCIN+(A2*B2)')' | 18     | 8      | -      | -      | 27     | 1    | 1    | -    | -    | -     | 1    | 1    | 
|sa_engine_int8       | (PCIN+A:B)'      | 9      | 18     | -      | -      | -1     | 0    | 0    | -    | -    | -     | 0    | 1    | 
|sa_engine_int8       | (A2*B2)'         | 18     | 8      | -      | -      | 26     | 1    | 1    | -    | -    | -     | 1    | 0    | 
|sa_engine_int8       | (PCIN+(A2*B2)')' | 17     | 8      | -      | -      | 27     | 1    | 1    | -    | -    | -     | 1    | 1    | 
|sa_engine_int8       | (A2*B2)'         | 18     | 8      | -      | -      | 26     | 1    | 1    | -    | -    | -     | 1    | 0    | 
|sa_engine_int8       | (PCIN+(A2*B2)')' | 18     | 8      | -      | -      | 27     | 1    | 1    | -    | -    | -     | 1    | 1    | 
|sa_engine_int8       | (PCIN+A:B)'      | 9      | 18     | -      | -      | -1     | 0    | 0    | -    | -    | -     | 0    | 1    | 
|sa_engine_int8       | (A2*B2)'         | 18     | 8      | -      | -      | 26     | 1    | 1    | -    | -    | -     | 1    | 0    | 
|sa_engine_int8       | (PCIN+(A2*B2)')' | 17     | 8      | -      | -      | 27     | 1    | 1    | -    | -    | -     | 1    | 1    | 
|sa_engine_int8       | (A2*B2)'         | 18     | 8      | -      | -      | 26     | 1    | 1    | -    | -    | -     | 1    | 0    | 
|sa_engine_int8       | (PCIN+(A2*B2)')' | 18     | 8      | -      | -      | 27     | 1    | 1    | -    | -    | -     | 1    | 1    | 
|sa_engine_int8       | (PCIN+A:B)'      | 9      | 18     | -      | -      | -1     | 0    | 0    | -    | -    | -     | 0    | 1    | 
|sa_engine_int8       | (A2*B2)'         | 18     | 8      | -      | -      | 26     | 1    | 1    | -    | -    | -     | 1    | 0    | 
|sa_engine_int8       | (PCIN+(A2*B2)')' | 17     | 8      | -      | -      | 27     | 1    | 1    | -    | -    | -     | 1    | 1    | 
|sa_engine_int8       | (A2*B2)'         | 18     | 8      | -      | -      | 26     | 1    | 1    | -    | -    | -     | 1    | 0    | 
|sa_engine_int8       | (PCIN+(A2*B2)')' | 18     | 8      | -      | -      | 27     | 1    | 1    | -    | -    | -     | 1    | 1    | 
|sa_engine_int8       | (PCIN+A:B)'      | 9      | 18     | -      | -      | -1     | 0    | 0    | -    | -    | -     | 0    | 1    | 
|sa_engine_int8       | (A2*B2)'         | 18     | 8      | -      | -      | 26     | 1    | 1    | -    | -    | -     | 1    | 0    | 
|sa_engine_int8       | (PCIN+(A2*B2)')' | 17     | 8      | -      | -      | 27     | 1    | 1    | -    | -    | -     | 1    | 1    | 
|sa_engine_int8       | (A2*B2)'         | 18     | 8      | -      | -      | 26     | 1    | 1    | -    | -    | -     | 1    | 0    | 
|sa_engine_int8       | (PCIN+(A2*B2)')' | 18     | 8      | -      | -      | 27     | 1    | 1    | -    | -    | -     | 1    | 1    | 
|sa_engine_int8       | (PCIN+A:B)'      | 9      | 18     | -      | -      | -1     | 0    | 0    | -    | -    | -     | 0    | 1    | 
|sa_engine_int8       | (A2*B2)'         | 18     | 8      | -      | -      | 26     | 1    | 1    | -    | -    | -     | 1    | 0    | 
|sa_engine_int8       | (PCIN+(A2*B2)')' | 17     | 8      | -      | -      | 27     | 1    | 1    | -    | -    | -     | 1    | 1    | 
|sa_engine_int8       | (A2*B2)'         | 18     | 8      | -      | -      | 26     | 1    | 1    | -    | -    | -     | 1    | 0    | 
|sa_engine_int8       | (PCIN+(A2*B2)')' | 18     | 8      | -      | -      | 27     | 1    | 1    | -    | -    | -     | 1    | 1    | 
|sa_engine_int8       | (PCIN+A:B)'      | 9      | 18     | -      | -      | -1     | 0    | 0    | -    | -    | -     | 0    | 1    | 
|sa_engine_int8       | (A2*B2)'         | 18     | 8      | -      | -      | 26     | 1    | 1    | -    | -    | -     | 1    | 0    | 
|sa_engine_int8       | (PCIN+(A2*B2)')' | 17     | 8      | -      | -      | 27     | 1    | 1    | -    | -    | -     | 1    | 1    | 
|sa_engine_int8       | (A2*B2)'         | 18     | 8      | -      | -      | 26     | 1    | 1    | -    | -    | -     | 1    | 0    | 
|sa_engine_int8       | (PCIN+(A2*B2)')' | 18     | 8      | -      | -      | 27     | 1    | 1    | -    | -    | -     | 1    | 1    | 
|sa_engine_int8       | (PCIN+A:B)'      | 9      | 18     | -      | -      | -1     | 0    | 0    | -    | -    | -     | 0    | 1    | 
|sa_engine_int8       | (A2*B2)'         | 18     | 8      | -      | -      | 26     | 1    | 1    | -    | -    | -     | 1    | 0    | 
|sa_engine_int8       | (PCIN+(A2*B2)')' | 17     | 8      | -      | -      | 27     | 1    | 1    | -    | -    | -     | 1    | 1    | 
|sa_engine_int8       | (A2*B2)'         | 18     | 8      | -      | -      | 26     | 1    | 1    | -    | -    | -     | 1    | 0    | 
|sa_engine_int8       | (PCIN+(A2*B2)')' | 18     | 8      | -      | -      | 27     | 1    | 1    | -    | -    | -     | 1    | 1    | 
|sa_engine_int8       | (PCIN+A:B)'      | 9      | 18     | -      | -      | -1     | 0    | 0    | -    | -    | -     | 0    | 1    | 
|sa_engine_int8       | (A2*B2)'         | 18     | 8      | -      | -      | 26     | 1    | 1    | -    | -    | -     | 1    | 0    | 
|sa_engine_int8       | (PCIN+(A2*B2)')' | 17     | 8      | -      | -      | 27     | 1    | 1    | -    | -    | -     | 1    | 1    | 
|sa_engine_int8       | (A2*B2)'         | 18     | 8      | -      | -      | 26     | 1    | 1    | -    | -    | -     | 1    | 0    | 
|sa_engine_int8       | (PCIN+(A2*B2)')' | 18     | 8      | -      | -      | 27     | 1    | 1    | -    | -    | -     | 1    | 1    | 
|sa_engine_int8       | (PCIN+A:B)'      | 9      | 18     | -      | -      | -1     | 0    | 0    | -    | -    | -     | 0    | 1    | 
|sa_engine_int8       | (A2*B2)'         | 18     | 8      | -      | -      | 26     | 1    | 1    | -    | -    | -     | 1    | 0    | 
|sa_engine_int8       | (PCIN+(A2*B2)')' | 17     | 8      | -      | -      | 27     | 1    | 1    | -    | -    | -     | 1    | 1    | 
|sa_engine_int8       | (A2*B2)'         | 18     | 8      | -      | -      | 26     | 1    | 1    | -    | -    | -     | 1    | 0    | 
|sa_engine_int8       | (PCIN+(A2*B2)')' | 18     | 8      | -      | -      | 27     | 1    | 1    | -    | -    | -     | 1    | 1    | 
|sa_engine_int8       | (PCIN+A:B)'      | 9      | 18     | -      | -      | -1     | 0    | 0    | -    | -    | -     | 0    | 1    | 
|sa_engine_int8       | (A2*B2)'         | 18     | 8      | -      | -      | 26     | 1    | 1    | -    | -    | -     | 1    | 0    | 
|sa_engine_int8       | (PCIN+(A2*B2)')' | 17     | 8      | -      | -      | 27     | 1    | 1    | -    | -    | -     | 1    | 1    | 
|sa_engine_int8       | (A2*B2)'         | 18     | 8      | -      | -      | 26     | 1    | 1    | -    | -    | -     | 1    | 0    | 
|sa_engine_int8       | (PCIN+(A2*B2)')' | 18     | 8      | -      | -      | 27     | 1    | 1    | -    | -    | -     | 1    | 1    | 
|sa_engine_int8       | (PCIN+A:B)'      | 9      | 18     | -      | -      | -1     | 0    | 0    | -    | -    | -     | 0    | 1    | 
|sa_engine_int8       | (A2*B2)'         | 18     | 8      | -      | -      | 26     | 1    | 1    | -    | -    | -     | 1    | 0    | 
|sa_engine_int8       | (PCIN+(A2*B2)')' | 17     | 8      | -      | -      | 27     | 1    | 1    | -    | -    | -     | 1    | 1    | 
|sa_engine_int8       | (A2*B2)'         | 18     | 8      | -      | -      | 26     | 1    | 1    | -    | -    | -     | 1    | 0    | 
|sa_engine_int8       | (PCIN+(A2*B2)')' | 18     | 8      | -      | -      | 27     | 1    | 1    | -    | -    | -     | 1    | 1    | 
|sa_engine_int8       | (PCIN+A:B)'      | 9      | 18     | -      | -      | -1     | 0    | 0    | -    | -    | -     | 0    | 1    | 
|sa_engine_int8       | (A2*B2)'         | 18     | 8      | -      | -      | 26     | 1    | 1    | -    | -    | -     | 1    | 0    | 
|sa_engine_int8       | (PCIN+(A2*B2)')' | 17     | 8      | -      | -      | 27     | 1    | 1    | -    | -    | -     | 1    | 1    | 
|sa_engine_int8       | (A2*B2)'         | 18     | 8      | -      | -      | 26     | 1    | 1    | -    | -    | -     | 1    | 0    | 
|sa_engine_int8       | (PCIN+(A2*B2)')' | 18     | 8      | -      | -      | 27     | 1    | 1    | -    | -    | -     | 1    | 1    | 
|sa_engine_int8       | (PCIN+A:B)'      | 9      | 18     | -      | -      | -1     | 0    | 0    | -    | -    | -     | 0    | 1    | 
|sa_engine_int8       | (A2*B2)'         | 18     | 8      | -      | -      | 26     | 1    | 1    | -    | -    | -     | 1    | 0    | 
|sa_engine_int8       | (PCIN+(A2*B2)')' | 17     | 8      | -      | -      | 27     | 1    | 1    | -    | -    | -     | 1    | 1    | 
|sa_engine_int8       | (A2*B2)'         | 18     | 8      | -      | -      | 26     | 1    | 1    | -    | -    | -     | 1    | 0    | 
|sa_engine_int8       | (PCIN+(A2*B2)')' | 18     | 8      | -      | -      | 27     | 1    | 1    | -    | -    | -     | 1    | 1    | 
|sa_engine_int8       | (PCIN+A:B)'      | 9      | 18     | -      | -      | -1     | 0    | 0    | -    | -    | -     | 0    | 1    | 
|sa_engine_int8       | (A2*B2)'         | 18     | 8      | -      | -      | 26     | 1    | 1    | -    | -    | -     | 1    | 0    | 
|sa_engine_int8       | (PCIN+(A2*B2)')' | 17     | 8      | -      | -      | 27     | 1    | 1    | -    | -    | -     | 1    | 1    | 
|sa_engine_int8       | (A2*B2)'         | 18     | 8      | -      | -      | 26     | 1    | 1    | -    | -    | -     | 1    | 0    | 
|sa_engine_int8       | (PCIN+(A2*B2)')' | 18     | 8      | -      | -      | 27     | 1    | 1    | -    | -    | -     | 1    | 1    | 
|sa_engine_int8       | (PCIN+A:B)'      | 9      | 18     | -      | -      | -1     | 0    | 0    | -    | -    | -     | 0    | 1    | 
|pipeline_ctrl_group4 | A*B              | 12     | 8      | -      | -      | 20     | 0    | 0    | -    | -    | -     | 0    | 0    | 
|pipeline_ctrl_group4 | A*B              | 20     | 12     | -      | -      | 32     | 0    | 0    | -    | -    | -     | 0    | 0    | 
+---------------------+------------------+--------+--------+--------+--------+--------+------+------+------+------+-------+------+------+

Note: The table above is a preliminary report that shows the DSPs inferred at the current stage of the synthesis flow. Some DSP may be reimplemented as non DSP primitives later in the synthesis flow. Multiple instantiated DSPs are reported only once.
---------------------------------------------------------------------------------
Finished ROM, RAM, DSP and Shift Register Reporting
---------------------------------------------------------------------------------

Report RTL Partitions: 
+------+-------------------+------------+----------+
|      |RTL Partition      |Replication |Instances |
+------+-------------------+------------+----------+
|1     |sa_engine_int8     |           1|     15112|
|2     |lut_engine_int8    |           1|      6031|
|3     |bev_accel_top__GB2 |           1|     10440|
|4     |quant_engine       |           1|     15980|
|5     |bev_edif_top__GC0  |           1|       698|
+------+-------------------+------------+----------+
---------------------------------------------------------------------------------
Start Applying XDC Timing Constraints
---------------------------------------------------------------------------------
WARNING: [Synth 8-565] redefining clock 'sys_clk_p'
---------------------------------------------------------------------------------
Finished Applying XDC Timing Constraints : Time (s): cpu = 00:01:38 ; elapsed = 00:01:50 . Memory (MB): peak = 971.559 ; gain = 705.410
---------------------------------------------------------------------------------
---------------------------------------------------------------------------------
Start Timing Optimization
---------------------------------------------------------------------------------
---------------------------------------------------------------------------------
Finished Timing Optimization : Time (s): cpu = 00:01:41 ; elapsed = 00:01:54 . Memory (MB): peak = 995.402 ; gain = 729.254
---------------------------------------------------------------------------------

Report RTL Partitions: 
+------+-------------------+------------+----------+
|      |RTL Partition      |Replication |Instances |
+------+-------------------+------------+----------+
|1     |sa_engine_int8     |           1|     15112|
|2     |lut_engine_int8    |           1|      6031|
|3     |bev_accel_top__GB2 |           1|     10440|
|4     |quant_engine       |           1|     15980|
|5     |bev_edif_top__GC0  |           1|       698|
+------+-------------------+------------+----------+
---------------------------------------------------------------------------------
Start Technology Mapping
---------------------------------------------------------------------------------
---------------------------------------------------------------------------------
Finished Technology Mapping : Time (s): cpu = 00:01:57 ; elapsed = 00:02:11 . Memory (MB): peak = 1074.418 ; gain = 808.270
---------------------------------------------------------------------------------

Report RTL Partitions: 
+-+--------------+------------+----------+
| |RTL Partition |Replication |Instances |
+-+--------------+------------+----------+
+-+--------------+------------+----------+
---------------------------------------------------------------------------------
Start IO Insertion
---------------------------------------------------------------------------------
---------------------------------------------------------------------------------
Start Flattening Before IO Insertion
---------------------------------------------------------------------------------
---------------------------------------------------------------------------------
Finished Flattening Before IO Insertion
---------------------------------------------------------------------------------
---------------------------------------------------------------------------------
Start Final Netlist Cleanup
---------------------------------------------------------------------------------
---------------------------------------------------------------------------------
Finished Final Netlist Cleanup
---------------------------------------------------------------------------------
---------------------------------------------------------------------------------
Finished IO Insertion : Time (s): cpu = 00:02:00 ; elapsed = 00:02:14 . Memory (MB): peak = 1074.418 ; gain = 808.270
---------------------------------------------------------------------------------

Report Check Netlist: 
+------+------------------+-------+---------+-------+------------------+
|      |Item              |Errors |Warnings |Status |Description       |
+------+------------------+-------+---------+-------+------------------+
|1     |multi_driven_nets |      0|        0|Passed |Multi driven nets |
+------+------------------+-------+---------+-------+------------------+
---------------------------------------------------------------------------------
Start Renaming Generated Instances
---------------------------------------------------------------------------------
---------------------------------------------------------------------------------
Finished Renaming Generated Instances : Time (s): cpu = 00:02:01 ; elapsed = 00:02:15 . Memory (MB): peak = 1074.418 ; gain = 808.270
---------------------------------------------------------------------------------

Report RTL Partitions: 
+-+--------------+------------+----------+
| |RTL Partition |Replication |Instances |
+-+--------------+------------+----------+
+-+--------------+------------+----------+
---------------------------------------------------------------------------------
Start Rebuilding User Hierarchy
---------------------------------------------------------------------------------
---------------------------------------------------------------------------------
Finished Rebuilding User Hierarchy : Time (s): cpu = 00:02:03 ; elapsed = 00:02:17 . Memory (MB): peak = 1074.418 ; gain = 808.270
---------------------------------------------------------------------------------
---------------------------------------------------------------------------------
Start Renaming Generated Ports
---------------------------------------------------------------------------------
---------------------------------------------------------------------------------
Finished Renaming Generated Ports : Time (s): cpu = 00:02:03 ; elapsed = 00:02:17 . Memory (MB): peak = 1074.418 ; gain = 808.270
---------------------------------------------------------------------------------
---------------------------------------------------------------------------------
Start Handling Custom Attributes
---------------------------------------------------------------------------------
---------------------------------------------------------------------------------
Finished Handling Custom Attributes : Time (s): cpu = 00:02:04 ; elapsed = 00:02:19 . Memory (MB): peak = 1074.418 ; gain = 808.270
---------------------------------------------------------------------------------
---------------------------------------------------------------------------------
Start Renaming Generated Nets
---------------------------------------------------------------------------------
---------------------------------------------------------------------------------
Finished Renaming Generated Nets : Time (s): cpu = 00:02:05 ; elapsed = 00:02:19 . Memory (MB): peak = 1074.418 ; gain = 808.270
---------------------------------------------------------------------------------
---------------------------------------------------------------------------------
Start ROM, RAM, DSP and Shift Register Reporting
---------------------------------------------------------------------------------

Static Shift Register Report:
+-------------+-----------------------------------------------------------------------------------+--------+-------+--------------+--------------------+-------------------+--------+---------+
|Module Name  | RTL Name                                                                          | Length | Width | Reset Signal | Pull out first Reg | Pull out last Reg | SRL16E | SRLC32E | 
+-------------+-----------------------------------------------------------------------------------+--------+-------+--------------+--------------------+-------------------+--------+---------+
|bev_edif_top | U_bev_accel_top/U_quant_engine/GEN_QUANT_LANE[0].U_fp32_int8_quant/s6_sign_reg    | 6      | 16    | YES          | NO                 | YES               | 16     | 0       | 
|bev_edif_top | U_bev_accel_top/U_quant_engine/GEN_QUANT_LANE[0].U_fp32_int8_quant/s6_is_sat_reg  | 4      | 32    | YES          | NO                 | YES               | 32     | 0       | 
|bev_edif_top | U_bev_accel_top/U_quant_engine/GEN_QUANT_LANE[10].U_fp32_int8_quant/out_valid_reg | 7      | 1     | YES          | NO                 | YES               | 1      | 0       | 
+-------------+-----------------------------------------------------------------------------------+--------+-------+--------------+--------------------+-------------------+--------+---------+

---------------------------------------------------------------------------------
Finished ROM, RAM, DSP and Shift Register Reporting
---------------------------------------------------------------------------------
---------------------------------------------------------------------------------
Start Writing Synthesis Report
---------------------------------------------------------------------------------

Report BlackBoxes: 
+------+----------------+----------+
|      |BlackBox name   |Instances |
+------+----------------+----------+
|1     |ps_ai_wrap_demo |         1|
+------+----------------+----------+

Report Cell Usage: 
+------+-----------------------+------+
|      |Cell                   |Count |
+------+-----------------------+------+
|1     |ps_ai_wrap_demo_bbox_0 |     1|
|2     |CARRY4                 |  1125|
|3     |DSP48E1                |     6|
|4     |DSP48E1_3              |    32|
|5     |DSP48E1_4              |    16|
|6     |DSP48E1_5              |     2|
|7     |DSP48E1_6              |    33|
|8     |DSP48E1_7              |     8|
|9     |LUT1                   |   331|
|10    |LUT2                   |  3130|
|11    |LUT3                   |  3603|
|12    |LUT4                   |  2190|
|13    |LUT5                   |  1906|
|14    |LUT6                   |  2756|
|15    |MUXF7                  |   144|
|16    |MUXF8                  |    13|
|17    |SRL16E                 |    49|
|18    |FDCE                   |     5|
|19    |FDRE                   | 14410|
|20    |FDSE                   |    45|
|21    |IBUF                   |     6|
|22    |OBUF                   |    44|
+------+-----------------------+------+

Report Instance Areas: 
+------+---------------------------------------------+---------------------+------+
|      |Instance                                     |Module               |Cells |
+------+---------------------------------------------+---------------------+------+
|1     |top                                          |                     | 30550|
|2     |  U_bev_accel_top                            |bev_accel_top        | 29802|
|3     |    U0_pulse_cross                           |pulse_cross          |     8|
|4     |    U1_pulse_cross                           |pulse_cross_0        |    11|
|5     |    U2_pulse_cross                           |pulse_cross_1        |     9|
|6     |    U_bev_reg_ctrl                           |bev_reg_ctrl         |  3736|
|7     |    U_lut_engine_int8                        |lut_engine_int8      |  4656|
|8     |    U_pipeline_ctrl_group4                   |pipeline_ctrl_group4 |   822|
|9     |    U_quant_engine                           |quant_engine         | 10517|
|10    |      \GEN_QUANT_LANE[0].U_fp32_int8_quant   |fp32_int8_quant      |   527|
|11    |      \GEN_QUANT_LANE[10].U_fp32_int8_quant  |fp32_int8_quant_2    |   542|
|12    |      \GEN_QUANT_LANE[11].U_fp32_int8_quant  |fp32_int8_quant_3    |   527|
|13    |      \GEN_QUANT_LANE[12].U_fp32_int8_quant  |fp32_int8_quant_4    |   527|
|14    |      \GEN_QUANT_LANE[13].U_fp32_int8_quant  |fp32_int8_quant_5    |   527|
|15    |      \GEN_QUANT_LANE[14].U_fp32_int8_quant  |fp32_int8_quant_6    |   527|
|16    |      \GEN_QUANT_LANE[15].U_fp32_int8_quant  |fp32_int8_quant_7    |   527|
|17    |      \GEN_QUANT_LANE[1].U_fp32_int8_quant   |fp32_int8_quant_8    |   527|
|18    |      \GEN_QUANT_LANE[2].U_fp32_int8_quant   |fp32_int8_quant_9    |   527|
|19    |      \GEN_QUANT_LANE[3].U_fp32_int8_quant   |fp32_int8_quant_10   |   527|
|20    |      \GEN_QUANT_LANE[4].U_fp32_int8_quant   |fp32_int8_quant_11   |   527|
|21    |      \GEN_QUANT_LANE[5].U_fp32_int8_quant   |fp32_int8_quant_12   |   527|
|22    |      \GEN_QUANT_LANE[6].U_fp32_int8_quant   |fp32_int8_quant_13   |   527|
|23    |      \GEN_QUANT_LANE[7].U_fp32_int8_quant   |fp32_int8_quant_14   |   527|
|24    |      \GEN_QUANT_LANE[8].U_fp32_int8_quant   |fp32_int8_quant_15   |   527|
|25    |      \GEN_QUANT_LANE[9].U_fp32_int8_quant   |fp32_int8_quant_16   |   527|
|26    |    U_sa_engine_int8                         |sa_engine_int8       |  9383|
+------+---------------------------------------------+---------------------+------+
---------------------------------------------------------------------------------
Finished Writing Synthesis Report : Time (s): cpu = 00:02:05 ; elapsed = 00:02:19 . Memory (MB): peak = 1074.418 ; gain = 808.270
---------------------------------------------------------------------------------
Synthesis finished with 0 errors, 0 critical warnings and 66 warnings.
Synthesis Optimization Runtime : Time (s): cpu = 00:01:45 ; elapsed = 00:02:03 . Memory (MB): peak = 1074.418 ; gain = 307.703
Synthesis Optimization Complete : Time (s): cpu = 00:02:05 ; elapsed = 00:02:19 . Memory (MB): peak = 1074.418 ; gain = 808.270
INFO: [Project 1-571] Translating synthesized netlist
Parsing EDIF File [E:/experiment/¸´µ©Î¢/Fast-BEV/Fastbev2.0_sa/part2_sa/part2_sa_v1.0/Vivado_Project/netlist/ps_ai_wrap_demo.edf]
Finished Parsing EDIF File [E:/experiment/¸´µ©Î¢/Fast-BEV/Fastbev2.0_sa/part2_sa/part2_sa_v1.0/Vivado_Project/netlist/ps_ai_wrap_demo.edf]
INFO: [Netlist 29-17] Analyzing 5082 Unisim elements for replacement
INFO: [Netlist 29-28] Unisim Transformation completed in 3 CPU seconds
INFO: [Project 1-479] Netlist was created with Vivado 2018.3
INFO: [Project 1-570] Preparing netlist for logic optimization
WARNING: [Opt 31-32] Removing redundant IBUF since it is not being driven by a top-level port. U0_ps_ai_wrap_demo/U0_ps_ai_peripheral/frame_to_ps_inst0/cmos_clkgen_742_5_u0/inst/clkin1_ibufg 
Resolution: The tool has removed redundant IBUF. To resolve this warning, check for redundant IBUF in the input design.
WARNING: [Opt 31-36] Removing redundant OBUF, ddr3_cke_OBUF[0]_inst, from the path connected to top-level port: ddr3_cke[0] 
Resolution: The tool has removed redundant OBUF. To resolve this warning, check for redundant OBUF in the input design.
WARNING: [Opt 31-36] Removing redundant OBUF, ddr3_odt_OBUF[0]_inst, from the path connected to top-level port: ddr3_odt[0] 
Resolution: The tool has removed redundant OBUF. To resolve this warning, check for redundant OBUF in the input design.
WARNING: [Opt 31-36] Removing redundant OBUF, ddr3_addr_OBUF[0]_inst, from the path connected to top-level port: ddr3_addr[0] 
Resolution: The tool has removed redundant OBUF. To resolve this warning, check for redundant OBUF in the input design.
WARNING: [Opt 31-36] Removing redundant OBUF, ddr3_addr_OBUF[10]_inst, from the path connected to top-level port: ddr3_addr[10] 
Resolution: The tool has removed redundant OBUF. To resolve this warning, check for redundant OBUF in the input design.
WARNING: [Opt 31-36] Removing redundant OBUF, ddr3_addr_OBUF[11]_inst, from the path connected to top-level port: ddr3_addr[11] 
Resolution: The tool has removed redundant OBUF. To resolve this warning, check for redundant OBUF in the input design.
WARNING: [Opt 31-36] Removing redundant OBUF, ddr3_addr_OBUF[12]_inst, from the path connected to top-level port: ddr3_addr[12] 
Resolution: The tool has removed redundant OBUF. To resolve this warning, check for redundant OBUF in the input design.
WARNING: [Opt 31-36] Removing redundant OBUF, ddr3_addr_OBUF[13]_inst, from the path connected to top-level port: ddr3_addr[13] 
Resolution: The tool has removed redundant OBUF. To resolve this warning, check for redundant OBUF in the input design.
WARNING: [Opt 31-36] Removing redundant OBUF, ddr3_addr_OBUF[14]_inst, from the path connected to top-level port: ddr3_addr[14] 
Resolution: The tool has removed redundant OBUF. To resolve this warning, check for redundant OBUF in the input design.
WARNING: [Opt 31-36] Removing redundant OBUF, ddr3_addr_OBUF[1]_inst, from the path connected to top-level port: ddr3_addr[1] 
Resolution: The tool has removed redundant OBUF. To resolve this warning, check for redundant OBUF in the input design.
WARNING: [Opt 31-36] Removing redundant OBUF, ddr3_addr_OBUF[2]_inst, from the path connected to top-level port: ddr3_addr[2] 
Resolution: The tool has removed redundant OBUF. To resolve this warning, check for redundant OBUF in the input design.
WARNING: [Opt 31-36] Removing redundant OBUF, ddr3_addr_OBUF[3]_inst, from the path connected to top-level port: ddr3_addr[3] 
Resolution: The tool has removed redundant OBUF. To resolve this warning, check for redundant OBUF in the input design.
WARNING: [Opt 31-36] Removing redundant OBUF, ddr3_addr_OBUF[4]_inst, from the path connected to top-level port: ddr3_addr[4] 
Resolution: The tool has removed redundant OBUF. To resolve this warning, check for redundant OBUF in the input design.
WARNING: [Opt 31-36] Removing redundant OBUF, ddr3_addr_OBUF[5]_inst, from the path connected to top-level port: ddr3_addr[5] 
Resolution: The tool has removed redundant OBUF. To resolve this warning, check for redundant OBUF in the input design.
WARNING: [Opt 31-36] Removing redundant OBUF, ddr3_addr_OBUF[6]_inst, from the path connected to top-level port: ddr3_addr[6] 
Resolution: The tool has removed redundant OBUF. To resolve this warning, check for redundant OBUF in the input design.
WARNING: [Opt 31-36] Removing redundant OBUF, ddr3_addr_OBUF[7]_inst, from the path connected to top-level port: ddr3_addr[7] 
Resolution: The tool has removed redundant OBUF. To resolve this warning, check for redundant OBUF in the input design.
WARNING: [Opt 31-36] Removing redundant OBUF, ddr3_addr_OBUF[8]_inst, from the path connected to top-level port: ddr3_addr[8] 
Resolution: The tool has removed redundant OBUF. To resolve this warning, check for redundant OBUF in the input design.
WARNING: [Opt 31-36] Removing redundant OBUF, ddr3_addr_OBUF[9]_inst, from the path connected to top-level port: ddr3_addr[9] 
Resolution: The tool has removed redundant OBUF. To resolve this warning, check for redundant OBUF in the input design.
WARNING: [Opt 31-36] Removing redundant OBUF, ddr3_ba_OBUF[0]_inst, from the path connected to top-level port: ddr3_ba[0] 
Resolution: The tool has removed redundant OBUF. To resolve this warning, check for redundant OBUF in the input design.
WARNING: [Opt 31-36] Removing redundant OBUF, ddr3_ba_OBUF[1]_inst, from the path connected to top-level port: ddr3_ba[1] 
Resolution: The tool has removed redundant OBUF. To resolve this warning, check for redundant OBUF in the input design.
WARNING: [Opt 31-36] Removing redundant OBUF, ddr3_ba_OBUF[2]_inst, from the path connected to top-level port: ddr3_ba[2] 
Resolution: The tool has removed redundant OBUF. To resolve this warning, check for redundant OBUF in the input design.
WARNING: [Opt 31-36] Removing redundant OBUF, ddr3_cs_n_OBUF[0]_inst, from the path connected to top-level port: ddr3_cs_n[0] 
Resolution: The tool has removed redundant OBUF. To resolve this warning, check for redundant OBUF in the input design.
WARNING: [Opt 31-36] Removing redundant OBUF, ddr3_reset_n_OBUF_inst, from the path connected to top-level port: ddr3_reset_n 
Resolution: The tool has removed redundant OBUF. To resolve this warning, check for redundant OBUF in the input design.
WARNING: [Opt 31-36] Removing redundant OBUF, ddr3_cas_n_OBUF_inst, from the path connected to top-level port: ddr3_cas_n 
Resolution: The tool has removed redundant OBUF. To resolve this warning, check for redundant OBUF in the input design.
WARNING: [Opt 31-36] Removing redundant OBUF, ddr3_ras_n_OBUF_inst, from the path connected to top-level port: ddr3_ras_n 
Resolution: The tool has removed redundant OBUF. To resolve this warning, check for redundant OBUF in the input design.
WARNING: [Opt 31-36] Removing redundant OBUF, ddr3_we_n_OBUF_inst, from the path connected to top-level port: ddr3_we_n 
Resolution: The tool has removed redundant OBUF. To resolve this warning, check for redundant OBUF in the input design.
WARNING: [Constraints 18-550] Could not create 'IOSTANDARD' constraint because net 'U0_ps_ai_wrap_demo/PJTAG_TCK' is not directly connected to top level port. Synthesis is ignored for IOSTANDARD but preserved for implementation.
WARNING: [Constraints 18-550] Could not create 'IOSTANDARD' constraint because net 'U0_ps_ai_wrap_demo/PJTAG_TDI' is not directly connected to top level port. Synthesis is ignored for IOSTANDARD but preserved for implementation.
WARNING: [Constraints 18-550] Could not create 'IOSTANDARD' constraint because net 'U0_ps_ai_wrap_demo/PJTAG_TMS' is not directly connected to top level port. Synthesis is ignored for IOSTANDARD but preserved for implementation.
WARNING: [Constraints 18-550] Could not create 'IBUF_LOW_PWR' constraint because net 'U0_ps_ai_wrap_demo/cam_clk' is not directly connected to top level port. Synthesis is ignored for IBUF_LOW_PWR but preserved for implementation.
WARNING: [Constraints 18-550] Could not create 'IOSTANDARD' constraint because net 'U0_ps_ai_wrap_demo/led[0]' is not directly connected to top level port. Synthesis is ignored for IOSTANDARD but preserved for implementation.
WARNING: [Constraints 18-550] Could not create 'IOSTANDARD' constraint because net 'U0_ps_ai_wrap_demo/sys_rst' is not directly connected to top level port. Synthesis is ignored for IOSTANDARD but preserved for implementation.
INFO: [Opt 31-138] Pushed 0 inverter(s) to 0 load pin(s).
Netlist sorting complete. Time (s): cpu = 00:00:00 ; elapsed = 00:00:00.077 . Memory (MB): peak = 1386.270 ; gain = 0.000
INFO: [Project 1-111] Unisim Transformation Summary:
  A total of 1526 instances were transformed.
  IOBUFDS_DIFF_OUT_DCIEN => IOBUFDS_DIFF_OUT_DCIEN (IBUFDS_IBUFDISABLE_INT, IBUFDS_IBUFDISABLE_INT, INV, OBUFTDS_DCIEN, OBUFTDS_DCIEN): 8 instances
  IOBUF_DCIEN => IOBUF_DCIEN (IBUF_IBUFDISABLE, OBUFT_DCIEN): 64 instances
  OBUFDS => OBUFDS_DUAL_BUF (INV, OBUFDS, OBUFDS): 1 instances
  RAM32M => RAM32M (RAMD32, RAMD32, RAMD32, RAMD32, RAMD32, RAMD32, RAMS32, RAMS32): 626 instances
  RAM64M => RAM64M (RAMD64E, RAMD64E, RAMD64E, RAMD64E): 779 instances
  RAM64X1D => RAM64X1D (RAMD64E, RAMD64E): 48 instances

INFO: [Common 17-83] Releasing license: Synthesis
275 Infos, 311 Warnings, 53 Critical Warnings and 0 Errors encountered.
synth_design completed successfully
synth_design: Time (s): cpu = 00:02:44 ; elapsed = 00:03:02 . Memory (MB): peak = 1386.270 ; gain = 1133.043
Netlist sorting complete. Time (s): cpu = 00:00:00 ; elapsed = 00:00:00.078 . Memory (MB): peak = 1386.270 ; gain = 0.000
WARNING: [Constraints 18-5210] No constraints selected for write.
Resolution: This message can indicate that there are no constraints for the design, or it can indicate that the used_in flags are set such that the constraints are ignored. This later case is used when running synth_design to not write synthesis constraints to the resulting checkpoint. Instead, project constraints are read when the synthesized design is opened.
INFO: [Common 17-1381] The checkpoint 'D:/vivado2018.3/part2_sa_vertify/part2_sa_vertify.runs/synth_1/bev_edif_top.dcp' has been generated.
write_checkpoint: Time (s): cpu = 00:00:42 ; elapsed = 00:00:38 . Memory (MB): peak = 1386.270 ; gain = 0.000
INFO: [runtcl-4] Executing : report_utilization -file bev_edif_top_utilization_synth.rpt -pb bev_edif_top_utilization_synth.pb
INFO: [Common 17-206] Exiting Vivado at Sun Jul 19 12:03:21 2026...
