[07/18/26 13:26:39.763] [I] Quantize DType: icraft::xir::IntegerTypeNode
[07/18/26 13:26:39.764] [I] ******************Measure Begin******************
[07/18/26 13:26:39.764] [I] Forward Mode: image
[07/18/26 13:26:39.764] [I] Forward Directory: ./qtset/decoder/carla/coco
[07/18/26 13:26:39.764] [I] Forward List: ./qtset/decoder/carla/coco.txt
[07/18/26 13:26:39.764] [I] Calibration Set Size: 10
[07/18/26 13:26:39.764] [I] Batch Number: 1
[07/18/26 13:26:39.764] [I] Batch Size: 10
[07/18/26 13:26:39.764] [I] Saturation Method: kld
[07/18/26 13:26:39.764] [I] Before ReLU: 0
[07/18/26 13:26:39.864] [I] ******************Batch 0 Begin******************
[07/18/26 13:26:46.586] [I] Measuring Op Id: 0, Type: icraft::xir::InputNode
[07/18/26 13:26:49.175] [I] 	ftmp id: 0, ftmp sat: 9.087393, ftmp max: 12.117509
[07/18/26 13:26:49.461] [I] 	ftmp id: 0, ftmp true_min: -12.087465, true_max: 12.117509
[07/18/26 13:26:56.271] [I] Measuring Op Id: 1, Type: icraft::xir::TransposeNode
[07/18/26 13:26:59.060] [I] 	ftmp id: 2, ftmp sat: 9.087393, ftmp max: 12.117509
[07/18/26 13:26:59.288] [I] 	ftmp id: 2, ftmp true_min: -12.087465, true_max: 12.117509
[07/18/26 13:27:05.001] [I] Measuring Op Id: 2, Type: icraft::xir::ReshapeNode
[07/18/26 13:27:07.721] [I] 	ftmp id: 4, ftmp sat: 9.087393, ftmp max: 12.117509
[07/18/26 13:27:08.033] [I] 	ftmp id: 4, ftmp true_min: -12.087465, true_max: 12.117509
[07/18/26 13:27:15.686] [I] Measuring Op Id: 5, Type: icraft::xir::Conv2dNode
[07/18/26 13:27:16.249] [I] 	ftmp id: 12, ftmp sat: 37.70574, ftmp max: 60.33213
[07/18/26 13:27:16.297] [I] 	ftmp id: 12, ftmp true_min: -60.33213, true_max: 43.60942
[07/18/26 13:27:20.147] [I] Measuring Op Id: 6, Type: icraft::xir::Conv2dNode
[07/18/26 13:27:20.716] [I] 	ftmp id: 16, ftmp sat: 6.962063, ftmp max: 11.726031
[07/18/26 13:27:20.823] [I] 	ftmp id: 16, ftmp true_min: -11.726031, true_max: 9.633769
[07/18/26 13:27:23.397] [I] Measuring Op Id: 7, Type: icraft::xir::ReLUNode
[07/18/26 13:27:24.174] [I] 	ftmp id: 18, ftmp sat: 4.8168845, ftmp max: 9.633769
[07/18/26 13:27:24.225] [I] 	ftmp id: 18, ftmp true_min: -0, true_max: 9.633769
[07/18/26 13:27:27.670] [I] Measuring Op Id: 8, Type: icraft::xir::Conv2dNode
[07/18/26 13:27:28.241] [I] 	ftmp id: 22, ftmp sat: 13.564897, ftmp max: 31.004398
[07/18/26 13:27:28.321] [I] 	ftmp id: 22, ftmp true_min: -31.004398, true_max: 16.722345
[07/18/26 13:27:31.234] [I] Measuring Op Id: 9, Type: icraft::xir::AddNode
[07/18/26 13:27:31.791] [I] 	ftmp id: 25, ftmp sat: 37.78181, ftmp max: 63.634975
[07/18/26 13:27:31.895] [I] 	ftmp id: 25, ftmp true_min: -63.634975, true_max: 47.81121
[07/18/26 13:27:34.467] [I] Measuring Op Id: 10, Type: icraft::xir::ReLUNode
[07/18/26 13:27:35.209] [I] 	ftmp id: 27, ftmp sat: 23.905605, ftmp max: 47.81121
[07/18/26 13:27:35.292] [I] 	ftmp id: 27, ftmp true_min: -0, true_max: 47.81121
[07/18/26 13:27:38.176] [I] Measuring Op Id: 11, Type: icraft::xir::Conv2dNode
[07/18/26 13:27:38.305] [I] 	ftmp id: 31, ftmp sat: 7.4073734, ftmp max: 11.288082
[07/18/26 13:27:38.313] [I] 	ftmp id: 31, ftmp true_min: -10.629401, true_max: 11.288082
[07/18/26 13:27:40.487] [I] Measuring Op Id: 12, Type: icraft::xir::ReLUNode
[07/18/26 13:27:40.654] [I] 	ftmp id: 33, ftmp sat: 5.644041, ftmp max: 11.288082
[07/18/26 13:27:40.675] [I] 	ftmp id: 33, ftmp true_min: -0, true_max: 11.288082
[07/18/26 13:27:43.170] [I] Measuring Op Id: 13, Type: icraft::xir::Conv2dNode
[07/18/26 13:27:43.286] [I] 	ftmp id: 37, ftmp sat: 9.255646, ftmp max: 19.745056
[07/18/26 13:27:43.296] [I] 	ftmp id: 37, ftmp true_min: -15.051916, true_max: 19.745056
[07/18/26 13:27:45.546] [I] Measuring Op Id: 14, Type: icraft::xir::ReLUNode
[07/18/26 13:27:45.728] [I] 	ftmp id: 39, ftmp sat: 9.872528, ftmp max: 19.745056
[07/18/26 13:27:45.737] [I] 	ftmp id: 39, ftmp true_min: -0, true_max: 19.745056
[07/18/26 13:27:48.129] [I] Measuring Op Id: 15, Type: icraft::xir::Conv2dNode
[07/18/26 13:27:48.246] [I] 	ftmp id: 43, ftmp sat: 9.777458, ftmp max: 18.40489
[07/18/26 13:27:48.256] [I] 	ftmp id: 43, ftmp true_min: -18.40489, true_max: 15.101568
[07/18/26 13:27:50.237] [I] Measuring Op Id: 16, Type: icraft::xir::AddNode
[07/18/26 13:27:50.351] [I] 	ftmp id: 46, ftmp sat: 9.988745, ftmp max: 19.97749
[07/18/26 13:27:50.362] [I] 	ftmp id: 46, ftmp true_min: -18.40489, true_max: 19.97749
[07/18/26 13:27:52.265] [I] Measuring Op Id: 17, Type: icraft::xir::ReLUNode
[07/18/26 13:27:52.445] [I] 	ftmp id: 48, ftmp sat: 9.988745, ftmp max: 19.97749
[07/18/26 13:27:52.462] [I] 	ftmp id: 48, ftmp true_min: -0, true_max: 19.97749
[07/18/26 13:27:54.998] [I] Measuring Op Id: 18, Type: icraft::xir::Conv2dNode
[07/18/26 13:27:55.119] [I] 	ftmp id: 52, ftmp sat: 6.6050406, ftmp max: 13.210081
[07/18/26 13:27:55.135] [I] 	ftmp id: 52, ftmp true_min: -13.210081, true_max: 7.5076613
[07/18/26 13:27:57.352] [I] Measuring Op Id: 19, Type: icraft::xir::ReLUNode
[07/18/26 13:27:57.524] [I] 	ftmp id: 54, ftmp sat: 3.7538307, ftmp max: 7.5076613
[07/18/26 13:27:57.540] [I] 	ftmp id: 54, ftmp true_min: -0, true_max: 7.5076613
[07/18/26 13:27:59.841] [I] Measuring Op Id: 20, Type: icraft::xir::Conv2dNode
[07/18/26 13:27:59.961] [I] 	ftmp id: 58, ftmp sat: 7.2541823, ftmp max: 10.55224
[07/18/26 13:27:59.973] [I] 	ftmp id: 58, ftmp true_min: -10.066838, true_max: 10.55224
[07/18/26 13:28:01.686] [I] Measuring Op Id: 21, Type: icraft::xir::ReLUNode
[07/18/26 13:28:01.861] [I] 	ftmp id: 60, ftmp sat: 5.27612, ftmp max: 10.55224
[07/18/26 13:28:01.871] [I] 	ftmp id: 60, ftmp true_min: -0, true_max: 10.55224
[07/18/26 13:28:04.015] [I] Measuring Op Id: 22, Type: icraft::xir::Conv2dNode
[07/18/26 13:28:04.125] [I] 	ftmp id: 64, ftmp sat: 8.902733, ftmp max: 14.994655
[07/18/26 13:28:04.145] [I] 	ftmp id: 64, ftmp true_min: -14.994655, true_max: 10.735582
[07/18/26 13:28:06.422] [I] Measuring Op Id: 23, Type: icraft::xir::AddNode
[07/18/26 13:28:06.545] [I] 	ftmp id: 67, ftmp sat: 9.3712015, ftmp max: 14.994655
[07/18/26 13:28:06.562] [I] 	ftmp id: 67, ftmp true_min: -14.994655, true_max: 12.946769
[07/18/26 13:28:08.786] [I] Measuring Op Id: 24, Type: icraft::xir::ReLUNode
[07/18/26 13:28:08.963] [I] 	ftmp id: 69, ftmp sat: 12.9451885, ftmp max: 12.946769
[07/18/26 13:28:08.971] [I] 	ftmp id: 69, ftmp true_min: -0, true_max: 12.946769
[07/18/26 13:28:11.451] [I] Measuring Op Id: 25, Type: icraft::xir::Conv2dNode
[07/18/26 13:28:11.566] [I] 	ftmp id: 73, ftmp sat: 7.8728647, ftmp max: 12.5971985
[07/18/26 13:28:11.590] [I] 	ftmp id: 73, ftmp true_min: -11.295919, true_max: 12.5971985
[07/18/26 13:28:13.528] [I] Measuring Op Id: 26, Type: icraft::xir::ReLUNode
[07/18/26 13:28:13.699] [I] 	ftmp id: 75, ftmp sat: 6.2985992, ftmp max: 12.5971985
[07/18/26 13:28:13.711] [I] 	ftmp id: 75, ftmp true_min: -0, true_max: 12.5971985
[07/18/26 13:28:15.662] [I] Measuring Op Id: 29, Type: icraft::xir::TransposeNode
[07/18/26 13:28:15.830] [I] 	ftmp id: 81, ftmp sat: 6.2985992, ftmp max: 12.5971985
[07/18/26 13:28:15.848] [I] 	ftmp id: 81, ftmp true_min: -0, true_max: 12.5971985
[07/18/26 13:28:17.821] [I] Measuring Op Id: 30, Type: icraft::xir::Conv2dNode
[07/18/26 13:28:17.880] [I] 	ftmp id: 85, ftmp sat: 28.3034, ftmp max: 39.38157
[07/18/26 13:28:17.885] [I] 	ftmp id: 85, ftmp true_min: -39.38157, true_max: 13.727041
[07/18/26 13:28:20.169] [I] Measuring Op Id: 32, Type: icraft::xir::Conv2dNode
[07/18/26 13:28:20.221] [I] 	ftmp id: 91, ftmp sat: 8.609931, ftmp max: 9.184973
[07/18/26 13:28:20.230] [I] 	ftmp id: 91, ftmp true_min: -8.912923, true_max: 9.184973
[07/18/26 13:28:22.429] [I] Measuring Op Id: 34, Type: icraft::xir::Conv2dNode
[07/18/26 13:28:22.443] [I] 	ftmp id: 97, ftmp sat: 8.395243, ftmp max: 9.595567
[07/18/26 13:28:22.444] [I] 	ftmp id: 97, ftmp true_min: -9.587829, true_max: 9.595567
[07/18/26 13:28:24.628] [I] Measuring Op Id: 35, Type: icraft::xir::SigmoidNode
[07/18/26 13:28:24.693] [I] 	ftmp id: 99, ftmp sat: 0.18757607, ftmp max: 0.9999989
[07/18/26 13:28:24.697] [I] 	ftmp id: 99, ftmp true_min: 7.885004e-18, true_max: 0.9999989
[07/18/26 13:28:26.591] [I] ******************Batch 0 End******************
[07/18/26 13:28:26.621] [I] ******************Measure End******************
[07/18/26 13:28:26.628] [I] 	ftmp id: 0, default normratio = 0
[07/18/26 13:28:26.629] [I] 	ftmp id: 2, calculate normratio = 0.07155427
[07/18/26 13:28:26.629] [I] 	ftmp id: 4, calculate normratio = 0.07155427
[07/18/26 13:28:26.629] [I] 	ftmp id: 12, calculate normratio = 0.2968956
[07/18/26 13:28:26.629] [I] 	ftmp id: 16, calculate normratio = 0.037928224
[07/18/26 13:28:26.629] [I] 	ftmp id: 18, calculate normratio = 0.037928224
[07/18/26 13:28:26.629] [I] 	ftmp id: 22, calculate normratio = 0.10681021
[07/18/26 13:28:26.630] [I] 	ftmp id: 25, calculate normratio = 0.29749456
[07/18/26 13:28:26.630] [I] 	ftmp id: 27, calculate normratio = 0.1882331
[07/18/26 13:28:26.630] [I] 	ftmp id: 31, calculate normratio = 0.044441268
[07/18/26 13:28:26.630] [I] 	ftmp id: 33, calculate normratio = 0.044441268
[07/18/26 13:28:26.630] [I] 	ftmp id: 37, calculate normratio = 0.077736445
[07/18/26 13:28:26.630] [I] 	ftmp id: 39, calculate normratio = 0.077736445
[07/18/26 13:28:26.630] [I] 	ftmp id: 43, calculate normratio = 0.07698786
[07/18/26 13:28:26.630] [I] 	ftmp id: 46, calculate normratio = 0.07865153
[07/18/26 13:28:26.630] [I] 	ftmp id: 48, calculate normratio = 0.07865153
[07/18/26 13:28:26.630] [I] 	ftmp id: 52, calculate normratio = 0.029557722
[07/18/26 13:28:26.630] [I] 	ftmp id: 54, calculate normratio = 0.029557722
[07/18/26 13:28:26.630] [I] 	ftmp id: 58, calculate normratio = 0.041544255
[07/18/26 13:28:26.630] [I] 	ftmp id: 60, calculate normratio = 0.041544255
[07/18/26 13:28:26.630] [I] 	ftmp id: 64, calculate normratio = 0.070100255
[07/18/26 13:28:26.630] [I] 	ftmp id: 67, calculate normratio = 0.073788986
[07/18/26 13:28:26.630] [I] 	ftmp id: 69, calculate normratio = 0.10193062
[07/18/26 13:28:26.630] [I] 	ftmp id: 73, calculate normratio = 0.04959527
[07/18/26 13:28:26.630] [I] 	ftmp id: 75, calculate normratio = 0.04959527
[07/18/26 13:28:26.630] [I] 	ftmp id: 81, calculate normratio = 0.04959527
[07/18/26 13:28:26.630] [I] 	ftmp id: 85, calculate normratio = 0.22286142
[07/18/26 13:28:26.630] [I] 	ftmp id: 91, calculate normratio = 0.06779473
[07/18/26 13:28:26.630] [I] 	ftmp id: 97, calculate normratio = 0.06610427
[07/18/26 13:28:26.630] [I] 	ftmp id: 99, calculate normratio = 0.0014769769
[07/18/26 13:28:26.630] [I] Calculate Scale Op Id: 0, Type: icraft::xir::InputNode
[07/18/26 13:28:26.630] [I] 	ftmp id: 0, default normratio = 0
[07/18/26 13:28:26.630] [I] Calculate Scale Op Id: 41, Type: icraft::xir::CastNode
[07/18/26 13:28:26.630] [I] 	ftmp id: 112, default normratio = 1
[07/18/26 13:28:26.630] [I] Calculate Scale Op Id: 42, Type: icraft::xir::CastNode
[07/18/26 13:28:26.630] [I] 	ftmp id: 114, calculate normratio = 0.07155427
[07/18/26 13:28:26.630] [I] Calculate Scale Op Id: 1, Type: icraft::xir::TransposeNode
[07/18/26 13:28:26.631] [I] 	 ReshapeNormratio from opid: -1 to op : 1,optype:icraft::xir::TransposeNode
[07/18/26 13:28:26.631] [I] 	ftmp id: 2, pass normratio from ftmp 114
[07/18/26 13:28:26.631] [I] Calculate Scale Op Id: 2, Type: icraft::xir::ReshapeNode
[07/18/26 13:28:26.631] [I] 	 ReshapeNormratio from opid: -1 to op : 2,optype:icraft::xir::ReshapeNode
[07/18/26 13:28:26.631] [I] 	ftmp id: 4, pass normratio from ftmp 2
[07/18/26 13:28:26.631] [I] Calculate Scale Op Id: 5, Type: icraft::xir::Conv2dNode
[07/18/26 13:28:26.632] [I] 	ftmp id: 12, calculate normratio = 0.2968956
[07/18/26 13:28:26.632] [I] Calculate Scale Op Id: 6, Type: icraft::xir::Conv2dNode
[07/18/26 13:28:26.632] [I] 	ftmp id: 16, calculate normratio = 0.037928224
[07/18/26 13:28:26.632] [I] Calculate Scale Op Id: 7, Type: icraft::xir::ReLUNode
[07/18/26 13:28:26.632] [I] 	 PassNormratio from opid: -1 to op : 7,optype:icraft::xir::ReLUNode
[07/18/26 13:28:26.632] [I] 	ftmp id: 18, pass normratio from ftmp 16
[07/18/26 13:28:26.632] [I] Calculate Scale Op Id: 8, Type: icraft::xir::Conv2dNode
[07/18/26 13:28:26.632] [I] 	ftmp id: 22, calculate normratio = 0.10681021
[07/18/26 13:28:26.632] [I] Calculate Scale Op Id: 9, Type: icraft::xir::AddNode
[07/18/26 13:28:26.632] [I] 	ftmp id: 25, calculate normratio = 0.29749456
[07/18/26 13:28:26.632] [I] Calculate Scale Op Id: 10, Type: icraft::xir::ReLUNode
[07/18/26 13:28:26.632] [I] 	 PassNormratio from opid: -1 to op : 10,optype:icraft::xir::ReLUNode
[07/18/26 13:28:26.632] [I] 	ftmp id: 27, pass normratio from ftmp 25
[07/18/26 13:28:26.632] [I] Calculate Scale Op Id: 11, Type: icraft::xir::Conv2dNode
[07/18/26 13:28:26.632] [I] 	ftmp id: 31, calculate normratio = 0.044441268
[07/18/26 13:28:26.632] [I] Calculate Scale Op Id: 12, Type: icraft::xir::ReLUNode
[07/18/26 13:28:26.632] [I] 	 PassNormratio from opid: -1 to op : 12,optype:icraft::xir::ReLUNode
[07/18/26 13:28:26.632] [I] 	ftmp id: 33, pass normratio from ftmp 31
[07/18/26 13:28:26.632] [I] Calculate Scale Op Id: 13, Type: icraft::xir::Conv2dNode
[07/18/26 13:28:26.632] [I] 	ftmp id: 37, calculate normratio = 0.077736445
[07/18/26 13:28:26.632] [I] Calculate Scale Op Id: 14, Type: icraft::xir::ReLUNode
[07/18/26 13:28:26.632] [I] 	 PassNormratio from opid: -1 to op : 14,optype:icraft::xir::ReLUNode
[07/18/26 13:28:26.632] [I] 	ftmp id: 39, pass normratio from ftmp 37
[07/18/26 13:28:26.632] [I] Calculate Scale Op Id: 15, Type: icraft::xir::Conv2dNode
[07/18/26 13:28:26.632] [I] 	ftmp id: 43, calculate normratio = 0.07698786
[07/18/26 13:28:26.632] [I] Calculate Scale Op Id: 16, Type: icraft::xir::AddNode
[07/18/26 13:28:26.632] [I] 	ftmp id: 46, calculate normratio = 0.07865153
[07/18/26 13:28:26.632] [I] Calculate Scale Op Id: 17, Type: icraft::xir::ReLUNode
[07/18/26 13:28:26.632] [I] 	 PassNormratio from opid: -1 to op : 17,optype:icraft::xir::ReLUNode
[07/18/26 13:28:26.632] [I] 	ftmp id: 48, pass normratio from ftmp 46
[07/18/26 13:28:26.632] [I] Calculate Scale Op Id: 18, Type: icraft::xir::Conv2dNode
[07/18/26 13:28:26.632] [I] 	ftmp id: 52, calculate normratio = 0.029557722
[07/18/26 13:28:26.632] [I] Calculate Scale Op Id: 19, Type: icraft::xir::ReLUNode
[07/18/26 13:28:26.632] [I] 	 PassNormratio from opid: -1 to op : 19,optype:icraft::xir::ReLUNode
[07/18/26 13:28:26.632] [I] 	ftmp id: 54, pass normratio from ftmp 52
[07/18/26 13:28:26.632] [I] Calculate Scale Op Id: 20, Type: icraft::xir::Conv2dNode
[07/18/26 13:28:26.632] [I] 	ftmp id: 58, calculate normratio = 0.041544255
[07/18/26 13:28:26.632] [I] Calculate Scale Op Id: 21, Type: icraft::xir::ReLUNode
[07/18/26 13:28:26.632] [I] 	 PassNormratio from opid: -1 to op : 21,optype:icraft::xir::ReLUNode
[07/18/26 13:28:26.632] [I] 	ftmp id: 60, pass normratio from ftmp 58
[07/18/26 13:28:26.632] [I] Calculate Scale Op Id: 22, Type: icraft::xir::Conv2dNode
[07/18/26 13:28:26.632] [I] 	ftmp id: 64, calculate normratio = 0.070100255
[07/18/26 13:28:26.632] [I] Calculate Scale Op Id: 23, Type: icraft::xir::AddNode
[07/18/26 13:28:26.632] [I] 	ftmp id: 67, calculate normratio = 0.073788986
[07/18/26 13:28:26.632] [I] Calculate Scale Op Id: 24, Type: icraft::xir::ReLUNode
[07/18/26 13:28:26.632] [I] 	 PassNormratio from opid: -1 to op : 24,optype:icraft::xir::ReLUNode
[07/18/26 13:28:26.632] [I] 	ftmp id: 69, pass normratio from ftmp 67
[07/18/26 13:28:26.632] [I] Calculate Scale Op Id: 25, Type: icraft::xir::Conv2dNode
[07/18/26 13:28:26.632] [I] 	ftmp id: 73, calculate normratio = 0.04959527
[07/18/26 13:28:26.632] [I] Calculate Scale Op Id: 26, Type: icraft::xir::ReLUNode
[07/18/26 13:28:26.632] [I] 	 PassNormratio from opid: -1 to op : 26,optype:icraft::xir::ReLUNode
[07/18/26 13:28:26.632] [I] 	ftmp id: 75, pass normratio from ftmp 73
[07/18/26 13:28:26.632] [I] Calculate Scale Op Id: 29, Type: icraft::xir::TransposeNode
[07/18/26 13:28:26.632] [I] 	 ReshapeNormratio from opid: -1 to op : 29,optype:icraft::xir::TransposeNode
[07/18/26 13:28:26.632] [I] 	ftmp id: 81, pass normratio from ftmp 75
[07/18/26 13:28:26.632] [I] Calculate Scale Op Id: 30, Type: icraft::xir::Conv2dNode
[07/18/26 13:28:26.632] [I] 	ftmp id: 85, calculate normratio = 0.22286142
[07/18/26 13:28:26.632] [I] Calculate Scale Op Id: 32, Type: icraft::xir::Conv2dNode
[07/18/26 13:28:26.632] [I] 	ftmp id: 91, calculate normratio = 0.06779473
[07/18/26 13:28:26.632] [I] Calculate Scale Op Id: 34, Type: icraft::xir::Conv2dNode
[07/18/26 13:28:26.632] [I] 	ftmp id: 97, calculate normratio = 0.06610427
[07/18/26 13:28:26.632] [I] Calculate Scale Op Id: 35, Type: icraft::xir::SigmoidNode
[07/18/26 13:28:26.632] [I] 	ftmp id: 99, calculate normratio = 0.0014769769
[07/18/26 13:28:26.632] [I] Calculate Scale Op Id: 43, Type: icraft::xir::CastNode
[07/18/26 13:28:26.632] [I] 	ftmp id: 116, default normratio = 1
[07/18/26 13:28:26.632] [I] Calculate Scale Op Id: 44, Type: icraft::xir::CastNode
[07/18/26 13:28:26.632] [I] 	ftmp id: 118, default normratio = 1
[07/18/26 13:28:26.632] [I] Calculate Scale Op Id: 45, Type: icraft::xir::CastNode
[07/18/26 13:28:26.632] [I] 	ftmp id: 120, default normratio = 1
[07/18/26 13:28:26.632] [I] Calculate Scale Op Id: 46, Type: icraft::xir::CastNode
[07/18/26 13:28:26.632] [I] 	ftmp id: 122, default normratio = 1
[07/18/26 13:28:26.632] [I] Calculate Scale Op Id: 47, Type: icraft::xir::CastNode
[07/18/26 13:28:26.632] [I] 	ftmp id: 124, default normratio = 1
[07/18/26 13:28:26.632] [I] Calculate Scale Op Id: 48, Type: icraft::xir::CastNode
[07/18/26 13:28:26.632] [I] 	ftmp id: 126, default normratio = 1
[07/18/26 13:28:26.633] [I] Calculate Scale Op Id: 36, Type: icraft::xir::OutputNode
[07/18/26 13:28:26.633] [I] Quantizing Op Id: 0, Type: icraft::xir::InputNode
[07/18/26 13:28:26.633] [I] Quantizing Op Id: 41, Type: icraft::xir::CastNode
[07/18/26 13:28:26.634] [I] Quantizing Op Id: 42, Type: icraft::xir::CastNode
[07/18/26 13:28:26.634] [I] Quantizing Op Id: 1, Type: icraft::xir::TransposeNode
[07/18/26 13:28:26.634] [I] Quantizing Op Id: 2, Type: icraft::xir::ReshapeNode
[07/18/26 13:28:26.634] [I] Quantizing Op Id: 5, Type: icraft::xir::Conv2dNode
[07/18/26 13:28:26.647] [I] 	Measuring Weight: channel: 1, sat: 0.20278902, max: 0.20281377
[07/18/26 13:28:26.650] [I] 	Measuring Weight: channel: 2, sat: 0.21344785, max: 0.21347392
[07/18/26 13:28:26.653] [I] 	Measuring Weight: channel: 3, sat: 0.21314995, max: 0.21317597
[07/18/26 13:28:26.655] [I] 	Measuring Weight: channel: 4, sat: 0.22815812, max: 0.22818597
[07/18/26 13:28:26.659] [I] 	Measuring Weight: channel: 5, sat: 0.29941157, max: 0.2994481
[07/18/26 13:28:26.661] [I] 	Measuring Weight: channel: 6, sat: 0.23688464, max: 0.23691356
[07/18/26 13:28:26.664] [I] 	Measuring Weight: channel: 7, sat: 0.20947026, max: 0.20949583
[07/18/26 13:28:26.667] [I] 	Measuring Weight: channel: 8, sat: 0.22198507, max: 0.22201218
[07/18/26 13:28:26.670] [I] 	Measuring Weight: channel: 9, sat: 0.20326912, max: 0.20329393
[07/18/26 13:28:26.673] [I] 	Measuring Weight: channel: 10, sat: 0.1917997, max: 0.19182311
[07/18/26 13:28:26.676] [I] 	Measuring Weight: channel: 11, sat: 0.17892289, max: 0.17894472
[07/18/26 13:28:26.679] [I] 	Measuring Weight: channel: 12, sat: 0.19612382, max: 0.19614777
[07/18/26 13:28:26.682] [I] 	Measuring Weight: channel: 13, sat: 0.24090208, max: 0.24093148
[07/18/26 13:28:26.684] [I] 	Measuring Weight: channel: 14, sat: 0.22013932, max: 0.22016619
[07/18/26 13:28:26.687] [I] 	Measuring Weight: channel: 15, sat: 0.16138881, max: 0.16140851
[07/18/26 13:28:26.690] [I] 	Measuring Weight: channel: 16, sat: 0.19338228, max: 0.19340588
[07/18/26 13:28:26.693] [I] 	Measuring Weight: channel: 17, sat: 0.17265049, max: 0.17267156
[07/18/26 13:28:26.696] [I] 	Measuring Weight: channel: 18, sat: 0.20312807, max: 0.20315287
[07/18/26 13:28:26.699] [I] 	Measuring Weight: channel: 19, sat: 0.2546468, max: 0.2546779
[07/18/26 13:28:26.702] [I] 	Measuring Weight: channel: 20, sat: 0.20055361, max: 0.20057808
[07/18/26 13:28:26.705] [I] 	Measuring Weight: channel: 21, sat: 0.25522384, max: 0.255255
[07/18/26 13:28:26.708] [I] 	Measuring Weight: channel: 22, sat: 0.20461889, max: 0.20464386
[07/18/26 13:28:26.710] [I] 	Measuring Weight: channel: 23, sat: 0.25365406, max: 0.25368503
[07/18/26 13:28:26.713] [I] 	Measuring Weight: channel: 24, sat: 0.21787353, max: 0.21790011
[07/18/26 13:28:26.716] [I] 	Measuring Weight: channel: 25, sat: 0.2528181, max: 0.25284898
[07/18/26 13:28:26.719] [I] 	Measuring Weight: channel: 26, sat: 0.19748455, max: 0.19750865
[07/18/26 13:28:26.722] [I] 	Measuring Weight: channel: 27, sat: 0.17631882, max: 0.17634034
[07/18/26 13:28:26.725] [I] 	Measuring Weight: channel: 28, sat: 0.3202739, max: 0.32031298
[07/18/26 13:28:26.728] [I] 	Measuring Weight: channel: 29, sat: 0.21580434, max: 0.21583067
[07/18/26 13:28:26.731] [I] 	Measuring Weight: channel: 30, sat: 0.21661316, max: 0.21663961
[07/18/26 13:28:26.734] [I] 	Measuring Weight: channel: 31, sat: 0.21887825, max: 0.21890497
[07/18/26 13:28:26.737] [I] 	Measuring Weight: channel: 32, sat: 0.21925876, max: 0.21928552
[07/18/26 13:28:26.740] [I] 	Measuring Weight: channel: 33, sat: 0.18359785, max: 0.18362026
[07/18/26 13:28:26.742] [I] 	Measuring Weight: channel: 34, sat: 0.2493478, max: 0.24937825
[07/18/26 13:28:26.745] [I] 	Measuring Weight: channel: 35, sat: 0.21145096, max: 0.21147677
[07/18/26 13:28:26.748] [I] 	Measuring Weight: channel: 36, sat: 0.26548555, max: 0.26551798
[07/18/26 13:28:26.751] [I] 	Measuring Weight: channel: 37, sat: 0.21037966, max: 0.21040533
[07/18/26 13:28:26.753] [I] 	Measuring Weight: channel: 38, sat: 0.18633196, max: 0.1863547
[07/18/26 13:28:26.756] [I] 	Measuring Weight: channel: 39, sat: 0.27933866, max: 0.27937275
[07/18/26 13:28:26.758] [I] 	Measuring Weight: channel: 40, sat: 0.24062465, max: 0.24065402
[07/18/26 13:28:26.761] [I] 	Measuring Weight: channel: 41, sat: 0.23621759, max: 0.23624642
[07/18/26 13:28:26.763] [I] 	Measuring Weight: channel: 42, sat: 0.2694616, max: 0.26949447
[07/18/26 13:28:26.766] [I] 	Measuring Weight: channel: 43, sat: 0.20917574, max: 0.20920128
[07/18/26 13:28:26.769] [I] 	Measuring Weight: channel: 44, sat: 0.23206244, max: 0.23209077
[07/18/26 13:28:26.771] [I] 	Measuring Weight: channel: 45, sat: 0.21614331, max: 0.2161697
[07/18/26 13:28:26.773] [I] 	Measuring Weight: channel: 46, sat: 0.1930883, max: 0.19311185
[07/18/26 13:28:26.776] [I] 	Measuring Weight: channel: 47, sat: 0.19228075, max: 0.19230422
[07/18/26 13:28:26.778] [I] 	Measuring Weight: channel: 48, sat: 0.23562974, max: 0.2356585
[07/18/26 13:28:26.781] [I] 	Measuring Weight: channel: 49, sat: 0.19759719, max: 0.1976213
[07/18/26 13:28:26.783] [I] 	Measuring Weight: channel: 50, sat: 0.22454938, max: 0.2245768
[07/18/26 13:28:26.786] [I] 	Measuring Weight: channel: 51, sat: 0.20672615, max: 0.20675139
[07/18/26 13:28:26.788] [I] 	Measuring Weight: channel: 52, sat: 0.24608073, max: 0.24611075
[07/18/26 13:28:26.791] [I] 	Measuring Weight: channel: 53, sat: 0.17958559, max: 0.17960751
[07/18/26 13:28:26.793] [I] 	Measuring Weight: channel: 54, sat: 0.20346572, max: 0.20349054
[07/18/26 13:28:26.795] [I] 	Measuring Weight: channel: 55, sat: 0.20966376, max: 0.20968936
[07/18/26 13:28:26.798] [I] 	Measuring Weight: channel: 56, sat: 0.23343378, max: 0.23346227
[07/18/26 13:28:26.800] [I] 	Measuring Weight: channel: 57, sat: 0.22662863, max: 0.2266563
[07/18/26 13:28:26.803] [I] 	Measuring Weight: channel: 58, sat: 0.2558099, max: 0.2558411
[07/18/26 13:28:26.805] [I] 	Measuring Weight: channel: 59, sat: 0.19451326, max: 0.19453701
[07/18/26 13:28:26.808] [I] 	Measuring Weight: channel: 60, sat: 0.20619737, max: 0.20622253
[07/18/26 13:28:26.810] [I] 	Measuring Weight: channel: 61, sat: 0.23025666, max: 0.23028477
[07/18/26 13:28:26.812] [I] 	Measuring Weight: channel: 62, sat: 0.22343983, max: 0.2234671
[07/18/26 13:28:26.815] [I] 	Measuring Weight: channel: 63, sat: 0.18979935, max: 0.18982251
[07/18/26 13:28:26.817] [I] 	Measuring Weight: channel: 64, sat: 0.19314755, max: 0.19317113
[07/18/26 13:28:26.820] [I] 	Measuring Weight: channel: 65, sat: 0.2040572, max: 0.20408212
[07/18/26 13:28:26.822] [I] 	Measuring Weight: channel: 66, sat: 0.20266646, max: 0.2026912
[07/18/26 13:28:26.824] [I] 	Measuring Weight: channel: 67, sat: 0.1676701, max: 0.16769058
[07/18/26 13:28:26.827] [I] 	Measuring Weight: channel: 68, sat: 0.21961033, max: 0.21963714
[07/18/26 13:28:26.829] [I] 	Measuring Weight: channel: 69, sat: 0.2159446, max: 0.21597096
[07/18/26 13:28:26.831] [I] 	Measuring Weight: channel: 70, sat: 0.2228007, max: 0.2228279
[07/18/26 13:28:26.834] [I] 	Measuring Weight: channel: 71, sat: 0.17784826, max: 0.17786998
[07/18/26 13:28:26.836] [I] 	Measuring Weight: channel: 72, sat: 0.29361248, max: 0.29364833
[07/18/26 13:28:26.839] [I] 	Measuring Weight: channel: 73, sat: 0.22622725, max: 0.22625487
[07/18/26 13:28:26.841] [I] 	Measuring Weight: channel: 74, sat: 0.25344077, max: 0.2534717
[07/18/26 13:28:26.844] [I] 	Measuring Weight: channel: 75, sat: 0.18319356, max: 0.18321592
[07/18/26 13:28:26.846] [I] 	Measuring Weight: channel: 76, sat: 0.20796008, max: 0.20798548
[07/18/26 13:28:26.848] [I] 	Measuring Weight: channel: 77, sat: 0.2538155, max: 0.25384647
[07/18/26 13:28:26.851] [I] 	Measuring Weight: channel: 78, sat: 0.19082151, max: 0.1908448
[07/18/26 13:28:26.853] [I] 	Measuring Weight: channel: 79, sat: 0.17903815, max: 0.17906
[07/18/26 13:28:26.856] [I] 	Measuring Weight: channel: 80, sat: 0.306097, max: 0.30613434
[07/18/26 13:28:26.858] [I] 	Measuring Weight: channel: 81, sat: 0.3036317, max: 0.30366874
[07/18/26 13:28:26.860] [I] 	Measuring Weight: channel: 82, sat: 0.26704946, max: 0.26708204
[07/18/26 13:28:26.863] [I] 	Measuring Weight: channel: 83, sat: 0.2058677, max: 0.20589283
[07/18/26 13:28:26.865] [I] 	Measuring Weight: channel: 84, sat: 0.18218909, max: 0.18221134
[07/18/26 13:28:26.868] [I] 	Measuring Weight: channel: 85, sat: 0.21244247, max: 0.2124684
[07/18/26 13:28:26.870] [I] 	Measuring Weight: channel: 86, sat: 0.24495146, max: 0.24498136
[07/18/26 13:28:26.873] [I] 	Measuring Weight: channel: 87, sat: 0.22799821, max: 0.22802603
[07/18/26 13:28:26.875] [I] 	Measuring Weight: channel: 88, sat: 0.28742078, max: 0.28745586
[07/18/26 13:28:26.878] [I] 	Measuring Weight: channel: 89, sat: 0.22445591, max: 0.2244833
[07/18/26 13:28:26.880] [I] 	Measuring Weight: channel: 90, sat: 0.2535908, max: 0.25362173
[07/18/26 13:28:26.883] [I] 	Measuring Weight: channel: 91, sat: 0.19932278, max: 0.1993471
[07/18/26 13:28:26.885] [I] 	Measuring Weight: channel: 92, sat: 0.21920528, max: 0.21923202
[07/18/26 13:28:26.887] [I] 	Measuring Weight: channel: 93, sat: 0.28415462, max: 0.2841893
[07/18/26 13:28:26.890] [I] 	Measuring Weight: channel: 94, sat: 0.23234463, max: 0.23237298
[07/18/26 13:28:26.892] [I] 	Measuring Weight: channel: 95, sat: 0.21672758, max: 0.21675403
[07/18/26 13:28:26.895] [I] 	Measuring Weight: channel: 96, sat: 0.23432264, max: 0.23435125
[07/18/26 13:28:26.897] [I] 	Measuring Weight: channel: 97, sat: 0.20694752, max: 0.20697278
[07/18/26 13:28:26.900] [I] 	Measuring Weight: channel: 98, sat: 0.22099462, max: 0.2210216
[07/18/26 13:28:26.902] [I] 	Measuring Weight: channel: 99, sat: 0.16999851, max: 0.17001927
[07/18/26 13:28:26.904] [I] 	Measuring Weight: channel: 100, sat: 0.21178356, max: 0.2118094
[07/18/26 13:28:26.907] [I] 	Measuring Weight: channel: 101, sat: 0.20740196, max: 0.20742728
[07/18/26 13:28:26.909] [I] 	Measuring Weight: channel: 102, sat: 0.22740327, max: 0.22743101
[07/18/26 13:28:26.912] [I] 	Measuring Weight: channel: 103, sat: 0.22869757, max: 0.2287255
[07/18/26 13:28:26.914] [I] 	Measuring Weight: channel: 104, sat: 0.25910443, max: 0.25913605
[07/18/26 13:28:26.917] [I] 	Measuring Weight: channel: 105, sat: 0.18640874, max: 0.1864315
[07/18/26 13:28:26.919] [I] 	Measuring Weight: channel: 106, sat: 0.30815992, max: 0.30819753
[07/18/26 13:28:26.922] [I] 	Measuring Weight: channel: 107, sat: 0.20228599, max: 0.20231068
[07/18/26 13:28:26.924] [I] 	Measuring Weight: channel: 108, sat: 0.19371723, max: 0.19374086
[07/18/26 13:28:26.927] [I] 	Measuring Weight: channel: 109, sat: 0.25442088, max: 0.25445193
[07/18/26 13:28:26.929] [I] 	Measuring Weight: channel: 110, sat: 0.24572349, max: 0.24575347
[07/18/26 13:28:26.931] [I] 	Measuring Weight: channel: 111, sat: 0.17203328, max: 0.17205428
[07/18/26 13:28:26.934] [I] 	Measuring Weight: channel: 112, sat: 0.23084702, max: 0.2308752
[07/18/26 13:28:26.936] [I] 	Measuring Weight: channel: 113, sat: 0.20091052, max: 0.20093504
[07/18/26 13:28:26.938] [I] 	Measuring Weight: channel: 114, sat: 0.27618274, max: 0.27621645
[07/18/26 13:28:26.941] [I] 	Measuring Weight: channel: 115, sat: 0.23389956, max: 0.23392811
[07/18/26 13:28:26.943] [I] 	Measuring Weight: channel: 116, sat: 0.23719561, max: 0.23722456
[07/18/26 13:28:26.946] [I] 	Measuring Weight: channel: 117, sat: 0.24536096, max: 0.2453909
[07/18/26 13:28:26.948] [I] 	Measuring Weight: channel: 118, sat: 0.19915402, max: 0.19917834
[07/18/26 13:28:26.951] [I] 	Measuring Weight: channel: 119, sat: 0.20885718, max: 0.20888266
[07/18/26 13:28:26.953] [I] 	Measuring Weight: channel: 120, sat: 0.190999, max: 0.19102232
[07/18/26 13:28:26.955] [I] 	Measuring Weight: channel: 121, sat: 0.22324869, max: 0.22327593
[07/18/26 13:28:26.958] [I] 	Measuring Weight: channel: 122, sat: 0.20009498, max: 0.2001194
[07/18/26 13:28:26.960] [I] 	Measuring Weight: channel: 123, sat: 0.18030813, max: 0.18033014
[07/18/26 13:28:26.962] [I] 	Measuring Weight: channel: 124, sat: 0.20084774, max: 0.20087226
[07/18/26 13:28:26.965] [I] 	Measuring Weight: channel: 125, sat: 0.21768482, max: 0.21771139
[07/18/26 13:28:26.967] [I] 	Measuring Weight: channel: 126, sat: 0.2297559, max: 0.22978394
[07/18/26 13:28:26.970] [I] 	Measuring Weight: channel: 127, sat: 0.2026492, max: 0.20267394
[07/18/26 13:28:26.972] [I] 	Measuring Weight: channel: 128, sat: 0.25002682, max: 0.25005734
[07/18/26 13:28:26.974] [I] 	Measuring Weight: channel: 129, sat: 0.17681776, max: 0.17683935
[07/18/26 13:28:26.977] [I] 	Measuring Weight: channel: 130, sat: 0.21627426, max: 0.21630065
[07/18/26 13:28:26.979] [I] 	Measuring Weight: channel: 131, sat: 0.27020758, max: 0.27024055
[07/18/26 13:28:26.982] [I] 	Measuring Weight: channel: 132, sat: 0.21674226, max: 0.21676873
[07/18/26 13:28:26.985] [I] 	Measuring Weight: channel: 133, sat: 0.21937245, max: 0.21939923
[07/18/26 13:28:26.987] [I] 	Measuring Weight: channel: 134, sat: 0.2550365, max: 0.25506762
[07/18/26 13:28:26.989] [I] 	Measuring Weight: channel: 135, sat: 0.34609482, max: 0.34613708
[07/18/26 13:28:26.992] [I] 	Measuring Weight: channel: 136, sat: 0.21925123, max: 0.219278
[07/18/26 13:28:26.994] [I] 	Measuring Weight: channel: 137, sat: 0.21491717, max: 0.21494341
[07/18/26 13:28:26.996] [I] 	Measuring Weight: channel: 138, sat: 0.2002612, max: 0.20028566
[07/18/26 13:28:26.999] [I] 	Measuring Weight: channel: 139, sat: 0.20642214, max: 0.20644733
[07/18/26 13:28:27.001] [I] 	Measuring Weight: channel: 140, sat: 0.15604798, max: 0.15606703
[07/18/26 13:28:27.004] [I] 	Measuring Weight: channel: 141, sat: 0.19803482, max: 0.198059
[07/18/26 13:28:27.006] [I] 	Measuring Weight: channel: 142, sat: 0.2581269, max: 0.25815842
[07/18/26 13:28:27.009] [I] 	Measuring Weight: channel: 143, sat: 0.22251867, max: 0.22254582
[07/18/26 13:28:27.011] [I] 	Measuring Weight: channel: 144, sat: 0.29045266, max: 0.2904881
[07/18/26 13:28:27.013] [I] 	Measuring Weight: channel: 145, sat: 0.23767711, max: 0.23770612
[07/18/26 13:28:27.016] [I] 	Measuring Weight: channel: 146, sat: 0.24564202, max: 0.245672
[07/18/26 13:28:27.019] [I] 	Measuring Weight: channel: 147, sat: 0.2093196, max: 0.20934515
[07/18/26 13:28:27.021] [I] 	Measuring Weight: channel: 148, sat: 0.22240847, max: 0.22243561
[07/18/26 13:28:27.024] [I] 	Measuring Weight: channel: 149, sat: 0.2825796, max: 0.2826141
[07/18/26 13:28:27.026] [I] 	Measuring Weight: channel: 150, sat: 0.21155475, max: 0.21158057
[07/18/26 13:28:27.029] [I] 	Measuring Weight: channel: 151, sat: 0.23615289, max: 0.23618172
[07/18/26 13:28:27.031] [I] 	Measuring Weight: channel: 152, sat: 0.20498514, max: 0.20501016
[07/18/26 13:28:27.033] [I] 	Measuring Weight: channel: 153, sat: 0.21521202, max: 0.21523829
[07/18/26 13:28:27.036] [I] 	Measuring Weight: channel: 154, sat: 0.25181276, max: 0.2518435
[07/18/26 13:28:27.038] [I] 	Measuring Weight: channel: 155, sat: 0.19401558, max: 0.19403926
[07/18/26 13:28:27.041] [I] 	Measuring Weight: channel: 156, sat: 0.16771936, max: 0.16773984
[07/18/26 13:28:27.043] [I] 	Measuring Weight: channel: 157, sat: 0.19318008, max: 0.19320367
[07/18/26 13:28:27.045] [I] 	Measuring Weight: channel: 158, sat: 0.20264675, max: 0.20267148
[07/18/26 13:28:27.048] [I] 	Measuring Weight: channel: 159, sat: 0.23040748, max: 0.23043561
[07/18/26 13:28:27.050] [I] 	Measuring Weight: channel: 160, sat: 0.2069348, max: 0.20696005
[07/18/26 13:28:27.053] [I] 	Measuring Weight: channel: 161, sat: 0.25813642, max: 0.25816792
[07/18/26 13:28:27.055] [I] 	Measuring Weight: channel: 162, sat: 0.22693619, max: 0.2269639
[07/18/26 13:28:27.058] [I] 	Measuring Weight: channel: 163, sat: 0.19930737, max: 0.19933169
[07/18/26 13:28:27.060] [I] 	Measuring Weight: channel: 164, sat: 0.21547873, max: 0.21550503
[07/18/26 13:28:27.063] [I] 	Measuring Weight: channel: 165, sat: 0.22398885, max: 0.22401617
[07/18/26 13:28:27.065] [I] 	Measuring Weight: channel: 166, sat: 0.2631056, max: 0.2631377
[07/18/26 13:28:27.067] [I] 	Measuring Weight: channel: 167, sat: 0.24854323, max: 0.24857357
[07/18/26 13:28:27.070] [I] 	Measuring Weight: channel: 168, sat: 0.23676352, max: 0.23679243
[07/18/26 13:28:27.072] [I] 	Measuring Weight: channel: 169, sat: 0.18453753, max: 0.18456005
[07/18/26 13:28:27.075] [I] 	Measuring Weight: channel: 170, sat: 0.25714123, max: 0.2571726
[07/18/26 13:28:27.077] [I] 	Measuring Weight: channel: 171, sat: 0.24011876, max: 0.24014807
[07/18/26 13:28:27.079] [I] 	Measuring Weight: channel: 172, sat: 0.2526552, max: 0.25268602
[07/18/26 13:28:27.082] [I] 	Measuring Weight: channel: 173, sat: 0.25176865, max: 0.25179937
[07/18/26 13:28:27.084] [I] 	Measuring Weight: channel: 174, sat: 0.21110287, max: 0.21112864
[07/18/26 13:28:27.086] [I] 	Measuring Weight: channel: 175, sat: 0.23969436, max: 0.23972362
[07/18/26 13:28:27.089] [I] 	Measuring Weight: channel: 176, sat: 0.20241517, max: 0.20243987
[07/18/26 13:28:27.091] [I] 	Measuring Weight: channel: 177, sat: 0.25170004, max: 0.25173077
[07/18/26 13:28:27.094] [I] 	Measuring Weight: channel: 178, sat: 0.2674988, max: 0.26753142
[07/18/26 13:28:27.096] [I] 	Measuring Weight: channel: 179, sat: 0.22832425, max: 0.22835211
[07/18/26 13:28:27.098] [I] 	Measuring Weight: channel: 180, sat: 0.2271967, max: 0.22722442
[07/18/26 13:28:27.101] [I] 	Measuring Weight: channel: 181, sat: 0.18736728, max: 0.18739013
[07/18/26 13:28:27.103] [I] 	Measuring Weight: channel: 182, sat: 0.21576972, max: 0.21579607
[07/18/26 13:28:27.105] [I] 	Measuring Weight: channel: 183, sat: 0.19518314, max: 0.19520696
[07/18/26 13:28:27.108] [I] 	Measuring Weight: channel: 184, sat: 0.32004023, max: 0.32007927
[07/18/26 13:28:27.110] [I] 	Measuring Weight: channel: 185, sat: 0.25812325, max: 0.25815475
[07/18/26 13:28:27.113] [I] 	Measuring Weight: channel: 186, sat: 0.25871113, max: 0.2587427
[07/18/26 13:28:27.115] [I] 	Measuring Weight: channel: 187, sat: 0.38343272, max: 0.38347954
[07/18/26 13:28:27.117] [I] 	Measuring Weight: channel: 188, sat: 0.23977897, max: 0.23980823
[07/18/26 13:28:27.120] [I] 	Measuring Weight: channel: 189, sat: 0.19966283, max: 0.19968721
[07/18/26 13:28:27.122] [I] 	Measuring Weight: channel: 190, sat: 0.22473371, max: 0.22476114
[07/18/26 13:28:27.124] [I] 	Measuring Weight: channel: 191, sat: 0.22443847, max: 0.22446588
[07/18/26 13:28:27.127] [I] 	Measuring Weight: channel: 192, sat: 0.21448322, max: 0.2145094
[07/18/26 13:28:27.129] [I] 	Measuring Weight: channel: 193, sat: 0.24319655, max: 0.24322623
[07/18/26 13:28:27.131] [I] 	Measuring Weight: channel: 194, sat: 0.23892358, max: 0.23895274
[07/18/26 13:28:27.134] [I] 	Measuring Weight: channel: 195, sat: 0.21171272, max: 0.21173856
[07/18/26 13:28:27.136] [I] 	Measuring Weight: channel: 196, sat: 0.21998143, max: 0.22000828
[07/18/26 13:28:27.139] [I] 	Measuring Weight: channel: 197, sat: 0.22746141, max: 0.22748917
[07/18/26 13:28:27.141] [I] 	Measuring Weight: channel: 198, sat: 0.21382904, max: 0.21385515
[07/18/26 13:28:27.143] [I] 	Measuring Weight: channel: 199, sat: 0.17858265, max: 0.17860445
[07/18/26 13:28:27.146] [I] 	Measuring Weight: channel: 200, sat: 0.2708283, max: 0.27086136
[07/18/26 13:28:27.148] [I] 	Measuring Weight: channel: 201, sat: 0.2204333, max: 0.22046019
[07/18/26 13:28:27.150] [I] 	Measuring Weight: channel: 202, sat: 0.28547853, max: 0.28551337
[07/18/26 13:28:27.153] [I] 	Measuring Weight: channel: 203, sat: 0.2163098, max: 0.2163362
[07/18/26 13:28:27.155] [I] 	Measuring Weight: channel: 204, sat: 0.26372868, max: 0.26376086
[07/18/26 13:28:27.158] [I] 	Measuring Weight: channel: 205, sat: 0.19889006, max: 0.19891433
[07/18/26 13:28:27.160] [I] 	Measuring Weight: channel: 206, sat: 0.21656115, max: 0.21658759
[07/18/26 13:28:27.162] [I] 	Measuring Weight: channel: 207, sat: 0.20407818, max: 0.20410308
[07/18/26 13:28:27.165] [I] 	Measuring Weight: channel: 208, sat: 0.18699856, max: 0.18702137
[07/18/26 13:28:27.167] [I] 	Measuring Weight: channel: 209, sat: 0.2265274, max: 0.22655505
[07/18/26 13:28:27.169] [I] 	Measuring Weight: channel: 210, sat: 0.20065418, max: 0.20067866
[07/18/26 13:28:27.172] [I] 	Measuring Weight: channel: 211, sat: 0.17072612, max: 0.17074697
[07/18/26 13:28:27.174] [I] 	Measuring Weight: channel: 212, sat: 0.21939635, max: 0.21942313
[07/18/26 13:28:27.176] [I] 	Measuring Weight: channel: 213, sat: 0.25719446, max: 0.25722587
[07/18/26 13:28:27.179] [I] 	Measuring Weight: channel: 214, sat: 0.22368036, max: 0.22370766
[07/18/26 13:28:27.181] [I] 	Measuring Weight: channel: 215, sat: 0.27666834, max: 0.2767021
[07/18/26 13:28:27.183] [I] 	Measuring Weight: channel: 216, sat: 0.17635025, max: 0.17637178
[07/18/26 13:28:27.186] [I] 	Measuring Weight: channel: 217, sat: 0.23733486, max: 0.23736383
[07/18/26 13:28:27.188] [I] 	Measuring Weight: channel: 218, sat: 0.1971552, max: 0.19717927
[07/18/26 13:28:27.190] [I] 	Measuring Weight: channel: 219, sat: 0.21130177, max: 0.21132757
[07/18/26 13:28:27.193] [I] 	Measuring Weight: channel: 220, sat: 0.30195612, max: 0.30199295
[07/18/26 13:28:27.195] [I] 	Measuring Weight: channel: 221, sat: 0.21863596, max: 0.21866265
[07/18/26 13:28:27.197] [I] 	Measuring Weight: channel: 222, sat: 0.22056523, max: 0.22059214
[07/18/26 13:28:27.200] [I] 	Measuring Weight: channel: 223, sat: 0.18062389, max: 0.18064594
[07/18/26 13:28:27.202] [I] 	Measuring Weight: channel: 224, sat: 0.2552787, max: 0.25530988
[07/18/26 13:28:27.205] [I] 	Measuring Weight: channel: 225, sat: 0.2200243, max: 0.22005115
[07/18/26 13:28:27.207] [I] 	Measuring Weight: channel: 226, sat: 0.19160442, max: 0.19162782
[07/18/26 13:28:27.209] [I] 	Measuring Weight: channel: 227, sat: 0.22011739, max: 0.22014426
[07/18/26 13:28:27.212] [I] 	Measuring Weight: channel: 228, sat: 0.2117247, max: 0.21175054
[07/18/26 13:28:27.214] [I] 	Measuring Weight: channel: 229, sat: 0.19724473, max: 0.1972688
[07/18/26 13:28:27.217] [I] 	Measuring Weight: channel: 230, sat: 0.20390932, max: 0.20393421
[07/18/26 13:28:27.220] [I] 	Measuring Weight: channel: 231, sat: 0.20816922, max: 0.20819463
[07/18/26 13:28:27.223] [I] 	Measuring Weight: channel: 232, sat: 0.20826438, max: 0.2082898
[07/18/26 13:28:27.225] [I] 	Measuring Weight: channel: 233, sat: 0.22875413, max: 0.22878204
[07/18/26 13:28:27.228] [I] 	Measuring Weight: channel: 234, sat: 0.24126501, max: 0.24129446
[07/18/26 13:28:27.230] [I] 	Measuring Weight: channel: 235, sat: 0.20885889, max: 0.20888439
[07/18/26 13:28:27.233] [I] 	Measuring Weight: channel: 236, sat: 0.2052237, max: 0.20524874
[07/18/26 13:28:27.236] [I] 	Measuring Weight: channel: 237, sat: 0.19511117, max: 0.19513498
[07/18/26 13:28:27.238] [I] 	Measuring Weight: channel: 238, sat: 0.20560445, max: 0.20562954
[07/18/26 13:28:27.241] [I] 	Measuring Weight: channel: 239, sat: 0.1950679, max: 0.19509171
[07/18/26 13:28:27.243] [I] 	Measuring Weight: channel: 240, sat: 0.2162597, max: 0.21628611
[07/18/26 13:28:27.246] [I] 	Measuring Weight: channel: 241, sat: 0.19908808, max: 0.19911237
[07/18/26 13:28:27.249] [I] 	Measuring Weight: channel: 242, sat: 0.20892759, max: 0.2089531
[07/18/26 13:28:27.251] [I] 	Measuring Weight: channel: 243, sat: 0.18693304, max: 0.18695585
[07/18/26 13:28:27.254] [I] 	Measuring Weight: channel: 244, sat: 0.18864232, max: 0.18866535
[07/18/26 13:28:27.256] [I] 	Measuring Weight: channel: 245, sat: 0.21738039, max: 0.21740691
[07/18/26 13:28:27.259] [I] 	Measuring Weight: channel: 246, sat: 0.17948449, max: 0.17950639
[07/18/26 13:28:27.261] [I] 	Measuring Weight: channel: 247, sat: 0.20685852, max: 0.20688377
[07/18/26 13:28:27.264] [I] 	Measuring Weight: channel: 248, sat: 0.24447796, max: 0.24450779
[07/18/26 13:28:27.267] [I] 	Measuring Weight: channel: 249, sat: 0.20552127, max: 0.20554636
[07/18/26 13:28:27.270] [I] 	Measuring Weight: channel: 250, sat: 0.25090334, max: 0.25093395
[07/18/26 13:28:27.272] [I] 	Measuring Weight: channel: 251, sat: 0.19430524, max: 0.19432895
[07/18/26 13:28:27.275] [I] 	Measuring Weight: channel: 252, sat: 0.20078713, max: 0.20081162
[07/18/26 13:28:27.278] [I] 	Measuring Weight: channel: 253, sat: 0.20824009, max: 0.2082655
[07/18/26 13:28:27.281] [I] 	Measuring Weight: channel: 254, sat: 0.1775444, max: 0.17756608
[07/18/26 13:28:27.284] [I] 	Measuring Weight: channel: 255, sat: 0.23842539, max: 0.23845449
[07/18/26 13:28:27.286] [I] 	Measuring Weight: channel: 256, sat: 0.21095245, max: 0.2109782
[07/18/26 13:28:27.297] [I] Quantizing Op Id: 6, Type: icraft::xir::Conv2dNode
[07/18/26 13:28:27.315] [I] 	Measuring Weight: channel: 1, sat: 0.0027005638, max: 0.0027008932
[07/18/26 13:28:27.318] [I] 	Measuring Weight: channel: 2, sat: 0.003832132, max: 0.0038325998
[07/18/26 13:28:27.321] [I] 	Measuring Weight: channel: 3, sat: 0.002733443, max: 0.0027337766
[07/18/26 13:28:27.324] [I] 	Measuring Weight: channel: 4, sat: 0.0039954213, max: 0.003995909
[07/18/26 13:28:27.327] [I] 	Measuring Weight: channel: 5, sat: 0.0041602, max: 0.004160708
[07/18/26 13:28:27.330] [I] 	Measuring Weight: channel: 6, sat: 0.0028055203, max: 0.0028058626
[07/18/26 13:28:27.333] [I] 	Measuring Weight: channel: 7, sat: 0.002484018, max: 0.0024843211
[07/18/26 13:28:27.336] [I] 	Measuring Weight: channel: 8, sat: 0.0032926244, max: 0.0032930262
[07/18/26 13:28:27.339] [I] 	Measuring Weight: channel: 9, sat: 0.0036043075, max: 0.0036047476
[07/18/26 13:28:27.342] [I] 	Measuring Weight: channel: 10, sat: 0.0030661637, max: 0.0030665381
[07/18/26 13:28:27.345] [I] 	Measuring Weight: channel: 11, sat: 0.003395657, max: 0.0033960715
[07/18/26 13:28:27.348] [I] 	Measuring Weight: channel: 12, sat: 0.0035741762, max: 0.0035746123
[07/18/26 13:28:27.351] [I] 	Measuring Weight: channel: 13, sat: 0.0036205733, max: 0.0036210152
[07/18/26 13:28:27.354] [I] 	Measuring Weight: channel: 14, sat: 0.0034100406, max: 0.0034104567
[07/18/26 13:28:27.357] [I] 	Measuring Weight: channel: 15, sat: 0.0030704737, max: 0.0030708483
[07/18/26 13:28:27.360] [I] 	Measuring Weight: channel: 16, sat: 0.005891712, max: 0.0058924314
[07/18/26 13:28:27.363] [I] 	Measuring Weight: channel: 17, sat: 0.004053491, max: 0.004053986
[07/18/26 13:28:27.366] [I] 	Measuring Weight: channel: 18, sat: 0.0036377485, max: 0.0036381925
[07/18/26 13:28:27.369] [I] 	Measuring Weight: channel: 19, sat: 0.0035518385, max: 0.003552272
[07/18/26 13:28:27.372] [I] 	Measuring Weight: channel: 20, sat: 0.0042396737, max: 0.0042401915
[07/18/26 13:28:27.375] [I] 	Measuring Weight: channel: 21, sat: 0.004101011, max: 0.0041015116
[07/18/26 13:28:27.378] [I] 	Measuring Weight: channel: 22, sat: 0.0052118134, max: 0.0052124495
[07/18/26 13:28:27.381] [I] 	Measuring Weight: channel: 23, sat: 0.0059208563, max: 0.005921579
[07/18/26 13:28:27.384] [I] 	Measuring Weight: channel: 24, sat: 0.0036033792, max: 0.003603819
[07/18/26 13:28:27.387] [I] 	Measuring Weight: channel: 25, sat: 0.0030026773, max: 0.0030030438
[07/18/26 13:28:27.390] [I] 	Measuring Weight: channel: 26, sat: 0.003475255, max: 0.0034756793
[07/18/26 13:28:27.393] [I] 	Measuring Weight: channel: 27, sat: 0.0033354545, max: 0.0033358615
[07/18/26 13:28:27.396] [I] 	Measuring Weight: channel: 28, sat: 0.0033829734, max: 0.0033833864
[07/18/26 13:28:27.399] [I] 	Measuring Weight: channel: 29, sat: 0.0045998422, max: 0.0046004034
[07/18/26 13:28:27.402] [I] 	Measuring Weight: channel: 30, sat: 0.0039638784, max: 0.003964362
[07/18/26 13:28:27.405] [I] 	Measuring Weight: channel: 31, sat: 0.0026898428, max: 0.0026901711
[07/18/26 13:28:27.408] [I] 	Measuring Weight: channel: 32, sat: 0.0039411685, max: 0.0039416496
[07/18/26 13:28:27.411] [I] 	Measuring Weight: channel: 33, sat: 0.0040099947, max: 0.004010484
[07/18/26 13:28:27.414] [I] 	Measuring Weight: channel: 34, sat: 0.0030972594, max: 0.0030976373
[07/18/26 13:28:27.417] [I] 	Measuring Weight: channel: 35, sat: 0.0041994886, max: 0.004200001
[07/18/26 13:28:27.419] [I] 	Measuring Weight: channel: 36, sat: 0.0051866113, max: 0.0051872446
[07/18/26 13:28:27.422] [I] 	Measuring Weight: channel: 37, sat: 0.0033468325, max: 0.003347241
[07/18/26 13:28:27.425] [I] 	Measuring Weight: channel: 38, sat: 0.0031959456, max: 0.0031963359
[07/18/26 13:28:27.427] [I] 	Measuring Weight: channel: 39, sat: 0.0043125874, max: 0.004313114
[07/18/26 13:28:27.430] [I] 	Measuring Weight: channel: 40, sat: 0.0029985174, max: 0.0029988834
[07/18/26 13:28:27.432] [I] 	Measuring Weight: channel: 41, sat: 0.0027078493, max: 0.0027081796
[07/18/26 13:28:27.435] [I] 	Measuring Weight: channel: 42, sat: 0.0031370728, max: 0.0031374556
[07/18/26 13:28:27.438] [I] 	Measuring Weight: channel: 43, sat: 0.0037921635, max: 0.0037926263
[07/18/26 13:28:27.440] [I] 	Measuring Weight: channel: 44, sat: 0.002939588, max: 0.0029399467
[07/18/26 13:28:27.443] [I] 	Measuring Weight: channel: 45, sat: 0.0023914392, max: 0.002391731
[07/18/26 13:28:27.445] [I] 	Measuring Weight: channel: 46, sat: 0.003199169, max: 0.0031995594
[07/18/26 13:28:27.447] [I] 	Measuring Weight: channel: 47, sat: 0.002853393, max: 0.0028537414
[07/18/26 13:28:27.450] [I] 	Measuring Weight: channel: 48, sat: 0.0029381905, max: 0.0029385493
[07/18/26 13:28:27.452] [I] 	Measuring Weight: channel: 49, sat: 0.0043528858, max: 0.004353417
[07/18/26 13:28:27.455] [I] 	Measuring Weight: channel: 50, sat: 0.003877901, max: 0.0038783744
[07/18/26 13:28:27.457] [I] 	Measuring Weight: channel: 51, sat: 0.0046345694, max: 0.004635135
[07/18/26 13:28:27.459] [I] 	Measuring Weight: channel: 52, sat: 0.0025185489, max: 0.0025188564
[07/18/26 13:28:27.462] [I] 	Measuring Weight: channel: 53, sat: 0.0041982937, max: 0.0041988064
[07/18/26 13:28:27.464] [I] 	Measuring Weight: channel: 54, sat: 0.0031118032, max: 0.0031121832
[07/18/26 13:28:27.467] [I] 	Measuring Weight: channel: 55, sat: 0.003259958, max: 0.003260356
[07/18/26 13:28:27.469] [I] 	Measuring Weight: channel: 56, sat: 0.00244699, max: 0.0024472887
[07/18/26 13:28:27.472] [I] 	Measuring Weight: channel: 57, sat: 0.0029536344, max: 0.002953995
[07/18/26 13:28:27.474] [I] 	Measuring Weight: channel: 58, sat: 0.004535589, max: 0.0045361426
[07/18/26 13:28:27.476] [I] 	Measuring Weight: channel: 59, sat: 0.003907004, max: 0.0039074807
[07/18/26 13:28:27.479] [I] 	Measuring Weight: channel: 60, sat: 0.002498423, max: 0.0024987278
[07/18/26 13:28:27.481] [I] 	Measuring Weight: channel: 61, sat: 0.004037775, max: 0.0040382682
[07/18/26 13:28:27.484] [I] 	Measuring Weight: channel: 62, sat: 0.0039318777, max: 0.0039323573
[07/18/26 13:28:27.486] [I] 	Measuring Weight: channel: 63, sat: 0.0029147228, max: 0.0029150785
[07/18/26 13:28:27.489] [I] 	Measuring Weight: channel: 64, sat: 0.0033298365, max: 0.0033302428
[07/18/26 13:28:27.491] [I] 	Measuring Weight: channel: 65, sat: 0.0027176936, max: 0.0027180251
[07/18/26 13:28:27.494] [I] 	Measuring Weight: channel: 66, sat: 0.0038081459, max: 0.0038086108
[07/18/26 13:28:27.496] [I] 	Measuring Weight: channel: 67, sat: 0.0044212067, max: 0.0044217464
[07/18/26 13:28:27.499] [I] 	Measuring Weight: channel: 68, sat: 0.003126697, max: 0.0031270785
[07/18/26 13:28:27.501] [I] 	Measuring Weight: channel: 69, sat: 0.0033611173, max: 0.0033615276
[07/18/26 13:28:27.503] [I] 	Measuring Weight: channel: 70, sat: 0.0034833506, max: 0.0034837758
[07/18/26 13:28:27.506] [I] 	Measuring Weight: channel: 71, sat: 0.0032784876, max: 0.0032788876
[07/18/26 13:28:27.508] [I] 	Measuring Weight: channel: 72, sat: 0.0035792578, max: 0.0035796948
[07/18/26 13:28:27.511] [I] 	Measuring Weight: channel: 73, sat: 0.0042531826, max: 0.004253702
[07/18/26 13:28:27.513] [I] 	Measuring Weight: channel: 74, sat: 0.0023877039, max: 0.0023879951
[07/18/26 13:28:27.516] [I] 	Measuring Weight: channel: 75, sat: 0.003260443, max: 0.003260841
[07/18/26 13:28:27.518] [I] 	Measuring Weight: channel: 76, sat: 0.0061242417, max: 0.006124989
[07/18/26 13:28:27.520] [I] 	Measuring Weight: channel: 77, sat: 0.0036681467, max: 0.0036685944
[07/18/26 13:28:27.523] [I] 	Measuring Weight: channel: 78, sat: 0.0037356678, max: 0.003736124
[07/18/26 13:28:27.525] [I] 	Measuring Weight: channel: 79, sat: 0.0026230395, max: 0.0026233597
[07/18/26 13:28:27.528] [I] 	Measuring Weight: channel: 80, sat: 0.0036646228, max: 0.00366507
[07/18/26 13:28:27.530] [I] 	Measuring Weight: channel: 81, sat: 0.0032290565, max: 0.0032294504
[07/18/26 13:28:27.533] [I] 	Measuring Weight: channel: 82, sat: 0.0038375985, max: 0.003838067
[07/18/26 13:28:27.535] [I] 	Measuring Weight: channel: 83, sat: 0.0036436585, max: 0.0036441032
[07/18/26 13:28:27.538] [I] 	Measuring Weight: channel: 84, sat: 0.0043461937, max: 0.004346724
[07/18/26 13:28:27.540] [I] 	Measuring Weight: channel: 85, sat: 0.004307536, max: 0.0043080617
[07/18/26 13:28:27.543] [I] 	Measuring Weight: channel: 86, sat: 0.0033961923, max: 0.003396607
[07/18/26 13:28:27.545] [I] 	Measuring Weight: channel: 87, sat: 0.003545376, max: 0.0035458086
[07/18/26 13:28:27.547] [I] 	Measuring Weight: channel: 88, sat: 0.004098602, max: 0.0040991027
[07/18/26 13:28:27.550] [I] 	Measuring Weight: channel: 89, sat: 0.006164026, max: 0.006164778
[07/18/26 13:28:27.552] [I] 	Measuring Weight: channel: 90, sat: 0.0033852903, max: 0.0033857033
[07/18/26 13:28:27.554] [I] 	Measuring Weight: channel: 91, sat: 0.0033590586, max: 0.0033594687
[07/18/26 13:28:27.557] [I] 	Measuring Weight: channel: 92, sat: 0.0035470817, max: 0.0035475148
[07/18/26 13:28:27.559] [I] 	Measuring Weight: channel: 93, sat: 0.0028506697, max: 0.0028510178
[07/18/26 13:28:27.562] [I] 	Measuring Weight: channel: 94, sat: 0.0025667145, max: 0.0025670277
[07/18/26 13:28:27.564] [I] 	Measuring Weight: channel: 95, sat: 0.004265426, max: 0.004265947
[07/18/26 13:28:27.566] [I] 	Measuring Weight: channel: 96, sat: 0.0038213155, max: 0.0038217818
[07/18/26 13:28:27.569] [I] 	Measuring Weight: channel: 97, sat: 0.0043331175, max: 0.0043336465
[07/18/26 13:28:27.571] [I] 	Measuring Weight: channel: 98, sat: 0.0037622144, max: 0.0037626736
[07/18/26 13:28:27.574] [I] 	Measuring Weight: channel: 99, sat: 0.0035244697, max: 0.0035248997
[07/18/26 13:28:27.576] [I] 	Measuring Weight: channel: 100, sat: 0.0038192915, max: 0.0038197576
[07/18/26 13:28:27.578] [I] 	Measuring Weight: channel: 101, sat: 0.0038741736, max: 0.0038746465
[07/18/26 13:28:27.581] [I] 	Measuring Weight: channel: 102, sat: 0.0027435299, max: 0.0027438647
[07/18/26 13:28:27.583] [I] 	Measuring Weight: channel: 103, sat: 0.0034340844, max: 0.0034345035
[07/18/26 13:28:27.586] [I] 	Measuring Weight: channel: 104, sat: 0.0033885122, max: 0.003388926
[07/18/26 13:28:27.588] [I] 	Measuring Weight: channel: 105, sat: 0.0031895712, max: 0.0031899605
[07/18/26 13:28:27.590] [I] 	Measuring Weight: channel: 106, sat: 0.0026448707, max: 0.0026451934
[07/18/26 13:28:27.593] [I] 	Measuring Weight: channel: 107, sat: 0.0037904342, max: 0.0037908969
[07/18/26 13:28:27.595] [I] 	Measuring Weight: channel: 108, sat: 0.003666795, max: 0.0036672426
[07/18/26 13:28:27.597] [I] 	Measuring Weight: channel: 109, sat: 0.003087562, max: 0.0030879388
[07/18/26 13:28:27.600] [I] 	Measuring Weight: channel: 110, sat: 0.0031745066, max: 0.003174894
[07/18/26 13:28:27.602] [I] 	Measuring Weight: channel: 111, sat: 0.004285011, max: 0.004285534
[07/18/26 13:28:27.605] [I] 	Measuring Weight: channel: 112, sat: 0.0039525335, max: 0.003953016
[07/18/26 13:28:27.607] [I] 	Measuring Weight: channel: 113, sat: 0.0032780978, max: 0.003278498
[07/18/26 13:28:27.610] [I] 	Measuring Weight: channel: 114, sat: 0.004143831, max: 0.0041443366
[07/18/26 13:28:27.612] [I] 	Measuring Weight: channel: 115, sat: 0.0035520578, max: 0.0035524913
[07/18/26 13:28:27.614] [I] 	Measuring Weight: channel: 116, sat: 0.0031958849, max: 0.003196275
[07/18/26 13:28:27.617] [I] 	Measuring Weight: channel: 117, sat: 0.0032008258, max: 0.0032012165
[07/18/26 13:28:27.619] [I] 	Measuring Weight: channel: 118, sat: 0.003392839, max: 0.003393253
[07/18/26 13:28:27.622] [I] 	Measuring Weight: channel: 119, sat: 0.0042691138, max: 0.004269635
[07/18/26 13:28:27.624] [I] 	Measuring Weight: channel: 120, sat: 0.0032652775, max: 0.0032656759
[07/18/26 13:28:27.627] [I] 	Measuring Weight: channel: 121, sat: 0.0028784063, max: 0.0028787577
[07/18/26 13:28:27.629] [I] 	Measuring Weight: channel: 122, sat: 0.003260494, max: 0.003260892
[07/18/26 13:28:27.632] [I] 	Measuring Weight: channel: 123, sat: 0.0032880858, max: 0.003288487
[07/18/26 13:28:27.634] [I] 	Measuring Weight: channel: 124, sat: 0.006797083, max: 0.0067979125
[07/18/26 13:28:27.636] [I] 	Measuring Weight: channel: 125, sat: 0.0039636656, max: 0.0039641494
[07/18/26 13:28:27.639] [I] 	Measuring Weight: channel: 126, sat: 0.008316283, max: 0.008317298
[07/18/26 13:28:27.641] [I] 	Measuring Weight: channel: 127, sat: 0.0037656052, max: 0.0037660648
[07/18/26 13:28:27.644] [I] 	Measuring Weight: channel: 128, sat: 0.0028900404, max: 0.0028903931
[07/18/26 13:28:27.646] [I] 	Measuring Weight: channel: 129, sat: 0.003571033, max: 0.0035714689
[07/18/26 13:28:27.649] [I] 	Measuring Weight: channel: 130, sat: 0.0044522122, max: 0.0044527557
[07/18/26 13:28:27.651] [I] 	Measuring Weight: channel: 131, sat: 0.0041143927, max: 0.004114895
[07/18/26 13:28:27.654] [I] 	Measuring Weight: channel: 132, sat: 0.0032664847, max: 0.0032668835
[07/18/26 13:28:27.656] [I] 	Measuring Weight: channel: 133, sat: 0.0046170647, max: 0.004617628
[07/18/26 13:28:27.659] [I] 	Measuring Weight: channel: 134, sat: 0.005328268, max: 0.005328918
[07/18/26 13:28:27.661] [I] 	Measuring Weight: channel: 135, sat: 0.002738931, max: 0.0027392653
[07/18/26 13:28:27.664] [I] 	Measuring Weight: channel: 136, sat: 0.003926511, max: 0.00392699
[07/18/26 13:28:27.666] [I] 	Measuring Weight: channel: 137, sat: 0.00355408, max: 0.0035545137
[07/18/26 13:28:27.669] [I] 	Measuring Weight: channel: 138, sat: 0.0029895655, max: 0.0029899303
[07/18/26 13:28:27.671] [I] 	Measuring Weight: channel: 139, sat: 0.0038256967, max: 0.0038261635
[07/18/26 13:28:27.674] [I] 	Measuring Weight: channel: 140, sat: 0.0044875657, max: 0.0044881133
[07/18/26 13:28:27.676] [I] 	Measuring Weight: channel: 141, sat: 0.0034827336, max: 0.0034831585
[07/18/26 13:28:27.679] [I] 	Measuring Weight: channel: 142, sat: 0.003341727, max: 0.0033421349
[07/18/26 13:28:27.681] [I] 	Measuring Weight: channel: 143, sat: 0.0036695297, max: 0.0036699774
[07/18/26 13:28:27.684] [I] 	Measuring Weight: channel: 144, sat: 0.0033637092, max: 0.00336412
[07/18/26 13:28:27.686] [I] 	Measuring Weight: channel: 145, sat: 0.003375503, max: 0.0033759149
[07/18/26 13:28:27.689] [I] 	Measuring Weight: channel: 146, sat: 0.0033729144, max: 0.003373326
[07/18/26 13:28:27.691] [I] 	Measuring Weight: channel: 147, sat: 0.0035105257, max: 0.0035109543
[07/18/26 13:28:27.694] [I] 	Measuring Weight: channel: 148, sat: 0.0032386633, max: 0.0032390587
[07/18/26 13:28:27.696] [I] 	Measuring Weight: channel: 149, sat: 0.0046378174, max: 0.004638383
[07/18/26 13:28:27.699] [I] 	Measuring Weight: channel: 150, sat: 0.0030080779, max: 0.003008445
[07/18/26 13:28:27.701] [I] 	Measuring Weight: channel: 151, sat: 0.0037242577, max: 0.0037247124
[07/18/26 13:28:27.704] [I] 	Measuring Weight: channel: 152, sat: 0.0029402538, max: 0.0029406128
[07/18/26 13:28:27.706] [I] 	Measuring Weight: channel: 153, sat: 0.0035456077, max: 0.0035460403
[07/18/26 13:28:27.709] [I] 	Measuring Weight: channel: 154, sat: 0.0025324721, max: 0.002532781
[07/18/26 13:28:27.711] [I] 	Measuring Weight: channel: 155, sat: 0.0026362564, max: 0.0026365782
[07/18/26 13:28:27.714] [I] 	Measuring Weight: channel: 156, sat: 0.0032333736, max: 0.0032337683
[07/18/26 13:28:27.716] [I] 	Measuring Weight: channel: 157, sat: 0.003964789, max: 0.003965273
[07/18/26 13:28:27.719] [I] 	Measuring Weight: channel: 158, sat: 0.0030800235, max: 0.0030803992
[07/18/26 13:28:27.721] [I] 	Measuring Weight: channel: 159, sat: 0.003013389, max: 0.0030137566
[07/18/26 13:28:27.724] [I] 	Measuring Weight: channel: 160, sat: 0.0031177313, max: 0.003118112
[07/18/26 13:28:27.726] [I] 	Measuring Weight: channel: 161, sat: 0.0069457106, max: 0.006946558
[07/18/26 13:28:27.729] [I] 	Measuring Weight: channel: 162, sat: 0.002078725, max: 0.0020789786
[07/18/26 13:28:27.731] [I] 	Measuring Weight: channel: 163, sat: 0.0043117306, max: 0.004312257
[07/18/26 13:28:27.734] [I] 	Measuring Weight: channel: 164, sat: 0.006867317, max: 0.006868155
[07/18/26 13:28:27.736] [I] 	Measuring Weight: channel: 165, sat: 0.0019893332, max: 0.001989576
[07/18/26 13:28:27.739] [I] 	Measuring Weight: channel: 166, sat: 0.0039896006, max: 0.003990087
[07/18/26 13:28:27.741] [I] 	Measuring Weight: channel: 167, sat: 0.0037032508, max: 0.003703703
[07/18/26 13:28:27.743] [I] 	Measuring Weight: channel: 168, sat: 0.004211123, max: 0.004211637
[07/18/26 13:28:27.746] [I] 	Measuring Weight: channel: 169, sat: 0.0048735193, max: 0.0048741144
[07/18/26 13:28:27.748] [I] 	Measuring Weight: channel: 170, sat: 0.004324705, max: 0.0043252325
[07/18/26 13:28:27.751] [I] 	Measuring Weight: channel: 171, sat: 0.0041146185, max: 0.004115121
[07/18/26 13:28:27.753] [I] 	Measuring Weight: channel: 172, sat: 0.0036827184, max: 0.0036831677
[07/18/26 13:28:27.756] [I] 	Measuring Weight: channel: 173, sat: 0.0026722192, max: 0.0026725454
[07/18/26 13:28:27.758] [I] 	Measuring Weight: channel: 174, sat: 0.0040574544, max: 0.0040579494
[07/18/26 13:28:27.761] [I] 	Measuring Weight: channel: 175, sat: 0.003507466, max: 0.003507894
[07/18/26 13:28:27.763] [I] 	Measuring Weight: channel: 176, sat: 0.0031773804, max: 0.003177768
[07/18/26 13:28:27.766] [I] 	Measuring Weight: channel: 177, sat: 0.004920854, max: 0.0049214545
[07/18/26 13:28:27.768] [I] 	Measuring Weight: channel: 178, sat: 0.00462202, max: 0.004622584
[07/18/26 13:28:27.771] [I] 	Measuring Weight: channel: 179, sat: 0.0034376665, max: 0.003438086
[07/18/26 13:28:27.773] [I] 	Measuring Weight: channel: 180, sat: 0.004255404, max: 0.004255924
[07/18/26 13:28:27.776] [I] 	Measuring Weight: channel: 181, sat: 0.0036650554, max: 0.0036655029
[07/18/26 13:28:27.779] [I] 	Measuring Weight: channel: 182, sat: 0.0035855079, max: 0.0035859453
[07/18/26 13:28:27.781] [I] 	Measuring Weight: channel: 183, sat: 0.003593797, max: 0.0035942357
[07/18/26 13:28:27.784] [I] 	Measuring Weight: channel: 184, sat: 0.0034061235, max: 0.003406539
[07/18/26 13:28:27.786] [I] 	Measuring Weight: channel: 185, sat: 0.006327777, max: 0.0063285492
[07/18/26 13:28:27.789] [I] 	Measuring Weight: channel: 186, sat: 0.003508593, max: 0.0035090214
[07/18/26 13:28:27.791] [I] 	Measuring Weight: channel: 187, sat: 0.0050543216, max: 0.0050549386
[07/18/26 13:28:27.794] [I] 	Measuring Weight: channel: 188, sat: 0.003311203, max: 0.0033116073
[07/18/26 13:28:27.796] [I] 	Measuring Weight: channel: 189, sat: 0.0034683754, max: 0.0034687987
[07/18/26 13:28:27.799] [I] 	Measuring Weight: channel: 190, sat: 0.0042462205, max: 0.0042467387
[07/18/26 13:28:27.802] [I] 	Measuring Weight: channel: 191, sat: 0.0038721482, max: 0.0038726209
[07/18/26 13:28:27.804] [I] 	Measuring Weight: channel: 192, sat: 0.0048736064, max: 0.0048742015
[07/18/26 13:28:27.807] [I] 	Measuring Weight: channel: 193, sat: 0.002967665, max: 0.002968027
[07/18/26 13:28:27.809] [I] 	Measuring Weight: channel: 194, sat: 0.003000945, max: 0.0030013113
[07/18/26 13:28:27.812] [I] 	Measuring Weight: channel: 195, sat: 0.003480542, max: 0.0034809667
[07/18/26 13:28:27.814] [I] 	Measuring Weight: channel: 196, sat: 0.0033747035, max: 0.0033751153
[07/18/26 13:28:27.817] [I] 	Measuring Weight: channel: 197, sat: 0.0031342576, max: 0.0031346402
[07/18/26 13:28:27.819] [I] 	Measuring Weight: channel: 198, sat: 0.0034586836, max: 0.0034591057
[07/18/26 13:28:27.821] [I] 	Measuring Weight: channel: 199, sat: 0.003096415, max: 0.0030967928
[07/18/26 13:28:27.824] [I] 	Measuring Weight: channel: 200, sat: 0.0026963677, max: 0.0026966967
[07/18/26 13:28:27.826] [I] 	Measuring Weight: channel: 201, sat: 0.003688744, max: 0.003689194
[07/18/26 13:28:27.829] [I] 	Measuring Weight: channel: 202, sat: 0.0042083827, max: 0.0042088963
[07/18/26 13:28:27.831] [I] 	Measuring Weight: channel: 203, sat: 0.005540647, max: 0.0055413237
[07/18/26 13:28:27.834] [I] 	Measuring Weight: channel: 204, sat: 0.0029136424, max: 0.0029139982
[07/18/26 13:28:27.836] [I] 	Measuring Weight: channel: 205, sat: 0.0054481444, max: 0.0054488094
[07/18/26 13:28:27.839] [I] 	Measuring Weight: channel: 206, sat: 0.0035473404, max: 0.0035477732
[07/18/26 13:28:27.841] [I] 	Measuring Weight: channel: 207, sat: 0.008545604, max: 0.008546647
[07/18/26 13:28:27.844] [I] 	Measuring Weight: channel: 208, sat: 0.0036644517, max: 0.003664899
[07/18/26 13:28:27.846] [I] 	Measuring Weight: channel: 209, sat: 0.0048577893, max: 0.0048583825
[07/18/26 13:28:27.848] [I] 	Measuring Weight: channel: 210, sat: 0.004817274, max: 0.0048178616
[07/18/26 13:28:27.851] [I] 	Measuring Weight: channel: 211, sat: 0.0029911275, max: 0.0029914926
[07/18/26 13:28:27.853] [I] 	Measuring Weight: channel: 212, sat: 0.003429031, max: 0.0034294494
[07/18/26 13:28:27.856] [I] 	Measuring Weight: channel: 213, sat: 0.0033093467, max: 0.0033097507
[07/18/26 13:28:27.858] [I] 	Measuring Weight: channel: 214, sat: 0.003096986, max: 0.003097364
[07/18/26 13:28:27.861] [I] 	Measuring Weight: channel: 215, sat: 0.0044169803, max: 0.004417519
[07/18/26 13:28:27.864] [I] 	Measuring Weight: channel: 216, sat: 0.0035050642, max: 0.0035054921
[07/18/26 13:28:27.866] [I] 	Measuring Weight: channel: 217, sat: 0.00329606, max: 0.0032964624
[07/18/26 13:28:27.869] [I] 	Measuring Weight: channel: 218, sat: 0.0025115777, max: 0.002511884
[07/18/26 13:28:27.871] [I] 	Measuring Weight: channel: 219, sat: 0.0037590088, max: 0.0037594675
[07/18/26 13:28:27.874] [I] 	Measuring Weight: channel: 220, sat: 0.0037304831, max: 0.0037309383
[07/18/26 13:28:27.876] [I] 	Measuring Weight: channel: 221, sat: 0.0040436913, max: 0.004044185
[07/18/26 13:28:27.879] [I] 	Measuring Weight: channel: 222, sat: 0.005221608, max: 0.005222245
[07/18/26 13:28:27.881] [I] 	Measuring Weight: channel: 223, sat: 0.0030883024, max: 0.0030886794
[07/18/26 13:28:27.884] [I] 	Measuring Weight: channel: 224, sat: 0.00378696, max: 0.003787422
[07/18/26 13:28:27.886] [I] 	Measuring Weight: channel: 225, sat: 0.002979126, max: 0.0029794895
[07/18/26 13:28:27.889] [I] 	Measuring Weight: channel: 226, sat: 0.0025244753, max: 0.0025247836
[07/18/26 13:28:27.891] [I] 	Measuring Weight: channel: 227, sat: 0.0026546177, max: 0.0026549415
[07/18/26 13:28:27.894] [I] 	Measuring Weight: channel: 228, sat: 0.0064309095, max: 0.006431694
[07/18/26 13:28:27.897] [I] 	Measuring Weight: channel: 229, sat: 0.005369606, max: 0.0053702616
[07/18/26 13:28:27.899] [I] 	Measuring Weight: channel: 230, sat: 0.004018523, max: 0.0040190136
[07/18/26 13:28:27.901] [I] 	Measuring Weight: channel: 231, sat: 0.0030635523, max: 0.0030639262
[07/18/26 13:28:27.904] [I] 	Measuring Weight: channel: 232, sat: 0.003340033, max: 0.0033404408
[07/18/26 13:28:27.906] [I] 	Measuring Weight: channel: 233, sat: 0.004341331, max: 0.004341861
[07/18/26 13:28:27.909] [I] 	Measuring Weight: channel: 234, sat: 0.0029896635, max: 0.0029900286
[07/18/26 13:28:27.911] [I] 	Measuring Weight: channel: 235, sat: 0.0033821196, max: 0.0033825324
[07/18/26 13:28:27.914] [I] 	Measuring Weight: channel: 236, sat: 0.0030165662, max: 0.0030169345
[07/18/26 13:28:27.916] [I] 	Measuring Weight: channel: 237, sat: 0.0037542866, max: 0.0037547448
[07/18/26 13:28:27.919] [I] 	Measuring Weight: channel: 238, sat: 0.004192851, max: 0.004193363
[07/18/26 13:28:27.921] [I] 	Measuring Weight: channel: 239, sat: 0.0034917612, max: 0.0034921875
[07/18/26 13:28:27.924] [I] 	Measuring Weight: channel: 240, sat: 0.0036292095, max: 0.0036296523
[07/18/26 13:28:27.926] [I] 	Measuring Weight: channel: 241, sat: 0.00295378, max: 0.0029541405
[07/18/26 13:28:27.929] [I] 	Measuring Weight: channel: 242, sat: 0.003406516, max: 0.0034069319
[07/18/26 13:28:27.931] [I] 	Measuring Weight: channel: 243, sat: 0.0031656562, max: 0.0031660425
[07/18/26 13:28:27.934] [I] 	Measuring Weight: channel: 244, sat: 0.003812122, max: 0.0038125874
[07/18/26 13:28:27.936] [I] 	Measuring Weight: channel: 245, sat: 0.003002961, max: 0.0030033274
[07/18/26 13:28:27.939] [I] 	Measuring Weight: channel: 246, sat: 0.0032389946, max: 0.00323939
[07/18/26 13:28:27.941] [I] 	Measuring Weight: channel: 247, sat: 0.0030996618, max: 0.0031000401
[07/18/26 13:28:27.943] [I] 	Measuring Weight: channel: 248, sat: 0.0042596473, max: 0.004260167
[07/18/26 13:28:27.946] [I] 	Measuring Weight: channel: 249, sat: 0.0042491453, max: 0.004249664
[07/18/26 13:28:27.948] [I] 	Measuring Weight: channel: 250, sat: 0.003320717, max: 0.0033211224
[07/18/26 13:28:27.951] [I] 	Measuring Weight: channel: 251, sat: 0.0040012253, max: 0.004001714
[07/18/26 13:28:27.953] [I] 	Measuring Weight: channel: 252, sat: 0.0032722724, max: 0.003272672
[07/18/26 13:28:27.956] [I] 	Measuring Weight: channel: 253, sat: 0.0035938225, max: 0.0035942611
[07/18/26 13:28:27.958] [I] 	Measuring Weight: channel: 254, sat: 0.0034557728, max: 0.0034561944
[07/18/26 13:28:27.961] [I] 	Measuring Weight: channel: 255, sat: 0.0035861903, max: 0.003586628
[07/18/26 13:28:27.963] [I] 	Measuring Weight: channel: 256, sat: 0.0029948547, max: 0.0029952202
[07/18/26 13:28:27.980] [I] Quantizing Op Id: 7, Type: icraft::xir::ReLUNode
[07/18/26 13:28:27.980] [I] Quantizing Op Id: 8, Type: icraft::xir::Conv2dNode
[07/18/26 13:28:27.995] [I] 	Measuring Weight: channel: 1, sat: 0.092237405, max: 0.09224866
[07/18/26 13:28:27.998] [I] 	Measuring Weight: channel: 2, sat: 0.25620425, max: 0.25623554
[07/18/26 13:28:28.000] [I] 	Measuring Weight: channel: 3, sat: 0.12519653, max: 0.12521182
[07/18/26 13:28:28.003] [I] 	Measuring Weight: channel: 4, sat: 0.11644311, max: 0.11645732
[07/18/26 13:28:28.006] [I] 	Measuring Weight: channel: 5, sat: 0.10081079, max: 0.1008231
[07/18/26 13:28:28.009] [I] 	Measuring Weight: channel: 6, sat: 0.11230973, max: 0.11232344
[07/18/26 13:28:28.012] [I] 	Measuring Weight: channel: 7, sat: 0.12079137, max: 0.12080611
[07/18/26 13:28:28.015] [I] 	Measuring Weight: channel: 8, sat: 0.100641906, max: 0.100654185
[07/18/26 13:28:28.018] [I] 	Measuring Weight: channel: 9, sat: 0.085349895, max: 0.08536031
[07/18/26 13:28:28.020] [I] 	Measuring Weight: channel: 10, sat: 0.06586695, max: 0.06587499
[07/18/26 13:28:28.023] [I] 	Measuring Weight: channel: 11, sat: 0.1715476, max: 0.17156854
[07/18/26 13:28:28.026] [I] 	Measuring Weight: channel: 12, sat: 0.058295503, max: 0.05830262
[07/18/26 13:28:28.029] [I] 	Measuring Weight: channel: 13, sat: 0.09831554, max: 0.09832753
[07/18/26 13:28:28.032] [I] 	Measuring Weight: channel: 14, sat: 0.11486692, max: 0.114880934
[07/18/26 13:28:28.035] [I] 	Measuring Weight: channel: 15, sat: 0.123337604, max: 0.123352654
[07/18/26 13:28:28.038] [I] 	Measuring Weight: channel: 16, sat: 0.088508636, max: 0.08851944
[07/18/26 13:28:28.041] [I] 	Measuring Weight: channel: 17, sat: 0.061999697, max: 0.062007267
[07/18/26 13:28:28.044] [I] 	Measuring Weight: channel: 18, sat: 0.09965484, max: 0.099667
[07/18/26 13:28:28.047] [I] 	Measuring Weight: channel: 19, sat: 0.07768236, max: 0.07769184
[07/18/26 13:28:28.050] [I] 	Measuring Weight: channel: 20, sat: 0.092915595, max: 0.092926934
[07/18/26 13:28:28.053] [I] 	Measuring Weight: channel: 21, sat: 0.14307289, max: 0.14309035
[07/18/26 13:28:28.056] [I] 	Measuring Weight: channel: 22, sat: 0.096699476, max: 0.09671128
[07/18/26 13:28:28.059] [I] 	Measuring Weight: channel: 23, sat: 0.19034085, max: 0.19036408
[07/18/26 13:28:28.062] [I] 	Measuring Weight: channel: 24, sat: 0.11268541, max: 0.112699166
[07/18/26 13:28:28.065] [I] 	Measuring Weight: channel: 25, sat: 0.101565346, max: 0.101577744
[07/18/26 13:28:28.068] [I] 	Measuring Weight: channel: 26, sat: 0.06512446, max: 0.06513241
[07/18/26 13:28:28.071] [I] 	Measuring Weight: channel: 27, sat: 0.08406694, max: 0.0840772
[07/18/26 13:28:28.074] [I] 	Measuring Weight: channel: 28, sat: 0.1319165, max: 0.13193259
[07/18/26 13:28:28.077] [I] 	Measuring Weight: channel: 29, sat: 0.0888903, max: 0.08890115
[07/18/26 13:28:28.080] [I] 	Measuring Weight: channel: 30, sat: 0.09641262, max: 0.09642439
[07/18/26 13:28:28.083] [I] 	Measuring Weight: channel: 31, sat: 0.10639694, max: 0.10640993
[07/18/26 13:28:28.086] [I] 	Measuring Weight: channel: 32, sat: 0.103112765, max: 0.10312535
[07/18/26 13:28:28.089] [I] 	Measuring Weight: channel: 33, sat: 0.1313442, max: 0.13136023
[07/18/26 13:28:28.092] [I] 	Measuring Weight: channel: 34, sat: 0.08923612, max: 0.08924701
[07/18/26 13:28:28.094] [I] 	Measuring Weight: channel: 35, sat: 0.090729795, max: 0.090740874
[07/18/26 13:28:28.097] [I] 	Measuring Weight: channel: 36, sat: 0.11388132, max: 0.113895215
[07/18/26 13:28:28.100] [I] 	Measuring Weight: channel: 37, sat: 0.09898643, max: 0.09899851
[07/18/26 13:28:28.102] [I] 	Measuring Weight: channel: 38, sat: 0.058012612, max: 0.05801969
[07/18/26 13:28:28.105] [I] 	Measuring Weight: channel: 39, sat: 0.08686436, max: 0.08687496
[07/18/26 13:28:28.107] [I] 	Measuring Weight: channel: 40, sat: 0.108487785, max: 0.108501025
[07/18/26 13:28:28.110] [I] 	Measuring Weight: channel: 41, sat: 0.11524326, max: 0.11525733
[07/18/26 13:28:28.112] [I] 	Measuring Weight: channel: 42, sat: 0.12793668, max: 0.1279523
[07/18/26 13:28:28.115] [I] 	Measuring Weight: channel: 43, sat: 0.15650484, max: 0.15652394
[07/18/26 13:28:28.117] [I] 	Measuring Weight: channel: 44, sat: 0.06665323, max: 0.066661365
[07/18/26 13:28:28.120] [I] 	Measuring Weight: channel: 45, sat: 0.082496226, max: 0.0825063
[07/18/26 13:28:28.122] [I] 	Measuring Weight: channel: 46, sat: 0.07351906, max: 0.07352804
[07/18/26 13:28:28.125] [I] 	Measuring Weight: channel: 47, sat: 0.092974536, max: 0.09298588
[07/18/26 13:28:28.127] [I] 	Measuring Weight: channel: 48, sat: 0.18428582, max: 0.18430832
[07/18/26 13:28:28.130] [I] 	Measuring Weight: channel: 49, sat: 0.17219053, max: 0.17221156
[07/18/26 13:28:28.132] [I] 	Measuring Weight: channel: 50, sat: 0.08067176, max: 0.0806816
[07/18/26 13:28:28.134] [I] 	Measuring Weight: channel: 51, sat: 0.083871566, max: 0.0838818
[07/18/26 13:28:28.137] [I] 	Measuring Weight: channel: 52, sat: 0.12619725, max: 0.12621264
[07/18/26 13:28:28.139] [I] 	Measuring Weight: channel: 53, sat: 0.095457874, max: 0.09546953
[07/18/26 13:28:28.142] [I] 	Measuring Weight: channel: 54, sat: 0.08230462, max: 0.08231467
[07/18/26 13:28:28.144] [I] 	Measuring Weight: channel: 55, sat: 0.09276143, max: 0.092772745
[07/18/26 13:28:28.147] [I] 	Measuring Weight: channel: 56, sat: 0.10684881, max: 0.10686186
[07/18/26 13:28:28.149] [I] 	Measuring Weight: channel: 57, sat: 0.0920289, max: 0.09204013
[07/18/26 13:28:28.152] [I] 	Measuring Weight: channel: 58, sat: 0.07612794, max: 0.07613723
[07/18/26 13:28:28.154] [I] 	Measuring Weight: channel: 59, sat: 0.09141684, max: 0.091428
[07/18/26 13:28:28.157] [I] 	Measuring Weight: channel: 60, sat: 0.15852971, max: 0.15854906
[07/18/26 13:28:28.159] [I] 	Measuring Weight: channel: 61, sat: 0.0850507, max: 0.08506109
[07/18/26 13:28:28.161] [I] 	Measuring Weight: channel: 62, sat: 0.08770687, max: 0.08771758
[07/18/26 13:28:28.164] [I] 	Measuring Weight: channel: 63, sat: 0.16102971, max: 0.16104937
[07/18/26 13:28:28.166] [I] 	Measuring Weight: channel: 64, sat: 0.09503295, max: 0.09504455
[07/18/26 13:28:28.169] [I] 	Measuring Weight: channel: 65, sat: 0.06807369, max: 0.068082
[07/18/26 13:28:28.171] [I] 	Measuring Weight: channel: 66, sat: 0.12577541, max: 0.12579076
[07/18/26 13:28:28.174] [I] 	Measuring Weight: channel: 67, sat: 0.12648219, max: 0.12649763
[07/18/26 13:28:28.176] [I] 	Measuring Weight: channel: 68, sat: 0.08165629, max: 0.08166625
[07/18/26 13:28:28.179] [I] 	Measuring Weight: channel: 69, sat: 0.081028365, max: 0.08103826
[07/18/26 13:28:28.181] [I] 	Measuring Weight: channel: 70, sat: 0.10495947, max: 0.10497229
[07/18/26 13:28:28.184] [I] 	Measuring Weight: channel: 71, sat: 0.1869736, max: 0.18699642
[07/18/26 13:28:28.186] [I] 	Measuring Weight: channel: 72, sat: 0.1446011, max: 0.14461876
[07/18/26 13:28:28.189] [I] 	Measuring Weight: channel: 73, sat: 0.11077048, max: 0.110783994
[07/18/26 13:28:28.192] [I] 	Measuring Weight: channel: 74, sat: 0.08795121, max: 0.08796195
[07/18/26 13:28:28.194] [I] 	Measuring Weight: channel: 75, sat: 0.101588935, max: 0.10160133
[07/18/26 13:28:28.197] [I] 	Measuring Weight: channel: 76, sat: 0.102485485, max: 0.102497995
[07/18/26 13:28:28.199] [I] 	Measuring Weight: channel: 77, sat: 0.09024666, max: 0.09025768
[07/18/26 13:28:28.202] [I] 	Measuring Weight: channel: 78, sat: 0.095179796, max: 0.09519141
[07/18/26 13:28:28.204] [I] 	Measuring Weight: channel: 79, sat: 0.07471581, max: 0.07472493
[07/18/26 13:28:28.207] [I] 	Measuring Weight: channel: 80, sat: 0.13015842, max: 0.13017431
[07/18/26 13:28:28.209] [I] 	Measuring Weight: channel: 81, sat: 0.111045316, max: 0.11105887
[07/18/26 13:28:28.212] [I] 	Measuring Weight: channel: 82, sat: 0.08393248, max: 0.083942726
[07/18/26 13:28:28.214] [I] 	Measuring Weight: channel: 83, sat: 0.09498284, max: 0.09499443
[07/18/26 13:28:28.216] [I] 	Measuring Weight: channel: 84, sat: 0.06934766, max: 0.06935612
[07/18/26 13:28:28.219] [I] 	Measuring Weight: channel: 85, sat: 0.06304535, max: 0.06305305
[07/18/26 13:28:28.221] [I] 	Measuring Weight: channel: 86, sat: 0.114645675, max: 0.11465967
[07/18/26 13:28:28.224] [I] 	Measuring Weight: channel: 87, sat: 0.085910335, max: 0.085920826
[07/18/26 13:28:28.226] [I] 	Measuring Weight: channel: 88, sat: 0.09820997, max: 0.09822196
[07/18/26 13:28:28.229] [I] 	Measuring Weight: channel: 89, sat: 0.061368626, max: 0.061376113
[07/18/26 13:28:28.231] [I] 	Measuring Weight: channel: 90, sat: 0.1185692, max: 0.11858368
[07/18/26 13:28:28.234] [I] 	Measuring Weight: channel: 91, sat: 0.10104898, max: 0.10106132
[07/18/26 13:28:28.236] [I] 	Measuring Weight: channel: 92, sat: 0.08169533, max: 0.08170531
[07/18/26 13:28:28.239] [I] 	Measuring Weight: channel: 93, sat: 0.108379915, max: 0.10839315
[07/18/26 13:28:28.241] [I] 	Measuring Weight: channel: 94, sat: 0.084258355, max: 0.084268644
[07/18/26 13:28:28.243] [I] 	Measuring Weight: channel: 95, sat: 0.17511918, max: 0.17514056
[07/18/26 13:28:28.246] [I] 	Measuring Weight: channel: 96, sat: 0.110418156, max: 0.110431634
[07/18/26 13:28:28.248] [I] 	Measuring Weight: channel: 97, sat: 0.10358281, max: 0.10359545
[07/18/26 13:28:28.251] [I] 	Measuring Weight: channel: 98, sat: 0.11248843, max: 0.112502165
[07/18/26 13:28:28.253] [I] 	Measuring Weight: channel: 99, sat: 0.04646289, max: 0.046468563
[07/18/26 13:28:28.256] [I] 	Measuring Weight: channel: 100, sat: 0.09334229, max: 0.09335368
[07/18/26 13:28:28.258] [I] 	Measuring Weight: channel: 101, sat: 0.052556966, max: 0.05256338
[07/18/26 13:28:28.261] [I] 	Measuring Weight: channel: 102, sat: 0.08922335, max: 0.08923423
[07/18/26 13:28:28.263] [I] 	Measuring Weight: channel: 103, sat: 0.43135086, max: 0.4314035
[07/18/26 13:28:28.266] [I] 	Measuring Weight: channel: 104, sat: 0.046198048, max: 0.046203684
[07/18/26 13:28:28.268] [I] 	Measuring Weight: channel: 105, sat: 0.08405025, max: 0.08406051
[07/18/26 13:28:28.270] [I] 	Measuring Weight: channel: 106, sat: 0.083781436, max: 0.08379166
[07/18/26 13:28:28.273] [I] 	Measuring Weight: channel: 107, sat: 0.12397689, max: 0.123992026
[07/18/26 13:28:28.275] [I] 	Measuring Weight: channel: 108, sat: 0.11635872, max: 0.11637292
[07/18/26 13:28:28.278] [I] 	Measuring Weight: channel: 109, sat: 0.09616928, max: 0.09618102
[07/18/26 13:28:28.280] [I] 	Measuring Weight: channel: 110, sat: 0.0947025, max: 0.09471406
[07/18/26 13:28:28.283] [I] 	Measuring Weight: channel: 111, sat: 0.079467535, max: 0.079477236
[07/18/26 13:28:28.285] [I] 	Measuring Weight: channel: 112, sat: 0.09983612, max: 0.0998483
[07/18/26 13:28:28.288] [I] 	Measuring Weight: channel: 113, sat: 0.08334846, max: 0.08335864
[07/18/26 13:28:28.290] [I] 	Measuring Weight: channel: 114, sat: 0.12509368, max: 0.12510894
[07/18/26 13:28:28.293] [I] 	Measuring Weight: channel: 115, sat: 0.17178987, max: 0.17181084
[07/18/26 13:28:28.295] [I] 	Measuring Weight: channel: 116, sat: 0.08850187, max: 0.088512674
[07/18/26 13:28:28.298] [I] 	Measuring Weight: channel: 117, sat: 0.11602881, max: 0.11604297
[07/18/26 13:28:28.300] [I] 	Measuring Weight: channel: 118, sat: 0.14099632, max: 0.14101353
[07/18/26 13:28:28.303] [I] 	Measuring Weight: channel: 119, sat: 0.06923781, max: 0.06924627
[07/18/26 13:28:28.305] [I] 	Measuring Weight: channel: 120, sat: 0.07145485, max: 0.07146357
[07/18/26 13:28:28.308] [I] 	Measuring Weight: channel: 121, sat: 0.16852301, max: 0.16854359
[07/18/26 13:28:28.310] [I] 	Measuring Weight: channel: 122, sat: 0.09242466, max: 0.09243594
[07/18/26 13:28:28.313] [I] 	Measuring Weight: channel: 123, sat: 0.10061156, max: 0.10062384
[07/18/26 13:28:28.316] [I] 	Measuring Weight: channel: 124, sat: 0.046013452, max: 0.046019066
[07/18/26 13:28:28.318] [I] 	Measuring Weight: channel: 125, sat: 0.0774241, max: 0.07743356
[07/18/26 13:28:28.321] [I] 	Measuring Weight: channel: 126, sat: 0.069291055, max: 0.06929951
[07/18/26 13:28:28.323] [I] 	Measuring Weight: channel: 127, sat: 0.09623961, max: 0.09625135
[07/18/26 13:28:28.326] [I] 	Measuring Weight: channel: 128, sat: 0.15191542, max: 0.15193397
[07/18/26 13:28:28.329] [I] 	Measuring Weight: channel: 129, sat: 0.21381173, max: 0.21383783
[07/18/26 13:28:28.331] [I] 	Measuring Weight: channel: 130, sat: 0.06470158, max: 0.06470948
[07/18/26 13:28:28.334] [I] 	Measuring Weight: channel: 131, sat: 0.083153196, max: 0.08316334
[07/18/26 13:28:28.336] [I] 	Measuring Weight: channel: 132, sat: 0.12837638, max: 0.12839204
[07/18/26 13:28:28.339] [I] 	Measuring Weight: channel: 133, sat: 0.12610792, max: 0.12612331
[07/18/26 13:28:28.341] [I] 	Measuring Weight: channel: 134, sat: 0.068858616, max: 0.06886702
[07/18/26 13:28:28.344] [I] 	Measuring Weight: channel: 135, sat: 0.17466865, max: 0.17468996
[07/18/26 13:28:28.346] [I] 	Measuring Weight: channel: 136, sat: 0.103346, max: 0.10335861
[07/18/26 13:28:28.349] [I] 	Measuring Weight: channel: 137, sat: 0.06205116, max: 0.062058732
[07/18/26 13:28:28.351] [I] 	Measuring Weight: channel: 138, sat: 0.08946609, max: 0.089477
[07/18/26 13:28:28.354] [I] 	Measuring Weight: channel: 139, sat: 0.110179275, max: 0.11019272
[07/18/26 13:28:28.356] [I] 	Measuring Weight: channel: 140, sat: 0.13689357, max: 0.13691029
[07/18/26 13:28:28.359] [I] 	Measuring Weight: channel: 141, sat: 0.10259819, max: 0.102610715
[07/18/26 13:28:28.361] [I] 	Measuring Weight: channel: 142, sat: 0.097251885, max: 0.09726375
[07/18/26 13:28:28.363] [I] 	Measuring Weight: channel: 143, sat: 0.259857, max: 0.2598887
[07/18/26 13:28:28.366] [I] 	Measuring Weight: channel: 144, sat: 0.13563222, max: 0.13564877
[07/18/26 13:28:28.368] [I] 	Measuring Weight: channel: 145, sat: 0.08620595, max: 0.08621647
[07/18/26 13:28:28.371] [I] 	Measuring Weight: channel: 146, sat: 0.18515906, max: 0.18518165
[07/18/26 13:28:28.373] [I] 	Measuring Weight: channel: 147, sat: 0.11474873, max: 0.11476274
[07/18/26 13:28:28.376] [I] 	Measuring Weight: channel: 148, sat: 0.084562756, max: 0.08457308
[07/18/26 13:28:28.378] [I] 	Measuring Weight: channel: 149, sat: 0.19311158, max: 0.19313516
[07/18/26 13:28:28.381] [I] 	Measuring Weight: channel: 150, sat: 0.120907515, max: 0.12092227
[07/18/26 13:28:28.383] [I] 	Measuring Weight: channel: 151, sat: 0.15241916, max: 0.15243778
[07/18/26 13:28:28.386] [I] 	Measuring Weight: channel: 152, sat: 0.05006022, max: 0.05006633
[07/18/26 13:28:28.388] [I] 	Measuring Weight: channel: 153, sat: 0.09669794, max: 0.09670974
[07/18/26 13:28:28.391] [I] 	Measuring Weight: channel: 154, sat: 0.13373591, max: 0.13375224
[07/18/26 13:28:28.393] [I] 	Measuring Weight: channel: 155, sat: 0.061443415, max: 0.061450914
[07/18/26 13:28:28.396] [I] 	Measuring Weight: channel: 156, sat: 0.18888217, max: 0.18890522
[07/18/26 13:28:28.398] [I] 	Measuring Weight: channel: 157, sat: 0.07606424, max: 0.07607352
[07/18/26 13:28:28.401] [I] 	Measuring Weight: channel: 158, sat: 0.14032282, max: 0.14033996
[07/18/26 13:28:28.403] [I] 	Measuring Weight: channel: 159, sat: 0.084549144, max: 0.08455946
[07/18/26 13:28:28.406] [I] 	Measuring Weight: channel: 160, sat: 0.10508724, max: 0.105100065
[07/18/26 13:28:28.408] [I] 	Measuring Weight: channel: 161, sat: 0.09170403, max: 0.09171523
[07/18/26 13:28:28.410] [I] 	Measuring Weight: channel: 162, sat: 0.09414578, max: 0.09415728
[07/18/26 13:28:28.413] [I] 	Measuring Weight: channel: 163, sat: 0.08596663, max: 0.08597713
[07/18/26 13:28:28.415] [I] 	Measuring Weight: channel: 164, sat: 0.09962841, max: 0.09964057
[07/18/26 13:28:28.418] [I] 	Measuring Weight: channel: 165, sat: 0.12494363, max: 0.12495888
[07/18/26 13:28:28.420] [I] 	Measuring Weight: channel: 166, sat: 0.11382747, max: 0.113841355
[07/18/26 13:28:28.423] [I] 	Measuring Weight: channel: 167, sat: 0.09852546, max: 0.09853748
[07/18/26 13:28:28.425] [I] 	Measuring Weight: channel: 168, sat: 0.15682596, max: 0.1568451
[07/18/26 13:28:28.428] [I] 	Measuring Weight: channel: 169, sat: 0.09219951, max: 0.09221077
[07/18/26 13:28:28.430] [I] 	Measuring Weight: channel: 170, sat: 0.06793817, max: 0.067946464
[07/18/26 13:28:28.433] [I] 	Measuring Weight: channel: 171, sat: 0.08540883, max: 0.08541925
[07/18/26 13:28:28.436] [I] 	Measuring Weight: channel: 172, sat: 0.09278902, max: 0.09280034
[07/18/26 13:28:28.438] [I] 	Measuring Weight: channel: 173, sat: 0.095371574, max: 0.09538322
[07/18/26 13:28:28.440] [I] 	Measuring Weight: channel: 174, sat: 0.17010397, max: 0.17012474
[07/18/26 13:28:28.443] [I] 	Measuring Weight: channel: 175, sat: 0.124353, max: 0.124368176
[07/18/26 13:28:28.446] [I] 	Measuring Weight: channel: 176, sat: 0.06756354, max: 0.06757179
[07/18/26 13:28:28.449] [I] 	Measuring Weight: channel: 177, sat: 0.11920334, max: 0.11921789
[07/18/26 13:28:28.452] [I] 	Measuring Weight: channel: 178, sat: 0.10818744, max: 0.10820065
[07/18/26 13:28:28.454] [I] 	Measuring Weight: channel: 179, sat: 0.13917665, max: 0.13919364
[07/18/26 13:28:28.457] [I] 	Measuring Weight: channel: 180, sat: 0.077277996, max: 0.07728743
[07/18/26 13:28:28.459] [I] 	Measuring Weight: channel: 181, sat: 0.11011636, max: 0.1101298
[07/18/26 13:28:28.462] [I] 	Measuring Weight: channel: 182, sat: 0.07090981, max: 0.07091846
[07/18/26 13:28:28.464] [I] 	Measuring Weight: channel: 183, sat: 0.086481094, max: 0.086491644
[07/18/26 13:28:28.467] [I] 	Measuring Weight: channel: 184, sat: 0.15511738, max: 0.1551363
[07/18/26 13:28:28.469] [I] 	Measuring Weight: channel: 185, sat: 0.10971437, max: 0.10972776
[07/18/26 13:28:28.472] [I] 	Measuring Weight: channel: 186, sat: 0.11515496, max: 0.11516902
[07/18/26 13:28:28.474] [I] 	Measuring Weight: channel: 187, sat: 0.1372515, max: 0.13726825
[07/18/26 13:28:28.476] [I] 	Measuring Weight: channel: 188, sat: 0.11382114, max: 0.11383503
[07/18/26 13:28:28.479] [I] 	Measuring Weight: channel: 189, sat: 0.111284144, max: 0.11129773
[07/18/26 13:28:28.481] [I] 	Measuring Weight: channel: 190, sat: 0.10517897, max: 0.105191804
[07/18/26 13:28:28.484] [I] 	Measuring Weight: channel: 191, sat: 0.12933733, max: 0.12935312
[07/18/26 13:28:28.486] [I] 	Measuring Weight: channel: 192, sat: 0.11055256, max: 0.11056605
[07/18/26 13:28:28.489] [I] 	Measuring Weight: channel: 193, sat: 0.096555516, max: 0.0965673
[07/18/26 13:28:28.491] [I] 	Measuring Weight: channel: 194, sat: 0.08089869, max: 0.08090857
[07/18/26 13:28:28.493] [I] 	Measuring Weight: channel: 195, sat: 0.13133359, max: 0.13134962
[07/18/26 13:28:28.496] [I] 	Measuring Weight: channel: 196, sat: 0.09993034, max: 0.099942535
[07/18/26 13:28:28.498] [I] 	Measuring Weight: channel: 197, sat: 0.13320288, max: 0.13321914
[07/18/26 13:28:28.501] [I] 	Measuring Weight: channel: 198, sat: 0.10895291, max: 0.10896621
[07/18/26 13:28:28.503] [I] 	Measuring Weight: channel: 199, sat: 0.16184029, max: 0.16186003
[07/18/26 13:28:28.506] [I] 	Measuring Weight: channel: 200, sat: 0.07807749, max: 0.07808702
[07/18/26 13:28:28.508] [I] 	Measuring Weight: channel: 201, sat: 0.16204564, max: 0.16206543
[07/18/26 13:28:28.511] [I] 	Measuring Weight: channel: 202, sat: 0.13429645, max: 0.13431284
[07/18/26 13:28:28.513] [I] 	Measuring Weight: channel: 203, sat: 0.09599613, max: 0.09600784
[07/18/26 13:28:28.515] [I] 	Measuring Weight: channel: 204, sat: 0.114169955, max: 0.114183895
[07/18/26 13:28:28.518] [I] 	Measuring Weight: channel: 205, sat: 0.14311042, max: 0.14312789
[07/18/26 13:28:28.520] [I] 	Measuring Weight: channel: 206, sat: 0.09069917, max: 0.090710245
[07/18/26 13:28:28.523] [I] 	Measuring Weight: channel: 207, sat: 0.17046377, max: 0.17048459
[07/18/26 13:28:28.525] [I] 	Measuring Weight: channel: 208, sat: 0.084748216, max: 0.084758565
[07/18/26 13:28:28.528] [I] 	Measuring Weight: channel: 209, sat: 0.1036004, max: 0.10361304
[07/18/26 13:28:28.530] [I] 	Measuring Weight: channel: 210, sat: 0.0961811, max: 0.09619284
[07/18/26 13:28:28.532] [I] 	Measuring Weight: channel: 211, sat: 0.08026519, max: 0.080274984
[07/18/26 13:28:28.535] [I] 	Measuring Weight: channel: 212, sat: 0.14335464, max: 0.14337213
[07/18/26 13:28:28.537] [I] 	Measuring Weight: channel: 213, sat: 0.09287488, max: 0.09288622
[07/18/26 13:28:28.540] [I] 	Measuring Weight: channel: 214, sat: 0.100568414, max: 0.100580685
[07/18/26 13:28:28.542] [I] 	Measuring Weight: channel: 215, sat: 0.0881823, max: 0.08819306
[07/18/26 13:28:28.545] [I] 	Measuring Weight: channel: 216, sat: 0.11922796, max: 0.11924251
[07/18/26 13:28:28.548] [I] 	Measuring Weight: channel: 217, sat: 0.1073284, max: 0.107341506
[07/18/26 13:28:28.550] [I] 	Measuring Weight: channel: 218, sat: 0.09185912, max: 0.09187033
[07/18/26 13:28:28.553] [I] 	Measuring Weight: channel: 219, sat: 0.14227167, max: 0.14228904
[07/18/26 13:28:28.555] [I] 	Measuring Weight: channel: 220, sat: 0.12272853, max: 0.1227435
[07/18/26 13:28:28.558] [I] 	Measuring Weight: channel: 221, sat: 0.072859004, max: 0.07286789
[07/18/26 13:28:28.560] [I] 	Measuring Weight: channel: 222, sat: 0.17388745, max: 0.17390868
[07/18/26 13:28:28.563] [I] 	Measuring Weight: channel: 223, sat: 0.07879508, max: 0.0788047
[07/18/26 13:28:28.565] [I] 	Measuring Weight: channel: 224, sat: 0.08131032, max: 0.08132024
[07/18/26 13:28:28.567] [I] 	Measuring Weight: channel: 225, sat: 0.04506921, max: 0.04507471
[07/18/26 13:28:28.570] [I] 	Measuring Weight: channel: 226, sat: 0.09027827, max: 0.09028929
[07/18/26 13:28:28.573] [I] 	Measuring Weight: channel: 227, sat: 0.13118744, max: 0.13120344
[07/18/26 13:28:28.575] [I] 	Measuring Weight: channel: 228, sat: 0.12514855, max: 0.12516382
[07/18/26 13:28:28.578] [I] 	Measuring Weight: channel: 229, sat: 0.089006364, max: 0.08901723
[07/18/26 13:28:28.580] [I] 	Measuring Weight: channel: 230, sat: 0.099989854, max: 0.10000206
[07/18/26 13:28:28.582] [I] 	Measuring Weight: channel: 231, sat: 0.10934478, max: 0.10935813
[07/18/26 13:28:28.585] [I] 	Measuring Weight: channel: 232, sat: 0.07364423, max: 0.07365322
[07/18/26 13:28:28.587] [I] 	Measuring Weight: channel: 233, sat: 0.1467843, max: 0.14680223
[07/18/26 13:28:28.590] [I] 	Measuring Weight: channel: 234, sat: 0.1388991, max: 0.13891605
[07/18/26 13:28:28.592] [I] 	Measuring Weight: channel: 235, sat: 0.07273982, max: 0.07274869
[07/18/26 13:28:28.595] [I] 	Measuring Weight: channel: 236, sat: 0.07960587, max: 0.079615586
[07/18/26 13:28:28.597] [I] 	Measuring Weight: channel: 237, sat: 0.11116892, max: 0.11118249
[07/18/26 13:28:28.600] [I] 	Measuring Weight: channel: 238, sat: 0.11159801, max: 0.11161163
[07/18/26 13:28:28.602] [I] 	Measuring Weight: channel: 239, sat: 0.13999917, max: 0.14001624
[07/18/26 13:28:28.605] [I] 	Measuring Weight: channel: 240, sat: 0.11100592, max: 0.11101947
[07/18/26 13:28:28.607] [I] 	Measuring Weight: channel: 241, sat: 0.115675814, max: 0.11568993
[07/18/26 13:28:28.609] [I] 	Measuring Weight: channel: 242, sat: 0.17150019, max: 0.17152113
[07/18/26 13:28:28.612] [I] 	Measuring Weight: channel: 243, sat: 0.16385101, max: 0.163871
[07/18/26 13:28:28.614] [I] 	Measuring Weight: channel: 244, sat: 0.08752257, max: 0.08753325
[07/18/26 13:28:28.617] [I] 	Measuring Weight: channel: 245, sat: 0.12515669, max: 0.12517196
[07/18/26 13:28:28.619] [I] 	Measuring Weight: channel: 246, sat: 0.084725685, max: 0.08473603
[07/18/26 13:28:28.622] [I] 	Measuring Weight: channel: 247, sat: 0.21862318, max: 0.21864985
[07/18/26 13:28:28.624] [I] 	Measuring Weight: channel: 248, sat: 0.107697986, max: 0.10771114
[07/18/26 13:28:28.627] [I] 	Measuring Weight: channel: 249, sat: 0.08097886, max: 0.08098874
[07/18/26 13:28:28.629] [I] 	Measuring Weight: channel: 250, sat: 0.10872205, max: 0.10873532
[07/18/26 13:28:28.631] [I] 	Measuring Weight: channel: 251, sat: 0.09099632, max: 0.09100742
[07/18/26 13:28:28.634] [I] 	Measuring Weight: channel: 252, sat: 0.14511064, max: 0.14512834
[07/18/26 13:28:28.636] [I] 	Measuring Weight: channel: 253, sat: 0.15294857, max: 0.15296724
[07/18/26 13:28:28.639] [I] 	Measuring Weight: channel: 254, sat: 0.12003485, max: 0.12004951
[07/18/26 13:28:28.641] [I] 	Measuring Weight: channel: 255, sat: 0.21841833, max: 0.21844499
[07/18/26 13:28:28.644] [I] 	Measuring Weight: channel: 256, sat: 0.120443486, max: 0.120458186
[07/18/26 13:28:28.664] [I] Quantizing Op Id: 9, Type: icraft::xir::AddNode
[07/18/26 13:28:28.664] [I] Quantizing Op Id: 10, Type: icraft::xir::ReLUNode
[07/18/26 13:28:28.664] [I] Quantizing Op Id: 11, Type: icraft::xir::Conv2dNode
[07/18/26 13:28:28.681] [I] 	Measuring Weight: channel: 1, sat: 0.009189768, max: 0.00919089
[07/18/26 13:28:28.683] [I] 	Measuring Weight: channel: 2, sat: 0.022308, max: 0.022310723
[07/18/26 13:28:28.686] [I] 	Measuring Weight: channel: 3, sat: 0.012002068, max: 0.012003533
[07/18/26 13:28:28.689] [I] 	Measuring Weight: channel: 4, sat: 0.013127247, max: 0.01312885
[07/18/26 13:28:28.692] [I] 	Measuring Weight: channel: 5, sat: 0.013842371, max: 0.013844061
[07/18/26 13:28:28.695] [I] 	Measuring Weight: channel: 6, sat: 0.010071252, max: 0.010072481
[07/18/26 13:28:28.698] [I] 	Measuring Weight: channel: 7, sat: 0.013377599, max: 0.013379232
[07/18/26 13:28:28.701] [I] 	Measuring Weight: channel: 8, sat: 0.012828901, max: 0.012830468
[07/18/26 13:28:28.704] [I] 	Measuring Weight: channel: 9, sat: 0.010681783, max: 0.010683087
[07/18/26 13:28:28.706] [I] 	Measuring Weight: channel: 10, sat: 0.009488856, max: 0.009490014
[07/18/26 13:28:28.709] [I] 	Measuring Weight: channel: 11, sat: 0.008125997, max: 0.008126989
[07/18/26 13:28:28.712] [I] 	Measuring Weight: channel: 12, sat: 0.010634554, max: 0.010635851
[07/18/26 13:28:28.715] [I] 	Measuring Weight: channel: 13, sat: 0.02319597, max: 0.023198802
[07/18/26 13:28:28.718] [I] 	Measuring Weight: channel: 14, sat: 0.019632665, max: 0.019635063
[07/18/26 13:28:28.721] [I] 	Measuring Weight: channel: 15, sat: 0.0101480605, max: 0.010149299
[07/18/26 13:28:28.724] [I] 	Measuring Weight: channel: 16, sat: 0.01674898, max: 0.016751023
[07/18/26 13:28:28.727] [I] 	Measuring Weight: channel: 17, sat: 0.014282716, max: 0.01428446
[07/18/26 13:28:28.729] [I] 	Measuring Weight: channel: 18, sat: 0.018233394, max: 0.01823562
[07/18/26 13:28:28.732] [I] 	Measuring Weight: channel: 19, sat: 0.012355941, max: 0.01235745
[07/18/26 13:28:28.735] [I] 	Measuring Weight: channel: 20, sat: 0.011482208, max: 0.01148361
[07/18/26 13:28:28.738] [I] 	Measuring Weight: channel: 21, sat: 0.011159523, max: 0.011160885
[07/18/26 13:28:28.741] [I] 	Measuring Weight: channel: 22, sat: 0.009234537, max: 0.009235664
[07/18/26 13:28:28.744] [I] 	Measuring Weight: channel: 23, sat: 0.023404801, max: 0.023407657
[07/18/26 13:28:28.747] [I] 	Measuring Weight: channel: 24, sat: 0.0105356295, max: 0.010536916
[07/18/26 13:28:28.750] [I] 	Measuring Weight: channel: 25, sat: 0.015076012, max: 0.015077853
[07/18/26 13:28:28.752] [I] 	Measuring Weight: channel: 26, sat: 0.011655742, max: 0.011657164
[07/18/26 13:28:28.755] [I] 	Measuring Weight: channel: 27, sat: 0.01202656, max: 0.012028027
[07/18/26 13:28:28.758] [I] 	Measuring Weight: channel: 28, sat: 0.013135902, max: 0.013137504
[07/18/26 13:28:28.761] [I] 	Measuring Weight: channel: 29, sat: 0.012418517, max: 0.012420032
[07/18/26 13:28:28.764] [I] 	Measuring Weight: channel: 30, sat: 0.010227881, max: 0.01022913
[07/18/26 13:28:28.767] [I] 	Measuring Weight: channel: 31, sat: 0.010493322, max: 0.010494603
[07/18/26 13:28:28.769] [I] 	Measuring Weight: channel: 32, sat: 0.016103616, max: 0.016105581
[07/18/26 13:28:28.772] [I] 	Measuring Weight: channel: 33, sat: 0.013110778, max: 0.013112378
[07/18/26 13:28:28.775] [I] 	Measuring Weight: channel: 34, sat: 0.008978017, max: 0.008979112
[07/18/26 13:28:28.778] [I] 	Measuring Weight: channel: 35, sat: 0.015846172, max: 0.015848108
[07/18/26 13:28:28.781] [I] 	Measuring Weight: channel: 36, sat: 0.010943135, max: 0.010944471
[07/18/26 13:28:28.783] [I] 	Measuring Weight: channel: 37, sat: 0.011619249, max: 0.011620668
[07/18/26 13:28:28.786] [I] 	Measuring Weight: channel: 38, sat: 0.018133953, max: 0.018136168
[07/18/26 13:28:28.789] [I] 	Measuring Weight: channel: 39, sat: 0.0100402245, max: 0.01004145
[07/18/26 13:28:28.792] [I] 	Measuring Weight: channel: 40, sat: 0.011384492, max: 0.011385881
[07/18/26 13:28:28.794] [I] 	Measuring Weight: channel: 41, sat: 0.008868469, max: 0.008869552
[07/18/26 13:28:28.797] [I] 	Measuring Weight: channel: 42, sat: 0.009982488, max: 0.009983707
[07/18/26 13:28:28.799] [I] 	Measuring Weight: channel: 43, sat: 0.012708898, max: 0.012710448
[07/18/26 13:28:28.802] [I] 	Measuring Weight: channel: 44, sat: 0.011954682, max: 0.01195614
[07/18/26 13:28:28.805] [I] 	Measuring Weight: channel: 45, sat: 0.015069647, max: 0.015071486
[07/18/26 13:28:28.807] [I] 	Measuring Weight: channel: 46, sat: 0.011118964, max: 0.011120321
[07/18/26 13:28:28.810] [I] 	Measuring Weight: channel: 47, sat: 0.011286247, max: 0.011287624
[07/18/26 13:28:28.812] [I] 	Measuring Weight: channel: 48, sat: 0.009746574, max: 0.009747764
[07/18/26 13:28:28.814] [I] 	Measuring Weight: channel: 49, sat: 0.009053285, max: 0.009054391
[07/18/26 13:28:28.817] [I] 	Measuring Weight: channel: 50, sat: 0.022774853, max: 0.022777634
[07/18/26 13:28:28.819] [I] 	Measuring Weight: channel: 51, sat: 0.012053756, max: 0.012055227
[07/18/26 13:28:28.822] [I] 	Measuring Weight: channel: 52, sat: 0.012937533, max: 0.012939111
[07/18/26 13:28:28.824] [I] 	Measuring Weight: channel: 53, sat: 0.012666498, max: 0.012668044
[07/18/26 13:28:28.827] [I] 	Measuring Weight: channel: 54, sat: 0.016905863, max: 0.016907927
[07/18/26 13:28:28.829] [I] 	Measuring Weight: channel: 55, sat: 0.016471699, max: 0.01647371
[07/18/26 13:28:28.831] [I] 	Measuring Weight: channel: 56, sat: 0.013452488, max: 0.01345413
[07/18/26 13:28:28.834] [I] 	Measuring Weight: channel: 57, sat: 0.012852296, max: 0.0128538655
[07/18/26 13:28:28.836] [I] 	Measuring Weight: channel: 58, sat: 0.010534334, max: 0.010535619
[07/18/26 13:28:28.839] [I] 	Measuring Weight: channel: 59, sat: 0.010938867, max: 0.010940202
[07/18/26 13:28:28.841] [I] 	Measuring Weight: channel: 60, sat: 0.011300896, max: 0.011302276
[07/18/26 13:28:28.843] [I] 	Measuring Weight: channel: 61, sat: 0.009974931, max: 0.00997615
[07/18/26 13:28:28.846] [I] 	Measuring Weight: channel: 62, sat: 0.01200175, max: 0.012003215
[07/18/26 13:28:28.848] [I] 	Measuring Weight: channel: 63, sat: 0.01774928, max: 0.017751446
[07/18/26 13:28:28.850] [I] 	Measuring Weight: channel: 64, sat: 0.014032529, max: 0.014034241
[07/18/26 13:28:28.853] [I] 	Measuring Weight: channel: 65, sat: 0.010737629, max: 0.010738939
[07/18/26 13:28:28.855] [I] 	Measuring Weight: channel: 66, sat: 0.01874254, max: 0.018744828
[07/18/26 13:28:28.857] [I] 	Measuring Weight: channel: 67, sat: 0.009963541, max: 0.009964758
[07/18/26 13:28:28.860] [I] 	Measuring Weight: channel: 68, sat: 0.010281462, max: 0.010282718
[07/18/26 13:28:28.862] [I] 	Measuring Weight: channel: 69, sat: 0.009420773, max: 0.009421922
[07/18/26 13:28:28.865] [I] 	Measuring Weight: channel: 70, sat: 0.02109481, max: 0.021097386
[07/18/26 13:28:28.867] [I] 	Measuring Weight: channel: 71, sat: 0.010259659, max: 0.010260911
[07/18/26 13:28:28.869] [I] 	Measuring Weight: channel: 72, sat: 0.0139874695, max: 0.013989177
[07/18/26 13:28:28.872] [I] 	Measuring Weight: channel: 73, sat: 0.015554143, max: 0.015556042
[07/18/26 13:28:28.874] [I] 	Measuring Weight: channel: 74, sat: 0.0096136825, max: 0.009614856
[07/18/26 13:28:28.876] [I] 	Measuring Weight: channel: 75, sat: 0.011724476, max: 0.011725906
[07/18/26 13:28:28.879] [I] 	Measuring Weight: channel: 76, sat: 0.008756277, max: 0.008757345
[07/18/26 13:28:28.881] [I] 	Measuring Weight: channel: 77, sat: 0.011076435, max: 0.011077787
[07/18/26 13:28:28.884] [I] 	Measuring Weight: channel: 78, sat: 0.012140873, max: 0.012142355
[07/18/26 13:28:28.886] [I] 	Measuring Weight: channel: 79, sat: 0.0264373, max: 0.026440527
[07/18/26 13:28:28.888] [I] 	Measuring Weight: channel: 80, sat: 0.01499213, max: 0.01499396
[07/18/26 13:28:28.891] [I] 	Measuring Weight: channel: 81, sat: 0.009959873, max: 0.009961089
[07/18/26 13:28:28.893] [I] 	Measuring Weight: channel: 82, sat: 0.010937491, max: 0.010938827
[07/18/26 13:28:28.895] [I] 	Measuring Weight: channel: 83, sat: 0.011333723, max: 0.011335107
[07/18/26 13:28:28.898] [I] 	Measuring Weight: channel: 84, sat: 0.0111828605, max: 0.011184225
[07/18/26 13:28:28.900] [I] 	Measuring Weight: channel: 85, sat: 0.017171765, max: 0.01717386
[07/18/26 13:28:28.902] [I] 	Measuring Weight: channel: 86, sat: 0.015108146, max: 0.01510999
[07/18/26 13:28:28.905] [I] 	Measuring Weight: channel: 87, sat: 0.01245539, max: 0.012456911
[07/18/26 13:28:28.907] [I] 	Measuring Weight: channel: 88, sat: 0.010012141, max: 0.010013363
[07/18/26 13:28:28.910] [I] 	Measuring Weight: channel: 89, sat: 0.009825079, max: 0.009826277
[07/18/26 13:28:28.912] [I] 	Measuring Weight: channel: 90, sat: 0.008911366, max: 0.008912453
[07/18/26 13:28:28.914] [I] 	Measuring Weight: channel: 91, sat: 0.013370572, max: 0.013372204
[07/18/26 13:28:28.917] [I] 	Measuring Weight: channel: 92, sat: 0.009333307, max: 0.009334446
[07/18/26 13:28:28.919] [I] 	Measuring Weight: channel: 93, sat: 0.008178195, max: 0.008179193
[07/18/26 13:28:28.921] [I] 	Measuring Weight: channel: 94, sat: 0.023278335, max: 0.023281178
[07/18/26 13:28:28.924] [I] 	Measuring Weight: channel: 95, sat: 0.017878497, max: 0.017880678
[07/18/26 13:28:28.926] [I] 	Measuring Weight: channel: 96, sat: 0.01301204, max: 0.013013629
[07/18/26 13:28:28.929] [I] 	Measuring Weight: channel: 97, sat: 0.0073349755, max: 0.0073358705
[07/18/26 13:28:28.931] [I] 	Measuring Weight: channel: 98, sat: 0.016679669, max: 0.016681705
[07/18/26 13:28:28.933] [I] 	Measuring Weight: channel: 99, sat: 0.008787438, max: 0.00878851
[07/18/26 13:28:28.936] [I] 	Measuring Weight: channel: 100, sat: 0.018735804, max: 0.01873809
[07/18/26 13:28:28.938] [I] 	Measuring Weight: channel: 101, sat: 0.011787534, max: 0.011788973
[07/18/26 13:28:28.940] [I] 	Measuring Weight: channel: 102, sat: 0.013236351, max: 0.013237966
[07/18/26 13:28:28.943] [I] 	Measuring Weight: channel: 103, sat: 0.0084083695, max: 0.008409396
[07/18/26 13:28:28.945] [I] 	Measuring Weight: channel: 104, sat: 0.011834345, max: 0.011835789
[07/18/26 13:28:28.948] [I] 	Measuring Weight: channel: 105, sat: 0.01351185, max: 0.013513499
[07/18/26 13:28:28.950] [I] 	Measuring Weight: channel: 106, sat: 0.023040077, max: 0.02304289
[07/18/26 13:28:28.952] [I] 	Measuring Weight: channel: 107, sat: 0.018841155, max: 0.018843453
[07/18/26 13:28:28.955] [I] 	Measuring Weight: channel: 108, sat: 0.013801808, max: 0.013803492
[07/18/26 13:28:28.957] [I] 	Measuring Weight: channel: 109, sat: 0.026557554, max: 0.026560796
[07/18/26 13:28:28.959] [I] 	Measuring Weight: channel: 110, sat: 0.0091186995, max: 0.009119812
[07/18/26 13:28:28.962] [I] 	Measuring Weight: channel: 111, sat: 0.015667733, max: 0.015669644
[07/18/26 13:28:28.964] [I] 	Measuring Weight: channel: 112, sat: 0.010535249, max: 0.010536534
[07/18/26 13:28:28.966] [I] 	Measuring Weight: channel: 113, sat: 0.01008561, max: 0.010086841
[07/18/26 13:28:28.969] [I] 	Measuring Weight: channel: 114, sat: 0.010120507, max: 0.010121743
[07/18/26 13:28:28.971] [I] 	Measuring Weight: channel: 115, sat: 0.013282841, max: 0.0132844625
[07/18/26 13:28:28.973] [I] 	Measuring Weight: channel: 116, sat: 0.013963629, max: 0.013965333
[07/18/26 13:28:28.976] [I] 	Measuring Weight: channel: 117, sat: 0.009253193, max: 0.009254321
[07/18/26 13:28:28.978] [I] 	Measuring Weight: channel: 118, sat: 0.01226966, max: 0.0122711575
[07/18/26 13:28:28.981] [I] 	Measuring Weight: channel: 119, sat: 0.009415684, max: 0.0094168335
[07/18/26 13:28:28.983] [I] 	Measuring Weight: channel: 120, sat: 0.009552667, max: 0.009553833
[07/18/26 13:28:28.985] [I] 	Measuring Weight: channel: 121, sat: 0.012753144, max: 0.012754701
[07/18/26 13:28:28.988] [I] 	Measuring Weight: channel: 122, sat: 0.015461735, max: 0.015463623
[07/18/26 13:28:28.990] [I] 	Measuring Weight: channel: 123, sat: 0.016005306, max: 0.01600726
[07/18/26 13:28:28.993] [I] 	Measuring Weight: channel: 124, sat: 0.011786749, max: 0.011788187
[07/18/26 13:28:28.995] [I] 	Measuring Weight: channel: 125, sat: 0.012667291, max: 0.012668837
[07/18/26 13:28:28.998] [I] 	Measuring Weight: channel: 126, sat: 0.01782341, max: 0.017825585
[07/18/26 13:28:29.000] [I] 	Measuring Weight: channel: 127, sat: 0.015735773, max: 0.015737694
[07/18/26 13:28:29.002] [I] 	Measuring Weight: channel: 128, sat: 0.011947325, max: 0.011948784
[07/18/26 13:28:29.005] [I] 	Measuring Weight: channel: 129, sat: 0.013645861, max: 0.013647527
[07/18/26 13:28:29.007] [I] 	Measuring Weight: channel: 130, sat: 0.012071341, max: 0.012072815
[07/18/26 13:28:29.010] [I] 	Measuring Weight: channel: 131, sat: 0.013066335, max: 0.01306793
[07/18/26 13:28:29.012] [I] 	Measuring Weight: channel: 132, sat: 0.010598915, max: 0.010600208
[07/18/26 13:28:29.015] [I] 	Measuring Weight: channel: 133, sat: 0.013346344, max: 0.013347973
[07/18/26 13:28:29.017] [I] 	Measuring Weight: channel: 134, sat: 0.021411676, max: 0.02141429
[07/18/26 13:28:29.020] [I] 	Measuring Weight: channel: 135, sat: 0.0129519785, max: 0.01295356
[07/18/26 13:28:29.022] [I] 	Measuring Weight: channel: 136, sat: 0.015586895, max: 0.015588798
[07/18/26 13:28:29.025] [I] 	Measuring Weight: channel: 137, sat: 0.012231338, max: 0.012232831
[07/18/26 13:28:29.027] [I] 	Measuring Weight: channel: 138, sat: 0.01608398, max: 0.016085943
[07/18/26 13:28:29.030] [I] 	Measuring Weight: channel: 139, sat: 0.016316412, max: 0.016318403
[07/18/26 13:28:29.032] [I] 	Measuring Weight: channel: 140, sat: 0.010459254, max: 0.0104605295
[07/18/26 13:28:29.034] [I] 	Measuring Weight: channel: 141, sat: 0.031308588, max: 0.03131241
[07/18/26 13:28:29.037] [I] 	Measuring Weight: channel: 142, sat: 0.013718258, max: 0.013719932
[07/18/26 13:28:29.039] [I] 	Measuring Weight: channel: 143, sat: 0.00983641, max: 0.009837611
[07/18/26 13:28:29.041] [I] 	Measuring Weight: channel: 144, sat: 0.011502039, max: 0.011503443
[07/18/26 13:28:29.044] [I] 	Measuring Weight: channel: 145, sat: 0.01824981, max: 0.018252037
[07/18/26 13:28:29.046] [I] 	Measuring Weight: channel: 146, sat: 0.012626804, max: 0.012628346
[07/18/26 13:28:29.049] [I] 	Measuring Weight: channel: 147, sat: 0.010958737, max: 0.010960074
[07/18/26 13:28:29.051] [I] 	Measuring Weight: channel: 148, sat: 0.012907592, max: 0.0129091665
[07/18/26 13:28:29.053] [I] 	Measuring Weight: channel: 149, sat: 0.009011321, max: 0.009012421
[07/18/26 13:28:29.056] [I] 	Measuring Weight: channel: 150, sat: 0.011131329, max: 0.011132688
[07/18/26 13:28:29.058] [I] 	Measuring Weight: channel: 151, sat: 0.009692097, max: 0.00969328
[07/18/26 13:28:29.060] [I] 	Measuring Weight: channel: 152, sat: 0.012780969, max: 0.012782529
[07/18/26 13:28:29.063] [I] 	Measuring Weight: channel: 153, sat: 0.00889084, max: 0.008891925
[07/18/26 13:28:29.065] [I] 	Measuring Weight: channel: 154, sat: 0.010820824, max: 0.010822144
[07/18/26 13:28:29.068] [I] 	Measuring Weight: channel: 155, sat: 0.012040745, max: 0.012042214
[07/18/26 13:28:29.070] [I] 	Measuring Weight: channel: 156, sat: 0.011672205, max: 0.011673629
[07/18/26 13:28:29.072] [I] 	Measuring Weight: channel: 157, sat: 0.01813996, max: 0.018142173
[07/18/26 13:28:29.075] [I] 	Measuring Weight: channel: 158, sat: 0.014161966, max: 0.014163694
[07/18/26 13:28:29.077] [I] 	Measuring Weight: channel: 159, sat: 0.011578099, max: 0.011579513
[07/18/26 13:28:29.079] [I] 	Measuring Weight: channel: 160, sat: 0.014116687, max: 0.01411841
[07/18/26 13:28:29.082] [I] 	Measuring Weight: channel: 161, sat: 0.014036485, max: 0.014038198
[07/18/26 13:28:29.084] [I] 	Measuring Weight: channel: 162, sat: 0.0108519625, max: 0.010853287
[07/18/26 13:28:29.086] [I] 	Measuring Weight: channel: 163, sat: 0.040982224, max: 0.040987223
[07/18/26 13:28:29.089] [I] 	Measuring Weight: channel: 164, sat: 0.00826162, max: 0.008262628
[07/18/26 13:28:29.091] [I] 	Measuring Weight: channel: 165, sat: 0.01798792, max: 0.017990114
[07/18/26 13:28:29.094] [I] 	Measuring Weight: channel: 166, sat: 0.01583005, max: 0.015831983
[07/18/26 13:28:29.096] [I] 	Measuring Weight: channel: 167, sat: 0.009425279, max: 0.009426429
[07/18/26 13:28:29.098] [I] 	Measuring Weight: channel: 168, sat: 0.009802619, max: 0.009803815
[07/18/26 13:28:29.101] [I] 	Measuring Weight: channel: 169, sat: 0.009087446, max: 0.009088555
[07/18/26 13:28:29.103] [I] 	Measuring Weight: channel: 170, sat: 0.026803847, max: 0.02680712
[07/18/26 13:28:29.106] [I] 	Measuring Weight: channel: 171, sat: 0.014838409, max: 0.014840219
[07/18/26 13:28:29.108] [I] 	Measuring Weight: channel: 172, sat: 0.008826021, max: 0.008827098
[07/18/26 13:28:29.111] [I] 	Measuring Weight: channel: 173, sat: 0.012501639, max: 0.012503166
[07/18/26 13:28:29.113] [I] 	Measuring Weight: channel: 174, sat: 0.00881155, max: 0.008812626
[07/18/26 13:28:29.116] [I] 	Measuring Weight: channel: 175, sat: 0.014276758, max: 0.0142785
[07/18/26 13:28:29.118] [I] 	Measuring Weight: channel: 176, sat: 0.009777856, max: 0.00977905
[07/18/26 13:28:29.120] [I] 	Measuring Weight: channel: 177, sat: 0.013049308, max: 0.013050901
[07/18/26 13:28:29.123] [I] 	Measuring Weight: channel: 178, sat: 0.009885894, max: 0.0098871
[07/18/26 13:28:29.125] [I] 	Measuring Weight: channel: 179, sat: 0.012799276, max: 0.012800839
[07/18/26 13:28:29.128] [I] 	Measuring Weight: channel: 180, sat: 0.013042668, max: 0.01304426
[07/18/26 13:28:29.130] [I] 	Measuring Weight: channel: 181, sat: 0.011059664, max: 0.011061015
[07/18/26 13:28:29.133] [I] 	Measuring Weight: channel: 182, sat: 0.009295934, max: 0.009297069
[07/18/26 13:28:29.135] [I] 	Measuring Weight: channel: 183, sat: 0.0100652855, max: 0.010066514
[07/18/26 13:28:29.138] [I] 	Measuring Weight: channel: 184, sat: 0.009411531, max: 0.00941268
[07/18/26 13:28:29.140] [I] 	Measuring Weight: channel: 185, sat: 0.00984822, max: 0.009849422
[07/18/26 13:28:29.142] [I] 	Measuring Weight: channel: 186, sat: 0.010611174, max: 0.010612468
[07/18/26 13:28:29.145] [I] 	Measuring Weight: channel: 187, sat: 0.01122546, max: 0.01122683
[07/18/26 13:28:29.147] [I] 	Measuring Weight: channel: 188, sat: 0.010050869, max: 0.010052095
[07/18/26 13:28:29.150] [I] 	Measuring Weight: channel: 189, sat: 0.010628305, max: 0.010629603
[07/18/26 13:28:29.152] [I] 	Measuring Weight: channel: 190, sat: 0.0117029445, max: 0.011704372
[07/18/26 13:28:29.155] [I] 	Measuring Weight: channel: 191, sat: 0.01123411, max: 0.011235482
[07/18/26 13:28:29.157] [I] 	Measuring Weight: channel: 192, sat: 0.015157166, max: 0.0151590165
[07/18/26 13:28:29.171] [I] Quantizing Op Id: 12, Type: icraft::xir::ReLUNode
[07/18/26 13:28:29.171] [I] Quantizing Op Id: 13, Type: icraft::xir::Conv2dNode
[07/18/26 13:28:29.184] [I] 	Measuring Weight: channel: 1, sat: 0.097891256, max: 0.0979032
[07/18/26 13:28:29.187] [I] 	Measuring Weight: channel: 2, sat: 0.060665157, max: 0.06067256
[07/18/26 13:28:29.190] [I] 	Measuring Weight: channel: 3, sat: 0.08312889, max: 0.08313904
[07/18/26 13:28:29.193] [I] 	Measuring Weight: channel: 4, sat: 0.10290822, max: 0.10292078
[07/18/26 13:28:29.196] [I] 	Measuring Weight: channel: 5, sat: 0.074005514, max: 0.07401455
[07/18/26 13:28:29.199] [I] 	Measuring Weight: channel: 6, sat: 0.07824949, max: 0.07825904
[07/18/26 13:28:29.202] [I] 	Measuring Weight: channel: 7, sat: 0.066703536, max: 0.06671167
[07/18/26 13:28:29.205] [I] 	Measuring Weight: channel: 8, sat: 0.13460138, max: 0.1346178
[07/18/26 13:28:29.208] [I] 	Measuring Weight: channel: 9, sat: 0.07462619, max: 0.0746353
[07/18/26 13:28:29.210] [I] 	Measuring Weight: channel: 10, sat: 0.07995234, max: 0.0799621
[07/18/26 13:28:29.213] [I] 	Measuring Weight: channel: 11, sat: 0.083124645, max: 0.083134785
[07/18/26 13:28:29.216] [I] 	Measuring Weight: channel: 12, sat: 0.068480626, max: 0.068488985
[07/18/26 13:28:29.218] [I] 	Measuring Weight: channel: 13, sat: 0.13709123, max: 0.13710797
[07/18/26 13:28:29.221] [I] 	Measuring Weight: channel: 14, sat: 0.06357273, max: 0.06358049
[07/18/26 13:28:29.224] [I] 	Measuring Weight: channel: 15, sat: 0.16148813, max: 0.16150783
[07/18/26 13:28:29.227] [I] 	Measuring Weight: channel: 16, sat: 0.069894046, max: 0.06990258
[07/18/26 13:28:29.230] [I] 	Measuring Weight: channel: 17, sat: 0.088616624, max: 0.088627435
[07/18/26 13:28:29.233] [I] 	Measuring Weight: channel: 18, sat: 0.1313172, max: 0.13133322
[07/18/26 13:28:29.236] [I] 	Measuring Weight: channel: 19, sat: 0.070381284, max: 0.070389874
[07/18/26 13:28:29.240] [I] 	Measuring Weight: channel: 20, sat: 0.11023328, max: 0.11024673
[07/18/26 13:28:29.243] [I] 	Measuring Weight: channel: 21, sat: 0.2838478, max: 0.28388247
[07/18/26 13:28:29.246] [I] 	Measuring Weight: channel: 22, sat: 0.07800702, max: 0.07801654
[07/18/26 13:28:29.249] [I] 	Measuring Weight: channel: 23, sat: 0.071405016, max: 0.07141373
[07/18/26 13:28:29.252] [I] 	Measuring Weight: channel: 24, sat: 0.14592905, max: 0.14594688
[07/18/26 13:28:29.255] [I] 	Measuring Weight: channel: 25, sat: 0.09669033, max: 0.09670213
[07/18/26 13:28:29.258] [I] 	Measuring Weight: channel: 26, sat: 0.08972816, max: 0.089739114
[07/18/26 13:28:29.261] [I] 	Measuring Weight: channel: 27, sat: 0.07210326, max: 0.07211206
[07/18/26 13:28:29.264] [I] 	Measuring Weight: channel: 28, sat: 0.050684925, max: 0.05069111
[07/18/26 13:28:29.267] [I] 	Measuring Weight: channel: 29, sat: 0.062137693, max: 0.062145278
[07/18/26 13:28:29.270] [I] 	Measuring Weight: channel: 30, sat: 0.05256776, max: 0.05257418
[07/18/26 13:28:29.274] [I] 	Measuring Weight: channel: 31, sat: 0.06627477, max: 0.06628285
[07/18/26 13:28:29.278] [I] 	Measuring Weight: channel: 32, sat: 0.063255794, max: 0.06326352
[07/18/26 13:28:29.280] [I] 	Measuring Weight: channel: 33, sat: 0.09066755, max: 0.090678625
[07/18/26 13:28:29.283] [I] 	Measuring Weight: channel: 34, sat: 0.098576754, max: 0.09858879
[07/18/26 13:28:29.285] [I] 	Measuring Weight: channel: 35, sat: 0.06649935, max: 0.06650747
[07/18/26 13:28:29.288] [I] 	Measuring Weight: channel: 36, sat: 0.0773641, max: 0.07737355
[07/18/26 13:28:29.290] [I] 	Measuring Weight: channel: 37, sat: 0.07976463, max: 0.07977436
[07/18/26 13:28:29.293] [I] 	Measuring Weight: channel: 38, sat: 0.09960834, max: 0.0996205
[07/18/26 13:28:29.296] [I] 	Measuring Weight: channel: 39, sat: 0.16077326, max: 0.16079289
[07/18/26 13:28:29.299] [I] 	Measuring Weight: channel: 40, sat: 0.0625465, max: 0.06255413
[07/18/26 13:28:29.302] [I] 	Measuring Weight: channel: 41, sat: 0.09588277, max: 0.09589448
[07/18/26 13:28:29.304] [I] 	Measuring Weight: channel: 42, sat: 0.07506564, max: 0.0750748
[07/18/26 13:28:29.307] [I] 	Measuring Weight: channel: 43, sat: 0.088854685, max: 0.088865526
[07/18/26 13:28:29.309] [I] 	Measuring Weight: channel: 44, sat: 0.116768695, max: 0.11678295
[07/18/26 13:28:29.312] [I] 	Measuring Weight: channel: 45, sat: 0.06348921, max: 0.06349696
[07/18/26 13:28:29.314] [I] 	Measuring Weight: channel: 46, sat: 0.06103562, max: 0.06104307
[07/18/26 13:28:29.317] [I] 	Measuring Weight: channel: 47, sat: 0.1141034, max: 0.114117324
[07/18/26 13:28:29.319] [I] 	Measuring Weight: channel: 48, sat: 0.06356205, max: 0.063569814
[07/18/26 13:28:29.322] [I] 	Measuring Weight: channel: 49, sat: 0.074608386, max: 0.07461749
[07/18/26 13:28:29.324] [I] 	Measuring Weight: channel: 50, sat: 0.11696121, max: 0.11697549
[07/18/26 13:28:29.327] [I] 	Measuring Weight: channel: 51, sat: 0.07018984, max: 0.07019841
[07/18/26 13:28:29.329] [I] 	Measuring Weight: channel: 52, sat: 0.07333581, max: 0.07334477
[07/18/26 13:28:29.332] [I] 	Measuring Weight: channel: 53, sat: 0.069813326, max: 0.06982184
[07/18/26 13:28:29.334] [I] 	Measuring Weight: channel: 54, sat: 0.088091694, max: 0.088102445
[07/18/26 13:28:29.337] [I] 	Measuring Weight: channel: 55, sat: 0.1545566, max: 0.15457547
[07/18/26 13:28:29.339] [I] 	Measuring Weight: channel: 56, sat: 0.065762885, max: 0.06577092
[07/18/26 13:28:29.342] [I] 	Measuring Weight: channel: 57, sat: 0.1658661, max: 0.16588634
[07/18/26 13:28:29.344] [I] 	Measuring Weight: channel: 58, sat: 0.071233824, max: 0.07124252
[07/18/26 13:28:29.347] [I] 	Measuring Weight: channel: 59, sat: 0.07225691, max: 0.07226572
[07/18/26 13:28:29.350] [I] 	Measuring Weight: channel: 60, sat: 0.15616198, max: 0.15618104
[07/18/26 13:28:29.352] [I] 	Measuring Weight: channel: 61, sat: 0.073443964, max: 0.07345293
[07/18/26 13:28:29.355] [I] 	Measuring Weight: channel: 62, sat: 0.07457951, max: 0.07458861
[07/18/26 13:28:29.357] [I] 	Measuring Weight: channel: 63, sat: 0.093248524, max: 0.0932599
[07/18/26 13:28:29.360] [I] 	Measuring Weight: channel: 64, sat: 0.06989354, max: 0.06990207
[07/18/26 13:28:29.362] [I] 	Measuring Weight: channel: 65, sat: 0.09762268, max: 0.0976346
[07/18/26 13:28:29.364] [I] 	Measuring Weight: channel: 66, sat: 0.11091473, max: 0.11092827
[07/18/26 13:28:29.367] [I] 	Measuring Weight: channel: 67, sat: 0.0835663, max: 0.0835765
[07/18/26 13:28:29.369] [I] 	Measuring Weight: channel: 68, sat: 0.0622451, max: 0.0622527
[07/18/26 13:28:29.372] [I] 	Measuring Weight: channel: 69, sat: 0.05432223, max: 0.054328863
[07/18/26 13:28:29.374] [I] 	Measuring Weight: channel: 70, sat: 0.2182609, max: 0.21828754
[07/18/26 13:28:29.377] [I] 	Measuring Weight: channel: 71, sat: 0.15915444, max: 0.15917386
[07/18/26 13:28:29.379] [I] 	Measuring Weight: channel: 72, sat: 0.054214552, max: 0.054221172
[07/18/26 13:28:29.382] [I] 	Measuring Weight: channel: 73, sat: 0.06962578, max: 0.06963427
[07/18/26 13:28:29.384] [I] 	Measuring Weight: channel: 74, sat: 0.12048005, max: 0.12049475
[07/18/26 13:28:29.386] [I] 	Measuring Weight: channel: 75, sat: 0.119131535, max: 0.11914607
[07/18/26 13:28:29.389] [I] 	Measuring Weight: channel: 76, sat: 0.108263895, max: 0.108277105
[07/18/26 13:28:29.391] [I] 	Measuring Weight: channel: 77, sat: 0.083552375, max: 0.083562575
[07/18/26 13:28:29.394] [I] 	Measuring Weight: channel: 78, sat: 0.14695628, max: 0.1469742
[07/18/26 13:28:29.396] [I] 	Measuring Weight: channel: 79, sat: 0.08583605, max: 0.08584653
[07/18/26 13:28:29.399] [I] 	Measuring Weight: channel: 80, sat: 0.07100543, max: 0.07101409
[07/18/26 13:28:29.401] [I] 	Measuring Weight: channel: 81, sat: 0.07062915, max: 0.07063777
[07/18/26 13:28:29.403] [I] 	Measuring Weight: channel: 82, sat: 0.09936276, max: 0.09937489
[07/18/26 13:28:29.406] [I] 	Measuring Weight: channel: 83, sat: 0.059323847, max: 0.059331086
[07/18/26 13:28:29.408] [I] 	Measuring Weight: channel: 84, sat: 0.13753888, max: 0.13755566
[07/18/26 13:28:29.411] [I] 	Measuring Weight: channel: 85, sat: 0.1355275, max: 0.13554405
[07/18/26 13:28:29.413] [I] 	Measuring Weight: channel: 86, sat: 0.15044612, max: 0.15046449
[07/18/26 13:28:29.416] [I] 	Measuring Weight: channel: 87, sat: 0.08986384, max: 0.089874804
[07/18/26 13:28:29.418] [I] 	Measuring Weight: channel: 88, sat: 0.15498303, max: 0.15500195
[07/18/26 13:28:29.421] [I] 	Measuring Weight: channel: 89, sat: 0.13482565, max: 0.13484211
[07/18/26 13:28:29.423] [I] 	Measuring Weight: channel: 90, sat: 0.1201222, max: 0.120136864
[07/18/26 13:28:29.426] [I] 	Measuring Weight: channel: 91, sat: 0.09819783, max: 0.09820981
[07/18/26 13:28:29.428] [I] 	Measuring Weight: channel: 92, sat: 0.093368255, max: 0.09337965
[07/18/26 13:28:29.430] [I] 	Measuring Weight: channel: 93, sat: 0.113191985, max: 0.113205805
[07/18/26 13:28:29.433] [I] 	Measuring Weight: channel: 94, sat: 0.061185274, max: 0.06119274
[07/18/26 13:28:29.435] [I] 	Measuring Weight: channel: 95, sat: 0.0694927, max: 0.069501184
[07/18/26 13:28:29.438] [I] 	Measuring Weight: channel: 96, sat: 0.11344492, max: 0.11345877
[07/18/26 13:28:29.441] [I] 	Measuring Weight: channel: 97, sat: 0.069796324, max: 0.06980485
[07/18/26 13:28:29.443] [I] 	Measuring Weight: channel: 98, sat: 0.20258227, max: 0.202607
[07/18/26 13:28:29.446] [I] 	Measuring Weight: channel: 99, sat: 0.11732376, max: 0.11733808
[07/18/26 13:28:29.448] [I] 	Measuring Weight: channel: 100, sat: 0.09991046, max: 0.09992265
[07/18/26 13:28:29.450] [I] 	Measuring Weight: channel: 101, sat: 0.1287167, max: 0.12873243
[07/18/26 13:28:29.453] [I] 	Measuring Weight: channel: 102, sat: 0.09088822, max: 0.09089931
[07/18/26 13:28:29.455] [I] 	Measuring Weight: channel: 103, sat: 0.09016568, max: 0.09017669
[07/18/26 13:28:29.458] [I] 	Measuring Weight: channel: 104, sat: 0.06657367, max: 0.06658179
[07/18/26 13:28:29.460] [I] 	Measuring Weight: channel: 105, sat: 0.08664133, max: 0.08665191
[07/18/26 13:28:29.462] [I] 	Measuring Weight: channel: 106, sat: 0.066814885, max: 0.066823035
[07/18/26 13:28:29.465] [I] 	Measuring Weight: channel: 107, sat: 0.074934795, max: 0.07494394
[07/18/26 13:28:29.467] [I] 	Measuring Weight: channel: 108, sat: 0.13826525, max: 0.13828212
[07/18/26 13:28:29.470] [I] 	Measuring Weight: channel: 109, sat: 0.05751166, max: 0.057518683
[07/18/26 13:28:29.472] [I] 	Measuring Weight: channel: 110, sat: 0.078305155, max: 0.078314714
[07/18/26 13:28:29.474] [I] 	Measuring Weight: channel: 111, sat: 0.09898732, max: 0.098999396
[07/18/26 13:28:29.477] [I] 	Measuring Weight: channel: 112, sat: 0.16137838, max: 0.16139808
[07/18/26 13:28:29.479] [I] 	Measuring Weight: channel: 113, sat: 0.19196652, max: 0.19198996
[07/18/26 13:28:29.482] [I] 	Measuring Weight: channel: 114, sat: 0.069058724, max: 0.06906716
[07/18/26 13:28:29.484] [I] 	Measuring Weight: channel: 115, sat: 0.09602674, max: 0.09603846
[07/18/26 13:28:29.486] [I] 	Measuring Weight: channel: 116, sat: 0.08738521, max: 0.08739587
[07/18/26 13:28:29.489] [I] 	Measuring Weight: channel: 117, sat: 0.1846662, max: 0.18468873
[07/18/26 13:28:29.491] [I] 	Measuring Weight: channel: 118, sat: 0.08998188, max: 0.08999286
[07/18/26 13:28:29.494] [I] 	Measuring Weight: channel: 119, sat: 0.1910278, max: 0.19105111
[07/18/26 13:28:29.496] [I] 	Measuring Weight: channel: 120, sat: 0.0798326, max: 0.079842344
[07/18/26 13:28:29.498] [I] 	Measuring Weight: channel: 121, sat: 0.106742546, max: 0.10675557
[07/18/26 13:28:29.501] [I] 	Measuring Weight: channel: 122, sat: 0.118108585, max: 0.118123
[07/18/26 13:28:29.503] [I] 	Measuring Weight: channel: 123, sat: 0.15055856, max: 0.15057693
[07/18/26 13:28:29.506] [I] 	Measuring Weight: channel: 124, sat: 0.06704154, max: 0.06704973
[07/18/26 13:28:29.508] [I] 	Measuring Weight: channel: 125, sat: 0.12317672, max: 0.12319176
[07/18/26 13:28:29.510] [I] 	Measuring Weight: channel: 126, sat: 0.0597676, max: 0.059774894
[07/18/26 13:28:29.513] [I] 	Measuring Weight: channel: 127, sat: 0.06319117, max: 0.06319888
[07/18/26 13:28:29.515] [I] 	Measuring Weight: channel: 128, sat: 0.07791171, max: 0.07792123
[07/18/26 13:28:29.518] [I] 	Measuring Weight: channel: 129, sat: 0.12748843, max: 0.127504
[07/18/26 13:28:29.520] [I] 	Measuring Weight: channel: 130, sat: 0.12900664, max: 0.12902237
[07/18/26 13:28:29.523] [I] 	Measuring Weight: channel: 131, sat: 0.10297843, max: 0.102991
[07/18/26 13:28:29.525] [I] 	Measuring Weight: channel: 132, sat: 0.047358677, max: 0.047364455
[07/18/26 13:28:29.527] [I] 	Measuring Weight: channel: 133, sat: 0.17169353, max: 0.1717145
[07/18/26 13:28:29.530] [I] 	Measuring Weight: channel: 134, sat: 0.08524271, max: 0.08525312
[07/18/26 13:28:29.532] [I] 	Measuring Weight: channel: 135, sat: 0.066991225, max: 0.066999406
[07/18/26 13:28:29.535] [I] 	Measuring Weight: channel: 136, sat: 0.046857916, max: 0.046863638
[07/18/26 13:28:29.537] [I] 	Measuring Weight: channel: 137, sat: 0.057721343, max: 0.057728387
[07/18/26 13:28:29.540] [I] 	Measuring Weight: channel: 138, sat: 0.07370017, max: 0.07370917
[07/18/26 13:28:29.542] [I] 	Measuring Weight: channel: 139, sat: 0.06616468, max: 0.066172756
[07/18/26 13:28:29.545] [I] 	Measuring Weight: channel: 140, sat: 0.0650892, max: 0.06509715
[07/18/26 13:28:29.547] [I] 	Measuring Weight: channel: 141, sat: 0.07658972, max: 0.07659906
[07/18/26 13:28:29.550] [I] 	Measuring Weight: channel: 142, sat: 0.07281754, max: 0.07282643
[07/18/26 13:28:29.552] [I] 	Measuring Weight: channel: 143, sat: 0.1095526, max: 0.109565966
[07/18/26 13:28:29.555] [I] 	Measuring Weight: channel: 144, sat: 0.07810917, max: 0.0781187
[07/18/26 13:28:29.557] [I] 	Measuring Weight: channel: 145, sat: 0.14210792, max: 0.14212526
[07/18/26 13:28:29.559] [I] 	Measuring Weight: channel: 146, sat: 0.047459673, max: 0.047465466
[07/18/26 13:28:29.562] [I] 	Measuring Weight: channel: 147, sat: 0.089126736, max: 0.089137614
[07/18/26 13:28:29.565] [I] 	Measuring Weight: channel: 148, sat: 0.06885508, max: 0.06886348
[07/18/26 13:28:29.567] [I] 	Measuring Weight: channel: 149, sat: 0.06046814, max: 0.06047552
[07/18/26 13:28:29.569] [I] 	Measuring Weight: channel: 150, sat: 0.050775666, max: 0.05078186
[07/18/26 13:28:29.572] [I] 	Measuring Weight: channel: 151, sat: 0.07525371, max: 0.0752629
[07/18/26 13:28:29.574] [I] 	Measuring Weight: channel: 152, sat: 0.11071032, max: 0.11072383
[07/18/26 13:28:29.577] [I] 	Measuring Weight: channel: 153, sat: 0.07426873, max: 0.07427779
[07/18/26 13:28:29.579] [I] 	Measuring Weight: channel: 154, sat: 0.06743206, max: 0.06744029
[07/18/26 13:28:29.582] [I] 	Measuring Weight: channel: 155, sat: 0.16321133, max: 0.16323125
[07/18/26 13:28:29.584] [I] 	Measuring Weight: channel: 156, sat: 0.112924725, max: 0.11293851
[07/18/26 13:28:29.586] [I] 	Measuring Weight: channel: 157, sat: 0.083491564, max: 0.083501756
[07/18/26 13:28:29.589] [I] 	Measuring Weight: channel: 158, sat: 0.14244398, max: 0.14246137
[07/18/26 13:28:29.591] [I] 	Measuring Weight: channel: 159, sat: 0.061426397, max: 0.061433893
[07/18/26 13:28:29.594] [I] 	Measuring Weight: channel: 160, sat: 0.073171556, max: 0.07318048
[07/18/26 13:28:29.596] [I] 	Measuring Weight: channel: 161, sat: 0.06762625, max: 0.06763451
[07/18/26 13:28:29.599] [I] 	Measuring Weight: channel: 162, sat: 0.16740932, max: 0.16742975
[07/18/26 13:28:29.601] [I] 	Measuring Weight: channel: 163, sat: 0.13538778, max: 0.1354043
[07/18/26 13:28:29.603] [I] 	Measuring Weight: channel: 164, sat: 0.07769036, max: 0.07769984
[07/18/26 13:28:29.606] [I] 	Measuring Weight: channel: 165, sat: 0.05336044, max: 0.053366955
[07/18/26 13:28:29.608] [I] 	Measuring Weight: channel: 166, sat: 0.15070237, max: 0.15072078
[07/18/26 13:28:29.611] [I] 	Measuring Weight: channel: 167, sat: 0.098466665, max: 0.09847868
[07/18/26 13:28:29.613] [I] 	Measuring Weight: channel: 168, sat: 0.11532656, max: 0.11534064
[07/18/26 13:28:29.616] [I] 	Measuring Weight: channel: 169, sat: 0.15415181, max: 0.15417062
[07/18/26 13:28:29.618] [I] 	Measuring Weight: channel: 170, sat: 0.12512335, max: 0.12513863
[07/18/26 13:28:29.620] [I] 	Measuring Weight: channel: 171, sat: 0.13254923, max: 0.1325654
[07/18/26 13:28:29.623] [I] 	Measuring Weight: channel: 172, sat: 0.2903598, max: 0.29039523
[07/18/26 13:28:29.625] [I] 	Measuring Weight: channel: 173, sat: 0.11555298, max: 0.11556708
[07/18/26 13:28:29.628] [I] 	Measuring Weight: channel: 174, sat: 0.07004999, max: 0.07005854
[07/18/26 13:28:29.630] [I] 	Measuring Weight: channel: 175, sat: 0.04415278, max: 0.044158168
[07/18/26 13:28:29.632] [I] 	Measuring Weight: channel: 176, sat: 0.11072147, max: 0.110734984
[07/18/26 13:28:29.635] [I] 	Measuring Weight: channel: 177, sat: 0.081999324, max: 0.08200934
[07/18/26 13:28:29.637] [I] 	Measuring Weight: channel: 178, sat: 0.08476765, max: 0.08477799
[07/18/26 13:28:29.640] [I] 	Measuring Weight: channel: 179, sat: 0.08568142, max: 0.08569188
[07/18/26 13:28:29.642] [I] 	Measuring Weight: channel: 180, sat: 0.14232771, max: 0.14234509
[07/18/26 13:28:29.645] [I] 	Measuring Weight: channel: 181, sat: 0.10624647, max: 0.106259435
[07/18/26 13:28:29.647] [I] 	Measuring Weight: channel: 182, sat: 0.09382409, max: 0.09383554
[07/18/26 13:28:29.649] [I] 	Measuring Weight: channel: 183, sat: 0.051904052, max: 0.051910385
[07/18/26 13:28:29.652] [I] 	Measuring Weight: channel: 184, sat: 0.096334174, max: 0.09634593
[07/18/26 13:28:29.655] [I] 	Measuring Weight: channel: 185, sat: 0.06655605, max: 0.06656418
[07/18/26 13:28:29.657] [I] 	Measuring Weight: channel: 186, sat: 0.17239705, max: 0.17241809
[07/18/26 13:28:29.660] [I] 	Measuring Weight: channel: 187, sat: 0.09777414, max: 0.09778607
[07/18/26 13:28:29.662] [I] 	Measuring Weight: channel: 188, sat: 0.052846164, max: 0.052852616
[07/18/26 13:28:29.665] [I] 	Measuring Weight: channel: 189, sat: 0.07025986, max: 0.07026844
[07/18/26 13:28:29.667] [I] 	Measuring Weight: channel: 190, sat: 0.070512645, max: 0.07052125
[07/18/26 13:28:29.670] [I] 	Measuring Weight: channel: 191, sat: 0.070209704, max: 0.07021827
[07/18/26 13:28:29.673] [I] 	Measuring Weight: channel: 192, sat: 0.16236714, max: 0.16238695
[07/18/26 13:28:29.683] [I] Quantizing Op Id: 14, Type: icraft::xir::ReLUNode
[07/18/26 13:28:29.683] [I] Quantizing Op Id: 15, Type: icraft::xir::Conv2dNode
[07/18/26 13:28:29.694] [I] 	Measuring Weight: channel: 1, sat: 0.09970623, max: 0.09971841
[07/18/26 13:28:29.697] [I] 	Measuring Weight: channel: 2, sat: 0.03852395, max: 0.03852865
[07/18/26 13:28:29.700] [I] 	Measuring Weight: channel: 3, sat: 0.11165003, max: 0.111663654
[07/18/26 13:28:29.703] [I] 	Measuring Weight: channel: 4, sat: 0.15261342, max: 0.15263204
[07/18/26 13:28:29.706] [I] 	Measuring Weight: channel: 5, sat: 0.06984207, max: 0.069850594
[07/18/26 13:28:29.709] [I] 	Measuring Weight: channel: 6, sat: 0.15605818, max: 0.15607724
[07/18/26 13:28:29.711] [I] 	Measuring Weight: channel: 7, sat: 0.058547176, max: 0.05855432
[07/18/26 13:28:29.714] [I] 	Measuring Weight: channel: 8, sat: 0.10755352, max: 0.10756665
[07/18/26 13:28:29.717] [I] 	Measuring Weight: channel: 9, sat: 0.040358867, max: 0.040363796
[07/18/26 13:28:29.720] [I] 	Measuring Weight: channel: 10, sat: 0.1076878, max: 0.107700944
[07/18/26 13:28:29.722] [I] 	Measuring Weight: channel: 11, sat: 0.020680735, max: 0.020683259
[07/18/26 13:28:29.725] [I] 	Measuring Weight: channel: 12, sat: 0.08902461, max: 0.08903548
[07/18/26 13:28:29.727] [I] 	Measuring Weight: channel: 13, sat: 0.20956409, max: 0.20958966
[07/18/26 13:28:29.730] [I] 	Measuring Weight: channel: 14, sat: 0.17014201, max: 0.17016277
[07/18/26 13:28:29.733] [I] 	Measuring Weight: channel: 15, sat: 0.056584857, max: 0.056591764
[07/18/26 13:28:29.736] [I] 	Measuring Weight: channel: 16, sat: 0.03938405, max: 0.039388858
[07/18/26 13:28:29.739] [I] 	Measuring Weight: channel: 17, sat: 0.1009637, max: 0.10097602
[07/18/26 13:28:29.742] [I] 	Measuring Weight: channel: 18, sat: 0.05249763, max: 0.052504037
[07/18/26 13:28:29.745] [I] 	Measuring Weight: channel: 19, sat: 0.042319797, max: 0.04232496
[07/18/26 13:28:29.748] [I] 	Measuring Weight: channel: 20, sat: 0.13371126, max: 0.13372758
[07/18/26 13:28:29.750] [I] 	Measuring Weight: channel: 21, sat: 0.021360723, max: 0.02136333
[07/18/26 13:28:29.753] [I] 	Measuring Weight: channel: 22, sat: 0.09397332, max: 0.0939848
[07/18/26 13:28:29.756] [I] 	Measuring Weight: channel: 23, sat: 0.07386842, max: 0.07387744
[07/18/26 13:28:29.759] [I] 	Measuring Weight: channel: 24, sat: 0.042960756, max: 0.042965997
[07/18/26 13:28:29.762] [I] 	Measuring Weight: channel: 25, sat: 0.0630244, max: 0.0630321
[07/18/26 13:28:29.765] [I] 	Measuring Weight: channel: 26, sat: 0.06779763, max: 0.0678059
[07/18/26 13:28:29.768] [I] 	Measuring Weight: channel: 27, sat: 0.07747551, max: 0.077484965
[07/18/26 13:28:29.771] [I] 	Measuring Weight: channel: 28, sat: 0.13280208, max: 0.1328183
[07/18/26 13:28:29.774] [I] 	Measuring Weight: channel: 29, sat: 0.070201136, max: 0.070209704
[07/18/26 13:28:29.777] [I] 	Measuring Weight: channel: 30, sat: 0.06644649, max: 0.0664546
[07/18/26 13:28:29.780] [I] 	Measuring Weight: channel: 31, sat: 0.17916027, max: 0.17918213
[07/18/26 13:28:29.783] [I] 	Measuring Weight: channel: 32, sat: 0.068126455, max: 0.06813477
[07/18/26 13:28:29.786] [I] 	Measuring Weight: channel: 33, sat: 0.05927936, max: 0.059286594
[07/18/26 13:28:29.789] [I] 	Measuring Weight: channel: 34, sat: 0.037723582, max: 0.037728187
[07/18/26 13:28:29.792] [I] 	Measuring Weight: channel: 35, sat: 0.11570077, max: 0.11571489
[07/18/26 13:28:29.795] [I] 	Measuring Weight: channel: 36, sat: 0.0739357, max: 0.073944725
[07/18/26 13:28:29.798] [I] 	Measuring Weight: channel: 37, sat: 0.021485176, max: 0.021487799
[07/18/26 13:28:29.800] [I] 	Measuring Weight: channel: 38, sat: 0.08631945, max: 0.08632998
[07/18/26 13:28:29.803] [I] 	Measuring Weight: channel: 39, sat: 0.18354392, max: 0.18356633
[07/18/26 13:28:29.805] [I] 	Measuring Weight: channel: 40, sat: 0.096868604, max: 0.09688043
[07/18/26 13:28:29.808] [I] 	Measuring Weight: channel: 41, sat: 0.06644272, max: 0.066450834
[07/18/26 13:28:29.810] [I] 	Measuring Weight: channel: 42, sat: 0.1283983, max: 0.12841396
[07/18/26 13:28:29.813] [I] 	Measuring Weight: channel: 43, sat: 0.1454689, max: 0.14548665
[07/18/26 13:28:29.815] [I] 	Measuring Weight: channel: 44, sat: 0.10207671, max: 0.10208917
[07/18/26 13:28:29.818] [I] 	Measuring Weight: channel: 45, sat: 0.071594365, max: 0.071603104
[07/18/26 13:28:29.820] [I] 	Measuring Weight: channel: 46, sat: 0.08928701, max: 0.089297906
[07/18/26 13:28:29.823] [I] 	Measuring Weight: channel: 47, sat: 0.05699101, max: 0.05699797
[07/18/26 13:28:29.825] [I] 	Measuring Weight: channel: 48, sat: 0.017662257, max: 0.017664414
[07/18/26 13:28:29.828] [I] 	Measuring Weight: channel: 49, sat: 0.12094418, max: 0.12095895
[07/18/26 13:28:29.830] [I] 	Measuring Weight: channel: 50, sat: 0.0660886, max: 0.06609666
[07/18/26 13:28:29.833] [I] 	Measuring Weight: channel: 51, sat: 0.12711239, max: 0.1271279
[07/18/26 13:28:29.835] [I] 	Measuring Weight: channel: 52, sat: 0.11220516, max: 0.11221886
[07/18/26 13:28:29.838] [I] 	Measuring Weight: channel: 53, sat: 0.14566782, max: 0.1456856
[07/18/26 13:28:29.840] [I] 	Measuring Weight: channel: 54, sat: 0.054870557, max: 0.054877255
[07/18/26 13:28:29.843] [I] 	Measuring Weight: channel: 55, sat: 0.059192892, max: 0.05920012
[07/18/26 13:28:29.845] [I] 	Measuring Weight: channel: 56, sat: 0.088190235, max: 0.088200994
[07/18/26 13:28:29.848] [I] 	Measuring Weight: channel: 57, sat: 0.047901552, max: 0.0479074
[07/18/26 13:28:29.850] [I] 	Measuring Weight: channel: 58, sat: 0.033242673, max: 0.03324673
[07/18/26 13:28:29.853] [I] 	Measuring Weight: channel: 59, sat: 0.12938361, max: 0.1293994
[07/18/26 13:28:29.855] [I] 	Measuring Weight: channel: 60, sat: 0.17138559, max: 0.17140651
[07/18/26 13:28:29.858] [I] 	Measuring Weight: channel: 61, sat: 0.054636624, max: 0.054643292
[07/18/26 13:28:29.860] [I] 	Measuring Weight: channel: 62, sat: 0.08266036, max: 0.08267045
[07/18/26 13:28:29.862] [I] 	Measuring Weight: channel: 63, sat: 0.09221904, max: 0.09223029
[07/18/26 13:28:29.865] [I] 	Measuring Weight: channel: 64, sat: 0.11421193, max: 0.11422587
[07/18/26 13:28:29.867] [I] 	Measuring Weight: channel: 65, sat: 0.07566785, max: 0.07567708
[07/18/26 13:28:29.870] [I] 	Measuring Weight: channel: 66, sat: 0.1654713, max: 0.1654915
[07/18/26 13:28:29.872] [I] 	Measuring Weight: channel: 67, sat: 0.08876894, max: 0.08877977
[07/18/26 13:28:29.874] [I] 	Measuring Weight: channel: 68, sat: 0.06426844, max: 0.064276285
[07/18/26 13:28:29.877] [I] 	Measuring Weight: channel: 69, sat: 0.18117082, max: 0.18119293
[07/18/26 13:28:29.879] [I] 	Measuring Weight: channel: 70, sat: 0.12337623, max: 0.123391286
[07/18/26 13:28:29.882] [I] 	Measuring Weight: channel: 71, sat: 0.09810809, max: 0.09812006
[07/18/26 13:28:29.884] [I] 	Measuring Weight: channel: 72, sat: 0.1743459, max: 0.17436717
[07/18/26 13:28:29.886] [I] 	Measuring Weight: channel: 73, sat: 0.0681355, max: 0.068143815
[07/18/26 13:28:29.889] [I] 	Measuring Weight: channel: 74, sat: 0.020422611, max: 0.020425105
[07/18/26 13:28:29.891] [I] 	Measuring Weight: channel: 75, sat: 0.083683304, max: 0.08369352
[07/18/26 13:28:29.894] [I] 	Measuring Weight: channel: 76, sat: 0.06557962, max: 0.06558763
[07/18/26 13:28:29.896] [I] 	Measuring Weight: channel: 77, sat: 0.09801682, max: 0.09802878
[07/18/26 13:28:29.898] [I] 	Measuring Weight: channel: 78, sat: 0.118860535, max: 0.11887504
[07/18/26 13:28:29.901] [I] 	Measuring Weight: channel: 79, sat: 0.15323646, max: 0.15325516
[07/18/26 13:28:29.903] [I] 	Measuring Weight: channel: 80, sat: 0.10359488, max: 0.10360752
[07/18/26 13:28:29.905] [I] 	Measuring Weight: channel: 81, sat: 0.10940706, max: 0.10942042
[07/18/26 13:28:29.908] [I] 	Measuring Weight: channel: 82, sat: 0.12369605, max: 0.123711154
[07/18/26 13:28:29.910] [I] 	Measuring Weight: channel: 83, sat: 0.07348072, max: 0.07348969
[07/18/26 13:28:29.913] [I] 	Measuring Weight: channel: 84, sat: 0.066493906, max: 0.06650203
[07/18/26 13:28:29.915] [I] 	Measuring Weight: channel: 85, sat: 0.09963146, max: 0.09964362
[07/18/26 13:28:29.917] [I] 	Measuring Weight: channel: 86, sat: 0.13419357, max: 0.13420995
[07/18/26 13:28:29.920] [I] 	Measuring Weight: channel: 87, sat: 0.12609424, max: 0.12610963
[07/18/26 13:28:29.922] [I] 	Measuring Weight: channel: 88, sat: 0.12784404, max: 0.12785964
[07/18/26 13:28:29.925] [I] 	Measuring Weight: channel: 89, sat: 0.03924204, max: 0.039246827
[07/18/26 13:28:29.927] [I] 	Measuring Weight: channel: 90, sat: 0.08602084, max: 0.08603134
[07/18/26 13:28:29.930] [I] 	Measuring Weight: channel: 91, sat: 0.07803126, max: 0.078040786
[07/18/26 13:28:29.932] [I] 	Measuring Weight: channel: 92, sat: 0.106590725, max: 0.106603734
[07/18/26 13:28:29.934] [I] 	Measuring Weight: channel: 93, sat: 0.02194198, max: 0.021944659
[07/18/26 13:28:29.937] [I] 	Measuring Weight: channel: 94, sat: 0.08166288, max: 0.08167285
[07/18/26 13:28:29.939] [I] 	Measuring Weight: channel: 95, sat: 0.11509552, max: 0.11510957
[07/18/26 13:28:29.942] [I] 	Measuring Weight: channel: 96, sat: 0.14368226, max: 0.1436998
[07/18/26 13:28:29.944] [I] 	Measuring Weight: channel: 97, sat: 0.062141843, max: 0.062149428
[07/18/26 13:28:29.947] [I] 	Measuring Weight: channel: 98, sat: 0.15985876, max: 0.15987828
[07/18/26 13:28:29.949] [I] 	Measuring Weight: channel: 99, sat: 0.03902863, max: 0.03903339
[07/18/26 13:28:29.952] [I] 	Measuring Weight: channel: 100, sat: 0.057447847, max: 0.057454858
[07/18/26 13:28:29.954] [I] 	Measuring Weight: channel: 101, sat: 0.14660366, max: 0.14662156
[07/18/26 13:28:29.956] [I] 	Measuring Weight: channel: 102, sat: 0.18895686, max: 0.18897991
[07/18/26 13:28:29.959] [I] 	Measuring Weight: channel: 103, sat: 0.14083488, max: 0.14085206
[07/18/26 13:28:29.961] [I] 	Measuring Weight: channel: 104, sat: 0.12018915, max: 0.12020382
[07/18/26 13:28:29.964] [I] 	Measuring Weight: channel: 105, sat: 0.07779664, max: 0.07780614
[07/18/26 13:28:29.966] [I] 	Measuring Weight: channel: 106, sat: 0.18102539, max: 0.18104748
[07/18/26 13:28:29.968] [I] 	Measuring Weight: channel: 107, sat: 0.09568633, max: 0.09569801
[07/18/26 13:28:29.971] [I] 	Measuring Weight: channel: 108, sat: 0.1269652, max: 0.12698069
[07/18/26 13:28:29.973] [I] 	Measuring Weight: channel: 109, sat: 0.11070906, max: 0.11072257
[07/18/26 13:28:29.976] [I] 	Measuring Weight: channel: 110, sat: 0.05526429, max: 0.055271033
[07/18/26 13:28:29.978] [I] 	Measuring Weight: channel: 111, sat: 0.16417964, max: 0.16419968
[07/18/26 13:28:29.980] [I] 	Measuring Weight: channel: 112, sat: 0.06211628, max: 0.06212386
[07/18/26 13:28:29.983] [I] 	Measuring Weight: channel: 113, sat: 0.04160922, max: 0.0416143
[07/18/26 13:28:29.985] [I] 	Measuring Weight: channel: 114, sat: 0.08059101, max: 0.08060084
[07/18/26 13:28:29.987] [I] 	Measuring Weight: channel: 115, sat: 0.06829586, max: 0.068304196
[07/18/26 13:28:29.990] [I] 	Measuring Weight: channel: 116, sat: 0.042026293, max: 0.042031422
[07/18/26 13:28:29.992] [I] 	Measuring Weight: channel: 117, sat: 0.09297507, max: 0.09298642
[07/18/26 13:28:29.995] [I] 	Measuring Weight: channel: 118, sat: 0.06923566, max: 0.06924411
[07/18/26 13:28:29.997] [I] 	Measuring Weight: channel: 119, sat: 0.17117424, max: 0.17119513
[07/18/26 13:28:29.999] [I] 	Measuring Weight: channel: 120, sat: 0.06672945, max: 0.06673759
[07/18/26 13:28:30.002] [I] 	Measuring Weight: channel: 121, sat: 0.060400877, max: 0.06040825
[07/18/26 13:28:30.004] [I] 	Measuring Weight: channel: 122, sat: 0.083736636, max: 0.08374686
[07/18/26 13:28:30.006] [I] 	Measuring Weight: channel: 123, sat: 0.20743723, max: 0.20746255
[07/18/26 13:28:30.009] [I] 	Measuring Weight: channel: 124, sat: 0.1368256, max: 0.1368423
[07/18/26 13:28:30.011] [I] 	Measuring Weight: channel: 125, sat: 0.08617021, max: 0.086180724
[07/18/26 13:28:30.014] [I] 	Measuring Weight: channel: 126, sat: 0.07924399, max: 0.07925366
[07/18/26 13:28:30.016] [I] 	Measuring Weight: channel: 127, sat: 0.06777952, max: 0.067787796
[07/18/26 13:28:30.018] [I] 	Measuring Weight: channel: 128, sat: 0.10261897, max: 0.102631494
[07/18/26 13:28:30.021] [I] 	Measuring Weight: channel: 129, sat: 0.07151073, max: 0.071519464
[07/18/26 13:28:30.023] [I] 	Measuring Weight: channel: 130, sat: 0.119119555, max: 0.1191341
[07/18/26 13:28:30.026] [I] 	Measuring Weight: channel: 131, sat: 0.052879583, max: 0.052886035
[07/18/26 13:28:30.028] [I] 	Measuring Weight: channel: 132, sat: 0.0697104, max: 0.06971891
[07/18/26 13:28:30.031] [I] 	Measuring Weight: channel: 133, sat: 0.03790099, max: 0.03790562
[07/18/26 13:28:30.033] [I] 	Measuring Weight: channel: 134, sat: 0.03633353, max: 0.036337968
[07/18/26 13:28:30.035] [I] 	Measuring Weight: channel: 135, sat: 0.074769095, max: 0.07477822
[07/18/26 13:28:30.038] [I] 	Measuring Weight: channel: 136, sat: 0.09085443, max: 0.09086552
[07/18/26 13:28:30.040] [I] 	Measuring Weight: channel: 137, sat: 0.0682929, max: 0.06830124
[07/18/26 13:28:30.043] [I] 	Measuring Weight: channel: 138, sat: 0.10415198, max: 0.10416469
[07/18/26 13:28:30.045] [I] 	Measuring Weight: channel: 139, sat: 0.047194302, max: 0.047200065
[07/18/26 13:28:30.047] [I] 	Measuring Weight: channel: 140, sat: 0.102951415, max: 0.10296398
[07/18/26 13:28:30.050] [I] 	Measuring Weight: channel: 141, sat: 0.112916574, max: 0.11293036
[07/18/26 13:28:30.052] [I] 	Measuring Weight: channel: 142, sat: 0.088156424, max: 0.08816718
[07/18/26 13:28:30.055] [I] 	Measuring Weight: channel: 143, sat: 0.108130924, max: 0.10814413
[07/18/26 13:28:30.057] [I] 	Measuring Weight: channel: 144, sat: 0.061848763, max: 0.061856315
[07/18/26 13:28:30.059] [I] 	Measuring Weight: channel: 145, sat: 0.081578545, max: 0.08158851
[07/18/26 13:28:30.062] [I] 	Measuring Weight: channel: 146, sat: 0.11675954, max: 0.11677379
[07/18/26 13:28:30.064] [I] 	Measuring Weight: channel: 147, sat: 0.062152557, max: 0.062160145
[07/18/26 13:28:30.067] [I] 	Measuring Weight: channel: 148, sat: 0.08894952, max: 0.08896037
[07/18/26 13:28:30.069] [I] 	Measuring Weight: channel: 149, sat: 0.035322417, max: 0.03532673
[07/18/26 13:28:30.071] [I] 	Measuring Weight: channel: 150, sat: 0.08200523, max: 0.082015246
[07/18/26 13:28:30.074] [I] 	Measuring Weight: channel: 151, sat: 0.046073932, max: 0.046079554
[07/18/26 13:28:30.076] [I] 	Measuring Weight: channel: 152, sat: 0.07652079, max: 0.07653013
[07/18/26 13:28:30.079] [I] 	Measuring Weight: channel: 153, sat: 0.07710759, max: 0.077117
[07/18/26 13:28:30.081] [I] 	Measuring Weight: channel: 154, sat: 0.062089697, max: 0.062097277
[07/18/26 13:28:30.083] [I] 	Measuring Weight: channel: 155, sat: 0.16324233, max: 0.16326225
[07/18/26 13:28:30.086] [I] 	Measuring Weight: channel: 156, sat: 0.06871524, max: 0.06872362
[07/18/26 13:28:30.088] [I] 	Measuring Weight: channel: 157, sat: 0.06515358, max: 0.06516153
[07/18/26 13:28:30.091] [I] 	Measuring Weight: channel: 158, sat: 0.035085447, max: 0.035089727
[07/18/26 13:28:30.093] [I] 	Measuring Weight: channel: 159, sat: 0.052852295, max: 0.052858744
[07/18/26 13:28:30.096] [I] 	Measuring Weight: channel: 160, sat: 0.10170999, max: 0.101722404
[07/18/26 13:28:30.098] [I] 	Measuring Weight: channel: 161, sat: 0.063909866, max: 0.06391767
[07/18/26 13:28:30.100] [I] 	Measuring Weight: channel: 162, sat: 0.20934188, max: 0.20936742
[07/18/26 13:28:30.103] [I] 	Measuring Weight: channel: 163, sat: 0.109958164, max: 0.10997159
[07/18/26 13:28:30.105] [I] 	Measuring Weight: channel: 164, sat: 0.14998011, max: 0.14999843
[07/18/26 13:28:30.108] [I] 	Measuring Weight: channel: 165, sat: 0.097441465, max: 0.09745336
[07/18/26 13:28:30.110] [I] 	Measuring Weight: channel: 166, sat: 0.20522624, max: 0.20525129
[07/18/26 13:28:30.113] [I] 	Measuring Weight: channel: 167, sat: 0.11879839, max: 0.11881289
[07/18/26 13:28:30.115] [I] 	Measuring Weight: channel: 168, sat: 0.18403864, max: 0.18406111
[07/18/26 13:28:30.118] [I] 	Measuring Weight: channel: 169, sat: 0.22891112, max: 0.22893906
[07/18/26 13:28:30.120] [I] 	Measuring Weight: channel: 170, sat: 0.07284736, max: 0.072856255
[07/18/26 13:28:30.123] [I] 	Measuring Weight: channel: 171, sat: 0.2801184, max: 0.2801526
[07/18/26 13:28:30.125] [I] 	Measuring Weight: channel: 172, sat: 0.13233936, max: 0.13235551
[07/18/26 13:28:30.128] [I] 	Measuring Weight: channel: 173, sat: 0.026745873, max: 0.026749136
[07/18/26 13:28:30.130] [I] 	Measuring Weight: channel: 174, sat: 0.085676976, max: 0.08568743
[07/18/26 13:28:30.133] [I] 	Measuring Weight: channel: 175, sat: 0.05165988, max: 0.05166618
[07/18/26 13:28:30.136] [I] 	Measuring Weight: channel: 176, sat: 0.15112787, max: 0.15114632
[07/18/26 13:28:30.138] [I] 	Measuring Weight: channel: 177, sat: 0.14502195, max: 0.14503965
[07/18/26 13:28:30.141] [I] 	Measuring Weight: channel: 178, sat: 0.12478153, max: 0.124796756
[07/18/26 13:28:30.143] [I] 	Measuring Weight: channel: 179, sat: 0.06767475, max: 0.067683004
[07/18/26 13:28:30.146] [I] 	Measuring Weight: channel: 180, sat: 0.066761054, max: 0.0667692
[07/18/26 13:28:30.148] [I] 	Measuring Weight: channel: 181, sat: 0.076832235, max: 0.07684161
[07/18/26 13:28:30.151] [I] 	Measuring Weight: channel: 182, sat: 0.06918724, max: 0.06919569
[07/18/26 13:28:30.153] [I] 	Measuring Weight: channel: 183, sat: 0.13577211, max: 0.13578868
[07/18/26 13:28:30.156] [I] 	Measuring Weight: channel: 184, sat: 0.024187231, max: 0.024190184
[07/18/26 13:28:30.158] [I] 	Measuring Weight: channel: 185, sat: 0.024334993, max: 0.024337962
[07/18/26 13:28:30.161] [I] 	Measuring Weight: channel: 186, sat: 0.03696907, max: 0.036973584
[07/18/26 13:28:30.163] [I] 	Measuring Weight: channel: 187, sat: 0.0657288, max: 0.06573682
[07/18/26 13:28:30.166] [I] 	Measuring Weight: channel: 188, sat: 0.057793826, max: 0.057800878
[07/18/26 13:28:30.168] [I] 	Measuring Weight: channel: 189, sat: 0.06966824, max: 0.06967675
[07/18/26 13:28:30.171] [I] 	Measuring Weight: channel: 190, sat: 0.13758388, max: 0.13760068
[07/18/26 13:28:30.173] [I] 	Measuring Weight: channel: 191, sat: 0.11269376, max: 0.11270751
[07/18/26 13:28:30.175] [I] 	Measuring Weight: channel: 192, sat: 0.07087765, max: 0.0708863
[07/18/26 13:28:30.186] [I] Quantizing Op Id: 16, Type: icraft::xir::AddNode
[07/18/26 13:28:30.186] [I] Quantizing Op Id: 17, Type: icraft::xir::ReLUNode
[07/18/26 13:28:30.186] [I] Quantizing Op Id: 18, Type: icraft::xir::Conv2dNode
[07/18/26 13:28:30.199] [I] 	Measuring Weight: channel: 1, sat: 0.034268856, max: 0.03427304
[07/18/26 13:28:30.202] [I] 	Measuring Weight: channel: 2, sat: 0.08797856, max: 0.0879893
[07/18/26 13:28:30.205] [I] 	Measuring Weight: channel: 3, sat: 0.064850055, max: 0.064857975
[07/18/26 13:28:30.208] [I] 	Measuring Weight: channel: 4, sat: 0.062164202, max: 0.062171787
[07/18/26 13:28:30.211] [I] 	Measuring Weight: channel: 5, sat: 0.092360534, max: 0.09237181
[07/18/26 13:28:30.214] [I] 	Measuring Weight: channel: 6, sat: 0.057020992, max: 0.05702795
[07/18/26 13:28:30.217] [I] 	Measuring Weight: channel: 7, sat: 0.08094613, max: 0.08095601
[07/18/26 13:28:30.219] [I] 	Measuring Weight: channel: 8, sat: 0.04221333, max: 0.04221848
[07/18/26 13:28:30.222] [I] 	Measuring Weight: channel: 9, sat: 0.07416227, max: 0.07417132
[07/18/26 13:28:30.225] [I] 	Measuring Weight: channel: 10, sat: 0.037211206, max: 0.037215747
[07/18/26 13:28:30.228] [I] 	Measuring Weight: channel: 11, sat: 0.15160589, max: 0.1516244
[07/18/26 13:28:30.231] [I] 	Measuring Weight: channel: 12, sat: 0.021743104, max: 0.021745758
[07/18/26 13:28:30.234] [I] 	Measuring Weight: channel: 13, sat: 0.039358824, max: 0.039363626
[07/18/26 13:28:30.237] [I] 	Measuring Weight: channel: 14, sat: 0.0976885, max: 0.09770043
[07/18/26 13:28:30.240] [I] 	Measuring Weight: channel: 15, sat: 0.041160252, max: 0.041165274
[07/18/26 13:28:30.243] [I] 	Measuring Weight: channel: 16, sat: 0.07510849, max: 0.07511766
[07/18/26 13:28:30.246] [I] 	Measuring Weight: channel: 17, sat: 0.04463991, max: 0.044645358
[07/18/26 13:28:30.249] [I] 	Measuring Weight: channel: 18, sat: 0.06650898, max: 0.06651709
[07/18/26 13:28:30.253] [I] 	Measuring Weight: channel: 19, sat: 0.030883104, max: 0.030886872
[07/18/26 13:28:30.256] [I] 	Measuring Weight: channel: 20, sat: 0.045915004, max: 0.04592061
[07/18/26 13:28:30.259] [I] 	Measuring Weight: channel: 21, sat: 0.06802176, max: 0.06803007
[07/18/26 13:28:30.262] [I] 	Measuring Weight: channel: 22, sat: 0.059185658, max: 0.05919288
[07/18/26 13:28:30.265] [I] 	Measuring Weight: channel: 23, sat: 0.057302862, max: 0.05730986
[07/18/26 13:28:30.268] [I] 	Measuring Weight: channel: 24, sat: 0.045309898, max: 0.045315426
[07/18/26 13:28:30.271] [I] 	Measuring Weight: channel: 25, sat: 0.037138175, max: 0.03714271
[07/18/26 13:28:30.275] [I] 	Measuring Weight: channel: 26, sat: 0.057518337, max: 0.057525355
[07/18/26 13:28:30.278] [I] 	Measuring Weight: channel: 27, sat: 0.03537133, max: 0.035375647
[07/18/26 13:28:30.280] [I] 	Measuring Weight: channel: 28, sat: 0.058638316, max: 0.058645472
[07/18/26 13:28:30.284] [I] 	Measuring Weight: channel: 29, sat: 0.045899183, max: 0.045904785
[07/18/26 13:28:30.286] [I] 	Measuring Weight: channel: 30, sat: 0.051754363, max: 0.051760677
[07/18/26 13:28:30.289] [I] 	Measuring Weight: channel: 31, sat: 0.02977951, max: 0.029783146
[07/18/26 13:28:30.292] [I] 	Measuring Weight: channel: 32, sat: 0.056673907, max: 0.056680825
[07/18/26 13:28:30.295] [I] 	Measuring Weight: channel: 33, sat: 0.031391446, max: 0.031395275
[07/18/26 13:28:30.298] [I] 	Measuring Weight: channel: 34, sat: 0.09486414, max: 0.094875716
[07/18/26 13:28:30.300] [I] 	Measuring Weight: channel: 35, sat: 0.0704463, max: 0.070454895
[07/18/26 13:28:30.303] [I] 	Measuring Weight: channel: 36, sat: 0.11599241, max: 0.11600657
[07/18/26 13:28:30.305] [I] 	Measuring Weight: channel: 37, sat: 0.0585034, max: 0.058510542
[07/18/26 13:28:30.308] [I] 	Measuring Weight: channel: 38, sat: 0.0170325, max: 0.017034579
[07/18/26 13:28:30.311] [I] 	Measuring Weight: channel: 39, sat: 0.05738224, max: 0.057389244
[07/18/26 13:28:30.313] [I] 	Measuring Weight: channel: 40, sat: 0.150678, max: 0.15069638
[07/18/26 13:28:30.316] [I] 	Measuring Weight: channel: 41, sat: 0.0924525, max: 0.09246378
[07/18/26 13:28:30.318] [I] 	Measuring Weight: channel: 42, sat: 0.05025962, max: 0.05026575
[07/18/26 13:28:30.321] [I] 	Measuring Weight: channel: 43, sat: 0.057444572, max: 0.057451583
[07/18/26 13:28:30.323] [I] 	Measuring Weight: channel: 44, sat: 0.03862599, max: 0.0386307
[07/18/26 13:28:30.326] [I] 	Measuring Weight: channel: 45, sat: 0.103514366, max: 0.103527
[07/18/26 13:28:30.328] [I] 	Measuring Weight: channel: 46, sat: 0.031193582, max: 0.03119739
[07/18/26 13:28:30.331] [I] 	Measuring Weight: channel: 47, sat: 0.028746698, max: 0.028750205
[07/18/26 13:28:30.333] [I] 	Measuring Weight: channel: 48, sat: 0.04091502, max: 0.04092001
[07/18/26 13:28:30.336] [I] 	Measuring Weight: channel: 49, sat: 0.12268895, max: 0.122703925
[07/18/26 13:28:30.338] [I] 	Measuring Weight: channel: 50, sat: 0.05166611, max: 0.051672418
[07/18/26 13:28:30.341] [I] 	Measuring Weight: channel: 51, sat: 0.023861106, max: 0.023864018
[07/18/26 13:28:30.343] [I] 	Measuring Weight: channel: 52, sat: 0.126751, max: 0.12676647
[07/18/26 13:28:30.346] [I] 	Measuring Weight: channel: 53, sat: 0.036984015, max: 0.036988527
[07/18/26 13:28:30.348] [I] 	Measuring Weight: channel: 54, sat: 0.049178082, max: 0.049184088
[07/18/26 13:28:30.351] [I] 	Measuring Weight: channel: 55, sat: 0.10480525, max: 0.104818046
[07/18/26 13:28:30.353] [I] 	Measuring Weight: channel: 56, sat: 0.02687352, max: 0.0268768
[07/18/26 13:28:30.356] [I] 	Measuring Weight: channel: 57, sat: 0.09607721, max: 0.09608894
[07/18/26 13:28:30.359] [I] 	Measuring Weight: channel: 58, sat: 0.051304493, max: 0.051310755
[07/18/26 13:28:30.361] [I] 	Measuring Weight: channel: 59, sat: 0.0760078, max: 0.076017074
[07/18/26 13:28:30.364] [I] 	Measuring Weight: channel: 60, sat: 0.048793353, max: 0.048799306
[07/18/26 13:28:30.366] [I] 	Measuring Weight: channel: 61, sat: 0.053617448, max: 0.05362399
[07/18/26 13:28:30.369] [I] 	Measuring Weight: channel: 62, sat: 0.06512476, max: 0.06513271
[07/18/26 13:28:30.371] [I] 	Measuring Weight: channel: 63, sat: 0.08046488, max: 0.0804747
[07/18/26 13:28:30.374] [I] 	Measuring Weight: channel: 64, sat: 0.05636786, max: 0.05637474
[07/18/26 13:28:30.376] [I] 	Measuring Weight: channel: 65, sat: 0.054430753, max: 0.0544374
[07/18/26 13:28:30.379] [I] 	Measuring Weight: channel: 66, sat: 0.034826495, max: 0.034830745
[07/18/26 13:28:30.381] [I] 	Measuring Weight: channel: 67, sat: 0.04767699, max: 0.04768281
[07/18/26 13:28:30.384] [I] 	Measuring Weight: channel: 68, sat: 0.08793042, max: 0.087941155
[07/18/26 13:28:30.386] [I] 	Measuring Weight: channel: 69, sat: 0.030639682, max: 0.030643422
[07/18/26 13:28:30.388] [I] 	Measuring Weight: channel: 70, sat: 0.067566745, max: 0.06757499
[07/18/26 13:28:30.391] [I] 	Measuring Weight: channel: 71, sat: 0.06400048, max: 0.064008296
[07/18/26 13:28:30.393] [I] 	Measuring Weight: channel: 72, sat: 0.055490438, max: 0.05549721
[07/18/26 13:28:30.396] [I] 	Measuring Weight: channel: 73, sat: 0.06884502, max: 0.06885342
[07/18/26 13:28:30.398] [I] 	Measuring Weight: channel: 74, sat: 0.09832485, max: 0.09833685
[07/18/26 13:28:30.401] [I] 	Measuring Weight: channel: 75, sat: 0.033007026, max: 0.033011056
[07/18/26 13:28:30.403] [I] 	Measuring Weight: channel: 76, sat: 0.019764964, max: 0.019767376
[07/18/26 13:28:30.406] [I] 	Measuring Weight: channel: 77, sat: 0.05836146, max: 0.058368582
[07/18/26 13:28:30.408] [I] 	Measuring Weight: channel: 78, sat: 0.06515624, max: 0.06516419
[07/18/26 13:28:30.410] [I] 	Measuring Weight: channel: 79, sat: 0.03327345, max: 0.03327751
[07/18/26 13:28:30.413] [I] 	Measuring Weight: channel: 80, sat: 0.11607023, max: 0.116084404
[07/18/26 13:28:30.415] [I] 	Measuring Weight: channel: 81, sat: 0.040216614, max: 0.04022152
[07/18/26 13:28:30.418] [I] 	Measuring Weight: channel: 82, sat: 0.09394164, max: 0.0939531
[07/18/26 13:28:30.420] [I] 	Measuring Weight: channel: 83, sat: 0.06356118, max: 0.06356894
[07/18/26 13:28:30.423] [I] 	Measuring Weight: channel: 84, sat: 0.07138537, max: 0.071394086
[07/18/26 13:28:30.425] [I] 	Measuring Weight: channel: 85, sat: 0.070037685, max: 0.07004624
[07/18/26 13:28:30.428] [I] 	Measuring Weight: channel: 86, sat: 0.027649866, max: 0.027653242
[07/18/26 13:28:30.430] [I] 	Measuring Weight: channel: 87, sat: 0.042690992, max: 0.0426962
[07/18/26 13:28:30.433] [I] 	Measuring Weight: channel: 88, sat: 0.026079671, max: 0.026082855
[07/18/26 13:28:30.435] [I] 	Measuring Weight: channel: 89, sat: 0.038652264, max: 0.038656984
[07/18/26 13:28:30.438] [I] 	Measuring Weight: channel: 90, sat: 0.03350512, max: 0.03350921
[07/18/26 13:28:30.440] [I] 	Measuring Weight: channel: 91, sat: 0.083818175, max: 0.083828405
[07/18/26 13:28:30.443] [I] 	Measuring Weight: channel: 92, sat: 0.039907914, max: 0.039912783
[07/18/26 13:28:30.445] [I] 	Measuring Weight: channel: 93, sat: 0.029272959, max: 0.029276531
[07/18/26 13:28:30.448] [I] 	Measuring Weight: channel: 94, sat: 0.051158555, max: 0.0511648
[07/18/26 13:28:30.450] [I] 	Measuring Weight: channel: 95, sat: 0.106236555, max: 0.106249526
[07/18/26 13:28:30.453] [I] 	Measuring Weight: channel: 96, sat: 0.059716173, max: 0.05972346
[07/18/26 13:28:30.455] [I] 	Measuring Weight: channel: 97, sat: 0.049456947, max: 0.049462985
[07/18/26 13:28:30.458] [I] 	Measuring Weight: channel: 98, sat: 0.02832814, max: 0.028331598
[07/18/26 13:28:30.460] [I] 	Measuring Weight: channel: 99, sat: 0.08056373, max: 0.080573566
[07/18/26 13:28:30.463] [I] 	Measuring Weight: channel: 100, sat: 0.036274973, max: 0.0362794
[07/18/26 13:28:30.465] [I] 	Measuring Weight: channel: 101, sat: 0.09290862, max: 0.09291996
[07/18/26 13:28:30.468] [I] 	Measuring Weight: channel: 102, sat: 0.03250365, max: 0.032507617
[07/18/26 13:28:30.470] [I] 	Measuring Weight: channel: 103, sat: 0.06437935, max: 0.0643872
[07/18/26 13:28:30.473] [I] 	Measuring Weight: channel: 104, sat: 0.03373287, max: 0.033736985
[07/18/26 13:28:30.475] [I] 	Measuring Weight: channel: 105, sat: 0.07584244, max: 0.0758517
[07/18/26 13:28:30.478] [I] 	Measuring Weight: channel: 106, sat: 0.03159077, max: 0.031594627
[07/18/26 13:28:30.480] [I] 	Measuring Weight: channel: 107, sat: 0.054679606, max: 0.054686278
[07/18/26 13:28:30.483] [I] 	Measuring Weight: channel: 108, sat: 0.08228381, max: 0.08229385
[07/18/26 13:28:30.485] [I] 	Measuring Weight: channel: 109, sat: 0.04801858, max: 0.048024442
[07/18/26 13:28:30.488] [I] 	Measuring Weight: channel: 110, sat: 0.025010517, max: 0.02501357
[07/18/26 13:28:30.490] [I] 	Measuring Weight: channel: 111, sat: 0.060983732, max: 0.060991175
[07/18/26 13:28:30.493] [I] 	Measuring Weight: channel: 112, sat: 0.018616201, max: 0.018618474
[07/18/26 13:28:30.495] [I] 	Measuring Weight: channel: 113, sat: 0.02370759, max: 0.023710482
[07/18/26 13:28:30.497] [I] 	Measuring Weight: channel: 114, sat: 0.031716883, max: 0.031720754
[07/18/26 13:28:30.500] [I] 	Measuring Weight: channel: 115, sat: 0.072961405, max: 0.072970316
[07/18/26 13:28:30.502] [I] 	Measuring Weight: channel: 116, sat: 0.04556287, max: 0.045568433
[07/18/26 13:28:30.505] [I] 	Measuring Weight: channel: 117, sat: 0.04455962, max: 0.04456506
[07/18/26 13:28:30.507] [I] 	Measuring Weight: channel: 118, sat: 0.031319942, max: 0.031323764
[07/18/26 13:28:30.510] [I] 	Measuring Weight: channel: 119, sat: 0.044971075, max: 0.044976566
[07/18/26 13:28:30.512] [I] 	Measuring Weight: channel: 120, sat: 0.04170606, max: 0.04171115
[07/18/26 13:28:30.515] [I] 	Measuring Weight: channel: 121, sat: 0.040704202, max: 0.040709168
[07/18/26 13:28:30.517] [I] 	Measuring Weight: channel: 122, sat: 0.036796797, max: 0.036801286
[07/18/26 13:28:30.520] [I] 	Measuring Weight: channel: 123, sat: 0.093157776, max: 0.093169145
[07/18/26 13:28:30.522] [I] 	Measuring Weight: channel: 124, sat: 0.036795843, max: 0.036800332
[07/18/26 13:28:30.525] [I] 	Measuring Weight: channel: 125, sat: 0.018183399, max: 0.018185617
[07/18/26 13:28:30.527] [I] 	Measuring Weight: channel: 126, sat: 0.033005726, max: 0.033009756
[07/18/26 13:28:30.530] [I] 	Measuring Weight: channel: 127, sat: 0.023326274, max: 0.02332912
[07/18/26 13:28:30.532] [I] 	Measuring Weight: channel: 128, sat: 0.027861912, max: 0.027865311
[07/18/26 13:28:30.535] [I] 	Measuring Weight: channel: 129, sat: 0.036541067, max: 0.036545526
[07/18/26 13:28:30.537] [I] 	Measuring Weight: channel: 130, sat: 0.049634434, max: 0.04964049
[07/18/26 13:28:30.540] [I] 	Measuring Weight: channel: 131, sat: 0.09435935, max: 0.09437087
[07/18/26 13:28:30.542] [I] 	Measuring Weight: channel: 132, sat: 0.034468178, max: 0.034472387
[07/18/26 13:28:30.545] [I] 	Measuring Weight: channel: 133, sat: 0.04356383, max: 0.04356915
[07/18/26 13:28:30.547] [I] 	Measuring Weight: channel: 134, sat: 0.041747686, max: 0.04175278
[07/18/26 13:28:30.550] [I] 	Measuring Weight: channel: 135, sat: 0.057948112, max: 0.057955183
[07/18/26 13:28:30.552] [I] 	Measuring Weight: channel: 136, sat: 0.050375495, max: 0.05038164
[07/18/26 13:28:30.555] [I] 	Measuring Weight: channel: 137, sat: 0.033832073, max: 0.033836205
[07/18/26 13:28:30.557] [I] 	Measuring Weight: channel: 138, sat: 0.058169093, max: 0.058176193
[07/18/26 13:28:30.559] [I] 	Measuring Weight: channel: 139, sat: 0.03516839, max: 0.035172686
[07/18/26 13:28:30.562] [I] 	Measuring Weight: channel: 140, sat: 0.06500202, max: 0.06500995
[07/18/26 13:28:30.564] [I] 	Measuring Weight: channel: 141, sat: 0.08707801, max: 0.08708864
[07/18/26 13:28:30.567] [I] 	Measuring Weight: channel: 142, sat: 0.037976954, max: 0.037981592
[07/18/26 13:28:30.569] [I] 	Measuring Weight: channel: 143, sat: 0.025588855, max: 0.025591979
[07/18/26 13:28:30.572] [I] 	Measuring Weight: channel: 144, sat: 0.06823388, max: 0.06824221
[07/18/26 13:28:30.574] [I] 	Measuring Weight: channel: 145, sat: 0.031529732, max: 0.03153358
[07/18/26 13:28:30.577] [I] 	Measuring Weight: channel: 146, sat: 0.03397962, max: 0.03398377
[07/18/26 13:28:30.579] [I] 	Measuring Weight: channel: 147, sat: 0.061697427, max: 0.06170496
[07/18/26 13:28:30.581] [I] 	Measuring Weight: channel: 148, sat: 0.07356531, max: 0.07357429
[07/18/26 13:28:30.584] [I] 	Measuring Weight: channel: 149, sat: 0.043864064, max: 0.043869417
[07/18/26 13:28:30.586] [I] 	Measuring Weight: channel: 150, sat: 0.08197235, max: 0.08198236
[07/18/26 13:28:30.589] [I] 	Measuring Weight: channel: 151, sat: 0.12400743, max: 0.12402257
[07/18/26 13:28:30.591] [I] 	Measuring Weight: channel: 152, sat: 0.05090552, max: 0.050911732
[07/18/26 13:28:30.594] [I] 	Measuring Weight: channel: 153, sat: 0.065644965, max: 0.06565298
[07/18/26 13:28:30.596] [I] 	Measuring Weight: channel: 154, sat: 0.025084367, max: 0.025087427
[07/18/26 13:28:30.599] [I] 	Measuring Weight: channel: 155, sat: 0.025802542, max: 0.025805691
[07/18/26 13:28:30.601] [I] 	Measuring Weight: channel: 156, sat: 0.072776034, max: 0.072784916
[07/18/26 13:28:30.604] [I] 	Measuring Weight: channel: 157, sat: 0.064552814, max: 0.06456069
[07/18/26 13:28:30.606] [I] 	Measuring Weight: channel: 158, sat: 0.024234798, max: 0.024237756
[07/18/26 13:28:30.609] [I] 	Measuring Weight: channel: 159, sat: 0.09900782, max: 0.09901991
[07/18/26 13:28:30.611] [I] 	Measuring Weight: channel: 160, sat: 0.08737723, max: 0.0873879
[07/18/26 13:28:30.613] [I] 	Measuring Weight: channel: 161, sat: 0.03508208, max: 0.035086364
[07/18/26 13:28:30.616] [I] 	Measuring Weight: channel: 162, sat: 0.031378496, max: 0.031382326
[07/18/26 13:28:30.618] [I] 	Measuring Weight: channel: 163, sat: 0.065655224, max: 0.06566323
[07/18/26 13:28:30.621] [I] 	Measuring Weight: channel: 164, sat: 0.039930344, max: 0.03993522
[07/18/26 13:28:30.623] [I] 	Measuring Weight: channel: 165, sat: 0.04514044, max: 0.04514595
[07/18/26 13:28:30.626] [I] 	Measuring Weight: channel: 166, sat: 0.062184665, max: 0.062192257
[07/18/26 13:28:30.628] [I] 	Measuring Weight: channel: 167, sat: 0.05700226, max: 0.057009216
[07/18/26 13:28:30.631] [I] 	Measuring Weight: channel: 168, sat: 0.035083927, max: 0.03508821
[07/18/26 13:28:30.633] [I] 	Measuring Weight: channel: 169, sat: 0.032203324, max: 0.032207254
[07/18/26 13:28:30.636] [I] 	Measuring Weight: channel: 170, sat: 0.033898532, max: 0.033902667
[07/18/26 13:28:30.638] [I] 	Measuring Weight: channel: 171, sat: 0.066926844, max: 0.06693502
[07/18/26 13:28:30.641] [I] 	Measuring Weight: channel: 172, sat: 0.036470886, max: 0.036475338
[07/18/26 13:28:30.643] [I] 	Measuring Weight: channel: 173, sat: 0.052344035, max: 0.052350424
[07/18/26 13:28:30.646] [I] 	Measuring Weight: channel: 174, sat: 0.06113752, max: 0.06114498
[07/18/26 13:28:30.648] [I] 	Measuring Weight: channel: 175, sat: 0.1518562, max: 0.15187474
[07/18/26 13:28:30.651] [I] 	Measuring Weight: channel: 176, sat: 0.111432165, max: 0.11144577
[07/18/26 13:28:30.653] [I] 	Measuring Weight: channel: 177, sat: 0.042577256, max: 0.042582452
[07/18/26 13:28:30.656] [I] 	Measuring Weight: channel: 178, sat: 0.026117608, max: 0.026120797
[07/18/26 13:28:30.658] [I] 	Measuring Weight: channel: 179, sat: 0.07678238, max: 0.076791756
[07/18/26 13:28:30.661] [I] 	Measuring Weight: channel: 180, sat: 0.047120556, max: 0.047126308
[07/18/26 13:28:30.663] [I] 	Measuring Weight: channel: 181, sat: 0.024913456, max: 0.024916496
[07/18/26 13:28:30.666] [I] 	Measuring Weight: channel: 182, sat: 0.07307016, max: 0.07307908
[07/18/26 13:28:30.668] [I] 	Measuring Weight: channel: 183, sat: 0.034727126, max: 0.034731366
[07/18/26 13:28:30.671] [I] 	Measuring Weight: channel: 184, sat: 0.041315544, max: 0.041320585
[07/18/26 13:28:30.673] [I] 	Measuring Weight: channel: 185, sat: 0.043006677, max: 0.043011926
[07/18/26 13:28:30.676] [I] 	Measuring Weight: channel: 186, sat: 0.04507463, max: 0.045080133
[07/18/26 13:28:30.679] [I] 	Measuring Weight: channel: 187, sat: 0.04149991, max: 0.04150497
[07/18/26 13:28:30.681] [I] 	Measuring Weight: channel: 188, sat: 0.120435596, max: 0.120450296
[07/18/26 13:28:30.684] [I] 	Measuring Weight: channel: 189, sat: 0.037846383, max: 0.037851002
[07/18/26 13:28:30.686] [I] 	Measuring Weight: channel: 190, sat: 0.034582555, max: 0.034586776
[07/18/26 13:28:30.689] [I] 	Measuring Weight: channel: 191, sat: 0.052139424, max: 0.05214579
[07/18/26 13:28:30.691] [I] 	Measuring Weight: channel: 192, sat: 0.07563178, max: 0.07564101
[07/18/26 13:28:30.701] [I] Quantizing Op Id: 19, Type: icraft::xir::ReLUNode
[07/18/26 13:28:30.701] [I] Quantizing Op Id: 20, Type: icraft::xir::Conv2dNode
[07/18/26 13:28:30.710] [I] 	Measuring Weight: channel: 1, sat: 0.17700271, max: 0.17702432
[07/18/26 13:28:30.713] [I] 	Measuring Weight: channel: 2, sat: 0.17746788, max: 0.17748953
[07/18/26 13:28:30.716] [I] 	Measuring Weight: channel: 3, sat: 0.11283816, max: 0.112851925
[07/18/26 13:28:30.719] [I] 	Measuring Weight: channel: 4, sat: 0.23691581, max: 0.23694472
[07/18/26 13:28:30.722] [I] 	Measuring Weight: channel: 5, sat: 0.12242228, max: 0.12243722
[07/18/26 13:28:30.725] [I] 	Measuring Weight: channel: 6, sat: 0.18402295, max: 0.18404542
[07/18/26 13:28:30.728] [I] 	Measuring Weight: channel: 7, sat: 0.14641158, max: 0.14642946
[07/18/26 13:28:30.731] [I] 	Measuring Weight: channel: 8, sat: 0.1311253, max: 0.1311413
[07/18/26 13:28:30.734] [I] 	Measuring Weight: channel: 9, sat: 0.11923574, max: 0.1192503
[07/18/26 13:28:30.736] [I] 	Measuring Weight: channel: 10, sat: 0.22712643, max: 0.22715417
[07/18/26 13:28:30.740] [I] 	Measuring Weight: channel: 11, sat: 0.2377689, max: 0.23779792
[07/18/26 13:28:30.743] [I] 	Measuring Weight: channel: 12, sat: 0.10978529, max: 0.109798685
[07/18/26 13:28:30.746] [I] 	Measuring Weight: channel: 13, sat: 0.24701542, max: 0.24704558
[07/18/26 13:28:30.749] [I] 	Measuring Weight: channel: 14, sat: 0.21139988, max: 0.21142568
[07/18/26 13:28:30.752] [I] 	Measuring Weight: channel: 15, sat: 0.18690889, max: 0.1869317
[07/18/26 13:28:30.755] [I] 	Measuring Weight: channel: 16, sat: 0.15680218, max: 0.15682133
[07/18/26 13:28:30.758] [I] 	Measuring Weight: channel: 17, sat: 0.24140087, max: 0.24143034
[07/18/26 13:28:30.761] [I] 	Measuring Weight: channel: 18, sat: 0.20033705, max: 0.2003615
[07/18/26 13:28:30.764] [I] 	Measuring Weight: channel: 19, sat: 0.28366387, max: 0.28369847
[07/18/26 13:28:30.767] [I] 	Measuring Weight: channel: 20, sat: 0.07438282, max: 0.074391894
[07/18/26 13:28:30.770] [I] 	Measuring Weight: channel: 21, sat: 0.083426245, max: 0.08343642
[07/18/26 13:28:30.773] [I] 	Measuring Weight: channel: 22, sat: 0.10441332, max: 0.10442607
[07/18/26 13:28:30.776] [I] 	Measuring Weight: channel: 23, sat: 0.1761339, max: 0.17615539
[07/18/26 13:28:30.780] [I] 	Measuring Weight: channel: 24, sat: 0.14491905, max: 0.14493674
[07/18/26 13:28:30.783] [I] 	Measuring Weight: channel: 25, sat: 0.17948094, max: 0.17950284
[07/18/26 13:28:30.785] [I] 	Measuring Weight: channel: 26, sat: 0.249144, max: 0.2491744
[07/18/26 13:28:30.788] [I] 	Measuring Weight: channel: 27, sat: 0.07039526, max: 0.07040385
[07/18/26 13:28:30.791] [I] 	Measuring Weight: channel: 28, sat: 0.46825737, max: 0.4683145
[07/18/26 13:28:30.794] [I] 	Measuring Weight: channel: 29, sat: 0.24002774, max: 0.24005704
[07/18/26 13:28:30.797] [I] 	Measuring Weight: channel: 30, sat: 0.12919134, max: 0.1292071
[07/18/26 13:28:30.800] [I] 	Measuring Weight: channel: 31, sat: 0.08665842, max: 0.08666899
[07/18/26 13:28:30.803] [I] 	Measuring Weight: channel: 32, sat: 0.094893806, max: 0.094905384
[07/18/26 13:28:30.806] [I] 	Measuring Weight: channel: 33, sat: 0.07740132, max: 0.077410765
[07/18/26 13:28:30.809] [I] 	Measuring Weight: channel: 34, sat: 0.120800555, max: 0.1208153
[07/18/26 13:28:30.812] [I] 	Measuring Weight: channel: 35, sat: 0.071246974, max: 0.07125567
[07/18/26 13:28:30.815] [I] 	Measuring Weight: channel: 36, sat: 0.2931704, max: 0.29320616
[07/18/26 13:28:30.818] [I] 	Measuring Weight: channel: 37, sat: 0.27163014, max: 0.2716633
[07/18/26 13:28:30.821] [I] 	Measuring Weight: channel: 38, sat: 0.22136708, max: 0.22139409
[07/18/26 13:28:30.823] [I] 	Measuring Weight: channel: 39, sat: 0.070538126, max: 0.07054673
[07/18/26 13:28:30.826] [I] 	Measuring Weight: channel: 40, sat: 0.24652278, max: 0.24655288
[07/18/26 13:28:30.829] [I] 	Measuring Weight: channel: 41, sat: 0.1528727, max: 0.15289135
[07/18/26 13:28:30.831] [I] 	Measuring Weight: channel: 42, sat: 0.17659287, max: 0.17661443
[07/18/26 13:28:30.834] [I] 	Measuring Weight: channel: 43, sat: 0.14961934, max: 0.1496376
[07/18/26 13:28:30.837] [I] 	Measuring Weight: channel: 44, sat: 0.14469497, max: 0.14471263
[07/18/26 13:28:30.839] [I] 	Measuring Weight: channel: 45, sat: 0.10911112, max: 0.109124444
[07/18/26 13:28:30.842] [I] 	Measuring Weight: channel: 46, sat: 0.13460274, max: 0.13461916
[07/18/26 13:28:30.845] [I] 	Measuring Weight: channel: 47, sat: 0.08948583, max: 0.089496754
[07/18/26 13:28:30.848] [I] 	Measuring Weight: channel: 48, sat: 0.059760496, max: 0.05976779
[07/18/26 13:28:30.851] [I] 	Measuring Weight: channel: 49, sat: 0.050624244, max: 0.05063042
[07/18/26 13:28:30.853] [I] 	Measuring Weight: channel: 50, sat: 0.19709513, max: 0.19711919
[07/18/26 13:28:30.856] [I] 	Measuring Weight: channel: 51, sat: 0.19391252, max: 0.1939362
[07/18/26 13:28:30.858] [I] 	Measuring Weight: channel: 52, sat: 0.19457951, max: 0.19460326
[07/18/26 13:28:30.861] [I] 	Measuring Weight: channel: 53, sat: 0.05975983, max: 0.059767123
[07/18/26 13:28:30.863] [I] 	Measuring Weight: channel: 54, sat: 0.06709059, max: 0.06709878
[07/18/26 13:28:30.866] [I] 	Measuring Weight: channel: 55, sat: 0.19252788, max: 0.19255137
[07/18/26 13:28:30.868] [I] 	Measuring Weight: channel: 56, sat: 0.16532215, max: 0.16534233
[07/18/26 13:28:30.871] [I] 	Measuring Weight: channel: 57, sat: 0.118918, max: 0.118932515
[07/18/26 13:28:30.873] [I] 	Measuring Weight: channel: 58, sat: 0.104411446, max: 0.10442419
[07/18/26 13:28:30.876] [I] 	Measuring Weight: channel: 59, sat: 0.12509802, max: 0.12511328
[07/18/26 13:28:30.878] [I] 	Measuring Weight: channel: 60, sat: 0.12489102, max: 0.124906264
[07/18/26 13:28:30.881] [I] 	Measuring Weight: channel: 61, sat: 0.13170199, max: 0.13171807
[07/18/26 13:28:30.883] [I] 	Measuring Weight: channel: 62, sat: 0.06572808, max: 0.06573611
[07/18/26 13:28:30.886] [I] 	Measuring Weight: channel: 63, sat: 0.10486338, max: 0.10487618
[07/18/26 13:28:30.888] [I] 	Measuring Weight: channel: 64, sat: 0.26068008, max: 0.26071188
[07/18/26 13:28:30.891] [I] 	Measuring Weight: channel: 65, sat: 0.076009355, max: 0.07601863
[07/18/26 13:28:30.893] [I] 	Measuring Weight: channel: 66, sat: 0.22435108, max: 0.22437845
[07/18/26 13:28:30.896] [I] 	Measuring Weight: channel: 67, sat: 0.19819586, max: 0.19822006
[07/18/26 13:28:30.898] [I] 	Measuring Weight: channel: 68, sat: 0.1863631, max: 0.18638584
[07/18/26 13:28:30.901] [I] 	Measuring Weight: channel: 69, sat: 0.16537489, max: 0.16539507
[07/18/26 13:28:30.903] [I] 	Measuring Weight: channel: 70, sat: 0.1654043, max: 0.1654245
[07/18/26 13:28:30.906] [I] 	Measuring Weight: channel: 71, sat: 0.23102471, max: 0.23105292
[07/18/26 13:28:30.908] [I] 	Measuring Weight: channel: 72, sat: 0.15590404, max: 0.15592307
[07/18/26 13:28:30.911] [I] 	Measuring Weight: channel: 73, sat: 0.15838955, max: 0.1584089
[07/18/26 13:28:30.913] [I] 	Measuring Weight: channel: 74, sat: 0.13690823, max: 0.13692495
[07/18/26 13:28:30.915] [I] 	Measuring Weight: channel: 75, sat: 0.28468588, max: 0.28472063
[07/18/26 13:28:30.918] [I] 	Measuring Weight: channel: 76, sat: 0.27919927, max: 0.27923337
[07/18/26 13:28:30.921] [I] 	Measuring Weight: channel: 77, sat: 0.19140771, max: 0.19143108
[07/18/26 13:28:30.923] [I] 	Measuring Weight: channel: 78, sat: 0.23307401, max: 0.23310246
[07/18/26 13:28:30.926] [I] 	Measuring Weight: channel: 79, sat: 0.17573723, max: 0.17575869
[07/18/26 13:28:30.928] [I] 	Measuring Weight: channel: 80, sat: 0.11839676, max: 0.118411206
[07/18/26 13:28:30.931] [I] 	Measuring Weight: channel: 81, sat: 0.11523521, max: 0.115249276
[07/18/26 13:28:30.933] [I] 	Measuring Weight: channel: 82, sat: 0.11999634, max: 0.12001099
[07/18/26 13:28:30.936] [I] 	Measuring Weight: channel: 83, sat: 0.16457024, max: 0.16459033
[07/18/26 13:28:30.938] [I] 	Measuring Weight: channel: 84, sat: 0.097265996, max: 0.09727787
[07/18/26 13:28:30.941] [I] 	Measuring Weight: channel: 85, sat: 0.19148315, max: 0.19150653
[07/18/26 13:28:30.944] [I] 	Measuring Weight: channel: 86, sat: 0.123013854, max: 0.12302887
[07/18/26 13:28:30.946] [I] 	Measuring Weight: channel: 87, sat: 0.12305243, max: 0.12306745
[07/18/26 13:28:30.949] [I] 	Measuring Weight: channel: 88, sat: 0.18532659, max: 0.18534921
[07/18/26 13:28:30.951] [I] 	Measuring Weight: channel: 89, sat: 0.0972992, max: 0.09731108
[07/18/26 13:28:30.954] [I] 	Measuring Weight: channel: 90, sat: 0.3571975, max: 0.3572411
[07/18/26 13:28:30.956] [I] 	Measuring Weight: channel: 91, sat: 0.22615081, max: 0.22617842
[07/18/26 13:28:30.959] [I] 	Measuring Weight: channel: 92, sat: 0.23263422, max: 0.2326626
[07/18/26 13:28:30.961] [I] 	Measuring Weight: channel: 93, sat: 0.09561903, max: 0.095630705
[07/18/26 13:28:30.964] [I] 	Measuring Weight: channel: 94, sat: 0.13302112, max: 0.13303734
[07/18/26 13:28:30.966] [I] 	Measuring Weight: channel: 95, sat: 0.3404533, max: 0.34049487
[07/18/26 13:28:30.969] [I] 	Measuring Weight: channel: 96, sat: 0.21512811, max: 0.21515436
[07/18/26 13:28:30.971] [I] 	Measuring Weight: channel: 97, sat: 0.17608488, max: 0.17610638
[07/18/26 13:28:30.974] [I] 	Measuring Weight: channel: 98, sat: 0.20598632, max: 0.20601146
[07/18/26 13:28:30.976] [I] 	Measuring Weight: channel: 99, sat: 0.12777494, max: 0.12779053
[07/18/26 13:28:30.978] [I] 	Measuring Weight: channel: 100, sat: 0.17553386, max: 0.17555529
[07/18/26 13:28:30.981] [I] 	Measuring Weight: channel: 101, sat: 0.13336474, max: 0.13338102
[07/18/26 13:28:30.983] [I] 	Measuring Weight: channel: 102, sat: 0.13870919, max: 0.13872612
[07/18/26 13:28:30.986] [I] 	Measuring Weight: channel: 103, sat: 0.14737765, max: 0.14739564
[07/18/26 13:28:30.988] [I] 	Measuring Weight: channel: 104, sat: 0.12314797, max: 0.12316301
[07/18/26 13:28:30.991] [I] 	Measuring Weight: channel: 105, sat: 0.14524378, max: 0.1452615
[07/18/26 13:28:30.993] [I] 	Measuring Weight: channel: 106, sat: 0.22296537, max: 0.2229926
[07/18/26 13:28:30.996] [I] 	Measuring Weight: channel: 107, sat: 0.16973175, max: 0.16975248
[07/18/26 13:28:30.998] [I] 	Measuring Weight: channel: 108, sat: 0.20900527, max: 0.20903078
[07/18/26 13:28:31.001] [I] 	Measuring Weight: channel: 109, sat: 0.09713577, max: 0.09714763
[07/18/26 13:28:31.003] [I] 	Measuring Weight: channel: 110, sat: 0.2402351, max: 0.24026443
[07/18/26 13:28:31.006] [I] 	Measuring Weight: channel: 111, sat: 0.090233155, max: 0.09024417
[07/18/26 13:28:31.008] [I] 	Measuring Weight: channel: 112, sat: 0.1764739, max: 0.17649545
[07/18/26 13:28:31.011] [I] 	Measuring Weight: channel: 113, sat: 0.18738198, max: 0.18740486
[07/18/26 13:28:31.013] [I] 	Measuring Weight: channel: 114, sat: 0.24147359, max: 0.24150306
[07/18/26 13:28:31.015] [I] 	Measuring Weight: channel: 115, sat: 0.076354355, max: 0.076363675
[07/18/26 13:28:31.018] [I] 	Measuring Weight: channel: 116, sat: 0.097810075, max: 0.09782202
[07/18/26 13:28:31.021] [I] 	Measuring Weight: channel: 117, sat: 0.3231201, max: 0.32315955
[07/18/26 13:28:31.023] [I] 	Measuring Weight: channel: 118, sat: 0.09550121, max: 0.09551286
[07/18/26 13:28:31.026] [I] 	Measuring Weight: channel: 119, sat: 0.1181435, max: 0.11815792
[07/18/26 13:28:31.028] [I] 	Measuring Weight: channel: 120, sat: 0.16110946, max: 0.16112912
[07/18/26 13:28:31.031] [I] 	Measuring Weight: channel: 121, sat: 0.1202559, max: 0.12027058
[07/18/26 13:28:31.033] [I] 	Measuring Weight: channel: 122, sat: 0.14516877, max: 0.14518648
[07/18/26 13:28:31.036] [I] 	Measuring Weight: channel: 123, sat: 0.25117552, max: 0.25120616
[07/18/26 13:28:31.038] [I] 	Measuring Weight: channel: 124, sat: 0.0619651, max: 0.061972663
[07/18/26 13:28:31.041] [I] 	Measuring Weight: channel: 125, sat: 0.2426077, max: 0.2426373
[07/18/26 13:28:31.043] [I] 	Measuring Weight: channel: 126, sat: 0.15029113, max: 0.15030947
[07/18/26 13:28:31.046] [I] 	Measuring Weight: channel: 127, sat: 0.12629613, max: 0.12631156
[07/18/26 13:28:31.049] [I] 	Measuring Weight: channel: 128, sat: 0.17369862, max: 0.17371982
[07/18/26 13:28:31.051] [I] 	Measuring Weight: channel: 129, sat: 0.13114192, max: 0.13115792
[07/18/26 13:28:31.054] [I] 	Measuring Weight: channel: 130, sat: 0.22671714, max: 0.22674482
[07/18/26 13:28:31.056] [I] 	Measuring Weight: channel: 131, sat: 0.19092685, max: 0.19095016
[07/18/26 13:28:31.059] [I] 	Measuring Weight: channel: 132, sat: 0.15783569, max: 0.15785496
[07/18/26 13:28:31.061] [I] 	Measuring Weight: channel: 133, sat: 0.085218124, max: 0.085228525
[07/18/26 13:28:31.064] [I] 	Measuring Weight: channel: 134, sat: 0.19599853, max: 0.19602247
[07/18/26 13:28:31.066] [I] 	Measuring Weight: channel: 135, sat: 0.0854877, max: 0.08549814
[07/18/26 13:28:31.069] [I] 	Measuring Weight: channel: 136, sat: 0.13849875, max: 0.13851567
[07/18/26 13:28:31.071] [I] 	Measuring Weight: channel: 137, sat: 0.39305642, max: 0.3931044
[07/18/26 13:28:31.074] [I] 	Measuring Weight: channel: 138, sat: 0.13531956, max: 0.13533609
[07/18/26 13:28:31.076] [I] 	Measuring Weight: channel: 139, sat: 0.16795939, max: 0.1679799
[07/18/26 13:28:31.079] [I] 	Measuring Weight: channel: 140, sat: 0.14034528, max: 0.1403624
[07/18/26 13:28:31.081] [I] 	Measuring Weight: channel: 141, sat: 0.105722904, max: 0.10573581
[07/18/26 13:28:31.084] [I] 	Measuring Weight: channel: 142, sat: 0.1269052, max: 0.1269207
[07/18/26 13:28:31.086] [I] 	Measuring Weight: channel: 143, sat: 0.2884482, max: 0.28848344
[07/18/26 13:28:31.089] [I] 	Measuring Weight: channel: 144, sat: 0.18945009, max: 0.18947321
[07/18/26 13:28:31.091] [I] 	Measuring Weight: channel: 145, sat: 0.059351083, max: 0.059358325
[07/18/26 13:28:31.094] [I] 	Measuring Weight: channel: 146, sat: 0.19848835, max: 0.19851258
[07/18/26 13:28:31.096] [I] 	Measuring Weight: channel: 147, sat: 0.3663396, max: 0.36638433
[07/18/26 13:28:31.098] [I] 	Measuring Weight: channel: 148, sat: 0.098743714, max: 0.09875576
[07/18/26 13:28:31.101] [I] 	Measuring Weight: channel: 149, sat: 0.23181713, max: 0.23184542
[07/18/26 13:28:31.103] [I] 	Measuring Weight: channel: 150, sat: 0.11610237, max: 0.11611654
[07/18/26 13:28:31.106] [I] 	Measuring Weight: channel: 151, sat: 0.19077621, max: 0.19079949
[07/18/26 13:28:31.108] [I] 	Measuring Weight: channel: 152, sat: 0.08712417, max: 0.08713481
[07/18/26 13:28:31.111] [I] 	Measuring Weight: channel: 153, sat: 0.05735573, max: 0.05736273
[07/18/26 13:28:31.114] [I] 	Measuring Weight: channel: 154, sat: 0.16401085, max: 0.16403088
[07/18/26 13:28:31.116] [I] 	Measuring Weight: channel: 155, sat: 0.070056796, max: 0.07006534
[07/18/26 13:28:31.119] [I] 	Measuring Weight: channel: 156, sat: 0.3665401, max: 0.36658484
[07/18/26 13:28:31.121] [I] 	Measuring Weight: channel: 157, sat: 0.26086235, max: 0.2608942
[07/18/26 13:28:31.124] [I] 	Measuring Weight: channel: 158, sat: 0.11510539, max: 0.115119435
[07/18/26 13:28:31.127] [I] 	Measuring Weight: channel: 159, sat: 0.07878531, max: 0.07879492
[07/18/26 13:28:31.129] [I] 	Measuring Weight: channel: 160, sat: 0.13187501, max: 0.1318911
[07/18/26 13:28:31.132] [I] 	Measuring Weight: channel: 161, sat: 0.279972, max: 0.28000614
[07/18/26 13:28:31.134] [I] 	Measuring Weight: channel: 162, sat: 0.09521328, max: 0.0952249
[07/18/26 13:28:31.137] [I] 	Measuring Weight: channel: 163, sat: 0.17960769, max: 0.17962961
[07/18/26 13:28:31.139] [I] 	Measuring Weight: channel: 164, sat: 0.26690668, max: 0.26693925
[07/18/26 13:28:31.142] [I] 	Measuring Weight: channel: 165, sat: 0.120887265, max: 0.120902024
[07/18/26 13:28:31.145] [I] 	Measuring Weight: channel: 166, sat: 0.16358972, max: 0.16360968
[07/18/26 13:28:31.147] [I] 	Measuring Weight: channel: 167, sat: 0.090320416, max: 0.090331435
[07/18/26 13:28:31.150] [I] 	Measuring Weight: channel: 168, sat: 0.25499383, max: 0.25502497
[07/18/26 13:28:31.152] [I] 	Measuring Weight: channel: 169, sat: 0.23705874, max: 0.23708767
[07/18/26 13:28:31.155] [I] 	Measuring Weight: channel: 170, sat: 0.1376853, max: 0.1377021
[07/18/26 13:28:31.157] [I] 	Measuring Weight: channel: 171, sat: 0.08255889, max: 0.08256897
[07/18/26 13:28:31.160] [I] 	Measuring Weight: channel: 172, sat: 0.10114997, max: 0.101162314
[07/18/26 13:28:31.162] [I] 	Measuring Weight: channel: 173, sat: 0.4997567, max: 0.4998177
[07/18/26 13:28:31.165] [I] 	Measuring Weight: channel: 174, sat: 0.14648236, max: 0.14650024
[07/18/26 13:28:31.167] [I] 	Measuring Weight: channel: 175, sat: 0.1485647, max: 0.14858283
[07/18/26 13:28:31.170] [I] 	Measuring Weight: channel: 176, sat: 0.19325918, max: 0.19328277
[07/18/26 13:28:31.173] [I] 	Measuring Weight: channel: 177, sat: 0.21588117, max: 0.21590753
[07/18/26 13:28:31.175] [I] 	Measuring Weight: channel: 178, sat: 0.28525516, max: 0.28529
[07/18/26 13:28:31.178] [I] 	Measuring Weight: channel: 179, sat: 0.11175178, max: 0.111765414
[07/18/26 13:28:31.180] [I] 	Measuring Weight: channel: 180, sat: 0.15702432, max: 0.15704349
[07/18/26 13:28:31.183] [I] 	Measuring Weight: channel: 181, sat: 0.14180098, max: 0.1418183
[07/18/26 13:28:31.185] [I] 	Measuring Weight: channel: 182, sat: 0.30532256, max: 0.30535984
[07/18/26 13:28:31.188] [I] 	Measuring Weight: channel: 183, sat: 0.120823696, max: 0.12083845
[07/18/26 13:28:31.190] [I] 	Measuring Weight: channel: 184, sat: 0.2245733, max: 0.22460072
[07/18/26 13:28:31.193] [I] 	Measuring Weight: channel: 185, sat: 0.21511875, max: 0.215145
[07/18/26 13:28:31.195] [I] 	Measuring Weight: channel: 186, sat: 0.11113885, max: 0.11115241
[07/18/26 13:28:31.198] [I] 	Measuring Weight: channel: 187, sat: 0.058268387, max: 0.0582755
[07/18/26 13:28:31.200] [I] 	Measuring Weight: channel: 188, sat: 0.12151284, max: 0.121527664
[07/18/26 13:28:31.203] [I] 	Measuring Weight: channel: 189, sat: 0.15595959, max: 0.15597863
[07/18/26 13:28:31.205] [I] 	Measuring Weight: channel: 190, sat: 0.26696488, max: 0.2669975
[07/18/26 13:28:31.208] [I] 	Measuring Weight: channel: 191, sat: 0.12607877, max: 0.12609415
[07/18/26 13:28:31.210] [I] 	Measuring Weight: channel: 192, sat: 0.09016314, max: 0.090174146
[07/18/26 13:28:31.220] [I] Quantizing Op Id: 21, Type: icraft::xir::ReLUNode
[07/18/26 13:28:31.220] [I] Quantizing Op Id: 22, Type: icraft::xir::Conv2dNode
[07/18/26 13:28:31.230] [I] 	Measuring Weight: channel: 1, sat: 0.01630346, max: 0.01630545
[07/18/26 13:28:31.234] [I] 	Measuring Weight: channel: 2, sat: 0.18655302, max: 0.18657579
[07/18/26 13:28:31.237] [I] 	Measuring Weight: channel: 3, sat: 0.17072625, max: 0.1707471
[07/18/26 13:28:31.239] [I] 	Measuring Weight: channel: 4, sat: 0.26754996, max: 0.26758263
[07/18/26 13:28:31.242] [I] 	Measuring Weight: channel: 5, sat: 0.26414385, max: 0.2641761
[07/18/26 13:28:31.245] [I] 	Measuring Weight: channel: 6, sat: 0.22463696, max: 0.22466438
[07/18/26 13:28:31.248] [I] 	Measuring Weight: channel: 7, sat: 0.18519203, max: 0.18521464
[07/18/26 13:28:31.251] [I] 	Measuring Weight: channel: 8, sat: 0.16151313, max: 0.16153285
[07/18/26 13:28:31.254] [I] 	Measuring Weight: channel: 9, sat: 0.18337241, max: 0.18339479
[07/18/26 13:28:31.257] [I] 	Measuring Weight: channel: 10, sat: 0.041377824, max: 0.04138287
[07/18/26 13:28:31.260] [I] 	Measuring Weight: channel: 11, sat: 0.053576324, max: 0.053582866
[07/18/26 13:28:31.263] [I] 	Measuring Weight: channel: 12, sat: 0.14490342, max: 0.14492111
[07/18/26 13:28:31.266] [I] 	Measuring Weight: channel: 13, sat: 0.029882243, max: 0.02988589
[07/18/26 13:28:31.269] [I] 	Measuring Weight: channel: 14, sat: 0.058108427, max: 0.05811552
[07/18/26 13:28:31.272] [I] 	Measuring Weight: channel: 15, sat: 0.1954945, max: 0.19551837
[07/18/26 13:28:31.275] [I] 	Measuring Weight: channel: 16, sat: 0.074619845, max: 0.07462896
[07/18/26 13:28:31.278] [I] 	Measuring Weight: channel: 17, sat: 0.042096, max: 0.042101137
[07/18/26 13:28:31.281] [I] 	Measuring Weight: channel: 18, sat: 0.34535137, max: 0.34539354
[07/18/26 13:28:31.284] [I] 	Measuring Weight: channel: 19, sat: 0.03520758, max: 0.035211876
[07/18/26 13:28:31.286] [I] 	Measuring Weight: channel: 20, sat: 0.04413789, max: 0.04414328
[07/18/26 13:28:31.289] [I] 	Measuring Weight: channel: 21, sat: 0.18464161, max: 0.18466416
[07/18/26 13:28:31.292] [I] 	Measuring Weight: channel: 22, sat: 0.062156953, max: 0.062164538
[07/18/26 13:28:31.295] [I] 	Measuring Weight: channel: 23, sat: 0.10813094, max: 0.10814414
[07/18/26 13:28:31.298] [I] 	Measuring Weight: channel: 24, sat: 0.19783854, max: 0.1978627
[07/18/26 13:28:31.301] [I] 	Measuring Weight: channel: 25, sat: 0.11824535, max: 0.11825978
[07/18/26 13:28:31.304] [I] 	Measuring Weight: channel: 26, sat: 0.1936711, max: 0.19369476
[07/18/26 13:28:31.306] [I] 	Measuring Weight: channel: 27, sat: 0.06454063, max: 0.064548515
[07/18/26 13:28:31.309] [I] 	Measuring Weight: channel: 28, sat: 0.02914407, max: 0.029147627
[07/18/26 13:28:31.312] [I] 	Measuring Weight: channel: 29, sat: 0.26243123, max: 0.26246327
[07/18/26 13:28:31.315] [I] 	Measuring Weight: channel: 30, sat: 0.28460008, max: 0.2846348
[07/18/26 13:28:31.318] [I] 	Measuring Weight: channel: 31, sat: 0.097707495, max: 0.097719416
[07/18/26 13:28:31.321] [I] 	Measuring Weight: channel: 32, sat: 0.10478599, max: 0.10479878
[07/18/26 13:28:31.324] [I] 	Measuring Weight: channel: 33, sat: 0.015402122, max: 0.015404002
[07/18/26 13:28:31.327] [I] 	Measuring Weight: channel: 34, sat: 0.118846714, max: 0.11886122
[07/18/26 13:28:31.330] [I] 	Measuring Weight: channel: 35, sat: 0.20945932, max: 0.20948488
[07/18/26 13:28:31.333] [I] 	Measuring Weight: channel: 36, sat: 0.24490525, max: 0.24493514
[07/18/26 13:28:31.336] [I] 	Measuring Weight: channel: 37, sat: 0.40844822, max: 0.40849808
[07/18/26 13:28:31.339] [I] 	Measuring Weight: channel: 38, sat: 0.023021938, max: 0.023024747
[07/18/26 13:28:31.342] [I] 	Measuring Weight: channel: 39, sat: 0.18595178, max: 0.18597448
[07/18/26 13:28:31.345] [I] 	Measuring Weight: channel: 40, sat: 0.0679311, max: 0.06793939
[07/18/26 13:28:31.348] [I] 	Measuring Weight: channel: 41, sat: 0.110203736, max: 0.11021719
[07/18/26 13:28:31.350] [I] 	Measuring Weight: channel: 42, sat: 0.06433227, max: 0.06434012
[07/18/26 13:28:31.353] [I] 	Measuring Weight: channel: 43, sat: 0.0103267655, max: 0.0103280265
[07/18/26 13:28:31.356] [I] 	Measuring Weight: channel: 44, sat: 0.14182806, max: 0.14184536
[07/18/26 13:28:31.359] [I] 	Measuring Weight: channel: 45, sat: 0.16090535, max: 0.16092499
[07/18/26 13:28:31.362] [I] 	Measuring Weight: channel: 46, sat: 0.009158806, max: 0.009159924
[07/18/26 13:28:31.364] [I] 	Measuring Weight: channel: 47, sat: 0.034337778, max: 0.03434197
[07/18/26 13:28:31.367] [I] 	Measuring Weight: channel: 48, sat: 0.06783725, max: 0.06784554
[07/18/26 13:28:31.369] [I] 	Measuring Weight: channel: 49, sat: 0.1031945, max: 0.10320709
[07/18/26 13:28:31.372] [I] 	Measuring Weight: channel: 50, sat: 0.04727606, max: 0.04728183
[07/18/26 13:28:31.374] [I] 	Measuring Weight: channel: 51, sat: 0.024848042, max: 0.024851074
[07/18/26 13:28:31.377] [I] 	Measuring Weight: channel: 52, sat: 0.2597586, max: 0.2597903
[07/18/26 13:28:31.379] [I] 	Measuring Weight: channel: 53, sat: 0.20962739, max: 0.20965298
[07/18/26 13:28:31.382] [I] 	Measuring Weight: channel: 54, sat: 0.1503678, max: 0.15038614
[07/18/26 13:28:31.384] [I] 	Measuring Weight: channel: 55, sat: 0.3378141, max: 0.3378553
[07/18/26 13:28:31.387] [I] 	Measuring Weight: channel: 56, sat: 0.100417286, max: 0.10042954
[07/18/26 13:28:31.389] [I] 	Measuring Weight: channel: 57, sat: 0.21894448, max: 0.21897121
[07/18/26 13:28:31.391] [I] 	Measuring Weight: channel: 58, sat: 0.122025535, max: 0.12204043
[07/18/26 13:28:31.394] [I] 	Measuring Weight: channel: 59, sat: 0.16564088, max: 0.1656611
[07/18/26 13:28:31.396] [I] 	Measuring Weight: channel: 60, sat: 0.15530658, max: 0.15532553
[07/18/26 13:28:31.399] [I] 	Measuring Weight: channel: 61, sat: 0.035735697, max: 0.03574006
[07/18/26 13:28:31.401] [I] 	Measuring Weight: channel: 62, sat: 0.5286063, max: 0.52867085
[07/18/26 13:28:31.404] [I] 	Measuring Weight: channel: 63, sat: 0.17638545, max: 0.17640698
[07/18/26 13:28:31.406] [I] 	Measuring Weight: channel: 64, sat: 0.25552398, max: 0.25555518
[07/18/26 13:28:31.409] [I] 	Measuring Weight: channel: 65, sat: 0.15924686, max: 0.15926631
[07/18/26 13:28:31.411] [I] 	Measuring Weight: channel: 66, sat: 0.16688673, max: 0.1669071
[07/18/26 13:28:31.414] [I] 	Measuring Weight: channel: 67, sat: 0.16992168, max: 0.16994242
[07/18/26 13:28:31.416] [I] 	Measuring Weight: channel: 68, sat: 0.35607964, max: 0.35612312
[07/18/26 13:28:31.419] [I] 	Measuring Weight: channel: 69, sat: 0.25863752, max: 0.25866908
[07/18/26 13:28:31.421] [I] 	Measuring Weight: channel: 70, sat: 0.48059633, max: 0.480655
[07/18/26 13:28:31.424] [I] 	Measuring Weight: channel: 71, sat: 0.29510802, max: 0.29514402
[07/18/26 13:28:31.426] [I] 	Measuring Weight: channel: 72, sat: 0.1597204, max: 0.15973991
[07/18/26 13:28:31.429] [I] 	Measuring Weight: channel: 73, sat: 0.14658679, max: 0.14660467
[07/18/26 13:28:31.431] [I] 	Measuring Weight: channel: 74, sat: 0.06420827, max: 0.06421611
[07/18/26 13:28:31.434] [I] 	Measuring Weight: channel: 75, sat: 0.012407004, max: 0.012408518
[07/18/26 13:28:31.436] [I] 	Measuring Weight: channel: 76, sat: 0.070891716, max: 0.07090037
[07/18/26 13:28:31.439] [I] 	Measuring Weight: channel: 77, sat: 0.11778559, max: 0.11779996
[07/18/26 13:28:31.441] [I] 	Measuring Weight: channel: 78, sat: 0.03729072, max: 0.03729527
[07/18/26 13:28:31.443] [I] 	Measuring Weight: channel: 79, sat: 0.21390997, max: 0.21393608
[07/18/26 13:28:31.446] [I] 	Measuring Weight: channel: 80, sat: 0.28142235, max: 0.28145668
[07/18/26 13:28:31.448] [I] 	Measuring Weight: channel: 81, sat: 0.2596169, max: 0.25964862
[07/18/26 13:28:31.451] [I] 	Measuring Weight: channel: 82, sat: 0.121787064, max: 0.12180193
[07/18/26 13:28:31.453] [I] 	Measuring Weight: channel: 83, sat: 0.41111967, max: 0.41116983
[07/18/26 13:28:31.456] [I] 	Measuring Weight: channel: 84, sat: 0.2829044, max: 0.2829389
[07/18/26 13:28:31.458] [I] 	Measuring Weight: channel: 85, sat: 0.21550015, max: 0.21552645
[07/18/26 13:28:31.461] [I] 	Measuring Weight: channel: 86, sat: 0.18998283, max: 0.19000602
[07/18/26 13:28:31.463] [I] 	Measuring Weight: channel: 87, sat: 0.113962546, max: 0.113976456
[07/18/26 13:28:31.465] [I] 	Measuring Weight: channel: 88, sat: 0.039619457, max: 0.039624292
[07/18/26 13:28:31.468] [I] 	Measuring Weight: channel: 89, sat: 0.014672505, max: 0.014674296
[07/18/26 13:28:31.470] [I] 	Measuring Weight: channel: 90, sat: 0.060343206, max: 0.06035057
[07/18/26 13:28:31.473] [I] 	Measuring Weight: channel: 91, sat: 1.8787924, max: 1.8790216
[07/18/26 13:28:31.475] [I] 	Measuring Weight: channel: 92, sat: 0.014477836, max: 0.014479604
[07/18/26 13:28:31.478] [I] 	Measuring Weight: channel: 93, sat: 0.021210257, max: 0.021212846
[07/18/26 13:28:31.480] [I] 	Measuring Weight: channel: 94, sat: 0.14710896, max: 0.14712691
[07/18/26 13:28:31.483] [I] 	Measuring Weight: channel: 95, sat: 0.15586476, max: 0.15588377
[07/18/26 13:28:31.485] [I] 	Measuring Weight: channel: 96, sat: 0.7124959, max: 0.7125829
[07/18/26 13:28:31.487] [I] 	Measuring Weight: channel: 97, sat: 0.33321753, max: 0.33325818
[07/18/26 13:28:31.490] [I] 	Measuring Weight: channel: 98, sat: 0.082642674, max: 0.08265276
[07/18/26 13:28:31.492] [I] 	Measuring Weight: channel: 99, sat: 0.20449129, max: 0.20451625
[07/18/26 13:28:31.495] [I] 	Measuring Weight: channel: 100, sat: 0.19714108, max: 0.19716515
[07/18/26 13:28:31.497] [I] 	Measuring Weight: channel: 101, sat: 0.26220992, max: 0.26224193
[07/18/26 13:28:31.500] [I] 	Measuring Weight: channel: 102, sat: 0.19499953, max: 0.19502333
[07/18/26 13:28:31.502] [I] 	Measuring Weight: channel: 103, sat: 0.2304041, max: 0.23043221
[07/18/26 13:28:31.505] [I] 	Measuring Weight: channel: 104, sat: 0.08222146, max: 0.0822315
[07/18/26 13:28:31.507] [I] 	Measuring Weight: channel: 105, sat: 0.10646054, max: 0.106473535
[07/18/26 13:28:31.510] [I] 	Measuring Weight: channel: 106, sat: 0.042118262, max: 0.042123403
[07/18/26 13:28:31.512] [I] 	Measuring Weight: channel: 107, sat: 0.15598506, max: 0.15600409
[07/18/26 13:28:31.515] [I] 	Measuring Weight: channel: 108, sat: 0.3838534, max: 0.38390025
[07/18/26 13:28:31.517] [I] 	Measuring Weight: channel: 109, sat: 0.1807537, max: 0.18077575
[07/18/26 13:28:31.520] [I] 	Measuring Weight: channel: 110, sat: 0.061929617, max: 0.061937176
[07/18/26 13:28:31.522] [I] 	Measuring Weight: channel: 111, sat: 0.18637787, max: 0.1864006
[07/18/26 13:28:31.525] [I] 	Measuring Weight: channel: 112, sat: 0.1231047, max: 0.12311972
[07/18/26 13:28:31.527] [I] 	Measuring Weight: channel: 113, sat: 0.26053342, max: 0.26056522
[07/18/26 13:28:31.530] [I] 	Measuring Weight: channel: 114, sat: 0.12554862, max: 0.12556395
[07/18/26 13:28:31.532] [I] 	Measuring Weight: channel: 115, sat: 0.35199493, max: 0.35203788
[07/18/26 13:28:31.535] [I] 	Measuring Weight: channel: 116, sat: 0.37952882, max: 0.37957516
[07/18/26 13:28:31.537] [I] 	Measuring Weight: channel: 117, sat: 0.08349977, max: 0.08350996
[07/18/26 13:28:31.540] [I] 	Measuring Weight: channel: 118, sat: 0.15225397, max: 0.15227255
[07/18/26 13:28:31.542] [I] 	Measuring Weight: channel: 119, sat: 0.012662721, max: 0.012664266
[07/18/26 13:28:31.545] [I] 	Measuring Weight: channel: 120, sat: 0.071952775, max: 0.07196155
[07/18/26 13:28:31.547] [I] 	Measuring Weight: channel: 121, sat: 0.20565766, max: 0.20568275
[07/18/26 13:28:31.549] [I] 	Measuring Weight: channel: 122, sat: 0.2349359, max: 0.23496458
[07/18/26 13:28:31.552] [I] 	Measuring Weight: channel: 123, sat: 0.27238166, max: 0.2724149
[07/18/26 13:28:31.554] [I] 	Measuring Weight: channel: 124, sat: 0.11199068, max: 0.11200435
[07/18/26 13:28:31.557] [I] 	Measuring Weight: channel: 125, sat: 0.012364636, max: 0.012366146
[07/18/26 13:28:31.559] [I] 	Measuring Weight: channel: 126, sat: 0.08142656, max: 0.0814365
[07/18/26 13:28:31.562] [I] 	Measuring Weight: channel: 127, sat: 0.067789555, max: 0.067797825
[07/18/26 13:28:31.564] [I] 	Measuring Weight: channel: 128, sat: 0.28276765, max: 0.28280216
[07/18/26 13:28:31.566] [I] 	Measuring Weight: channel: 129, sat: 0.04278516, max: 0.042790383
[07/18/26 13:28:31.569] [I] 	Measuring Weight: channel: 130, sat: 0.07991988, max: 0.079929635
[07/18/26 13:28:31.571] [I] 	Measuring Weight: channel: 131, sat: 0.2611444, max: 0.26117626
[07/18/26 13:28:31.574] [I] 	Measuring Weight: channel: 132, sat: 0.18900463, max: 0.1890277
[07/18/26 13:28:31.576] [I] 	Measuring Weight: channel: 133, sat: 0.11895425, max: 0.11896876
[07/18/26 13:28:31.579] [I] 	Measuring Weight: channel: 134, sat: 0.09180977, max: 0.09182098
[07/18/26 13:28:31.581] [I] 	Measuring Weight: channel: 135, sat: 0.224529, max: 0.2245564
[07/18/26 13:28:31.584] [I] 	Measuring Weight: channel: 136, sat: 0.16614339, max: 0.16616367
[07/18/26 13:28:31.586] [I] 	Measuring Weight: channel: 137, sat: 0.009897358, max: 0.009898566
[07/18/26 13:28:31.589] [I] 	Measuring Weight: channel: 138, sat: 0.17235824, max: 0.17237929
[07/18/26 13:28:31.591] [I] 	Measuring Weight: channel: 139, sat: 0.03745931, max: 0.037463885
[07/18/26 13:28:31.594] [I] 	Measuring Weight: channel: 140, sat: 0.14081937, max: 0.14083657
[07/18/26 13:28:31.596] [I] 	Measuring Weight: channel: 141, sat: 0.21244395, max: 0.21246988
[07/18/26 13:28:31.599] [I] 	Measuring Weight: channel: 142, sat: 0.4482128, max: 0.4482675
[07/18/26 13:28:31.601] [I] 	Measuring Weight: channel: 143, sat: 0.07896143, max: 0.078971066
[07/18/26 13:28:31.604] [I] 	Measuring Weight: channel: 144, sat: 0.1143905, max: 0.11440446
[07/18/26 13:28:31.606] [I] 	Measuring Weight: channel: 145, sat: 0.19316374, max: 0.19318731
[07/18/26 13:28:31.609] [I] 	Measuring Weight: channel: 146, sat: 0.05817567, max: 0.058182772
[07/18/26 13:28:31.611] [I] 	Measuring Weight: channel: 147, sat: 0.24365544, max: 0.24368519
[07/18/26 13:28:31.614] [I] 	Measuring Weight: channel: 148, sat: 0.14446646, max: 0.1444841
[07/18/26 13:28:31.616] [I] 	Measuring Weight: channel: 149, sat: 0.038781285, max: 0.038786016
[07/18/26 13:28:31.619] [I] 	Measuring Weight: channel: 150, sat: 0.23542695, max: 0.23545569
[07/18/26 13:28:31.621] [I] 	Measuring Weight: channel: 151, sat: 0.28962007, max: 0.28965542
[07/18/26 13:28:31.624] [I] 	Measuring Weight: channel: 152, sat: 0.20492212, max: 0.20494713
[07/18/26 13:28:31.626] [I] 	Measuring Weight: channel: 153, sat: 0.22033022, max: 0.2203571
[07/18/26 13:28:31.629] [I] 	Measuring Weight: channel: 154, sat: 0.026489483, max: 0.026492717
[07/18/26 13:28:31.631] [I] 	Measuring Weight: channel: 155, sat: 0.037448123, max: 0.037452694
[07/18/26 13:28:31.634] [I] 	Measuring Weight: channel: 156, sat: 0.17565766, max: 0.1756791
[07/18/26 13:28:31.636] [I] 	Measuring Weight: channel: 157, sat: 0.06900097, max: 0.06900939
[07/18/26 13:28:31.639] [I] 	Measuring Weight: channel: 158, sat: 0.10415957, max: 0.10417229
[07/18/26 13:28:31.641] [I] 	Measuring Weight: channel: 159, sat: 0.26965046, max: 0.2696834
[07/18/26 13:28:31.644] [I] 	Measuring Weight: channel: 160, sat: 0.31331196, max: 0.3133502
[07/18/26 13:28:31.647] [I] 	Measuring Weight: channel: 161, sat: 0.072841816, max: 0.07285071
[07/18/26 13:28:31.650] [I] 	Measuring Weight: channel: 162, sat: 0.009629496, max: 0.009630672
[07/18/26 13:28:31.653] [I] 	Measuring Weight: channel: 163, sat: 0.19765633, max: 0.19768046
[07/18/26 13:28:31.655] [I] 	Measuring Weight: channel: 164, sat: 0.17752159, max: 0.17754325
[07/18/26 13:28:31.658] [I] 	Measuring Weight: channel: 165, sat: 0.18685944, max: 0.18688224
[07/18/26 13:28:31.661] [I] 	Measuring Weight: channel: 166, sat: 0.18647017, max: 0.18649293
[07/18/26 13:28:31.663] [I] 	Measuring Weight: channel: 167, sat: 0.33494198, max: 0.33498287
[07/18/26 13:28:31.666] [I] 	Measuring Weight: channel: 168, sat: 0.042808358, max: 0.04281358
[07/18/26 13:28:31.669] [I] 	Measuring Weight: channel: 169, sat: 0.27478564, max: 0.2748192
[07/18/26 13:28:31.671] [I] 	Measuring Weight: channel: 170, sat: 0.1604804, max: 0.16049999
[07/18/26 13:28:31.674] [I] 	Measuring Weight: channel: 171, sat: 0.2686789, max: 0.26871172
[07/18/26 13:28:31.676] [I] 	Measuring Weight: channel: 172, sat: 0.13401997, max: 0.13403633
[07/18/26 13:28:31.679] [I] 	Measuring Weight: channel: 173, sat: 0.10718688, max: 0.10719997
[07/18/26 13:28:31.682] [I] 	Measuring Weight: channel: 174, sat: 0.16177988, max: 0.16179962
[07/18/26 13:28:31.684] [I] 	Measuring Weight: channel: 175, sat: 0.2276217, max: 0.2276495
[07/18/26 13:28:31.687] [I] 	Measuring Weight: channel: 176, sat: 0.17038822, max: 0.17040901
[07/18/26 13:28:31.689] [I] 	Measuring Weight: channel: 177, sat: 0.020095352, max: 0.020097805
[07/18/26 13:28:31.691] [I] 	Measuring Weight: channel: 178, sat: 0.09010523, max: 0.090116225
[07/18/26 13:28:31.694] [I] 	Measuring Weight: channel: 179, sat: 0.10809012, max: 0.108103305
[07/18/26 13:28:31.696] [I] 	Measuring Weight: channel: 180, sat: 0.120816246, max: 0.12083099
[07/18/26 13:28:31.699] [I] 	Measuring Weight: channel: 181, sat: 0.019691981, max: 0.019694386
[07/18/26 13:28:31.701] [I] 	Measuring Weight: channel: 182, sat: 0.32788226, max: 0.32792228
[07/18/26 13:28:31.704] [I] 	Measuring Weight: channel: 183, sat: 0.20034242, max: 0.20036687
[07/18/26 13:28:31.706] [I] 	Measuring Weight: channel: 184, sat: 0.13271646, max: 0.13273266
[07/18/26 13:28:31.709] [I] 	Measuring Weight: channel: 185, sat: 0.010414991, max: 0.010416262
[07/18/26 13:28:31.712] [I] 	Measuring Weight: channel: 186, sat: 0.21087083, max: 0.21089657
[07/18/26 13:28:31.714] [I] 	Measuring Weight: channel: 187, sat: 0.23392591, max: 0.23395446
[07/18/26 13:28:31.717] [I] 	Measuring Weight: channel: 188, sat: 0.18220451, max: 0.18222676
[07/18/26 13:28:31.719] [I] 	Measuring Weight: channel: 189, sat: 0.253302, max: 0.25333294
[07/18/26 13:28:31.722] [I] 	Measuring Weight: channel: 190, sat: 0.17507806, max: 0.17509943
[07/18/26 13:28:31.725] [I] 	Measuring Weight: channel: 191, sat: 0.10937188, max: 0.10938522
[07/18/26 13:28:31.727] [I] 	Measuring Weight: channel: 192, sat: 0.075462855, max: 0.075472064
[07/18/26 13:28:31.739] [I] Quantizing Op Id: 23, Type: icraft::xir::AddNode
[07/18/26 13:28:31.739] [I] Quantizing Op Id: 24, Type: icraft::xir::ReLUNode
[07/18/26 13:28:31.739] [I] Quantizing Op Id: 25, Type: icraft::xir::Conv2dNode
[07/18/26 13:28:31.754] [I] 	Measuring Weight: channel: 1, sat: 0.07551717, max: 0.07552639
[07/18/26 13:28:31.757] [I] 	Measuring Weight: channel: 2, sat: 0.15497102, max: 0.15498994
[07/18/26 13:28:31.760] [I] 	Measuring Weight: channel: 3, sat: 0.05992095, max: 0.05992827
[07/18/26 13:28:31.763] [I] 	Measuring Weight: channel: 4, sat: 0.07300694, max: 0.073015854
[07/18/26 13:28:31.766] [I] 	Measuring Weight: channel: 5, sat: 0.039048977, max: 0.039053746
[07/18/26 13:28:31.769] [I] 	Measuring Weight: channel: 6, sat: 0.09172032, max: 0.09173151
[07/18/26 13:28:31.772] [I] 	Measuring Weight: channel: 7, sat: 0.2267788, max: 0.2688016
[07/18/26 13:28:31.775] [I] 	Measuring Weight: channel: 8, sat: 0.06646606, max: 0.06647418
[07/18/26 13:28:31.777] [I] 	Measuring Weight: channel: 9, sat: 0.13529187, max: 0.21647757
[07/18/26 13:28:31.780] [I] 	Measuring Weight: channel: 10, sat: 0.13756786, max: 0.13758466
[07/18/26 13:28:31.784] [I] 	Measuring Weight: channel: 11, sat: 0.07333993, max: 0.07334889
[07/18/26 13:28:31.787] [I] 	Measuring Weight: channel: 12, sat: 0.08986989, max: 0.089880854
[07/18/26 13:28:31.790] [I] 	Measuring Weight: channel: 13, sat: 0.075974315, max: 0.075983584
[07/18/26 13:28:31.793] [I] 	Measuring Weight: channel: 14, sat: 0.5457361, max: 0.54580265
[07/18/26 13:28:31.796] [I] 	Measuring Weight: channel: 15, sat: 0.04931302, max: 0.049319036
[07/18/26 13:28:31.799] [I] 	Measuring Weight: channel: 16, sat: 0.10959735, max: 0.10961073
[07/18/26 13:28:31.802] [I] 	Measuring Weight: channel: 17, sat: 0.05001264, max: 0.050018743
[07/18/26 13:28:31.805] [I] 	Measuring Weight: channel: 18, sat: 0.035726536, max: 0.035730895
[07/18/26 13:28:31.808] [I] 	Measuring Weight: channel: 19, sat: 0.2218954, max: 0.22192247
[07/18/26 13:28:31.811] [I] 	Measuring Weight: channel: 20, sat: 0.16148658, max: 0.16150628
[07/18/26 13:28:31.814] [I] 	Measuring Weight: channel: 21, sat: 0.043924764, max: 0.043930124
[07/18/26 13:28:31.816] [I] 	Measuring Weight: channel: 22, sat: 0.08510358, max: 0.085113965
[07/18/26 13:28:31.819] [I] 	Measuring Weight: channel: 23, sat: 0.312167, max: 0.3122051
[07/18/26 13:28:31.822] [I] 	Measuring Weight: channel: 24, sat: 0.043580465, max: 0.043585785
[07/18/26 13:28:31.825] [I] 	Measuring Weight: channel: 25, sat: 0.02249673, max: 0.022499476
[07/18/26 13:28:31.827] [I] 	Measuring Weight: channel: 26, sat: 0.042317815, max: 0.04232298
[07/18/26 13:28:31.830] [I] 	Measuring Weight: channel: 27, sat: 0.1246464, max: 0.12466162
[07/18/26 13:28:31.833] [I] 	Measuring Weight: channel: 28, sat: 0.036298953, max: 0.036303386
[07/18/26 13:28:31.836] [I] 	Measuring Weight: channel: 29, sat: 0.2855247, max: 0.3972813
[07/18/26 13:28:31.839] [I] 	Measuring Weight: channel: 30, sat: 0.017086368, max: 0.017088452
[07/18/26 13:28:31.842] [I] 	Measuring Weight: channel: 31, sat: 0.16194493, max: 0.1619647
[07/18/26 13:28:31.845] [I] 	Measuring Weight: channel: 32, sat: 0.11198695, max: 0.14932808
[07/18/26 13:28:31.848] [I] 	Measuring Weight: channel: 33, sat: 0.48636562, max: 0.64854026
[07/18/26 13:28:31.850] [I] 	Measuring Weight: channel: 34, sat: 0.06319613, max: 0.06320385
[07/18/26 13:28:31.853] [I] 	Measuring Weight: channel: 35, sat: 0.4051818, max: 0.40523127
[07/18/26 13:28:31.856] [I] 	Measuring Weight: channel: 36, sat: 0.17895901, max: 0.17898086
[07/18/26 13:28:31.859] [I] 	Measuring Weight: channel: 37, sat: 0.06779204, max: 0.06780031
[07/18/26 13:28:31.862] [I] 	Measuring Weight: channel: 38, sat: 0.021028722, max: 0.021031288
[07/18/26 13:28:31.864] [I] 	Measuring Weight: channel: 39, sat: 0.02049639, max: 0.020498892
[07/18/26 13:28:31.867] [I] 	Measuring Weight: channel: 40, sat: 0.11823288, max: 0.15135139
[07/18/26 13:28:31.869] [I] 	Measuring Weight: channel: 41, sat: 0.18705697, max: 0.1870798
[07/18/26 13:28:31.872] [I] 	Measuring Weight: channel: 42, sat: 0.09936874, max: 0.16736433
[07/18/26 13:28:31.875] [I] 	Measuring Weight: channel: 43, sat: 0.062364023, max: 0.062371638
[07/18/26 13:28:31.877] [I] 	Measuring Weight: channel: 44, sat: 0.12670468, max: 0.18430999
[07/18/26 13:28:31.880] [I] 	Measuring Weight: channel: 45, sat: 0.117527366, max: 0.117541716
[07/18/26 13:28:31.882] [I] 	Measuring Weight: channel: 46, sat: 0.06698331, max: 0.06699149
[07/18/26 13:28:31.885] [I] 	Measuring Weight: channel: 47, sat: 0.03522598, max: 0.03523028
[07/18/26 13:28:31.887] [I] 	Measuring Weight: channel: 48, sat: 0.055334024, max: 0.055340778
[07/18/26 13:28:31.890] [I] 	Measuring Weight: channel: 49, sat: 0.013499459, max: 0.013501107
[07/18/26 13:28:31.893] [I] 	Measuring Weight: channel: 50, sat: 0.024786249, max: 0.024789274
[07/18/26 13:28:31.895] [I] 	Measuring Weight: channel: 51, sat: 0.10304928, max: 0.103061855
[07/18/26 13:28:31.898] [I] 	Measuring Weight: channel: 52, sat: 0.047342103, max: 0.04734788
[07/18/26 13:28:31.900] [I] 	Measuring Weight: channel: 53, sat: 0.031812236, max: 0.03181612
[07/18/26 13:28:31.903] [I] 	Measuring Weight: channel: 54, sat: 0.030361818, max: 0.030365523
[07/18/26 13:28:31.905] [I] 	Measuring Weight: channel: 55, sat: 0.0954588, max: 0.09547045
[07/18/26 13:28:31.908] [I] 	Measuring Weight: channel: 56, sat: 0.07717765, max: 0.077187076
[07/18/26 13:28:31.910] [I] 	Measuring Weight: channel: 57, sat: 0.05609436, max: 0.056101207
[07/18/26 13:28:31.912] [I] 	Measuring Weight: channel: 58, sat: 0.06485083, max: 0.06485875
[07/18/26 13:28:31.915] [I] 	Measuring Weight: channel: 59, sat: 0.17172337, max: 0.17174432
[07/18/26 13:28:31.917] [I] 	Measuring Weight: channel: 60, sat: 0.06482066, max: 0.064828575
[07/18/26 13:28:31.920] [I] 	Measuring Weight: channel: 61, sat: 0.03707894, max: 0.037083466
[07/18/26 13:28:31.922] [I] 	Measuring Weight: channel: 62, sat: 0.032153778, max: 0.032157704
[07/18/26 13:28:31.924] [I] 	Measuring Weight: channel: 63, sat: 0.08916029, max: 0.20378785
[07/18/26 13:28:31.927] [I] 	Measuring Weight: channel: 64, sat: 0.023682214, max: 0.023685105
[07/18/26 13:28:31.929] [I] 	Measuring Weight: channel: 65, sat: 0.10500977, max: 0.105022594
[07/18/26 13:28:31.932] [I] 	Measuring Weight: channel: 66, sat: 0.13718274, max: 0.1829252
[07/18/26 13:28:31.934] [I] 	Measuring Weight: channel: 67, sat: 0.19941938, max: 0.25527924
[07/18/26 13:28:31.937] [I] 	Measuring Weight: channel: 68, sat: 0.057057865, max: 0.05706483
[07/18/26 13:28:31.939] [I] 	Measuring Weight: channel: 69, sat: 0.1453111, max: 0.14532883
[07/18/26 13:28:31.942] [I] 	Measuring Weight: channel: 70, sat: 0.10285447, max: 0.10286702
[07/18/26 13:28:31.944] [I] 	Measuring Weight: channel: 71, sat: 0.028745096, max: 0.028748604
[07/18/26 13:28:31.947] [I] 	Measuring Weight: channel: 72, sat: 0.087094426, max: 0.08710506
[07/18/26 13:28:31.949] [I] 	Measuring Weight: channel: 73, sat: 0.13532409, max: 0.21652913
[07/18/26 13:28:31.951] [I] 	Measuring Weight: channel: 74, sat: 0.13394518, max: 0.13396153
[07/18/26 13:28:31.954] [I] 	Measuring Weight: channel: 75, sat: 0.13472044, max: 0.18745105
[07/18/26 13:28:31.956] [I] 	Measuring Weight: channel: 76, sat: 0.113137856, max: 0.116801254
[07/18/26 13:28:31.959] [I] 	Measuring Weight: channel: 77, sat: 0.12496045, max: 0.19042699
[07/18/26 13:28:31.961] [I] 	Measuring Weight: channel: 78, sat: 0.08179635, max: 0.08180633
[07/18/26 13:28:31.964] [I] 	Measuring Weight: channel: 79, sat: 0.016182907, max: 0.016184883
[07/18/26 13:28:31.966] [I] 	Measuring Weight: channel: 80, sat: 0.11950033, max: 0.11951491
[07/18/26 13:28:31.969] [I] 	Measuring Weight: channel: 81, sat: 0.046629645, max: 0.046635337
[07/18/26 13:28:31.971] [I] 	Measuring Weight: channel: 82, sat: 0.038290326, max: 0.038294997
[07/18/26 13:28:31.974] [I] 	Measuring Weight: channel: 83, sat: 0.018240549, max: 0.018242776
[07/18/26 13:28:31.976] [I] 	Measuring Weight: channel: 84, sat: 0.110824496, max: 0.11083802
[07/18/26 13:28:31.979] [I] 	Measuring Weight: channel: 85, sat: 0.093997374, max: 0.09400885
[07/18/26 13:28:31.981] [I] 	Measuring Weight: channel: 86, sat: 0.19529492, max: 0.19531874
[07/18/26 13:28:31.984] [I] 	Measuring Weight: channel: 87, sat: 0.065182276, max: 0.06519023
[07/18/26 13:28:31.986] [I] 	Measuring Weight: channel: 88, sat: 0.2995437, max: 0.29958028
[07/18/26 13:28:31.989] [I] 	Measuring Weight: channel: 89, sat: 0.08272605, max: 0.08273614
[07/18/26 13:28:31.991] [I] 	Measuring Weight: channel: 90, sat: 0.069992505, max: 0.07000104
[07/18/26 13:28:31.993] [I] 	Measuring Weight: channel: 91, sat: 0.028365923, max: 0.028369386
[07/18/26 13:28:31.996] [I] 	Measuring Weight: channel: 92, sat: 0.029043414, max: 0.029046958
[07/18/26 13:28:31.998] [I] 	Measuring Weight: channel: 93, sat: 0.031661432, max: 0.0316653
[07/18/26 13:28:32.001] [I] 	Measuring Weight: channel: 94, sat: 0.05405393, max: 0.054060526
[07/18/26 13:28:32.003] [I] 	Measuring Weight: channel: 95, sat: 0.16585538, max: 0.16587561
[07/18/26 13:28:32.005] [I] 	Measuring Weight: channel: 96, sat: 0.08690691, max: 0.08691751
[07/18/26 13:28:32.008] [I] 	Measuring Weight: channel: 97, sat: 0.14303106, max: 0.14304851
[07/18/26 13:28:32.010] [I] 	Measuring Weight: channel: 98, sat: 0.15558451, max: 0.15560351
[07/18/26 13:28:32.013] [I] 	Measuring Weight: channel: 99, sat: 0.04960614, max: 0.049612198
[07/18/26 13:28:32.015] [I] 	Measuring Weight: channel: 100, sat: 0.06924241, max: 0.06925087
[07/18/26 13:28:32.017] [I] 	Measuring Weight: channel: 101, sat: 0.08359445, max: 0.083604656
[07/18/26 13:28:32.019] [I] 	Measuring Weight: channel: 102, sat: 0.11153531, max: 0.11154892
[07/18/26 13:28:32.022] [I] 	Measuring Weight: channel: 103, sat: 0.075641915, max: 0.07565115
[07/18/26 13:28:32.024] [I] 	Measuring Weight: channel: 104, sat: 0.036294963, max: 0.036299393
[07/18/26 13:28:32.026] [I] 	Measuring Weight: channel: 105, sat: 0.04545913, max: 0.04546468
[07/18/26 13:28:32.029] [I] 	Measuring Weight: channel: 106, sat: 0.057120763, max: 0.0962071
[07/18/26 13:28:32.031] [I] 	Measuring Weight: channel: 107, sat: 0.031874094, max: 0.031877987
[07/18/26 13:28:32.033] [I] 	Measuring Weight: channel: 108, sat: 0.051481497, max: 0.051487777
[07/18/26 13:28:32.036] [I] 	Measuring Weight: channel: 109, sat: 0.011980909, max: 0.011982371
[07/18/26 13:28:32.038] [I] 	Measuring Weight: channel: 110, sat: 0.05665124, max: 0.056658152
[07/18/26 13:28:32.041] [I] 	Measuring Weight: channel: 111, sat: 0.04375861, max: 0.043763947
[07/18/26 13:28:32.043] [I] 	Measuring Weight: channel: 112, sat: 0.09247851, max: 0.11838289
[07/18/26 13:28:32.045] [I] 	Measuring Weight: channel: 113, sat: 0.025447197, max: 0.025450302
[07/18/26 13:28:32.048] [I] 	Measuring Weight: channel: 114, sat: 0.22455984, max: 0.22458726
[07/18/26 13:28:32.050] [I] 	Measuring Weight: channel: 115, sat: 0.23190936, max: 0.2394186
[07/18/26 13:28:32.052] [I] 	Measuring Weight: channel: 116, sat: 0.24546711, max: 0.24549706
[07/18/26 13:28:32.055] [I] 	Measuring Weight: channel: 117, sat: 0.017782178, max: 0.017784348
[07/18/26 13:28:32.057] [I] 	Measuring Weight: channel: 118, sat: 0.059542835, max: 0.0793969
[07/18/26 13:28:32.059] [I] 	Measuring Weight: channel: 119, sat: 0.20435926, max: 0.26160285
[07/18/26 13:28:32.062] [I] 	Measuring Weight: channel: 120, sat: 0.024115892, max: 0.024118837
[07/18/26 13:28:32.065] [I] 	Measuring Weight: channel: 121, sat: 0.12533955, max: 0.12535484
[07/18/26 13:28:32.067] [I] 	Measuring Weight: channel: 122, sat: 0.20831159, max: 0.25640756
[07/18/26 13:28:32.070] [I] 	Measuring Weight: channel: 123, sat: 0.048009068, max: 0.048014928
[07/18/26 13:28:32.072] [I] 	Measuring Weight: channel: 124, sat: 0.16292642, max: 0.1629463
[07/18/26 13:28:32.074] [I] 	Measuring Weight: channel: 125, sat: 0.17335765, max: 0.17337881
[07/18/26 13:28:32.077] [I] 	Measuring Weight: channel: 126, sat: 0.027687155, max: 0.027690535
[07/18/26 13:28:32.079] [I] 	Measuring Weight: channel: 127, sat: 0.04470603, max: 0.044711486
[07/18/26 13:28:32.081] [I] 	Measuring Weight: channel: 128, sat: 0.30145377, max: 0.45938483
[07/18/26 13:28:32.084] [I] 	Measuring Weight: channel: 129, sat: 0.070247896, max: 0.07025647
[07/18/26 13:28:32.086] [I] 	Measuring Weight: channel: 130, sat: 0.0788393, max: 0.07884892
[07/18/26 13:28:32.088] [I] 	Measuring Weight: channel: 131, sat: 0.13582428, max: 0.16099294
[07/18/26 13:28:32.091] [I] 	Measuring Weight: channel: 132, sat: 0.023016538, max: 0.023019347
[07/18/26 13:28:32.093] [I] 	Measuring Weight: channel: 133, sat: 0.115737565, max: 0.11575169
[07/18/26 13:28:32.096] [I] 	Measuring Weight: channel: 134, sat: 0.101406306, max: 0.10141868
[07/18/26 13:28:32.098] [I] 	Measuring Weight: channel: 135, sat: 0.08762286, max: 0.08763356
[07/18/26 13:28:32.100] [I] 	Measuring Weight: channel: 136, sat: 0.07616108, max: 0.07617037
[07/18/26 13:28:32.103] [I] 	Measuring Weight: channel: 137, sat: 0.052752767, max: 0.052759208
[07/18/26 13:28:32.105] [I] 	Measuring Weight: channel: 138, sat: 0.020551378, max: 0.020553885
[07/18/26 13:28:32.107] [I] 	Measuring Weight: channel: 139, sat: 0.05153418, max: 0.05154047
[07/18/26 13:28:32.110] [I] 	Measuring Weight: channel: 140, sat: 0.084881164, max: 0.08489152
[07/18/26 13:28:32.112] [I] 	Measuring Weight: channel: 141, sat: 0.032416135, max: 0.03242009
[07/18/26 13:28:32.115] [I] 	Measuring Weight: channel: 142, sat: 0.046384558, max: 0.046390217
[07/18/26 13:28:32.117] [I] 	Measuring Weight: channel: 143, sat: 0.14570369, max: 0.14572148
[07/18/26 13:28:32.119] [I] 	Measuring Weight: channel: 144, sat: 0.018721275, max: 0.01872356
[07/18/26 13:28:32.122] [I] 	Measuring Weight: channel: 145, sat: 0.083692014, max: 0.08370223
[07/18/26 13:28:32.124] [I] 	Measuring Weight: channel: 146, sat: 0.17273964, max: 0.17276073
[07/18/26 13:28:32.126] [I] 	Measuring Weight: channel: 147, sat: 0.08717298, max: 0.08718362
[07/18/26 13:28:32.129] [I] 	Measuring Weight: channel: 148, sat: 0.149993, max: 0.1500113
[07/18/26 13:28:32.131] [I] 	Measuring Weight: channel: 149, sat: 0.019317264, max: 0.019319622
[07/18/26 13:28:32.134] [I] 	Measuring Weight: channel: 150, sat: 0.13222352, max: 0.13223965
[07/18/26 13:28:32.136] [I] 	Measuring Weight: channel: 151, sat: 0.080916755, max: 0.08092663
[07/18/26 13:28:32.138] [I] 	Measuring Weight: channel: 152, sat: 0.061284516, max: 0.061291996
[07/18/26 13:28:32.141] [I] 	Measuring Weight: channel: 153, sat: 0.025357824, max: 0.025360918
[07/18/26 13:28:32.143] [I] 	Measuring Weight: channel: 154, sat: 0.14565338, max: 0.14567116
[07/18/26 13:28:32.145] [I] 	Measuring Weight: channel: 155, sat: 0.18821387, max: 0.18823683
[07/18/26 13:28:32.148] [I] 	Measuring Weight: channel: 156, sat: 0.12915972, max: 0.12917548
[07/18/26 13:28:32.150] [I] 	Measuring Weight: channel: 157, sat: 0.098498635, max: 0.09851065
[07/18/26 13:28:32.153] [I] 	Measuring Weight: channel: 158, sat: 0.053870622, max: 0.053877197
[07/18/26 13:28:32.155] [I] 	Measuring Weight: channel: 159, sat: 0.024837248, max: 0.024840279
[07/18/26 13:28:32.157] [I] 	Measuring Weight: channel: 160, sat: 0.03698373, max: 0.03698824
[07/18/26 13:28:32.160] [I] 	Measuring Weight: channel: 161, sat: 0.043576214, max: 0.04358153
[07/18/26 13:28:32.162] [I] 	Measuring Weight: channel: 162, sat: 0.090422444, max: 0.090433486
[07/18/26 13:28:32.165] [I] 	Measuring Weight: channel: 163, sat: 0.11032231, max: 0.11033578
[07/18/26 13:28:32.167] [I] 	Measuring Weight: channel: 164, sat: 0.20295747, max: 0.20298225
[07/18/26 13:28:32.169] [I] 	Measuring Weight: channel: 165, sat: 0.13063426, max: 0.1306502
[07/18/26 13:28:32.172] [I] 	Measuring Weight: channel: 166, sat: 0.22047773, max: 0.3359856
[07/18/26 13:28:32.174] [I] 	Measuring Weight: channel: 167, sat: 0.047866892, max: 0.047872737
[07/18/26 13:28:32.177] [I] 	Measuring Weight: channel: 168, sat: 0.0947678, max: 0.09477937
[07/18/26 13:28:32.179] [I] 	Measuring Weight: channel: 169, sat: 0.025747923, max: 0.025751065
[07/18/26 13:28:32.182] [I] 	Measuring Weight: channel: 170, sat: 0.02465515, max: 0.024658158
[07/18/26 13:28:32.184] [I] 	Measuring Weight: channel: 171, sat: 0.122930825, max: 0.12294583
[07/18/26 13:28:32.186] [I] 	Measuring Weight: channel: 172, sat: 0.09057198, max: 0.090583034
[07/18/26 13:28:32.189] [I] 	Measuring Weight: channel: 173, sat: 0.043338887, max: 0.043344177
[07/18/26 13:28:32.191] [I] 	Measuring Weight: channel: 174, sat: 0.022676094, max: 0.022678861
[07/18/26 13:28:32.194] [I] 	Measuring Weight: channel: 175, sat: 0.14560544, max: 0.1456232
[07/18/26 13:28:32.196] [I] 	Measuring Weight: channel: 176, sat: 0.038257383, max: 0.038262054
[07/18/26 13:28:32.199] [I] 	Measuring Weight: channel: 177, sat: 0.09390192, max: 0.093913384
[07/18/26 13:28:32.201] [I] 	Measuring Weight: channel: 178, sat: 0.07558358, max: 0.12730356
[07/18/26 13:28:32.203] [I] 	Measuring Weight: channel: 179, sat: 0.10964669, max: 0.109660074
[07/18/26 13:28:32.206] [I] 	Measuring Weight: channel: 180, sat: 0.068006024, max: 0.06801432
[07/18/26 13:28:32.208] [I] 	Measuring Weight: channel: 181, sat: 0.2817627, max: 0.28179708
[07/18/26 13:28:32.210] [I] 	Measuring Weight: channel: 182, sat: 0.19910124, max: 0.19912554
[07/18/26 13:28:32.213] [I] 	Measuring Weight: channel: 183, sat: 0.11643954, max: 0.11645375
[07/18/26 13:28:32.216] [I] 	Measuring Weight: channel: 184, sat: 0.12687194, max: 0.12688743
[07/18/26 13:28:32.218] [I] 	Measuring Weight: channel: 185, sat: 0.07305006, max: 0.07305897
[07/18/26 13:28:32.221] [I] 	Measuring Weight: channel: 186, sat: 0.17237303, max: 0.17239407
[07/18/26 13:28:32.223] [I] 	Measuring Weight: channel: 187, sat: 0.39936236, max: 0.39941108
[07/18/26 13:28:32.226] [I] 	Measuring Weight: channel: 188, sat: 0.034576457, max: 0.034580678
[07/18/26 13:28:32.228] [I] 	Measuring Weight: channel: 189, sat: 0.062400643, max: 0.06240826
[07/18/26 13:28:32.230] [I] 	Measuring Weight: channel: 190, sat: 0.095604524, max: 0.09561619
[07/18/26 13:28:32.233] [I] 	Measuring Weight: channel: 191, sat: 0.14442638, max: 0.144444
[07/18/26 13:28:32.235] [I] 	Measuring Weight: channel: 192, sat: 0.15990485, max: 0.15992437
[07/18/26 13:28:32.244] [I] Quantizing Op Id: 26, Type: icraft::xir::ReLUNode
[07/18/26 13:28:32.244] [I] Quantizing Op Id: 29, Type: icraft::xir::TransposeNode
[07/18/26 13:28:32.244] [I] Quantizing Op Id: 30, Type: icraft::xir::Conv2dNode
[07/18/26 13:28:32.248] [I] 	Measuring Weight: channel: 1, sat: 1.1302634, max: 1.1304014
[07/18/26 13:28:32.250] [I] 	Measuring Weight: channel: 2, sat: 1.2367928, max: 1.2369438
[07/18/26 13:28:32.253] [I] 	Measuring Weight: channel: 3, sat: 1.0622786, max: 1.0624082
[07/18/26 13:28:32.256] [I] 	Measuring Weight: channel: 4, sat: 1.135375, max: 1.1355137
[07/18/26 13:28:32.258] [I] 	Measuring Weight: channel: 5, sat: 0.9492432, max: 0.94935906
[07/18/26 13:28:32.261] [I] 	Measuring Weight: channel: 6, sat: 1.1281677, max: 1.1283054
[07/18/26 13:28:32.263] [I] 	Measuring Weight: channel: 7, sat: 0.9742257, max: 0.9743446
[07/18/26 13:28:32.266] [I] 	Measuring Weight: channel: 8, sat: 0.9121749, max: 0.9122862
[07/18/26 13:28:32.268] [I] 	Measuring Weight: channel: 9, sat: 1.1487311, max: 1.1488713
[07/18/26 13:28:32.270] [I] 	Measuring Weight: channel: 10, sat: 0.9657426, max: 0.9658604
[07/18/26 13:28:32.273] [I] 	Measuring Weight: channel: 11, sat: 1.1820124, max: 1.1821567
[07/18/26 13:28:32.275] [I] 	Measuring Weight: channel: 12, sat: 1.1272105, max: 1.1273481
[07/18/26 13:28:32.278] [I] 	Measuring Weight: channel: 13, sat: 1.0120056, max: 1.0121291
[07/18/26 13:28:32.280] [I] 	Measuring Weight: channel: 14, sat: 1.0125763, max: 1.0127
[07/18/26 13:28:32.283] [I] 	Measuring Weight: channel: 15, sat: 0.93952304, max: 0.9396377
[07/18/26 13:28:32.286] [I] 	Measuring Weight: channel: 16, sat: 0.9256251, max: 0.9257381
[07/18/26 13:28:32.288] [I] 	Measuring Weight: channel: 17, sat: 0.9158775, max: 0.91598934
[07/18/26 13:28:32.291] [I] 	Measuring Weight: channel: 18, sat: 1.0199646, max: 1.0200891
[07/18/26 13:28:32.293] [I] 	Measuring Weight: channel: 19, sat: 1.095775, max: 1.0959088
[07/18/26 13:28:32.295] [I] 	Measuring Weight: channel: 20, sat: 1.0500458, max: 1.050174
[07/18/26 13:28:32.298] [I] 	Measuring Weight: channel: 21, sat: 0.9607419, max: 0.9608592
[07/18/26 13:28:32.300] [I] 	Measuring Weight: channel: 22, sat: 1.3508233, max: 1.3509881
[07/18/26 13:28:32.302] [I] 	Measuring Weight: channel: 23, sat: 0.9859312, max: 0.98605156
[07/18/26 13:28:32.305] [I] 	Measuring Weight: channel: 24, sat: 0.79513097, max: 0.795228
[07/18/26 13:28:32.307] [I] 	Measuring Weight: channel: 25, sat: 0.7522022, max: 0.75229406
[07/18/26 13:28:32.309] [I] 	Measuring Weight: channel: 26, sat: 1.3021748, max: 1.3023338
[07/18/26 13:28:32.312] [I] 	Measuring Weight: channel: 27, sat: 0.7526877, max: 0.7527796
[07/18/26 13:28:32.314] [I] 	Measuring Weight: channel: 28, sat: 0.81306255, max: 0.8131618
[07/18/26 13:28:32.316] [I] 	Measuring Weight: channel: 29, sat: 1.0460795, max: 1.0462072
[07/18/26 13:28:32.319] [I] 	Measuring Weight: channel: 30, sat: 0.9392095, max: 0.9393242
[07/18/26 13:28:32.321] [I] 	Measuring Weight: channel: 31, sat: 0.7043045, max: 0.70439047
[07/18/26 13:28:32.324] [I] 	Measuring Weight: channel: 32, sat: 1.2168267, max: 1.2169752
[07/18/26 13:28:32.326] [I] 	Measuring Weight: channel: 33, sat: 0.9969304, max: 0.99705213
[07/18/26 13:28:32.328] [I] 	Measuring Weight: channel: 34, sat: 0.8318767, max: 0.83197826
[07/18/26 13:28:32.331] [I] 	Measuring Weight: channel: 35, sat: 0.7472574, max: 0.7473486
[07/18/26 13:28:32.333] [I] 	Measuring Weight: channel: 36, sat: 1.1602893, max: 1.1604309
[07/18/26 13:28:32.335] [I] 	Measuring Weight: channel: 37, sat: 0.74809796, max: 0.7481893
[07/18/26 13:28:32.338] [I] 	Measuring Weight: channel: 38, sat: 0.90045005, max: 0.90055996
[07/18/26 13:28:32.340] [I] 	Measuring Weight: channel: 39, sat: 1.0099348, max: 1.010058
[07/18/26 13:28:32.342] [I] 	Measuring Weight: channel: 40, sat: 0.9538498, max: 0.9539662
[07/18/26 13:28:32.345] [I] 	Measuring Weight: channel: 41, sat: 0.7073347, max: 0.70742106
[07/18/26 13:28:32.347] [I] 	Measuring Weight: channel: 42, sat: 1.3548981, max: 1.3550634
[07/18/26 13:28:32.349] [I] 	Measuring Weight: channel: 43, sat: 0.99065554, max: 0.9907764
[07/18/26 13:28:32.352] [I] 	Measuring Weight: channel: 44, sat: 0.67591006, max: 0.67599255
[07/18/26 13:28:32.354] [I] 	Measuring Weight: channel: 45, sat: 0.7587596, max: 0.7588522
[07/18/26 13:28:32.356] [I] 	Measuring Weight: channel: 46, sat: 1.3454881, max: 1.3456522
[07/18/26 13:28:32.359] [I] 	Measuring Weight: channel: 47, sat: 0.72537273, max: 0.7254613
[07/18/26 13:28:32.361] [I] 	Measuring Weight: channel: 48, sat: 0.8312231, max: 0.8313245
[07/18/26 13:28:32.363] [I] 	Measuring Weight: channel: 49, sat: 1.0129261, max: 1.0130497
[07/18/26 13:28:32.366] [I] 	Measuring Weight: channel: 50, sat: 0.9186313, max: 0.91874343
[07/18/26 13:28:32.368] [I] 	Measuring Weight: channel: 51, sat: 0.6887458, max: 0.6888299
[07/18/26 13:28:32.370] [I] 	Measuring Weight: channel: 52, sat: 1.6326232, max: 1.6328224
[07/18/26 13:28:32.373] [I] 	Measuring Weight: channel: 53, sat: 0.99120986, max: 0.99133086
[07/18/26 13:28:32.375] [I] 	Measuring Weight: channel: 54, sat: 0.68902725, max: 0.68911135
[07/18/26 13:28:32.378] [I] 	Measuring Weight: channel: 55, sat: 0.7748323, max: 0.77492684
[07/18/26 13:28:32.380] [I] 	Measuring Weight: channel: 56, sat: 1.4292924, max: 1.429467
[07/18/26 13:28:32.382] [I] 	Measuring Weight: channel: 57, sat: 0.7253618, max: 0.7254504
[07/18/26 13:28:32.384] [I] 	Measuring Weight: channel: 58, sat: 0.8216697, max: 0.82176995
[07/18/26 13:28:32.387] [I] 	Measuring Weight: channel: 59, sat: 0.997694, max: 0.9978158
[07/18/26 13:28:32.389] [I] 	Measuring Weight: channel: 60, sat: 0.9263568, max: 0.92646986
[07/18/26 13:28:32.391] [I] 	Measuring Weight: channel: 61, sat: 0.63270783, max: 0.632785
[07/18/26 13:28:32.394] [I] 	Measuring Weight: channel: 62, sat: 0.40195847, max: 0.40200752
[07/18/26 13:28:32.396] [I] 	Measuring Weight: channel: 63, sat: 0.7346382, max: 0.7347279
[07/18/26 13:28:32.398] [I] 	Measuring Weight: channel: 64, sat: 0.40142855, max: 0.40147755
[07/18/26 13:28:32.401] [I] 	Measuring Weight: channel: 65, sat: 1.106783, max: 1.1069181
[07/18/26 13:28:32.403] [I] 	Measuring Weight: channel: 66, sat: 1.3207725, max: 1.3209338
[07/18/26 13:28:32.406] [I] 	Measuring Weight: channel: 67, sat: 0.8165068, max: 0.81660646
[07/18/26 13:28:32.408] [I] 	Measuring Weight: channel: 68, sat: 0.91653895, max: 0.91665083
[07/18/26 13:28:32.410] [I] 	Measuring Weight: channel: 69, sat: 0.84652287, max: 0.8466262
[07/18/26 13:28:32.413] [I] 	Measuring Weight: channel: 70, sat: 0.78570086, max: 0.78579676
[07/18/26 13:28:32.415] [I] 	Measuring Weight: channel: 71, sat: 0.61893773, max: 0.6190133
[07/18/26 13:28:32.417] [I] 	Measuring Weight: channel: 72, sat: 0.40362376, max: 0.40367302
[07/18/26 13:28:32.420] [I] 	Measuring Weight: channel: 73, sat: 0.6986715, max: 0.69875675
[07/18/26 13:28:32.422] [I] 	Measuring Weight: channel: 74, sat: 0.4098213, max: 0.40987134
[07/18/26 13:28:32.425] [I] 	Measuring Weight: channel: 75, sat: 0.9831631, max: 0.98328316
[07/18/26 13:28:32.427] [I] 	Measuring Weight: channel: 76, sat: 1.2088097, max: 1.2089572
[07/18/26 13:28:32.430] [I] 	Measuring Weight: channel: 77, sat: 0.80398965, max: 0.8040878
[07/18/26 13:28:32.432] [I] 	Measuring Weight: channel: 78, sat: 0.9052183, max: 0.90532875
[07/18/26 13:28:32.434] [I] 	Measuring Weight: channel: 79, sat: 0.8439515, max: 0.8440545
[07/18/26 13:28:32.437] [I] 	Measuring Weight: channel: 80, sat: 0.8139914, max: 0.8140908
[07/18/26 13:28:32.437] [I] Quantizing Op Id: 32, Type: icraft::xir::Conv2dNode
[07/18/26 13:28:32.440] [I] 	Measuring Weight: channel: 1, sat: 0.14981262, max: 0.14983091
[07/18/26 13:28:32.443] [I] 	Measuring Weight: channel: 2, sat: 0.14471953, max: 0.1447372
[07/18/26 13:28:32.445] [I] 	Measuring Weight: channel: 3, sat: 0.30334496, max: 0.303382
[07/18/26 13:28:32.447] [I] 	Measuring Weight: channel: 4, sat: 0.18747719, max: 0.18750006
[07/18/26 13:28:32.450] [I] 	Measuring Weight: channel: 5, sat: 0.21155442, max: 0.21158025
[07/18/26 13:28:32.452] [I] 	Measuring Weight: channel: 6, sat: 0.14399067, max: 0.14400825
[07/18/26 13:28:32.455] [I] 	Measuring Weight: channel: 7, sat: 0.5227399, max: 0.5228037
[07/18/26 13:28:32.456] [I] 	Measuring Weight: channel: 8, sat: 0.606713, max: 0.6067871
[07/18/26 13:28:32.458] [I] 	Measuring Weight: channel: 9, sat: 0.59534335, max: 0.595416
[07/18/26 13:28:32.461] [I] 	Measuring Weight: channel: 10, sat: 0.14601043, max: 0.14602825
[07/18/26 13:28:32.463] [I] 	Measuring Weight: channel: 11, sat: 0.17423867, max: 0.17425993
[07/18/26 13:28:32.466] [I] 	Measuring Weight: channel: 12, sat: 0.30678973, max: 0.3068272
[07/18/26 13:28:32.468] [I] 	Measuring Weight: channel: 13, sat: 0.16247861, max: 0.16249844
[07/18/26 13:28:32.470] [I] 	Measuring Weight: channel: 14, sat: 0.1801741, max: 0.18019609
[07/18/26 13:28:32.473] [I] 	Measuring Weight: channel: 15, sat: 0.14279668, max: 0.1428141
[07/18/26 13:28:32.475] [I] 	Measuring Weight: channel: 16, sat: 0.45434368, max: 0.45439914
[07/18/26 13:28:32.477] [I] 	Measuring Weight: channel: 17, sat: 0.60838014, max: 0.6084544
[07/18/26 13:28:32.479] [I] 	Measuring Weight: channel: 18, sat: 0.59559035, max: 0.595663
[07/18/26 13:28:32.482] [I] 	Measuring Weight: channel: 19, sat: 0.22172786, max: 0.22175492
[07/18/26 13:28:32.484] [I] 	Measuring Weight: channel: 20, sat: 0.21966648, max: 0.2196933
[07/18/26 13:28:32.486] [I] 	Measuring Weight: channel: 21, sat: 0.3042357, max: 0.30427283
[07/18/26 13:28:32.489] [I] 	Measuring Weight: channel: 22, sat: 0.3591364, max: 0.35918024
[07/18/26 13:28:32.491] [I] 	Measuring Weight: channel: 23, sat: 0.42065307, max: 0.42070442
[07/18/26 13:28:32.493] [I] 	Measuring Weight: channel: 24, sat: 0.14471303, max: 0.1447307
[07/18/26 13:28:32.495] [I] 	Measuring Weight: channel: 25, sat: 0.5244992, max: 0.5245632
[07/18/26 13:28:32.497] [I] 	Measuring Weight: channel: 26, sat: 0.59289664, max: 0.592969
[07/18/26 13:28:32.499] [I] 	Measuring Weight: channel: 27, sat: 0.6024078, max: 0.6024813
[07/18/26 13:28:32.502] [I] 	Measuring Weight: channel: 28, sat: 0.18742205, max: 0.18744493
[07/18/26 13:28:32.504] [I] 	Measuring Weight: channel: 29, sat: 0.27103725, max: 0.27107033
[07/18/26 13:28:32.507] [I] 	Measuring Weight: channel: 30, sat: 0.30647358, max: 0.30651098
[07/18/26 13:28:32.509] [I] 	Measuring Weight: channel: 31, sat: 0.331511, max: 0.33155143
[07/18/26 13:28:32.511] [I] 	Measuring Weight: channel: 32, sat: 0.41397986, max: 0.4140304
[07/18/26 13:28:32.514] [I] 	Measuring Weight: channel: 33, sat: 0.1432044, max: 0.14322188
[07/18/26 13:28:32.516] [I] 	Measuring Weight: channel: 34, sat: 0.54969496, max: 0.549762
[07/18/26 13:28:32.518] [I] 	Measuring Weight: channel: 35, sat: 0.5982816, max: 0.59835464
[07/18/26 13:28:32.521] [I] 	Measuring Weight: channel: 36, sat: 0.6009051, max: 0.60097843
[07/18/26 13:28:32.523] [I] 	Measuring Weight: channel: 37, sat: 0.30789062, max: 0.3079282
[07/18/26 13:28:32.526] [I] 	Measuring Weight: channel: 38, sat: 0.3514457, max: 0.35148862
[07/18/26 13:28:32.529] [I] 	Measuring Weight: channel: 39, sat: 0.3175997, max: 0.31763846
[07/18/26 13:28:32.531] [I] 	Measuring Weight: channel: 40, sat: 0.3369423, max: 0.3369834
[07/18/26 13:28:32.533] [I] 	Measuring Weight: channel: 41, sat: 0.4101061, max: 0.41015613
[07/18/26 13:28:32.536] [I] 	Measuring Weight: channel: 42, sat: 0.14631347, max: 0.14633134
[07/18/26 13:28:32.538] [I] 	Measuring Weight: channel: 43, sat: 0.5022347, max: 0.50229603
[07/18/26 13:28:32.540] [I] 	Measuring Weight: channel: 44, sat: 0.59235924, max: 0.59243155
[07/18/26 13:28:32.542] [I] 	Measuring Weight: channel: 45, sat: 0.6083509, max: 0.60842514
[07/18/26 13:28:32.544] [I] 	Measuring Weight: channel: 46, sat: 0.31142652, max: 0.31146455
[07/18/26 13:28:32.547] [I] 	Measuring Weight: channel: 47, sat: 0.35336104, max: 0.35340416
[07/18/26 13:28:32.549] [I] 	Measuring Weight: channel: 48, sat: 0.31710577, max: 0.31714445
[07/18/26 13:28:32.551] [I] 	Measuring Weight: channel: 49, sat: 0.347151, max: 0.3471934
[07/18/26 13:28:32.553] [I] 	Measuring Weight: channel: 50, sat: 0.41109243, max: 0.4111426
[07/18/26 13:28:32.555] [I] 	Measuring Weight: channel: 51, sat: 0.14632607, max: 0.14634392
[07/18/26 13:28:32.558] [I] 	Measuring Weight: channel: 52, sat: 0.48482332, max: 0.48488247
[07/18/26 13:28:32.560] [I] 	Measuring Weight: channel: 53, sat: 0.59139246, max: 0.59146464
[07/18/26 13:28:32.562] [I] 	Measuring Weight: channel: 54, sat: 0.61287403, max: 0.61294883
[07/18/26 13:28:32.564] [I] 	Measuring Weight: channel: 55, sat: 0.4927174, max: 0.49277753
[07/18/26 13:28:32.566] [I] 	Measuring Weight: channel: 56, sat: 0.7339653, max: 0.73405486
[07/18/26 13:28:32.568] [I] 	Measuring Weight: channel: 57, sat: 0.30484375, max: 0.30488098
[07/18/26 13:28:32.571] [I] 	Measuring Weight: channel: 58, sat: 0.20709027, max: 0.20711556
[07/18/26 13:28:32.573] [I] 	Measuring Weight: channel: 59, sat: 0.34545252, max: 0.3454947
[07/18/26 13:28:32.575] [I] 	Measuring Weight: channel: 60, sat: 0.13841532, max: 0.13843222
[07/18/26 13:28:32.578] [I] 	Measuring Weight: channel: 61, sat: 0.5050766, max: 0.5051383
[07/18/26 13:28:32.580] [I] 	Measuring Weight: channel: 62, sat: 0.58673745, max: 0.5868091
[07/18/26 13:28:32.582] [I] 	Measuring Weight: channel: 63, sat: 0.6385281, max: 0.638606
[07/18/26 13:28:32.584] [I] 	Measuring Weight: channel: 64, sat: 0.4944045, max: 0.49446484
[07/18/26 13:28:32.586] [I] 	Measuring Weight: channel: 65, sat: 0.8467174, max: 0.8468208
[07/18/26 13:28:32.589] [I] 	Measuring Weight: channel: 66, sat: 0.30579895, max: 0.3058363
[07/18/26 13:28:32.591] [I] 	Measuring Weight: channel: 67, sat: 0.24798405, max: 0.24801432
[07/18/26 13:28:32.593] [I] 	Measuring Weight: channel: 68, sat: 0.3439874, max: 0.3440294
[07/18/26 13:28:32.596] [I] 	Measuring Weight: channel: 69, sat: 0.13857342, max: 0.13859034
[07/18/26 13:28:32.598] [I] 	Measuring Weight: channel: 70, sat: 0.54936534, max: 0.5494324
[07/18/26 13:28:32.600] [I] 	Measuring Weight: channel: 71, sat: 0.58823013, max: 0.5883019
[07/18/26 13:28:32.602] [I] 	Measuring Weight: channel: 72, sat: 0.64175785, max: 0.64183617
[07/18/26 13:28:32.603] [I] Quantizing Op Id: 34, Type: icraft::xir::Conv2dNode
[07/18/26 13:28:32.606] [I] 	Measuring Weight: channel: 1, sat: 1.0276567, max: 1.0277821
[07/18/26 13:28:32.608] [I] 	Measuring Weight: channel: 2, sat: 1.0333674, max: 1.0334935
[07/18/26 13:28:32.610] [I] 	Measuring Weight: channel: 3, sat: 0.83341575, max: 0.83351743
[07/18/26 13:28:32.613] [I] 	Measuring Weight: channel: 4, sat: 0.83685845, max: 0.83696055
[07/18/26 13:28:32.615] [I] 	Measuring Weight: channel: 5, sat: 0.6364616, max: 0.63653934
[07/18/26 13:28:32.618] [I] 	Measuring Weight: channel: 6, sat: 0.6292059, max: 0.6292827
[07/18/26 13:28:32.620] [I] 	Measuring Weight: channel: 7, sat: 0.58193195, max: 0.58200294
[07/18/26 13:28:32.623] [I] 	Measuring Weight: channel: 8, sat: 0.5764465, max: 0.57651687
[07/18/26 13:28:32.625] [I] 	Measuring Weight: channel: 9, sat: 0.7031516, max: 0.7032374
[07/18/26 13:28:32.627] [I] 	Measuring Weight: channel: 10, sat: 0.7042048, max: 0.70429075
[07/18/26 13:28:32.630] [I] 	Measuring Weight: channel: 11, sat: 0.6609991, max: 0.66107976
[07/18/26 13:28:32.632] [I] 	Measuring Weight: channel: 12, sat: 0.66237336, max: 0.66245425
[07/18/26 13:28:32.635] [I] 	Measuring Weight: channel: 13, sat: 0.5504565, max: 0.5505237
[07/18/26 13:28:32.637] [I] 	Measuring Weight: channel: 14, sat: 0.56329584, max: 0.5633646
[07/18/26 13:28:32.640] [I] 	Measuring Weight: channel: 15, sat: 0.5524924, max: 0.55255985
[07/18/26 13:28:32.642] [I] 	Measuring Weight: channel: 16, sat: 0.5437351, max: 0.5438015
[07/18/26 13:28:32.642] [I] Quantizing Op Id: 35, Type: icraft::xir::SigmoidNode
[07/18/26 13:28:32.642] [I] Quantizing Op Id: 43, Type: icraft::xir::CastNode
[07/18/26 13:28:32.642] [I] Quantizing Op Id: 44, Type: icraft::xir::CastNode
[07/18/26 13:28:32.643] [I] Quantizing Op Id: 45, Type: icraft::xir::CastNode
[07/18/26 13:28:32.643] [I] Quantizing Op Id: 46, Type: icraft::xir::CastNode
[07/18/26 13:28:32.643] [I] Quantizing Op Id: 47, Type: icraft::xir::CastNode
[07/18/26 13:28:32.643] [I] Quantizing Op Id: 48, Type: icraft::xir::CastNode
[07/18/26 13:28:32.643] [I] Quantizing Op Id: 36, Type: icraft::xir::OutputNode
