raw_id,size,max,sat,scale,exp
230,1x1x3x3,0.017124753 0.017507004 0.017429193,0.017122664 0.017504867 0.017427066,,
234,1x1x3x3,0.017124753 0.017507004 0.017429193,0.017122664 0.017504867 0.017427066,,
238,1x1x3x3,0.017124753 0.017507004 0.017429193,0.017122664 0.017504867 0.017427066,,
242,1x1x3x3,0.017124753 0.017507004 0.017429193,0.017122664 0.017504867 0.017427066,,
246,1x1x3x3,0.017124753 0.017507004 0.017429193,0.017122664 0.017504867 0.017427066,,
250,1x1x3x3,0.017124753 0.017507004 0.017429193,0.017122664 0.017504867 0.017427066,,
268,7x7x3x64,0.17941876 0.044500463 0 0.048556227 0 0.1136751 0.11658362 0 0.19843829 5.197836e-10 0.09312163 0.07622302 0.036474697 1.9559547e-08 0.021891752 0.19511242 0.03375652 0.013631076 0.07907592 0.021979429 0.05766044 0.010790876 0.032027833 0.19544837 0.39387545 0.03130431 0.02171864 0.033983506 0.07778122 0.10759951 0.13582975 0.06047244 0.035934765 0.08663322 0.048700433 0.036285497 0 0.037774436 0 0.36981946 0.28552818 0.14981999 0.14510995 0.079413325 0.10284542 0.037830915 0.016752034 0.21811299 0 0.15919185 0.30834106 0.1392751 0.06553612 0.26965028 0.011114773 0.20308617 0.053743225 0.02430428 0.061993048 0.15965736 0.12977785 0.009402235 0.035873894 0.12594284,0.17939685 0.04449503 0 0.048550304 0 0.11366123 0.1165694 0 0.19841407 5.197202e-10 0.09311026 0.076213725 0.036470246 1.955716e-08 0.02188908 0.19508861 0.0337524 0.013629412 0.07906626 0.021976747 0.057653405 0.010789559 0.032023925 0.19542453 0.39382738 0.031300493 0.02171599 0.033979356 0.07777173 0.10758638 0.13581316 0.06046506 0.03593038 0.08662265 0.048694488 0.03628107 0 0.037769824 0 0.3697743 0.28549334 0.1498017 0.14509223 0.07940363 0.102832876 0.037826296 0.016749991 0.21808636 0 0.15917242 0.30830345 0.13925812 0.06552812 0.26961738 0.011113416 0.20306137 0.053736668 0.024301313 0.06198548 0.15963788 0.12976201 0.009401088 0.035869516 0.12592746,,
272,7x7x3x64,0.17941876 0.044500463 0 0.048556227 0 0.1136751 0.11658362 0 0.19843829 5.197836e-10 0.09312163 0.07622302 0.036474697 1.9559547e-08 0.021891752 0.19511242 0.03375652 0.013631076 0.07907592 0.021979429 0.05766044 0.010790876 0.032027833 0.19544837 0.39387545 0.03130431 0.02171864 0.033983506 0.07778122 0.10759951 0.13582975 0.06047244 0.035934765 0.08663322 0.048700433 0.036285497 0 0.037774436 0 0.36981946 0.28552818 0.14981999 0.14510995 0.079413325 0.10284542 0.037830915 0.016752034 0.21811299 0 0.15919185 0.30834106 0.1392751 0.06553612 0.26965028 0.011114773 0.20308617 0.053743225 0.02430428 0.061993048 0.15965736 0.12977785 0.009402235 0.035873894 0.12594284,0.17939685 0.04449503 0 0.048550304 0 0.11366123 0.1165694 0 0.19841407 5.197202e-10 0.09311026 0.076213725 0.036470246 1.955716e-08 0.02188908 0.19508861 0.0337524 0.013629412 0.07906626 0.021976747 0.057653405 0.010789559 0.032023925 0.19542453 0.39382738 0.031300493 0.02171599 0.033979356 0.07777173 0.10758638 0.13581316 0.06046506 0.03593038 0.08662265 0.048694488 0.03628107 0 0.037769824 0 0.3697743 0.28549334 0.1498017 0.14509223 0.07940363 0.102832876 0.037826296 0.016749991 0.21808636 0 0.15917242 0.30830345 0.13925812 0.06552812 0.26961738 0.011113416 0.20306137 0.053736668 0.024301313 0.06198548 0.15963788 0.12976201 0.009401088 0.035869516 0.12592746,,
276,7x7x3x64,0.17941876 0.044500463 0 0.048556227 0 0.1136751 0.11658362 0 0.19843829 5.197836e-10 0.09312163 0.07622302 0.036474697 1.9559547e-08 0.021891752 0.19511242 0.03375652 0.013631076 0.07907592 0.021979429 0.05766044 0.010790876 0.032027833 0.19544837 0.39387545 0.03130431 0.02171864 0.033983506 0.07778122 0.10759951 0.13582975 0.06047244 0.035934765 0.08663322 0.048700433 0.036285497 0 0.037774436 0 0.36981946 0.28552818 0.14981999 0.14510995 0.079413325 0.10284542 0.037830915 0.016752034 0.21811299 0 0.15919185 0.30834106 0.1392751 0.06553612 0.26965028 0.011114773 0.20308617 0.053743225 0.02430428 0.061993048 0.15965736 0.12977785 0.009402235 0.035873894 0.12594284,0.17939685 0.04449503 0 0.048550304 0 0.11366123 0.1165694 0 0.19841407 5.197202e-10 0.09311026 0.076213725 0.036470246 1.955716e-08 0.02188908 0.19508861 0.0337524 0.013629412 0.07906626 0.021976747 0.057653405 0.010789559 0.032023925 0.19542453 0.39382738 0.031300493 0.02171599 0.033979356 0.07777173 0.10758638 0.13581316 0.06046506 0.03593038 0.08662265 0.048694488 0.03628107 0 0.037769824 0 0.3697743 0.28549334 0.1498017 0.14509223 0.07940363 0.102832876 0.037826296 0.016749991 0.21808636 0 0.15917242 0.30830345 0.13925812 0.06552812 0.26961738 0.011113416 0.20306137 0.053736668 0.024301313 0.06198548 0.15963788 0.12976201 0.009401088 0.035869516 0.12592746,,
280,7x7x3x64,0.17941876 0.044500463 0 0.048556227 0 0.1136751 0.11658362 0 0.19843829 5.197836e-10 0.09312163 0.07622302 0.036474697 1.9559547e-08 0.021891752 0.19511242 0.03375652 0.013631076 0.07907592 0.021979429 0.05766044 0.010790876 0.032027833 0.19544837 0.39387545 0.03130431 0.02171864 0.033983506 0.07778122 0.10759951 0.13582975 0.06047244 0.035934765 0.08663322 0.048700433 0.036285497 0 0.037774436 0 0.36981946 0.28552818 0.14981999 0.14510995 0.079413325 0.10284542 0.037830915 0.016752034 0.21811299 0 0.15919185 0.30834106 0.1392751 0.06553612 0.26965028 0.011114773 0.20308617 0.053743225 0.02430428 0.061993048 0.15965736 0.12977785 0.009402235 0.035873894 0.12594284,0.17939685 0.04449503 0 0.048550304 0 0.11366123 0.1165694 0 0.19841407 5.197202e-10 0.09311026 0.076213725 0.036470246 1.955716e-08 0.02188908 0.19508861 0.0337524 0.013629412 0.07906626 0.021976747 0.057653405 0.010789559 0.032023925 0.19542453 0.39382738 0.031300493 0.02171599 0.033979356 0.07777173 0.10758638 0.13581316 0.06046506 0.03593038 0.08662265 0.048694488 0.03628107 0 0.037769824 0 0.3697743 0.28549334 0.1498017 0.14509223 0.07940363 0.102832876 0.037826296 0.016749991 0.21808636 0 0.15917242 0.30830345 0.13925812 0.06552812 0.26961738 0.011113416 0.20306137 0.053736668 0.024301313 0.06198548 0.15963788 0.12976201 0.009401088 0.035869516 0.12592746,,
284,7x7x3x64,0.17941876 0.044500463 0 0.048556227 0 0.1136751 0.11658362 0 0.19843829 5.197836e-10 0.09312163 0.07622302 0.036474697 1.9559547e-08 0.021891752 0.19511242 0.03375652 0.013631076 0.07907592 0.021979429 0.05766044 0.010790876 0.032027833 0.19544837 0.39387545 0.03130431 0.02171864 0.033983506 0.07778122 0.10759951 0.13582975 0.06047244 0.035934765 0.08663322 0.048700433 0.036285497 0 0.037774436 0 0.36981946 0.28552818 0.14981999 0.14510995 0.079413325 0.10284542 0.037830915 0.016752034 0.21811299 0 0.15919185 0.30834106 0.1392751 0.06553612 0.26965028 0.011114773 0.20308617 0.053743225 0.02430428 0.061993048 0.15965736 0.12977785 0.009402235 0.035873894 0.12594284,0.17939685 0.04449503 0 0.048550304 0 0.11366123 0.1165694 0 0.19841407 5.197202e-10 0.09311026 0.076213725 0.036470246 1.955716e-08 0.02188908 0.19508861 0.0337524 0.013629412 0.07906626 0.021976747 0.057653405 0.010789559 0.032023925 0.19542453 0.39382738 0.031300493 0.02171599 0.033979356 0.07777173 0.10758638 0.13581316 0.06046506 0.03593038 0.08662265 0.048694488 0.03628107 0 0.037769824 0 0.3697743 0.28549334 0.1498017 0.14509223 0.07940363 0.102832876 0.037826296 0.016749991 0.21808636 0 0.15917242 0.30830345 0.13925812 0.06552812 0.26961738 0.011113416 0.20306137 0.053736668 0.024301313 0.06198548 0.15963788 0.12976201 0.009401088 0.035869516 0.12592746,,
288,7x7x3x64,0.17941876 0.044500463 0 0.048556227 0 0.1136751 0.11658362 0 0.19843829 5.197836e-10 0.09312163 0.07622302 0.036474697 1.9559547e-08 0.021891752 0.19511242 0.03375652 0.013631076 0.07907592 0.021979429 0.05766044 0.010790876 0.032027833 0.19544837 0.39387545 0.03130431 0.02171864 0.033983506 0.07778122 0.10759951 0.13582975 0.06047244 0.035934765 0.08663322 0.048700433 0.036285497 0 0.037774436 0 0.36981946 0.28552818 0.14981999 0.14510995 0.079413325 0.10284542 0.037830915 0.016752034 0.21811299 0 0.15919185 0.30834106 0.1392751 0.06553612 0.26965028 0.011114773 0.20308617 0.053743225 0.02430428 0.061993048 0.15965736 0.12977785 0.009402235 0.035873894 0.12594284,0.17939685 0.04449503 0 0.048550304 0 0.11366123 0.1165694 0 0.19841407 5.197202e-10 0.09311026 0.076213725 0.036470246 1.955716e-08 0.02188908 0.19508861 0.0337524 0.013629412 0.07906626 0.021976747 0.057653405 0.010789559 0.032023925 0.19542453 0.39382738 0.031300493 0.02171599 0.033979356 0.07777173 0.10758638 0.13581316 0.06046506 0.03593038 0.08662265 0.048694488 0.03628107 0 0.037769824 0 0.3697743 0.28549334 0.1498017 0.14509223 0.07940363 0.102832876 0.037826296 0.016749991 0.21808636 0 0.15917242 0.30830345 0.13925812 0.06552812 0.26961738 0.011113416 0.20306137 0.053736668 0.024301313 0.06198548 0.15963788 0.12976201 0.009401088 0.035869516 0.12592746,,
306,3x3x64x64,0.37450415 0.11910731 0.2715729 0.20916116 0.18325216 0.121072456 0.27902475 0.051017437 0.17521541 0.102409974 0.099438414 0.18015195 0.24005003 0.075785965 0.12476005 0.19948037 0.23535575 0.0958919 0.22732133 0.16570626 0.19323738 0.19563758 0.2555065 0.15634343 0.17065676 0.15431438 0.06240527 0.17651193 0.2587372 0.15011825 0.33263966 0.2863033 0.21091548 0.22951871 0.30489415 0.19861153 0.15604654 0.21912538 0.22184528 0.2800366 0.23773544 0.19512637 0.14165254 0.13435563 0.0639136 0.20890394 0.22827047 0.1546484 0.20058133 0.15881237 0.101297215 0.14939584 0.10598239 0.29075435 0.27730063 0.2970121 0.09927035 0.12150299 0.22460994 0.13828938 0.18507145 0.16076143 0.09381127 0.24569012,0.37445846 0.11909278 0.27153975 0.20913564 0.18322979 0.12105768 0.27899072 0.05101121 0.17519403 0.10239747 0.09942628 0.18012996 0.24002074 0.07577671 0.124744825 0.19945604 0.23532704 0.0958802 0.22729358 0.16568604 0.1932138 0.1956137 0.25547528 0.15632434 0.17063594 0.15429555 0.06239765 0.1764904 0.25870565 0.15009992 0.33259907 0.28626835 0.21088973 0.2294907 0.30485696 0.1985873 0.1560275 0.21909864 0.22181821 0.28000244 0.23770642 0.19510256 0.14163525 0.13433923 0.0639058 0.20887844 0.22824262 0.15462953 0.20055684 0.158793 0.101284854 0.14937761 0.10596946 0.29071888 0.2772668 0.29697582 0.09925824 0.12148816 0.22458254 0.13827251 0.18504888 0.16074182 0.09379983 0.24566014,,
310,3x3x64x64,0.37450415 0.11910731 0.2715729 0.20916116 0.18325216 0.121072456 0.27902475 0.051017437 0.17521541 0.102409974 0.099438414 0.18015195 0.24005003 0.075785965 0.12476005 0.19948037 0.23535575 0.0958919 0.22732133 0.16570626 0.19323738 0.19563758 0.2555065 0.15634343 0.17065676 0.15431438 0.06240527 0.17651193 0.2587372 0.15011825 0.33263966 0.2863033 0.21091548 0.22951871 0.30489415 0.19861153 0.15604654 0.21912538 0.22184528 0.2800366 0.23773544 0.19512637 0.14165254 0.13435563 0.0639136 0.20890394 0.22827047 0.1546484 0.20058133 0.15881237 0.101297215 0.14939584 0.10598239 0.29075435 0.27730063 0.2970121 0.09927035 0.12150299 0.22460994 0.13828938 0.18507145 0.16076143 0.09381127 0.24569012,0.37445846 0.11909278 0.27153975 0.20913564 0.18322979 0.12105768 0.27899072 0.05101121 0.17519403 0.10239747 0.09942628 0.18012996 0.24002074 0.07577671 0.124744825 0.19945604 0.23532704 0.0958802 0.22729358 0.16568604 0.1932138 0.1956137 0.25547528 0.15632434 0.17063594 0.15429555 0.06239765 0.1764904 0.25870565 0.15009992 0.33259907 0.28626835 0.21088973 0.2294907 0.30485696 0.1985873 0.1560275 0.21909864 0.22181821 0.28000244 0.23770642 0.19510256 0.14163525 0.13433923 0.0639058 0.20887844 0.22824262 0.15462953 0.20055684 0.158793 0.101284854 0.14937761 0.10596946 0.29071888 0.2772668 0.29697582 0.09925824 0.12148816 0.22458254 0.13827251 0.18504888 0.16074182 0.09379983 0.24566014,,
314,3x3x64x64,0.37450415 0.11910731 0.2715729 0.20916116 0.18325216 0.121072456 0.27902475 0.051017437 0.17521541 0.102409974 0.099438414 0.18015195 0.24005003 0.075785965 0.12476005 0.19948037 0.23535575 0.0958919 0.22732133 0.16570626 0.19323738 0.19563758 0.2555065 0.15634343 0.17065676 0.15431438 0.06240527 0.17651193 0.2587372 0.15011825 0.33263966 0.2863033 0.21091548 0.22951871 0.30489415 0.19861153 0.15604654 0.21912538 0.22184528 0.2800366 0.23773544 0.19512637 0.14165254 0.13435563 0.0639136 0.20890394 0.22827047 0.1546484 0.20058133 0.15881237 0.101297215 0.14939584 0.10598239 0.29075435 0.27730063 0.2970121 0.09927035 0.12150299 0.22460994 0.13828938 0.18507145 0.16076143 0.09381127 0.24569012,0.37445846 0.11909278 0.27153975 0.20913564 0.18322979 0.12105768 0.27899072 0.05101121 0.17519403 0.10239747 0.09942628 0.18012996 0.24002074 0.07577671 0.124744825 0.19945604 0.23532704 0.0958802 0.22729358 0.16568604 0.1932138 0.1956137 0.25547528 0.15632434 0.17063594 0.15429555 0.06239765 0.1764904 0.25870565 0.15009992 0.33259907 0.28626835 0.21088973 0.2294907 0.30485696 0.1985873 0.1560275 0.21909864 0.22181821 0.28000244 0.23770642 0.19510256 0.14163525 0.13433923 0.0639058 0.20887844 0.22824262 0.15462953 0.20055684 0.158793 0.101284854 0.14937761 0.10596946 0.29071888 0.2772668 0.29697582 0.09925824 0.12148816 0.22458254 0.13827251 0.18504888 0.16074182 0.09379983 0.24566014,,
318,3x3x64x64,0.37450415 0.11910731 0.2715729 0.20916116 0.18325216 0.121072456 0.27902475 0.051017437 0.17521541 0.102409974 0.099438414 0.18015195 0.24005003 0.075785965 0.12476005 0.19948037 0.23535575 0.0958919 0.22732133 0.16570626 0.19323738 0.19563758 0.2555065 0.15634343 0.17065676 0.15431438 0.06240527 0.17651193 0.2587372 0.15011825 0.33263966 0.2863033 0.21091548 0.22951871 0.30489415 0.19861153 0.15604654 0.21912538 0.22184528 0.2800366 0.23773544 0.19512637 0.14165254 0.13435563 0.0639136 0.20890394 0.22827047 0.1546484 0.20058133 0.15881237 0.101297215 0.14939584 0.10598239 0.29075435 0.27730063 0.2970121 0.09927035 0.12150299 0.22460994 0.13828938 0.18507145 0.16076143 0.09381127 0.24569012,0.37445846 0.11909278 0.27153975 0.20913564 0.18322979 0.12105768 0.27899072 0.05101121 0.17519403 0.10239747 0.09942628 0.18012996 0.24002074 0.07577671 0.124744825 0.19945604 0.23532704 0.0958802 0.22729358 0.16568604 0.1932138 0.1956137 0.25547528 0.15632434 0.17063594 0.15429555 0.06239765 0.1764904 0.25870565 0.15009992 0.33259907 0.28626835 0.21088973 0.2294907 0.30485696 0.1985873 0.1560275 0.21909864 0.22181821 0.28000244 0.23770642 0.19510256 0.14163525 0.13433923 0.0639058 0.20887844 0.22824262 0.15462953 0.20055684 0.158793 0.101284854 0.14937761 0.10596946 0.29071888 0.2772668 0.29697582 0.09925824 0.12148816 0.22458254 0.13827251 0.18504888 0.16074182 0.09379983 0.24566014,,
322,3x3x64x64,0.37450415 0.11910731 0.2715729 0.20916116 0.18325216 0.121072456 0.27902475 0.051017437 0.17521541 0.102409974 0.099438414 0.18015195 0.24005003 0.075785965 0.12476005 0.19948037 0.23535575 0.0958919 0.22732133 0.16570626 0.19323738 0.19563758 0.2555065 0.15634343 0.17065676 0.15431438 0.06240527 0.17651193 0.2587372 0.15011825 0.33263966 0.2863033 0.21091548 0.22951871 0.30489415 0.19861153 0.15604654 0.21912538 0.22184528 0.2800366 0.23773544 0.19512637 0.14165254 0.13435563 0.0639136 0.20890394 0.22827047 0.1546484 0.20058133 0.15881237 0.101297215 0.14939584 0.10598239 0.29075435 0.27730063 0.2970121 0.09927035 0.12150299 0.22460994 0.13828938 0.18507145 0.16076143 0.09381127 0.24569012,0.37445846 0.11909278 0.27153975 0.20913564 0.18322979 0.12105768 0.27899072 0.05101121 0.17519403 0.10239747 0.09942628 0.18012996 0.24002074 0.07577671 0.124744825 0.19945604 0.23532704 0.0958802 0.22729358 0.16568604 0.1932138 0.1956137 0.25547528 0.15632434 0.17063594 0.15429555 0.06239765 0.1764904 0.25870565 0.15009992 0.33259907 0.28626835 0.21088973 0.2294907 0.30485696 0.1985873 0.1560275 0.21909864 0.22181821 0.28000244 0.23770642 0.19510256 0.14163525 0.13433923 0.0639058 0.20887844 0.22824262 0.15462953 0.20055684 0.158793 0.101284854 0.14937761 0.10596946 0.29071888 0.2772668 0.29697582 0.09925824 0.12148816 0.22458254 0.13827251 0.18504888 0.16074182 0.09379983 0.24566014,,
326,3x3x64x64,0.37450415 0.11910731 0.2715729 0.20916116 0.18325216 0.121072456 0.27902475 0.051017437 0.17521541 0.102409974 0.099438414 0.18015195 0.24005003 0.075785965 0.12476005 0.19948037 0.23535575 0.0958919 0.22732133 0.16570626 0.19323738 0.19563758 0.2555065 0.15634343 0.17065676 0.15431438 0.06240527 0.17651193 0.2587372 0.15011825 0.33263966 0.2863033 0.21091548 0.22951871 0.30489415 0.19861153 0.15604654 0.21912538 0.22184528 0.2800366 0.23773544 0.19512637 0.14165254 0.13435563 0.0639136 0.20890394 0.22827047 0.1546484 0.20058133 0.15881237 0.101297215 0.14939584 0.10598239 0.29075435 0.27730063 0.2970121 0.09927035 0.12150299 0.22460994 0.13828938 0.18507145 0.16076143 0.09381127 0.24569012,0.37445846 0.11909278 0.27153975 0.20913564 0.18322979 0.12105768 0.27899072 0.05101121 0.17519403 0.10239747 0.09942628 0.18012996 0.24002074 0.07577671 0.124744825 0.19945604 0.23532704 0.0958802 0.22729358 0.16568604 0.1932138 0.1956137 0.25547528 0.15632434 0.17063594 0.15429555 0.06239765 0.1764904 0.25870565 0.15009992 0.33259907 0.28626835 0.21088973 0.2294907 0.30485696 0.1985873 0.1560275 0.21909864 0.22181821 0.28000244 0.23770642 0.19510256 0.14163525 0.13433923 0.0639058 0.20887844 0.22824262 0.15462953 0.20055684 0.158793 0.101284854 0.14937761 0.10596946 0.29071888 0.2772668 0.29697582 0.09925824 0.12148816 0.22458254 0.13827251 0.18504888 0.16074182 0.09379983 0.24566014,,
344,3x3x64x64,0.24522248 0.15553294 0.1383362 0.3890562 0.07970856 0.38728872 0.112488426 0.2947211 0.444513 0.3752888 0.10695986 0.5358689 0.5674289 0.438309 0.2811306 0.24600172 0.17702219 0.45165634 0.34184545 0.18946697 0.45118994 0.22622317 0.24056515 0.26026198 0.12965703 0.15595491 0.20149033 0.2192497 0.34443662 0.22981389 0.30292243 0.30963245 0.20549619 0.32503226 0.14723675 0.113140546 0.3223718 0.48381898 0.2373055 0.22635536 0.32233644 0.10053313 0.2675846 0.3492821 0.20669386 0.11241386 0.44304016 0.22596727 0.31300485 0.47877514 0.4436872 0.21641217 0.114512466 0.18721959 0.43017277 0.17788424 0.3053878 0.2731459 0.32794863 0.3829987 0.23679052 0.080408484 0.430934 0.77078116,0.24519254 0.15551396 0.13831931 0.38900873 0.07969884 0.38724145 0.1124747 0.29468513 0.44445872 0.375243 0.1069468 0.5358035 0.5673596 0.43825552 0.2810963 0.2459717 0.17700058 0.45160124 0.34180373 0.18944386 0.4511349 0.22619556 0.2405358 0.2602302 0.1296412 0.15593587 0.20146574 0.21922295 0.34439456 0.22978584 0.30288544 0.30959466 0.20547111 0.3249926 0.14721878 0.11312674 0.32233247 0.48375994 0.23727655 0.22632773 0.3222971 0.100520864 0.26755193 0.34923944 0.20666863 0.11240014 0.4429861 0.2259397 0.31296664 0.47871673 0.44363305 0.21638575 0.114498496 0.18719673 0.4301203 0.17786252 0.30535054 0.2731126 0.3279086 0.38295195 0.23676161 0.08039867 0.43088144 0.7706871,,
348,3x3x64x64,0.24522248 0.15553294 0.1383362 0.3890562 0.07970856 0.38728872 0.112488426 0.2947211 0.444513 0.3752888 0.10695986 0.5358689 0.5674289 0.438309 0.2811306 0.24600172 0.17702219 0.45165634 0.34184545 0.18946697 0.45118994 0.22622317 0.24056515 0.26026198 0.12965703 0.15595491 0.20149033 0.2192497 0.34443662 0.22981389 0.30292243 0.30963245 0.20549619 0.32503226 0.14723675 0.113140546 0.3223718 0.48381898 0.2373055 0.22635536 0.32233644 0.10053313 0.2675846 0.3492821 0.20669386 0.11241386 0.44304016 0.22596727 0.31300485 0.47877514 0.4436872 0.21641217 0.114512466 0.18721959 0.43017277 0.17788424 0.3053878 0.2731459 0.32794863 0.3829987 0.23679052 0.080408484 0.430934 0.77078116,0.24519254 0.15551396 0.13831931 0.38900873 0.07969884 0.38724145 0.1124747 0.29468513 0.44445872 0.375243 0.1069468 0.5358035 0.5673596 0.43825552 0.2810963 0.2459717 0.17700058 0.45160124 0.34180373 0.18944386 0.4511349 0.22619556 0.2405358 0.2602302 0.1296412 0.15593587 0.20146574 0.21922295 0.34439456 0.22978584 0.30288544 0.30959466 0.20547111 0.3249926 0.14721878 0.11312674 0.32233247 0.48375994 0.23727655 0.22632773 0.3222971 0.100520864 0.26755193 0.34923944 0.20666863 0.11240014 0.4429861 0.2259397 0.31296664 0.47871673 0.44363305 0.21638575 0.114498496 0.18719673 0.4301203 0.17786252 0.30535054 0.2731126 0.3279086 0.38295195 0.23676161 0.08039867 0.43088144 0.7706871,,
352,3x3x64x64,0.24522248 0.15553294 0.1383362 0.3890562 0.07970856 0.38728872 0.112488426 0.2947211 0.444513 0.3752888 0.10695986 0.5358689 0.5674289 0.438309 0.2811306 0.24600172 0.17702219 0.45165634 0.34184545 0.18946697 0.45118994 0.22622317 0.24056515 0.26026198 0.12965703 0.15595491 0.20149033 0.2192497 0.34443662 0.22981389 0.30292243 0.30963245 0.20549619 0.32503226 0.14723675 0.113140546 0.3223718 0.48381898 0.2373055 0.22635536 0.32233644 0.10053313 0.2675846 0.3492821 0.20669386 0.11241386 0.44304016 0.22596727 0.31300485 0.47877514 0.4436872 0.21641217 0.114512466 0.18721959 0.43017277 0.17788424 0.3053878 0.2731459 0.32794863 0.3829987 0.23679052 0.080408484 0.430934 0.77078116,0.24519254 0.15551396 0.13831931 0.38900873 0.07969884 0.38724145 0.1124747 0.29468513 0.44445872 0.375243 0.1069468 0.5358035 0.5673596 0.43825552 0.2810963 0.2459717 0.17700058 0.45160124 0.34180373 0.18944386 0.4511349 0.22619556 0.2405358 0.2602302 0.1296412 0.15593587 0.20146574 0.21922295 0.34439456 0.22978584 0.30288544 0.30959466 0.20547111 0.3249926 0.14721878 0.11312674 0.32233247 0.48375994 0.23727655 0.22632773 0.3222971 0.100520864 0.26755193 0.34923944 0.20666863 0.11240014 0.4429861 0.2259397 0.31296664 0.47871673 0.44363305 0.21638575 0.114498496 0.18719673 0.4301203 0.17786252 0.30535054 0.2731126 0.3279086 0.38295195 0.23676161 0.08039867 0.43088144 0.7706871,,
356,3x3x64x64,0.24522248 0.15553294 0.1383362 0.3890562 0.07970856 0.38728872 0.112488426 0.2947211 0.444513 0.3752888 0.10695986 0.5358689 0.5674289 0.438309 0.2811306 0.24600172 0.17702219 0.45165634 0.34184545 0.18946697 0.45118994 0.22622317 0.24056515 0.26026198 0.12965703 0.15595491 0.20149033 0.2192497 0.34443662 0.22981389 0.30292243 0.30963245 0.20549619 0.32503226 0.14723675 0.113140546 0.3223718 0.48381898 0.2373055 0.22635536 0.32233644 0.10053313 0.2675846 0.3492821 0.20669386 0.11241386 0.44304016 0.22596727 0.31300485 0.47877514 0.4436872 0.21641217 0.114512466 0.18721959 0.43017277 0.17788424 0.3053878 0.2731459 0.32794863 0.3829987 0.23679052 0.080408484 0.430934 0.77078116,0.24519254 0.15551396 0.13831931 0.38900873 0.07969884 0.38724145 0.1124747 0.29468513 0.44445872 0.375243 0.1069468 0.5358035 0.5673596 0.43825552 0.2810963 0.2459717 0.17700058 0.45160124 0.34180373 0.18944386 0.4511349 0.22619556 0.2405358 0.2602302 0.1296412 0.15593587 0.20146574 0.21922295 0.34439456 0.22978584 0.30288544 0.30959466 0.20547111 0.3249926 0.14721878 0.11312674 0.32233247 0.48375994 0.23727655 0.22632773 0.3222971 0.100520864 0.26755193 0.34923944 0.20666863 0.11240014 0.4429861 0.2259397 0.31296664 0.47871673 0.44363305 0.21638575 0.114498496 0.18719673 0.4301203 0.17786252 0.30535054 0.2731126 0.3279086 0.38295195 0.23676161 0.08039867 0.43088144 0.7706871,,
360,3x3x64x64,0.24522248 0.15553294 0.1383362 0.3890562 0.07970856 0.38728872 0.112488426 0.2947211 0.444513 0.3752888 0.10695986 0.5358689 0.5674289 0.438309 0.2811306 0.24600172 0.17702219 0.45165634 0.34184545 0.18946697 0.45118994 0.22622317 0.24056515 0.26026198 0.12965703 0.15595491 0.20149033 0.2192497 0.34443662 0.22981389 0.30292243 0.30963245 0.20549619 0.32503226 0.14723675 0.113140546 0.3223718 0.48381898 0.2373055 0.22635536 0.32233644 0.10053313 0.2675846 0.3492821 0.20669386 0.11241386 0.44304016 0.22596727 0.31300485 0.47877514 0.4436872 0.21641217 0.114512466 0.18721959 0.43017277 0.17788424 0.3053878 0.2731459 0.32794863 0.3829987 0.23679052 0.080408484 0.430934 0.77078116,0.24519254 0.15551396 0.13831931 0.38900873 0.07969884 0.38724145 0.1124747 0.29468513 0.44445872 0.375243 0.1069468 0.5358035 0.5673596 0.43825552 0.2810963 0.2459717 0.17700058 0.45160124 0.34180373 0.18944386 0.4511349 0.22619556 0.2405358 0.2602302 0.1296412 0.15593587 0.20146574 0.21922295 0.34439456 0.22978584 0.30288544 0.30959466 0.20547111 0.3249926 0.14721878 0.11312674 0.32233247 0.48375994 0.23727655 0.22632773 0.3222971 0.100520864 0.26755193 0.34923944 0.20666863 0.11240014 0.4429861 0.2259397 0.31296664 0.47871673 0.44363305 0.21638575 0.114498496 0.18719673 0.4301203 0.17786252 0.30535054 0.2731126 0.3279086 0.38295195 0.23676161 0.08039867 0.43088144 0.7706871,,
364,3x3x64x64,0.24522248 0.15553294 0.1383362 0.3890562 0.07970856 0.38728872 0.112488426 0.2947211 0.444513 0.3752888 0.10695986 0.5358689 0.5674289 0.438309 0.2811306 0.24600172 0.17702219 0.45165634 0.34184545 0.18946697 0.45118994 0.22622317 0.24056515 0.26026198 0.12965703 0.15595491 0.20149033 0.2192497 0.34443662 0.22981389 0.30292243 0.30963245 0.20549619 0.32503226 0.14723675 0.113140546 0.3223718 0.48381898 0.2373055 0.22635536 0.32233644 0.10053313 0.2675846 0.3492821 0.20669386 0.11241386 0.44304016 0.22596727 0.31300485 0.47877514 0.4436872 0.21641217 0.114512466 0.18721959 0.43017277 0.17788424 0.3053878 0.2731459 0.32794863 0.3829987 0.23679052 0.080408484 0.430934 0.77078116,0.24519254 0.15551396 0.13831931 0.38900873 0.07969884 0.38724145 0.1124747 0.29468513 0.44445872 0.375243 0.1069468 0.5358035 0.5673596 0.43825552 0.2810963 0.2459717 0.17700058 0.45160124 0.34180373 0.18944386 0.4511349 0.22619556 0.2405358 0.2602302 0.1296412 0.15593587 0.20146574 0.21922295 0.34439456 0.22978584 0.30288544 0.30959466 0.20547111 0.3249926 0.14721878 0.11312674 0.32233247 0.48375994 0.23727655 0.22632773 0.3222971 0.100520864 0.26755193 0.34923944 0.20666863 0.11240014 0.4429861 0.2259397 0.31296664 0.47871673 0.44363305 0.21638575 0.114498496 0.18719673 0.4301203 0.17786252 0.30535054 0.2731126 0.3279086 0.38295195 0.23676161 0.08039867 0.43088144 0.7706871,,
382,3x3x64x64,0.10461885 0.25357738 0.11358678 0.09378288 0.18975651 0.15495476 0.08741035 0.2799574 0.19702435 0.2220403 0.08515968 0.07413302 0.15863873 0.2280121 0.14475742 0.17037962 0.26628444 0.119160816 0.06641571 0.17187116 0.09847173 0.08573676 0.09492394 0.1290331 0.18735202 0.14633988 0.11526358 0.06850307 0.08801883 0.14257132 0.07877482 0.16622745 0.15866055 0.1847136 0.1058457 0.10766844 0.12384472 0.12890029 0.115593135 0.092162296 0.125852 0.12007268 0.07144644 0.12897368 0.09598893 0.10906496 0.1186801 0.21502675 0.135102 0.17119394 0.24031246 0.14073744 0.11574806 0.12930912 0.1322436 0.23361015 0.13051279 0.16539207 0.09553123 0.16050476 0.13068709 0.07347 0.17574883 0.12331936,0.104606085 0.25354642 0.113572925 0.093771435 0.18973336 0.15493585 0.087399684 0.27992323 0.19700031 0.2220132 0.08514929 0.07412397 0.15861936 0.22798426 0.14473976 0.17035882 0.26625192 0.11914627 0.066407606 0.17185019 0.09845971 0.08572629 0.09491236 0.12901735 0.18732914 0.14632203 0.115249515 0.06849471 0.08800809 0.14255393 0.0787652 0.16620715 0.15864117 0.18469106 0.10583278 0.1076553 0.12382961 0.12888457 0.115579024 0.09215105 0.12583666 0.12005802 0.07143772 0.12895793 0.09597721 0.109051645 0.11866561 0.21500051 0.13508551 0.17117305 0.24028313 0.14072028 0.11573394 0.12929334 0.13222747 0.23358163 0.13049686 0.1653719 0.09551957 0.16048518 0.13067113 0.073461026 0.17572737 0.12330431,,
386,3x3x64x64,0.10461885 0.25357738 0.11358678 0.09378288 0.18975651 0.15495476 0.08741035 0.2799574 0.19702435 0.2220403 0.08515968 0.07413302 0.15863873 0.2280121 0.14475742 0.17037962 0.26628444 0.119160816 0.06641571 0.17187116 0.09847173 0.08573676 0.09492394 0.1290331 0.18735202 0.14633988 0.11526358 0.06850307 0.08801883 0.14257132 0.07877482 0.16622745 0.15866055 0.1847136 0.1058457 0.10766844 0.12384472 0.12890029 0.115593135 0.092162296 0.125852 0.12007268 0.07144644 0.12897368 0.09598893 0.10906496 0.1186801 0.21502675 0.135102 0.17119394 0.24031246 0.14073744 0.11574806 0.12930912 0.1322436 0.23361015 0.13051279 0.16539207 0.09553123 0.16050476 0.13068709 0.07347 0.17574883 0.12331936,0.104606085 0.25354642 0.113572925 0.093771435 0.18973336 0.15493585 0.087399684 0.27992323 0.19700031 0.2220132 0.08514929 0.07412397 0.15861936 0.22798426 0.14473976 0.17035882 0.26625192 0.11914627 0.066407606 0.17185019 0.09845971 0.08572629 0.09491236 0.12901735 0.18732914 0.14632203 0.115249515 0.06849471 0.08800809 0.14255393 0.0787652 0.16620715 0.15864117 0.18469106 0.10583278 0.1076553 0.12382961 0.12888457 0.115579024 0.09215105 0.12583666 0.12005802 0.07143772 0.12895793 0.09597721 0.109051645 0.11866561 0.21500051 0.13508551 0.17117305 0.24028313 0.14072028 0.11573394 0.12929334 0.13222747 0.23358163 0.13049686 0.1653719 0.09551957 0.16048518 0.13067113 0.073461026 0.17572737 0.12330431,,
390,3x3x64x64,0.10461885 0.25357738 0.11358678 0.09378288 0.18975651 0.15495476 0.08741035 0.2799574 0.19702435 0.2220403 0.08515968 0.07413302 0.15863873 0.2280121 0.14475742 0.17037962 0.26628444 0.119160816 0.06641571 0.17187116 0.09847173 0.08573676 0.09492394 0.1290331 0.18735202 0.14633988 0.11526358 0.06850307 0.08801883 0.14257132 0.07877482 0.16622745 0.15866055 0.1847136 0.1058457 0.10766844 0.12384472 0.12890029 0.115593135 0.092162296 0.125852 0.12007268 0.07144644 0.12897368 0.09598893 0.10906496 0.1186801 0.21502675 0.135102 0.17119394 0.24031246 0.14073744 0.11574806 0.12930912 0.1322436 0.23361015 0.13051279 0.16539207 0.09553123 0.16050476 0.13068709 0.07347 0.17574883 0.12331936,0.104606085 0.25354642 0.113572925 0.093771435 0.18973336 0.15493585 0.087399684 0.27992323 0.19700031 0.2220132 0.08514929 0.07412397 0.15861936 0.22798426 0.14473976 0.17035882 0.26625192 0.11914627 0.066407606 0.17185019 0.09845971 0.08572629 0.09491236 0.12901735 0.18732914 0.14632203 0.115249515 0.06849471 0.08800809 0.14255393 0.0787652 0.16620715 0.15864117 0.18469106 0.10583278 0.1076553 0.12382961 0.12888457 0.115579024 0.09215105 0.12583666 0.12005802 0.07143772 0.12895793 0.09597721 0.109051645 0.11866561 0.21500051 0.13508551 0.17117305 0.24028313 0.14072028 0.11573394 0.12929334 0.13222747 0.23358163 0.13049686 0.1653719 0.09551957 0.16048518 0.13067113 0.073461026 0.17572737 0.12330431,,
394,3x3x64x64,0.10461885 0.25357738 0.11358678 0.09378288 0.18975651 0.15495476 0.08741035 0.2799574 0.19702435 0.2220403 0.08515968 0.07413302 0.15863873 0.2280121 0.14475742 0.17037962 0.26628444 0.119160816 0.06641571 0.17187116 0.09847173 0.08573676 0.09492394 0.1290331 0.18735202 0.14633988 0.11526358 0.06850307 0.08801883 0.14257132 0.07877482 0.16622745 0.15866055 0.1847136 0.1058457 0.10766844 0.12384472 0.12890029 0.115593135 0.092162296 0.125852 0.12007268 0.07144644 0.12897368 0.09598893 0.10906496 0.1186801 0.21502675 0.135102 0.17119394 0.24031246 0.14073744 0.11574806 0.12930912 0.1322436 0.23361015 0.13051279 0.16539207 0.09553123 0.16050476 0.13068709 0.07347 0.17574883 0.12331936,0.104606085 0.25354642 0.113572925 0.093771435 0.18973336 0.15493585 0.087399684 0.27992323 0.19700031 0.2220132 0.08514929 0.07412397 0.15861936 0.22798426 0.14473976 0.17035882 0.26625192 0.11914627 0.066407606 0.17185019 0.09845971 0.08572629 0.09491236 0.12901735 0.18732914 0.14632203 0.115249515 0.06849471 0.08800809 0.14255393 0.0787652 0.16620715 0.15864117 0.18469106 0.10583278 0.1076553 0.12382961 0.12888457 0.115579024 0.09215105 0.12583666 0.12005802 0.07143772 0.12895793 0.09597721 0.109051645 0.11866561 0.21500051 0.13508551 0.17117305 0.24028313 0.14072028 0.11573394 0.12929334 0.13222747 0.23358163 0.13049686 0.1653719 0.09551957 0.16048518 0.13067113 0.073461026 0.17572737 0.12330431,,
398,3x3x64x64,0.10461885 0.25357738 0.11358678 0.09378288 0.18975651 0.15495476 0.08741035 0.2799574 0.19702435 0.2220403 0.08515968 0.07413302 0.15863873 0.2280121 0.14475742 0.17037962 0.26628444 0.119160816 0.06641571 0.17187116 0.09847173 0.08573676 0.09492394 0.1290331 0.18735202 0.14633988 0.11526358 0.06850307 0.08801883 0.14257132 0.07877482 0.16622745 0.15866055 0.1847136 0.1058457 0.10766844 0.12384472 0.12890029 0.115593135 0.092162296 0.125852 0.12007268 0.07144644 0.12897368 0.09598893 0.10906496 0.1186801 0.21502675 0.135102 0.17119394 0.24031246 0.14073744 0.11574806 0.12930912 0.1322436 0.23361015 0.13051279 0.16539207 0.09553123 0.16050476 0.13068709 0.07347 0.17574883 0.12331936,0.104606085 0.25354642 0.113572925 0.093771435 0.18973336 0.15493585 0.087399684 0.27992323 0.19700031 0.2220132 0.08514929 0.07412397 0.15861936 0.22798426 0.14473976 0.17035882 0.26625192 0.11914627 0.066407606 0.17185019 0.09845971 0.08572629 0.09491236 0.12901735 0.18732914 0.14632203 0.115249515 0.06849471 0.08800809 0.14255393 0.0787652 0.16620715 0.15864117 0.18469106 0.10583278 0.1076553 0.12382961 0.12888457 0.115579024 0.09215105 0.12583666 0.12005802 0.07143772 0.12895793 0.09597721 0.109051645 0.11866561 0.21500051 0.13508551 0.17117305 0.24028313 0.14072028 0.11573394 0.12929334 0.13222747 0.23358163 0.13049686 0.1653719 0.09551957 0.16048518 0.13067113 0.073461026 0.17572737 0.12330431,,
402,3x3x64x64,0.10461885 0.25357738 0.11358678 0.09378288 0.18975651 0.15495476 0.08741035 0.2799574 0.19702435 0.2220403 0.08515968 0.07413302 0.15863873 0.2280121 0.14475742 0.17037962 0.26628444 0.119160816 0.06641571 0.17187116 0.09847173 0.08573676 0.09492394 0.1290331 0.18735202 0.14633988 0.11526358 0.06850307 0.08801883 0.14257132 0.07877482 0.16622745 0.15866055 0.1847136 0.1058457 0.10766844 0.12384472 0.12890029 0.115593135 0.092162296 0.125852 0.12007268 0.07144644 0.12897368 0.09598893 0.10906496 0.1186801 0.21502675 0.135102 0.17119394 0.24031246 0.14073744 0.11574806 0.12930912 0.1322436 0.23361015 0.13051279 0.16539207 0.09553123 0.16050476 0.13068709 0.07347 0.17574883 0.12331936,0.104606085 0.25354642 0.113572925 0.093771435 0.18973336 0.15493585 0.087399684 0.27992323 0.19700031 0.2220132 0.08514929 0.07412397 0.15861936 0.22798426 0.14473976 0.17035882 0.26625192 0.11914627 0.066407606 0.17185019 0.09845971 0.08572629 0.09491236 0.12901735 0.18732914 0.14632203 0.115249515 0.06849471 0.08800809 0.14255393 0.0787652 0.16620715 0.15864117 0.18469106 0.10583278 0.1076553 0.12382961 0.12888457 0.115579024 0.09215105 0.12583666 0.12005802 0.07143772 0.12895793 0.09597721 0.109051645 0.11866561 0.21500051 0.13508551 0.17117305 0.24028313 0.14072028 0.11573394 0.12929334 0.13222747 0.23358163 0.13049686 0.1653719 0.09551957 0.16048518 0.13067113 0.073461026 0.17572737 0.12330431,,
420,3x3x64x64,0.23346446 0.55076617 0.28922477 0.45093787 0.10911301 0.7260783 0.37624285 0.7463598 0.5820926 0.39764744 0.1507296 0.5132443 0.8894179 0.2963573 0.2509523 0.37609902 0.41239154 0.6697599 0.5975851 0.19522326 0.52637345 0.2179784 0.428587 0.32390666 0.18541472 0.07816865 0.17441772 0.18899378 0.6326736 0.2938102 0.3692128 0.33885834 0.66131866 0.29438654 0.2102186 0.15732698 0.5958121 0.3474778 0.6403958 0.36105374 0.7227836 0.120053686 0.2868341 0.31693602 0.24588051 0.20648661 0.3592775 0.1903925 0.46299702 1.0473909 0.4446943 0.20139268 0.93529695 0.112037905 0.4465242 0.17915042 0.23300804 0.14155287 0.39924005 0.34828293 0.14894424 0.056456596 0.42105058 0.4683707,0.23343597 0.550699 0.28918946 0.45088285 0.109099686 0.7259897 0.37619695 0.74626875 0.58202153 0.3975989 0.1507112 0.5131816 0.88930935 0.29632115 0.2509217 0.37605312 0.41234124 0.66967815 0.5975122 0.19519943 0.52630925 0.2179518 0.4285347 0.3238671 0.1853921 0.07815911 0.17439643 0.18897071 0.6325964 0.29377434 0.36916775 0.338817 0.66123796 0.29435062 0.21019295 0.15730779 0.59573936 0.34743538 0.6403177 0.3610097 0.7226954 0.12003903 0.2867991 0.31689733 0.2458505 0.20646141 0.35923365 0.19036925 0.4629405 1.047263 0.44464004 0.2013681 0.9351828 0.11202423 0.44646972 0.17912856 0.2329796 0.14153558 0.39919132 0.34824044 0.14892606 0.056449708 0.4209992 0.46831354,,
424,3x3x64x64,0.23346446 0.55076617 0.28922477 0.45093787 0.10911301 0.7260783 0.37624285 0.7463598 0.5820926 0.39764744 0.1507296 0.5132443 0.8894179 0.2963573 0.2509523 0.37609902 0.41239154 0.6697599 0.5975851 0.19522326 0.52637345 0.2179784 0.428587 0.32390666 0.18541472 0.07816865 0.17441772 0.18899378 0.6326736 0.2938102 0.3692128 0.33885834 0.66131866 0.29438654 0.2102186 0.15732698 0.5958121 0.3474778 0.6403958 0.36105374 0.7227836 0.120053686 0.2868341 0.31693602 0.24588051 0.20648661 0.3592775 0.1903925 0.46299702 1.0473909 0.4446943 0.20139268 0.93529695 0.112037905 0.4465242 0.17915042 0.23300804 0.14155287 0.39924005 0.34828293 0.14894424 0.056456596 0.42105058 0.4683707,0.23343597 0.550699 0.28918946 0.45088285 0.109099686 0.7259897 0.37619695 0.74626875 0.58202153 0.3975989 0.1507112 0.5131816 0.88930935 0.29632115 0.2509217 0.37605312 0.41234124 0.66967815 0.5975122 0.19519943 0.52630925 0.2179518 0.4285347 0.3238671 0.1853921 0.07815911 0.17439643 0.18897071 0.6325964 0.29377434 0.36916775 0.338817 0.66123796 0.29435062 0.21019295 0.15730779 0.59573936 0.34743538 0.6403177 0.3610097 0.7226954 0.12003903 0.2867991 0.31689733 0.2458505 0.20646141 0.35923365 0.19036925 0.4629405 1.047263 0.44464004 0.2013681 0.9351828 0.11202423 0.44646972 0.17912856 0.2329796 0.14153558 0.39919132 0.34824044 0.14892606 0.056449708 0.4209992 0.46831354,,
428,3x3x64x64,0.23346446 0.55076617 0.28922477 0.45093787 0.10911301 0.7260783 0.37624285 0.7463598 0.5820926 0.39764744 0.1507296 0.5132443 0.8894179 0.2963573 0.2509523 0.37609902 0.41239154 0.6697599 0.5975851 0.19522326 0.52637345 0.2179784 0.428587 0.32390666 0.18541472 0.07816865 0.17441772 0.18899378 0.6326736 0.2938102 0.3692128 0.33885834 0.66131866 0.29438654 0.2102186 0.15732698 0.5958121 0.3474778 0.6403958 0.36105374 0.7227836 0.120053686 0.2868341 0.31693602 0.24588051 0.20648661 0.3592775 0.1903925 0.46299702 1.0473909 0.4446943 0.20139268 0.93529695 0.112037905 0.4465242 0.17915042 0.23300804 0.14155287 0.39924005 0.34828293 0.14894424 0.056456596 0.42105058 0.4683707,0.23343597 0.550699 0.28918946 0.45088285 0.109099686 0.7259897 0.37619695 0.74626875 0.58202153 0.3975989 0.1507112 0.5131816 0.88930935 0.29632115 0.2509217 0.37605312 0.41234124 0.66967815 0.5975122 0.19519943 0.52630925 0.2179518 0.4285347 0.3238671 0.1853921 0.07815911 0.17439643 0.18897071 0.6325964 0.29377434 0.36916775 0.338817 0.66123796 0.29435062 0.21019295 0.15730779 0.59573936 0.34743538 0.6403177 0.3610097 0.7226954 0.12003903 0.2867991 0.31689733 0.2458505 0.20646141 0.35923365 0.19036925 0.4629405 1.047263 0.44464004 0.2013681 0.9351828 0.11202423 0.44646972 0.17912856 0.2329796 0.14153558 0.39919132 0.34824044 0.14892606 0.056449708 0.4209992 0.46831354,,
432,3x3x64x64,0.23346446 0.55076617 0.28922477 0.45093787 0.10911301 0.7260783 0.37624285 0.7463598 0.5820926 0.39764744 0.1507296 0.5132443 0.8894179 0.2963573 0.2509523 0.37609902 0.41239154 0.6697599 0.5975851 0.19522326 0.52637345 0.2179784 0.428587 0.32390666 0.18541472 0.07816865 0.17441772 0.18899378 0.6326736 0.2938102 0.3692128 0.33885834 0.66131866 0.29438654 0.2102186 0.15732698 0.5958121 0.3474778 0.6403958 0.36105374 0.7227836 0.120053686 0.2868341 0.31693602 0.24588051 0.20648661 0.3592775 0.1903925 0.46299702 1.0473909 0.4446943 0.20139268 0.93529695 0.112037905 0.4465242 0.17915042 0.23300804 0.14155287 0.39924005 0.34828293 0.14894424 0.056456596 0.42105058 0.4683707,0.23343597 0.550699 0.28918946 0.45088285 0.109099686 0.7259897 0.37619695 0.74626875 0.58202153 0.3975989 0.1507112 0.5131816 0.88930935 0.29632115 0.2509217 0.37605312 0.41234124 0.66967815 0.5975122 0.19519943 0.52630925 0.2179518 0.4285347 0.3238671 0.1853921 0.07815911 0.17439643 0.18897071 0.6325964 0.29377434 0.36916775 0.338817 0.66123796 0.29435062 0.21019295 0.15730779 0.59573936 0.34743538 0.6403177 0.3610097 0.7226954 0.12003903 0.2867991 0.31689733 0.2458505 0.20646141 0.35923365 0.19036925 0.4629405 1.047263 0.44464004 0.2013681 0.9351828 0.11202423 0.44646972 0.17912856 0.2329796 0.14153558 0.39919132 0.34824044 0.14892606 0.056449708 0.4209992 0.46831354,,
436,3x3x64x64,0.23346446 0.55076617 0.28922477 0.45093787 0.10911301 0.7260783 0.37624285 0.7463598 0.5820926 0.39764744 0.1507296 0.5132443 0.8894179 0.2963573 0.2509523 0.37609902 0.41239154 0.6697599 0.5975851 0.19522326 0.52637345 0.2179784 0.428587 0.32390666 0.18541472 0.07816865 0.17441772 0.18899378 0.6326736 0.2938102 0.3692128 0.33885834 0.66131866 0.29438654 0.2102186 0.15732698 0.5958121 0.3474778 0.6403958 0.36105374 0.7227836 0.120053686 0.2868341 0.31693602 0.24588051 0.20648661 0.3592775 0.1903925 0.46299702 1.0473909 0.4446943 0.20139268 0.93529695 0.112037905 0.4465242 0.17915042 0.23300804 0.14155287 0.39924005 0.34828293 0.14894424 0.056456596 0.42105058 0.4683707,0.23343597 0.550699 0.28918946 0.45088285 0.109099686 0.7259897 0.37619695 0.74626875 0.58202153 0.3975989 0.1507112 0.5131816 0.88930935 0.29632115 0.2509217 0.37605312 0.41234124 0.66967815 0.5975122 0.19519943 0.52630925 0.2179518 0.4285347 0.3238671 0.1853921 0.07815911 0.17439643 0.18897071 0.6325964 0.29377434 0.36916775 0.338817 0.66123796 0.29435062 0.21019295 0.15730779 0.59573936 0.34743538 0.6403177 0.3610097 0.7226954 0.12003903 0.2867991 0.31689733 0.2458505 0.20646141 0.35923365 0.19036925 0.4629405 1.047263 0.44464004 0.2013681 0.9351828 0.11202423 0.44646972 0.17912856 0.2329796 0.14153558 0.39919132 0.34824044 0.14892606 0.056449708 0.4209992 0.46831354,,
440,3x3x64x64,0.23346446 0.55076617 0.28922477 0.45093787 0.10911301 0.7260783 0.37624285 0.7463598 0.5820926 0.39764744 0.1507296 0.5132443 0.8894179 0.2963573 0.2509523 0.37609902 0.41239154 0.6697599 0.5975851 0.19522326 0.52637345 0.2179784 0.428587 0.32390666 0.18541472 0.07816865 0.17441772 0.18899378 0.6326736 0.2938102 0.3692128 0.33885834 0.66131866 0.29438654 0.2102186 0.15732698 0.5958121 0.3474778 0.6403958 0.36105374 0.7227836 0.120053686 0.2868341 0.31693602 0.24588051 0.20648661 0.3592775 0.1903925 0.46299702 1.0473909 0.4446943 0.20139268 0.93529695 0.112037905 0.4465242 0.17915042 0.23300804 0.14155287 0.39924005 0.34828293 0.14894424 0.056456596 0.42105058 0.4683707,0.23343597 0.550699 0.28918946 0.45088285 0.109099686 0.7259897 0.37619695 0.74626875 0.58202153 0.3975989 0.1507112 0.5131816 0.88930935 0.29632115 0.2509217 0.37605312 0.41234124 0.66967815 0.5975122 0.19519943 0.52630925 0.2179518 0.4285347 0.3238671 0.1853921 0.07815911 0.17439643 0.18897071 0.6325964 0.29377434 0.36916775 0.338817 0.66123796 0.29435062 0.21019295 0.15730779 0.59573936 0.34743538 0.6403177 0.3610097 0.7226954 0.12003903 0.2867991 0.31689733 0.2458505 0.20646141 0.35923365 0.19036925 0.4629405 1.047263 0.44464004 0.2013681 0.9351828 0.11202423 0.44646972 0.17912856 0.2329796 0.14153558 0.39919132 0.34824044 0.14892606 0.056449708 0.4209992 0.46831354,,
458,3x3x64x128,0.103747316 0.09989086 0.08043368 0.1485297 0.13598865 0.17365701 0.097219415 0.13955903 0.11479939 0.100944825 0.1458012 0.1213428 0.12540238 0.06678862 0.12258483 0.1205445 0.111455865 0.093804635 0.16088198 0.16714759 0.1359278 0.1466367 0.1660233 0.20288792 0.21721238 0.123266034 0.23293412 0.09739652 0.22614254 0.10033456 0.08228692 0.14845717 0.07405516 0.10368274 0.14787838 0.1666892 0.109083466 0.16145922 0.11659352 0.15958658 0.15738271 0.15462258 0.3045828 0.14954849 0.10907206 0.10970519 0.07332971 0.1456471 0.10355374 0.1781508 0.13160293 0.1233599 0.20514843 0.1258563 0.09525507 0.14839296 0.13184494 0.11584108 0.09347603 0.23662475 0.09648518 0.14111741 0.072950944 0.16766503 0.09842373 0.13027935 0.12654509 0.08928834 0.10386092 0.20535533 0.17878702 0.0670297 0.15696867 0.1127795 0.15425733 0.17256345 0.20829654 0.12205205 0.097763054 0.089322515 0.1603587 0.11354078 0.14982025 0.11017027 0.15267953 0.13963865 0.0977909 0.08634531 0.098103404 0.12181033 0.12705573 0.072664104 0.10960132 0.19163291 0.101973064 0.124503635 0.17614423 0.10325811 0.12880471 0.17043902 0.15376218 0.110758595 0.11493795 0.10060781 0.08661061 0.10124569 0.15827844 0.18299358 0.16225052 0.1075519 0.19460414 0.13104881 0.15328406 0.13128482 0.0730535 0.23152125 0.104463264 0.11186373 0.15403992 0.15759344 0.10992433 0.20200379 0.12708664 0.1624402 0.19553621 0.10131358 0.13027771 0.20746213,0.10373465 0.09987867 0.08042387 0.14851156 0.13597207 0.17363581 0.097207546 0.139542 0.11478537 0.1009325 0.14578341 0.121327996 0.12538707 0.06678047 0.12256987 0.12052979 0.11144227 0.09379319 0.16086236 0.16712719 0.13591121 0.1466188 0.16600305 0.20286317 0.21718587 0.12325099 0.2329057 0.09738463 0.22611494 0.10032231 0.08227687 0.14843905 0.07404612 0.10367008 0.14786033 0.16666886 0.10907015 0.16143951 0.11657929 0.1595671 0.1573635 0.1546037 0.3045456 0.14953023 0.10905875 0.1096918 0.07332076 0.14562932 0.103541106 0.17812906 0.13158686 0.12334485 0.2051234 0.12584093 0.09524344 0.14837484 0.13182884 0.11582694 0.09346462 0.23659587 0.0964734 0.14110018 0.07294204 0.16764458 0.09841172 0.13026345 0.12652963 0.089277446 0.10384825 0.20533027 0.1787652 0.06702152 0.15694952 0.11276573 0.15423849 0.17254238 0.20827112 0.12203716 0.09775112 0.089311615 0.16033912 0.113526925 0.14980197 0.11015683 0.15266089 0.13962162 0.09777896 0.086334765 0.09809143 0.12179546 0.12704024 0.07265524 0.10958794 0.19160952 0.101960614 0.124488436 0.17612274 0.103245504 0.128789 0.17041822 0.1537434 0.11074508 0.11492393 0.100595534 0.08660004 0.101233326 0.15825911 0.18297125 0.16223072 0.10753878 0.19458039 0.13103281 0.15326534 0.1312688 0.07304459 0.231493 0.10445052 0.111850075 0.15402113 0.15757422 0.10991092 0.20197913 0.12707113 0.16242036 0.19551234 0.10130122 0.13026181 0.20743681,,
462,3x3x64x128,0.103747316 0.09989086 0.08043368 0.1485297 0.13598865 0.17365701 0.097219415 0.13955903 0.11479939 0.100944825 0.1458012 0.1213428 0.12540238 0.06678862 0.12258483 0.1205445 0.111455865 0.093804635 0.16088198 0.16714759 0.1359278 0.1466367 0.1660233 0.20288792 0.21721238 0.123266034 0.23293412 0.09739652 0.22614254 0.10033456 0.08228692 0.14845717 0.07405516 0.10368274 0.14787838 0.1666892 0.109083466 0.16145922 0.11659352 0.15958658 0.15738271 0.15462258 0.3045828 0.14954849 0.10907206 0.10970519 0.07332971 0.1456471 0.10355374 0.1781508 0.13160293 0.1233599 0.20514843 0.1258563 0.09525507 0.14839296 0.13184494 0.11584108 0.09347603 0.23662475 0.09648518 0.14111741 0.072950944 0.16766503 0.09842373 0.13027935 0.12654509 0.08928834 0.10386092 0.20535533 0.17878702 0.0670297 0.15696867 0.1127795 0.15425733 0.17256345 0.20829654 0.12205205 0.097763054 0.089322515 0.1603587 0.11354078 0.14982025 0.11017027 0.15267953 0.13963865 0.0977909 0.08634531 0.098103404 0.12181033 0.12705573 0.072664104 0.10960132 0.19163291 0.101973064 0.124503635 0.17614423 0.10325811 0.12880471 0.17043902 0.15376218 0.110758595 0.11493795 0.10060781 0.08661061 0.10124569 0.15827844 0.18299358 0.16225052 0.1075519 0.19460414 0.13104881 0.15328406 0.13128482 0.0730535 0.23152125 0.104463264 0.11186373 0.15403992 0.15759344 0.10992433 0.20200379 0.12708664 0.1624402 0.19553621 0.10131358 0.13027771 0.20746213,0.10373465 0.09987867 0.08042387 0.14851156 0.13597207 0.17363581 0.097207546 0.139542 0.11478537 0.1009325 0.14578341 0.121327996 0.12538707 0.06678047 0.12256987 0.12052979 0.11144227 0.09379319 0.16086236 0.16712719 0.13591121 0.1466188 0.16600305 0.20286317 0.21718587 0.12325099 0.2329057 0.09738463 0.22611494 0.10032231 0.08227687 0.14843905 0.07404612 0.10367008 0.14786033 0.16666886 0.10907015 0.16143951 0.11657929 0.1595671 0.1573635 0.1546037 0.3045456 0.14953023 0.10905875 0.1096918 0.07332076 0.14562932 0.103541106 0.17812906 0.13158686 0.12334485 0.2051234 0.12584093 0.09524344 0.14837484 0.13182884 0.11582694 0.09346462 0.23659587 0.0964734 0.14110018 0.07294204 0.16764458 0.09841172 0.13026345 0.12652963 0.089277446 0.10384825 0.20533027 0.1787652 0.06702152 0.15694952 0.11276573 0.15423849 0.17254238 0.20827112 0.12203716 0.09775112 0.089311615 0.16033912 0.113526925 0.14980197 0.11015683 0.15266089 0.13962162 0.09777896 0.086334765 0.09809143 0.12179546 0.12704024 0.07265524 0.10958794 0.19160952 0.101960614 0.124488436 0.17612274 0.103245504 0.128789 0.17041822 0.1537434 0.11074508 0.11492393 0.100595534 0.08660004 0.101233326 0.15825911 0.18297125 0.16223072 0.10753878 0.19458039 0.13103281 0.15326534 0.1312688 0.07304459 0.231493 0.10445052 0.111850075 0.15402113 0.15757422 0.10991092 0.20197913 0.12707113 0.16242036 0.19551234 0.10130122 0.13026181 0.20743681,,
466,3x3x64x128,0.103747316 0.09989086 0.08043368 0.1485297 0.13598865 0.17365701 0.097219415 0.13955903 0.11479939 0.100944825 0.1458012 0.1213428 0.12540238 0.06678862 0.12258483 0.1205445 0.111455865 0.093804635 0.16088198 0.16714759 0.1359278 0.1466367 0.1660233 0.20288792 0.21721238 0.123266034 0.23293412 0.09739652 0.22614254 0.10033456 0.08228692 0.14845717 0.07405516 0.10368274 0.14787838 0.1666892 0.109083466 0.16145922 0.11659352 0.15958658 0.15738271 0.15462258 0.3045828 0.14954849 0.10907206 0.10970519 0.07332971 0.1456471 0.10355374 0.1781508 0.13160293 0.1233599 0.20514843 0.1258563 0.09525507 0.14839296 0.13184494 0.11584108 0.09347603 0.23662475 0.09648518 0.14111741 0.072950944 0.16766503 0.09842373 0.13027935 0.12654509 0.08928834 0.10386092 0.20535533 0.17878702 0.0670297 0.15696867 0.1127795 0.15425733 0.17256345 0.20829654 0.12205205 0.097763054 0.089322515 0.1603587 0.11354078 0.14982025 0.11017027 0.15267953 0.13963865 0.0977909 0.08634531 0.098103404 0.12181033 0.12705573 0.072664104 0.10960132 0.19163291 0.101973064 0.124503635 0.17614423 0.10325811 0.12880471 0.17043902 0.15376218 0.110758595 0.11493795 0.10060781 0.08661061 0.10124569 0.15827844 0.18299358 0.16225052 0.1075519 0.19460414 0.13104881 0.15328406 0.13128482 0.0730535 0.23152125 0.104463264 0.11186373 0.15403992 0.15759344 0.10992433 0.20200379 0.12708664 0.1624402 0.19553621 0.10131358 0.13027771 0.20746213,0.10373465 0.09987867 0.08042387 0.14851156 0.13597207 0.17363581 0.097207546 0.139542 0.11478537 0.1009325 0.14578341 0.121327996 0.12538707 0.06678047 0.12256987 0.12052979 0.11144227 0.09379319 0.16086236 0.16712719 0.13591121 0.1466188 0.16600305 0.20286317 0.21718587 0.12325099 0.2329057 0.09738463 0.22611494 0.10032231 0.08227687 0.14843905 0.07404612 0.10367008 0.14786033 0.16666886 0.10907015 0.16143951 0.11657929 0.1595671 0.1573635 0.1546037 0.3045456 0.14953023 0.10905875 0.1096918 0.07332076 0.14562932 0.103541106 0.17812906 0.13158686 0.12334485 0.2051234 0.12584093 0.09524344 0.14837484 0.13182884 0.11582694 0.09346462 0.23659587 0.0964734 0.14110018 0.07294204 0.16764458 0.09841172 0.13026345 0.12652963 0.089277446 0.10384825 0.20533027 0.1787652 0.06702152 0.15694952 0.11276573 0.15423849 0.17254238 0.20827112 0.12203716 0.09775112 0.089311615 0.16033912 0.113526925 0.14980197 0.11015683 0.15266089 0.13962162 0.09777896 0.086334765 0.09809143 0.12179546 0.12704024 0.07265524 0.10958794 0.19160952 0.101960614 0.124488436 0.17612274 0.103245504 0.128789 0.17041822 0.1537434 0.11074508 0.11492393 0.100595534 0.08660004 0.101233326 0.15825911 0.18297125 0.16223072 0.10753878 0.19458039 0.13103281 0.15326534 0.1312688 0.07304459 0.231493 0.10445052 0.111850075 0.15402113 0.15757422 0.10991092 0.20197913 0.12707113 0.16242036 0.19551234 0.10130122 0.13026181 0.20743681,,
470,3x3x64x128,0.103747316 0.09989086 0.08043368 0.1485297 0.13598865 0.17365701 0.097219415 0.13955903 0.11479939 0.100944825 0.1458012 0.1213428 0.12540238 0.06678862 0.12258483 0.1205445 0.111455865 0.093804635 0.16088198 0.16714759 0.1359278 0.1466367 0.1660233 0.20288792 0.21721238 0.123266034 0.23293412 0.09739652 0.22614254 0.10033456 0.08228692 0.14845717 0.07405516 0.10368274 0.14787838 0.1666892 0.109083466 0.16145922 0.11659352 0.15958658 0.15738271 0.15462258 0.3045828 0.14954849 0.10907206 0.10970519 0.07332971 0.1456471 0.10355374 0.1781508 0.13160293 0.1233599 0.20514843 0.1258563 0.09525507 0.14839296 0.13184494 0.11584108 0.09347603 0.23662475 0.09648518 0.14111741 0.072950944 0.16766503 0.09842373 0.13027935 0.12654509 0.08928834 0.10386092 0.20535533 0.17878702 0.0670297 0.15696867 0.1127795 0.15425733 0.17256345 0.20829654 0.12205205 0.097763054 0.089322515 0.1603587 0.11354078 0.14982025 0.11017027 0.15267953 0.13963865 0.0977909 0.08634531 0.098103404 0.12181033 0.12705573 0.072664104 0.10960132 0.19163291 0.101973064 0.124503635 0.17614423 0.10325811 0.12880471 0.17043902 0.15376218 0.110758595 0.11493795 0.10060781 0.08661061 0.10124569 0.15827844 0.18299358 0.16225052 0.1075519 0.19460414 0.13104881 0.15328406 0.13128482 0.0730535 0.23152125 0.104463264 0.11186373 0.15403992 0.15759344 0.10992433 0.20200379 0.12708664 0.1624402 0.19553621 0.10131358 0.13027771 0.20746213,0.10373465 0.09987867 0.08042387 0.14851156 0.13597207 0.17363581 0.097207546 0.139542 0.11478537 0.1009325 0.14578341 0.121327996 0.12538707 0.06678047 0.12256987 0.12052979 0.11144227 0.09379319 0.16086236 0.16712719 0.13591121 0.1466188 0.16600305 0.20286317 0.21718587 0.12325099 0.2329057 0.09738463 0.22611494 0.10032231 0.08227687 0.14843905 0.07404612 0.10367008 0.14786033 0.16666886 0.10907015 0.16143951 0.11657929 0.1595671 0.1573635 0.1546037 0.3045456 0.14953023 0.10905875 0.1096918 0.07332076 0.14562932 0.103541106 0.17812906 0.13158686 0.12334485 0.2051234 0.12584093 0.09524344 0.14837484 0.13182884 0.11582694 0.09346462 0.23659587 0.0964734 0.14110018 0.07294204 0.16764458 0.09841172 0.13026345 0.12652963 0.089277446 0.10384825 0.20533027 0.1787652 0.06702152 0.15694952 0.11276573 0.15423849 0.17254238 0.20827112 0.12203716 0.09775112 0.089311615 0.16033912 0.113526925 0.14980197 0.11015683 0.15266089 0.13962162 0.09777896 0.086334765 0.09809143 0.12179546 0.12704024 0.07265524 0.10958794 0.19160952 0.101960614 0.124488436 0.17612274 0.103245504 0.128789 0.17041822 0.1537434 0.11074508 0.11492393 0.100595534 0.08660004 0.101233326 0.15825911 0.18297125 0.16223072 0.10753878 0.19458039 0.13103281 0.15326534 0.1312688 0.07304459 0.231493 0.10445052 0.111850075 0.15402113 0.15757422 0.10991092 0.20197913 0.12707113 0.16242036 0.19551234 0.10130122 0.13026181 0.20743681,,
474,3x3x64x128,0.103747316 0.09989086 0.08043368 0.1485297 0.13598865 0.17365701 0.097219415 0.13955903 0.11479939 0.100944825 0.1458012 0.1213428 0.12540238 0.06678862 0.12258483 0.1205445 0.111455865 0.093804635 0.16088198 0.16714759 0.1359278 0.1466367 0.1660233 0.20288792 0.21721238 0.123266034 0.23293412 0.09739652 0.22614254 0.10033456 0.08228692 0.14845717 0.07405516 0.10368274 0.14787838 0.1666892 0.109083466 0.16145922 0.11659352 0.15958658 0.15738271 0.15462258 0.3045828 0.14954849 0.10907206 0.10970519 0.07332971 0.1456471 0.10355374 0.1781508 0.13160293 0.1233599 0.20514843 0.1258563 0.09525507 0.14839296 0.13184494 0.11584108 0.09347603 0.23662475 0.09648518 0.14111741 0.072950944 0.16766503 0.09842373 0.13027935 0.12654509 0.08928834 0.10386092 0.20535533 0.17878702 0.0670297 0.15696867 0.1127795 0.15425733 0.17256345 0.20829654 0.12205205 0.097763054 0.089322515 0.1603587 0.11354078 0.14982025 0.11017027 0.15267953 0.13963865 0.0977909 0.08634531 0.098103404 0.12181033 0.12705573 0.072664104 0.10960132 0.19163291 0.101973064 0.124503635 0.17614423 0.10325811 0.12880471 0.17043902 0.15376218 0.110758595 0.11493795 0.10060781 0.08661061 0.10124569 0.15827844 0.18299358 0.16225052 0.1075519 0.19460414 0.13104881 0.15328406 0.13128482 0.0730535 0.23152125 0.104463264 0.11186373 0.15403992 0.15759344 0.10992433 0.20200379 0.12708664 0.1624402 0.19553621 0.10131358 0.13027771 0.20746213,0.10373465 0.09987867 0.08042387 0.14851156 0.13597207 0.17363581 0.097207546 0.139542 0.11478537 0.1009325 0.14578341 0.121327996 0.12538707 0.06678047 0.12256987 0.12052979 0.11144227 0.09379319 0.16086236 0.16712719 0.13591121 0.1466188 0.16600305 0.20286317 0.21718587 0.12325099 0.2329057 0.09738463 0.22611494 0.10032231 0.08227687 0.14843905 0.07404612 0.10367008 0.14786033 0.16666886 0.10907015 0.16143951 0.11657929 0.1595671 0.1573635 0.1546037 0.3045456 0.14953023 0.10905875 0.1096918 0.07332076 0.14562932 0.103541106 0.17812906 0.13158686 0.12334485 0.2051234 0.12584093 0.09524344 0.14837484 0.13182884 0.11582694 0.09346462 0.23659587 0.0964734 0.14110018 0.07294204 0.16764458 0.09841172 0.13026345 0.12652963 0.089277446 0.10384825 0.20533027 0.1787652 0.06702152 0.15694952 0.11276573 0.15423849 0.17254238 0.20827112 0.12203716 0.09775112 0.089311615 0.16033912 0.113526925 0.14980197 0.11015683 0.15266089 0.13962162 0.09777896 0.086334765 0.09809143 0.12179546 0.12704024 0.07265524 0.10958794 0.19160952 0.101960614 0.124488436 0.17612274 0.103245504 0.128789 0.17041822 0.1537434 0.11074508 0.11492393 0.100595534 0.08660004 0.101233326 0.15825911 0.18297125 0.16223072 0.10753878 0.19458039 0.13103281 0.15326534 0.1312688 0.07304459 0.231493 0.10445052 0.111850075 0.15402113 0.15757422 0.10991092 0.20197913 0.12707113 0.16242036 0.19551234 0.10130122 0.13026181 0.20743681,,
478,3x3x64x128,0.103747316 0.09989086 0.08043368 0.1485297 0.13598865 0.17365701 0.097219415 0.13955903 0.11479939 0.100944825 0.1458012 0.1213428 0.12540238 0.06678862 0.12258483 0.1205445 0.111455865 0.093804635 0.16088198 0.16714759 0.1359278 0.1466367 0.1660233 0.20288792 0.21721238 0.123266034 0.23293412 0.09739652 0.22614254 0.10033456 0.08228692 0.14845717 0.07405516 0.10368274 0.14787838 0.1666892 0.109083466 0.16145922 0.11659352 0.15958658 0.15738271 0.15462258 0.3045828 0.14954849 0.10907206 0.10970519 0.07332971 0.1456471 0.10355374 0.1781508 0.13160293 0.1233599 0.20514843 0.1258563 0.09525507 0.14839296 0.13184494 0.11584108 0.09347603 0.23662475 0.09648518 0.14111741 0.072950944 0.16766503 0.09842373 0.13027935 0.12654509 0.08928834 0.10386092 0.20535533 0.17878702 0.0670297 0.15696867 0.1127795 0.15425733 0.17256345 0.20829654 0.12205205 0.097763054 0.089322515 0.1603587 0.11354078 0.14982025 0.11017027 0.15267953 0.13963865 0.0977909 0.08634531 0.098103404 0.12181033 0.12705573 0.072664104 0.10960132 0.19163291 0.101973064 0.124503635 0.17614423 0.10325811 0.12880471 0.17043902 0.15376218 0.110758595 0.11493795 0.10060781 0.08661061 0.10124569 0.15827844 0.18299358 0.16225052 0.1075519 0.19460414 0.13104881 0.15328406 0.13128482 0.0730535 0.23152125 0.104463264 0.11186373 0.15403992 0.15759344 0.10992433 0.20200379 0.12708664 0.1624402 0.19553621 0.10131358 0.13027771 0.20746213,0.10373465 0.09987867 0.08042387 0.14851156 0.13597207 0.17363581 0.097207546 0.139542 0.11478537 0.1009325 0.14578341 0.121327996 0.12538707 0.06678047 0.12256987 0.12052979 0.11144227 0.09379319 0.16086236 0.16712719 0.13591121 0.1466188 0.16600305 0.20286317 0.21718587 0.12325099 0.2329057 0.09738463 0.22611494 0.10032231 0.08227687 0.14843905 0.07404612 0.10367008 0.14786033 0.16666886 0.10907015 0.16143951 0.11657929 0.1595671 0.1573635 0.1546037 0.3045456 0.14953023 0.10905875 0.1096918 0.07332076 0.14562932 0.103541106 0.17812906 0.13158686 0.12334485 0.2051234 0.12584093 0.09524344 0.14837484 0.13182884 0.11582694 0.09346462 0.23659587 0.0964734 0.14110018 0.07294204 0.16764458 0.09841172 0.13026345 0.12652963 0.089277446 0.10384825 0.20533027 0.1787652 0.06702152 0.15694952 0.11276573 0.15423849 0.17254238 0.20827112 0.12203716 0.09775112 0.089311615 0.16033912 0.113526925 0.14980197 0.11015683 0.15266089 0.13962162 0.09777896 0.086334765 0.09809143 0.12179546 0.12704024 0.07265524 0.10958794 0.19160952 0.101960614 0.124488436 0.17612274 0.103245504 0.128789 0.17041822 0.1537434 0.11074508 0.11492393 0.100595534 0.08660004 0.101233326 0.15825911 0.18297125 0.16223072 0.10753878 0.19458039 0.13103281 0.15326534 0.1312688 0.07304459 0.231493 0.10445052 0.111850075 0.15402113 0.15757422 0.10991092 0.20197913 0.12707113 0.16242036 0.19551234 0.10130122 0.13026181 0.20743681,,
496,3x3x128x128,0.19540022 0.40311575 0.29183012 0.24897061 0.34711108 0.39490968 0.37676865 0.20948124 0.32605663 0.1335916 0.18091488 0.3527995 0.30726045 0.3593196 0.14342067 0.17756179 0.21227168 0.2649489 0.14639094 0.32873154 0.49773863 0.32237306 0.31351697 0.38854346 0.14140837 0.18999213 0.22607553 0.22802943 0.14364965 0.1403214 0.37386268 0.3752104 0.15040988 0.15015814 0.32452962 0.46944207 0.18763614 0.20173265 0.3180517 0.2359985 0.3475479 0.13783857 0.69934046 0.14356613 0.10321272 0.17212853 0.28710833 0.30589613 0.33628196 0.3122989 0.1739925 0.41052753 0.1827935 0.23874895 0.26712844 0.35856712 0.21152966 0.42532688 0.44879633 0.44041282 0.4338647 0.29090735 0.4207604 0.44565344 0.30252308 0.46066576 0.20762789 0.33948728 0.23726296 0.406663 0.32287237 0.80289286 0.51370674 0.21257217 0.18460256 0.23959552 0.3375446 0.14889166 0.25630948 0.5943321 0.34515792 0.3144907 0.64372987 0.21572624 0.21323417 0.1733746 0.25310645 0.45566952 0.24445084 0.8167033 0.19104755 0.50808793 0.20502378 0.22578393 0.3210441 0.46462357 0.29621345 0.17072035 0.48870286 0.32165885 0.48540846 0.20170015 0.36856174 0.30171132 0.21030353 0.27632344 0.16551651 0.30127642 0.3781813 0.24116322 0.28899002 0.2927303 0.41377854 0.66550595 0.28883445 0.15364788 0.26759934 0.39780796 0.27041614 0.23060462 0.37044024 0.2590158 0.4373159 0.27607787 0.38915586 0.74985754 0.10911621 0.5456735,0.19537637 0.40306655 0.2917945 0.24894023 0.3470687 0.3948615 0.37672266 0.20945568 0.32601684 0.1335753 0.18089281 0.35275647 0.30722296 0.35927573 0.14340317 0.17754012 0.21224578 0.26491657 0.14637308 0.32869142 0.4976779 0.32233372 0.3134787 0.38849604 0.14139111 0.18996894 0.22604795 0.22800161 0.14363211 0.14030428 0.37381706 0.3751646 0.15039152 0.15013981 0.32449 0.46938476 0.18761325 0.20170803 0.31801286 0.23596969 0.34750548 0.13782175 0.6992551 0.14354861 0.10320013 0.17210753 0.2870733 0.30585882 0.33624092 0.31226078 0.17397127 0.41047743 0.18277119 0.2387198 0.26709583 0.35852334 0.21150383 0.425275 0.44874156 0.44035906 0.43381178 0.29087183 0.42070904 0.44559905 0.30248615 0.46060953 0.20760255 0.33944586 0.23723401 0.40661335 0.32283297 0.8027949 0.51364404 0.21254623 0.18458003 0.23956627 0.3375034 0.14887348 0.25627822 0.59425956 0.34511578 0.31445232 0.6436513 0.21569991 0.21320814 0.17335343 0.25307554 0.4556139 0.244421 0.81660366 0.19102424 0.5080259 0.20499876 0.22575638 0.32100493 0.4645669 0.2961773 0.17069952 0.48864323 0.3216196 0.48534924 0.20167553 0.36851674 0.30167452 0.21027786 0.27628973 0.16549632 0.30123967 0.37813517 0.2411338 0.28895473 0.2926946 0.41372803 0.66542476 0.2887992 0.15362912 0.26756668 0.3977594 0.27038312 0.23057649 0.37039503 0.2589842 0.43726254 0.2760442 0.3891084 0.749766 0.10910289 0.54560685,,
500,3x3x128x128,0.19540022 0.40311575 0.29183012 0.24897061 0.34711108 0.39490968 0.37676865 0.20948124 0.32605663 0.1335916 0.18091488 0.3527995 0.30726045 0.3593196 0.14342067 0.17756179 0.21227168 0.2649489 0.14639094 0.32873154 0.49773863 0.32237306 0.31351697 0.38854346 0.14140837 0.18999213 0.22607553 0.22802943 0.14364965 0.1403214 0.37386268 0.3752104 0.15040988 0.15015814 0.32452962 0.46944207 0.18763614 0.20173265 0.3180517 0.2359985 0.3475479 0.13783857 0.69934046 0.14356613 0.10321272 0.17212853 0.28710833 0.30589613 0.33628196 0.3122989 0.1739925 0.41052753 0.1827935 0.23874895 0.26712844 0.35856712 0.21152966 0.42532688 0.44879633 0.44041282 0.4338647 0.29090735 0.4207604 0.44565344 0.30252308 0.46066576 0.20762789 0.33948728 0.23726296 0.406663 0.32287237 0.80289286 0.51370674 0.21257217 0.18460256 0.23959552 0.3375446 0.14889166 0.25630948 0.5943321 0.34515792 0.3144907 0.64372987 0.21572624 0.21323417 0.1733746 0.25310645 0.45566952 0.24445084 0.8167033 0.19104755 0.50808793 0.20502378 0.22578393 0.3210441 0.46462357 0.29621345 0.17072035 0.48870286 0.32165885 0.48540846 0.20170015 0.36856174 0.30171132 0.21030353 0.27632344 0.16551651 0.30127642 0.3781813 0.24116322 0.28899002 0.2927303 0.41377854 0.66550595 0.28883445 0.15364788 0.26759934 0.39780796 0.27041614 0.23060462 0.37044024 0.2590158 0.4373159 0.27607787 0.38915586 0.74985754 0.10911621 0.5456735,0.19537637 0.40306655 0.2917945 0.24894023 0.3470687 0.3948615 0.37672266 0.20945568 0.32601684 0.1335753 0.18089281 0.35275647 0.30722296 0.35927573 0.14340317 0.17754012 0.21224578 0.26491657 0.14637308 0.32869142 0.4976779 0.32233372 0.3134787 0.38849604 0.14139111 0.18996894 0.22604795 0.22800161 0.14363211 0.14030428 0.37381706 0.3751646 0.15039152 0.15013981 0.32449 0.46938476 0.18761325 0.20170803 0.31801286 0.23596969 0.34750548 0.13782175 0.6992551 0.14354861 0.10320013 0.17210753 0.2870733 0.30585882 0.33624092 0.31226078 0.17397127 0.41047743 0.18277119 0.2387198 0.26709583 0.35852334 0.21150383 0.425275 0.44874156 0.44035906 0.43381178 0.29087183 0.42070904 0.44559905 0.30248615 0.46060953 0.20760255 0.33944586 0.23723401 0.40661335 0.32283297 0.8027949 0.51364404 0.21254623 0.18458003 0.23956627 0.3375034 0.14887348 0.25627822 0.59425956 0.34511578 0.31445232 0.6436513 0.21569991 0.21320814 0.17335343 0.25307554 0.4556139 0.244421 0.81660366 0.19102424 0.5080259 0.20499876 0.22575638 0.32100493 0.4645669 0.2961773 0.17069952 0.48864323 0.3216196 0.48534924 0.20167553 0.36851674 0.30167452 0.21027786 0.27628973 0.16549632 0.30123967 0.37813517 0.2411338 0.28895473 0.2926946 0.41372803 0.66542476 0.2887992 0.15362912 0.26756668 0.3977594 0.27038312 0.23057649 0.37039503 0.2589842 0.43726254 0.2760442 0.3891084 0.749766 0.10910289 0.54560685,,
504,3x3x128x128,0.19540022 0.40311575 0.29183012 0.24897061 0.34711108 0.39490968 0.37676865 0.20948124 0.32605663 0.1335916 0.18091488 0.3527995 0.30726045 0.3593196 0.14342067 0.17756179 0.21227168 0.2649489 0.14639094 0.32873154 0.49773863 0.32237306 0.31351697 0.38854346 0.14140837 0.18999213 0.22607553 0.22802943 0.14364965 0.1403214 0.37386268 0.3752104 0.15040988 0.15015814 0.32452962 0.46944207 0.18763614 0.20173265 0.3180517 0.2359985 0.3475479 0.13783857 0.69934046 0.14356613 0.10321272 0.17212853 0.28710833 0.30589613 0.33628196 0.3122989 0.1739925 0.41052753 0.1827935 0.23874895 0.26712844 0.35856712 0.21152966 0.42532688 0.44879633 0.44041282 0.4338647 0.29090735 0.4207604 0.44565344 0.30252308 0.46066576 0.20762789 0.33948728 0.23726296 0.406663 0.32287237 0.80289286 0.51370674 0.21257217 0.18460256 0.23959552 0.3375446 0.14889166 0.25630948 0.5943321 0.34515792 0.3144907 0.64372987 0.21572624 0.21323417 0.1733746 0.25310645 0.45566952 0.24445084 0.8167033 0.19104755 0.50808793 0.20502378 0.22578393 0.3210441 0.46462357 0.29621345 0.17072035 0.48870286 0.32165885 0.48540846 0.20170015 0.36856174 0.30171132 0.21030353 0.27632344 0.16551651 0.30127642 0.3781813 0.24116322 0.28899002 0.2927303 0.41377854 0.66550595 0.28883445 0.15364788 0.26759934 0.39780796 0.27041614 0.23060462 0.37044024 0.2590158 0.4373159 0.27607787 0.38915586 0.74985754 0.10911621 0.5456735,0.19537637 0.40306655 0.2917945 0.24894023 0.3470687 0.3948615 0.37672266 0.20945568 0.32601684 0.1335753 0.18089281 0.35275647 0.30722296 0.35927573 0.14340317 0.17754012 0.21224578 0.26491657 0.14637308 0.32869142 0.4976779 0.32233372 0.3134787 0.38849604 0.14139111 0.18996894 0.22604795 0.22800161 0.14363211 0.14030428 0.37381706 0.3751646 0.15039152 0.15013981 0.32449 0.46938476 0.18761325 0.20170803 0.31801286 0.23596969 0.34750548 0.13782175 0.6992551 0.14354861 0.10320013 0.17210753 0.2870733 0.30585882 0.33624092 0.31226078 0.17397127 0.41047743 0.18277119 0.2387198 0.26709583 0.35852334 0.21150383 0.425275 0.44874156 0.44035906 0.43381178 0.29087183 0.42070904 0.44559905 0.30248615 0.46060953 0.20760255 0.33944586 0.23723401 0.40661335 0.32283297 0.8027949 0.51364404 0.21254623 0.18458003 0.23956627 0.3375034 0.14887348 0.25627822 0.59425956 0.34511578 0.31445232 0.6436513 0.21569991 0.21320814 0.17335343 0.25307554 0.4556139 0.244421 0.81660366 0.19102424 0.5080259 0.20499876 0.22575638 0.32100493 0.4645669 0.2961773 0.17069952 0.48864323 0.3216196 0.48534924 0.20167553 0.36851674 0.30167452 0.21027786 0.27628973 0.16549632 0.30123967 0.37813517 0.2411338 0.28895473 0.2926946 0.41372803 0.66542476 0.2887992 0.15362912 0.26756668 0.3977594 0.27038312 0.23057649 0.37039503 0.2589842 0.43726254 0.2760442 0.3891084 0.749766 0.10910289 0.54560685,,
508,3x3x128x128,0.19540022 0.40311575 0.29183012 0.24897061 0.34711108 0.39490968 0.37676865 0.20948124 0.32605663 0.1335916 0.18091488 0.3527995 0.30726045 0.3593196 0.14342067 0.17756179 0.21227168 0.2649489 0.14639094 0.32873154 0.49773863 0.32237306 0.31351697 0.38854346 0.14140837 0.18999213 0.22607553 0.22802943 0.14364965 0.1403214 0.37386268 0.3752104 0.15040988 0.15015814 0.32452962 0.46944207 0.18763614 0.20173265 0.3180517 0.2359985 0.3475479 0.13783857 0.69934046 0.14356613 0.10321272 0.17212853 0.28710833 0.30589613 0.33628196 0.3122989 0.1739925 0.41052753 0.1827935 0.23874895 0.26712844 0.35856712 0.21152966 0.42532688 0.44879633 0.44041282 0.4338647 0.29090735 0.4207604 0.44565344 0.30252308 0.46066576 0.20762789 0.33948728 0.23726296 0.406663 0.32287237 0.80289286 0.51370674 0.21257217 0.18460256 0.23959552 0.3375446 0.14889166 0.25630948 0.5943321 0.34515792 0.3144907 0.64372987 0.21572624 0.21323417 0.1733746 0.25310645 0.45566952 0.24445084 0.8167033 0.19104755 0.50808793 0.20502378 0.22578393 0.3210441 0.46462357 0.29621345 0.17072035 0.48870286 0.32165885 0.48540846 0.20170015 0.36856174 0.30171132 0.21030353 0.27632344 0.16551651 0.30127642 0.3781813 0.24116322 0.28899002 0.2927303 0.41377854 0.66550595 0.28883445 0.15364788 0.26759934 0.39780796 0.27041614 0.23060462 0.37044024 0.2590158 0.4373159 0.27607787 0.38915586 0.74985754 0.10911621 0.5456735,0.19537637 0.40306655 0.2917945 0.24894023 0.3470687 0.3948615 0.37672266 0.20945568 0.32601684 0.1335753 0.18089281 0.35275647 0.30722296 0.35927573 0.14340317 0.17754012 0.21224578 0.26491657 0.14637308 0.32869142 0.4976779 0.32233372 0.3134787 0.38849604 0.14139111 0.18996894 0.22604795 0.22800161 0.14363211 0.14030428 0.37381706 0.3751646 0.15039152 0.15013981 0.32449 0.46938476 0.18761325 0.20170803 0.31801286 0.23596969 0.34750548 0.13782175 0.6992551 0.14354861 0.10320013 0.17210753 0.2870733 0.30585882 0.33624092 0.31226078 0.17397127 0.41047743 0.18277119 0.2387198 0.26709583 0.35852334 0.21150383 0.425275 0.44874156 0.44035906 0.43381178 0.29087183 0.42070904 0.44559905 0.30248615 0.46060953 0.20760255 0.33944586 0.23723401 0.40661335 0.32283297 0.8027949 0.51364404 0.21254623 0.18458003 0.23956627 0.3375034 0.14887348 0.25627822 0.59425956 0.34511578 0.31445232 0.6436513 0.21569991 0.21320814 0.17335343 0.25307554 0.4556139 0.244421 0.81660366 0.19102424 0.5080259 0.20499876 0.22575638 0.32100493 0.4645669 0.2961773 0.17069952 0.48864323 0.3216196 0.48534924 0.20167553 0.36851674 0.30167452 0.21027786 0.27628973 0.16549632 0.30123967 0.37813517 0.2411338 0.28895473 0.2926946 0.41372803 0.66542476 0.2887992 0.15362912 0.26756668 0.3977594 0.27038312 0.23057649 0.37039503 0.2589842 0.43726254 0.2760442 0.3891084 0.749766 0.10910289 0.54560685,,
512,3x3x128x128,0.19540022 0.40311575 0.29183012 0.24897061 0.34711108 0.39490968 0.37676865 0.20948124 0.32605663 0.1335916 0.18091488 0.3527995 0.30726045 0.3593196 0.14342067 0.17756179 0.21227168 0.2649489 0.14639094 0.32873154 0.49773863 0.32237306 0.31351697 0.38854346 0.14140837 0.18999213 0.22607553 0.22802943 0.14364965 0.1403214 0.37386268 0.3752104 0.15040988 0.15015814 0.32452962 0.46944207 0.18763614 0.20173265 0.3180517 0.2359985 0.3475479 0.13783857 0.69934046 0.14356613 0.10321272 0.17212853 0.28710833 0.30589613 0.33628196 0.3122989 0.1739925 0.41052753 0.1827935 0.23874895 0.26712844 0.35856712 0.21152966 0.42532688 0.44879633 0.44041282 0.4338647 0.29090735 0.4207604 0.44565344 0.30252308 0.46066576 0.20762789 0.33948728 0.23726296 0.406663 0.32287237 0.80289286 0.51370674 0.21257217 0.18460256 0.23959552 0.3375446 0.14889166 0.25630948 0.5943321 0.34515792 0.3144907 0.64372987 0.21572624 0.21323417 0.1733746 0.25310645 0.45566952 0.24445084 0.8167033 0.19104755 0.50808793 0.20502378 0.22578393 0.3210441 0.46462357 0.29621345 0.17072035 0.48870286 0.32165885 0.48540846 0.20170015 0.36856174 0.30171132 0.21030353 0.27632344 0.16551651 0.30127642 0.3781813 0.24116322 0.28899002 0.2927303 0.41377854 0.66550595 0.28883445 0.15364788 0.26759934 0.39780796 0.27041614 0.23060462 0.37044024 0.2590158 0.4373159 0.27607787 0.38915586 0.74985754 0.10911621 0.5456735,0.19537637 0.40306655 0.2917945 0.24894023 0.3470687 0.3948615 0.37672266 0.20945568 0.32601684 0.1335753 0.18089281 0.35275647 0.30722296 0.35927573 0.14340317 0.17754012 0.21224578 0.26491657 0.14637308 0.32869142 0.4976779 0.32233372 0.3134787 0.38849604 0.14139111 0.18996894 0.22604795 0.22800161 0.14363211 0.14030428 0.37381706 0.3751646 0.15039152 0.15013981 0.32449 0.46938476 0.18761325 0.20170803 0.31801286 0.23596969 0.34750548 0.13782175 0.6992551 0.14354861 0.10320013 0.17210753 0.2870733 0.30585882 0.33624092 0.31226078 0.17397127 0.41047743 0.18277119 0.2387198 0.26709583 0.35852334 0.21150383 0.425275 0.44874156 0.44035906 0.43381178 0.29087183 0.42070904 0.44559905 0.30248615 0.46060953 0.20760255 0.33944586 0.23723401 0.40661335 0.32283297 0.8027949 0.51364404 0.21254623 0.18458003 0.23956627 0.3375034 0.14887348 0.25627822 0.59425956 0.34511578 0.31445232 0.6436513 0.21569991 0.21320814 0.17335343 0.25307554 0.4556139 0.244421 0.81660366 0.19102424 0.5080259 0.20499876 0.22575638 0.32100493 0.4645669 0.2961773 0.17069952 0.48864323 0.3216196 0.48534924 0.20167553 0.36851674 0.30167452 0.21027786 0.27628973 0.16549632 0.30123967 0.37813517 0.2411338 0.28895473 0.2926946 0.41372803 0.66542476 0.2887992 0.15362912 0.26756668 0.3977594 0.27038312 0.23057649 0.37039503 0.2589842 0.43726254 0.2760442 0.3891084 0.749766 0.10910289 0.54560685,,
516,3x3x128x128,0.19540022 0.40311575 0.29183012 0.24897061 0.34711108 0.39490968 0.37676865 0.20948124 0.32605663 0.1335916 0.18091488 0.3527995 0.30726045 0.3593196 0.14342067 0.17756179 0.21227168 0.2649489 0.14639094 0.32873154 0.49773863 0.32237306 0.31351697 0.38854346 0.14140837 0.18999213 0.22607553 0.22802943 0.14364965 0.1403214 0.37386268 0.3752104 0.15040988 0.15015814 0.32452962 0.46944207 0.18763614 0.20173265 0.3180517 0.2359985 0.3475479 0.13783857 0.69934046 0.14356613 0.10321272 0.17212853 0.28710833 0.30589613 0.33628196 0.3122989 0.1739925 0.41052753 0.1827935 0.23874895 0.26712844 0.35856712 0.21152966 0.42532688 0.44879633 0.44041282 0.4338647 0.29090735 0.4207604 0.44565344 0.30252308 0.46066576 0.20762789 0.33948728 0.23726296 0.406663 0.32287237 0.80289286 0.51370674 0.21257217 0.18460256 0.23959552 0.3375446 0.14889166 0.25630948 0.5943321 0.34515792 0.3144907 0.64372987 0.21572624 0.21323417 0.1733746 0.25310645 0.45566952 0.24445084 0.8167033 0.19104755 0.50808793 0.20502378 0.22578393 0.3210441 0.46462357 0.29621345 0.17072035 0.48870286 0.32165885 0.48540846 0.20170015 0.36856174 0.30171132 0.21030353 0.27632344 0.16551651 0.30127642 0.3781813 0.24116322 0.28899002 0.2927303 0.41377854 0.66550595 0.28883445 0.15364788 0.26759934 0.39780796 0.27041614 0.23060462 0.37044024 0.2590158 0.4373159 0.27607787 0.38915586 0.74985754 0.10911621 0.5456735,0.19537637 0.40306655 0.2917945 0.24894023 0.3470687 0.3948615 0.37672266 0.20945568 0.32601684 0.1335753 0.18089281 0.35275647 0.30722296 0.35927573 0.14340317 0.17754012 0.21224578 0.26491657 0.14637308 0.32869142 0.4976779 0.32233372 0.3134787 0.38849604 0.14139111 0.18996894 0.22604795 0.22800161 0.14363211 0.14030428 0.37381706 0.3751646 0.15039152 0.15013981 0.32449 0.46938476 0.18761325 0.20170803 0.31801286 0.23596969 0.34750548 0.13782175 0.6992551 0.14354861 0.10320013 0.17210753 0.2870733 0.30585882 0.33624092 0.31226078 0.17397127 0.41047743 0.18277119 0.2387198 0.26709583 0.35852334 0.21150383 0.425275 0.44874156 0.44035906 0.43381178 0.29087183 0.42070904 0.44559905 0.30248615 0.46060953 0.20760255 0.33944586 0.23723401 0.40661335 0.32283297 0.8027949 0.51364404 0.21254623 0.18458003 0.23956627 0.3375034 0.14887348 0.25627822 0.59425956 0.34511578 0.31445232 0.6436513 0.21569991 0.21320814 0.17335343 0.25307554 0.4556139 0.244421 0.81660366 0.19102424 0.5080259 0.20499876 0.22575638 0.32100493 0.4645669 0.2961773 0.17069952 0.48864323 0.3216196 0.48534924 0.20167553 0.36851674 0.30167452 0.21027786 0.27628973 0.16549632 0.30123967 0.37813517 0.2411338 0.28895473 0.2926946 0.41372803 0.66542476 0.2887992 0.15362912 0.26756668 0.3977594 0.27038312 0.23057649 0.37039503 0.2589842 0.43726254 0.2760442 0.3891084 0.749766 0.10910289 0.54560685,,
534,1x1x64x128,1.0343946 0.0149557 0.16782944 0.3018223 0.049537264 0.08540668 0.0864644 0.3059727 0.3459505 0.26514643 0.31454796 0.3746284 0.83020544 0.07226539 0.7147014 0.18059616 0.22344081 0.2039517 0.43911356 0.02915278 1.0847065 0.08728753 0.24739209 0.014131702 0.46986425 0.048092708 0.17128582 0.61637706 0.4982811 0.44474864 0.04821818 0.030139977 0.37588844 0.61820626 0.4077681 0.32504332 0.12020225 0.0999435 0.22732002 0.33967316 0.17822167 0.1758675 0.4333597 0.53512144 0.599976 0.3912554 0.5254118 0.2170856 0.045508455 0.046042036 1.0339602 0.11589474 0.03992396 0.354359 0.060813233 0.6357354 0.30574542 0.9491046 0.0445994 0.33438945 0.057111256 0.6036357 0.08335921 0.03176283 0.04408374 0.00011468483 0.08730384 0.09535531 0.15833579 0.14409381 0.26291668 0.12523988 0.085845 0.05970929 0.14410931 0.1791397 0.068054296 0.01725227 0.7215213 0.15156095 0.25291696 0.04249051 0.10382346 0.30439648 0.060829412 1.2620116 0.045405436 0.054346457 0.07611535 0.38891295 0.71403944 0.49200216 0.12753466 0.21130107 0.7307767 0.0428695 0.10861129 0.3356813 0.20865779 0.31415153 0.40267074 0.5952366 0.2666738 0.24531819 1.2247196 0.049191985 0.14086954 0.017979076 0.027888427 0.15419076 0.055148035 0.39966866 0.41460672 0.081571504 0.7232257 0.34261167 0.2569997 0.062856786 0.0357967 0.12414754 0.008742429 0.7724229 0.108798124 0.00024382643 0.1651799 0.077428415 1.1100804 0.16619883,1.0342684 0.014953875 0.16780896 0.30178547 0.049531218 0.08539626 0.08645384 0.30593535 0.3459083 0.26511407 0.31450957 0.37458268 0.8301041 0.07225657 0.71461415 0.18057412 0.22341354 0.2039268 0.43905997 0.029149223 1.0845741 0.087276876 0.2473619 0.014129977 0.4698069 0.04808684 0.17126492 0.61630183 0.49822026 0.44469437 0.048212297 0.030136298 0.37584254 0.6181308 0.40771833 0.32500365 0.12018758 0.0999313 0.22729227 0.3396317 0.17819993 0.17584603 0.43330684 0.5350562 0.59990275 0.39120767 0.52534765 0.2170591 0.0455029 0.046036415 1.0338341 0.11588059 0.039919086 0.35431576 0.060805812 0.63565785 0.3057081 0.94898874 0.044593956 0.33434862 0.057104286 0.60356206 0.083349034 0.031758957 0.04407836 0.00011467084 0.087293185 0.09534367 0.15831646 0.14407623 0.26288462 0.1252246 0.085834526 0.059702 0.14409171 0.17911784 0.068045996 0.017250163 0.7214332 0.15154244 0.25288612 0.042485323 0.103810795 0.30435935 0.060821988 1.2618576 0.045399893 0.054339822 0.07610606 0.3888655 0.7139523 0.49194214 0.1275191 0.2112753 0.7306875 0.042864267 0.10859804 0.33564034 0.20863232 0.31411317 0.4026216 0.595164 0.26664126 0.24528825 1.2245702 0.049185984 0.14085236 0.017976882 0.027885024 0.15417194 0.055141307 0.3996199 0.41455612 0.08156155 0.72313744 0.34256986 0.25696832 0.06284912 0.035792332 0.124132395 0.008741363 0.7723287 0.10878485 0.00024379668 0.16515973 0.07741896 1.1099448 0.16617855,,
538,1x1x64x128,1.0343946 0.0149557 0.16782944 0.3018223 0.049537264 0.08540668 0.0864644 0.3059727 0.3459505 0.26514643 0.31454796 0.3746284 0.83020544 0.07226539 0.7147014 0.18059616 0.22344081 0.2039517 0.43911356 0.02915278 1.0847065 0.08728753 0.24739209 0.014131702 0.46986425 0.048092708 0.17128582 0.61637706 0.4982811 0.44474864 0.04821818 0.030139977 0.37588844 0.61820626 0.4077681 0.32504332 0.12020225 0.0999435 0.22732002 0.33967316 0.17822167 0.1758675 0.4333597 0.53512144 0.599976 0.3912554 0.5254118 0.2170856 0.045508455 0.046042036 1.0339602 0.11589474 0.03992396 0.354359 0.060813233 0.6357354 0.30574542 0.9491046 0.0445994 0.33438945 0.057111256 0.6036357 0.08335921 0.03176283 0.04408374 0.00011468483 0.08730384 0.09535531 0.15833579 0.14409381 0.26291668 0.12523988 0.085845 0.05970929 0.14410931 0.1791397 0.068054296 0.01725227 0.7215213 0.15156095 0.25291696 0.04249051 0.10382346 0.30439648 0.060829412 1.2620116 0.045405436 0.054346457 0.07611535 0.38891295 0.71403944 0.49200216 0.12753466 0.21130107 0.7307767 0.0428695 0.10861129 0.3356813 0.20865779 0.31415153 0.40267074 0.5952366 0.2666738 0.24531819 1.2247196 0.049191985 0.14086954 0.017979076 0.027888427 0.15419076 0.055148035 0.39966866 0.41460672 0.081571504 0.7232257 0.34261167 0.2569997 0.062856786 0.0357967 0.12414754 0.008742429 0.7724229 0.108798124 0.00024382643 0.1651799 0.077428415 1.1100804 0.16619883,1.0342684 0.014953875 0.16780896 0.30178547 0.049531218 0.08539626 0.08645384 0.30593535 0.3459083 0.26511407 0.31450957 0.37458268 0.8301041 0.07225657 0.71461415 0.18057412 0.22341354 0.2039268 0.43905997 0.029149223 1.0845741 0.087276876 0.2473619 0.014129977 0.4698069 0.04808684 0.17126492 0.61630183 0.49822026 0.44469437 0.048212297 0.030136298 0.37584254 0.6181308 0.40771833 0.32500365 0.12018758 0.0999313 0.22729227 0.3396317 0.17819993 0.17584603 0.43330684 0.5350562 0.59990275 0.39120767 0.52534765 0.2170591 0.0455029 0.046036415 1.0338341 0.11588059 0.039919086 0.35431576 0.060805812 0.63565785 0.3057081 0.94898874 0.044593956 0.33434862 0.057104286 0.60356206 0.083349034 0.031758957 0.04407836 0.00011467084 0.087293185 0.09534367 0.15831646 0.14407623 0.26288462 0.1252246 0.085834526 0.059702 0.14409171 0.17911784 0.068045996 0.017250163 0.7214332 0.15154244 0.25288612 0.042485323 0.103810795 0.30435935 0.060821988 1.2618576 0.045399893 0.054339822 0.07610606 0.3888655 0.7139523 0.49194214 0.1275191 0.2112753 0.7306875 0.042864267 0.10859804 0.33564034 0.20863232 0.31411317 0.4026216 0.595164 0.26664126 0.24528825 1.2245702 0.049185984 0.14085236 0.017976882 0.027885024 0.15417194 0.055141307 0.3996199 0.41455612 0.08156155 0.72313744 0.34256986 0.25696832 0.06284912 0.035792332 0.124132395 0.008741363 0.7723287 0.10878485 0.00024379668 0.16515973 0.07741896 1.1099448 0.16617855,,
542,1x1x64x128,1.0343946 0.0149557 0.16782944 0.3018223 0.049537264 0.08540668 0.0864644 0.3059727 0.3459505 0.26514643 0.31454796 0.3746284 0.83020544 0.07226539 0.7147014 0.18059616 0.22344081 0.2039517 0.43911356 0.02915278 1.0847065 0.08728753 0.24739209 0.014131702 0.46986425 0.048092708 0.17128582 0.61637706 0.4982811 0.44474864 0.04821818 0.030139977 0.37588844 0.61820626 0.4077681 0.32504332 0.12020225 0.0999435 0.22732002 0.33967316 0.17822167 0.1758675 0.4333597 0.53512144 0.599976 0.3912554 0.5254118 0.2170856 0.045508455 0.046042036 1.0339602 0.11589474 0.03992396 0.354359 0.060813233 0.6357354 0.30574542 0.9491046 0.0445994 0.33438945 0.057111256 0.6036357 0.08335921 0.03176283 0.04408374 0.00011468483 0.08730384 0.09535531 0.15833579 0.14409381 0.26291668 0.12523988 0.085845 0.05970929 0.14410931 0.1791397 0.068054296 0.01725227 0.7215213 0.15156095 0.25291696 0.04249051 0.10382346 0.30439648 0.060829412 1.2620116 0.045405436 0.054346457 0.07611535 0.38891295 0.71403944 0.49200216 0.12753466 0.21130107 0.7307767 0.0428695 0.10861129 0.3356813 0.20865779 0.31415153 0.40267074 0.5952366 0.2666738 0.24531819 1.2247196 0.049191985 0.14086954 0.017979076 0.027888427 0.15419076 0.055148035 0.39966866 0.41460672 0.081571504 0.7232257 0.34261167 0.2569997 0.062856786 0.0357967 0.12414754 0.008742429 0.7724229 0.108798124 0.00024382643 0.1651799 0.077428415 1.1100804 0.16619883,1.0342684 0.014953875 0.16780896 0.30178547 0.049531218 0.08539626 0.08645384 0.30593535 0.3459083 0.26511407 0.31450957 0.37458268 0.8301041 0.07225657 0.71461415 0.18057412 0.22341354 0.2039268 0.43905997 0.029149223 1.0845741 0.087276876 0.2473619 0.014129977 0.4698069 0.04808684 0.17126492 0.61630183 0.49822026 0.44469437 0.048212297 0.030136298 0.37584254 0.6181308 0.40771833 0.32500365 0.12018758 0.0999313 0.22729227 0.3396317 0.17819993 0.17584603 0.43330684 0.5350562 0.59990275 0.39120767 0.52534765 0.2170591 0.0455029 0.046036415 1.0338341 0.11588059 0.039919086 0.35431576 0.060805812 0.63565785 0.3057081 0.94898874 0.044593956 0.33434862 0.057104286 0.60356206 0.083349034 0.031758957 0.04407836 0.00011467084 0.087293185 0.09534367 0.15831646 0.14407623 0.26288462 0.1252246 0.085834526 0.059702 0.14409171 0.17911784 0.068045996 0.017250163 0.7214332 0.15154244 0.25288612 0.042485323 0.103810795 0.30435935 0.060821988 1.2618576 0.045399893 0.054339822 0.07610606 0.3888655 0.7139523 0.49194214 0.1275191 0.2112753 0.7306875 0.042864267 0.10859804 0.33564034 0.20863232 0.31411317 0.4026216 0.595164 0.26664126 0.24528825 1.2245702 0.049185984 0.14085236 0.017976882 0.027885024 0.15417194 0.055141307 0.3996199 0.41455612 0.08156155 0.72313744 0.34256986 0.25696832 0.06284912 0.035792332 0.124132395 0.008741363 0.7723287 0.10878485 0.00024379668 0.16515973 0.07741896 1.1099448 0.16617855,,
546,1x1x64x128,1.0343946 0.0149557 0.16782944 0.3018223 0.049537264 0.08540668 0.0864644 0.3059727 0.3459505 0.26514643 0.31454796 0.3746284 0.83020544 0.07226539 0.7147014 0.18059616 0.22344081 0.2039517 0.43911356 0.02915278 1.0847065 0.08728753 0.24739209 0.014131702 0.46986425 0.048092708 0.17128582 0.61637706 0.4982811 0.44474864 0.04821818 0.030139977 0.37588844 0.61820626 0.4077681 0.32504332 0.12020225 0.0999435 0.22732002 0.33967316 0.17822167 0.1758675 0.4333597 0.53512144 0.599976 0.3912554 0.5254118 0.2170856 0.045508455 0.046042036 1.0339602 0.11589474 0.03992396 0.354359 0.060813233 0.6357354 0.30574542 0.9491046 0.0445994 0.33438945 0.057111256 0.6036357 0.08335921 0.03176283 0.04408374 0.00011468483 0.08730384 0.09535531 0.15833579 0.14409381 0.26291668 0.12523988 0.085845 0.05970929 0.14410931 0.1791397 0.068054296 0.01725227 0.7215213 0.15156095 0.25291696 0.04249051 0.10382346 0.30439648 0.060829412 1.2620116 0.045405436 0.054346457 0.07611535 0.38891295 0.71403944 0.49200216 0.12753466 0.21130107 0.7307767 0.0428695 0.10861129 0.3356813 0.20865779 0.31415153 0.40267074 0.5952366 0.2666738 0.24531819 1.2247196 0.049191985 0.14086954 0.017979076 0.027888427 0.15419076 0.055148035 0.39966866 0.41460672 0.081571504 0.7232257 0.34261167 0.2569997 0.062856786 0.0357967 0.12414754 0.008742429 0.7724229 0.108798124 0.00024382643 0.1651799 0.077428415 1.1100804 0.16619883,1.0342684 0.014953875 0.16780896 0.30178547 0.049531218 0.08539626 0.08645384 0.30593535 0.3459083 0.26511407 0.31450957 0.37458268 0.8301041 0.07225657 0.71461415 0.18057412 0.22341354 0.2039268 0.43905997 0.029149223 1.0845741 0.087276876 0.2473619 0.014129977 0.4698069 0.04808684 0.17126492 0.61630183 0.49822026 0.44469437 0.048212297 0.030136298 0.37584254 0.6181308 0.40771833 0.32500365 0.12018758 0.0999313 0.22729227 0.3396317 0.17819993 0.17584603 0.43330684 0.5350562 0.59990275 0.39120767 0.52534765 0.2170591 0.0455029 0.046036415 1.0338341 0.11588059 0.039919086 0.35431576 0.060805812 0.63565785 0.3057081 0.94898874 0.044593956 0.33434862 0.057104286 0.60356206 0.083349034 0.031758957 0.04407836 0.00011467084 0.087293185 0.09534367 0.15831646 0.14407623 0.26288462 0.1252246 0.085834526 0.059702 0.14409171 0.17911784 0.068045996 0.017250163 0.7214332 0.15154244 0.25288612 0.042485323 0.103810795 0.30435935 0.060821988 1.2618576 0.045399893 0.054339822 0.07610606 0.3888655 0.7139523 0.49194214 0.1275191 0.2112753 0.7306875 0.042864267 0.10859804 0.33564034 0.20863232 0.31411317 0.4026216 0.595164 0.26664126 0.24528825 1.2245702 0.049185984 0.14085236 0.017976882 0.027885024 0.15417194 0.055141307 0.3996199 0.41455612 0.08156155 0.72313744 0.34256986 0.25696832 0.06284912 0.035792332 0.124132395 0.008741363 0.7723287 0.10878485 0.00024379668 0.16515973 0.07741896 1.1099448 0.16617855,,
550,1x1x64x128,1.0343946 0.0149557 0.16782944 0.3018223 0.049537264 0.08540668 0.0864644 0.3059727 0.3459505 0.26514643 0.31454796 0.3746284 0.83020544 0.07226539 0.7147014 0.18059616 0.22344081 0.2039517 0.43911356 0.02915278 1.0847065 0.08728753 0.24739209 0.014131702 0.46986425 0.048092708 0.17128582 0.61637706 0.4982811 0.44474864 0.04821818 0.030139977 0.37588844 0.61820626 0.4077681 0.32504332 0.12020225 0.0999435 0.22732002 0.33967316 0.17822167 0.1758675 0.4333597 0.53512144 0.599976 0.3912554 0.5254118 0.2170856 0.045508455 0.046042036 1.0339602 0.11589474 0.03992396 0.354359 0.060813233 0.6357354 0.30574542 0.9491046 0.0445994 0.33438945 0.057111256 0.6036357 0.08335921 0.03176283 0.04408374 0.00011468483 0.08730384 0.09535531 0.15833579 0.14409381 0.26291668 0.12523988 0.085845 0.05970929 0.14410931 0.1791397 0.068054296 0.01725227 0.7215213 0.15156095 0.25291696 0.04249051 0.10382346 0.30439648 0.060829412 1.2620116 0.045405436 0.054346457 0.07611535 0.38891295 0.71403944 0.49200216 0.12753466 0.21130107 0.7307767 0.0428695 0.10861129 0.3356813 0.20865779 0.31415153 0.40267074 0.5952366 0.2666738 0.24531819 1.2247196 0.049191985 0.14086954 0.017979076 0.027888427 0.15419076 0.055148035 0.39966866 0.41460672 0.081571504 0.7232257 0.34261167 0.2569997 0.062856786 0.0357967 0.12414754 0.008742429 0.7724229 0.108798124 0.00024382643 0.1651799 0.077428415 1.1100804 0.16619883,1.0342684 0.014953875 0.16780896 0.30178547 0.049531218 0.08539626 0.08645384 0.30593535 0.3459083 0.26511407 0.31450957 0.37458268 0.8301041 0.07225657 0.71461415 0.18057412 0.22341354 0.2039268 0.43905997 0.029149223 1.0845741 0.087276876 0.2473619 0.014129977 0.4698069 0.04808684 0.17126492 0.61630183 0.49822026 0.44469437 0.048212297 0.030136298 0.37584254 0.6181308 0.40771833 0.32500365 0.12018758 0.0999313 0.22729227 0.3396317 0.17819993 0.17584603 0.43330684 0.5350562 0.59990275 0.39120767 0.52534765 0.2170591 0.0455029 0.046036415 1.0338341 0.11588059 0.039919086 0.35431576 0.060805812 0.63565785 0.3057081 0.94898874 0.044593956 0.33434862 0.057104286 0.60356206 0.083349034 0.031758957 0.04407836 0.00011467084 0.087293185 0.09534367 0.15831646 0.14407623 0.26288462 0.1252246 0.085834526 0.059702 0.14409171 0.17911784 0.068045996 0.017250163 0.7214332 0.15154244 0.25288612 0.042485323 0.103810795 0.30435935 0.060821988 1.2618576 0.045399893 0.054339822 0.07610606 0.3888655 0.7139523 0.49194214 0.1275191 0.2112753 0.7306875 0.042864267 0.10859804 0.33564034 0.20863232 0.31411317 0.4026216 0.595164 0.26664126 0.24528825 1.2245702 0.049185984 0.14085236 0.017976882 0.027885024 0.15417194 0.055141307 0.3996199 0.41455612 0.08156155 0.72313744 0.34256986 0.25696832 0.06284912 0.035792332 0.124132395 0.008741363 0.7723287 0.10878485 0.00024379668 0.16515973 0.07741896 1.1099448 0.16617855,,
554,1x1x64x128,1.0343946 0.0149557 0.16782944 0.3018223 0.049537264 0.08540668 0.0864644 0.3059727 0.3459505 0.26514643 0.31454796 0.3746284 0.83020544 0.07226539 0.7147014 0.18059616 0.22344081 0.2039517 0.43911356 0.02915278 1.0847065 0.08728753 0.24739209 0.014131702 0.46986425 0.048092708 0.17128582 0.61637706 0.4982811 0.44474864 0.04821818 0.030139977 0.37588844 0.61820626 0.4077681 0.32504332 0.12020225 0.0999435 0.22732002 0.33967316 0.17822167 0.1758675 0.4333597 0.53512144 0.599976 0.3912554 0.5254118 0.2170856 0.045508455 0.046042036 1.0339602 0.11589474 0.03992396 0.354359 0.060813233 0.6357354 0.30574542 0.9491046 0.0445994 0.33438945 0.057111256 0.6036357 0.08335921 0.03176283 0.04408374 0.00011468483 0.08730384 0.09535531 0.15833579 0.14409381 0.26291668 0.12523988 0.085845 0.05970929 0.14410931 0.1791397 0.068054296 0.01725227 0.7215213 0.15156095 0.25291696 0.04249051 0.10382346 0.30439648 0.060829412 1.2620116 0.045405436 0.054346457 0.07611535 0.38891295 0.71403944 0.49200216 0.12753466 0.21130107 0.7307767 0.0428695 0.10861129 0.3356813 0.20865779 0.31415153 0.40267074 0.5952366 0.2666738 0.24531819 1.2247196 0.049191985 0.14086954 0.017979076 0.027888427 0.15419076 0.055148035 0.39966866 0.41460672 0.081571504 0.7232257 0.34261167 0.2569997 0.062856786 0.0357967 0.12414754 0.008742429 0.7724229 0.108798124 0.00024382643 0.1651799 0.077428415 1.1100804 0.16619883,1.0342684 0.014953875 0.16780896 0.30178547 0.049531218 0.08539626 0.08645384 0.30593535 0.3459083 0.26511407 0.31450957 0.37458268 0.8301041 0.07225657 0.71461415 0.18057412 0.22341354 0.2039268 0.43905997 0.029149223 1.0845741 0.087276876 0.2473619 0.014129977 0.4698069 0.04808684 0.17126492 0.61630183 0.49822026 0.44469437 0.048212297 0.030136298 0.37584254 0.6181308 0.40771833 0.32500365 0.12018758 0.0999313 0.22729227 0.3396317 0.17819993 0.17584603 0.43330684 0.5350562 0.59990275 0.39120767 0.52534765 0.2170591 0.0455029 0.046036415 1.0338341 0.11588059 0.039919086 0.35431576 0.060805812 0.63565785 0.3057081 0.94898874 0.044593956 0.33434862 0.057104286 0.60356206 0.083349034 0.031758957 0.04407836 0.00011467084 0.087293185 0.09534367 0.15831646 0.14407623 0.26288462 0.1252246 0.085834526 0.059702 0.14409171 0.17911784 0.068045996 0.017250163 0.7214332 0.15154244 0.25288612 0.042485323 0.103810795 0.30435935 0.060821988 1.2618576 0.045399893 0.054339822 0.07610606 0.3888655 0.7139523 0.49194214 0.1275191 0.2112753 0.7306875 0.042864267 0.10859804 0.33564034 0.20863232 0.31411317 0.4026216 0.595164 0.26664126 0.24528825 1.2245702 0.049185984 0.14085236 0.017976882 0.027885024 0.15417194 0.055141307 0.3996199 0.41455612 0.08156155 0.72313744 0.34256986 0.25696832 0.06284912 0.035792332 0.124132395 0.008741363 0.7723287 0.10878485 0.00024379668 0.16515973 0.07741896 1.1099448 0.16617855,,
572,3x3x128x128,0.15531273 0.14202742 0.19643092 0.08563587 0.2475703 0.12373765 0.057331678 0.4539989 0.11945284 0.18431069 0.1853591 0.21114992 0.17630006 0.14102057 0.15009467 0.31600213 0.17407489 0.1497525 0.105988085 0.18216747 0.24140625 0.086021505 0.1919966 0.12419308 0.107025936 0.22283496 0.2320048 0.28695685 0.21340443 0.16351981 0.15075092 0.20349386 0.16389742 0.2007187 0.14317681 0.09979183 0.14226466 0.087128974 0.13001738 0.19462784 0.30466655 0.09243839 0.21008693 0.19009125 0.15463777 0.16576824 0.35271847 0.19279537 0.16003557 0.22392416 0.32831663 0.2030898 0.09558082 0.17177562 0.13461973 0.22936021 0.046233714 0.13793954 0.1260516 0.16453172 0.19305293 0.15400761 0.16969614 0.115850136 0.13037956 0.25780585 0.14738894 0.20856121 0.17070484 0.10485363 0.24018268 0.1309191 0.1319583 0.22343247 0.08204871 0.1928877 0.11299713 0.18003629 0.13280216 0.44141 0.10857854 0.27434364 0.23595533 0.09360321 0.34188852 0.1051448 0.10660684 0.30900738 0.30262095 0.10127791 0.12302886 0.099139206 0.10326198 0.21184663 0.20778008 0.12401825 0.1683734 0.12480093 0.22661793 0.28027695 0.25794747 0.18356517 0.1665913 0.23492254 0.16546294 0.079140425 0.14569233 0.15961227 0.10352355 0.2563175 0.15622187 0.14626813 0.10828342 0.21471663 0.07118729 0.079072595 0.1407472 0.15489031 0.1618838 0.12008919 0.15923786 0.23419417 0.18461707 0.16095874 0.09747851 0.16641703 0.43963164 0.14739627,0.15529378 0.1420101 0.19640695 0.085625425 0.2475401 0.123722546 0.05732468 0.4539435 0.11943827 0.1842882 0.18533649 0.21112414 0.17627855 0.14100336 0.15007634 0.31596357 0.17405365 0.14973421 0.10597515 0.18214524 0.24137679 0.08601101 0.19197316 0.12417792 0.107012875 0.22280777 0.2319765 0.28692183 0.21337838 0.16349986 0.15073253 0.20346904 0.16387741 0.2006942 0.14315934 0.09977966 0.1422473 0.08711834 0.13000152 0.19460408 0.3046294 0.09242711 0.2100613 0.19006805 0.15461889 0.16574802 0.3526754 0.19277184 0.16001604 0.22389683 0.32827654 0.20306501 0.09556916 0.17175466 0.1346033 0.22933221 0.046228074 0.13792272 0.12603621 0.16451165 0.19302937 0.15398881 0.16967542 0.115836 0.13036364 0.2577744 0.14737095 0.20853576 0.17068401 0.10484084 0.24015337 0.13090312 0.13194221 0.2234052 0.08203869 0.19286415 0.11298334 0.18001431 0.13278596 0.44135615 0.10856529 0.27431014 0.23592652 0.09359179 0.3418468 0.10513196 0.10659383 0.30896965 0.30258402 0.10126555 0.12301385 0.09912711 0.10324937 0.21182078 0.20775473 0.12400311 0.16835286 0.1247857 0.22659028 0.28024277 0.25791597 0.18354276 0.16657096 0.23489387 0.16544275 0.07913076 0.14567456 0.15959279 0.10351092 0.25628623 0.1562028 0.14625028 0.10827021 0.21469043 0.0711786 0.079062946 0.14073004 0.15487142 0.16186404 0.12007453 0.15921843 0.2341656 0.18459454 0.16093908 0.09746662 0.16639672 0.43957797 0.14737828,,
576,3x3x128x128,0.15531273 0.14202742 0.19643092 0.08563587 0.2475703 0.12373765 0.057331678 0.4539989 0.11945284 0.18431069 0.1853591 0.21114992 0.17630006 0.14102057 0.15009467 0.31600213 0.17407489 0.1497525 0.105988085 0.18216747 0.24140625 0.086021505 0.1919966 0.12419308 0.107025936 0.22283496 0.2320048 0.28695685 0.21340443 0.16351981 0.15075092 0.20349386 0.16389742 0.2007187 0.14317681 0.09979183 0.14226466 0.087128974 0.13001738 0.19462784 0.30466655 0.09243839 0.21008693 0.19009125 0.15463777 0.16576824 0.35271847 0.19279537 0.16003557 0.22392416 0.32831663 0.2030898 0.09558082 0.17177562 0.13461973 0.22936021 0.046233714 0.13793954 0.1260516 0.16453172 0.19305293 0.15400761 0.16969614 0.115850136 0.13037956 0.25780585 0.14738894 0.20856121 0.17070484 0.10485363 0.24018268 0.1309191 0.1319583 0.22343247 0.08204871 0.1928877 0.11299713 0.18003629 0.13280216 0.44141 0.10857854 0.27434364 0.23595533 0.09360321 0.34188852 0.1051448 0.10660684 0.30900738 0.30262095 0.10127791 0.12302886 0.099139206 0.10326198 0.21184663 0.20778008 0.12401825 0.1683734 0.12480093 0.22661793 0.28027695 0.25794747 0.18356517 0.1665913 0.23492254 0.16546294 0.079140425 0.14569233 0.15961227 0.10352355 0.2563175 0.15622187 0.14626813 0.10828342 0.21471663 0.07118729 0.079072595 0.1407472 0.15489031 0.1618838 0.12008919 0.15923786 0.23419417 0.18461707 0.16095874 0.09747851 0.16641703 0.43963164 0.14739627,0.15529378 0.1420101 0.19640695 0.085625425 0.2475401 0.123722546 0.05732468 0.4539435 0.11943827 0.1842882 0.18533649 0.21112414 0.17627855 0.14100336 0.15007634 0.31596357 0.17405365 0.14973421 0.10597515 0.18214524 0.24137679 0.08601101 0.19197316 0.12417792 0.107012875 0.22280777 0.2319765 0.28692183 0.21337838 0.16349986 0.15073253 0.20346904 0.16387741 0.2006942 0.14315934 0.09977966 0.1422473 0.08711834 0.13000152 0.19460408 0.3046294 0.09242711 0.2100613 0.19006805 0.15461889 0.16574802 0.3526754 0.19277184 0.16001604 0.22389683 0.32827654 0.20306501 0.09556916 0.17175466 0.1346033 0.22933221 0.046228074 0.13792272 0.12603621 0.16451165 0.19302937 0.15398881 0.16967542 0.115836 0.13036364 0.2577744 0.14737095 0.20853576 0.17068401 0.10484084 0.24015337 0.13090312 0.13194221 0.2234052 0.08203869 0.19286415 0.11298334 0.18001431 0.13278596 0.44135615 0.10856529 0.27431014 0.23592652 0.09359179 0.3418468 0.10513196 0.10659383 0.30896965 0.30258402 0.10126555 0.12301385 0.09912711 0.10324937 0.21182078 0.20775473 0.12400311 0.16835286 0.1247857 0.22659028 0.28024277 0.25791597 0.18354276 0.16657096 0.23489387 0.16544275 0.07913076 0.14567456 0.15959279 0.10351092 0.25628623 0.1562028 0.14625028 0.10827021 0.21469043 0.0711786 0.079062946 0.14073004 0.15487142 0.16186404 0.12007453 0.15921843 0.2341656 0.18459454 0.16093908 0.09746662 0.16639672 0.43957797 0.14737828,,
580,3x3x128x128,0.15531273 0.14202742 0.19643092 0.08563587 0.2475703 0.12373765 0.057331678 0.4539989 0.11945284 0.18431069 0.1853591 0.21114992 0.17630006 0.14102057 0.15009467 0.31600213 0.17407489 0.1497525 0.105988085 0.18216747 0.24140625 0.086021505 0.1919966 0.12419308 0.107025936 0.22283496 0.2320048 0.28695685 0.21340443 0.16351981 0.15075092 0.20349386 0.16389742 0.2007187 0.14317681 0.09979183 0.14226466 0.087128974 0.13001738 0.19462784 0.30466655 0.09243839 0.21008693 0.19009125 0.15463777 0.16576824 0.35271847 0.19279537 0.16003557 0.22392416 0.32831663 0.2030898 0.09558082 0.17177562 0.13461973 0.22936021 0.046233714 0.13793954 0.1260516 0.16453172 0.19305293 0.15400761 0.16969614 0.115850136 0.13037956 0.25780585 0.14738894 0.20856121 0.17070484 0.10485363 0.24018268 0.1309191 0.1319583 0.22343247 0.08204871 0.1928877 0.11299713 0.18003629 0.13280216 0.44141 0.10857854 0.27434364 0.23595533 0.09360321 0.34188852 0.1051448 0.10660684 0.30900738 0.30262095 0.10127791 0.12302886 0.099139206 0.10326198 0.21184663 0.20778008 0.12401825 0.1683734 0.12480093 0.22661793 0.28027695 0.25794747 0.18356517 0.1665913 0.23492254 0.16546294 0.079140425 0.14569233 0.15961227 0.10352355 0.2563175 0.15622187 0.14626813 0.10828342 0.21471663 0.07118729 0.079072595 0.1407472 0.15489031 0.1618838 0.12008919 0.15923786 0.23419417 0.18461707 0.16095874 0.09747851 0.16641703 0.43963164 0.14739627,0.15529378 0.1420101 0.19640695 0.085625425 0.2475401 0.123722546 0.05732468 0.4539435 0.11943827 0.1842882 0.18533649 0.21112414 0.17627855 0.14100336 0.15007634 0.31596357 0.17405365 0.14973421 0.10597515 0.18214524 0.24137679 0.08601101 0.19197316 0.12417792 0.107012875 0.22280777 0.2319765 0.28692183 0.21337838 0.16349986 0.15073253 0.20346904 0.16387741 0.2006942 0.14315934 0.09977966 0.1422473 0.08711834 0.13000152 0.19460408 0.3046294 0.09242711 0.2100613 0.19006805 0.15461889 0.16574802 0.3526754 0.19277184 0.16001604 0.22389683 0.32827654 0.20306501 0.09556916 0.17175466 0.1346033 0.22933221 0.046228074 0.13792272 0.12603621 0.16451165 0.19302937 0.15398881 0.16967542 0.115836 0.13036364 0.2577744 0.14737095 0.20853576 0.17068401 0.10484084 0.24015337 0.13090312 0.13194221 0.2234052 0.08203869 0.19286415 0.11298334 0.18001431 0.13278596 0.44135615 0.10856529 0.27431014 0.23592652 0.09359179 0.3418468 0.10513196 0.10659383 0.30896965 0.30258402 0.10126555 0.12301385 0.09912711 0.10324937 0.21182078 0.20775473 0.12400311 0.16835286 0.1247857 0.22659028 0.28024277 0.25791597 0.18354276 0.16657096 0.23489387 0.16544275 0.07913076 0.14567456 0.15959279 0.10351092 0.25628623 0.1562028 0.14625028 0.10827021 0.21469043 0.0711786 0.079062946 0.14073004 0.15487142 0.16186404 0.12007453 0.15921843 0.2341656 0.18459454 0.16093908 0.09746662 0.16639672 0.43957797 0.14737828,,
584,3x3x128x128,0.15531273 0.14202742 0.19643092 0.08563587 0.2475703 0.12373765 0.057331678 0.4539989 0.11945284 0.18431069 0.1853591 0.21114992 0.17630006 0.14102057 0.15009467 0.31600213 0.17407489 0.1497525 0.105988085 0.18216747 0.24140625 0.086021505 0.1919966 0.12419308 0.107025936 0.22283496 0.2320048 0.28695685 0.21340443 0.16351981 0.15075092 0.20349386 0.16389742 0.2007187 0.14317681 0.09979183 0.14226466 0.087128974 0.13001738 0.19462784 0.30466655 0.09243839 0.21008693 0.19009125 0.15463777 0.16576824 0.35271847 0.19279537 0.16003557 0.22392416 0.32831663 0.2030898 0.09558082 0.17177562 0.13461973 0.22936021 0.046233714 0.13793954 0.1260516 0.16453172 0.19305293 0.15400761 0.16969614 0.115850136 0.13037956 0.25780585 0.14738894 0.20856121 0.17070484 0.10485363 0.24018268 0.1309191 0.1319583 0.22343247 0.08204871 0.1928877 0.11299713 0.18003629 0.13280216 0.44141 0.10857854 0.27434364 0.23595533 0.09360321 0.34188852 0.1051448 0.10660684 0.30900738 0.30262095 0.10127791 0.12302886 0.099139206 0.10326198 0.21184663 0.20778008 0.12401825 0.1683734 0.12480093 0.22661793 0.28027695 0.25794747 0.18356517 0.1665913 0.23492254 0.16546294 0.079140425 0.14569233 0.15961227 0.10352355 0.2563175 0.15622187 0.14626813 0.10828342 0.21471663 0.07118729 0.079072595 0.1407472 0.15489031 0.1618838 0.12008919 0.15923786 0.23419417 0.18461707 0.16095874 0.09747851 0.16641703 0.43963164 0.14739627,0.15529378 0.1420101 0.19640695 0.085625425 0.2475401 0.123722546 0.05732468 0.4539435 0.11943827 0.1842882 0.18533649 0.21112414 0.17627855 0.14100336 0.15007634 0.31596357 0.17405365 0.14973421 0.10597515 0.18214524 0.24137679 0.08601101 0.19197316 0.12417792 0.107012875 0.22280777 0.2319765 0.28692183 0.21337838 0.16349986 0.15073253 0.20346904 0.16387741 0.2006942 0.14315934 0.09977966 0.1422473 0.08711834 0.13000152 0.19460408 0.3046294 0.09242711 0.2100613 0.19006805 0.15461889 0.16574802 0.3526754 0.19277184 0.16001604 0.22389683 0.32827654 0.20306501 0.09556916 0.17175466 0.1346033 0.22933221 0.046228074 0.13792272 0.12603621 0.16451165 0.19302937 0.15398881 0.16967542 0.115836 0.13036364 0.2577744 0.14737095 0.20853576 0.17068401 0.10484084 0.24015337 0.13090312 0.13194221 0.2234052 0.08203869 0.19286415 0.11298334 0.18001431 0.13278596 0.44135615 0.10856529 0.27431014 0.23592652 0.09359179 0.3418468 0.10513196 0.10659383 0.30896965 0.30258402 0.10126555 0.12301385 0.09912711 0.10324937 0.21182078 0.20775473 0.12400311 0.16835286 0.1247857 0.22659028 0.28024277 0.25791597 0.18354276 0.16657096 0.23489387 0.16544275 0.07913076 0.14567456 0.15959279 0.10351092 0.25628623 0.1562028 0.14625028 0.10827021 0.21469043 0.0711786 0.079062946 0.14073004 0.15487142 0.16186404 0.12007453 0.15921843 0.2341656 0.18459454 0.16093908 0.09746662 0.16639672 0.43957797 0.14737828,,
588,3x3x128x128,0.15531273 0.14202742 0.19643092 0.08563587 0.2475703 0.12373765 0.057331678 0.4539989 0.11945284 0.18431069 0.1853591 0.21114992 0.17630006 0.14102057 0.15009467 0.31600213 0.17407489 0.1497525 0.105988085 0.18216747 0.24140625 0.086021505 0.1919966 0.12419308 0.107025936 0.22283496 0.2320048 0.28695685 0.21340443 0.16351981 0.15075092 0.20349386 0.16389742 0.2007187 0.14317681 0.09979183 0.14226466 0.087128974 0.13001738 0.19462784 0.30466655 0.09243839 0.21008693 0.19009125 0.15463777 0.16576824 0.35271847 0.19279537 0.16003557 0.22392416 0.32831663 0.2030898 0.09558082 0.17177562 0.13461973 0.22936021 0.046233714 0.13793954 0.1260516 0.16453172 0.19305293 0.15400761 0.16969614 0.115850136 0.13037956 0.25780585 0.14738894 0.20856121 0.17070484 0.10485363 0.24018268 0.1309191 0.1319583 0.22343247 0.08204871 0.1928877 0.11299713 0.18003629 0.13280216 0.44141 0.10857854 0.27434364 0.23595533 0.09360321 0.34188852 0.1051448 0.10660684 0.30900738 0.30262095 0.10127791 0.12302886 0.099139206 0.10326198 0.21184663 0.20778008 0.12401825 0.1683734 0.12480093 0.22661793 0.28027695 0.25794747 0.18356517 0.1665913 0.23492254 0.16546294 0.079140425 0.14569233 0.15961227 0.10352355 0.2563175 0.15622187 0.14626813 0.10828342 0.21471663 0.07118729 0.079072595 0.1407472 0.15489031 0.1618838 0.12008919 0.15923786 0.23419417 0.18461707 0.16095874 0.09747851 0.16641703 0.43963164 0.14739627,0.15529378 0.1420101 0.19640695 0.085625425 0.2475401 0.123722546 0.05732468 0.4539435 0.11943827 0.1842882 0.18533649 0.21112414 0.17627855 0.14100336 0.15007634 0.31596357 0.17405365 0.14973421 0.10597515 0.18214524 0.24137679 0.08601101 0.19197316 0.12417792 0.107012875 0.22280777 0.2319765 0.28692183 0.21337838 0.16349986 0.15073253 0.20346904 0.16387741 0.2006942 0.14315934 0.09977966 0.1422473 0.08711834 0.13000152 0.19460408 0.3046294 0.09242711 0.2100613 0.19006805 0.15461889 0.16574802 0.3526754 0.19277184 0.16001604 0.22389683 0.32827654 0.20306501 0.09556916 0.17175466 0.1346033 0.22933221 0.046228074 0.13792272 0.12603621 0.16451165 0.19302937 0.15398881 0.16967542 0.115836 0.13036364 0.2577744 0.14737095 0.20853576 0.17068401 0.10484084 0.24015337 0.13090312 0.13194221 0.2234052 0.08203869 0.19286415 0.11298334 0.18001431 0.13278596 0.44135615 0.10856529 0.27431014 0.23592652 0.09359179 0.3418468 0.10513196 0.10659383 0.30896965 0.30258402 0.10126555 0.12301385 0.09912711 0.10324937 0.21182078 0.20775473 0.12400311 0.16835286 0.1247857 0.22659028 0.28024277 0.25791597 0.18354276 0.16657096 0.23489387 0.16544275 0.07913076 0.14567456 0.15959279 0.10351092 0.25628623 0.1562028 0.14625028 0.10827021 0.21469043 0.0711786 0.079062946 0.14073004 0.15487142 0.16186404 0.12007453 0.15921843 0.2341656 0.18459454 0.16093908 0.09746662 0.16639672 0.43957797 0.14737828,,
592,3x3x128x128,0.15531273 0.14202742 0.19643092 0.08563587 0.2475703 0.12373765 0.057331678 0.4539989 0.11945284 0.18431069 0.1853591 0.21114992 0.17630006 0.14102057 0.15009467 0.31600213 0.17407489 0.1497525 0.105988085 0.18216747 0.24140625 0.086021505 0.1919966 0.12419308 0.107025936 0.22283496 0.2320048 0.28695685 0.21340443 0.16351981 0.15075092 0.20349386 0.16389742 0.2007187 0.14317681 0.09979183 0.14226466 0.087128974 0.13001738 0.19462784 0.30466655 0.09243839 0.21008693 0.19009125 0.15463777 0.16576824 0.35271847 0.19279537 0.16003557 0.22392416 0.32831663 0.2030898 0.09558082 0.17177562 0.13461973 0.22936021 0.046233714 0.13793954 0.1260516 0.16453172 0.19305293 0.15400761 0.16969614 0.115850136 0.13037956 0.25780585 0.14738894 0.20856121 0.17070484 0.10485363 0.24018268 0.1309191 0.1319583 0.22343247 0.08204871 0.1928877 0.11299713 0.18003629 0.13280216 0.44141 0.10857854 0.27434364 0.23595533 0.09360321 0.34188852 0.1051448 0.10660684 0.30900738 0.30262095 0.10127791 0.12302886 0.099139206 0.10326198 0.21184663 0.20778008 0.12401825 0.1683734 0.12480093 0.22661793 0.28027695 0.25794747 0.18356517 0.1665913 0.23492254 0.16546294 0.079140425 0.14569233 0.15961227 0.10352355 0.2563175 0.15622187 0.14626813 0.10828342 0.21471663 0.07118729 0.079072595 0.1407472 0.15489031 0.1618838 0.12008919 0.15923786 0.23419417 0.18461707 0.16095874 0.09747851 0.16641703 0.43963164 0.14739627,0.15529378 0.1420101 0.19640695 0.085625425 0.2475401 0.123722546 0.05732468 0.4539435 0.11943827 0.1842882 0.18533649 0.21112414 0.17627855 0.14100336 0.15007634 0.31596357 0.17405365 0.14973421 0.10597515 0.18214524 0.24137679 0.08601101 0.19197316 0.12417792 0.107012875 0.22280777 0.2319765 0.28692183 0.21337838 0.16349986 0.15073253 0.20346904 0.16387741 0.2006942 0.14315934 0.09977966 0.1422473 0.08711834 0.13000152 0.19460408 0.3046294 0.09242711 0.2100613 0.19006805 0.15461889 0.16574802 0.3526754 0.19277184 0.16001604 0.22389683 0.32827654 0.20306501 0.09556916 0.17175466 0.1346033 0.22933221 0.046228074 0.13792272 0.12603621 0.16451165 0.19302937 0.15398881 0.16967542 0.115836 0.13036364 0.2577744 0.14737095 0.20853576 0.17068401 0.10484084 0.24015337 0.13090312 0.13194221 0.2234052 0.08203869 0.19286415 0.11298334 0.18001431 0.13278596 0.44135615 0.10856529 0.27431014 0.23592652 0.09359179 0.3418468 0.10513196 0.10659383 0.30896965 0.30258402 0.10126555 0.12301385 0.09912711 0.10324937 0.21182078 0.20775473 0.12400311 0.16835286 0.1247857 0.22659028 0.28024277 0.25791597 0.18354276 0.16657096 0.23489387 0.16544275 0.07913076 0.14567456 0.15959279 0.10351092 0.25628623 0.1562028 0.14625028 0.10827021 0.21469043 0.0711786 0.079062946 0.14073004 0.15487142 0.16186404 0.12007453 0.15921843 0.2341656 0.18459454 0.16093908 0.09746662 0.16639672 0.43957797 0.14737828,,
610,3x3x128x128,0.15472119 0.57240874 0.53072476 0.7019741 0.5211591 0.44736683 0.41596827 0.082086444 0.38670078 0.15868881 0.35687166 0.29923198 0.23991522 0.4036904 0.2956328 0.17937642 0.16329125 0.3167633 0.13135476 0.30044448 0.20850688 0.4617016 0.79561746 0.46872488 0.24955812 0.3924611 0.20044097 0.1282568 0.20981357 0.30895397 0.34281948 0.37749794 0.18775424 0.13008456 0.3980539 0.7126315 0.2941444 0.32379246 0.45792997 0.1620877 0.11140232 0.13889553 0.7275908 0.15681218 0.17565413 0.1115771 0.2075565 0.21275982 0.23403813 0.23652458 0.29239854 0.45531404 0.4061733 0.19076183 0.14964457 0.49043638 0.456632 0.22069527 0.22747973 0.38845602 0.47254127 0.17985606 0.5341997 0.27899244 0.2771103 0.44042704 0.16269997 0.27438977 0.427775 0.33057246 0.14048745 0.39165223 0.7852811 0.59699076 0.070758484 0.3879635 0.5205271 0.34567946 0.25313026 0.5901285 0.29361716 0.18850043 0.33924854 0.36031276 0.2056987 0.12758932 0.24928348 0.3667282 0.35161385 0.34330904 0.23986842 0.501275 0.39567336 0.23143068 0.19635 0.40750837 0.2775758 0.33485386 0.47917745 0.24644612 0.26328892 0.18615657 0.15760021 0.44384196 0.30454734 0.28915253 0.3074068 0.22630942 0.33010077 0.20369749 0.27189708 0.23229353 0.43478367 0.7524678 0.19169936 0.70439655 0.27753502 0.27492523 0.300255 0.2092008 0.19688867 0.073720105 0.70621914 0.14153813 0.5442631 0.4130907 0.07242806 0.47124898,0.1547023 0.5723389 0.53066003 0.7018884 0.5210955 0.44731224 0.4159175 0.08207643 0.3866536 0.15866946 0.3568281 0.29919544 0.23988594 0.40364113 0.29559675 0.17935453 0.16327131 0.31672466 0.13133873 0.3004078 0.20848145 0.46164528 0.79552037 0.46866766 0.24952766 0.3924132 0.20041652 0.12824114 0.20978795 0.30891627 0.34277764 0.37745187 0.18773134 0.13006867 0.39800534 0.71254456 0.2941085 0.32375294 0.4578741 0.1620679 0.11138872 0.13887858 0.72750205 0.15679303 0.1756327 0.11156349 0.20753117 0.21273386 0.23400956 0.23649572 0.29236284 0.4552585 0.4061237 0.19073854 0.14962631 0.4903765 0.45657626 0.22066833 0.22745197 0.38840863 0.4724836 0.17983411 0.5341345 0.27895838 0.27707648 0.4403733 0.16268012 0.2743563 0.4277228 0.33053213 0.14047031 0.39160442 0.7851853 0.59691787 0.07074985 0.38791618 0.5204636 0.3456373 0.25309938 0.5900564 0.2935813 0.18847743 0.33920714 0.36026877 0.2056736 0.12757374 0.24925306 0.36668342 0.35157093 0.34326714 0.23983915 0.5012138 0.39562505 0.23140243 0.19632603 0.40745866 0.27754194 0.334813 0.47911897 0.24641603 0.2632568 0.18613386 0.15758099 0.4437878 0.30451018 0.28911725 0.3073693 0.22628179 0.33006048 0.20367262 0.27186388 0.23226517 0.4347306 0.752376 0.19167596 0.70431054 0.27750117 0.27489167 0.30021837 0.20917526 0.19686465 0.07371111 0.70613295 0.14152086 0.54419667 0.4130403 0.07241922 0.47119147,,
614,3x3x128x128,0.15472119 0.57240874 0.53072476 0.7019741 0.5211591 0.44736683 0.41596827 0.082086444 0.38670078 0.15868881 0.35687166 0.29923198 0.23991522 0.4036904 0.2956328 0.17937642 0.16329125 0.3167633 0.13135476 0.30044448 0.20850688 0.4617016 0.79561746 0.46872488 0.24955812 0.3924611 0.20044097 0.1282568 0.20981357 0.30895397 0.34281948 0.37749794 0.18775424 0.13008456 0.3980539 0.7126315 0.2941444 0.32379246 0.45792997 0.1620877 0.11140232 0.13889553 0.7275908 0.15681218 0.17565413 0.1115771 0.2075565 0.21275982 0.23403813 0.23652458 0.29239854 0.45531404 0.4061733 0.19076183 0.14964457 0.49043638 0.456632 0.22069527 0.22747973 0.38845602 0.47254127 0.17985606 0.5341997 0.27899244 0.2771103 0.44042704 0.16269997 0.27438977 0.427775 0.33057246 0.14048745 0.39165223 0.7852811 0.59699076 0.070758484 0.3879635 0.5205271 0.34567946 0.25313026 0.5901285 0.29361716 0.18850043 0.33924854 0.36031276 0.2056987 0.12758932 0.24928348 0.3667282 0.35161385 0.34330904 0.23986842 0.501275 0.39567336 0.23143068 0.19635 0.40750837 0.2775758 0.33485386 0.47917745 0.24644612 0.26328892 0.18615657 0.15760021 0.44384196 0.30454734 0.28915253 0.3074068 0.22630942 0.33010077 0.20369749 0.27189708 0.23229353 0.43478367 0.7524678 0.19169936 0.70439655 0.27753502 0.27492523 0.300255 0.2092008 0.19688867 0.073720105 0.70621914 0.14153813 0.5442631 0.4130907 0.07242806 0.47124898,0.1547023 0.5723389 0.53066003 0.7018884 0.5210955 0.44731224 0.4159175 0.08207643 0.3866536 0.15866946 0.3568281 0.29919544 0.23988594 0.40364113 0.29559675 0.17935453 0.16327131 0.31672466 0.13133873 0.3004078 0.20848145 0.46164528 0.79552037 0.46866766 0.24952766 0.3924132 0.20041652 0.12824114 0.20978795 0.30891627 0.34277764 0.37745187 0.18773134 0.13006867 0.39800534 0.71254456 0.2941085 0.32375294 0.4578741 0.1620679 0.11138872 0.13887858 0.72750205 0.15679303 0.1756327 0.11156349 0.20753117 0.21273386 0.23400956 0.23649572 0.29236284 0.4552585 0.4061237 0.19073854 0.14962631 0.4903765 0.45657626 0.22066833 0.22745197 0.38840863 0.4724836 0.17983411 0.5341345 0.27895838 0.27707648 0.4403733 0.16268012 0.2743563 0.4277228 0.33053213 0.14047031 0.39160442 0.7851853 0.59691787 0.07074985 0.38791618 0.5204636 0.3456373 0.25309938 0.5900564 0.2935813 0.18847743 0.33920714 0.36026877 0.2056736 0.12757374 0.24925306 0.36668342 0.35157093 0.34326714 0.23983915 0.5012138 0.39562505 0.23140243 0.19632603 0.40745866 0.27754194 0.334813 0.47911897 0.24641603 0.2632568 0.18613386 0.15758099 0.4437878 0.30451018 0.28911725 0.3073693 0.22628179 0.33006048 0.20367262 0.27186388 0.23226517 0.4347306 0.752376 0.19167596 0.70431054 0.27750117 0.27489167 0.30021837 0.20917526 0.19686465 0.07371111 0.70613295 0.14152086 0.54419667 0.4130403 0.07241922 0.47119147,,
618,3x3x128x128,0.15472119 0.57240874 0.53072476 0.7019741 0.5211591 0.44736683 0.41596827 0.082086444 0.38670078 0.15868881 0.35687166 0.29923198 0.23991522 0.4036904 0.2956328 0.17937642 0.16329125 0.3167633 0.13135476 0.30044448 0.20850688 0.4617016 0.79561746 0.46872488 0.24955812 0.3924611 0.20044097 0.1282568 0.20981357 0.30895397 0.34281948 0.37749794 0.18775424 0.13008456 0.3980539 0.7126315 0.2941444 0.32379246 0.45792997 0.1620877 0.11140232 0.13889553 0.7275908 0.15681218 0.17565413 0.1115771 0.2075565 0.21275982 0.23403813 0.23652458 0.29239854 0.45531404 0.4061733 0.19076183 0.14964457 0.49043638 0.456632 0.22069527 0.22747973 0.38845602 0.47254127 0.17985606 0.5341997 0.27899244 0.2771103 0.44042704 0.16269997 0.27438977 0.427775 0.33057246 0.14048745 0.39165223 0.7852811 0.59699076 0.070758484 0.3879635 0.5205271 0.34567946 0.25313026 0.5901285 0.29361716 0.18850043 0.33924854 0.36031276 0.2056987 0.12758932 0.24928348 0.3667282 0.35161385 0.34330904 0.23986842 0.501275 0.39567336 0.23143068 0.19635 0.40750837 0.2775758 0.33485386 0.47917745 0.24644612 0.26328892 0.18615657 0.15760021 0.44384196 0.30454734 0.28915253 0.3074068 0.22630942 0.33010077 0.20369749 0.27189708 0.23229353 0.43478367 0.7524678 0.19169936 0.70439655 0.27753502 0.27492523 0.300255 0.2092008 0.19688867 0.073720105 0.70621914 0.14153813 0.5442631 0.4130907 0.07242806 0.47124898,0.1547023 0.5723389 0.53066003 0.7018884 0.5210955 0.44731224 0.4159175 0.08207643 0.3866536 0.15866946 0.3568281 0.29919544 0.23988594 0.40364113 0.29559675 0.17935453 0.16327131 0.31672466 0.13133873 0.3004078 0.20848145 0.46164528 0.79552037 0.46866766 0.24952766 0.3924132 0.20041652 0.12824114 0.20978795 0.30891627 0.34277764 0.37745187 0.18773134 0.13006867 0.39800534 0.71254456 0.2941085 0.32375294 0.4578741 0.1620679 0.11138872 0.13887858 0.72750205 0.15679303 0.1756327 0.11156349 0.20753117 0.21273386 0.23400956 0.23649572 0.29236284 0.4552585 0.4061237 0.19073854 0.14962631 0.4903765 0.45657626 0.22066833 0.22745197 0.38840863 0.4724836 0.17983411 0.5341345 0.27895838 0.27707648 0.4403733 0.16268012 0.2743563 0.4277228 0.33053213 0.14047031 0.39160442 0.7851853 0.59691787 0.07074985 0.38791618 0.5204636 0.3456373 0.25309938 0.5900564 0.2935813 0.18847743 0.33920714 0.36026877 0.2056736 0.12757374 0.24925306 0.36668342 0.35157093 0.34326714 0.23983915 0.5012138 0.39562505 0.23140243 0.19632603 0.40745866 0.27754194 0.334813 0.47911897 0.24641603 0.2632568 0.18613386 0.15758099 0.4437878 0.30451018 0.28911725 0.3073693 0.22628179 0.33006048 0.20367262 0.27186388 0.23226517 0.4347306 0.752376 0.19167596 0.70431054 0.27750117 0.27489167 0.30021837 0.20917526 0.19686465 0.07371111 0.70613295 0.14152086 0.54419667 0.4130403 0.07241922 0.47119147,,
622,3x3x128x128,0.15472119 0.57240874 0.53072476 0.7019741 0.5211591 0.44736683 0.41596827 0.082086444 0.38670078 0.15868881 0.35687166 0.29923198 0.23991522 0.4036904 0.2956328 0.17937642 0.16329125 0.3167633 0.13135476 0.30044448 0.20850688 0.4617016 0.79561746 0.46872488 0.24955812 0.3924611 0.20044097 0.1282568 0.20981357 0.30895397 0.34281948 0.37749794 0.18775424 0.13008456 0.3980539 0.7126315 0.2941444 0.32379246 0.45792997 0.1620877 0.11140232 0.13889553 0.7275908 0.15681218 0.17565413 0.1115771 0.2075565 0.21275982 0.23403813 0.23652458 0.29239854 0.45531404 0.4061733 0.19076183 0.14964457 0.49043638 0.456632 0.22069527 0.22747973 0.38845602 0.47254127 0.17985606 0.5341997 0.27899244 0.2771103 0.44042704 0.16269997 0.27438977 0.427775 0.33057246 0.14048745 0.39165223 0.7852811 0.59699076 0.070758484 0.3879635 0.5205271 0.34567946 0.25313026 0.5901285 0.29361716 0.18850043 0.33924854 0.36031276 0.2056987 0.12758932 0.24928348 0.3667282 0.35161385 0.34330904 0.23986842 0.501275 0.39567336 0.23143068 0.19635 0.40750837 0.2775758 0.33485386 0.47917745 0.24644612 0.26328892 0.18615657 0.15760021 0.44384196 0.30454734 0.28915253 0.3074068 0.22630942 0.33010077 0.20369749 0.27189708 0.23229353 0.43478367 0.7524678 0.19169936 0.70439655 0.27753502 0.27492523 0.300255 0.2092008 0.19688867 0.073720105 0.70621914 0.14153813 0.5442631 0.4130907 0.07242806 0.47124898,0.1547023 0.5723389 0.53066003 0.7018884 0.5210955 0.44731224 0.4159175 0.08207643 0.3866536 0.15866946 0.3568281 0.29919544 0.23988594 0.40364113 0.29559675 0.17935453 0.16327131 0.31672466 0.13133873 0.3004078 0.20848145 0.46164528 0.79552037 0.46866766 0.24952766 0.3924132 0.20041652 0.12824114 0.20978795 0.30891627 0.34277764 0.37745187 0.18773134 0.13006867 0.39800534 0.71254456 0.2941085 0.32375294 0.4578741 0.1620679 0.11138872 0.13887858 0.72750205 0.15679303 0.1756327 0.11156349 0.20753117 0.21273386 0.23400956 0.23649572 0.29236284 0.4552585 0.4061237 0.19073854 0.14962631 0.4903765 0.45657626 0.22066833 0.22745197 0.38840863 0.4724836 0.17983411 0.5341345 0.27895838 0.27707648 0.4403733 0.16268012 0.2743563 0.4277228 0.33053213 0.14047031 0.39160442 0.7851853 0.59691787 0.07074985 0.38791618 0.5204636 0.3456373 0.25309938 0.5900564 0.2935813 0.18847743 0.33920714 0.36026877 0.2056736 0.12757374 0.24925306 0.36668342 0.35157093 0.34326714 0.23983915 0.5012138 0.39562505 0.23140243 0.19632603 0.40745866 0.27754194 0.334813 0.47911897 0.24641603 0.2632568 0.18613386 0.15758099 0.4437878 0.30451018 0.28911725 0.3073693 0.22628179 0.33006048 0.20367262 0.27186388 0.23226517 0.4347306 0.752376 0.19167596 0.70431054 0.27750117 0.27489167 0.30021837 0.20917526 0.19686465 0.07371111 0.70613295 0.14152086 0.54419667 0.4130403 0.07241922 0.47119147,,
626,3x3x128x128,0.15472119 0.57240874 0.53072476 0.7019741 0.5211591 0.44736683 0.41596827 0.082086444 0.38670078 0.15868881 0.35687166 0.29923198 0.23991522 0.4036904 0.2956328 0.17937642 0.16329125 0.3167633 0.13135476 0.30044448 0.20850688 0.4617016 0.79561746 0.46872488 0.24955812 0.3924611 0.20044097 0.1282568 0.20981357 0.30895397 0.34281948 0.37749794 0.18775424 0.13008456 0.3980539 0.7126315 0.2941444 0.32379246 0.45792997 0.1620877 0.11140232 0.13889553 0.7275908 0.15681218 0.17565413 0.1115771 0.2075565 0.21275982 0.23403813 0.23652458 0.29239854 0.45531404 0.4061733 0.19076183 0.14964457 0.49043638 0.456632 0.22069527 0.22747973 0.38845602 0.47254127 0.17985606 0.5341997 0.27899244 0.2771103 0.44042704 0.16269997 0.27438977 0.427775 0.33057246 0.14048745 0.39165223 0.7852811 0.59699076 0.070758484 0.3879635 0.5205271 0.34567946 0.25313026 0.5901285 0.29361716 0.18850043 0.33924854 0.36031276 0.2056987 0.12758932 0.24928348 0.3667282 0.35161385 0.34330904 0.23986842 0.501275 0.39567336 0.23143068 0.19635 0.40750837 0.2775758 0.33485386 0.47917745 0.24644612 0.26328892 0.18615657 0.15760021 0.44384196 0.30454734 0.28915253 0.3074068 0.22630942 0.33010077 0.20369749 0.27189708 0.23229353 0.43478367 0.7524678 0.19169936 0.70439655 0.27753502 0.27492523 0.300255 0.2092008 0.19688867 0.073720105 0.70621914 0.14153813 0.5442631 0.4130907 0.07242806 0.47124898,0.1547023 0.5723389 0.53066003 0.7018884 0.5210955 0.44731224 0.4159175 0.08207643 0.3866536 0.15866946 0.3568281 0.29919544 0.23988594 0.40364113 0.29559675 0.17935453 0.16327131 0.31672466 0.13133873 0.3004078 0.20848145 0.46164528 0.79552037 0.46866766 0.24952766 0.3924132 0.20041652 0.12824114 0.20978795 0.30891627 0.34277764 0.37745187 0.18773134 0.13006867 0.39800534 0.71254456 0.2941085 0.32375294 0.4578741 0.1620679 0.11138872 0.13887858 0.72750205 0.15679303 0.1756327 0.11156349 0.20753117 0.21273386 0.23400956 0.23649572 0.29236284 0.4552585 0.4061237 0.19073854 0.14962631 0.4903765 0.45657626 0.22066833 0.22745197 0.38840863 0.4724836 0.17983411 0.5341345 0.27895838 0.27707648 0.4403733 0.16268012 0.2743563 0.4277228 0.33053213 0.14047031 0.39160442 0.7851853 0.59691787 0.07074985 0.38791618 0.5204636 0.3456373 0.25309938 0.5900564 0.2935813 0.18847743 0.33920714 0.36026877 0.2056736 0.12757374 0.24925306 0.36668342 0.35157093 0.34326714 0.23983915 0.5012138 0.39562505 0.23140243 0.19632603 0.40745866 0.27754194 0.334813 0.47911897 0.24641603 0.2632568 0.18613386 0.15758099 0.4437878 0.30451018 0.28911725 0.3073693 0.22628179 0.33006048 0.20367262 0.27186388 0.23226517 0.4347306 0.752376 0.19167596 0.70431054 0.27750117 0.27489167 0.30021837 0.20917526 0.19686465 0.07371111 0.70613295 0.14152086 0.54419667 0.4130403 0.07241922 0.47119147,,
630,3x3x128x128,0.15472119 0.57240874 0.53072476 0.7019741 0.5211591 0.44736683 0.41596827 0.082086444 0.38670078 0.15868881 0.35687166 0.29923198 0.23991522 0.4036904 0.2956328 0.17937642 0.16329125 0.3167633 0.13135476 0.30044448 0.20850688 0.4617016 0.79561746 0.46872488 0.24955812 0.3924611 0.20044097 0.1282568 0.20981357 0.30895397 0.34281948 0.37749794 0.18775424 0.13008456 0.3980539 0.7126315 0.2941444 0.32379246 0.45792997 0.1620877 0.11140232 0.13889553 0.7275908 0.15681218 0.17565413 0.1115771 0.2075565 0.21275982 0.23403813 0.23652458 0.29239854 0.45531404 0.4061733 0.19076183 0.14964457 0.49043638 0.456632 0.22069527 0.22747973 0.38845602 0.47254127 0.17985606 0.5341997 0.27899244 0.2771103 0.44042704 0.16269997 0.27438977 0.427775 0.33057246 0.14048745 0.39165223 0.7852811 0.59699076 0.070758484 0.3879635 0.5205271 0.34567946 0.25313026 0.5901285 0.29361716 0.18850043 0.33924854 0.36031276 0.2056987 0.12758932 0.24928348 0.3667282 0.35161385 0.34330904 0.23986842 0.501275 0.39567336 0.23143068 0.19635 0.40750837 0.2775758 0.33485386 0.47917745 0.24644612 0.26328892 0.18615657 0.15760021 0.44384196 0.30454734 0.28915253 0.3074068 0.22630942 0.33010077 0.20369749 0.27189708 0.23229353 0.43478367 0.7524678 0.19169936 0.70439655 0.27753502 0.27492523 0.300255 0.2092008 0.19688867 0.073720105 0.70621914 0.14153813 0.5442631 0.4130907 0.07242806 0.47124898,0.1547023 0.5723389 0.53066003 0.7018884 0.5210955 0.44731224 0.4159175 0.08207643 0.3866536 0.15866946 0.3568281 0.29919544 0.23988594 0.40364113 0.29559675 0.17935453 0.16327131 0.31672466 0.13133873 0.3004078 0.20848145 0.46164528 0.79552037 0.46866766 0.24952766 0.3924132 0.20041652 0.12824114 0.20978795 0.30891627 0.34277764 0.37745187 0.18773134 0.13006867 0.39800534 0.71254456 0.2941085 0.32375294 0.4578741 0.1620679 0.11138872 0.13887858 0.72750205 0.15679303 0.1756327 0.11156349 0.20753117 0.21273386 0.23400956 0.23649572 0.29236284 0.4552585 0.4061237 0.19073854 0.14962631 0.4903765 0.45657626 0.22066833 0.22745197 0.38840863 0.4724836 0.17983411 0.5341345 0.27895838 0.27707648 0.4403733 0.16268012 0.2743563 0.4277228 0.33053213 0.14047031 0.39160442 0.7851853 0.59691787 0.07074985 0.38791618 0.5204636 0.3456373 0.25309938 0.5900564 0.2935813 0.18847743 0.33920714 0.36026877 0.2056736 0.12757374 0.24925306 0.36668342 0.35157093 0.34326714 0.23983915 0.5012138 0.39562505 0.23140243 0.19632603 0.40745866 0.27754194 0.334813 0.47911897 0.24641603 0.2632568 0.18613386 0.15758099 0.4437878 0.30451018 0.28911725 0.3073693 0.22628179 0.33006048 0.20367262 0.27186388 0.23226517 0.4347306 0.752376 0.19167596 0.70431054 0.27750117 0.27489167 0.30021837 0.20917526 0.19686465 0.07371111 0.70613295 0.14152086 0.54419667 0.4130403 0.07241922 0.47119147,,
648,3x3x128x256,0.071282014 0.20540956 0.05697599 0.058222204 0.07250799 0.04527771 0.072320014 0.06341253 0.09965212 0.07002955 0.11053126 0.12685585 0.046290472 0.06694045 0.05026843 0.10758352 0.09175356 0.06285291 0.16556622 0.11131269 0.10293171 0.057094827 0.08701663 0.10716852 0.06117664 0.03518467 0.07437499 0.1501315 0.23888108 0.054533873 0.05647834 0.09097151 0.062394645 0.04683531 0.09324436 0.098632835 0.042919785 0.09255469 0.050870445 0.08319751 0.07655407 0.10642918 0.057719167 0.13240787 0.061272297 0.08680549 0.119596295 0.07562853 0.077516474 0.047150053 0.11006195 0.085214026 0.12571372 0.10628835 0.09802479 0.060656335 0.059908036 0.106352285 0.1062576 0.061757497 0.046703286 0.13128276 0.1597784 0.08923145 0.08209294 0.06517753 0.15013868 0.1629682 0.05842998 0.119876176 0.0482291 0.15283944 0.08644287 0.13512117 0.13077183 0.12333585 0.09959504 0.08820549 0.14314379 0.095047794 0.11905692 0.08558791 0.12871374 0.087311134 0.053885065 0.12801939 0.06492295 0.05740436 0.06654157 0.10124706 0.08522661 0.10526303 0.10507849 0.19237591 0.11913783 0.08807227 0.10240749 0.05286322 0.05418916 0.11060227 0.119966224 0.13830328 0.07571439 0.054279774 0.08232434 0.106143005 0.059079714 0.041494425 0.073661104 0.102373436 0.04362582 0.044589274 0.12987556 0.15222579 0.07564787 0.06900352 0.09082327 0.0639297 0.055727024 0.096162245 0.049056076 0.1333571 0.052604795 0.04971144 0.16908276 0.07228011 0.103949025 0.049907196 0.11215729 0.1270157 0.06075356 0.08017703 0.041843224 0.116648234 0.07669124 0.11228306 0.10445129 0.120178096 0.049739502 0.09968297 0.12864172 0.10085021 0.066293195 0.068323635 0.056782354 0.09601733 0.06860676 0.06460611 0.11765759 0.06447811 0.08248396 0.06709724 0.107807465 0.08509009 0.11562543 0.09942301 0.07058637 0.05989937 0.06907076 0.087445505 0.1075047 0.07608177 0.08107648 0.10764169 0.058572743 0.14469711 0.124521755 0.04970467 0.09100453 0.13121092 0.1061792 0.045289863 0.06542984 0.07835701 0.09690417 0.07907456 0.07174131 0.14955258 0.08812942 0.06443926 0.050027844 0.10312122 0.16991834 0.10742056 0.098293714 0.08611656 0.056297924 0.08953297 0.10036448 0.06515374 0.08184187 0.047931492 0.09865931 0.10970106 0.103456974 0.06583276 0.11781147 0.05970988 0.124893196 0.107385226 0.092574544 0.03484414 0.07123942 0.08372801 0.10736025 0.046439633 0.1309285 0.07161759 0.14828108 0.110201165 0.081844494 0.11200651 0.077002406 0.0856767 0.05081774 0.1741981 0.043691564 0.12640403 0.07151353 0.054935496 0.065522514 0.051340498 0.054804966 0.09549126 0.15385392 0.12068735 0.072012514 0.13345703 0.09567925 0.081872635 0.1052982 0.08602276 0.1188889 0.046963494 0.077939466 0.06831354 0.09133686 0.095946364 0.049463972 0.050408617 0.06158813 0.06876764 0.08924648 0.16747062 0.0656778 0.15892056 0.1355219 0.23333882 0.09728209 0.14612709 0.06254584 0.074428 0.052763194 0.072839774 0.06741604 0.05509552,0.07127332 0.20538448 0.05696904 0.058215097 0.07249915 0.045272183 0.07231119 0.0634048 0.09963995 0.070021 0.11051778 0.12684037 0.04628482 0.066932276 0.050262295 0.107570395 0.09174236 0.062845245 0.16554601 0.1112991 0.10291915 0.057087857 0.087006 0.107155435 0.061169174 0.03518038 0.07436591 0.15011318 0.23885192 0.05452722 0.05647145 0.090960406 0.06238703 0.046829592 0.093232974 0.0986208 0.042914547 0.09254339 0.05086424 0.08318736 0.076544724 0.10641619 0.057712123 0.1323917 0.061264817 0.0867949 0.1195817 0.075619295 0.07750702 0.0471443 0.11004852 0.085203625 0.12569839 0.10627538 0.098012835 0.060648933 0.059900727 0.106339306 0.10624463 0.06174996 0.046697587 0.13126674 0.15975891 0.08922056 0.08208293 0.06516958 0.15012036 0.16294833 0.05842285 0.11986155 0.048223212 0.15282078 0.08643232 0.13510469 0.13075587 0.1233208 0.09958288 0.08819472 0.14312631 0.095036194 0.11904239 0.085577466 0.12869804 0.08730048 0.053878486 0.12800376 0.064915024 0.057397358 0.06653345 0.1012347 0.08521621 0.10525019 0.105065666 0.19235244 0.11912329 0.08806153 0.10239499 0.05285677 0.054182548 0.110588774 0.11995158 0.13828641 0.07570515 0.05427315 0.08231429 0.106130056 0.059072502 0.04148936 0.07365212 0.10236094 0.043620497 0.044583835 0.12985972 0.15220723 0.07563864 0.068995096 0.09081219 0.0639219 0.055720225 0.09615051 0.04905009 0.13334082 0.052598372 0.049705375 0.16906212 0.07227129 0.103936344 0.049901105 0.112143606 0.12700018 0.060746145 0.08016724 0.041838117 0.116634004 0.07668188 0.11226936 0.10443854 0.12016343 0.04973343 0.099670805 0.12862603 0.1008379 0.0662851 0.0683153 0.056775425 0.09600561 0.06859838 0.064598225 0.11764323 0.06447024 0.0824739 0.06708905 0.10779431 0.08507971 0.11561132 0.099410884 0.070577756 0.05989206 0.06906232 0.08743483 0.10749158 0.076072484 0.081066586 0.107628554 0.058565594 0.14467946 0.12450656 0.049698602 0.09099343 0.13119492 0.10616624 0.04528434 0.06542186 0.078347445 0.09689234 0.07906491 0.07173256 0.14953433 0.08811867 0.0644314 0.050021738 0.10310864 0.16989762 0.10740746 0.09828172 0.086106054 0.05629105 0.08952205 0.10035223 0.06514579 0.08183189 0.047925644 0.09864727 0.10968767 0.10344435 0.06582472 0.11779709 0.059702594 0.12487795 0.10737212 0.09256324 0.034839887 0.071230724 0.083717786 0.10734715 0.046433963 0.13091251 0.07160885 0.14826298 0.11018772 0.08183451 0.11199284 0.076993 0.08566624 0.050811537 0.17417686 0.04368623 0.12638861 0.0715048 0.054928795 0.06551451 0.051334232 0.054798275 0.09547961 0.15383515 0.12067262 0.07200373 0.13344075 0.09566758 0.08186264 0.10528535 0.08601226 0.118874386 0.046957765 0.07792996 0.0683052 0.091325715 0.09593466 0.049457934 0.050402462 0.061580617 0.06875924 0.08923559 0.16745019 0.06566978 0.15890117 0.13550536 0.23331034 0.09727021 0.14610925 0.062538214 0.07441892 0.052756757 0.072830886 0.06740781 0.055088796,,
652,3x3x128x256,0.071282014 0.20540956 0.05697599 0.058222204 0.07250799 0.04527771 0.072320014 0.06341253 0.09965212 0.07002955 0.11053126 0.12685585 0.046290472 0.06694045 0.05026843 0.10758352 0.09175356 0.06285291 0.16556622 0.11131269 0.10293171 0.057094827 0.08701663 0.10716852 0.06117664 0.03518467 0.07437499 0.1501315 0.23888108 0.054533873 0.05647834 0.09097151 0.062394645 0.04683531 0.09324436 0.098632835 0.042919785 0.09255469 0.050870445 0.08319751 0.07655407 0.10642918 0.057719167 0.13240787 0.061272297 0.08680549 0.119596295 0.07562853 0.077516474 0.047150053 0.11006195 0.085214026 0.12571372 0.10628835 0.09802479 0.060656335 0.059908036 0.106352285 0.1062576 0.061757497 0.046703286 0.13128276 0.1597784 0.08923145 0.08209294 0.06517753 0.15013868 0.1629682 0.05842998 0.119876176 0.0482291 0.15283944 0.08644287 0.13512117 0.13077183 0.12333585 0.09959504 0.08820549 0.14314379 0.095047794 0.11905692 0.08558791 0.12871374 0.087311134 0.053885065 0.12801939 0.06492295 0.05740436 0.06654157 0.10124706 0.08522661 0.10526303 0.10507849 0.19237591 0.11913783 0.08807227 0.10240749 0.05286322 0.05418916 0.11060227 0.119966224 0.13830328 0.07571439 0.054279774 0.08232434 0.106143005 0.059079714 0.041494425 0.073661104 0.102373436 0.04362582 0.044589274 0.12987556 0.15222579 0.07564787 0.06900352 0.09082327 0.0639297 0.055727024 0.096162245 0.049056076 0.1333571 0.052604795 0.04971144 0.16908276 0.07228011 0.103949025 0.049907196 0.11215729 0.1270157 0.06075356 0.08017703 0.041843224 0.116648234 0.07669124 0.11228306 0.10445129 0.120178096 0.049739502 0.09968297 0.12864172 0.10085021 0.066293195 0.068323635 0.056782354 0.09601733 0.06860676 0.06460611 0.11765759 0.06447811 0.08248396 0.06709724 0.107807465 0.08509009 0.11562543 0.09942301 0.07058637 0.05989937 0.06907076 0.087445505 0.1075047 0.07608177 0.08107648 0.10764169 0.058572743 0.14469711 0.124521755 0.04970467 0.09100453 0.13121092 0.1061792 0.045289863 0.06542984 0.07835701 0.09690417 0.07907456 0.07174131 0.14955258 0.08812942 0.06443926 0.050027844 0.10312122 0.16991834 0.10742056 0.098293714 0.08611656 0.056297924 0.08953297 0.10036448 0.06515374 0.08184187 0.047931492 0.09865931 0.10970106 0.103456974 0.06583276 0.11781147 0.05970988 0.124893196 0.107385226 0.092574544 0.03484414 0.07123942 0.08372801 0.10736025 0.046439633 0.1309285 0.07161759 0.14828108 0.110201165 0.081844494 0.11200651 0.077002406 0.0856767 0.05081774 0.1741981 0.043691564 0.12640403 0.07151353 0.054935496 0.065522514 0.051340498 0.054804966 0.09549126 0.15385392 0.12068735 0.072012514 0.13345703 0.09567925 0.081872635 0.1052982 0.08602276 0.1188889 0.046963494 0.077939466 0.06831354 0.09133686 0.095946364 0.049463972 0.050408617 0.06158813 0.06876764 0.08924648 0.16747062 0.0656778 0.15892056 0.1355219 0.23333882 0.09728209 0.14612709 0.06254584 0.074428 0.052763194 0.072839774 0.06741604 0.05509552,0.07127332 0.20538448 0.05696904 0.058215097 0.07249915 0.045272183 0.07231119 0.0634048 0.09963995 0.070021 0.11051778 0.12684037 0.04628482 0.066932276 0.050262295 0.107570395 0.09174236 0.062845245 0.16554601 0.1112991 0.10291915 0.057087857 0.087006 0.107155435 0.061169174 0.03518038 0.07436591 0.15011318 0.23885192 0.05452722 0.05647145 0.090960406 0.06238703 0.046829592 0.093232974 0.0986208 0.042914547 0.09254339 0.05086424 0.08318736 0.076544724 0.10641619 0.057712123 0.1323917 0.061264817 0.0867949 0.1195817 0.075619295 0.07750702 0.0471443 0.11004852 0.085203625 0.12569839 0.10627538 0.098012835 0.060648933 0.059900727 0.106339306 0.10624463 0.06174996 0.046697587 0.13126674 0.15975891 0.08922056 0.08208293 0.06516958 0.15012036 0.16294833 0.05842285 0.11986155 0.048223212 0.15282078 0.08643232 0.13510469 0.13075587 0.1233208 0.09958288 0.08819472 0.14312631 0.095036194 0.11904239 0.085577466 0.12869804 0.08730048 0.053878486 0.12800376 0.064915024 0.057397358 0.06653345 0.1012347 0.08521621 0.10525019 0.105065666 0.19235244 0.11912329 0.08806153 0.10239499 0.05285677 0.054182548 0.110588774 0.11995158 0.13828641 0.07570515 0.05427315 0.08231429 0.106130056 0.059072502 0.04148936 0.07365212 0.10236094 0.043620497 0.044583835 0.12985972 0.15220723 0.07563864 0.068995096 0.09081219 0.0639219 0.055720225 0.09615051 0.04905009 0.13334082 0.052598372 0.049705375 0.16906212 0.07227129 0.103936344 0.049901105 0.112143606 0.12700018 0.060746145 0.08016724 0.041838117 0.116634004 0.07668188 0.11226936 0.10443854 0.12016343 0.04973343 0.099670805 0.12862603 0.1008379 0.0662851 0.0683153 0.056775425 0.09600561 0.06859838 0.064598225 0.11764323 0.06447024 0.0824739 0.06708905 0.10779431 0.08507971 0.11561132 0.099410884 0.070577756 0.05989206 0.06906232 0.08743483 0.10749158 0.076072484 0.081066586 0.107628554 0.058565594 0.14467946 0.12450656 0.049698602 0.09099343 0.13119492 0.10616624 0.04528434 0.06542186 0.078347445 0.09689234 0.07906491 0.07173256 0.14953433 0.08811867 0.0644314 0.050021738 0.10310864 0.16989762 0.10740746 0.09828172 0.086106054 0.05629105 0.08952205 0.10035223 0.06514579 0.08183189 0.047925644 0.09864727 0.10968767 0.10344435 0.06582472 0.11779709 0.059702594 0.12487795 0.10737212 0.09256324 0.034839887 0.071230724 0.083717786 0.10734715 0.046433963 0.13091251 0.07160885 0.14826298 0.11018772 0.08183451 0.11199284 0.076993 0.08566624 0.050811537 0.17417686 0.04368623 0.12638861 0.0715048 0.054928795 0.06551451 0.051334232 0.054798275 0.09547961 0.15383515 0.12067262 0.07200373 0.13344075 0.09566758 0.08186264 0.10528535 0.08601226 0.118874386 0.046957765 0.07792996 0.0683052 0.091325715 0.09593466 0.049457934 0.050402462 0.061580617 0.06875924 0.08923559 0.16745019 0.06566978 0.15890117 0.13550536 0.23331034 0.09727021 0.14610925 0.062538214 0.07441892 0.052756757 0.072830886 0.06740781 0.055088796,,
656,3x3x128x256,0.071282014 0.20540956 0.05697599 0.058222204 0.07250799 0.04527771 0.072320014 0.06341253 0.09965212 0.07002955 0.11053126 0.12685585 0.046290472 0.06694045 0.05026843 0.10758352 0.09175356 0.06285291 0.16556622 0.11131269 0.10293171 0.057094827 0.08701663 0.10716852 0.06117664 0.03518467 0.07437499 0.1501315 0.23888108 0.054533873 0.05647834 0.09097151 0.062394645 0.04683531 0.09324436 0.098632835 0.042919785 0.09255469 0.050870445 0.08319751 0.07655407 0.10642918 0.057719167 0.13240787 0.061272297 0.08680549 0.119596295 0.07562853 0.077516474 0.047150053 0.11006195 0.085214026 0.12571372 0.10628835 0.09802479 0.060656335 0.059908036 0.106352285 0.1062576 0.061757497 0.046703286 0.13128276 0.1597784 0.08923145 0.08209294 0.06517753 0.15013868 0.1629682 0.05842998 0.119876176 0.0482291 0.15283944 0.08644287 0.13512117 0.13077183 0.12333585 0.09959504 0.08820549 0.14314379 0.095047794 0.11905692 0.08558791 0.12871374 0.087311134 0.053885065 0.12801939 0.06492295 0.05740436 0.06654157 0.10124706 0.08522661 0.10526303 0.10507849 0.19237591 0.11913783 0.08807227 0.10240749 0.05286322 0.05418916 0.11060227 0.119966224 0.13830328 0.07571439 0.054279774 0.08232434 0.106143005 0.059079714 0.041494425 0.073661104 0.102373436 0.04362582 0.044589274 0.12987556 0.15222579 0.07564787 0.06900352 0.09082327 0.0639297 0.055727024 0.096162245 0.049056076 0.1333571 0.052604795 0.04971144 0.16908276 0.07228011 0.103949025 0.049907196 0.11215729 0.1270157 0.06075356 0.08017703 0.041843224 0.116648234 0.07669124 0.11228306 0.10445129 0.120178096 0.049739502 0.09968297 0.12864172 0.10085021 0.066293195 0.068323635 0.056782354 0.09601733 0.06860676 0.06460611 0.11765759 0.06447811 0.08248396 0.06709724 0.107807465 0.08509009 0.11562543 0.09942301 0.07058637 0.05989937 0.06907076 0.087445505 0.1075047 0.07608177 0.08107648 0.10764169 0.058572743 0.14469711 0.124521755 0.04970467 0.09100453 0.13121092 0.1061792 0.045289863 0.06542984 0.07835701 0.09690417 0.07907456 0.07174131 0.14955258 0.08812942 0.06443926 0.050027844 0.10312122 0.16991834 0.10742056 0.098293714 0.08611656 0.056297924 0.08953297 0.10036448 0.06515374 0.08184187 0.047931492 0.09865931 0.10970106 0.103456974 0.06583276 0.11781147 0.05970988 0.124893196 0.107385226 0.092574544 0.03484414 0.07123942 0.08372801 0.10736025 0.046439633 0.1309285 0.07161759 0.14828108 0.110201165 0.081844494 0.11200651 0.077002406 0.0856767 0.05081774 0.1741981 0.043691564 0.12640403 0.07151353 0.054935496 0.065522514 0.051340498 0.054804966 0.09549126 0.15385392 0.12068735 0.072012514 0.13345703 0.09567925 0.081872635 0.1052982 0.08602276 0.1188889 0.046963494 0.077939466 0.06831354 0.09133686 0.095946364 0.049463972 0.050408617 0.06158813 0.06876764 0.08924648 0.16747062 0.0656778 0.15892056 0.1355219 0.23333882 0.09728209 0.14612709 0.06254584 0.074428 0.052763194 0.072839774 0.06741604 0.05509552,0.07127332 0.20538448 0.05696904 0.058215097 0.07249915 0.045272183 0.07231119 0.0634048 0.09963995 0.070021 0.11051778 0.12684037 0.04628482 0.066932276 0.050262295 0.107570395 0.09174236 0.062845245 0.16554601 0.1112991 0.10291915 0.057087857 0.087006 0.107155435 0.061169174 0.03518038 0.07436591 0.15011318 0.23885192 0.05452722 0.05647145 0.090960406 0.06238703 0.046829592 0.093232974 0.0986208 0.042914547 0.09254339 0.05086424 0.08318736 0.076544724 0.10641619 0.057712123 0.1323917 0.061264817 0.0867949 0.1195817 0.075619295 0.07750702 0.0471443 0.11004852 0.085203625 0.12569839 0.10627538 0.098012835 0.060648933 0.059900727 0.106339306 0.10624463 0.06174996 0.046697587 0.13126674 0.15975891 0.08922056 0.08208293 0.06516958 0.15012036 0.16294833 0.05842285 0.11986155 0.048223212 0.15282078 0.08643232 0.13510469 0.13075587 0.1233208 0.09958288 0.08819472 0.14312631 0.095036194 0.11904239 0.085577466 0.12869804 0.08730048 0.053878486 0.12800376 0.064915024 0.057397358 0.06653345 0.1012347 0.08521621 0.10525019 0.105065666 0.19235244 0.11912329 0.08806153 0.10239499 0.05285677 0.054182548 0.110588774 0.11995158 0.13828641 0.07570515 0.05427315 0.08231429 0.106130056 0.059072502 0.04148936 0.07365212 0.10236094 0.043620497 0.044583835 0.12985972 0.15220723 0.07563864 0.068995096 0.09081219 0.0639219 0.055720225 0.09615051 0.04905009 0.13334082 0.052598372 0.049705375 0.16906212 0.07227129 0.103936344 0.049901105 0.112143606 0.12700018 0.060746145 0.08016724 0.041838117 0.116634004 0.07668188 0.11226936 0.10443854 0.12016343 0.04973343 0.099670805 0.12862603 0.1008379 0.0662851 0.0683153 0.056775425 0.09600561 0.06859838 0.064598225 0.11764323 0.06447024 0.0824739 0.06708905 0.10779431 0.08507971 0.11561132 0.099410884 0.070577756 0.05989206 0.06906232 0.08743483 0.10749158 0.076072484 0.081066586 0.107628554 0.058565594 0.14467946 0.12450656 0.049698602 0.09099343 0.13119492 0.10616624 0.04528434 0.06542186 0.078347445 0.09689234 0.07906491 0.07173256 0.14953433 0.08811867 0.0644314 0.050021738 0.10310864 0.16989762 0.10740746 0.09828172 0.086106054 0.05629105 0.08952205 0.10035223 0.06514579 0.08183189 0.047925644 0.09864727 0.10968767 0.10344435 0.06582472 0.11779709 0.059702594 0.12487795 0.10737212 0.09256324 0.034839887 0.071230724 0.083717786 0.10734715 0.046433963 0.13091251 0.07160885 0.14826298 0.11018772 0.08183451 0.11199284 0.076993 0.08566624 0.050811537 0.17417686 0.04368623 0.12638861 0.0715048 0.054928795 0.06551451 0.051334232 0.054798275 0.09547961 0.15383515 0.12067262 0.07200373 0.13344075 0.09566758 0.08186264 0.10528535 0.08601226 0.118874386 0.046957765 0.07792996 0.0683052 0.091325715 0.09593466 0.049457934 0.050402462 0.061580617 0.06875924 0.08923559 0.16745019 0.06566978 0.15890117 0.13550536 0.23331034 0.09727021 0.14610925 0.062538214 0.07441892 0.052756757 0.072830886 0.06740781 0.055088796,,
660,3x3x128x256,0.071282014 0.20540956 0.05697599 0.058222204 0.07250799 0.04527771 0.072320014 0.06341253 0.09965212 0.07002955 0.11053126 0.12685585 0.046290472 0.06694045 0.05026843 0.10758352 0.09175356 0.06285291 0.16556622 0.11131269 0.10293171 0.057094827 0.08701663 0.10716852 0.06117664 0.03518467 0.07437499 0.1501315 0.23888108 0.054533873 0.05647834 0.09097151 0.062394645 0.04683531 0.09324436 0.098632835 0.042919785 0.09255469 0.050870445 0.08319751 0.07655407 0.10642918 0.057719167 0.13240787 0.061272297 0.08680549 0.119596295 0.07562853 0.077516474 0.047150053 0.11006195 0.085214026 0.12571372 0.10628835 0.09802479 0.060656335 0.059908036 0.106352285 0.1062576 0.061757497 0.046703286 0.13128276 0.1597784 0.08923145 0.08209294 0.06517753 0.15013868 0.1629682 0.05842998 0.119876176 0.0482291 0.15283944 0.08644287 0.13512117 0.13077183 0.12333585 0.09959504 0.08820549 0.14314379 0.095047794 0.11905692 0.08558791 0.12871374 0.087311134 0.053885065 0.12801939 0.06492295 0.05740436 0.06654157 0.10124706 0.08522661 0.10526303 0.10507849 0.19237591 0.11913783 0.08807227 0.10240749 0.05286322 0.05418916 0.11060227 0.119966224 0.13830328 0.07571439 0.054279774 0.08232434 0.106143005 0.059079714 0.041494425 0.073661104 0.102373436 0.04362582 0.044589274 0.12987556 0.15222579 0.07564787 0.06900352 0.09082327 0.0639297 0.055727024 0.096162245 0.049056076 0.1333571 0.052604795 0.04971144 0.16908276 0.07228011 0.103949025 0.049907196 0.11215729 0.1270157 0.06075356 0.08017703 0.041843224 0.116648234 0.07669124 0.11228306 0.10445129 0.120178096 0.049739502 0.09968297 0.12864172 0.10085021 0.066293195 0.068323635 0.056782354 0.09601733 0.06860676 0.06460611 0.11765759 0.06447811 0.08248396 0.06709724 0.107807465 0.08509009 0.11562543 0.09942301 0.07058637 0.05989937 0.06907076 0.087445505 0.1075047 0.07608177 0.08107648 0.10764169 0.058572743 0.14469711 0.124521755 0.04970467 0.09100453 0.13121092 0.1061792 0.045289863 0.06542984 0.07835701 0.09690417 0.07907456 0.07174131 0.14955258 0.08812942 0.06443926 0.050027844 0.10312122 0.16991834 0.10742056 0.098293714 0.08611656 0.056297924 0.08953297 0.10036448 0.06515374 0.08184187 0.047931492 0.09865931 0.10970106 0.103456974 0.06583276 0.11781147 0.05970988 0.124893196 0.107385226 0.092574544 0.03484414 0.07123942 0.08372801 0.10736025 0.046439633 0.1309285 0.07161759 0.14828108 0.110201165 0.081844494 0.11200651 0.077002406 0.0856767 0.05081774 0.1741981 0.043691564 0.12640403 0.07151353 0.054935496 0.065522514 0.051340498 0.054804966 0.09549126 0.15385392 0.12068735 0.072012514 0.13345703 0.09567925 0.081872635 0.1052982 0.08602276 0.1188889 0.046963494 0.077939466 0.06831354 0.09133686 0.095946364 0.049463972 0.050408617 0.06158813 0.06876764 0.08924648 0.16747062 0.0656778 0.15892056 0.1355219 0.23333882 0.09728209 0.14612709 0.06254584 0.074428 0.052763194 0.072839774 0.06741604 0.05509552,0.07127332 0.20538448 0.05696904 0.058215097 0.07249915 0.045272183 0.07231119 0.0634048 0.09963995 0.070021 0.11051778 0.12684037 0.04628482 0.066932276 0.050262295 0.107570395 0.09174236 0.062845245 0.16554601 0.1112991 0.10291915 0.057087857 0.087006 0.107155435 0.061169174 0.03518038 0.07436591 0.15011318 0.23885192 0.05452722 0.05647145 0.090960406 0.06238703 0.046829592 0.093232974 0.0986208 0.042914547 0.09254339 0.05086424 0.08318736 0.076544724 0.10641619 0.057712123 0.1323917 0.061264817 0.0867949 0.1195817 0.075619295 0.07750702 0.0471443 0.11004852 0.085203625 0.12569839 0.10627538 0.098012835 0.060648933 0.059900727 0.106339306 0.10624463 0.06174996 0.046697587 0.13126674 0.15975891 0.08922056 0.08208293 0.06516958 0.15012036 0.16294833 0.05842285 0.11986155 0.048223212 0.15282078 0.08643232 0.13510469 0.13075587 0.1233208 0.09958288 0.08819472 0.14312631 0.095036194 0.11904239 0.085577466 0.12869804 0.08730048 0.053878486 0.12800376 0.064915024 0.057397358 0.06653345 0.1012347 0.08521621 0.10525019 0.105065666 0.19235244 0.11912329 0.08806153 0.10239499 0.05285677 0.054182548 0.110588774 0.11995158 0.13828641 0.07570515 0.05427315 0.08231429 0.106130056 0.059072502 0.04148936 0.07365212 0.10236094 0.043620497 0.044583835 0.12985972 0.15220723 0.07563864 0.068995096 0.09081219 0.0639219 0.055720225 0.09615051 0.04905009 0.13334082 0.052598372 0.049705375 0.16906212 0.07227129 0.103936344 0.049901105 0.112143606 0.12700018 0.060746145 0.08016724 0.041838117 0.116634004 0.07668188 0.11226936 0.10443854 0.12016343 0.04973343 0.099670805 0.12862603 0.1008379 0.0662851 0.0683153 0.056775425 0.09600561 0.06859838 0.064598225 0.11764323 0.06447024 0.0824739 0.06708905 0.10779431 0.08507971 0.11561132 0.099410884 0.070577756 0.05989206 0.06906232 0.08743483 0.10749158 0.076072484 0.081066586 0.107628554 0.058565594 0.14467946 0.12450656 0.049698602 0.09099343 0.13119492 0.10616624 0.04528434 0.06542186 0.078347445 0.09689234 0.07906491 0.07173256 0.14953433 0.08811867 0.0644314 0.050021738 0.10310864 0.16989762 0.10740746 0.09828172 0.086106054 0.05629105 0.08952205 0.10035223 0.06514579 0.08183189 0.047925644 0.09864727 0.10968767 0.10344435 0.06582472 0.11779709 0.059702594 0.12487795 0.10737212 0.09256324 0.034839887 0.071230724 0.083717786 0.10734715 0.046433963 0.13091251 0.07160885 0.14826298 0.11018772 0.08183451 0.11199284 0.076993 0.08566624 0.050811537 0.17417686 0.04368623 0.12638861 0.0715048 0.054928795 0.06551451 0.051334232 0.054798275 0.09547961 0.15383515 0.12067262 0.07200373 0.13344075 0.09566758 0.08186264 0.10528535 0.08601226 0.118874386 0.046957765 0.07792996 0.0683052 0.091325715 0.09593466 0.049457934 0.050402462 0.061580617 0.06875924 0.08923559 0.16745019 0.06566978 0.15890117 0.13550536 0.23331034 0.09727021 0.14610925 0.062538214 0.07441892 0.052756757 0.072830886 0.06740781 0.055088796,,
664,3x3x128x256,0.071282014 0.20540956 0.05697599 0.058222204 0.07250799 0.04527771 0.072320014 0.06341253 0.09965212 0.07002955 0.11053126 0.12685585 0.046290472 0.06694045 0.05026843 0.10758352 0.09175356 0.06285291 0.16556622 0.11131269 0.10293171 0.057094827 0.08701663 0.10716852 0.06117664 0.03518467 0.07437499 0.1501315 0.23888108 0.054533873 0.05647834 0.09097151 0.062394645 0.04683531 0.09324436 0.098632835 0.042919785 0.09255469 0.050870445 0.08319751 0.07655407 0.10642918 0.057719167 0.13240787 0.061272297 0.08680549 0.119596295 0.07562853 0.077516474 0.047150053 0.11006195 0.085214026 0.12571372 0.10628835 0.09802479 0.060656335 0.059908036 0.106352285 0.1062576 0.061757497 0.046703286 0.13128276 0.1597784 0.08923145 0.08209294 0.06517753 0.15013868 0.1629682 0.05842998 0.119876176 0.0482291 0.15283944 0.08644287 0.13512117 0.13077183 0.12333585 0.09959504 0.08820549 0.14314379 0.095047794 0.11905692 0.08558791 0.12871374 0.087311134 0.053885065 0.12801939 0.06492295 0.05740436 0.06654157 0.10124706 0.08522661 0.10526303 0.10507849 0.19237591 0.11913783 0.08807227 0.10240749 0.05286322 0.05418916 0.11060227 0.119966224 0.13830328 0.07571439 0.054279774 0.08232434 0.106143005 0.059079714 0.041494425 0.073661104 0.102373436 0.04362582 0.044589274 0.12987556 0.15222579 0.07564787 0.06900352 0.09082327 0.0639297 0.055727024 0.096162245 0.049056076 0.1333571 0.052604795 0.04971144 0.16908276 0.07228011 0.103949025 0.049907196 0.11215729 0.1270157 0.06075356 0.08017703 0.041843224 0.116648234 0.07669124 0.11228306 0.10445129 0.120178096 0.049739502 0.09968297 0.12864172 0.10085021 0.066293195 0.068323635 0.056782354 0.09601733 0.06860676 0.06460611 0.11765759 0.06447811 0.08248396 0.06709724 0.107807465 0.08509009 0.11562543 0.09942301 0.07058637 0.05989937 0.06907076 0.087445505 0.1075047 0.07608177 0.08107648 0.10764169 0.058572743 0.14469711 0.124521755 0.04970467 0.09100453 0.13121092 0.1061792 0.045289863 0.06542984 0.07835701 0.09690417 0.07907456 0.07174131 0.14955258 0.08812942 0.06443926 0.050027844 0.10312122 0.16991834 0.10742056 0.098293714 0.08611656 0.056297924 0.08953297 0.10036448 0.06515374 0.08184187 0.047931492 0.09865931 0.10970106 0.103456974 0.06583276 0.11781147 0.05970988 0.124893196 0.107385226 0.092574544 0.03484414 0.07123942 0.08372801 0.10736025 0.046439633 0.1309285 0.07161759 0.14828108 0.110201165 0.081844494 0.11200651 0.077002406 0.0856767 0.05081774 0.1741981 0.043691564 0.12640403 0.07151353 0.054935496 0.065522514 0.051340498 0.054804966 0.09549126 0.15385392 0.12068735 0.072012514 0.13345703 0.09567925 0.081872635 0.1052982 0.08602276 0.1188889 0.046963494 0.077939466 0.06831354 0.09133686 0.095946364 0.049463972 0.050408617 0.06158813 0.06876764 0.08924648 0.16747062 0.0656778 0.15892056 0.1355219 0.23333882 0.09728209 0.14612709 0.06254584 0.074428 0.052763194 0.072839774 0.06741604 0.05509552,0.07127332 0.20538448 0.05696904 0.058215097 0.07249915 0.045272183 0.07231119 0.0634048 0.09963995 0.070021 0.11051778 0.12684037 0.04628482 0.066932276 0.050262295 0.107570395 0.09174236 0.062845245 0.16554601 0.1112991 0.10291915 0.057087857 0.087006 0.107155435 0.061169174 0.03518038 0.07436591 0.15011318 0.23885192 0.05452722 0.05647145 0.090960406 0.06238703 0.046829592 0.093232974 0.0986208 0.042914547 0.09254339 0.05086424 0.08318736 0.076544724 0.10641619 0.057712123 0.1323917 0.061264817 0.0867949 0.1195817 0.075619295 0.07750702 0.0471443 0.11004852 0.085203625 0.12569839 0.10627538 0.098012835 0.060648933 0.059900727 0.106339306 0.10624463 0.06174996 0.046697587 0.13126674 0.15975891 0.08922056 0.08208293 0.06516958 0.15012036 0.16294833 0.05842285 0.11986155 0.048223212 0.15282078 0.08643232 0.13510469 0.13075587 0.1233208 0.09958288 0.08819472 0.14312631 0.095036194 0.11904239 0.085577466 0.12869804 0.08730048 0.053878486 0.12800376 0.064915024 0.057397358 0.06653345 0.1012347 0.08521621 0.10525019 0.105065666 0.19235244 0.11912329 0.08806153 0.10239499 0.05285677 0.054182548 0.110588774 0.11995158 0.13828641 0.07570515 0.05427315 0.08231429 0.106130056 0.059072502 0.04148936 0.07365212 0.10236094 0.043620497 0.044583835 0.12985972 0.15220723 0.07563864 0.068995096 0.09081219 0.0639219 0.055720225 0.09615051 0.04905009 0.13334082 0.052598372 0.049705375 0.16906212 0.07227129 0.103936344 0.049901105 0.112143606 0.12700018 0.060746145 0.08016724 0.041838117 0.116634004 0.07668188 0.11226936 0.10443854 0.12016343 0.04973343 0.099670805 0.12862603 0.1008379 0.0662851 0.0683153 0.056775425 0.09600561 0.06859838 0.064598225 0.11764323 0.06447024 0.0824739 0.06708905 0.10779431 0.08507971 0.11561132 0.099410884 0.070577756 0.05989206 0.06906232 0.08743483 0.10749158 0.076072484 0.081066586 0.107628554 0.058565594 0.14467946 0.12450656 0.049698602 0.09099343 0.13119492 0.10616624 0.04528434 0.06542186 0.078347445 0.09689234 0.07906491 0.07173256 0.14953433 0.08811867 0.0644314 0.050021738 0.10310864 0.16989762 0.10740746 0.09828172 0.086106054 0.05629105 0.08952205 0.10035223 0.06514579 0.08183189 0.047925644 0.09864727 0.10968767 0.10344435 0.06582472 0.11779709 0.059702594 0.12487795 0.10737212 0.09256324 0.034839887 0.071230724 0.083717786 0.10734715 0.046433963 0.13091251 0.07160885 0.14826298 0.11018772 0.08183451 0.11199284 0.076993 0.08566624 0.050811537 0.17417686 0.04368623 0.12638861 0.0715048 0.054928795 0.06551451 0.051334232 0.054798275 0.09547961 0.15383515 0.12067262 0.07200373 0.13344075 0.09566758 0.08186264 0.10528535 0.08601226 0.118874386 0.046957765 0.07792996 0.0683052 0.091325715 0.09593466 0.049457934 0.050402462 0.061580617 0.06875924 0.08923559 0.16745019 0.06566978 0.15890117 0.13550536 0.23331034 0.09727021 0.14610925 0.062538214 0.07441892 0.052756757 0.072830886 0.06740781 0.055088796,,
668,3x3x128x256,0.071282014 0.20540956 0.05697599 0.058222204 0.07250799 0.04527771 0.072320014 0.06341253 0.09965212 0.07002955 0.11053126 0.12685585 0.046290472 0.06694045 0.05026843 0.10758352 0.09175356 0.06285291 0.16556622 0.11131269 0.10293171 0.057094827 0.08701663 0.10716852 0.06117664 0.03518467 0.07437499 0.1501315 0.23888108 0.054533873 0.05647834 0.09097151 0.062394645 0.04683531 0.09324436 0.098632835 0.042919785 0.09255469 0.050870445 0.08319751 0.07655407 0.10642918 0.057719167 0.13240787 0.061272297 0.08680549 0.119596295 0.07562853 0.077516474 0.047150053 0.11006195 0.085214026 0.12571372 0.10628835 0.09802479 0.060656335 0.059908036 0.106352285 0.1062576 0.061757497 0.046703286 0.13128276 0.1597784 0.08923145 0.08209294 0.06517753 0.15013868 0.1629682 0.05842998 0.119876176 0.0482291 0.15283944 0.08644287 0.13512117 0.13077183 0.12333585 0.09959504 0.08820549 0.14314379 0.095047794 0.11905692 0.08558791 0.12871374 0.087311134 0.053885065 0.12801939 0.06492295 0.05740436 0.06654157 0.10124706 0.08522661 0.10526303 0.10507849 0.19237591 0.11913783 0.08807227 0.10240749 0.05286322 0.05418916 0.11060227 0.119966224 0.13830328 0.07571439 0.054279774 0.08232434 0.106143005 0.059079714 0.041494425 0.073661104 0.102373436 0.04362582 0.044589274 0.12987556 0.15222579 0.07564787 0.06900352 0.09082327 0.0639297 0.055727024 0.096162245 0.049056076 0.1333571 0.052604795 0.04971144 0.16908276 0.07228011 0.103949025 0.049907196 0.11215729 0.1270157 0.06075356 0.08017703 0.041843224 0.116648234 0.07669124 0.11228306 0.10445129 0.120178096 0.049739502 0.09968297 0.12864172 0.10085021 0.066293195 0.068323635 0.056782354 0.09601733 0.06860676 0.06460611 0.11765759 0.06447811 0.08248396 0.06709724 0.107807465 0.08509009 0.11562543 0.09942301 0.07058637 0.05989937 0.06907076 0.087445505 0.1075047 0.07608177 0.08107648 0.10764169 0.058572743 0.14469711 0.124521755 0.04970467 0.09100453 0.13121092 0.1061792 0.045289863 0.06542984 0.07835701 0.09690417 0.07907456 0.07174131 0.14955258 0.08812942 0.06443926 0.050027844 0.10312122 0.16991834 0.10742056 0.098293714 0.08611656 0.056297924 0.08953297 0.10036448 0.06515374 0.08184187 0.047931492 0.09865931 0.10970106 0.103456974 0.06583276 0.11781147 0.05970988 0.124893196 0.107385226 0.092574544 0.03484414 0.07123942 0.08372801 0.10736025 0.046439633 0.1309285 0.07161759 0.14828108 0.110201165 0.081844494 0.11200651 0.077002406 0.0856767 0.05081774 0.1741981 0.043691564 0.12640403 0.07151353 0.054935496 0.065522514 0.051340498 0.054804966 0.09549126 0.15385392 0.12068735 0.072012514 0.13345703 0.09567925 0.081872635 0.1052982 0.08602276 0.1188889 0.046963494 0.077939466 0.06831354 0.09133686 0.095946364 0.049463972 0.050408617 0.06158813 0.06876764 0.08924648 0.16747062 0.0656778 0.15892056 0.1355219 0.23333882 0.09728209 0.14612709 0.06254584 0.074428 0.052763194 0.072839774 0.06741604 0.05509552,0.07127332 0.20538448 0.05696904 0.058215097 0.07249915 0.045272183 0.07231119 0.0634048 0.09963995 0.070021 0.11051778 0.12684037 0.04628482 0.066932276 0.050262295 0.107570395 0.09174236 0.062845245 0.16554601 0.1112991 0.10291915 0.057087857 0.087006 0.107155435 0.061169174 0.03518038 0.07436591 0.15011318 0.23885192 0.05452722 0.05647145 0.090960406 0.06238703 0.046829592 0.093232974 0.0986208 0.042914547 0.09254339 0.05086424 0.08318736 0.076544724 0.10641619 0.057712123 0.1323917 0.061264817 0.0867949 0.1195817 0.075619295 0.07750702 0.0471443 0.11004852 0.085203625 0.12569839 0.10627538 0.098012835 0.060648933 0.059900727 0.106339306 0.10624463 0.06174996 0.046697587 0.13126674 0.15975891 0.08922056 0.08208293 0.06516958 0.15012036 0.16294833 0.05842285 0.11986155 0.048223212 0.15282078 0.08643232 0.13510469 0.13075587 0.1233208 0.09958288 0.08819472 0.14312631 0.095036194 0.11904239 0.085577466 0.12869804 0.08730048 0.053878486 0.12800376 0.064915024 0.057397358 0.06653345 0.1012347 0.08521621 0.10525019 0.105065666 0.19235244 0.11912329 0.08806153 0.10239499 0.05285677 0.054182548 0.110588774 0.11995158 0.13828641 0.07570515 0.05427315 0.08231429 0.106130056 0.059072502 0.04148936 0.07365212 0.10236094 0.043620497 0.044583835 0.12985972 0.15220723 0.07563864 0.068995096 0.09081219 0.0639219 0.055720225 0.09615051 0.04905009 0.13334082 0.052598372 0.049705375 0.16906212 0.07227129 0.103936344 0.049901105 0.112143606 0.12700018 0.060746145 0.08016724 0.041838117 0.116634004 0.07668188 0.11226936 0.10443854 0.12016343 0.04973343 0.099670805 0.12862603 0.1008379 0.0662851 0.0683153 0.056775425 0.09600561 0.06859838 0.064598225 0.11764323 0.06447024 0.0824739 0.06708905 0.10779431 0.08507971 0.11561132 0.099410884 0.070577756 0.05989206 0.06906232 0.08743483 0.10749158 0.076072484 0.081066586 0.107628554 0.058565594 0.14467946 0.12450656 0.049698602 0.09099343 0.13119492 0.10616624 0.04528434 0.06542186 0.078347445 0.09689234 0.07906491 0.07173256 0.14953433 0.08811867 0.0644314 0.050021738 0.10310864 0.16989762 0.10740746 0.09828172 0.086106054 0.05629105 0.08952205 0.10035223 0.06514579 0.08183189 0.047925644 0.09864727 0.10968767 0.10344435 0.06582472 0.11779709 0.059702594 0.12487795 0.10737212 0.09256324 0.034839887 0.071230724 0.083717786 0.10734715 0.046433963 0.13091251 0.07160885 0.14826298 0.11018772 0.08183451 0.11199284 0.076993 0.08566624 0.050811537 0.17417686 0.04368623 0.12638861 0.0715048 0.054928795 0.06551451 0.051334232 0.054798275 0.09547961 0.15383515 0.12067262 0.07200373 0.13344075 0.09566758 0.08186264 0.10528535 0.08601226 0.118874386 0.046957765 0.07792996 0.0683052 0.091325715 0.09593466 0.049457934 0.050402462 0.061580617 0.06875924 0.08923559 0.16745019 0.06566978 0.15890117 0.13550536 0.23331034 0.09727021 0.14610925 0.062538214 0.07441892 0.052756757 0.072830886 0.06740781 0.055088796,,
686,3x3x256x256,0.08997427 0.09569027 0.06268637 0.22041745 0.09731724 0.060600214 0.14472146 0.08266324 0.059948348 0.07559392 0.06253767 0.1001959 0.100310974 0.11749902 0.15352389 0.12633106 0.1030778 0.18957235 0.08512019 0.08585473 0.2775629 0.08897396 0.08338075 0.13524228 0.15206592 0.1173014 0.109270096 0.17695679 0.07489747 0.22575709 0.14409058 0.10949143 0.046205375 0.09025588 0.095133744 0.13204367 0.30852696 0.08647105 0.116775565 0.3058178 0.13351755 0.077506274 0.07260112 0.07804347 0.2015646 0.098256305 0.12040764 0.18138924 0.10873023 0.16857867 0.14953409 0.16890799 0.06127907 0.072603405 0.17688589 0.08414368 0.13100806 0.09094609 0.048516214 0.0654367 0.1559273 0.06627532 0.15034878 0.08029683 0.13829336 0.15038343 0.2073933 0.14596696 0.09218352 0.17924659 0.050275426 0.024989711 0.13785939 0.07405032 0.14181134 0.08945872 0.0802927 0.14523476 0.07933753 0.07071545 0.099734984 0.06869585 0.17450513 0.12611932 0.11632316 0.06613514 0.18798274 0.22990596 0.28750932 0.06759174 0.070135914 0.20653643 0.28631774 0.0966144 0.08290627 0.07170654 0.11566097 0.07453881 0.049042806 0.14370005 0.23304813 0.09989836 0.09829812 0.11023673 0.085373014 0.2523526 0.052878752 0.25543296 0.24171622 0.055328175 0.08198729 0.08629363 0.06890767 0.23669727 0.33078584 0.09911337 0.047489382 0.21431234 0.13029167 0.14563377 0.24493718 0.19985718 0.22182041 0.087825626 0.10695775 0.066628516 0.12217216 0.18862596 0.077518426 0.04054626 0.14710994 0.102429025 0.07585767 0.12051739 0.1594813 0.12854478 0.10214103 0.20102605 0.08172837 0.20235835 0.07312697 0.0570464 0.08128834 0.14590845 0.11887163 0.22764613 0.10631178 0.08778085 0.32816067 0.10223925 0.13512538 0.057936963 0.14100316 0.1871671 0.1199507 0.18169646 0.15466054 0.07784448 0.07683724 0.08787473 0.14540341 0.075005345 0.10958666 0.120468 0.17044216 0.11587339 0.13188307 0.28689444 0.11191356 0.07362211 0.3609228 0.063855045 0.103738435 0.35725078 0.11470684 0.17926204 0.09381326 0.118834145 0.15668324 0.10213737 0.26208857 0.13295974 0.14021713 0.16964872 0.15663086 0.05561766 0.10868848 0.14483756 0.12965168 0.15792109 0.09356489 0.09812525 0.17460458 0.090634234 0.077037744 0.09481149 0.069719866 0.062468316 0.15858519 0.08573424 0.12655218 0.15276928 0.058942117 0.1563025 0.2658181 0.16033773 0.08535893 0.15486054 0.078918114 0.1049492 0.077665016 0.092151046 0.09533411 0.10627801 0.19572832 0.1816172 0.08875841 0.081940345 0.14768596 0.18867333 0.08119712 0.08821947 0.08728641 0.15866719 0.19766065 0.18768072 0.22037198 0.27141398 0.1538563 0.057696093 0.06849855 0.071071014 0.10255181 0.10588139 0.20320025 0.07185989 0.1418232 0.07826339 0.06553843 0.08438533 0.074864514 0.25581303 0.17309396 0.081861205 0.080299295 0.119537495 0.17061141 0.114599384 0.2774912 0.08898871 0.1406208 0.10649628 0.10793903 0.09557463 0.15748547 0.10359138,0.08996329 0.09567859 0.06267872 0.22039056 0.097305365 0.060592815 0.14470379 0.08265315 0.05994103 0.075584695 0.06253003 0.10018367 0.10029873 0.11748469 0.15350515 0.12631565 0.103065215 0.18954922 0.0851098 0.08584425 0.27752903 0.0889631 0.083370574 0.13522579 0.15204735 0.11728708 0.10925676 0.17693518 0.074888326 0.22572954 0.144073 0.109478064 0.04619974 0.09024486 0.09512213 0.13202755 0.3084893 0.08646049 0.11676131 0.30578047 0.13350126 0.07749682 0.07259226 0.07803394 0.20154 0.09824431 0.12039294 0.18136711 0.10871696 0.1685581 0.14951585 0.16888736 0.061271593 0.072594546 0.17686431 0.08413341 0.13099207 0.090935 0.04851029 0.06542871 0.15590827 0.06626724 0.15033042 0.080287024 0.13827649 0.15036508 0.207368 0.14594914 0.09217227 0.17922471 0.05026929 0.02498666 0.13784257 0.074041285 0.14179403 0.0894478 0.080282904 0.14521703 0.07932785 0.070706815 0.09972282 0.06868747 0.17448384 0.12610392 0.11630896 0.06612706 0.1879598 0.2298779 0.28747422 0.067583494 0.07012735 0.20651123 0.28628278 0.09660261 0.08289615 0.071697794 0.11564686 0.074529715 0.049036823 0.14368251 0.2330197 0.099886164 0.09828612 0.11022328 0.08536259 0.25232178 0.052872296 0.2554018 0.24168673 0.055321425 0.081977285 0.086283095 0.06889927 0.2366684 0.3307455 0.09910127 0.047483586 0.2142862 0.13027577 0.14561601 0.24490729 0.19983278 0.22179335 0.08781491 0.106944695 0.06662038 0.12215725 0.18860294 0.07750896 0.04054131 0.14709198 0.10241652 0.075848415 0.12050268 0.15946184 0.12852909 0.102128565 0.20100151 0.0817184 0.20233364 0.073118046 0.057039436 0.08127842 0.14589064 0.11885712 0.22761834 0.106298804 0.087770134 0.32812062 0.10222678 0.1351089 0.057929892 0.14098595 0.18714425 0.11993606 0.18167429 0.15464167 0.07783498 0.07682787 0.087864004 0.14538567 0.074996196 0.10957329 0.12045329 0.17042136 0.11585925 0.13186698 0.16137373 0.111899905 0.07361312 0.36087877 0.06384725 0.103725776 0.35720718 0.11469284 0.17924017 0.09380182 0.11881965 0.15666412 0.10212491 0.26205656 0.13294351 0.1402 0.16962801 0.15661174 0.055610873 0.10867521 0.14481989 0.12963586 0.15790181 0.093553476 0.09811327 0.17458327 0.09062318 0.07702834 0.09479992 0.06971136 0.06246069 0.15856583 0.08572377 0.12653673 0.15275064 0.058934923 0.15628342 0.26578566 0.16031817 0.08534852 0.15484163 0.07890849 0.10493639 0.07765554 0.092139795 0.09532248 0.10626504 0.19570443 0.18159503 0.088747576 0.08193035 0.14766794 0.18865031 0.08118721 0.088208705 0.08727576 0.15864782 0.19763653 0.18765782 0.22034508 0.27138084 0.15383753 0.057689052 0.06849019 0.07106234 0.10253929 0.105868466 0.20317546 0.07185112 0.1418059 0.078253835 0.065530434 0.08437503 0.07485537 0.25578183 0.17307284 0.081851214 0.08028949 0.11952291 0.17059058 0.1145854 0.27745733 0.08897785 0.14060365 0.10648328 0.107925855 0.09556297 0.15746625 0.10357874,,
690,3x3x256x256,0.08997427 0.09569027 0.06268637 0.22041745 0.09731724 0.060600214 0.14472146 0.08266324 0.059948348 0.07559392 0.06253767 0.1001959 0.100310974 0.11749902 0.15352389 0.12633106 0.1030778 0.18957235 0.08512019 0.08585473 0.2775629 0.08897396 0.08338075 0.13524228 0.15206592 0.1173014 0.109270096 0.17695679 0.07489747 0.22575709 0.14409058 0.10949143 0.046205375 0.09025588 0.095133744 0.13204367 0.30852696 0.08647105 0.116775565 0.3058178 0.13351755 0.077506274 0.07260112 0.07804347 0.2015646 0.098256305 0.12040764 0.18138924 0.10873023 0.16857867 0.14953409 0.16890799 0.06127907 0.072603405 0.17688589 0.08414368 0.13100806 0.09094609 0.048516214 0.0654367 0.1559273 0.06627532 0.15034878 0.08029683 0.13829336 0.15038343 0.2073933 0.14596696 0.09218352 0.17924659 0.050275426 0.024989711 0.13785939 0.07405032 0.14181134 0.08945872 0.0802927 0.14523476 0.07933753 0.07071545 0.099734984 0.06869585 0.17450513 0.12611932 0.11632316 0.06613514 0.18798274 0.22990596 0.28750932 0.06759174 0.070135914 0.20653643 0.28631774 0.0966144 0.08290627 0.07170654 0.11566097 0.07453881 0.049042806 0.14370005 0.23304813 0.09989836 0.09829812 0.11023673 0.085373014 0.2523526 0.052878752 0.25543296 0.24171622 0.055328175 0.08198729 0.08629363 0.06890767 0.23669727 0.33078584 0.09911337 0.047489382 0.21431234 0.13029167 0.14563377 0.24493718 0.19985718 0.22182041 0.087825626 0.10695775 0.066628516 0.12217216 0.18862596 0.077518426 0.04054626 0.14710994 0.102429025 0.07585767 0.12051739 0.1594813 0.12854478 0.10214103 0.20102605 0.08172837 0.20235835 0.07312697 0.0570464 0.08128834 0.14590845 0.11887163 0.22764613 0.10631178 0.08778085 0.32816067 0.10223925 0.13512538 0.057936963 0.14100316 0.1871671 0.1199507 0.18169646 0.15466054 0.07784448 0.07683724 0.08787473 0.14540341 0.075005345 0.10958666 0.120468 0.17044216 0.11587339 0.13188307 0.28689444 0.11191356 0.07362211 0.3609228 0.063855045 0.103738435 0.35725078 0.11470684 0.17926204 0.09381326 0.118834145 0.15668324 0.10213737 0.26208857 0.13295974 0.14021713 0.16964872 0.15663086 0.05561766 0.10868848 0.14483756 0.12965168 0.15792109 0.09356489 0.09812525 0.17460458 0.090634234 0.077037744 0.09481149 0.069719866 0.062468316 0.15858519 0.08573424 0.12655218 0.15276928 0.058942117 0.1563025 0.2658181 0.16033773 0.08535893 0.15486054 0.078918114 0.1049492 0.077665016 0.092151046 0.09533411 0.10627801 0.19572832 0.1816172 0.08875841 0.081940345 0.14768596 0.18867333 0.08119712 0.08821947 0.08728641 0.15866719 0.19766065 0.18768072 0.22037198 0.27141398 0.1538563 0.057696093 0.06849855 0.071071014 0.10255181 0.10588139 0.20320025 0.07185989 0.1418232 0.07826339 0.06553843 0.08438533 0.074864514 0.25581303 0.17309396 0.081861205 0.080299295 0.119537495 0.17061141 0.114599384 0.2774912 0.08898871 0.1406208 0.10649628 0.10793903 0.09557463 0.15748547 0.10359138,0.08996329 0.09567859 0.06267872 0.22039056 0.097305365 0.060592815 0.14470379 0.08265315 0.05994103 0.075584695 0.06253003 0.10018367 0.10029873 0.11748469 0.15350515 0.12631565 0.103065215 0.18954922 0.0851098 0.08584425 0.27752903 0.0889631 0.083370574 0.13522579 0.15204735 0.11728708 0.10925676 0.17693518 0.074888326 0.22572954 0.144073 0.109478064 0.04619974 0.09024486 0.09512213 0.13202755 0.3084893 0.08646049 0.11676131 0.30578047 0.13350126 0.07749682 0.07259226 0.07803394 0.20154 0.09824431 0.12039294 0.18136711 0.10871696 0.1685581 0.14951585 0.16888736 0.061271593 0.072594546 0.17686431 0.08413341 0.13099207 0.090935 0.04851029 0.06542871 0.15590827 0.06626724 0.15033042 0.080287024 0.13827649 0.15036508 0.207368 0.14594914 0.09217227 0.17922471 0.05026929 0.02498666 0.13784257 0.074041285 0.14179403 0.0894478 0.080282904 0.14521703 0.07932785 0.070706815 0.09972282 0.06868747 0.17448384 0.12610392 0.11630896 0.06612706 0.1879598 0.2298779 0.28747422 0.067583494 0.07012735 0.20651123 0.28628278 0.09660261 0.08289615 0.071697794 0.11564686 0.074529715 0.049036823 0.14368251 0.2330197 0.099886164 0.09828612 0.11022328 0.08536259 0.25232178 0.052872296 0.2554018 0.24168673 0.055321425 0.081977285 0.086283095 0.06889927 0.2366684 0.3307455 0.09910127 0.047483586 0.2142862 0.13027577 0.14561601 0.24490729 0.19983278 0.22179335 0.08781491 0.106944695 0.06662038 0.12215725 0.18860294 0.07750896 0.04054131 0.14709198 0.10241652 0.075848415 0.12050268 0.15946184 0.12852909 0.102128565 0.20100151 0.0817184 0.20233364 0.073118046 0.057039436 0.08127842 0.14589064 0.11885712 0.22761834 0.106298804 0.087770134 0.32812062 0.10222678 0.1351089 0.057929892 0.14098595 0.18714425 0.11993606 0.18167429 0.15464167 0.07783498 0.07682787 0.087864004 0.14538567 0.074996196 0.10957329 0.12045329 0.17042136 0.11585925 0.13186698 0.16137373 0.111899905 0.07361312 0.36087877 0.06384725 0.103725776 0.35720718 0.11469284 0.17924017 0.09380182 0.11881965 0.15666412 0.10212491 0.26205656 0.13294351 0.1402 0.16962801 0.15661174 0.055610873 0.10867521 0.14481989 0.12963586 0.15790181 0.093553476 0.09811327 0.17458327 0.09062318 0.07702834 0.09479992 0.06971136 0.06246069 0.15856583 0.08572377 0.12653673 0.15275064 0.058934923 0.15628342 0.26578566 0.16031817 0.08534852 0.15484163 0.07890849 0.10493639 0.07765554 0.092139795 0.09532248 0.10626504 0.19570443 0.18159503 0.088747576 0.08193035 0.14766794 0.18865031 0.08118721 0.088208705 0.08727576 0.15864782 0.19763653 0.18765782 0.22034508 0.27138084 0.15383753 0.057689052 0.06849019 0.07106234 0.10253929 0.105868466 0.20317546 0.07185112 0.1418059 0.078253835 0.065530434 0.08437503 0.07485537 0.25578183 0.17307284 0.081851214 0.08028949 0.11952291 0.17059058 0.1145854 0.27745733 0.08897785 0.14060365 0.10648328 0.107925855 0.09556297 0.15746625 0.10357874,,
694,3x3x256x256,0.08997427 0.09569027 0.06268637 0.22041745 0.09731724 0.060600214 0.14472146 0.08266324 0.059948348 0.07559392 0.06253767 0.1001959 0.100310974 0.11749902 0.15352389 0.12633106 0.1030778 0.18957235 0.08512019 0.08585473 0.2775629 0.08897396 0.08338075 0.13524228 0.15206592 0.1173014 0.109270096 0.17695679 0.07489747 0.22575709 0.14409058 0.10949143 0.046205375 0.09025588 0.095133744 0.13204367 0.30852696 0.08647105 0.116775565 0.3058178 0.13351755 0.077506274 0.07260112 0.07804347 0.2015646 0.098256305 0.12040764 0.18138924 0.10873023 0.16857867 0.14953409 0.16890799 0.06127907 0.072603405 0.17688589 0.08414368 0.13100806 0.09094609 0.048516214 0.0654367 0.1559273 0.06627532 0.15034878 0.08029683 0.13829336 0.15038343 0.2073933 0.14596696 0.09218352 0.17924659 0.050275426 0.024989711 0.13785939 0.07405032 0.14181134 0.08945872 0.0802927 0.14523476 0.07933753 0.07071545 0.099734984 0.06869585 0.17450513 0.12611932 0.11632316 0.06613514 0.18798274 0.22990596 0.28750932 0.06759174 0.070135914 0.20653643 0.28631774 0.0966144 0.08290627 0.07170654 0.11566097 0.07453881 0.049042806 0.14370005 0.23304813 0.09989836 0.09829812 0.11023673 0.085373014 0.2523526 0.052878752 0.25543296 0.24171622 0.055328175 0.08198729 0.08629363 0.06890767 0.23669727 0.33078584 0.09911337 0.047489382 0.21431234 0.13029167 0.14563377 0.24493718 0.19985718 0.22182041 0.087825626 0.10695775 0.066628516 0.12217216 0.18862596 0.077518426 0.04054626 0.14710994 0.102429025 0.07585767 0.12051739 0.1594813 0.12854478 0.10214103 0.20102605 0.08172837 0.20235835 0.07312697 0.0570464 0.08128834 0.14590845 0.11887163 0.22764613 0.10631178 0.08778085 0.32816067 0.10223925 0.13512538 0.057936963 0.14100316 0.1871671 0.1199507 0.18169646 0.15466054 0.07784448 0.07683724 0.08787473 0.14540341 0.075005345 0.10958666 0.120468 0.17044216 0.11587339 0.13188307 0.28689444 0.11191356 0.07362211 0.3609228 0.063855045 0.103738435 0.35725078 0.11470684 0.17926204 0.09381326 0.118834145 0.15668324 0.10213737 0.26208857 0.13295974 0.14021713 0.16964872 0.15663086 0.05561766 0.10868848 0.14483756 0.12965168 0.15792109 0.09356489 0.09812525 0.17460458 0.090634234 0.077037744 0.09481149 0.069719866 0.062468316 0.15858519 0.08573424 0.12655218 0.15276928 0.058942117 0.1563025 0.2658181 0.16033773 0.08535893 0.15486054 0.078918114 0.1049492 0.077665016 0.092151046 0.09533411 0.10627801 0.19572832 0.1816172 0.08875841 0.081940345 0.14768596 0.18867333 0.08119712 0.08821947 0.08728641 0.15866719 0.19766065 0.18768072 0.22037198 0.27141398 0.1538563 0.057696093 0.06849855 0.071071014 0.10255181 0.10588139 0.20320025 0.07185989 0.1418232 0.07826339 0.06553843 0.08438533 0.074864514 0.25581303 0.17309396 0.081861205 0.080299295 0.119537495 0.17061141 0.114599384 0.2774912 0.08898871 0.1406208 0.10649628 0.10793903 0.09557463 0.15748547 0.10359138,0.08996329 0.09567859 0.06267872 0.22039056 0.097305365 0.060592815 0.14470379 0.08265315 0.05994103 0.075584695 0.06253003 0.10018367 0.10029873 0.11748469 0.15350515 0.12631565 0.103065215 0.18954922 0.0851098 0.08584425 0.27752903 0.0889631 0.083370574 0.13522579 0.15204735 0.11728708 0.10925676 0.17693518 0.074888326 0.22572954 0.144073 0.109478064 0.04619974 0.09024486 0.09512213 0.13202755 0.3084893 0.08646049 0.11676131 0.30578047 0.13350126 0.07749682 0.07259226 0.07803394 0.20154 0.09824431 0.12039294 0.18136711 0.10871696 0.1685581 0.14951585 0.16888736 0.061271593 0.072594546 0.17686431 0.08413341 0.13099207 0.090935 0.04851029 0.06542871 0.15590827 0.06626724 0.15033042 0.080287024 0.13827649 0.15036508 0.207368 0.14594914 0.09217227 0.17922471 0.05026929 0.02498666 0.13784257 0.074041285 0.14179403 0.0894478 0.080282904 0.14521703 0.07932785 0.070706815 0.09972282 0.06868747 0.17448384 0.12610392 0.11630896 0.06612706 0.1879598 0.2298779 0.28747422 0.067583494 0.07012735 0.20651123 0.28628278 0.09660261 0.08289615 0.071697794 0.11564686 0.074529715 0.049036823 0.14368251 0.2330197 0.099886164 0.09828612 0.11022328 0.08536259 0.25232178 0.052872296 0.2554018 0.24168673 0.055321425 0.081977285 0.086283095 0.06889927 0.2366684 0.3307455 0.09910127 0.047483586 0.2142862 0.13027577 0.14561601 0.24490729 0.19983278 0.22179335 0.08781491 0.106944695 0.06662038 0.12215725 0.18860294 0.07750896 0.04054131 0.14709198 0.10241652 0.075848415 0.12050268 0.15946184 0.12852909 0.102128565 0.20100151 0.0817184 0.20233364 0.073118046 0.057039436 0.08127842 0.14589064 0.11885712 0.22761834 0.106298804 0.087770134 0.32812062 0.10222678 0.1351089 0.057929892 0.14098595 0.18714425 0.11993606 0.18167429 0.15464167 0.07783498 0.07682787 0.087864004 0.14538567 0.074996196 0.10957329 0.12045329 0.17042136 0.11585925 0.13186698 0.16137373 0.111899905 0.07361312 0.36087877 0.06384725 0.103725776 0.35720718 0.11469284 0.17924017 0.09380182 0.11881965 0.15666412 0.10212491 0.26205656 0.13294351 0.1402 0.16962801 0.15661174 0.055610873 0.10867521 0.14481989 0.12963586 0.15790181 0.093553476 0.09811327 0.17458327 0.09062318 0.07702834 0.09479992 0.06971136 0.06246069 0.15856583 0.08572377 0.12653673 0.15275064 0.058934923 0.15628342 0.26578566 0.16031817 0.08534852 0.15484163 0.07890849 0.10493639 0.07765554 0.092139795 0.09532248 0.10626504 0.19570443 0.18159503 0.088747576 0.08193035 0.14766794 0.18865031 0.08118721 0.088208705 0.08727576 0.15864782 0.19763653 0.18765782 0.22034508 0.27138084 0.15383753 0.057689052 0.06849019 0.07106234 0.10253929 0.105868466 0.20317546 0.07185112 0.1418059 0.078253835 0.065530434 0.08437503 0.07485537 0.25578183 0.17307284 0.081851214 0.08028949 0.11952291 0.17059058 0.1145854 0.27745733 0.08897785 0.14060365 0.10648328 0.107925855 0.09556297 0.15746625 0.10357874,,
698,3x3x256x256,0.08997427 0.09569027 0.06268637 0.22041745 0.09731724 0.060600214 0.14472146 0.08266324 0.059948348 0.07559392 0.06253767 0.1001959 0.100310974 0.11749902 0.15352389 0.12633106 0.1030778 0.18957235 0.08512019 0.08585473 0.2775629 0.08897396 0.08338075 0.13524228 0.15206592 0.1173014 0.109270096 0.17695679 0.07489747 0.22575709 0.14409058 0.10949143 0.046205375 0.09025588 0.095133744 0.13204367 0.30852696 0.08647105 0.116775565 0.3058178 0.13351755 0.077506274 0.07260112 0.07804347 0.2015646 0.098256305 0.12040764 0.18138924 0.10873023 0.16857867 0.14953409 0.16890799 0.06127907 0.072603405 0.17688589 0.08414368 0.13100806 0.09094609 0.048516214 0.0654367 0.1559273 0.06627532 0.15034878 0.08029683 0.13829336 0.15038343 0.2073933 0.14596696 0.09218352 0.17924659 0.050275426 0.024989711 0.13785939 0.07405032 0.14181134 0.08945872 0.0802927 0.14523476 0.07933753 0.07071545 0.099734984 0.06869585 0.17450513 0.12611932 0.11632316 0.06613514 0.18798274 0.22990596 0.28750932 0.06759174 0.070135914 0.20653643 0.28631774 0.0966144 0.08290627 0.07170654 0.11566097 0.07453881 0.049042806 0.14370005 0.23304813 0.09989836 0.09829812 0.11023673 0.085373014 0.2523526 0.052878752 0.25543296 0.24171622 0.055328175 0.08198729 0.08629363 0.06890767 0.23669727 0.33078584 0.09911337 0.047489382 0.21431234 0.13029167 0.14563377 0.24493718 0.19985718 0.22182041 0.087825626 0.10695775 0.066628516 0.12217216 0.18862596 0.077518426 0.04054626 0.14710994 0.102429025 0.07585767 0.12051739 0.1594813 0.12854478 0.10214103 0.20102605 0.08172837 0.20235835 0.07312697 0.0570464 0.08128834 0.14590845 0.11887163 0.22764613 0.10631178 0.08778085 0.32816067 0.10223925 0.13512538 0.057936963 0.14100316 0.1871671 0.1199507 0.18169646 0.15466054 0.07784448 0.07683724 0.08787473 0.14540341 0.075005345 0.10958666 0.120468 0.17044216 0.11587339 0.13188307 0.28689444 0.11191356 0.07362211 0.3609228 0.063855045 0.103738435 0.35725078 0.11470684 0.17926204 0.09381326 0.118834145 0.15668324 0.10213737 0.26208857 0.13295974 0.14021713 0.16964872 0.15663086 0.05561766 0.10868848 0.14483756 0.12965168 0.15792109 0.09356489 0.09812525 0.17460458 0.090634234 0.077037744 0.09481149 0.069719866 0.062468316 0.15858519 0.08573424 0.12655218 0.15276928 0.058942117 0.1563025 0.2658181 0.16033773 0.08535893 0.15486054 0.078918114 0.1049492 0.077665016 0.092151046 0.09533411 0.10627801 0.19572832 0.1816172 0.08875841 0.081940345 0.14768596 0.18867333 0.08119712 0.08821947 0.08728641 0.15866719 0.19766065 0.18768072 0.22037198 0.27141398 0.1538563 0.057696093 0.06849855 0.071071014 0.10255181 0.10588139 0.20320025 0.07185989 0.1418232 0.07826339 0.06553843 0.08438533 0.074864514 0.25581303 0.17309396 0.081861205 0.080299295 0.119537495 0.17061141 0.114599384 0.2774912 0.08898871 0.1406208 0.10649628 0.10793903 0.09557463 0.15748547 0.10359138,0.08996329 0.09567859 0.06267872 0.22039056 0.097305365 0.060592815 0.14470379 0.08265315 0.05994103 0.075584695 0.06253003 0.10018367 0.10029873 0.11748469 0.15350515 0.12631565 0.103065215 0.18954922 0.0851098 0.08584425 0.27752903 0.0889631 0.083370574 0.13522579 0.15204735 0.11728708 0.10925676 0.17693518 0.074888326 0.22572954 0.144073 0.109478064 0.04619974 0.09024486 0.09512213 0.13202755 0.3084893 0.08646049 0.11676131 0.30578047 0.13350126 0.07749682 0.07259226 0.07803394 0.20154 0.09824431 0.12039294 0.18136711 0.10871696 0.1685581 0.14951585 0.16888736 0.061271593 0.072594546 0.17686431 0.08413341 0.13099207 0.090935 0.04851029 0.06542871 0.15590827 0.06626724 0.15033042 0.080287024 0.13827649 0.15036508 0.207368 0.14594914 0.09217227 0.17922471 0.05026929 0.02498666 0.13784257 0.074041285 0.14179403 0.0894478 0.080282904 0.14521703 0.07932785 0.070706815 0.09972282 0.06868747 0.17448384 0.12610392 0.11630896 0.06612706 0.1879598 0.2298779 0.28747422 0.067583494 0.07012735 0.20651123 0.28628278 0.09660261 0.08289615 0.071697794 0.11564686 0.074529715 0.049036823 0.14368251 0.2330197 0.099886164 0.09828612 0.11022328 0.08536259 0.25232178 0.052872296 0.2554018 0.24168673 0.055321425 0.081977285 0.086283095 0.06889927 0.2366684 0.3307455 0.09910127 0.047483586 0.2142862 0.13027577 0.14561601 0.24490729 0.19983278 0.22179335 0.08781491 0.106944695 0.06662038 0.12215725 0.18860294 0.07750896 0.04054131 0.14709198 0.10241652 0.075848415 0.12050268 0.15946184 0.12852909 0.102128565 0.20100151 0.0817184 0.20233364 0.073118046 0.057039436 0.08127842 0.14589064 0.11885712 0.22761834 0.106298804 0.087770134 0.32812062 0.10222678 0.1351089 0.057929892 0.14098595 0.18714425 0.11993606 0.18167429 0.15464167 0.07783498 0.07682787 0.087864004 0.14538567 0.074996196 0.10957329 0.12045329 0.17042136 0.11585925 0.13186698 0.16137373 0.111899905 0.07361312 0.36087877 0.06384725 0.103725776 0.35720718 0.11469284 0.17924017 0.09380182 0.11881965 0.15666412 0.10212491 0.26205656 0.13294351 0.1402 0.16962801 0.15661174 0.055610873 0.10867521 0.14481989 0.12963586 0.15790181 0.093553476 0.09811327 0.17458327 0.09062318 0.07702834 0.09479992 0.06971136 0.06246069 0.15856583 0.08572377 0.12653673 0.15275064 0.058934923 0.15628342 0.26578566 0.16031817 0.08534852 0.15484163 0.07890849 0.10493639 0.07765554 0.092139795 0.09532248 0.10626504 0.19570443 0.18159503 0.088747576 0.08193035 0.14766794 0.18865031 0.08118721 0.088208705 0.08727576 0.15864782 0.19763653 0.18765782 0.22034508 0.27138084 0.15383753 0.057689052 0.06849019 0.07106234 0.10253929 0.105868466 0.20317546 0.07185112 0.1418059 0.078253835 0.065530434 0.08437503 0.07485537 0.25578183 0.17307284 0.081851214 0.08028949 0.11952291 0.17059058 0.1145854 0.27745733 0.08897785 0.14060365 0.10648328 0.107925855 0.09556297 0.15746625 0.10357874,,
702,3x3x256x256,0.08997427 0.09569027 0.06268637 0.22041745 0.09731724 0.060600214 0.14472146 0.08266324 0.059948348 0.07559392 0.06253767 0.1001959 0.100310974 0.11749902 0.15352389 0.12633106 0.1030778 0.18957235 0.08512019 0.08585473 0.2775629 0.08897396 0.08338075 0.13524228 0.15206592 0.1173014 0.109270096 0.17695679 0.07489747 0.22575709 0.14409058 0.10949143 0.046205375 0.09025588 0.095133744 0.13204367 0.30852696 0.08647105 0.116775565 0.3058178 0.13351755 0.077506274 0.07260112 0.07804347 0.2015646 0.098256305 0.12040764 0.18138924 0.10873023 0.16857867 0.14953409 0.16890799 0.06127907 0.072603405 0.17688589 0.08414368 0.13100806 0.09094609 0.048516214 0.0654367 0.1559273 0.06627532 0.15034878 0.08029683 0.13829336 0.15038343 0.2073933 0.14596696 0.09218352 0.17924659 0.050275426 0.024989711 0.13785939 0.07405032 0.14181134 0.08945872 0.0802927 0.14523476 0.07933753 0.07071545 0.099734984 0.06869585 0.17450513 0.12611932 0.11632316 0.06613514 0.18798274 0.22990596 0.28750932 0.06759174 0.070135914 0.20653643 0.28631774 0.0966144 0.08290627 0.07170654 0.11566097 0.07453881 0.049042806 0.14370005 0.23304813 0.09989836 0.09829812 0.11023673 0.085373014 0.2523526 0.052878752 0.25543296 0.24171622 0.055328175 0.08198729 0.08629363 0.06890767 0.23669727 0.33078584 0.09911337 0.047489382 0.21431234 0.13029167 0.14563377 0.24493718 0.19985718 0.22182041 0.087825626 0.10695775 0.066628516 0.12217216 0.18862596 0.077518426 0.04054626 0.14710994 0.102429025 0.07585767 0.12051739 0.1594813 0.12854478 0.10214103 0.20102605 0.08172837 0.20235835 0.07312697 0.0570464 0.08128834 0.14590845 0.11887163 0.22764613 0.10631178 0.08778085 0.32816067 0.10223925 0.13512538 0.057936963 0.14100316 0.1871671 0.1199507 0.18169646 0.15466054 0.07784448 0.07683724 0.08787473 0.14540341 0.075005345 0.10958666 0.120468 0.17044216 0.11587339 0.13188307 0.28689444 0.11191356 0.07362211 0.3609228 0.063855045 0.103738435 0.35725078 0.11470684 0.17926204 0.09381326 0.118834145 0.15668324 0.10213737 0.26208857 0.13295974 0.14021713 0.16964872 0.15663086 0.05561766 0.10868848 0.14483756 0.12965168 0.15792109 0.09356489 0.09812525 0.17460458 0.090634234 0.077037744 0.09481149 0.069719866 0.062468316 0.15858519 0.08573424 0.12655218 0.15276928 0.058942117 0.1563025 0.2658181 0.16033773 0.08535893 0.15486054 0.078918114 0.1049492 0.077665016 0.092151046 0.09533411 0.10627801 0.19572832 0.1816172 0.08875841 0.081940345 0.14768596 0.18867333 0.08119712 0.08821947 0.08728641 0.15866719 0.19766065 0.18768072 0.22037198 0.27141398 0.1538563 0.057696093 0.06849855 0.071071014 0.10255181 0.10588139 0.20320025 0.07185989 0.1418232 0.07826339 0.06553843 0.08438533 0.074864514 0.25581303 0.17309396 0.081861205 0.080299295 0.119537495 0.17061141 0.114599384 0.2774912 0.08898871 0.1406208 0.10649628 0.10793903 0.09557463 0.15748547 0.10359138,0.08996329 0.09567859 0.06267872 0.22039056 0.097305365 0.060592815 0.14470379 0.08265315 0.05994103 0.075584695 0.06253003 0.10018367 0.10029873 0.11748469 0.15350515 0.12631565 0.103065215 0.18954922 0.0851098 0.08584425 0.27752903 0.0889631 0.083370574 0.13522579 0.15204735 0.11728708 0.10925676 0.17693518 0.074888326 0.22572954 0.144073 0.109478064 0.04619974 0.09024486 0.09512213 0.13202755 0.3084893 0.08646049 0.11676131 0.30578047 0.13350126 0.07749682 0.07259226 0.07803394 0.20154 0.09824431 0.12039294 0.18136711 0.10871696 0.1685581 0.14951585 0.16888736 0.061271593 0.072594546 0.17686431 0.08413341 0.13099207 0.090935 0.04851029 0.06542871 0.15590827 0.06626724 0.15033042 0.080287024 0.13827649 0.15036508 0.207368 0.14594914 0.09217227 0.17922471 0.05026929 0.02498666 0.13784257 0.074041285 0.14179403 0.0894478 0.080282904 0.14521703 0.07932785 0.070706815 0.09972282 0.06868747 0.17448384 0.12610392 0.11630896 0.06612706 0.1879598 0.2298779 0.28747422 0.067583494 0.07012735 0.20651123 0.28628278 0.09660261 0.08289615 0.071697794 0.11564686 0.074529715 0.049036823 0.14368251 0.2330197 0.099886164 0.09828612 0.11022328 0.08536259 0.25232178 0.052872296 0.2554018 0.24168673 0.055321425 0.081977285 0.086283095 0.06889927 0.2366684 0.3307455 0.09910127 0.047483586 0.2142862 0.13027577 0.14561601 0.24490729 0.19983278 0.22179335 0.08781491 0.106944695 0.06662038 0.12215725 0.18860294 0.07750896 0.04054131 0.14709198 0.10241652 0.075848415 0.12050268 0.15946184 0.12852909 0.102128565 0.20100151 0.0817184 0.20233364 0.073118046 0.057039436 0.08127842 0.14589064 0.11885712 0.22761834 0.106298804 0.087770134 0.32812062 0.10222678 0.1351089 0.057929892 0.14098595 0.18714425 0.11993606 0.18167429 0.15464167 0.07783498 0.07682787 0.087864004 0.14538567 0.074996196 0.10957329 0.12045329 0.17042136 0.11585925 0.13186698 0.16137373 0.111899905 0.07361312 0.36087877 0.06384725 0.103725776 0.35720718 0.11469284 0.17924017 0.09380182 0.11881965 0.15666412 0.10212491 0.26205656 0.13294351 0.1402 0.16962801 0.15661174 0.055610873 0.10867521 0.14481989 0.12963586 0.15790181 0.093553476 0.09811327 0.17458327 0.09062318 0.07702834 0.09479992 0.06971136 0.06246069 0.15856583 0.08572377 0.12653673 0.15275064 0.058934923 0.15628342 0.26578566 0.16031817 0.08534852 0.15484163 0.07890849 0.10493639 0.07765554 0.092139795 0.09532248 0.10626504 0.19570443 0.18159503 0.088747576 0.08193035 0.14766794 0.18865031 0.08118721 0.088208705 0.08727576 0.15864782 0.19763653 0.18765782 0.22034508 0.27138084 0.15383753 0.057689052 0.06849019 0.07106234 0.10253929 0.105868466 0.20317546 0.07185112 0.1418059 0.078253835 0.065530434 0.08437503 0.07485537 0.25578183 0.17307284 0.081851214 0.08028949 0.11952291 0.17059058 0.1145854 0.27745733 0.08897785 0.14060365 0.10648328 0.107925855 0.09556297 0.15746625 0.10357874,,
706,3x3x256x256,0.08997427 0.09569027 0.06268637 0.22041745 0.09731724 0.060600214 0.14472146 0.08266324 0.059948348 0.07559392 0.06253767 0.1001959 0.100310974 0.11749902 0.15352389 0.12633106 0.1030778 0.18957235 0.08512019 0.08585473 0.2775629 0.08897396 0.08338075 0.13524228 0.15206592 0.1173014 0.109270096 0.17695679 0.07489747 0.22575709 0.14409058 0.10949143 0.046205375 0.09025588 0.095133744 0.13204367 0.30852696 0.08647105 0.116775565 0.3058178 0.13351755 0.077506274 0.07260112 0.07804347 0.2015646 0.098256305 0.12040764 0.18138924 0.10873023 0.16857867 0.14953409 0.16890799 0.06127907 0.072603405 0.17688589 0.08414368 0.13100806 0.09094609 0.048516214 0.0654367 0.1559273 0.06627532 0.15034878 0.08029683 0.13829336 0.15038343 0.2073933 0.14596696 0.09218352 0.17924659 0.050275426 0.024989711 0.13785939 0.07405032 0.14181134 0.08945872 0.0802927 0.14523476 0.07933753 0.07071545 0.099734984 0.06869585 0.17450513 0.12611932 0.11632316 0.06613514 0.18798274 0.22990596 0.28750932 0.06759174 0.070135914 0.20653643 0.28631774 0.0966144 0.08290627 0.07170654 0.11566097 0.07453881 0.049042806 0.14370005 0.23304813 0.09989836 0.09829812 0.11023673 0.085373014 0.2523526 0.052878752 0.25543296 0.24171622 0.055328175 0.08198729 0.08629363 0.06890767 0.23669727 0.33078584 0.09911337 0.047489382 0.21431234 0.13029167 0.14563377 0.24493718 0.19985718 0.22182041 0.087825626 0.10695775 0.066628516 0.12217216 0.18862596 0.077518426 0.04054626 0.14710994 0.102429025 0.07585767 0.12051739 0.1594813 0.12854478 0.10214103 0.20102605 0.08172837 0.20235835 0.07312697 0.0570464 0.08128834 0.14590845 0.11887163 0.22764613 0.10631178 0.08778085 0.32816067 0.10223925 0.13512538 0.057936963 0.14100316 0.1871671 0.1199507 0.18169646 0.15466054 0.07784448 0.07683724 0.08787473 0.14540341 0.075005345 0.10958666 0.120468 0.17044216 0.11587339 0.13188307 0.28689444 0.11191356 0.07362211 0.3609228 0.063855045 0.103738435 0.35725078 0.11470684 0.17926204 0.09381326 0.118834145 0.15668324 0.10213737 0.26208857 0.13295974 0.14021713 0.16964872 0.15663086 0.05561766 0.10868848 0.14483756 0.12965168 0.15792109 0.09356489 0.09812525 0.17460458 0.090634234 0.077037744 0.09481149 0.069719866 0.062468316 0.15858519 0.08573424 0.12655218 0.15276928 0.058942117 0.1563025 0.2658181 0.16033773 0.08535893 0.15486054 0.078918114 0.1049492 0.077665016 0.092151046 0.09533411 0.10627801 0.19572832 0.1816172 0.08875841 0.081940345 0.14768596 0.18867333 0.08119712 0.08821947 0.08728641 0.15866719 0.19766065 0.18768072 0.22037198 0.27141398 0.1538563 0.057696093 0.06849855 0.071071014 0.10255181 0.10588139 0.20320025 0.07185989 0.1418232 0.07826339 0.06553843 0.08438533 0.074864514 0.25581303 0.17309396 0.081861205 0.080299295 0.119537495 0.17061141 0.114599384 0.2774912 0.08898871 0.1406208 0.10649628 0.10793903 0.09557463 0.15748547 0.10359138,0.08996329 0.09567859 0.06267872 0.22039056 0.097305365 0.060592815 0.14470379 0.08265315 0.05994103 0.075584695 0.06253003 0.10018367 0.10029873 0.11748469 0.15350515 0.12631565 0.103065215 0.18954922 0.0851098 0.08584425 0.27752903 0.0889631 0.083370574 0.13522579 0.15204735 0.11728708 0.10925676 0.17693518 0.074888326 0.22572954 0.144073 0.109478064 0.04619974 0.09024486 0.09512213 0.13202755 0.3084893 0.08646049 0.11676131 0.30578047 0.13350126 0.07749682 0.07259226 0.07803394 0.20154 0.09824431 0.12039294 0.18136711 0.10871696 0.1685581 0.14951585 0.16888736 0.061271593 0.072594546 0.17686431 0.08413341 0.13099207 0.090935 0.04851029 0.06542871 0.15590827 0.06626724 0.15033042 0.080287024 0.13827649 0.15036508 0.207368 0.14594914 0.09217227 0.17922471 0.05026929 0.02498666 0.13784257 0.074041285 0.14179403 0.0894478 0.080282904 0.14521703 0.07932785 0.070706815 0.09972282 0.06868747 0.17448384 0.12610392 0.11630896 0.06612706 0.1879598 0.2298779 0.28747422 0.067583494 0.07012735 0.20651123 0.28628278 0.09660261 0.08289615 0.071697794 0.11564686 0.074529715 0.049036823 0.14368251 0.2330197 0.099886164 0.09828612 0.11022328 0.08536259 0.25232178 0.052872296 0.2554018 0.24168673 0.055321425 0.081977285 0.086283095 0.06889927 0.2366684 0.3307455 0.09910127 0.047483586 0.2142862 0.13027577 0.14561601 0.24490729 0.19983278 0.22179335 0.08781491 0.106944695 0.06662038 0.12215725 0.18860294 0.07750896 0.04054131 0.14709198 0.10241652 0.075848415 0.12050268 0.15946184 0.12852909 0.102128565 0.20100151 0.0817184 0.20233364 0.073118046 0.057039436 0.08127842 0.14589064 0.11885712 0.22761834 0.106298804 0.087770134 0.32812062 0.10222678 0.1351089 0.057929892 0.14098595 0.18714425 0.11993606 0.18167429 0.15464167 0.07783498 0.07682787 0.087864004 0.14538567 0.074996196 0.10957329 0.12045329 0.17042136 0.11585925 0.13186698 0.16137373 0.111899905 0.07361312 0.36087877 0.06384725 0.103725776 0.35720718 0.11469284 0.17924017 0.09380182 0.11881965 0.15666412 0.10212491 0.26205656 0.13294351 0.1402 0.16962801 0.15661174 0.055610873 0.10867521 0.14481989 0.12963586 0.15790181 0.093553476 0.09811327 0.17458327 0.09062318 0.07702834 0.09479992 0.06971136 0.06246069 0.15856583 0.08572377 0.12653673 0.15275064 0.058934923 0.15628342 0.26578566 0.16031817 0.08534852 0.15484163 0.07890849 0.10493639 0.07765554 0.092139795 0.09532248 0.10626504 0.19570443 0.18159503 0.088747576 0.08193035 0.14766794 0.18865031 0.08118721 0.088208705 0.08727576 0.15864782 0.19763653 0.18765782 0.22034508 0.27138084 0.15383753 0.057689052 0.06849019 0.07106234 0.10253929 0.105868466 0.20317546 0.07185112 0.1418059 0.078253835 0.065530434 0.08437503 0.07485537 0.25578183 0.17307284 0.081851214 0.08028949 0.11952291 0.17059058 0.1145854 0.27745733 0.08897785 0.14060365 0.10648328 0.107925855 0.09556297 0.15746625 0.10357874,,
724,1x1x128x256,0.04577067 0.058301736 0.017329436 0.108836494 0.025193585 0.05241985 0.05063246 0.03213241 0.032248694 0.056507356 0.03260203 0.03124298 0.023309853 0.100420944 0.043630157 0.021616677 0.06750405 0.052688923 0.040197432 0.016889568 0.09468999 0.036690813 0.015707806 0.055650875 0.08291947 0.042766012 0.056282897 0.044586323 0.016696598 0.034589373 0.100274585 0.06435926 0.019022664 0.089650676 0.039191578 0.061399233 0.09665628 0.061881874 0.06390842 0.15511332 0.089005254 0.05120545 0.06304872 0.053418364 0.07827292 0.046535376 0.04265175 0.08474744 0.043352496 0.050841227 0.04512564 0.03479992 0.028683769 0.021857068 0.06772973 0.03238362 0.036898773 0.079610534 0.041259572 0.035170645 0.08524244 0.056894474 0.047924805 0.028562646 0.05016126 0.051128767 0.04999658 0.022886988 0.061520908 0.045770064 0.02689912 0.11871272 0.057996076 0.040777646 0.076212294 0.049504593 0.054096974 0.06308716 0.056354895 0.026848473 0.02555967 0.03294464 0.048933808 0.050324738 0.07483197 0.063587226 0.043442402 0.058635067 0.058794077 0.054058004 0.04467828 0.05541053 0.07976946 0.02438116 0.031881317 0.027100014 0.05683623 0.038430456 0.023379263 0.025044871 0.06015541 0.03802662 0.029956853 0.023714455 0.064799175 0.05629325 0.056779224 0.09112826 0.031167869 0.030041175 0.058002498 0.03770585 0.031047545 0.022928787 0.06938532 0.007031601 0.01644273 0.049703553 0.051777754 0.04362038 0.12783836 0.034979753 0.08862058 0.033862993 0.06734172 0.03929684 0.045984633 0.060876966 0.039361183 0.042891286 0.028605865 0.08349915 0.029419119 0.0901565 0.024573863 0.06161897 0.043005515 0.094452105 0.06571424 0.04727551 0.03942995 0.032541446 0.04340074 0.02187173 0.017915333 0.015982967 0.04331118 0.038211126 0.029412588 0.02365971 0.06557001 0.046273835 0.07511596 0.05855636 0.05630328 0.057442132 0.058063656 0.026530387 0.005444107 0.065093696 0.085225716 0.048357654 0.06067123 0.032674905 0.04336607 0.042039156 0.08702684 0.05052284 0.068765774 0.014540674 0.07071788 0.039930087 0.06567319 0.10454338 0.067408964 0.045868788 0.057130985 0.00357035 0.07135834 0.024565179 0.08841456 0.017779335 0.11581608 0.0059137642 0.10626829 0.05140563 0.056129843 0.06382602 0.014714827 0.090824015 0.042113066 0.04847675 0.02818823 0.06459912 0.055331495 0.04877684 0.027137307 0.06578435 0.03587989 0.03058582 0.050294597 0.05231576 0.03605225 0.064106785 0.071880266 0.061259534 0.011974758 0.043192405 0.025014682 0.1179096 0.053282846 0.044281665 0.038550634 0.0414202 0.09369745 0.03335048 0.017202957 0.042588882 0.026816972 0.020893538 0.019207172 0.070407085 0.042797893 0.025302751 0.019326571 0.04002979 0.10368484 0.037425783 0.068596646 0.009385299 0.014104849 0.05483397 0.03553992 0.059571885 0.020295918 0.06473534 0.04894858 0.028489888 0.0496456 0.037827738 0.039025683 0.113476016 0.078367665 0.16825418 0.039730407 0.0037752585 0.067329384 0.06975169 0.06738917 0.06614514 0.039115775 0.015226255 0.0104587255 0.03993026 0.07217247 0.047145408,0.045765083 0.05829462 0.01732732 0.10882322 0.025190512 0.05241345 0.05062628 0.03212849 0.032244757 0.05650046 0.032598052 0.031239167 0.023307007 0.10040869 0.04362483 0.021614037 0.067495815 0.052682493 0.040192526 0.016887508 0.09467843 0.036686335 0.01570589 0.055644084 0.08290935 0.042760793 0.056276027 0.044580884 0.01669456 0.03458515 0.100262344 0.06435141 0.019020341 0.08963973 0.039186794 0.061391737 0.09664448 0.06187432 0.06390062 0.15509439 0.08899439 0.051199198 0.06304103 0.053411845 0.078263365 0.046529695 0.042646542 0.0847371 0.043347206 0.050835025 0.04512013 0.03479567 0.028680267 0.0218544 0.06772146 0.03237967 0.03689427 0.07960082 0.04125454 0.035166353 0.085232034 0.05688753 0.047918957 0.02855916 0.050155137 0.051122528 0.04999048 0.022884196 0.061513398 0.045764476 0.026895836 0.11869824 0.057988998 0.04077267 0.07620299 0.04949855 0.054090373 0.063079454 0.05634802 0.026845196 0.025556551 0.032940615 0.048927836 0.0503186 0.07482284 0.06357947 0.0434371 0.05862791 0.058786903 0.054051407 0.04467283 0.05540377 0.07975973 0.024378184 0.031877425 0.027096707 0.056829292 0.038425766 0.023376409 0.025041815 0.06014807 0.038021978 0.029953197 0.02371156 0.06479126 0.05628638 0.056772295 0.09111714 0.031164065 0.030037507 0.05799542 0.03770125 0.031043757 0.022925988 0.069376856 0.0070307427 0.016440721 0.049697485 0.051771436 0.043615058 0.12782276 0.034975484 0.08860977 0.033858858 0.067333505 0.03929204 0.04597902 0.060869534 0.039356377 0.042886052 0.028602373 0.08348896 0.02941553 0.0901455 0.024570864 0.06161145 0.043000266 0.09444058 0.065706216 0.047269743 0.039425142 0.032537475 0.04339544 0.021869062 0.017913146 0.015981017 0.043305892 0.03820646 0.029408999 0.023656823 0.06556201 0.046268187 0.075106785 0.05854921 0.05629641 0.05743512 0.05805657 0.026527148 0.0054434426 0.065085754 0.085215315 0.048351754 0.060663827 0.032670915 0.04336078 0.042034026 0.08701622 0.050516676 0.06875738 0.014538899 0.07070924 0.039925214 0.06566518 0.10453062 0.06740074 0.045863193 0.057124015 0.003569914 0.07134963 0.024562182 0.08840377 0.017777165 0.115801945 0.0059130425 0.10625532 0.051399358 0.056122992 0.063818224 0.014713031 0.09081294 0.04210793 0.048470832 0.02818479 0.06459124 0.055324744 0.048770886 0.027133996 0.065776326 0.03587551 0.030582087 0.05028846 0.052309375 0.03604785 0.06409896 0.07187149 0.061252058 0.011973296 0.043187134 0.025011629 0.11789521 0.053276345 0.044276264 0.03854593 0.041415144 0.093686014 0.03334641 0.017200857 0.042583685 0.026813699 0.020890988 0.019204827 0.07039849 0.04279267 0.025299663 0.019324211 0.040024903 0.103672184 0.037421215 0.06858828 0.009384153 0.014103127 0.054827277 0.03553558 0.059564617 0.02029344 0.06472743 0.048942607 0.028486412 0.049639538 0.037823122 0.03902092 0.11346217 0.07835811 0.16823365 0.03972556 0.0037747978 0.06732117 0.06974318 0.06738094 0.06613706 0.039111 0.015224397 0.01045745 0.03992539 0.072163664 0.047139652,,
728,1x1x128x256,0.04577067 0.058301736 0.017329436 0.108836494 0.025193585 0.05241985 0.05063246 0.03213241 0.032248694 0.056507356 0.03260203 0.03124298 0.023309853 0.100420944 0.043630157 0.021616677 0.06750405 0.052688923 0.040197432 0.016889568 0.09468999 0.036690813 0.015707806 0.055650875 0.08291947 0.042766012 0.056282897 0.044586323 0.016696598 0.034589373 0.100274585 0.06435926 0.019022664 0.089650676 0.039191578 0.061399233 0.09665628 0.061881874 0.06390842 0.15511332 0.089005254 0.05120545 0.06304872 0.053418364 0.07827292 0.046535376 0.04265175 0.08474744 0.043352496 0.050841227 0.04512564 0.03479992 0.028683769 0.021857068 0.06772973 0.03238362 0.036898773 0.079610534 0.041259572 0.035170645 0.08524244 0.056894474 0.047924805 0.028562646 0.05016126 0.051128767 0.04999658 0.022886988 0.061520908 0.045770064 0.02689912 0.11871272 0.057996076 0.040777646 0.076212294 0.049504593 0.054096974 0.06308716 0.056354895 0.026848473 0.02555967 0.03294464 0.048933808 0.050324738 0.07483197 0.063587226 0.043442402 0.058635067 0.058794077 0.054058004 0.04467828 0.05541053 0.07976946 0.02438116 0.031881317 0.027100014 0.05683623 0.038430456 0.023379263 0.025044871 0.06015541 0.03802662 0.029956853 0.023714455 0.064799175 0.05629325 0.056779224 0.09112826 0.031167869 0.030041175 0.058002498 0.03770585 0.031047545 0.022928787 0.06938532 0.007031601 0.01644273 0.049703553 0.051777754 0.04362038 0.12783836 0.034979753 0.08862058 0.033862993 0.06734172 0.03929684 0.045984633 0.060876966 0.039361183 0.042891286 0.028605865 0.08349915 0.029419119 0.0901565 0.024573863 0.06161897 0.043005515 0.094452105 0.06571424 0.04727551 0.03942995 0.032541446 0.04340074 0.02187173 0.017915333 0.015982967 0.04331118 0.038211126 0.029412588 0.02365971 0.06557001 0.046273835 0.07511596 0.05855636 0.05630328 0.057442132 0.058063656 0.026530387 0.005444107 0.065093696 0.085225716 0.048357654 0.06067123 0.032674905 0.04336607 0.042039156 0.08702684 0.05052284 0.068765774 0.014540674 0.07071788 0.039930087 0.06567319 0.10454338 0.067408964 0.045868788 0.057130985 0.00357035 0.07135834 0.024565179 0.08841456 0.017779335 0.11581608 0.0059137642 0.10626829 0.05140563 0.056129843 0.06382602 0.014714827 0.090824015 0.042113066 0.04847675 0.02818823 0.06459912 0.055331495 0.04877684 0.027137307 0.06578435 0.03587989 0.03058582 0.050294597 0.05231576 0.03605225 0.064106785 0.071880266 0.061259534 0.011974758 0.043192405 0.025014682 0.1179096 0.053282846 0.044281665 0.038550634 0.0414202 0.09369745 0.03335048 0.017202957 0.042588882 0.026816972 0.020893538 0.019207172 0.070407085 0.042797893 0.025302751 0.019326571 0.04002979 0.10368484 0.037425783 0.068596646 0.009385299 0.014104849 0.05483397 0.03553992 0.059571885 0.020295918 0.06473534 0.04894858 0.028489888 0.0496456 0.037827738 0.039025683 0.113476016 0.078367665 0.16825418 0.039730407 0.0037752585 0.067329384 0.06975169 0.06738917 0.06614514 0.039115775 0.015226255 0.0104587255 0.03993026 0.07217247 0.047145408,0.045765083 0.05829462 0.01732732 0.10882322 0.025190512 0.05241345 0.05062628 0.03212849 0.032244757 0.05650046 0.032598052 0.031239167 0.023307007 0.10040869 0.04362483 0.021614037 0.067495815 0.052682493 0.040192526 0.016887508 0.09467843 0.036686335 0.01570589 0.055644084 0.08290935 0.042760793 0.056276027 0.044580884 0.01669456 0.03458515 0.100262344 0.06435141 0.019020341 0.08963973 0.039186794 0.061391737 0.09664448 0.06187432 0.06390062 0.15509439 0.08899439 0.051199198 0.06304103 0.053411845 0.078263365 0.046529695 0.042646542 0.0847371 0.043347206 0.050835025 0.04512013 0.03479567 0.028680267 0.0218544 0.06772146 0.03237967 0.03689427 0.07960082 0.04125454 0.035166353 0.085232034 0.05688753 0.047918957 0.02855916 0.050155137 0.051122528 0.04999048 0.022884196 0.061513398 0.045764476 0.026895836 0.11869824 0.057988998 0.04077267 0.07620299 0.04949855 0.054090373 0.063079454 0.05634802 0.026845196 0.025556551 0.032940615 0.048927836 0.0503186 0.07482284 0.06357947 0.0434371 0.05862791 0.058786903 0.054051407 0.04467283 0.05540377 0.07975973 0.024378184 0.031877425 0.027096707 0.056829292 0.038425766 0.023376409 0.025041815 0.06014807 0.038021978 0.029953197 0.02371156 0.06479126 0.05628638 0.056772295 0.09111714 0.031164065 0.030037507 0.05799542 0.03770125 0.031043757 0.022925988 0.069376856 0.0070307427 0.016440721 0.049697485 0.051771436 0.043615058 0.12782276 0.034975484 0.08860977 0.033858858 0.067333505 0.03929204 0.04597902 0.060869534 0.039356377 0.042886052 0.028602373 0.08348896 0.02941553 0.0901455 0.024570864 0.06161145 0.043000266 0.09444058 0.065706216 0.047269743 0.039425142 0.032537475 0.04339544 0.021869062 0.017913146 0.015981017 0.043305892 0.03820646 0.029408999 0.023656823 0.06556201 0.046268187 0.075106785 0.05854921 0.05629641 0.05743512 0.05805657 0.026527148 0.0054434426 0.065085754 0.085215315 0.048351754 0.060663827 0.032670915 0.04336078 0.042034026 0.08701622 0.050516676 0.06875738 0.014538899 0.07070924 0.039925214 0.06566518 0.10453062 0.06740074 0.045863193 0.057124015 0.003569914 0.07134963 0.024562182 0.08840377 0.017777165 0.115801945 0.0059130425 0.10625532 0.051399358 0.056122992 0.063818224 0.014713031 0.09081294 0.04210793 0.048470832 0.02818479 0.06459124 0.055324744 0.048770886 0.027133996 0.065776326 0.03587551 0.030582087 0.05028846 0.052309375 0.03604785 0.06409896 0.07187149 0.061252058 0.011973296 0.043187134 0.025011629 0.11789521 0.053276345 0.044276264 0.03854593 0.041415144 0.093686014 0.03334641 0.017200857 0.042583685 0.026813699 0.020890988 0.019204827 0.07039849 0.04279267 0.025299663 0.019324211 0.040024903 0.103672184 0.037421215 0.06858828 0.009384153 0.014103127 0.054827277 0.03553558 0.059564617 0.02029344 0.06472743 0.048942607 0.028486412 0.049639538 0.037823122 0.03902092 0.11346217 0.07835811 0.16823365 0.03972556 0.0037747978 0.06732117 0.06974318 0.06738094 0.06613706 0.039111 0.015224397 0.01045745 0.03992539 0.072163664 0.047139652,,
732,1x1x128x256,0.04577067 0.058301736 0.017329436 0.108836494 0.025193585 0.05241985 0.05063246 0.03213241 0.032248694 0.056507356 0.03260203 0.03124298 0.023309853 0.100420944 0.043630157 0.021616677 0.06750405 0.052688923 0.040197432 0.016889568 0.09468999 0.036690813 0.015707806 0.055650875 0.08291947 0.042766012 0.056282897 0.044586323 0.016696598 0.034589373 0.100274585 0.06435926 0.019022664 0.089650676 0.039191578 0.061399233 0.09665628 0.061881874 0.06390842 0.15511332 0.089005254 0.05120545 0.06304872 0.053418364 0.07827292 0.046535376 0.04265175 0.08474744 0.043352496 0.050841227 0.04512564 0.03479992 0.028683769 0.021857068 0.06772973 0.03238362 0.036898773 0.079610534 0.041259572 0.035170645 0.08524244 0.056894474 0.047924805 0.028562646 0.05016126 0.051128767 0.04999658 0.022886988 0.061520908 0.045770064 0.02689912 0.11871272 0.057996076 0.040777646 0.076212294 0.049504593 0.054096974 0.06308716 0.056354895 0.026848473 0.02555967 0.03294464 0.048933808 0.050324738 0.07483197 0.063587226 0.043442402 0.058635067 0.058794077 0.054058004 0.04467828 0.05541053 0.07976946 0.02438116 0.031881317 0.027100014 0.05683623 0.038430456 0.023379263 0.025044871 0.06015541 0.03802662 0.029956853 0.023714455 0.064799175 0.05629325 0.056779224 0.09112826 0.031167869 0.030041175 0.058002498 0.03770585 0.031047545 0.022928787 0.06938532 0.007031601 0.01644273 0.049703553 0.051777754 0.04362038 0.12783836 0.034979753 0.08862058 0.033862993 0.06734172 0.03929684 0.045984633 0.060876966 0.039361183 0.042891286 0.028605865 0.08349915 0.029419119 0.0901565 0.024573863 0.06161897 0.043005515 0.094452105 0.06571424 0.04727551 0.03942995 0.032541446 0.04340074 0.02187173 0.017915333 0.015982967 0.04331118 0.038211126 0.029412588 0.02365971 0.06557001 0.046273835 0.07511596 0.05855636 0.05630328 0.057442132 0.058063656 0.026530387 0.005444107 0.065093696 0.085225716 0.048357654 0.06067123 0.032674905 0.04336607 0.042039156 0.08702684 0.05052284 0.068765774 0.014540674 0.07071788 0.039930087 0.06567319 0.10454338 0.067408964 0.045868788 0.057130985 0.00357035 0.07135834 0.024565179 0.08841456 0.017779335 0.11581608 0.0059137642 0.10626829 0.05140563 0.056129843 0.06382602 0.014714827 0.090824015 0.042113066 0.04847675 0.02818823 0.06459912 0.055331495 0.04877684 0.027137307 0.06578435 0.03587989 0.03058582 0.050294597 0.05231576 0.03605225 0.064106785 0.071880266 0.061259534 0.011974758 0.043192405 0.025014682 0.1179096 0.053282846 0.044281665 0.038550634 0.0414202 0.09369745 0.03335048 0.017202957 0.042588882 0.026816972 0.020893538 0.019207172 0.070407085 0.042797893 0.025302751 0.019326571 0.04002979 0.10368484 0.037425783 0.068596646 0.009385299 0.014104849 0.05483397 0.03553992 0.059571885 0.020295918 0.06473534 0.04894858 0.028489888 0.0496456 0.037827738 0.039025683 0.113476016 0.078367665 0.16825418 0.039730407 0.0037752585 0.067329384 0.06975169 0.06738917 0.06614514 0.039115775 0.015226255 0.0104587255 0.03993026 0.07217247 0.047145408,0.045765083 0.05829462 0.01732732 0.10882322 0.025190512 0.05241345 0.05062628 0.03212849 0.032244757 0.05650046 0.032598052 0.031239167 0.023307007 0.10040869 0.04362483 0.021614037 0.067495815 0.052682493 0.040192526 0.016887508 0.09467843 0.036686335 0.01570589 0.055644084 0.08290935 0.042760793 0.056276027 0.044580884 0.01669456 0.03458515 0.100262344 0.06435141 0.019020341 0.08963973 0.039186794 0.061391737 0.09664448 0.06187432 0.06390062 0.15509439 0.08899439 0.051199198 0.06304103 0.053411845 0.078263365 0.046529695 0.042646542 0.0847371 0.043347206 0.050835025 0.04512013 0.03479567 0.028680267 0.0218544 0.06772146 0.03237967 0.03689427 0.07960082 0.04125454 0.035166353 0.085232034 0.05688753 0.047918957 0.02855916 0.050155137 0.051122528 0.04999048 0.022884196 0.061513398 0.045764476 0.026895836 0.11869824 0.057988998 0.04077267 0.07620299 0.04949855 0.054090373 0.063079454 0.05634802 0.026845196 0.025556551 0.032940615 0.048927836 0.0503186 0.07482284 0.06357947 0.0434371 0.05862791 0.058786903 0.054051407 0.04467283 0.05540377 0.07975973 0.024378184 0.031877425 0.027096707 0.056829292 0.038425766 0.023376409 0.025041815 0.06014807 0.038021978 0.029953197 0.02371156 0.06479126 0.05628638 0.056772295 0.09111714 0.031164065 0.030037507 0.05799542 0.03770125 0.031043757 0.022925988 0.069376856 0.0070307427 0.016440721 0.049697485 0.051771436 0.043615058 0.12782276 0.034975484 0.08860977 0.033858858 0.067333505 0.03929204 0.04597902 0.060869534 0.039356377 0.042886052 0.028602373 0.08348896 0.02941553 0.0901455 0.024570864 0.06161145 0.043000266 0.09444058 0.065706216 0.047269743 0.039425142 0.032537475 0.04339544 0.021869062 0.017913146 0.015981017 0.043305892 0.03820646 0.029408999 0.023656823 0.06556201 0.046268187 0.075106785 0.05854921 0.05629641 0.05743512 0.05805657 0.026527148 0.0054434426 0.065085754 0.085215315 0.048351754 0.060663827 0.032670915 0.04336078 0.042034026 0.08701622 0.050516676 0.06875738 0.014538899 0.07070924 0.039925214 0.06566518 0.10453062 0.06740074 0.045863193 0.057124015 0.003569914 0.07134963 0.024562182 0.08840377 0.017777165 0.115801945 0.0059130425 0.10625532 0.051399358 0.056122992 0.063818224 0.014713031 0.09081294 0.04210793 0.048470832 0.02818479 0.06459124 0.055324744 0.048770886 0.027133996 0.065776326 0.03587551 0.030582087 0.05028846 0.052309375 0.03604785 0.06409896 0.07187149 0.061252058 0.011973296 0.043187134 0.025011629 0.11789521 0.053276345 0.044276264 0.03854593 0.041415144 0.093686014 0.03334641 0.017200857 0.042583685 0.026813699 0.020890988 0.019204827 0.07039849 0.04279267 0.025299663 0.019324211 0.040024903 0.103672184 0.037421215 0.06858828 0.009384153 0.014103127 0.054827277 0.03553558 0.059564617 0.02029344 0.06472743 0.048942607 0.028486412 0.049639538 0.037823122 0.03902092 0.11346217 0.07835811 0.16823365 0.03972556 0.0037747978 0.06732117 0.06974318 0.06738094 0.06613706 0.039111 0.015224397 0.01045745 0.03992539 0.072163664 0.047139652,,
736,1x1x128x256,0.04577067 0.058301736 0.017329436 0.108836494 0.025193585 0.05241985 0.05063246 0.03213241 0.032248694 0.056507356 0.03260203 0.03124298 0.023309853 0.100420944 0.043630157 0.021616677 0.06750405 0.052688923 0.040197432 0.016889568 0.09468999 0.036690813 0.015707806 0.055650875 0.08291947 0.042766012 0.056282897 0.044586323 0.016696598 0.034589373 0.100274585 0.06435926 0.019022664 0.089650676 0.039191578 0.061399233 0.09665628 0.061881874 0.06390842 0.15511332 0.089005254 0.05120545 0.06304872 0.053418364 0.07827292 0.046535376 0.04265175 0.08474744 0.043352496 0.050841227 0.04512564 0.03479992 0.028683769 0.021857068 0.06772973 0.03238362 0.036898773 0.079610534 0.041259572 0.035170645 0.08524244 0.056894474 0.047924805 0.028562646 0.05016126 0.051128767 0.04999658 0.022886988 0.061520908 0.045770064 0.02689912 0.11871272 0.057996076 0.040777646 0.076212294 0.049504593 0.054096974 0.06308716 0.056354895 0.026848473 0.02555967 0.03294464 0.048933808 0.050324738 0.07483197 0.063587226 0.043442402 0.058635067 0.058794077 0.054058004 0.04467828 0.05541053 0.07976946 0.02438116 0.031881317 0.027100014 0.05683623 0.038430456 0.023379263 0.025044871 0.06015541 0.03802662 0.029956853 0.023714455 0.064799175 0.05629325 0.056779224 0.09112826 0.031167869 0.030041175 0.058002498 0.03770585 0.031047545 0.022928787 0.06938532 0.007031601 0.01644273 0.049703553 0.051777754 0.04362038 0.12783836 0.034979753 0.08862058 0.033862993 0.06734172 0.03929684 0.045984633 0.060876966 0.039361183 0.042891286 0.028605865 0.08349915 0.029419119 0.0901565 0.024573863 0.06161897 0.043005515 0.094452105 0.06571424 0.04727551 0.03942995 0.032541446 0.04340074 0.02187173 0.017915333 0.015982967 0.04331118 0.038211126 0.029412588 0.02365971 0.06557001 0.046273835 0.07511596 0.05855636 0.05630328 0.057442132 0.058063656 0.026530387 0.005444107 0.065093696 0.085225716 0.048357654 0.06067123 0.032674905 0.04336607 0.042039156 0.08702684 0.05052284 0.068765774 0.014540674 0.07071788 0.039930087 0.06567319 0.10454338 0.067408964 0.045868788 0.057130985 0.00357035 0.07135834 0.024565179 0.08841456 0.017779335 0.11581608 0.0059137642 0.10626829 0.05140563 0.056129843 0.06382602 0.014714827 0.090824015 0.042113066 0.04847675 0.02818823 0.06459912 0.055331495 0.04877684 0.027137307 0.06578435 0.03587989 0.03058582 0.050294597 0.05231576 0.03605225 0.064106785 0.071880266 0.061259534 0.011974758 0.043192405 0.025014682 0.1179096 0.053282846 0.044281665 0.038550634 0.0414202 0.09369745 0.03335048 0.017202957 0.042588882 0.026816972 0.020893538 0.019207172 0.070407085 0.042797893 0.025302751 0.019326571 0.04002979 0.10368484 0.037425783 0.068596646 0.009385299 0.014104849 0.05483397 0.03553992 0.059571885 0.020295918 0.06473534 0.04894858 0.028489888 0.0496456 0.037827738 0.039025683 0.113476016 0.078367665 0.16825418 0.039730407 0.0037752585 0.067329384 0.06975169 0.06738917 0.06614514 0.039115775 0.015226255 0.0104587255 0.03993026 0.07217247 0.047145408,0.045765083 0.05829462 0.01732732 0.10882322 0.025190512 0.05241345 0.05062628 0.03212849 0.032244757 0.05650046 0.032598052 0.031239167 0.023307007 0.10040869 0.04362483 0.021614037 0.067495815 0.052682493 0.040192526 0.016887508 0.09467843 0.036686335 0.01570589 0.055644084 0.08290935 0.042760793 0.056276027 0.044580884 0.01669456 0.03458515 0.100262344 0.06435141 0.019020341 0.08963973 0.039186794 0.061391737 0.09664448 0.06187432 0.06390062 0.15509439 0.08899439 0.051199198 0.06304103 0.053411845 0.078263365 0.046529695 0.042646542 0.0847371 0.043347206 0.050835025 0.04512013 0.03479567 0.028680267 0.0218544 0.06772146 0.03237967 0.03689427 0.07960082 0.04125454 0.035166353 0.085232034 0.05688753 0.047918957 0.02855916 0.050155137 0.051122528 0.04999048 0.022884196 0.061513398 0.045764476 0.026895836 0.11869824 0.057988998 0.04077267 0.07620299 0.04949855 0.054090373 0.063079454 0.05634802 0.026845196 0.025556551 0.032940615 0.048927836 0.0503186 0.07482284 0.06357947 0.0434371 0.05862791 0.058786903 0.054051407 0.04467283 0.05540377 0.07975973 0.024378184 0.031877425 0.027096707 0.056829292 0.038425766 0.023376409 0.025041815 0.06014807 0.038021978 0.029953197 0.02371156 0.06479126 0.05628638 0.056772295 0.09111714 0.031164065 0.030037507 0.05799542 0.03770125 0.031043757 0.022925988 0.069376856 0.0070307427 0.016440721 0.049697485 0.051771436 0.043615058 0.12782276 0.034975484 0.08860977 0.033858858 0.067333505 0.03929204 0.04597902 0.060869534 0.039356377 0.042886052 0.028602373 0.08348896 0.02941553 0.0901455 0.024570864 0.06161145 0.043000266 0.09444058 0.065706216 0.047269743 0.039425142 0.032537475 0.04339544 0.021869062 0.017913146 0.015981017 0.043305892 0.03820646 0.029408999 0.023656823 0.06556201 0.046268187 0.075106785 0.05854921 0.05629641 0.05743512 0.05805657 0.026527148 0.0054434426 0.065085754 0.085215315 0.048351754 0.060663827 0.032670915 0.04336078 0.042034026 0.08701622 0.050516676 0.06875738 0.014538899 0.07070924 0.039925214 0.06566518 0.10453062 0.06740074 0.045863193 0.057124015 0.003569914 0.07134963 0.024562182 0.08840377 0.017777165 0.115801945 0.0059130425 0.10625532 0.051399358 0.056122992 0.063818224 0.014713031 0.09081294 0.04210793 0.048470832 0.02818479 0.06459124 0.055324744 0.048770886 0.027133996 0.065776326 0.03587551 0.030582087 0.05028846 0.052309375 0.03604785 0.06409896 0.07187149 0.061252058 0.011973296 0.043187134 0.025011629 0.11789521 0.053276345 0.044276264 0.03854593 0.041415144 0.093686014 0.03334641 0.017200857 0.042583685 0.026813699 0.020890988 0.019204827 0.07039849 0.04279267 0.025299663 0.019324211 0.040024903 0.103672184 0.037421215 0.06858828 0.009384153 0.014103127 0.054827277 0.03553558 0.059564617 0.02029344 0.06472743 0.048942607 0.028486412 0.049639538 0.037823122 0.03902092 0.11346217 0.07835811 0.16823365 0.03972556 0.0037747978 0.06732117 0.06974318 0.06738094 0.06613706 0.039111 0.015224397 0.01045745 0.03992539 0.072163664 0.047139652,,
740,1x1x128x256,0.04577067 0.058301736 0.017329436 0.108836494 0.025193585 0.05241985 0.05063246 0.03213241 0.032248694 0.056507356 0.03260203 0.03124298 0.023309853 0.100420944 0.043630157 0.021616677 0.06750405 0.052688923 0.040197432 0.016889568 0.09468999 0.036690813 0.015707806 0.055650875 0.08291947 0.042766012 0.056282897 0.044586323 0.016696598 0.034589373 0.100274585 0.06435926 0.019022664 0.089650676 0.039191578 0.061399233 0.09665628 0.061881874 0.06390842 0.15511332 0.089005254 0.05120545 0.06304872 0.053418364 0.07827292 0.046535376 0.04265175 0.08474744 0.043352496 0.050841227 0.04512564 0.03479992 0.028683769 0.021857068 0.06772973 0.03238362 0.036898773 0.079610534 0.041259572 0.035170645 0.08524244 0.056894474 0.047924805 0.028562646 0.05016126 0.051128767 0.04999658 0.022886988 0.061520908 0.045770064 0.02689912 0.11871272 0.057996076 0.040777646 0.076212294 0.049504593 0.054096974 0.06308716 0.056354895 0.026848473 0.02555967 0.03294464 0.048933808 0.050324738 0.07483197 0.063587226 0.043442402 0.058635067 0.058794077 0.054058004 0.04467828 0.05541053 0.07976946 0.02438116 0.031881317 0.027100014 0.05683623 0.038430456 0.023379263 0.025044871 0.06015541 0.03802662 0.029956853 0.023714455 0.064799175 0.05629325 0.056779224 0.09112826 0.031167869 0.030041175 0.058002498 0.03770585 0.031047545 0.022928787 0.06938532 0.007031601 0.01644273 0.049703553 0.051777754 0.04362038 0.12783836 0.034979753 0.08862058 0.033862993 0.06734172 0.03929684 0.045984633 0.060876966 0.039361183 0.042891286 0.028605865 0.08349915 0.029419119 0.0901565 0.024573863 0.06161897 0.043005515 0.094452105 0.06571424 0.04727551 0.03942995 0.032541446 0.04340074 0.02187173 0.017915333 0.015982967 0.04331118 0.038211126 0.029412588 0.02365971 0.06557001 0.046273835 0.07511596 0.05855636 0.05630328 0.057442132 0.058063656 0.026530387 0.005444107 0.065093696 0.085225716 0.048357654 0.06067123 0.032674905 0.04336607 0.042039156 0.08702684 0.05052284 0.068765774 0.014540674 0.07071788 0.039930087 0.06567319 0.10454338 0.067408964 0.045868788 0.057130985 0.00357035 0.07135834 0.024565179 0.08841456 0.017779335 0.11581608 0.0059137642 0.10626829 0.05140563 0.056129843 0.06382602 0.014714827 0.090824015 0.042113066 0.04847675 0.02818823 0.06459912 0.055331495 0.04877684 0.027137307 0.06578435 0.03587989 0.03058582 0.050294597 0.05231576 0.03605225 0.064106785 0.071880266 0.061259534 0.011974758 0.043192405 0.025014682 0.1179096 0.053282846 0.044281665 0.038550634 0.0414202 0.09369745 0.03335048 0.017202957 0.042588882 0.026816972 0.020893538 0.019207172 0.070407085 0.042797893 0.025302751 0.019326571 0.04002979 0.10368484 0.037425783 0.068596646 0.009385299 0.014104849 0.05483397 0.03553992 0.059571885 0.020295918 0.06473534 0.04894858 0.028489888 0.0496456 0.037827738 0.039025683 0.113476016 0.078367665 0.16825418 0.039730407 0.0037752585 0.067329384 0.06975169 0.06738917 0.06614514 0.039115775 0.015226255 0.0104587255 0.03993026 0.07217247 0.047145408,0.045765083 0.05829462 0.01732732 0.10882322 0.025190512 0.05241345 0.05062628 0.03212849 0.032244757 0.05650046 0.032598052 0.031239167 0.023307007 0.10040869 0.04362483 0.021614037 0.067495815 0.052682493 0.040192526 0.016887508 0.09467843 0.036686335 0.01570589 0.055644084 0.08290935 0.042760793 0.056276027 0.044580884 0.01669456 0.03458515 0.100262344 0.06435141 0.019020341 0.08963973 0.039186794 0.061391737 0.09664448 0.06187432 0.06390062 0.15509439 0.08899439 0.051199198 0.06304103 0.053411845 0.078263365 0.046529695 0.042646542 0.0847371 0.043347206 0.050835025 0.04512013 0.03479567 0.028680267 0.0218544 0.06772146 0.03237967 0.03689427 0.07960082 0.04125454 0.035166353 0.085232034 0.05688753 0.047918957 0.02855916 0.050155137 0.051122528 0.04999048 0.022884196 0.061513398 0.045764476 0.026895836 0.11869824 0.057988998 0.04077267 0.07620299 0.04949855 0.054090373 0.063079454 0.05634802 0.026845196 0.025556551 0.032940615 0.048927836 0.0503186 0.07482284 0.06357947 0.0434371 0.05862791 0.058786903 0.054051407 0.04467283 0.05540377 0.07975973 0.024378184 0.031877425 0.027096707 0.056829292 0.038425766 0.023376409 0.025041815 0.06014807 0.038021978 0.029953197 0.02371156 0.06479126 0.05628638 0.056772295 0.09111714 0.031164065 0.030037507 0.05799542 0.03770125 0.031043757 0.022925988 0.069376856 0.0070307427 0.016440721 0.049697485 0.051771436 0.043615058 0.12782276 0.034975484 0.08860977 0.033858858 0.067333505 0.03929204 0.04597902 0.060869534 0.039356377 0.042886052 0.028602373 0.08348896 0.02941553 0.0901455 0.024570864 0.06161145 0.043000266 0.09444058 0.065706216 0.047269743 0.039425142 0.032537475 0.04339544 0.021869062 0.017913146 0.015981017 0.043305892 0.03820646 0.029408999 0.023656823 0.06556201 0.046268187 0.075106785 0.05854921 0.05629641 0.05743512 0.05805657 0.026527148 0.0054434426 0.065085754 0.085215315 0.048351754 0.060663827 0.032670915 0.04336078 0.042034026 0.08701622 0.050516676 0.06875738 0.014538899 0.07070924 0.039925214 0.06566518 0.10453062 0.06740074 0.045863193 0.057124015 0.003569914 0.07134963 0.024562182 0.08840377 0.017777165 0.115801945 0.0059130425 0.10625532 0.051399358 0.056122992 0.063818224 0.014713031 0.09081294 0.04210793 0.048470832 0.02818479 0.06459124 0.055324744 0.048770886 0.027133996 0.065776326 0.03587551 0.030582087 0.05028846 0.052309375 0.03604785 0.06409896 0.07187149 0.061252058 0.011973296 0.043187134 0.025011629 0.11789521 0.053276345 0.044276264 0.03854593 0.041415144 0.093686014 0.03334641 0.017200857 0.042583685 0.026813699 0.020890988 0.019204827 0.07039849 0.04279267 0.025299663 0.019324211 0.040024903 0.103672184 0.037421215 0.06858828 0.009384153 0.014103127 0.054827277 0.03553558 0.059564617 0.02029344 0.06472743 0.048942607 0.028486412 0.049639538 0.037823122 0.03902092 0.11346217 0.07835811 0.16823365 0.03972556 0.0037747978 0.06732117 0.06974318 0.06738094 0.06613706 0.039111 0.015224397 0.01045745 0.03992539 0.072163664 0.047139652,,
744,1x1x128x256,0.04577067 0.058301736 0.017329436 0.108836494 0.025193585 0.05241985 0.05063246 0.03213241 0.032248694 0.056507356 0.03260203 0.03124298 0.023309853 0.100420944 0.043630157 0.021616677 0.06750405 0.052688923 0.040197432 0.016889568 0.09468999 0.036690813 0.015707806 0.055650875 0.08291947 0.042766012 0.056282897 0.044586323 0.016696598 0.034589373 0.100274585 0.06435926 0.019022664 0.089650676 0.039191578 0.061399233 0.09665628 0.061881874 0.06390842 0.15511332 0.089005254 0.05120545 0.06304872 0.053418364 0.07827292 0.046535376 0.04265175 0.08474744 0.043352496 0.050841227 0.04512564 0.03479992 0.028683769 0.021857068 0.06772973 0.03238362 0.036898773 0.079610534 0.041259572 0.035170645 0.08524244 0.056894474 0.047924805 0.028562646 0.05016126 0.051128767 0.04999658 0.022886988 0.061520908 0.045770064 0.02689912 0.11871272 0.057996076 0.040777646 0.076212294 0.049504593 0.054096974 0.06308716 0.056354895 0.026848473 0.02555967 0.03294464 0.048933808 0.050324738 0.07483197 0.063587226 0.043442402 0.058635067 0.058794077 0.054058004 0.04467828 0.05541053 0.07976946 0.02438116 0.031881317 0.027100014 0.05683623 0.038430456 0.023379263 0.025044871 0.06015541 0.03802662 0.029956853 0.023714455 0.064799175 0.05629325 0.056779224 0.09112826 0.031167869 0.030041175 0.058002498 0.03770585 0.031047545 0.022928787 0.06938532 0.007031601 0.01644273 0.049703553 0.051777754 0.04362038 0.12783836 0.034979753 0.08862058 0.033862993 0.06734172 0.03929684 0.045984633 0.060876966 0.039361183 0.042891286 0.028605865 0.08349915 0.029419119 0.0901565 0.024573863 0.06161897 0.043005515 0.094452105 0.06571424 0.04727551 0.03942995 0.032541446 0.04340074 0.02187173 0.017915333 0.015982967 0.04331118 0.038211126 0.029412588 0.02365971 0.06557001 0.046273835 0.07511596 0.05855636 0.05630328 0.057442132 0.058063656 0.026530387 0.005444107 0.065093696 0.085225716 0.048357654 0.06067123 0.032674905 0.04336607 0.042039156 0.08702684 0.05052284 0.068765774 0.014540674 0.07071788 0.039930087 0.06567319 0.10454338 0.067408964 0.045868788 0.057130985 0.00357035 0.07135834 0.024565179 0.08841456 0.017779335 0.11581608 0.0059137642 0.10626829 0.05140563 0.056129843 0.06382602 0.014714827 0.090824015 0.042113066 0.04847675 0.02818823 0.06459912 0.055331495 0.04877684 0.027137307 0.06578435 0.03587989 0.03058582 0.050294597 0.05231576 0.03605225 0.064106785 0.071880266 0.061259534 0.011974758 0.043192405 0.025014682 0.1179096 0.053282846 0.044281665 0.038550634 0.0414202 0.09369745 0.03335048 0.017202957 0.042588882 0.026816972 0.020893538 0.019207172 0.070407085 0.042797893 0.025302751 0.019326571 0.04002979 0.10368484 0.037425783 0.068596646 0.009385299 0.014104849 0.05483397 0.03553992 0.059571885 0.020295918 0.06473534 0.04894858 0.028489888 0.0496456 0.037827738 0.039025683 0.113476016 0.078367665 0.16825418 0.039730407 0.0037752585 0.067329384 0.06975169 0.06738917 0.06614514 0.039115775 0.015226255 0.0104587255 0.03993026 0.07217247 0.047145408,0.045765083 0.05829462 0.01732732 0.10882322 0.025190512 0.05241345 0.05062628 0.03212849 0.032244757 0.05650046 0.032598052 0.031239167 0.023307007 0.10040869 0.04362483 0.021614037 0.067495815 0.052682493 0.040192526 0.016887508 0.09467843 0.036686335 0.01570589 0.055644084 0.08290935 0.042760793 0.056276027 0.044580884 0.01669456 0.03458515 0.100262344 0.06435141 0.019020341 0.08963973 0.039186794 0.061391737 0.09664448 0.06187432 0.06390062 0.15509439 0.08899439 0.051199198 0.06304103 0.053411845 0.078263365 0.046529695 0.042646542 0.0847371 0.043347206 0.050835025 0.04512013 0.03479567 0.028680267 0.0218544 0.06772146 0.03237967 0.03689427 0.07960082 0.04125454 0.035166353 0.085232034 0.05688753 0.047918957 0.02855916 0.050155137 0.051122528 0.04999048 0.022884196 0.061513398 0.045764476 0.026895836 0.11869824 0.057988998 0.04077267 0.07620299 0.04949855 0.054090373 0.063079454 0.05634802 0.026845196 0.025556551 0.032940615 0.048927836 0.0503186 0.07482284 0.06357947 0.0434371 0.05862791 0.058786903 0.054051407 0.04467283 0.05540377 0.07975973 0.024378184 0.031877425 0.027096707 0.056829292 0.038425766 0.023376409 0.025041815 0.06014807 0.038021978 0.029953197 0.02371156 0.06479126 0.05628638 0.056772295 0.09111714 0.031164065 0.030037507 0.05799542 0.03770125 0.031043757 0.022925988 0.069376856 0.0070307427 0.016440721 0.049697485 0.051771436 0.043615058 0.12782276 0.034975484 0.08860977 0.033858858 0.067333505 0.03929204 0.04597902 0.060869534 0.039356377 0.042886052 0.028602373 0.08348896 0.02941553 0.0901455 0.024570864 0.06161145 0.043000266 0.09444058 0.065706216 0.047269743 0.039425142 0.032537475 0.04339544 0.021869062 0.017913146 0.015981017 0.043305892 0.03820646 0.029408999 0.023656823 0.06556201 0.046268187 0.075106785 0.05854921 0.05629641 0.05743512 0.05805657 0.026527148 0.0054434426 0.065085754 0.085215315 0.048351754 0.060663827 0.032670915 0.04336078 0.042034026 0.08701622 0.050516676 0.06875738 0.014538899 0.07070924 0.039925214 0.06566518 0.10453062 0.06740074 0.045863193 0.057124015 0.003569914 0.07134963 0.024562182 0.08840377 0.017777165 0.115801945 0.0059130425 0.10625532 0.051399358 0.056122992 0.063818224 0.014713031 0.09081294 0.04210793 0.048470832 0.02818479 0.06459124 0.055324744 0.048770886 0.027133996 0.065776326 0.03587551 0.030582087 0.05028846 0.052309375 0.03604785 0.06409896 0.07187149 0.061252058 0.011973296 0.043187134 0.025011629 0.11789521 0.053276345 0.044276264 0.03854593 0.041415144 0.093686014 0.03334641 0.017200857 0.042583685 0.026813699 0.020890988 0.019204827 0.07039849 0.04279267 0.025299663 0.019324211 0.040024903 0.103672184 0.037421215 0.06858828 0.009384153 0.014103127 0.054827277 0.03553558 0.059564617 0.02029344 0.06472743 0.048942607 0.028486412 0.049639538 0.037823122 0.03902092 0.11346217 0.07835811 0.16823365 0.03972556 0.0037747978 0.06732117 0.06974318 0.06738094 0.06613706 0.039111 0.015224397 0.01045745 0.03992539 0.072163664 0.047139652,,
762,3x3x256x256,0.036264773 0.04286177 0.18560763 0.108897895 0.13777769 0.13995473 0.109057605 0.092921376 0.08036784 0.13513649 0.06532462 0.13476264 0.1795786 0.09715373 0.116624095 0.07426084 0.063649975 0.036386315 0.10012145 0.08642322 0.050232545 0.0661048 0.09490801 0.030169684 0.09057328 0.0737809 0.026720606 0.065202706 0.14984001 0.14615048 0.12480205 0.07614115 0.13249011 0.083849914 0.106486574 0.08140104 0.04821406 0.10732509 0.09920824 0.11247364 0.19627346 0.11591561 0.04860976 0.064060874 0.09700956 0.05075789 0.08043324 0.083859555 0.08535485 0.080164164 0.12213513 0.10629869 0.05842543 0.07050174 0.084330685 0.08153109 0.057039175 0.12288998 0.08181793 0.06987616 0.063867375 0.082936056 0.0618903 0.085430324 0.08914412 0.16714005 0.14224763 0.06554329 0.16670136 0.047438838 0.12843002 0.10572987 0.08648625 0.046550166 0.044111144 0.0668919 0.1516817 0.35618812 0.18012528 0.12636462 0.13431828 0.080093116 0.06956966 0.22120042 0.09550193 0.09130347 0.09920271 0.13500041 0.112941794 0.062525526 0.06123701 0.018267604 0.067171104 0.05660878 0.09819322 0.10417869 0.060003046 0.13824493 0.10678362 0.070077874 0.057944544 0.042605553 0.019421462 0.056988504 0.067747004 0.103902355 0.060647972 0.089090206 0.12970713 0.09810289 0.18706502 0.07744377 0.09987855 0.1555072 0.08676293 0.106728025 0.0645382 0.11937004 0.055306543 0.09763972 0.085685946 0.20782076 0.121915355 0.23680605 0.13159122 0.09144849 0.07999742 0.10191015 0.15107988 0.07853369 0.053570315 0.102076024 0.14571539 0.08864626 0.050082736 0.06406235 0.19602327 0.21339242 0.05115481 0.11557023 0.07326821 0.056095935 0.06284337 0.057231266 0.09694391 0.09976886 0.08493627 0.1321263 0.12562388 0.0818482 0.09940151 0.13110246 0.097965814 0.08877789 0.054298222 0.1514493 0.08570777 0.10571862 0.09517857 0.09790945 0.095333755 0.1264263 0.19586976 0.04161013 0.11293255 0.10594755 0.11299575 0.15706226 0.13357851 0.054000616 0.09622778 0.09186154 0.13551271 0.05094194 0.15162046 0.15440583 0.058854822 0.07790272 0.067147136 0.09256963 0.090416 0.08539093 0.082795516 0.037542645 0.0727511 0.16726094 0.09052397 0.080935314 0.0652107 0.13118653 0.08779706 0.23406053 0.17779674 0.0808633 0.07611035 0.092414655 0.08551045 0.07318775 0.082566954 0.08198226 0.06543447 0.11431914 0.14928421 0.083093494 0.09567084 0.1476878 0.13161238 0.0913515 0.1432884 0.13626224 0.09881186 0.14832152 0.07696906 0.05993352 0.24482547 0.07990685 0.07226836 0.119770594 0.036103554 0.23794669 0.14836699 0.03327924 0.09527922 0.0983944 0.15905868 0.13312759 0.14242734 0.082537904 0.3184721 0.06984666 0.11637453 0.21214147 0.06770272 0.14297308 0.1758881 0.14225525 0.0693183 0.07359598 0.047391873 0.12071368 0.12615013 0.115624085 0.08654269 0.1571268 0.13004835 0.021826722 0.11307598 0.113246135 0.164161 0.07090784 0.104345076 0.0544693 0.07057828 0.07740412 0.086886674 0.06730078,0.036260348 0.04285654 0.18558498 0.10888461 0.13776086 0.13993765 0.10904429 0.09291004 0.08035803 0.13511999 0.06531665 0.13474621 0.1795567 0.09714187 0.11660986 0.07425177 0.06364221 0.036381874 0.100109234 0.086412676 0.050226416 0.06609673 0.09489643 0.030166004 0.09056223 0.0737719 0.026717346 0.06519475 0.14982173 0.14613265 0.12478682 0.07613186 0.13247395 0.08383968 0.10647357 0.0813911 0.048208173 0.107311994 0.099196136 0.112459905 0.1962495 0.11590147 0.048603825 0.06405305 0.09699772 0.050751694 0.08042342 0.083849326 0.085344434 0.08015438 0.12212023 0.10628572 0.0584183 0.07049313 0.08432039 0.08152114 0.057032216 0.12287498 0.08180795 0.06986763 0.06385958 0.08292593 0.06188275 0.08541989 0.08913324 0.16711965 0.14223027 0.06553529 0.166681 0.04743305 0.12841435 0.105716966 0.0864757 0.046544485 0.04410576 0.06688374 0.15166318 0.35614467 0.1801033 0.1263492 0.13430189 0.08008334 0.069561176 0.22117344 0.09549027 0.09129233 0.0991906 0.13498394 0.11292801 0.0625179 0.06122954 0.018265374 0.0671629 0.056601875 0.09818123 0.10416597 0.059995726 0.13822806 0.10677059 0.07006932 0.05793747 0.042600352 0.01941909 0.05698155 0.06773874 0.103889674 0.06064057 0.08907933 0.12969129 0.09809092 0.18704219 0.077434324 0.09986636 0.15548824 0.08675234 0.106715 0.06453033 0.11935547 0.055299792 0.097627796 0.08567549 0.2077954 0.12190048 0.23677714 0.13157517 0.09143733 0.07998765 0.10189771 0.15106143 0.0785241 0.053563777 0.10206357 0.1456976 0.088635445 0.050076626 0.06405453 0.19599934 0.21336639 0.051148567 0.11555613 0.07325927 0.056089092 0.06283569 0.05722428 0.096932076 0.09975669 0.0849259 0.13211018 0.12560855 0.08183821 0.09938938 0.13108647 0.09795386 0.08876706 0.054291595 0.1514308 0.08569731 0.10570572 0.09516695 0.0978975 0.095322125 0.12641086 0.19584586 0.04160505 0.112918764 0.10593461 0.11298196 0.15704308 0.1335622 0.053994026 0.09621604 0.09185033 0.13549617 0.050935723 0.15160196 0.154387 0.05884764 0.07789321 0.06713894 0.092558324 0.090404965 0.08538052 0.08278541 0.037538063 0.072742224 0.16724053 0.090512924 0.08092544 0.06520274 0.13117051 0.08778635 0.23403196 0.17777504 0.08085343 0.076101065 0.092403375 0.08550002 0.07317882 0.08255687 0.08197226 0.065426484 0.11430519 0.149266 0.083083354 0.09565917 0.14766978 0.13159631 0.09134035 0.14327092 0.13624561 0.0987998 0.14830342 0.07695966 0.059926204 0.24479559 0.0798971 0.07225954 0.119755976 0.036099147 0.23791765 0.14834888 0.03327518 0.095267594 0.0983824 0.15903927 0.13311133 0.14240995 0.08252783 0.31843323 0.06983814 0.11636033 0.21211557 0.067694455 0.14295563 0.17586665 0.14223789 0.06930984 0.073587 0.04738609 0.120698944 0.12613474 0.11560997 0.08653213 0.15710762 0.13003248 0.021824058 0.11306218 0.113232315 0.16414095 0.07089918 0.10433234 0.05446265 0.070569664 0.07739467 0.08687607 0.06729256,,
766,3x3x256x256,0.036264773 0.04286177 0.18560763 0.108897895 0.13777769 0.13995473 0.109057605 0.092921376 0.08036784 0.13513649 0.06532462 0.13476264 0.1795786 0.09715373 0.116624095 0.07426084 0.063649975 0.036386315 0.10012145 0.08642322 0.050232545 0.0661048 0.09490801 0.030169684 0.09057328 0.0737809 0.026720606 0.065202706 0.14984001 0.14615048 0.12480205 0.07614115 0.13249011 0.083849914 0.106486574 0.08140104 0.04821406 0.10732509 0.09920824 0.11247364 0.19627346 0.11591561 0.04860976 0.064060874 0.09700956 0.05075789 0.08043324 0.083859555 0.08535485 0.080164164 0.12213513 0.10629869 0.05842543 0.07050174 0.084330685 0.08153109 0.057039175 0.12288998 0.08181793 0.06987616 0.063867375 0.082936056 0.0618903 0.085430324 0.08914412 0.16714005 0.14224763 0.06554329 0.16670136 0.047438838 0.12843002 0.10572987 0.08648625 0.046550166 0.044111144 0.0668919 0.1516817 0.35618812 0.18012528 0.12636462 0.13431828 0.080093116 0.06956966 0.22120042 0.09550193 0.09130347 0.09920271 0.13500041 0.112941794 0.062525526 0.06123701 0.018267604 0.067171104 0.05660878 0.09819322 0.10417869 0.060003046 0.13824493 0.10678362 0.070077874 0.057944544 0.042605553 0.019421462 0.056988504 0.067747004 0.103902355 0.060647972 0.089090206 0.12970713 0.09810289 0.18706502 0.07744377 0.09987855 0.1555072 0.08676293 0.106728025 0.0645382 0.11937004 0.055306543 0.09763972 0.085685946 0.20782076 0.121915355 0.23680605 0.13159122 0.09144849 0.07999742 0.10191015 0.15107988 0.07853369 0.053570315 0.102076024 0.14571539 0.08864626 0.050082736 0.06406235 0.19602327 0.21339242 0.05115481 0.11557023 0.07326821 0.056095935 0.06284337 0.057231266 0.09694391 0.09976886 0.08493627 0.1321263 0.12562388 0.0818482 0.09940151 0.13110246 0.097965814 0.08877789 0.054298222 0.1514493 0.08570777 0.10571862 0.09517857 0.09790945 0.095333755 0.1264263 0.19586976 0.04161013 0.11293255 0.10594755 0.11299575 0.15706226 0.13357851 0.054000616 0.09622778 0.09186154 0.13551271 0.05094194 0.15162046 0.15440583 0.058854822 0.07790272 0.067147136 0.09256963 0.090416 0.08539093 0.082795516 0.037542645 0.0727511 0.16726094 0.09052397 0.080935314 0.0652107 0.13118653 0.08779706 0.23406053 0.17779674 0.0808633 0.07611035 0.092414655 0.08551045 0.07318775 0.082566954 0.08198226 0.06543447 0.11431914 0.14928421 0.083093494 0.09567084 0.1476878 0.13161238 0.0913515 0.1432884 0.13626224 0.09881186 0.14832152 0.07696906 0.05993352 0.24482547 0.07990685 0.07226836 0.119770594 0.036103554 0.23794669 0.14836699 0.03327924 0.09527922 0.0983944 0.15905868 0.13312759 0.14242734 0.082537904 0.3184721 0.06984666 0.11637453 0.21214147 0.06770272 0.14297308 0.1758881 0.14225525 0.0693183 0.07359598 0.047391873 0.12071368 0.12615013 0.115624085 0.08654269 0.1571268 0.13004835 0.021826722 0.11307598 0.113246135 0.164161 0.07090784 0.104345076 0.0544693 0.07057828 0.07740412 0.086886674 0.06730078,0.036260348 0.04285654 0.18558498 0.10888461 0.13776086 0.13993765 0.10904429 0.09291004 0.08035803 0.13511999 0.06531665 0.13474621 0.1795567 0.09714187 0.11660986 0.07425177 0.06364221 0.036381874 0.100109234 0.086412676 0.050226416 0.06609673 0.09489643 0.030166004 0.09056223 0.0737719 0.026717346 0.06519475 0.14982173 0.14613265 0.12478682 0.07613186 0.13247395 0.08383968 0.10647357 0.0813911 0.048208173 0.107311994 0.099196136 0.112459905 0.1962495 0.11590147 0.048603825 0.06405305 0.09699772 0.050751694 0.08042342 0.083849326 0.085344434 0.08015438 0.12212023 0.10628572 0.0584183 0.07049313 0.08432039 0.08152114 0.057032216 0.12287498 0.08180795 0.06986763 0.06385958 0.08292593 0.06188275 0.08541989 0.08913324 0.16711965 0.14223027 0.06553529 0.166681 0.04743305 0.12841435 0.105716966 0.0864757 0.046544485 0.04410576 0.06688374 0.15166318 0.35614467 0.1801033 0.1263492 0.13430189 0.08008334 0.069561176 0.22117344 0.09549027 0.09129233 0.0991906 0.13498394 0.11292801 0.0625179 0.06122954 0.018265374 0.0671629 0.056601875 0.09818123 0.10416597 0.059995726 0.13822806 0.10677059 0.07006932 0.05793747 0.042600352 0.01941909 0.05698155 0.06773874 0.103889674 0.06064057 0.08907933 0.12969129 0.09809092 0.18704219 0.077434324 0.09986636 0.15548824 0.08675234 0.106715 0.06453033 0.11935547 0.055299792 0.097627796 0.08567549 0.2077954 0.12190048 0.23677714 0.13157517 0.09143733 0.07998765 0.10189771 0.15106143 0.0785241 0.053563777 0.10206357 0.1456976 0.088635445 0.050076626 0.06405453 0.19599934 0.21336639 0.051148567 0.11555613 0.07325927 0.056089092 0.06283569 0.05722428 0.096932076 0.09975669 0.0849259 0.13211018 0.12560855 0.08183821 0.09938938 0.13108647 0.09795386 0.08876706 0.054291595 0.1514308 0.08569731 0.10570572 0.09516695 0.0978975 0.095322125 0.12641086 0.19584586 0.04160505 0.112918764 0.10593461 0.11298196 0.15704308 0.1335622 0.053994026 0.09621604 0.09185033 0.13549617 0.050935723 0.15160196 0.154387 0.05884764 0.07789321 0.06713894 0.092558324 0.090404965 0.08538052 0.08278541 0.037538063 0.072742224 0.16724053 0.090512924 0.08092544 0.06520274 0.13117051 0.08778635 0.23403196 0.17777504 0.08085343 0.076101065 0.092403375 0.08550002 0.07317882 0.08255687 0.08197226 0.065426484 0.11430519 0.149266 0.083083354 0.09565917 0.14766978 0.13159631 0.09134035 0.14327092 0.13624561 0.0987998 0.14830342 0.07695966 0.059926204 0.24479559 0.0798971 0.07225954 0.119755976 0.036099147 0.23791765 0.14834888 0.03327518 0.095267594 0.0983824 0.15903927 0.13311133 0.14240995 0.08252783 0.31843323 0.06983814 0.11636033 0.21211557 0.067694455 0.14295563 0.17586665 0.14223789 0.06930984 0.073587 0.04738609 0.120698944 0.12613474 0.11560997 0.08653213 0.15710762 0.13003248 0.021824058 0.11306218 0.113232315 0.16414095 0.07089918 0.10433234 0.05446265 0.070569664 0.07739467 0.08687607 0.06729256,,
770,3x3x256x256,0.036264773 0.04286177 0.18560763 0.108897895 0.13777769 0.13995473 0.109057605 0.092921376 0.08036784 0.13513649 0.06532462 0.13476264 0.1795786 0.09715373 0.116624095 0.07426084 0.063649975 0.036386315 0.10012145 0.08642322 0.050232545 0.0661048 0.09490801 0.030169684 0.09057328 0.0737809 0.026720606 0.065202706 0.14984001 0.14615048 0.12480205 0.07614115 0.13249011 0.083849914 0.106486574 0.08140104 0.04821406 0.10732509 0.09920824 0.11247364 0.19627346 0.11591561 0.04860976 0.064060874 0.09700956 0.05075789 0.08043324 0.083859555 0.08535485 0.080164164 0.12213513 0.10629869 0.05842543 0.07050174 0.084330685 0.08153109 0.057039175 0.12288998 0.08181793 0.06987616 0.063867375 0.082936056 0.0618903 0.085430324 0.08914412 0.16714005 0.14224763 0.06554329 0.16670136 0.047438838 0.12843002 0.10572987 0.08648625 0.046550166 0.044111144 0.0668919 0.1516817 0.35618812 0.18012528 0.12636462 0.13431828 0.080093116 0.06956966 0.22120042 0.09550193 0.09130347 0.09920271 0.13500041 0.112941794 0.062525526 0.06123701 0.018267604 0.067171104 0.05660878 0.09819322 0.10417869 0.060003046 0.13824493 0.10678362 0.070077874 0.057944544 0.042605553 0.019421462 0.056988504 0.067747004 0.103902355 0.060647972 0.089090206 0.12970713 0.09810289 0.18706502 0.07744377 0.09987855 0.1555072 0.08676293 0.106728025 0.0645382 0.11937004 0.055306543 0.09763972 0.085685946 0.20782076 0.121915355 0.23680605 0.13159122 0.09144849 0.07999742 0.10191015 0.15107988 0.07853369 0.053570315 0.102076024 0.14571539 0.08864626 0.050082736 0.06406235 0.19602327 0.21339242 0.05115481 0.11557023 0.07326821 0.056095935 0.06284337 0.057231266 0.09694391 0.09976886 0.08493627 0.1321263 0.12562388 0.0818482 0.09940151 0.13110246 0.097965814 0.08877789 0.054298222 0.1514493 0.08570777 0.10571862 0.09517857 0.09790945 0.095333755 0.1264263 0.19586976 0.04161013 0.11293255 0.10594755 0.11299575 0.15706226 0.13357851 0.054000616 0.09622778 0.09186154 0.13551271 0.05094194 0.15162046 0.15440583 0.058854822 0.07790272 0.067147136 0.09256963 0.090416 0.08539093 0.082795516 0.037542645 0.0727511 0.16726094 0.09052397 0.080935314 0.0652107 0.13118653 0.08779706 0.23406053 0.17779674 0.0808633 0.07611035 0.092414655 0.08551045 0.07318775 0.082566954 0.08198226 0.06543447 0.11431914 0.14928421 0.083093494 0.09567084 0.1476878 0.13161238 0.0913515 0.1432884 0.13626224 0.09881186 0.14832152 0.07696906 0.05993352 0.24482547 0.07990685 0.07226836 0.119770594 0.036103554 0.23794669 0.14836699 0.03327924 0.09527922 0.0983944 0.15905868 0.13312759 0.14242734 0.082537904 0.3184721 0.06984666 0.11637453 0.21214147 0.06770272 0.14297308 0.1758881 0.14225525 0.0693183 0.07359598 0.047391873 0.12071368 0.12615013 0.115624085 0.08654269 0.1571268 0.13004835 0.021826722 0.11307598 0.113246135 0.164161 0.07090784 0.104345076 0.0544693 0.07057828 0.07740412 0.086886674 0.06730078,0.036260348 0.04285654 0.18558498 0.10888461 0.13776086 0.13993765 0.10904429 0.09291004 0.08035803 0.13511999 0.06531665 0.13474621 0.1795567 0.09714187 0.11660986 0.07425177 0.06364221 0.036381874 0.100109234 0.086412676 0.050226416 0.06609673 0.09489643 0.030166004 0.09056223 0.0737719 0.026717346 0.06519475 0.14982173 0.14613265 0.12478682 0.07613186 0.13247395 0.08383968 0.10647357 0.0813911 0.048208173 0.107311994 0.099196136 0.112459905 0.1962495 0.11590147 0.048603825 0.06405305 0.09699772 0.050751694 0.08042342 0.083849326 0.085344434 0.08015438 0.12212023 0.10628572 0.0584183 0.07049313 0.08432039 0.08152114 0.057032216 0.12287498 0.08180795 0.06986763 0.06385958 0.08292593 0.06188275 0.08541989 0.08913324 0.16711965 0.14223027 0.06553529 0.166681 0.04743305 0.12841435 0.105716966 0.0864757 0.046544485 0.04410576 0.06688374 0.15166318 0.35614467 0.1801033 0.1263492 0.13430189 0.08008334 0.069561176 0.22117344 0.09549027 0.09129233 0.0991906 0.13498394 0.11292801 0.0625179 0.06122954 0.018265374 0.0671629 0.056601875 0.09818123 0.10416597 0.059995726 0.13822806 0.10677059 0.07006932 0.05793747 0.042600352 0.01941909 0.05698155 0.06773874 0.103889674 0.06064057 0.08907933 0.12969129 0.09809092 0.18704219 0.077434324 0.09986636 0.15548824 0.08675234 0.106715 0.06453033 0.11935547 0.055299792 0.097627796 0.08567549 0.2077954 0.12190048 0.23677714 0.13157517 0.09143733 0.07998765 0.10189771 0.15106143 0.0785241 0.053563777 0.10206357 0.1456976 0.088635445 0.050076626 0.06405453 0.19599934 0.21336639 0.051148567 0.11555613 0.07325927 0.056089092 0.06283569 0.05722428 0.096932076 0.09975669 0.0849259 0.13211018 0.12560855 0.08183821 0.09938938 0.13108647 0.09795386 0.08876706 0.054291595 0.1514308 0.08569731 0.10570572 0.09516695 0.0978975 0.095322125 0.12641086 0.19584586 0.04160505 0.112918764 0.10593461 0.11298196 0.15704308 0.1335622 0.053994026 0.09621604 0.09185033 0.13549617 0.050935723 0.15160196 0.154387 0.05884764 0.07789321 0.06713894 0.092558324 0.090404965 0.08538052 0.08278541 0.037538063 0.072742224 0.16724053 0.090512924 0.08092544 0.06520274 0.13117051 0.08778635 0.23403196 0.17777504 0.08085343 0.076101065 0.092403375 0.08550002 0.07317882 0.08255687 0.08197226 0.065426484 0.11430519 0.149266 0.083083354 0.09565917 0.14766978 0.13159631 0.09134035 0.14327092 0.13624561 0.0987998 0.14830342 0.07695966 0.059926204 0.24479559 0.0798971 0.07225954 0.119755976 0.036099147 0.23791765 0.14834888 0.03327518 0.095267594 0.0983824 0.15903927 0.13311133 0.14240995 0.08252783 0.31843323 0.06983814 0.11636033 0.21211557 0.067694455 0.14295563 0.17586665 0.14223789 0.06930984 0.073587 0.04738609 0.120698944 0.12613474 0.11560997 0.08653213 0.15710762 0.13003248 0.021824058 0.11306218 0.113232315 0.16414095 0.07089918 0.10433234 0.05446265 0.070569664 0.07739467 0.08687607 0.06729256,,
774,3x3x256x256,0.036264773 0.04286177 0.18560763 0.108897895 0.13777769 0.13995473 0.109057605 0.092921376 0.08036784 0.13513649 0.06532462 0.13476264 0.1795786 0.09715373 0.116624095 0.07426084 0.063649975 0.036386315 0.10012145 0.08642322 0.050232545 0.0661048 0.09490801 0.030169684 0.09057328 0.0737809 0.026720606 0.065202706 0.14984001 0.14615048 0.12480205 0.07614115 0.13249011 0.083849914 0.106486574 0.08140104 0.04821406 0.10732509 0.09920824 0.11247364 0.19627346 0.11591561 0.04860976 0.064060874 0.09700956 0.05075789 0.08043324 0.083859555 0.08535485 0.080164164 0.12213513 0.10629869 0.05842543 0.07050174 0.084330685 0.08153109 0.057039175 0.12288998 0.08181793 0.06987616 0.063867375 0.082936056 0.0618903 0.085430324 0.08914412 0.16714005 0.14224763 0.06554329 0.16670136 0.047438838 0.12843002 0.10572987 0.08648625 0.046550166 0.044111144 0.0668919 0.1516817 0.35618812 0.18012528 0.12636462 0.13431828 0.080093116 0.06956966 0.22120042 0.09550193 0.09130347 0.09920271 0.13500041 0.112941794 0.062525526 0.06123701 0.018267604 0.067171104 0.05660878 0.09819322 0.10417869 0.060003046 0.13824493 0.10678362 0.070077874 0.057944544 0.042605553 0.019421462 0.056988504 0.067747004 0.103902355 0.060647972 0.089090206 0.12970713 0.09810289 0.18706502 0.07744377 0.09987855 0.1555072 0.08676293 0.106728025 0.0645382 0.11937004 0.055306543 0.09763972 0.085685946 0.20782076 0.121915355 0.23680605 0.13159122 0.09144849 0.07999742 0.10191015 0.15107988 0.07853369 0.053570315 0.102076024 0.14571539 0.08864626 0.050082736 0.06406235 0.19602327 0.21339242 0.05115481 0.11557023 0.07326821 0.056095935 0.06284337 0.057231266 0.09694391 0.09976886 0.08493627 0.1321263 0.12562388 0.0818482 0.09940151 0.13110246 0.097965814 0.08877789 0.054298222 0.1514493 0.08570777 0.10571862 0.09517857 0.09790945 0.095333755 0.1264263 0.19586976 0.04161013 0.11293255 0.10594755 0.11299575 0.15706226 0.13357851 0.054000616 0.09622778 0.09186154 0.13551271 0.05094194 0.15162046 0.15440583 0.058854822 0.07790272 0.067147136 0.09256963 0.090416 0.08539093 0.082795516 0.037542645 0.0727511 0.16726094 0.09052397 0.080935314 0.0652107 0.13118653 0.08779706 0.23406053 0.17779674 0.0808633 0.07611035 0.092414655 0.08551045 0.07318775 0.082566954 0.08198226 0.06543447 0.11431914 0.14928421 0.083093494 0.09567084 0.1476878 0.13161238 0.0913515 0.1432884 0.13626224 0.09881186 0.14832152 0.07696906 0.05993352 0.24482547 0.07990685 0.07226836 0.119770594 0.036103554 0.23794669 0.14836699 0.03327924 0.09527922 0.0983944 0.15905868 0.13312759 0.14242734 0.082537904 0.3184721 0.06984666 0.11637453 0.21214147 0.06770272 0.14297308 0.1758881 0.14225525 0.0693183 0.07359598 0.047391873 0.12071368 0.12615013 0.115624085 0.08654269 0.1571268 0.13004835 0.021826722 0.11307598 0.113246135 0.164161 0.07090784 0.104345076 0.0544693 0.07057828 0.07740412 0.086886674 0.06730078,0.036260348 0.04285654 0.18558498 0.10888461 0.13776086 0.13993765 0.10904429 0.09291004 0.08035803 0.13511999 0.06531665 0.13474621 0.1795567 0.09714187 0.11660986 0.07425177 0.06364221 0.036381874 0.100109234 0.086412676 0.050226416 0.06609673 0.09489643 0.030166004 0.09056223 0.0737719 0.026717346 0.06519475 0.14982173 0.14613265 0.12478682 0.07613186 0.13247395 0.08383968 0.10647357 0.0813911 0.048208173 0.107311994 0.099196136 0.112459905 0.1962495 0.11590147 0.048603825 0.06405305 0.09699772 0.050751694 0.08042342 0.083849326 0.085344434 0.08015438 0.12212023 0.10628572 0.0584183 0.07049313 0.08432039 0.08152114 0.057032216 0.12287498 0.08180795 0.06986763 0.06385958 0.08292593 0.06188275 0.08541989 0.08913324 0.16711965 0.14223027 0.06553529 0.166681 0.04743305 0.12841435 0.105716966 0.0864757 0.046544485 0.04410576 0.06688374 0.15166318 0.35614467 0.1801033 0.1263492 0.13430189 0.08008334 0.069561176 0.22117344 0.09549027 0.09129233 0.0991906 0.13498394 0.11292801 0.0625179 0.06122954 0.018265374 0.0671629 0.056601875 0.09818123 0.10416597 0.059995726 0.13822806 0.10677059 0.07006932 0.05793747 0.042600352 0.01941909 0.05698155 0.06773874 0.103889674 0.06064057 0.08907933 0.12969129 0.09809092 0.18704219 0.077434324 0.09986636 0.15548824 0.08675234 0.106715 0.06453033 0.11935547 0.055299792 0.097627796 0.08567549 0.2077954 0.12190048 0.23677714 0.13157517 0.09143733 0.07998765 0.10189771 0.15106143 0.0785241 0.053563777 0.10206357 0.1456976 0.088635445 0.050076626 0.06405453 0.19599934 0.21336639 0.051148567 0.11555613 0.07325927 0.056089092 0.06283569 0.05722428 0.096932076 0.09975669 0.0849259 0.13211018 0.12560855 0.08183821 0.09938938 0.13108647 0.09795386 0.08876706 0.054291595 0.1514308 0.08569731 0.10570572 0.09516695 0.0978975 0.095322125 0.12641086 0.19584586 0.04160505 0.112918764 0.10593461 0.11298196 0.15704308 0.1335622 0.053994026 0.09621604 0.09185033 0.13549617 0.050935723 0.15160196 0.154387 0.05884764 0.07789321 0.06713894 0.092558324 0.090404965 0.08538052 0.08278541 0.037538063 0.072742224 0.16724053 0.090512924 0.08092544 0.06520274 0.13117051 0.08778635 0.23403196 0.17777504 0.08085343 0.076101065 0.092403375 0.08550002 0.07317882 0.08255687 0.08197226 0.065426484 0.11430519 0.149266 0.083083354 0.09565917 0.14766978 0.13159631 0.09134035 0.14327092 0.13624561 0.0987998 0.14830342 0.07695966 0.059926204 0.24479559 0.0798971 0.07225954 0.119755976 0.036099147 0.23791765 0.14834888 0.03327518 0.095267594 0.0983824 0.15903927 0.13311133 0.14240995 0.08252783 0.31843323 0.06983814 0.11636033 0.21211557 0.067694455 0.14295563 0.17586665 0.14223789 0.06930984 0.073587 0.04738609 0.120698944 0.12613474 0.11560997 0.08653213 0.15710762 0.13003248 0.021824058 0.11306218 0.113232315 0.16414095 0.07089918 0.10433234 0.05446265 0.070569664 0.07739467 0.08687607 0.06729256,,
778,3x3x256x256,0.036264773 0.04286177 0.18560763 0.108897895 0.13777769 0.13995473 0.109057605 0.092921376 0.08036784 0.13513649 0.06532462 0.13476264 0.1795786 0.09715373 0.116624095 0.07426084 0.063649975 0.036386315 0.10012145 0.08642322 0.050232545 0.0661048 0.09490801 0.030169684 0.09057328 0.0737809 0.026720606 0.065202706 0.14984001 0.14615048 0.12480205 0.07614115 0.13249011 0.083849914 0.106486574 0.08140104 0.04821406 0.10732509 0.09920824 0.11247364 0.19627346 0.11591561 0.04860976 0.064060874 0.09700956 0.05075789 0.08043324 0.083859555 0.08535485 0.080164164 0.12213513 0.10629869 0.05842543 0.07050174 0.084330685 0.08153109 0.057039175 0.12288998 0.08181793 0.06987616 0.063867375 0.082936056 0.0618903 0.085430324 0.08914412 0.16714005 0.14224763 0.06554329 0.16670136 0.047438838 0.12843002 0.10572987 0.08648625 0.046550166 0.044111144 0.0668919 0.1516817 0.35618812 0.18012528 0.12636462 0.13431828 0.080093116 0.06956966 0.22120042 0.09550193 0.09130347 0.09920271 0.13500041 0.112941794 0.062525526 0.06123701 0.018267604 0.067171104 0.05660878 0.09819322 0.10417869 0.060003046 0.13824493 0.10678362 0.070077874 0.057944544 0.042605553 0.019421462 0.056988504 0.067747004 0.103902355 0.060647972 0.089090206 0.12970713 0.09810289 0.18706502 0.07744377 0.09987855 0.1555072 0.08676293 0.106728025 0.0645382 0.11937004 0.055306543 0.09763972 0.085685946 0.20782076 0.121915355 0.23680605 0.13159122 0.09144849 0.07999742 0.10191015 0.15107988 0.07853369 0.053570315 0.102076024 0.14571539 0.08864626 0.050082736 0.06406235 0.19602327 0.21339242 0.05115481 0.11557023 0.07326821 0.056095935 0.06284337 0.057231266 0.09694391 0.09976886 0.08493627 0.1321263 0.12562388 0.0818482 0.09940151 0.13110246 0.097965814 0.08877789 0.054298222 0.1514493 0.08570777 0.10571862 0.09517857 0.09790945 0.095333755 0.1264263 0.19586976 0.04161013 0.11293255 0.10594755 0.11299575 0.15706226 0.13357851 0.054000616 0.09622778 0.09186154 0.13551271 0.05094194 0.15162046 0.15440583 0.058854822 0.07790272 0.067147136 0.09256963 0.090416 0.08539093 0.082795516 0.037542645 0.0727511 0.16726094 0.09052397 0.080935314 0.0652107 0.13118653 0.08779706 0.23406053 0.17779674 0.0808633 0.07611035 0.092414655 0.08551045 0.07318775 0.082566954 0.08198226 0.06543447 0.11431914 0.14928421 0.083093494 0.09567084 0.1476878 0.13161238 0.0913515 0.1432884 0.13626224 0.09881186 0.14832152 0.07696906 0.05993352 0.24482547 0.07990685 0.07226836 0.119770594 0.036103554 0.23794669 0.14836699 0.03327924 0.09527922 0.0983944 0.15905868 0.13312759 0.14242734 0.082537904 0.3184721 0.06984666 0.11637453 0.21214147 0.06770272 0.14297308 0.1758881 0.14225525 0.0693183 0.07359598 0.047391873 0.12071368 0.12615013 0.115624085 0.08654269 0.1571268 0.13004835 0.021826722 0.11307598 0.113246135 0.164161 0.07090784 0.104345076 0.0544693 0.07057828 0.07740412 0.086886674 0.06730078,0.036260348 0.04285654 0.18558498 0.10888461 0.13776086 0.13993765 0.10904429 0.09291004 0.08035803 0.13511999 0.06531665 0.13474621 0.1795567 0.09714187 0.11660986 0.07425177 0.06364221 0.036381874 0.100109234 0.086412676 0.050226416 0.06609673 0.09489643 0.030166004 0.09056223 0.0737719 0.026717346 0.06519475 0.14982173 0.14613265 0.12478682 0.07613186 0.13247395 0.08383968 0.10647357 0.0813911 0.048208173 0.107311994 0.099196136 0.112459905 0.1962495 0.11590147 0.048603825 0.06405305 0.09699772 0.050751694 0.08042342 0.083849326 0.085344434 0.08015438 0.12212023 0.10628572 0.0584183 0.07049313 0.08432039 0.08152114 0.057032216 0.12287498 0.08180795 0.06986763 0.06385958 0.08292593 0.06188275 0.08541989 0.08913324 0.16711965 0.14223027 0.06553529 0.166681 0.04743305 0.12841435 0.105716966 0.0864757 0.046544485 0.04410576 0.06688374 0.15166318 0.35614467 0.1801033 0.1263492 0.13430189 0.08008334 0.069561176 0.22117344 0.09549027 0.09129233 0.0991906 0.13498394 0.11292801 0.0625179 0.06122954 0.018265374 0.0671629 0.056601875 0.09818123 0.10416597 0.059995726 0.13822806 0.10677059 0.07006932 0.05793747 0.042600352 0.01941909 0.05698155 0.06773874 0.103889674 0.06064057 0.08907933 0.12969129 0.09809092 0.18704219 0.077434324 0.09986636 0.15548824 0.08675234 0.106715 0.06453033 0.11935547 0.055299792 0.097627796 0.08567549 0.2077954 0.12190048 0.23677714 0.13157517 0.09143733 0.07998765 0.10189771 0.15106143 0.0785241 0.053563777 0.10206357 0.1456976 0.088635445 0.050076626 0.06405453 0.19599934 0.21336639 0.051148567 0.11555613 0.07325927 0.056089092 0.06283569 0.05722428 0.096932076 0.09975669 0.0849259 0.13211018 0.12560855 0.08183821 0.09938938 0.13108647 0.09795386 0.08876706 0.054291595 0.1514308 0.08569731 0.10570572 0.09516695 0.0978975 0.095322125 0.12641086 0.19584586 0.04160505 0.112918764 0.10593461 0.11298196 0.15704308 0.1335622 0.053994026 0.09621604 0.09185033 0.13549617 0.050935723 0.15160196 0.154387 0.05884764 0.07789321 0.06713894 0.092558324 0.090404965 0.08538052 0.08278541 0.037538063 0.072742224 0.16724053 0.090512924 0.08092544 0.06520274 0.13117051 0.08778635 0.23403196 0.17777504 0.08085343 0.076101065 0.092403375 0.08550002 0.07317882 0.08255687 0.08197226 0.065426484 0.11430519 0.149266 0.083083354 0.09565917 0.14766978 0.13159631 0.09134035 0.14327092 0.13624561 0.0987998 0.14830342 0.07695966 0.059926204 0.24479559 0.0798971 0.07225954 0.119755976 0.036099147 0.23791765 0.14834888 0.03327518 0.095267594 0.0983824 0.15903927 0.13311133 0.14240995 0.08252783 0.31843323 0.06983814 0.11636033 0.21211557 0.067694455 0.14295563 0.17586665 0.14223789 0.06930984 0.073587 0.04738609 0.120698944 0.12613474 0.11560997 0.08653213 0.15710762 0.13003248 0.021824058 0.11306218 0.113232315 0.16414095 0.07089918 0.10433234 0.05446265 0.070569664 0.07739467 0.08687607 0.06729256,,
782,3x3x256x256,0.036264773 0.04286177 0.18560763 0.108897895 0.13777769 0.13995473 0.109057605 0.092921376 0.08036784 0.13513649 0.06532462 0.13476264 0.1795786 0.09715373 0.116624095 0.07426084 0.063649975 0.036386315 0.10012145 0.08642322 0.050232545 0.0661048 0.09490801 0.030169684 0.09057328 0.0737809 0.026720606 0.065202706 0.14984001 0.14615048 0.12480205 0.07614115 0.13249011 0.083849914 0.106486574 0.08140104 0.04821406 0.10732509 0.09920824 0.11247364 0.19627346 0.11591561 0.04860976 0.064060874 0.09700956 0.05075789 0.08043324 0.083859555 0.08535485 0.080164164 0.12213513 0.10629869 0.05842543 0.07050174 0.084330685 0.08153109 0.057039175 0.12288998 0.08181793 0.06987616 0.063867375 0.082936056 0.0618903 0.085430324 0.08914412 0.16714005 0.14224763 0.06554329 0.16670136 0.047438838 0.12843002 0.10572987 0.08648625 0.046550166 0.044111144 0.0668919 0.1516817 0.35618812 0.18012528 0.12636462 0.13431828 0.080093116 0.06956966 0.22120042 0.09550193 0.09130347 0.09920271 0.13500041 0.112941794 0.062525526 0.06123701 0.018267604 0.067171104 0.05660878 0.09819322 0.10417869 0.060003046 0.13824493 0.10678362 0.070077874 0.057944544 0.042605553 0.019421462 0.056988504 0.067747004 0.103902355 0.060647972 0.089090206 0.12970713 0.09810289 0.18706502 0.07744377 0.09987855 0.1555072 0.08676293 0.106728025 0.0645382 0.11937004 0.055306543 0.09763972 0.085685946 0.20782076 0.121915355 0.23680605 0.13159122 0.09144849 0.07999742 0.10191015 0.15107988 0.07853369 0.053570315 0.102076024 0.14571539 0.08864626 0.050082736 0.06406235 0.19602327 0.21339242 0.05115481 0.11557023 0.07326821 0.056095935 0.06284337 0.057231266 0.09694391 0.09976886 0.08493627 0.1321263 0.12562388 0.0818482 0.09940151 0.13110246 0.097965814 0.08877789 0.054298222 0.1514493 0.08570777 0.10571862 0.09517857 0.09790945 0.095333755 0.1264263 0.19586976 0.04161013 0.11293255 0.10594755 0.11299575 0.15706226 0.13357851 0.054000616 0.09622778 0.09186154 0.13551271 0.05094194 0.15162046 0.15440583 0.058854822 0.07790272 0.067147136 0.09256963 0.090416 0.08539093 0.082795516 0.037542645 0.0727511 0.16726094 0.09052397 0.080935314 0.0652107 0.13118653 0.08779706 0.23406053 0.17779674 0.0808633 0.07611035 0.092414655 0.08551045 0.07318775 0.082566954 0.08198226 0.06543447 0.11431914 0.14928421 0.083093494 0.09567084 0.1476878 0.13161238 0.0913515 0.1432884 0.13626224 0.09881186 0.14832152 0.07696906 0.05993352 0.24482547 0.07990685 0.07226836 0.119770594 0.036103554 0.23794669 0.14836699 0.03327924 0.09527922 0.0983944 0.15905868 0.13312759 0.14242734 0.082537904 0.3184721 0.06984666 0.11637453 0.21214147 0.06770272 0.14297308 0.1758881 0.14225525 0.0693183 0.07359598 0.047391873 0.12071368 0.12615013 0.115624085 0.08654269 0.1571268 0.13004835 0.021826722 0.11307598 0.113246135 0.164161 0.07090784 0.104345076 0.0544693 0.07057828 0.07740412 0.086886674 0.06730078,0.036260348 0.04285654 0.18558498 0.10888461 0.13776086 0.13993765 0.10904429 0.09291004 0.08035803 0.13511999 0.06531665 0.13474621 0.1795567 0.09714187 0.11660986 0.07425177 0.06364221 0.036381874 0.100109234 0.086412676 0.050226416 0.06609673 0.09489643 0.030166004 0.09056223 0.0737719 0.026717346 0.06519475 0.14982173 0.14613265 0.12478682 0.07613186 0.13247395 0.08383968 0.10647357 0.0813911 0.048208173 0.107311994 0.099196136 0.112459905 0.1962495 0.11590147 0.048603825 0.06405305 0.09699772 0.050751694 0.08042342 0.083849326 0.085344434 0.08015438 0.12212023 0.10628572 0.0584183 0.07049313 0.08432039 0.08152114 0.057032216 0.12287498 0.08180795 0.06986763 0.06385958 0.08292593 0.06188275 0.08541989 0.08913324 0.16711965 0.14223027 0.06553529 0.166681 0.04743305 0.12841435 0.105716966 0.0864757 0.046544485 0.04410576 0.06688374 0.15166318 0.35614467 0.1801033 0.1263492 0.13430189 0.08008334 0.069561176 0.22117344 0.09549027 0.09129233 0.0991906 0.13498394 0.11292801 0.0625179 0.06122954 0.018265374 0.0671629 0.056601875 0.09818123 0.10416597 0.059995726 0.13822806 0.10677059 0.07006932 0.05793747 0.042600352 0.01941909 0.05698155 0.06773874 0.103889674 0.06064057 0.08907933 0.12969129 0.09809092 0.18704219 0.077434324 0.09986636 0.15548824 0.08675234 0.106715 0.06453033 0.11935547 0.055299792 0.097627796 0.08567549 0.2077954 0.12190048 0.23677714 0.13157517 0.09143733 0.07998765 0.10189771 0.15106143 0.0785241 0.053563777 0.10206357 0.1456976 0.088635445 0.050076626 0.06405453 0.19599934 0.21336639 0.051148567 0.11555613 0.07325927 0.056089092 0.06283569 0.05722428 0.096932076 0.09975669 0.0849259 0.13211018 0.12560855 0.08183821 0.09938938 0.13108647 0.09795386 0.08876706 0.054291595 0.1514308 0.08569731 0.10570572 0.09516695 0.0978975 0.095322125 0.12641086 0.19584586 0.04160505 0.112918764 0.10593461 0.11298196 0.15704308 0.1335622 0.053994026 0.09621604 0.09185033 0.13549617 0.050935723 0.15160196 0.154387 0.05884764 0.07789321 0.06713894 0.092558324 0.090404965 0.08538052 0.08278541 0.037538063 0.072742224 0.16724053 0.090512924 0.08092544 0.06520274 0.13117051 0.08778635 0.23403196 0.17777504 0.08085343 0.076101065 0.092403375 0.08550002 0.07317882 0.08255687 0.08197226 0.065426484 0.11430519 0.149266 0.083083354 0.09565917 0.14766978 0.13159631 0.09134035 0.14327092 0.13624561 0.0987998 0.14830342 0.07695966 0.059926204 0.24479559 0.0798971 0.07225954 0.119755976 0.036099147 0.23791765 0.14834888 0.03327518 0.095267594 0.0983824 0.15903927 0.13311133 0.14240995 0.08252783 0.31843323 0.06983814 0.11636033 0.21211557 0.067694455 0.14295563 0.17586665 0.14223789 0.06930984 0.073587 0.04738609 0.120698944 0.12613474 0.11560997 0.08653213 0.15710762 0.13003248 0.021824058 0.11306218 0.113232315 0.16414095 0.07089918 0.10433234 0.05446265 0.070569664 0.07739467 0.08687607 0.06729256,,
800,3x3x256x256,0.16149396 0.21469373 0.14866118 0.30754143 0.24012633 0.20099615 0.3140913 0.1673758 0.097709954 0.13589343 0.2023551 0.124626145 0.40602 0.2697408 0.3048429 0.19193254 0.21883892 0.13260765 0.24818519 0.3478363 0.23797454 0.23923534 0.24571185 0.38062352 0.23976295 0.2218551 0.10941685 0.31127542 0.11472032 0.29646042 0.18049948 0.16627845 0.15173726 0.08091654 0.07123618 0.22256218 0.23408058 0.079404175 0.2698217 0.09301271 0.2800857 0.27174443 0.111372605 0.17393167 0.2195972 0.18673286 0.13019301 0.2368956 0.43474615 0.24004492 0.27259058 0.21213196 0.12120719 0.15696564 0.12796517 0.15422687 0.27840132 0.11572768 0.17153688 0.09798956 0.15792163 0.12562755 0.21741581 0.14851977 0.30618155 0.24788284 0.4956912 0.21944793 0.09620758 0.26444855 0.101422526 0.1476433 0.24964458 0.16158503 0.14738026 0.14900453 0.08911845 0.37108985 0.16185758 0.1922175 0.12551633 0.26116693 0.19265872 0.21068472 0.101402625 0.07875894 0.3710321 0.15897629 0.38120756 0.064060844 0.1468309 0.5886451 0.36686003 0.124331474 0.18705875 0.12420782 0.4237011 0.09560303 0.15415832 0.16951482 0.48293373 0.3006249 0.31385586 0.22504923 0.18248583 0.40267724 0.1016153 0.65237427 0.6549402 0.120343775 0.08555463 0.20670885 0.16346042 0.32892138 0.22088982 0.14534925 0.108374365 0.19693722 0.15957177 0.14031577 0.26376396 0.3713726 0.34444526 0.1293775 0.15505795 0.12127396 0.19857703 0.10214968 0.2915162 0.1318098 0.119528584 0.16613758 0.104417615 0.1677988 0.33935973 0.28591335 0.123854205 0.2852657 0.21681307 0.25758195 0.3431733 0.17817341 0.26239732 0.25978175 0.1448994 0.30012468 0.16857171 0.18687648 0.2997548 0.4685816 0.39133146 0.1524605 0.20196679 0.17662159 0.18355924 0.33951262 0.15929633 0.14458846 0.35184136 0.12656191 0.15241282 0.23779951 0.105475105 0.26984698 0.32919446 0.2517276 0.3069408 0.4541265 0.29136038 0.21603318 0.66322106 0.14742093 0.45787925 0.5079049 0.2820928 0.27465242 0.21844044 0.14426179 0.29073623 0.44208992 0.45055062 0.2593384 0.32840675 0.58874786 0.44930983 0.22723432 0.17854373 0.13946033 0.3316164 0.24330133 0.17653689 0.1186948 0.22619607 0.12484905 0.15300648 0.14149532 0.23049827 0.10419521 0.34202093 0.24611157 0.19241107 0.15310065 0.0899766 0.14282559 0.41995767 0.27102092 0.19305386 0.25981763 0.15512009 0.18112873 0.10139846 0.07925135 0.11314487 0.2614216 0.40844548 0.34068847 0.23961665 0.16862729 0.22701597 0.2525854 0.17179081 0.1122417 0.26520553 0.19682482 0.2238927 0.36090103 0.37419924 0.1858896 0.40962183 0.0903557 0.14615855 0.11660516 0.27590823 0.2045336 0.118368804 0.090570696 0.6433298 0.18299125 0.114923924 0.18042071 0.1356887 0.12681888 0.3436356 0.07014659 0.15735053 0.1824885 0.43403974 0.1522887 0.30823696 0.21504128 0.26623473 0.15298906 0.15941972 0.1542045 0.17996922 0.17540897,0.16147426 0.21466751 0.14864305 0.30750388 0.24009703 0.20097162 0.31405297 0.16735537 0.097698025 0.13587685 0.2023304 0.12461093 0.40597045 0.2697079 0.30480567 0.19190912 0.2188122 0.13259147 0.24815491 0.34779382 0.2379455 0.23920614 0.24568185 0.3805771 0.2397337 0.22182803 0.1094035 0.31123745 0.11470632 0.29642424 0.18047744 0.16625816 0.15171875 0.08090666 0.07122748 0.22253501 0.23405202 0.07939449 0.26978877 0.093001366 0.28005153 0.27171126 0.11135901 0.17391045 0.21957041 0.18671006 0.13017711 0.2368667 0.43469307 0.24001563 0.2725573 0.21210606 0.121192396 0.1569465 0.12794955 0.15420805 0.27836734 0.11571356 0.17151594 0.0979776 0.15790235 0.12561221 0.21738929 0.14850163 0.30614418 0.2478526 0.4956307 0.21942113 0.09619584 0.26441628 0.10141014 0.14762528 0.24961412 0.1615653 0.14736228 0.14898634 0.08910757 0.37104458 0.16183783 0.19219403 0.125501 0.26113504 0.19263521 0.21065901 0.10139025 0.07874933 0.3709868 0.15895689 0.38116103 0.06405302 0.14681299 0.5885732 0.36681524 0.124316305 0.18703592 0.12419266 0.4236494 0.09559136 0.15413952 0.16949412 0.4828748 0.30058822 0.31381756 0.22502176 0.18246357 0.4026281 0.1016029 0.6522947 0.65486026 0.12032909 0.085544184 0.20668362 0.16344048 0.32888123 0.22086287 0.1453315 0.10836114 0.19691318 0.15955229 0.14029865 0.26373178 0.37132728 0.34440324 0.12936172 0.15503903 0.12125915 0.19855279 0.102137215 0.29148063 0.13179372 0.119513996 0.16611731 0.10440487 0.16777831 0.33931834 0.28587845 0.123839095 0.2852309 0.21678662 0.2575505 0.3431314 0.17815167 0.2623653 0.25975004 0.14488173 0.30008805 0.16855115 0.18685368 0.2997182 0.4685244 0.39128372 0.1524419 0.20194215 0.17660004 0.18353683 0.33947116 0.1592769 0.14457081 0.35179842 0.12654647 0.1523942 0.2377705 0.10546224 0.26981404 0.32915428 0.25169688 0.30690333 0.4540711 0.29132482 0.2160068 0.6631401 0.14740293 0.45782337 0.5078429 0.2820584 0.27461892 0.21841379 0.1442442 0.29070076 0.44203594 0.45049563 0.25930676 0.32836667 0.588676 0.449255 0.22720659 0.17852193 0.13944331 0.33157593 0.24327165 0.17651534 0.11868031 0.22616847 0.124833815 0.15298781 0.14147805 0.23047014 0.1041825 0.3419792 0.24608155 0.19238758 0.15308197 0.08996562 0.14280817 0.41990644 0.27098784 0.1930303 0.25978592 0.15510115 0.18110661 0.101386085 0.07924168 0.113131054 0.2613897 0.40839565 0.3406469 0.2395874 0.16860671 0.22698826 0.25255457 0.17176984 0.112228006 0.26517317 0.1968008 0.22386539 0.36085698 0.37415355 0.1858669 0.40957183 0.090344675 0.14614071 0.11659093 0.27587456 0.20450865 0.11835436 0.09055965 0.6432513 0.18296893 0.114909895 0.1803987 0.13567214 0.12680341 0.34359366 0.07013803 0.15733133 0.18246624 0.43398675 0.15227012 0.30819935 0.21501504 0.26620224 0.15297039 0.15940027 0.15418568 0.17994726 0.17538758,,
804,3x3x256x256,0.16149396 0.21469373 0.14866118 0.30754143 0.24012633 0.20099615 0.3140913 0.1673758 0.097709954 0.13589343 0.2023551 0.124626145 0.40602 0.2697408 0.3048429 0.19193254 0.21883892 0.13260765 0.24818519 0.3478363 0.23797454 0.23923534 0.24571185 0.38062352 0.23976295 0.2218551 0.10941685 0.31127542 0.11472032 0.29646042 0.18049948 0.16627845 0.15173726 0.08091654 0.07123618 0.22256218 0.23408058 0.079404175 0.2698217 0.09301271 0.2800857 0.27174443 0.111372605 0.17393167 0.2195972 0.18673286 0.13019301 0.2368956 0.43474615 0.24004492 0.27259058 0.21213196 0.12120719 0.15696564 0.12796517 0.15422687 0.27840132 0.11572768 0.17153688 0.09798956 0.15792163 0.12562755 0.21741581 0.14851977 0.30618155 0.24788284 0.4956912 0.21944793 0.09620758 0.26444855 0.101422526 0.1476433 0.24964458 0.16158503 0.14738026 0.14900453 0.08911845 0.37108985 0.16185758 0.1922175 0.12551633 0.26116693 0.19265872 0.21068472 0.101402625 0.07875894 0.3710321 0.15897629 0.38120756 0.064060844 0.1468309 0.5886451 0.36686003 0.124331474 0.18705875 0.12420782 0.4237011 0.09560303 0.15415832 0.16951482 0.48293373 0.3006249 0.31385586 0.22504923 0.18248583 0.40267724 0.1016153 0.65237427 0.6549402 0.120343775 0.08555463 0.20670885 0.16346042 0.32892138 0.22088982 0.14534925 0.108374365 0.19693722 0.15957177 0.14031577 0.26376396 0.3713726 0.34444526 0.1293775 0.15505795 0.12127396 0.19857703 0.10214968 0.2915162 0.1318098 0.119528584 0.16613758 0.104417615 0.1677988 0.33935973 0.28591335 0.123854205 0.2852657 0.21681307 0.25758195 0.3431733 0.17817341 0.26239732 0.25978175 0.1448994 0.30012468 0.16857171 0.18687648 0.2997548 0.4685816 0.39133146 0.1524605 0.20196679 0.17662159 0.18355924 0.33951262 0.15929633 0.14458846 0.35184136 0.12656191 0.15241282 0.23779951 0.105475105 0.26984698 0.32919446 0.2517276 0.3069408 0.4541265 0.29136038 0.21603318 0.66322106 0.14742093 0.45787925 0.5079049 0.2820928 0.27465242 0.21844044 0.14426179 0.29073623 0.44208992 0.45055062 0.2593384 0.32840675 0.58874786 0.44930983 0.22723432 0.17854373 0.13946033 0.3316164 0.24330133 0.17653689 0.1186948 0.22619607 0.12484905 0.15300648 0.14149532 0.23049827 0.10419521 0.34202093 0.24611157 0.19241107 0.15310065 0.0899766 0.14282559 0.41995767 0.27102092 0.19305386 0.25981763 0.15512009 0.18112873 0.10139846 0.07925135 0.11314487 0.2614216 0.40844548 0.34068847 0.23961665 0.16862729 0.22701597 0.2525854 0.17179081 0.1122417 0.26520553 0.19682482 0.2238927 0.36090103 0.37419924 0.1858896 0.40962183 0.0903557 0.14615855 0.11660516 0.27590823 0.2045336 0.118368804 0.090570696 0.6433298 0.18299125 0.114923924 0.18042071 0.1356887 0.12681888 0.3436356 0.07014659 0.15735053 0.1824885 0.43403974 0.1522887 0.30823696 0.21504128 0.26623473 0.15298906 0.15941972 0.1542045 0.17996922 0.17540897,0.16147426 0.21466751 0.14864305 0.30750388 0.24009703 0.20097162 0.31405297 0.16735537 0.097698025 0.13587685 0.2023304 0.12461093 0.40597045 0.2697079 0.30480567 0.19190912 0.2188122 0.13259147 0.24815491 0.34779382 0.2379455 0.23920614 0.24568185 0.3805771 0.2397337 0.22182803 0.1094035 0.31123745 0.11470632 0.29642424 0.18047744 0.16625816 0.15171875 0.08090666 0.07122748 0.22253501 0.23405202 0.07939449 0.26978877 0.093001366 0.28005153 0.27171126 0.11135901 0.17391045 0.21957041 0.18671006 0.13017711 0.2368667 0.43469307 0.24001563 0.2725573 0.21210606 0.121192396 0.1569465 0.12794955 0.15420805 0.27836734 0.11571356 0.17151594 0.0979776 0.15790235 0.12561221 0.21738929 0.14850163 0.30614418 0.2478526 0.4956307 0.21942113 0.09619584 0.26441628 0.10141014 0.14762528 0.24961412 0.1615653 0.14736228 0.14898634 0.08910757 0.37104458 0.16183783 0.19219403 0.125501 0.26113504 0.19263521 0.21065901 0.10139025 0.07874933 0.3709868 0.15895689 0.38116103 0.06405302 0.14681299 0.5885732 0.36681524 0.124316305 0.18703592 0.12419266 0.4236494 0.09559136 0.15413952 0.16949412 0.4828748 0.30058822 0.31381756 0.22502176 0.18246357 0.4026281 0.1016029 0.6522947 0.65486026 0.12032909 0.085544184 0.20668362 0.16344048 0.32888123 0.22086287 0.1453315 0.10836114 0.19691318 0.15955229 0.14029865 0.26373178 0.37132728 0.34440324 0.12936172 0.15503903 0.12125915 0.19855279 0.102137215 0.29148063 0.13179372 0.119513996 0.16611731 0.10440487 0.16777831 0.33931834 0.28587845 0.123839095 0.2852309 0.21678662 0.2575505 0.3431314 0.17815167 0.2623653 0.25975004 0.14488173 0.30008805 0.16855115 0.18685368 0.2997182 0.4685244 0.39128372 0.1524419 0.20194215 0.17660004 0.18353683 0.33947116 0.1592769 0.14457081 0.35179842 0.12654647 0.1523942 0.2377705 0.10546224 0.26981404 0.32915428 0.25169688 0.30690333 0.4540711 0.29132482 0.2160068 0.6631401 0.14740293 0.45782337 0.5078429 0.2820584 0.27461892 0.21841379 0.1442442 0.29070076 0.44203594 0.45049563 0.25930676 0.32836667 0.588676 0.449255 0.22720659 0.17852193 0.13944331 0.33157593 0.24327165 0.17651534 0.11868031 0.22616847 0.124833815 0.15298781 0.14147805 0.23047014 0.1041825 0.3419792 0.24608155 0.19238758 0.15308197 0.08996562 0.14280817 0.41990644 0.27098784 0.1930303 0.25978592 0.15510115 0.18110661 0.101386085 0.07924168 0.113131054 0.2613897 0.40839565 0.3406469 0.2395874 0.16860671 0.22698826 0.25255457 0.17176984 0.112228006 0.26517317 0.1968008 0.22386539 0.36085698 0.37415355 0.1858669 0.40957183 0.090344675 0.14614071 0.11659093 0.27587456 0.20450865 0.11835436 0.09055965 0.6432513 0.18296893 0.114909895 0.1803987 0.13567214 0.12680341 0.34359366 0.07013803 0.15733133 0.18246624 0.43398675 0.15227012 0.30819935 0.21501504 0.26620224 0.15297039 0.15940027 0.15418568 0.17994726 0.17538758,,
808,3x3x256x256,0.16149396 0.21469373 0.14866118 0.30754143 0.24012633 0.20099615 0.3140913 0.1673758 0.097709954 0.13589343 0.2023551 0.124626145 0.40602 0.2697408 0.3048429 0.19193254 0.21883892 0.13260765 0.24818519 0.3478363 0.23797454 0.23923534 0.24571185 0.38062352 0.23976295 0.2218551 0.10941685 0.31127542 0.11472032 0.29646042 0.18049948 0.16627845 0.15173726 0.08091654 0.07123618 0.22256218 0.23408058 0.079404175 0.2698217 0.09301271 0.2800857 0.27174443 0.111372605 0.17393167 0.2195972 0.18673286 0.13019301 0.2368956 0.43474615 0.24004492 0.27259058 0.21213196 0.12120719 0.15696564 0.12796517 0.15422687 0.27840132 0.11572768 0.17153688 0.09798956 0.15792163 0.12562755 0.21741581 0.14851977 0.30618155 0.24788284 0.4956912 0.21944793 0.09620758 0.26444855 0.101422526 0.1476433 0.24964458 0.16158503 0.14738026 0.14900453 0.08911845 0.37108985 0.16185758 0.1922175 0.12551633 0.26116693 0.19265872 0.21068472 0.101402625 0.07875894 0.3710321 0.15897629 0.38120756 0.064060844 0.1468309 0.5886451 0.36686003 0.124331474 0.18705875 0.12420782 0.4237011 0.09560303 0.15415832 0.16951482 0.48293373 0.3006249 0.31385586 0.22504923 0.18248583 0.40267724 0.1016153 0.65237427 0.6549402 0.120343775 0.08555463 0.20670885 0.16346042 0.32892138 0.22088982 0.14534925 0.108374365 0.19693722 0.15957177 0.14031577 0.26376396 0.3713726 0.34444526 0.1293775 0.15505795 0.12127396 0.19857703 0.10214968 0.2915162 0.1318098 0.119528584 0.16613758 0.104417615 0.1677988 0.33935973 0.28591335 0.123854205 0.2852657 0.21681307 0.25758195 0.3431733 0.17817341 0.26239732 0.25978175 0.1448994 0.30012468 0.16857171 0.18687648 0.2997548 0.4685816 0.39133146 0.1524605 0.20196679 0.17662159 0.18355924 0.33951262 0.15929633 0.14458846 0.35184136 0.12656191 0.15241282 0.23779951 0.105475105 0.26984698 0.32919446 0.2517276 0.3069408 0.4541265 0.29136038 0.21603318 0.66322106 0.14742093 0.45787925 0.5079049 0.2820928 0.27465242 0.21844044 0.14426179 0.29073623 0.44208992 0.45055062 0.2593384 0.32840675 0.58874786 0.44930983 0.22723432 0.17854373 0.13946033 0.3316164 0.24330133 0.17653689 0.1186948 0.22619607 0.12484905 0.15300648 0.14149532 0.23049827 0.10419521 0.34202093 0.24611157 0.19241107 0.15310065 0.0899766 0.14282559 0.41995767 0.27102092 0.19305386 0.25981763 0.15512009 0.18112873 0.10139846 0.07925135 0.11314487 0.2614216 0.40844548 0.34068847 0.23961665 0.16862729 0.22701597 0.2525854 0.17179081 0.1122417 0.26520553 0.19682482 0.2238927 0.36090103 0.37419924 0.1858896 0.40962183 0.0903557 0.14615855 0.11660516 0.27590823 0.2045336 0.118368804 0.090570696 0.6433298 0.18299125 0.114923924 0.18042071 0.1356887 0.12681888 0.3436356 0.07014659 0.15735053 0.1824885 0.43403974 0.1522887 0.30823696 0.21504128 0.26623473 0.15298906 0.15941972 0.1542045 0.17996922 0.17540897,0.16147426 0.21466751 0.14864305 0.30750388 0.24009703 0.20097162 0.31405297 0.16735537 0.097698025 0.13587685 0.2023304 0.12461093 0.40597045 0.2697079 0.30480567 0.19190912 0.2188122 0.13259147 0.24815491 0.34779382 0.2379455 0.23920614 0.24568185 0.3805771 0.2397337 0.22182803 0.1094035 0.31123745 0.11470632 0.29642424 0.18047744 0.16625816 0.15171875 0.08090666 0.07122748 0.22253501 0.23405202 0.07939449 0.26978877 0.093001366 0.28005153 0.27171126 0.11135901 0.17391045 0.21957041 0.18671006 0.13017711 0.2368667 0.43469307 0.24001563 0.2725573 0.21210606 0.121192396 0.1569465 0.12794955 0.15420805 0.27836734 0.11571356 0.17151594 0.0979776 0.15790235 0.12561221 0.21738929 0.14850163 0.30614418 0.2478526 0.4956307 0.21942113 0.09619584 0.26441628 0.10141014 0.14762528 0.24961412 0.1615653 0.14736228 0.14898634 0.08910757 0.37104458 0.16183783 0.19219403 0.125501 0.26113504 0.19263521 0.21065901 0.10139025 0.07874933 0.3709868 0.15895689 0.38116103 0.06405302 0.14681299 0.5885732 0.36681524 0.124316305 0.18703592 0.12419266 0.4236494 0.09559136 0.15413952 0.16949412 0.4828748 0.30058822 0.31381756 0.22502176 0.18246357 0.4026281 0.1016029 0.6522947 0.65486026 0.12032909 0.085544184 0.20668362 0.16344048 0.32888123 0.22086287 0.1453315 0.10836114 0.19691318 0.15955229 0.14029865 0.26373178 0.37132728 0.34440324 0.12936172 0.15503903 0.12125915 0.19855279 0.102137215 0.29148063 0.13179372 0.119513996 0.16611731 0.10440487 0.16777831 0.33931834 0.28587845 0.123839095 0.2852309 0.21678662 0.2575505 0.3431314 0.17815167 0.2623653 0.25975004 0.14488173 0.30008805 0.16855115 0.18685368 0.2997182 0.4685244 0.39128372 0.1524419 0.20194215 0.17660004 0.18353683 0.33947116 0.1592769 0.14457081 0.35179842 0.12654647 0.1523942 0.2377705 0.10546224 0.26981404 0.32915428 0.25169688 0.30690333 0.4540711 0.29132482 0.2160068 0.6631401 0.14740293 0.45782337 0.5078429 0.2820584 0.27461892 0.21841379 0.1442442 0.29070076 0.44203594 0.45049563 0.25930676 0.32836667 0.588676 0.449255 0.22720659 0.17852193 0.13944331 0.33157593 0.24327165 0.17651534 0.11868031 0.22616847 0.124833815 0.15298781 0.14147805 0.23047014 0.1041825 0.3419792 0.24608155 0.19238758 0.15308197 0.08996562 0.14280817 0.41990644 0.27098784 0.1930303 0.25978592 0.15510115 0.18110661 0.101386085 0.07924168 0.113131054 0.2613897 0.40839565 0.3406469 0.2395874 0.16860671 0.22698826 0.25255457 0.17176984 0.112228006 0.26517317 0.1968008 0.22386539 0.36085698 0.37415355 0.1858669 0.40957183 0.090344675 0.14614071 0.11659093 0.27587456 0.20450865 0.11835436 0.09055965 0.6432513 0.18296893 0.114909895 0.1803987 0.13567214 0.12680341 0.34359366 0.07013803 0.15733133 0.18246624 0.43398675 0.15227012 0.30819935 0.21501504 0.26620224 0.15297039 0.15940027 0.15418568 0.17994726 0.17538758,,
812,3x3x256x256,0.16149396 0.21469373 0.14866118 0.30754143 0.24012633 0.20099615 0.3140913 0.1673758 0.097709954 0.13589343 0.2023551 0.124626145 0.40602 0.2697408 0.3048429 0.19193254 0.21883892 0.13260765 0.24818519 0.3478363 0.23797454 0.23923534 0.24571185 0.38062352 0.23976295 0.2218551 0.10941685 0.31127542 0.11472032 0.29646042 0.18049948 0.16627845 0.15173726 0.08091654 0.07123618 0.22256218 0.23408058 0.079404175 0.2698217 0.09301271 0.2800857 0.27174443 0.111372605 0.17393167 0.2195972 0.18673286 0.13019301 0.2368956 0.43474615 0.24004492 0.27259058 0.21213196 0.12120719 0.15696564 0.12796517 0.15422687 0.27840132 0.11572768 0.17153688 0.09798956 0.15792163 0.12562755 0.21741581 0.14851977 0.30618155 0.24788284 0.4956912 0.21944793 0.09620758 0.26444855 0.101422526 0.1476433 0.24964458 0.16158503 0.14738026 0.14900453 0.08911845 0.37108985 0.16185758 0.1922175 0.12551633 0.26116693 0.19265872 0.21068472 0.101402625 0.07875894 0.3710321 0.15897629 0.38120756 0.064060844 0.1468309 0.5886451 0.36686003 0.124331474 0.18705875 0.12420782 0.4237011 0.09560303 0.15415832 0.16951482 0.48293373 0.3006249 0.31385586 0.22504923 0.18248583 0.40267724 0.1016153 0.65237427 0.6549402 0.120343775 0.08555463 0.20670885 0.16346042 0.32892138 0.22088982 0.14534925 0.108374365 0.19693722 0.15957177 0.14031577 0.26376396 0.3713726 0.34444526 0.1293775 0.15505795 0.12127396 0.19857703 0.10214968 0.2915162 0.1318098 0.119528584 0.16613758 0.104417615 0.1677988 0.33935973 0.28591335 0.123854205 0.2852657 0.21681307 0.25758195 0.3431733 0.17817341 0.26239732 0.25978175 0.1448994 0.30012468 0.16857171 0.18687648 0.2997548 0.4685816 0.39133146 0.1524605 0.20196679 0.17662159 0.18355924 0.33951262 0.15929633 0.14458846 0.35184136 0.12656191 0.15241282 0.23779951 0.105475105 0.26984698 0.32919446 0.2517276 0.3069408 0.4541265 0.29136038 0.21603318 0.66322106 0.14742093 0.45787925 0.5079049 0.2820928 0.27465242 0.21844044 0.14426179 0.29073623 0.44208992 0.45055062 0.2593384 0.32840675 0.58874786 0.44930983 0.22723432 0.17854373 0.13946033 0.3316164 0.24330133 0.17653689 0.1186948 0.22619607 0.12484905 0.15300648 0.14149532 0.23049827 0.10419521 0.34202093 0.24611157 0.19241107 0.15310065 0.0899766 0.14282559 0.41995767 0.27102092 0.19305386 0.25981763 0.15512009 0.18112873 0.10139846 0.07925135 0.11314487 0.2614216 0.40844548 0.34068847 0.23961665 0.16862729 0.22701597 0.2525854 0.17179081 0.1122417 0.26520553 0.19682482 0.2238927 0.36090103 0.37419924 0.1858896 0.40962183 0.0903557 0.14615855 0.11660516 0.27590823 0.2045336 0.118368804 0.090570696 0.6433298 0.18299125 0.114923924 0.18042071 0.1356887 0.12681888 0.3436356 0.07014659 0.15735053 0.1824885 0.43403974 0.1522887 0.30823696 0.21504128 0.26623473 0.15298906 0.15941972 0.1542045 0.17996922 0.17540897,0.16147426 0.21466751 0.14864305 0.30750388 0.24009703 0.20097162 0.31405297 0.16735537 0.097698025 0.13587685 0.2023304 0.12461093 0.40597045 0.2697079 0.30480567 0.19190912 0.2188122 0.13259147 0.24815491 0.34779382 0.2379455 0.23920614 0.24568185 0.3805771 0.2397337 0.22182803 0.1094035 0.31123745 0.11470632 0.29642424 0.18047744 0.16625816 0.15171875 0.08090666 0.07122748 0.22253501 0.23405202 0.07939449 0.26978877 0.093001366 0.28005153 0.27171126 0.11135901 0.17391045 0.21957041 0.18671006 0.13017711 0.2368667 0.43469307 0.24001563 0.2725573 0.21210606 0.121192396 0.1569465 0.12794955 0.15420805 0.27836734 0.11571356 0.17151594 0.0979776 0.15790235 0.12561221 0.21738929 0.14850163 0.30614418 0.2478526 0.4956307 0.21942113 0.09619584 0.26441628 0.10141014 0.14762528 0.24961412 0.1615653 0.14736228 0.14898634 0.08910757 0.37104458 0.16183783 0.19219403 0.125501 0.26113504 0.19263521 0.21065901 0.10139025 0.07874933 0.3709868 0.15895689 0.38116103 0.06405302 0.14681299 0.5885732 0.36681524 0.124316305 0.18703592 0.12419266 0.4236494 0.09559136 0.15413952 0.16949412 0.4828748 0.30058822 0.31381756 0.22502176 0.18246357 0.4026281 0.1016029 0.6522947 0.65486026 0.12032909 0.085544184 0.20668362 0.16344048 0.32888123 0.22086287 0.1453315 0.10836114 0.19691318 0.15955229 0.14029865 0.26373178 0.37132728 0.34440324 0.12936172 0.15503903 0.12125915 0.19855279 0.102137215 0.29148063 0.13179372 0.119513996 0.16611731 0.10440487 0.16777831 0.33931834 0.28587845 0.123839095 0.2852309 0.21678662 0.2575505 0.3431314 0.17815167 0.2623653 0.25975004 0.14488173 0.30008805 0.16855115 0.18685368 0.2997182 0.4685244 0.39128372 0.1524419 0.20194215 0.17660004 0.18353683 0.33947116 0.1592769 0.14457081 0.35179842 0.12654647 0.1523942 0.2377705 0.10546224 0.26981404 0.32915428 0.25169688 0.30690333 0.4540711 0.29132482 0.2160068 0.6631401 0.14740293 0.45782337 0.5078429 0.2820584 0.27461892 0.21841379 0.1442442 0.29070076 0.44203594 0.45049563 0.25930676 0.32836667 0.588676 0.449255 0.22720659 0.17852193 0.13944331 0.33157593 0.24327165 0.17651534 0.11868031 0.22616847 0.124833815 0.15298781 0.14147805 0.23047014 0.1041825 0.3419792 0.24608155 0.19238758 0.15308197 0.08996562 0.14280817 0.41990644 0.27098784 0.1930303 0.25978592 0.15510115 0.18110661 0.101386085 0.07924168 0.113131054 0.2613897 0.40839565 0.3406469 0.2395874 0.16860671 0.22698826 0.25255457 0.17176984 0.112228006 0.26517317 0.1968008 0.22386539 0.36085698 0.37415355 0.1858669 0.40957183 0.090344675 0.14614071 0.11659093 0.27587456 0.20450865 0.11835436 0.09055965 0.6432513 0.18296893 0.114909895 0.1803987 0.13567214 0.12680341 0.34359366 0.07013803 0.15733133 0.18246624 0.43398675 0.15227012 0.30819935 0.21501504 0.26620224 0.15297039 0.15940027 0.15418568 0.17994726 0.17538758,,
816,3x3x256x256,0.16149396 0.21469373 0.14866118 0.30754143 0.24012633 0.20099615 0.3140913 0.1673758 0.097709954 0.13589343 0.2023551 0.124626145 0.40602 0.2697408 0.3048429 0.19193254 0.21883892 0.13260765 0.24818519 0.3478363 0.23797454 0.23923534 0.24571185 0.38062352 0.23976295 0.2218551 0.10941685 0.31127542 0.11472032 0.29646042 0.18049948 0.16627845 0.15173726 0.08091654 0.07123618 0.22256218 0.23408058 0.079404175 0.2698217 0.09301271 0.2800857 0.27174443 0.111372605 0.17393167 0.2195972 0.18673286 0.13019301 0.2368956 0.43474615 0.24004492 0.27259058 0.21213196 0.12120719 0.15696564 0.12796517 0.15422687 0.27840132 0.11572768 0.17153688 0.09798956 0.15792163 0.12562755 0.21741581 0.14851977 0.30618155 0.24788284 0.4956912 0.21944793 0.09620758 0.26444855 0.101422526 0.1476433 0.24964458 0.16158503 0.14738026 0.14900453 0.08911845 0.37108985 0.16185758 0.1922175 0.12551633 0.26116693 0.19265872 0.21068472 0.101402625 0.07875894 0.3710321 0.15897629 0.38120756 0.064060844 0.1468309 0.5886451 0.36686003 0.124331474 0.18705875 0.12420782 0.4237011 0.09560303 0.15415832 0.16951482 0.48293373 0.3006249 0.31385586 0.22504923 0.18248583 0.40267724 0.1016153 0.65237427 0.6549402 0.120343775 0.08555463 0.20670885 0.16346042 0.32892138 0.22088982 0.14534925 0.108374365 0.19693722 0.15957177 0.14031577 0.26376396 0.3713726 0.34444526 0.1293775 0.15505795 0.12127396 0.19857703 0.10214968 0.2915162 0.1318098 0.119528584 0.16613758 0.104417615 0.1677988 0.33935973 0.28591335 0.123854205 0.2852657 0.21681307 0.25758195 0.3431733 0.17817341 0.26239732 0.25978175 0.1448994 0.30012468 0.16857171 0.18687648 0.2997548 0.4685816 0.39133146 0.1524605 0.20196679 0.17662159 0.18355924 0.33951262 0.15929633 0.14458846 0.35184136 0.12656191 0.15241282 0.23779951 0.105475105 0.26984698 0.32919446 0.2517276 0.3069408 0.4541265 0.29136038 0.21603318 0.66322106 0.14742093 0.45787925 0.5079049 0.2820928 0.27465242 0.21844044 0.14426179 0.29073623 0.44208992 0.45055062 0.2593384 0.32840675 0.58874786 0.44930983 0.22723432 0.17854373 0.13946033 0.3316164 0.24330133 0.17653689 0.1186948 0.22619607 0.12484905 0.15300648 0.14149532 0.23049827 0.10419521 0.34202093 0.24611157 0.19241107 0.15310065 0.0899766 0.14282559 0.41995767 0.27102092 0.19305386 0.25981763 0.15512009 0.18112873 0.10139846 0.07925135 0.11314487 0.2614216 0.40844548 0.34068847 0.23961665 0.16862729 0.22701597 0.2525854 0.17179081 0.1122417 0.26520553 0.19682482 0.2238927 0.36090103 0.37419924 0.1858896 0.40962183 0.0903557 0.14615855 0.11660516 0.27590823 0.2045336 0.118368804 0.090570696 0.6433298 0.18299125 0.114923924 0.18042071 0.1356887 0.12681888 0.3436356 0.07014659 0.15735053 0.1824885 0.43403974 0.1522887 0.30823696 0.21504128 0.26623473 0.15298906 0.15941972 0.1542045 0.17996922 0.17540897,0.16147426 0.21466751 0.14864305 0.30750388 0.24009703 0.20097162 0.31405297 0.16735537 0.097698025 0.13587685 0.2023304 0.12461093 0.40597045 0.2697079 0.30480567 0.19190912 0.2188122 0.13259147 0.24815491 0.34779382 0.2379455 0.23920614 0.24568185 0.3805771 0.2397337 0.22182803 0.1094035 0.31123745 0.11470632 0.29642424 0.18047744 0.16625816 0.15171875 0.08090666 0.07122748 0.22253501 0.23405202 0.07939449 0.26978877 0.093001366 0.28005153 0.27171126 0.11135901 0.17391045 0.21957041 0.18671006 0.13017711 0.2368667 0.43469307 0.24001563 0.2725573 0.21210606 0.121192396 0.1569465 0.12794955 0.15420805 0.27836734 0.11571356 0.17151594 0.0979776 0.15790235 0.12561221 0.21738929 0.14850163 0.30614418 0.2478526 0.4956307 0.21942113 0.09619584 0.26441628 0.10141014 0.14762528 0.24961412 0.1615653 0.14736228 0.14898634 0.08910757 0.37104458 0.16183783 0.19219403 0.125501 0.26113504 0.19263521 0.21065901 0.10139025 0.07874933 0.3709868 0.15895689 0.38116103 0.06405302 0.14681299 0.5885732 0.36681524 0.124316305 0.18703592 0.12419266 0.4236494 0.09559136 0.15413952 0.16949412 0.4828748 0.30058822 0.31381756 0.22502176 0.18246357 0.4026281 0.1016029 0.6522947 0.65486026 0.12032909 0.085544184 0.20668362 0.16344048 0.32888123 0.22086287 0.1453315 0.10836114 0.19691318 0.15955229 0.14029865 0.26373178 0.37132728 0.34440324 0.12936172 0.15503903 0.12125915 0.19855279 0.102137215 0.29148063 0.13179372 0.119513996 0.16611731 0.10440487 0.16777831 0.33931834 0.28587845 0.123839095 0.2852309 0.21678662 0.2575505 0.3431314 0.17815167 0.2623653 0.25975004 0.14488173 0.30008805 0.16855115 0.18685368 0.2997182 0.4685244 0.39128372 0.1524419 0.20194215 0.17660004 0.18353683 0.33947116 0.1592769 0.14457081 0.35179842 0.12654647 0.1523942 0.2377705 0.10546224 0.26981404 0.32915428 0.25169688 0.30690333 0.4540711 0.29132482 0.2160068 0.6631401 0.14740293 0.45782337 0.5078429 0.2820584 0.27461892 0.21841379 0.1442442 0.29070076 0.44203594 0.45049563 0.25930676 0.32836667 0.588676 0.449255 0.22720659 0.17852193 0.13944331 0.33157593 0.24327165 0.17651534 0.11868031 0.22616847 0.124833815 0.15298781 0.14147805 0.23047014 0.1041825 0.3419792 0.24608155 0.19238758 0.15308197 0.08996562 0.14280817 0.41990644 0.27098784 0.1930303 0.25978592 0.15510115 0.18110661 0.101386085 0.07924168 0.113131054 0.2613897 0.40839565 0.3406469 0.2395874 0.16860671 0.22698826 0.25255457 0.17176984 0.112228006 0.26517317 0.1968008 0.22386539 0.36085698 0.37415355 0.1858669 0.40957183 0.090344675 0.14614071 0.11659093 0.27587456 0.20450865 0.11835436 0.09055965 0.6432513 0.18296893 0.114909895 0.1803987 0.13567214 0.12680341 0.34359366 0.07013803 0.15733133 0.18246624 0.43398675 0.15227012 0.30819935 0.21501504 0.26620224 0.15297039 0.15940027 0.15418568 0.17994726 0.17538758,,
820,3x3x256x256,0.16149396 0.21469373 0.14866118 0.30754143 0.24012633 0.20099615 0.3140913 0.1673758 0.097709954 0.13589343 0.2023551 0.124626145 0.40602 0.2697408 0.3048429 0.19193254 0.21883892 0.13260765 0.24818519 0.3478363 0.23797454 0.23923534 0.24571185 0.38062352 0.23976295 0.2218551 0.10941685 0.31127542 0.11472032 0.29646042 0.18049948 0.16627845 0.15173726 0.08091654 0.07123618 0.22256218 0.23408058 0.079404175 0.2698217 0.09301271 0.2800857 0.27174443 0.111372605 0.17393167 0.2195972 0.18673286 0.13019301 0.2368956 0.43474615 0.24004492 0.27259058 0.21213196 0.12120719 0.15696564 0.12796517 0.15422687 0.27840132 0.11572768 0.17153688 0.09798956 0.15792163 0.12562755 0.21741581 0.14851977 0.30618155 0.24788284 0.4956912 0.21944793 0.09620758 0.26444855 0.101422526 0.1476433 0.24964458 0.16158503 0.14738026 0.14900453 0.08911845 0.37108985 0.16185758 0.1922175 0.12551633 0.26116693 0.19265872 0.21068472 0.101402625 0.07875894 0.3710321 0.15897629 0.38120756 0.064060844 0.1468309 0.5886451 0.36686003 0.124331474 0.18705875 0.12420782 0.4237011 0.09560303 0.15415832 0.16951482 0.48293373 0.3006249 0.31385586 0.22504923 0.18248583 0.40267724 0.1016153 0.65237427 0.6549402 0.120343775 0.08555463 0.20670885 0.16346042 0.32892138 0.22088982 0.14534925 0.108374365 0.19693722 0.15957177 0.14031577 0.26376396 0.3713726 0.34444526 0.1293775 0.15505795 0.12127396 0.19857703 0.10214968 0.2915162 0.1318098 0.119528584 0.16613758 0.104417615 0.1677988 0.33935973 0.28591335 0.123854205 0.2852657 0.21681307 0.25758195 0.3431733 0.17817341 0.26239732 0.25978175 0.1448994 0.30012468 0.16857171 0.18687648 0.2997548 0.4685816 0.39133146 0.1524605 0.20196679 0.17662159 0.18355924 0.33951262 0.15929633 0.14458846 0.35184136 0.12656191 0.15241282 0.23779951 0.105475105 0.26984698 0.32919446 0.2517276 0.3069408 0.4541265 0.29136038 0.21603318 0.66322106 0.14742093 0.45787925 0.5079049 0.2820928 0.27465242 0.21844044 0.14426179 0.29073623 0.44208992 0.45055062 0.2593384 0.32840675 0.58874786 0.44930983 0.22723432 0.17854373 0.13946033 0.3316164 0.24330133 0.17653689 0.1186948 0.22619607 0.12484905 0.15300648 0.14149532 0.23049827 0.10419521 0.34202093 0.24611157 0.19241107 0.15310065 0.0899766 0.14282559 0.41995767 0.27102092 0.19305386 0.25981763 0.15512009 0.18112873 0.10139846 0.07925135 0.11314487 0.2614216 0.40844548 0.34068847 0.23961665 0.16862729 0.22701597 0.2525854 0.17179081 0.1122417 0.26520553 0.19682482 0.2238927 0.36090103 0.37419924 0.1858896 0.40962183 0.0903557 0.14615855 0.11660516 0.27590823 0.2045336 0.118368804 0.090570696 0.6433298 0.18299125 0.114923924 0.18042071 0.1356887 0.12681888 0.3436356 0.07014659 0.15735053 0.1824885 0.43403974 0.1522887 0.30823696 0.21504128 0.26623473 0.15298906 0.15941972 0.1542045 0.17996922 0.17540897,0.16147426 0.21466751 0.14864305 0.30750388 0.24009703 0.20097162 0.31405297 0.16735537 0.097698025 0.13587685 0.2023304 0.12461093 0.40597045 0.2697079 0.30480567 0.19190912 0.2188122 0.13259147 0.24815491 0.34779382 0.2379455 0.23920614 0.24568185 0.3805771 0.2397337 0.22182803 0.1094035 0.31123745 0.11470632 0.29642424 0.18047744 0.16625816 0.15171875 0.08090666 0.07122748 0.22253501 0.23405202 0.07939449 0.26978877 0.093001366 0.28005153 0.27171126 0.11135901 0.17391045 0.21957041 0.18671006 0.13017711 0.2368667 0.43469307 0.24001563 0.2725573 0.21210606 0.121192396 0.1569465 0.12794955 0.15420805 0.27836734 0.11571356 0.17151594 0.0979776 0.15790235 0.12561221 0.21738929 0.14850163 0.30614418 0.2478526 0.4956307 0.21942113 0.09619584 0.26441628 0.10141014 0.14762528 0.24961412 0.1615653 0.14736228 0.14898634 0.08910757 0.37104458 0.16183783 0.19219403 0.125501 0.26113504 0.19263521 0.21065901 0.10139025 0.07874933 0.3709868 0.15895689 0.38116103 0.06405302 0.14681299 0.5885732 0.36681524 0.124316305 0.18703592 0.12419266 0.4236494 0.09559136 0.15413952 0.16949412 0.4828748 0.30058822 0.31381756 0.22502176 0.18246357 0.4026281 0.1016029 0.6522947 0.65486026 0.12032909 0.085544184 0.20668362 0.16344048 0.32888123 0.22086287 0.1453315 0.10836114 0.19691318 0.15955229 0.14029865 0.26373178 0.37132728 0.34440324 0.12936172 0.15503903 0.12125915 0.19855279 0.102137215 0.29148063 0.13179372 0.119513996 0.16611731 0.10440487 0.16777831 0.33931834 0.28587845 0.123839095 0.2852309 0.21678662 0.2575505 0.3431314 0.17815167 0.2623653 0.25975004 0.14488173 0.30008805 0.16855115 0.18685368 0.2997182 0.4685244 0.39128372 0.1524419 0.20194215 0.17660004 0.18353683 0.33947116 0.1592769 0.14457081 0.35179842 0.12654647 0.1523942 0.2377705 0.10546224 0.26981404 0.32915428 0.25169688 0.30690333 0.4540711 0.29132482 0.2160068 0.6631401 0.14740293 0.45782337 0.5078429 0.2820584 0.27461892 0.21841379 0.1442442 0.29070076 0.44203594 0.45049563 0.25930676 0.32836667 0.588676 0.449255 0.22720659 0.17852193 0.13944331 0.33157593 0.24327165 0.17651534 0.11868031 0.22616847 0.124833815 0.15298781 0.14147805 0.23047014 0.1041825 0.3419792 0.24608155 0.19238758 0.15308197 0.08996562 0.14280817 0.41990644 0.27098784 0.1930303 0.25978592 0.15510115 0.18110661 0.101386085 0.07924168 0.113131054 0.2613897 0.40839565 0.3406469 0.2395874 0.16860671 0.22698826 0.25255457 0.17176984 0.112228006 0.26517317 0.1968008 0.22386539 0.36085698 0.37415355 0.1858669 0.40957183 0.090344675 0.14614071 0.11659093 0.27587456 0.20450865 0.11835436 0.09055965 0.6432513 0.18296893 0.114909895 0.1803987 0.13567214 0.12680341 0.34359366 0.07013803 0.15733133 0.18246624 0.43398675 0.15227012 0.30819935 0.21501504 0.26620224 0.15297039 0.15940027 0.15418568 0.17994726 0.17538758,,
838,3x3x256x512,0.03691174 0.032046765 0.031467136 0.04722628 0.036894012 0.04033187 0.023633668 0.034499172 0.037284404 0.027136872 0.055841595 0.044431616 0.0422632 0.034701962 0.046817176 0.047917083 0.061396703 0.02929933 0.03272986 0.028918652 0.04372248 0.052813515 0.048696034 0.063798994 0.05643583 0.027817007 0.0525188 0.037751205 0.03068073 0.035491806 0.020458179 0.03987377 0.026511924 0.061107874 0.039037153 0.037922535 0.031301457 0.050945066 0.04273715 0.023292992 0.051159754 0.05173346 0.044033438 0.042449504 0.032628167 0.03297726 0.052545678 0.035313893 0.037078742 0.03794497 0.058672503 0.030420797 0.04623749 0.030522458 0.06961021 0.035599306 0.07477884 0.028778786 0.03630517 0.042709704 0.03750642 0.048285954 0.024316126 0.080256045 0.026882466 0.047484726 0.052873626 0.08964241 0.050048023 0.054428697 0.060416974 0.021996794 0.029889181 0.03107117 0.05232228 0.044514835 0.04245709 0.02218383 0.056349568 0.0376156 0.037174255 0.031506415 0.046168815 0.036804117 0.0298756 0.038448043 0.055215914 0.028639868 0.02639231 0.0348862 0.045570437 0.039155964 0.034717936 0.046024743 0.047428846 0.0273987 0.033408564 0.031245118 0.017550673 0.027293535 0.11332841 0.021954468 0.0193919 0.046832677 0.031767868 0.037437346 0.02375992 0.054587517 0.07456711 0.034684107 0.033681232 0.028469617 0.03449001 0.03652507 0.050296176 0.068479225 0.026582368 0.031283118 0.036942974 0.0346726 0.03725384 0.10213766 0.025433498 0.05277242 0.02696958 0.04622394 0.021895824 0.01841773 0.035631817 0.033446234 0.046662018 0.034453575 0.03892149 0.02332701 0.04443697 0.049547806 0.029670088 0.04167432 0.048900872 0.092175655 0.07494874 0.047527846 0.029089097 0.045870587 0.042644855 0.033654798 0.026559621 0.0467199 0.028242871 0.03584734 0.028206097 0.07073461 0.039986324 0.03322355 0.050150737 0.05240496 0.033324387 0.054033384 0.03822176 0.046574004 0.06008393 0.04356774 0.024965098 0.040561106 0.039180662 0.027827155 0.034503236 0.03975342 0.040357683 0.044010438 0.029871855 0.029070983 0.048570305 0.065190464 0.088959135 0.029676808 0.05198773 0.044817623 0.03603732 0.02503917 0.03371326 0.025239624 0.038682938 0.04225163 0.026189337 0.020920562 0.060782965 0.029278124 0.06025968 0.021294903 0.048514422 0.075037055 0.06523554 0.043748792 0.025508434 0.080391824 0.048677742 0.067590185 0.039969955 0.026436873 0.036957882 0.05463973 0.03932028 0.03029851 0.02589071 0.068577066 0.05940359 0.058894888 0.056000132 0.041194808 0.027242871 0.014306526 0.036358934 0.037951287 0.056211434 0.032420915 0.084443375 0.06542903 0.025586076 0.032010913 0.05516151 0.030377598 0.063752495 0.037410885 0.046449155 0.032306843 0.022164894 0.026924828 0.03172512 0.10074954 0.03991147 0.029577646 0.036427453 0.054295763 0.026746443 0.023072349 0.041673534 0.038812887 0.03463315 0.06327353 0.033317957 0.06579888 0.058185153 0.034742057 0.050497185 0.03321028 0.05111147 0.0478448 0.034808654 0.02846384 0.026211629 0.052678544 0.03609905 0.045750767 0.031139107 0.08118205 0.024604676 0.02541616 0.03991075 0.08625618 0.049189378 0.016916022 0.031857163 0.029851079 0.045808654 0.041339435 0.020696957 0.03156771 0.034133725 0.019487275 0.035842422 0.04080397 0.041410655 0.06995979 0.07322096 0.07980938 0.028738407 0.06787829 0.027570574 0.064774744 0.021402214 0.058693275 0.049935035 0.05078501 0.035726335 0.03593219 0.0690844 0.04158002 0.04544436 0.05799573 0.029348008 0.026953451 0.034848876 0.07036776 0.04159096 0.035687633 0.023581352 0.045575146 0.032984857 0.06860292 0.033746667 0.019891864 0.055461545 0.034912936 0.033070315 0.032524087 0.025991872 0.017538939 0.029689973 0.05211451 0.02713454 0.03940706 0.023714852 0.022353167 0.04356473 0.027553212 0.04207454 0.049882952 0.0399997 0.050006803 0.032760147 0.05326576 0.02991065 0.047438513 0.03430207 0.03946129 0.028414808 0.06326988 0.07223708 0.020101639 0.0441183 0.038389005 0.045392685 0.02037197 0.04568854 0.046246015 0.029018389 0.052171007 0.08246144 0.08497933 0.07185223 0.026992304 0.03701885 0.043385852 0.05161877 0.03383699 0.02858631 0.048460368 0.052258976 0.07844033 0.055329096 0.0285386 0.030088292 0.02911559 0.022549154 0.061931692 0.027836313 0.047134444 0.024641454 0.032590937 0.07239695 0.040734958 0.019409461 0.031588573 0.04360214 0.031777624 0.032970354 0.060664058 0.028748738 0.030040825 0.044387117 0.124032624 0.019932065 0.03649501 0.013907133 0.020191621 0.06266355 0.033773284 0.11723355 0.016593669 0.05333072 0.029097205 0.0457373 0.042775866 0.030749403 0.05483968 0.029612353 0.03660113 0.04652791 0.051840562 0.03773745 0.027181994 0.04606815 0.014032545 0.04318126 0.040312763 0.07615048 0.04536265 0.017590519 0.031104982 0.030946573 0.025211137 0.039481815 0.028684285 0.040419757 0.06233645 0.053458042 0.05697584 0.023293478 0.029910749 0.03526172 0.028724525 0.03667485 0.040517703 0.059747208 0.078757316 0.039220937 0.036008414 0.029157568 0.03164854 0.023088206 0.028414628 0.052970406 0.05818624 0.029001273 0.029852098 0.0397155 0.046940565 0.051717 0.036921695 0.04676774 0.028323771 0.039242238 0.032179423 0.05305621 0.03621933 0.039516337 0.037307303 0.05375547 0.042950585 0.018007765 0.039138775 0.024672017 0.028462093 0.030365556 0.032870278 0.020299176 0.022233574 0.050216325 0.031369824 0.042050585 0.027204929 0.02534966 0.07437523 0.02483193 0.036792573 0.045696247 0.032921456 0.028710363 0.030899353 0.033165537 0.083749756 0.052987546 0.074818216 0.030699968 0.035678476 0.06014193 0.049766555 0.028602397 0.022680774 0.03562561 0.048847247 0.043497402 0.03969911 0.029470373 0.02489948 0.054729015 0.045890346 0.025539476 0.05570104 0.023090465 0.020233298 0.017432617 0.032730255 0.044033483 0.07012863 0.04245815 0.029105943 0.03087686 0.026868906 0.029618824 0.03777708 0.043595456 0.031018313 0.07101488 0.047487285 0.067962445 0.047611367 0.032318056 0.030806234 0.046888586 0.023078924 0.025853338 0.07392914 0.034253098 0.04460054 0.068441026 0.015211373 0.03523285 0.04857782 0.025648434 0.040188108,0.036907237 0.032042854 0.031463295 0.047220517 0.036889512 0.040326945 0.023630783 0.034494963 0.03727985 0.02713356 0.055834778 0.044426195 0.042258043 0.034697726 0.046811465 0.047911234 0.061389208 0.029295756 0.032725867 0.028915122 0.043717142 0.05280707 0.048690088 0.06379121 0.056428943 0.027813613 0.052512392 0.0377466 0.030676985 0.035487477 0.02045568 0.039868902 0.026508689 0.061100416 0.03903239 0.037917905 0.031297635 0.05093885 0.042731933 0.02329015 0.05115351 0.051727146 0.044028066 0.042444326 0.032624185 0.032973234 0.052539263 0.035309583 0.03707422 0.03794034 0.058665343 0.030417085 0.04623185 0.030518733 0.069601715 0.035594963 0.07476971 0.028775275 0.036300737 0.042704493 0.037501846 0.04828006 0.02431316 0.080246255 0.026879184 0.047478933 0.052867174 0.08963147 0.050041918 0.054422054 0.060409598 0.02199411 0.029885532 0.031067377 0.052315895 0.0445094 0.042451907 0.022181122 0.05634269 0.037611008 0.037169717 0.03150257 0.04616318 0.03679963 0.029871954 0.038443353 0.055209175 0.028636372 0.02638909 0.034881942 0.045564875 0.039151188 0.034713697 0.046019126 0.047423057 0.027395356 0.033404484 0.031241305 0.017548531 0.027290203 0.11331458 0.021951787 0.019389534 0.046826962 0.031763993 0.037432775 0.02375702 0.054580852 0.074558005 0.03467987 0.03367712 0.02846614 0.034485802 0.036520615 0.05029004 0.06847087 0.026579125 0.0312793 0.036938462 0.034668367 0.037249293 0.1021252 0.025430392 0.05276598 0.026966289 0.046218295 0.021893153 0.018415485 0.035627466 0.033442155 0.046656325 0.034449372 0.03891674 0.023324162 0.044431545 0.04954176 0.029666467 0.04166923 0.048894905 0.092164405 0.0749396 0.047522046 0.029085547 0.04586499 0.04263965 0.033650693 0.02655638 0.0467142 0.028239423 0.035842963 0.028202655 0.070725985 0.039981443 0.033219494 0.050144617 0.052398562 0.033320323 0.05402679 0.038217098 0.04656832 0.060076594 0.04356242 0.024962053 0.040556155 0.039175883 0.02782376 0.034499023 0.039748564 0.040352758 0.044005066 0.02986821 0.029067436 0.04856438 0.06518251 0.08894828 0.029673185 0.051981386 0.044812154 0.036032923 0.025036115 0.033709142 0.025236545 0.038678214 0.042246476 0.02618614 0.02091801 0.060775544 0.02927455 0.060252327 0.021292305 0.0485085 0.0750279 0.06522758 0.043743454 0.02550532 0.08038201 0.048671804 0.06758194 0.039965075 0.026433647 0.036953375 0.054633062 0.03931548 0.030294813 0.025887549 0.06856869 0.05939634 0.058887698 0.0559933 0.041189782 0.027239546 0.01430478 0.036354497 0.037946653 0.056204572 0.03241696 0.08443307 0.06542105 0.025582952 0.03200701 0.055154778 0.03037389 0.06374471 0.03740632 0.04644349 0.032302897 0.02216219 0.026921542 0.031721245 0.10073724 0.0399066 0.029574037 0.036423005 0.05428914 0.026743177 0.023069534 0.04166845 0.038808152 0.034628924 0.0632658 0.03331389 0.06579085 0.058178052 0.034737818 0.05049102 0.03320623 0.05110523 0.04783896 0.034804404 0.028460367 0.026208429 0.052672118 0.036094647 0.045745183 0.031135308 0.08117214 0.024601674 0.025413057 0.039905876 0.086245656 0.049183372 0.016913956 0.031853277 0.029847436 0.045803066 0.041334387 0.02069443 0.03156386 0.03412956 0.019484896 0.03583805 0.040798992 0.041405603 0.06995125 0.07321202 0.07979964 0.0287349 0.067870006 0.027567208 0.06476684 0.0213996 0.05868611 0.04992894 0.050778814 0.035721973 0.035927806 0.06907597 0.041574948 0.04543881 0.05798865 0.029344426 0.026950162 0.034844626 0.07035918 0.041585885 0.035683278 0.023578474 0.045569584 0.032980833 0.06859455 0.03374255 0.019889435 0.055454776 0.03490868 0.033066276 0.032520115 0.0259887 0.017536798 0.029686349 0.052108146 0.027131228 0.03940225 0.023711957 0.02235044 0.043559413 0.027549848 0.0420694 0.049876865 0.039994817 0.0500007 0.03275615 0.05325926 0.029907001 0.047432724 0.034297887 0.03945647 0.028411342 0.06326216 0.07222827 0.020099185 0.044112913 0.038384322 0.045387145 0.020369483 0.045682963 0.04624037 0.029014846 0.05216464 0.08245138 0.08496896 0.07184346 0.026989011 0.037014335 0.043380555 0.05161247 0.03383286 0.02858282 0.048454456 0.052252598 0.07843076 0.055322345 0.028535116 0.03008462 0.029112037 0.022546401 0.061924133 0.027832916 0.047128692 0.024638448 0.032586962 0.07238811 0.040729985 0.019407094 0.031584717 0.043596815 0.031773746 0.03296633 0.06065665 0.02874523 0.030037157 0.0443817 0.12401749 0.019929633 0.03649056 0.013905435 0.020189157 0.062655896 0.03376916 0.11721924 0.016591644 0.05332421 0.029093653 0.045731716 0.042770643 0.030745652 0.05483299 0.02960874 0.036596663 0.04652223 0.051834233 0.037732843 0.027178677 0.04606253 0.014030832 0.04317599 0.040307846 0.07614118 0.045357116 0.017588373 0.031101186 0.030942798 0.02520806 0.039476994 0.028680783 0.040414825 0.06232884 0.053451516 0.05696889 0.023290636 0.029907098 0.035257418 0.02872102 0.036670372 0.040512756 0.059739914 0.078747705 0.03921615 0.03600402 0.029154008 0.031644676 0.02308539 0.028411161 0.05296394 0.05817914 0.028997734 0.029848455 0.039710652 0.046934836 0.051710688 0.03691719 0.046762034 0.028320314 0.03923745 0.032175496 0.053049736 0.03621491 0.039511517 0.03730275 0.05374891 0.042945344 0.018005567 0.039134 0.024669006 0.02845862 0.030361852 0.032866266 0.020296698 0.022230862 0.050210197 0.031365998 0.042045455 0.027201608 0.025346566 0.074366145 0.0248289 0.03678808 0.04569067 0.03291744 0.02870686 0.030895583 0.03316149 0.083739534 0.05298108 0.07480909 0.03069622 0.03567412 0.06013459 0.04976048 0.028598906 0.022678006 0.035621263 0.048841286 0.043492094 0.03969427 0.029466776 0.024896441 0.054722335 0.045884743 0.025536358 0.05569424 0.023087647 0.02023083 0.01743049 0.03272626 0.04402811 0.070120074 0.04245297 0.02910239 0.030873092 0.026865626 0.02961521 0.037772473 0.043590136 0.031014526 0.071006216 0.047481492 0.06795415 0.04760556 0.032314114 0.030802473 0.046882864 0.023076108 0.025850182 0.073920116 0.03424892 0.044595096 0.068432674 0.015209516 0.03522855 0.04857189 0.025645303 0.040183205,,
842,3x3x256x512,0.03691174 0.032046765 0.031467136 0.04722628 0.036894012 0.04033187 0.023633668 0.034499172 0.037284404 0.027136872 0.055841595 0.044431616 0.0422632 0.034701962 0.046817176 0.047917083 0.061396703 0.02929933 0.03272986 0.028918652 0.04372248 0.052813515 0.048696034 0.063798994 0.05643583 0.027817007 0.0525188 0.037751205 0.03068073 0.035491806 0.020458179 0.03987377 0.026511924 0.061107874 0.039037153 0.037922535 0.031301457 0.050945066 0.04273715 0.023292992 0.051159754 0.05173346 0.044033438 0.042449504 0.032628167 0.03297726 0.052545678 0.035313893 0.037078742 0.03794497 0.058672503 0.030420797 0.04623749 0.030522458 0.06961021 0.035599306 0.07477884 0.028778786 0.03630517 0.042709704 0.03750642 0.048285954 0.024316126 0.080256045 0.026882466 0.047484726 0.052873626 0.08964241 0.050048023 0.054428697 0.060416974 0.021996794 0.029889181 0.03107117 0.05232228 0.044514835 0.04245709 0.02218383 0.056349568 0.0376156 0.037174255 0.031506415 0.046168815 0.036804117 0.0298756 0.038448043 0.055215914 0.028639868 0.02639231 0.0348862 0.045570437 0.039155964 0.034717936 0.046024743 0.047428846 0.0273987 0.033408564 0.031245118 0.017550673 0.027293535 0.11332841 0.021954468 0.0193919 0.046832677 0.031767868 0.037437346 0.02375992 0.054587517 0.07456711 0.034684107 0.033681232 0.028469617 0.03449001 0.03652507 0.050296176 0.068479225 0.026582368 0.031283118 0.036942974 0.0346726 0.03725384 0.10213766 0.025433498 0.05277242 0.02696958 0.04622394 0.021895824 0.01841773 0.035631817 0.033446234 0.046662018 0.034453575 0.03892149 0.02332701 0.04443697 0.049547806 0.029670088 0.04167432 0.048900872 0.092175655 0.07494874 0.047527846 0.029089097 0.045870587 0.042644855 0.033654798 0.026559621 0.0467199 0.028242871 0.03584734 0.028206097 0.07073461 0.039986324 0.03322355 0.050150737 0.05240496 0.033324387 0.054033384 0.03822176 0.046574004 0.06008393 0.04356774 0.024965098 0.040561106 0.039180662 0.027827155 0.034503236 0.03975342 0.040357683 0.044010438 0.029871855 0.029070983 0.048570305 0.065190464 0.088959135 0.029676808 0.05198773 0.044817623 0.03603732 0.02503917 0.03371326 0.025239624 0.038682938 0.04225163 0.026189337 0.020920562 0.060782965 0.029278124 0.06025968 0.021294903 0.048514422 0.075037055 0.06523554 0.043748792 0.025508434 0.080391824 0.048677742 0.067590185 0.039969955 0.026436873 0.036957882 0.05463973 0.03932028 0.03029851 0.02589071 0.068577066 0.05940359 0.058894888 0.056000132 0.041194808 0.027242871 0.014306526 0.036358934 0.037951287 0.056211434 0.032420915 0.084443375 0.06542903 0.025586076 0.032010913 0.05516151 0.030377598 0.063752495 0.037410885 0.046449155 0.032306843 0.022164894 0.026924828 0.03172512 0.10074954 0.03991147 0.029577646 0.036427453 0.054295763 0.026746443 0.023072349 0.041673534 0.038812887 0.03463315 0.06327353 0.033317957 0.06579888 0.058185153 0.034742057 0.050497185 0.03321028 0.05111147 0.0478448 0.034808654 0.02846384 0.026211629 0.052678544 0.03609905 0.045750767 0.031139107 0.08118205 0.024604676 0.02541616 0.03991075 0.08625618 0.049189378 0.016916022 0.031857163 0.029851079 0.045808654 0.041339435 0.020696957 0.03156771 0.034133725 0.019487275 0.035842422 0.04080397 0.041410655 0.06995979 0.07322096 0.07980938 0.028738407 0.06787829 0.027570574 0.064774744 0.021402214 0.058693275 0.049935035 0.05078501 0.035726335 0.03593219 0.0690844 0.04158002 0.04544436 0.05799573 0.029348008 0.026953451 0.034848876 0.07036776 0.04159096 0.035687633 0.023581352 0.045575146 0.032984857 0.06860292 0.033746667 0.019891864 0.055461545 0.034912936 0.033070315 0.032524087 0.025991872 0.017538939 0.029689973 0.05211451 0.02713454 0.03940706 0.023714852 0.022353167 0.04356473 0.027553212 0.04207454 0.049882952 0.0399997 0.050006803 0.032760147 0.05326576 0.02991065 0.047438513 0.03430207 0.03946129 0.028414808 0.06326988 0.07223708 0.020101639 0.0441183 0.038389005 0.045392685 0.02037197 0.04568854 0.046246015 0.029018389 0.052171007 0.08246144 0.08497933 0.07185223 0.026992304 0.03701885 0.043385852 0.05161877 0.03383699 0.02858631 0.048460368 0.052258976 0.07844033 0.055329096 0.0285386 0.030088292 0.02911559 0.022549154 0.061931692 0.027836313 0.047134444 0.024641454 0.032590937 0.07239695 0.040734958 0.019409461 0.031588573 0.04360214 0.031777624 0.032970354 0.060664058 0.028748738 0.030040825 0.044387117 0.124032624 0.019932065 0.03649501 0.013907133 0.020191621 0.06266355 0.033773284 0.11723355 0.016593669 0.05333072 0.029097205 0.0457373 0.042775866 0.030749403 0.05483968 0.029612353 0.03660113 0.04652791 0.051840562 0.03773745 0.027181994 0.04606815 0.014032545 0.04318126 0.040312763 0.07615048 0.04536265 0.017590519 0.031104982 0.030946573 0.025211137 0.039481815 0.028684285 0.040419757 0.06233645 0.053458042 0.05697584 0.023293478 0.029910749 0.03526172 0.028724525 0.03667485 0.040517703 0.059747208 0.078757316 0.039220937 0.036008414 0.029157568 0.03164854 0.023088206 0.028414628 0.052970406 0.05818624 0.029001273 0.029852098 0.0397155 0.046940565 0.051717 0.036921695 0.04676774 0.028323771 0.039242238 0.032179423 0.05305621 0.03621933 0.039516337 0.037307303 0.05375547 0.042950585 0.018007765 0.039138775 0.024672017 0.028462093 0.030365556 0.032870278 0.020299176 0.022233574 0.050216325 0.031369824 0.042050585 0.027204929 0.02534966 0.07437523 0.02483193 0.036792573 0.045696247 0.032921456 0.028710363 0.030899353 0.033165537 0.083749756 0.052987546 0.074818216 0.030699968 0.035678476 0.06014193 0.049766555 0.028602397 0.022680774 0.03562561 0.048847247 0.043497402 0.03969911 0.029470373 0.02489948 0.054729015 0.045890346 0.025539476 0.05570104 0.023090465 0.020233298 0.017432617 0.032730255 0.044033483 0.07012863 0.04245815 0.029105943 0.03087686 0.026868906 0.029618824 0.03777708 0.043595456 0.031018313 0.07101488 0.047487285 0.067962445 0.047611367 0.032318056 0.030806234 0.046888586 0.023078924 0.025853338 0.07392914 0.034253098 0.04460054 0.068441026 0.015211373 0.03523285 0.04857782 0.025648434 0.040188108,0.036907237 0.032042854 0.031463295 0.047220517 0.036889512 0.040326945 0.023630783 0.034494963 0.03727985 0.02713356 0.055834778 0.044426195 0.042258043 0.034697726 0.046811465 0.047911234 0.061389208 0.029295756 0.032725867 0.028915122 0.043717142 0.05280707 0.048690088 0.06379121 0.056428943 0.027813613 0.052512392 0.0377466 0.030676985 0.035487477 0.02045568 0.039868902 0.026508689 0.061100416 0.03903239 0.037917905 0.031297635 0.05093885 0.042731933 0.02329015 0.05115351 0.051727146 0.044028066 0.042444326 0.032624185 0.032973234 0.052539263 0.035309583 0.03707422 0.03794034 0.058665343 0.030417085 0.04623185 0.030518733 0.069601715 0.035594963 0.07476971 0.028775275 0.036300737 0.042704493 0.037501846 0.04828006 0.02431316 0.080246255 0.026879184 0.047478933 0.052867174 0.08963147 0.050041918 0.054422054 0.060409598 0.02199411 0.029885532 0.031067377 0.052315895 0.0445094 0.042451907 0.022181122 0.05634269 0.037611008 0.037169717 0.03150257 0.04616318 0.03679963 0.029871954 0.038443353 0.055209175 0.028636372 0.02638909 0.034881942 0.045564875 0.039151188 0.034713697 0.046019126 0.047423057 0.027395356 0.033404484 0.031241305 0.017548531 0.027290203 0.11331458 0.021951787 0.019389534 0.046826962 0.031763993 0.037432775 0.02375702 0.054580852 0.074558005 0.03467987 0.03367712 0.02846614 0.034485802 0.036520615 0.05029004 0.06847087 0.026579125 0.0312793 0.036938462 0.034668367 0.037249293 0.1021252 0.025430392 0.05276598 0.026966289 0.046218295 0.021893153 0.018415485 0.035627466 0.033442155 0.046656325 0.034449372 0.03891674 0.023324162 0.044431545 0.04954176 0.029666467 0.04166923 0.048894905 0.092164405 0.0749396 0.047522046 0.029085547 0.04586499 0.04263965 0.033650693 0.02655638 0.0467142 0.028239423 0.035842963 0.028202655 0.070725985 0.039981443 0.033219494 0.050144617 0.052398562 0.033320323 0.05402679 0.038217098 0.04656832 0.060076594 0.04356242 0.024962053 0.040556155 0.039175883 0.02782376 0.034499023 0.039748564 0.040352758 0.044005066 0.02986821 0.029067436 0.04856438 0.06518251 0.08894828 0.029673185 0.051981386 0.044812154 0.036032923 0.025036115 0.033709142 0.025236545 0.038678214 0.042246476 0.02618614 0.02091801 0.060775544 0.02927455 0.060252327 0.021292305 0.0485085 0.0750279 0.06522758 0.043743454 0.02550532 0.08038201 0.048671804 0.06758194 0.039965075 0.026433647 0.036953375 0.054633062 0.03931548 0.030294813 0.025887549 0.06856869 0.05939634 0.058887698 0.0559933 0.041189782 0.027239546 0.01430478 0.036354497 0.037946653 0.056204572 0.03241696 0.08443307 0.06542105 0.025582952 0.03200701 0.055154778 0.03037389 0.06374471 0.03740632 0.04644349 0.032302897 0.02216219 0.026921542 0.031721245 0.10073724 0.0399066 0.029574037 0.036423005 0.05428914 0.026743177 0.023069534 0.04166845 0.038808152 0.034628924 0.0632658 0.03331389 0.06579085 0.058178052 0.034737818 0.05049102 0.03320623 0.05110523 0.04783896 0.034804404 0.028460367 0.026208429 0.052672118 0.036094647 0.045745183 0.031135308 0.08117214 0.024601674 0.025413057 0.039905876 0.086245656 0.049183372 0.016913956 0.031853277 0.029847436 0.045803066 0.041334387 0.02069443 0.03156386 0.03412956 0.019484896 0.03583805 0.040798992 0.041405603 0.06995125 0.07321202 0.07979964 0.0287349 0.067870006 0.027567208 0.06476684 0.0213996 0.05868611 0.04992894 0.050778814 0.035721973 0.035927806 0.06907597 0.041574948 0.04543881 0.05798865 0.029344426 0.026950162 0.034844626 0.07035918 0.041585885 0.035683278 0.023578474 0.045569584 0.032980833 0.06859455 0.03374255 0.019889435 0.055454776 0.03490868 0.033066276 0.032520115 0.0259887 0.017536798 0.029686349 0.052108146 0.027131228 0.03940225 0.023711957 0.02235044 0.043559413 0.027549848 0.0420694 0.049876865 0.039994817 0.0500007 0.03275615 0.05325926 0.029907001 0.047432724 0.034297887 0.03945647 0.028411342 0.06326216 0.07222827 0.020099185 0.044112913 0.038384322 0.045387145 0.020369483 0.045682963 0.04624037 0.029014846 0.05216464 0.08245138 0.08496896 0.07184346 0.026989011 0.037014335 0.043380555 0.05161247 0.03383286 0.02858282 0.048454456 0.052252598 0.07843076 0.055322345 0.028535116 0.03008462 0.029112037 0.022546401 0.061924133 0.027832916 0.047128692 0.024638448 0.032586962 0.07238811 0.040729985 0.019407094 0.031584717 0.043596815 0.031773746 0.03296633 0.06065665 0.02874523 0.030037157 0.0443817 0.12401749 0.019929633 0.03649056 0.013905435 0.020189157 0.062655896 0.03376916 0.11721924 0.016591644 0.05332421 0.029093653 0.045731716 0.042770643 0.030745652 0.05483299 0.02960874 0.036596663 0.04652223 0.051834233 0.037732843 0.027178677 0.04606253 0.014030832 0.04317599 0.040307846 0.07614118 0.045357116 0.017588373 0.031101186 0.030942798 0.02520806 0.039476994 0.028680783 0.040414825 0.06232884 0.053451516 0.05696889 0.023290636 0.029907098 0.035257418 0.02872102 0.036670372 0.040512756 0.059739914 0.078747705 0.03921615 0.03600402 0.029154008 0.031644676 0.02308539 0.028411161 0.05296394 0.05817914 0.028997734 0.029848455 0.039710652 0.046934836 0.051710688 0.03691719 0.046762034 0.028320314 0.03923745 0.032175496 0.053049736 0.03621491 0.039511517 0.03730275 0.05374891 0.042945344 0.018005567 0.039134 0.024669006 0.02845862 0.030361852 0.032866266 0.020296698 0.022230862 0.050210197 0.031365998 0.042045455 0.027201608 0.025346566 0.074366145 0.0248289 0.03678808 0.04569067 0.03291744 0.02870686 0.030895583 0.03316149 0.083739534 0.05298108 0.07480909 0.03069622 0.03567412 0.06013459 0.04976048 0.028598906 0.022678006 0.035621263 0.048841286 0.043492094 0.03969427 0.029466776 0.024896441 0.054722335 0.045884743 0.025536358 0.05569424 0.023087647 0.02023083 0.01743049 0.03272626 0.04402811 0.070120074 0.04245297 0.02910239 0.030873092 0.026865626 0.02961521 0.037772473 0.043590136 0.031014526 0.071006216 0.047481492 0.06795415 0.04760556 0.032314114 0.030802473 0.046882864 0.023076108 0.025850182 0.073920116 0.03424892 0.044595096 0.068432674 0.015209516 0.03522855 0.04857189 0.025645303 0.040183205,,
846,3x3x256x512,0.03691174 0.032046765 0.031467136 0.04722628 0.036894012 0.04033187 0.023633668 0.034499172 0.037284404 0.027136872 0.055841595 0.044431616 0.0422632 0.034701962 0.046817176 0.047917083 0.061396703 0.02929933 0.03272986 0.028918652 0.04372248 0.052813515 0.048696034 0.063798994 0.05643583 0.027817007 0.0525188 0.037751205 0.03068073 0.035491806 0.020458179 0.03987377 0.026511924 0.061107874 0.039037153 0.037922535 0.031301457 0.050945066 0.04273715 0.023292992 0.051159754 0.05173346 0.044033438 0.042449504 0.032628167 0.03297726 0.052545678 0.035313893 0.037078742 0.03794497 0.058672503 0.030420797 0.04623749 0.030522458 0.06961021 0.035599306 0.07477884 0.028778786 0.03630517 0.042709704 0.03750642 0.048285954 0.024316126 0.080256045 0.026882466 0.047484726 0.052873626 0.08964241 0.050048023 0.054428697 0.060416974 0.021996794 0.029889181 0.03107117 0.05232228 0.044514835 0.04245709 0.02218383 0.056349568 0.0376156 0.037174255 0.031506415 0.046168815 0.036804117 0.0298756 0.038448043 0.055215914 0.028639868 0.02639231 0.0348862 0.045570437 0.039155964 0.034717936 0.046024743 0.047428846 0.0273987 0.033408564 0.031245118 0.017550673 0.027293535 0.11332841 0.021954468 0.0193919 0.046832677 0.031767868 0.037437346 0.02375992 0.054587517 0.07456711 0.034684107 0.033681232 0.028469617 0.03449001 0.03652507 0.050296176 0.068479225 0.026582368 0.031283118 0.036942974 0.0346726 0.03725384 0.10213766 0.025433498 0.05277242 0.02696958 0.04622394 0.021895824 0.01841773 0.035631817 0.033446234 0.046662018 0.034453575 0.03892149 0.02332701 0.04443697 0.049547806 0.029670088 0.04167432 0.048900872 0.092175655 0.07494874 0.047527846 0.029089097 0.045870587 0.042644855 0.033654798 0.026559621 0.0467199 0.028242871 0.03584734 0.028206097 0.07073461 0.039986324 0.03322355 0.050150737 0.05240496 0.033324387 0.054033384 0.03822176 0.046574004 0.06008393 0.04356774 0.024965098 0.040561106 0.039180662 0.027827155 0.034503236 0.03975342 0.040357683 0.044010438 0.029871855 0.029070983 0.048570305 0.065190464 0.088959135 0.029676808 0.05198773 0.044817623 0.03603732 0.02503917 0.03371326 0.025239624 0.038682938 0.04225163 0.026189337 0.020920562 0.060782965 0.029278124 0.06025968 0.021294903 0.048514422 0.075037055 0.06523554 0.043748792 0.025508434 0.080391824 0.048677742 0.067590185 0.039969955 0.026436873 0.036957882 0.05463973 0.03932028 0.03029851 0.02589071 0.068577066 0.05940359 0.058894888 0.056000132 0.041194808 0.027242871 0.014306526 0.036358934 0.037951287 0.056211434 0.032420915 0.084443375 0.06542903 0.025586076 0.032010913 0.05516151 0.030377598 0.063752495 0.037410885 0.046449155 0.032306843 0.022164894 0.026924828 0.03172512 0.10074954 0.03991147 0.029577646 0.036427453 0.054295763 0.026746443 0.023072349 0.041673534 0.038812887 0.03463315 0.06327353 0.033317957 0.06579888 0.058185153 0.034742057 0.050497185 0.03321028 0.05111147 0.0478448 0.034808654 0.02846384 0.026211629 0.052678544 0.03609905 0.045750767 0.031139107 0.08118205 0.024604676 0.02541616 0.03991075 0.08625618 0.049189378 0.016916022 0.031857163 0.029851079 0.045808654 0.041339435 0.020696957 0.03156771 0.034133725 0.019487275 0.035842422 0.04080397 0.041410655 0.06995979 0.07322096 0.07980938 0.028738407 0.06787829 0.027570574 0.064774744 0.021402214 0.058693275 0.049935035 0.05078501 0.035726335 0.03593219 0.0690844 0.04158002 0.04544436 0.05799573 0.029348008 0.026953451 0.034848876 0.07036776 0.04159096 0.035687633 0.023581352 0.045575146 0.032984857 0.06860292 0.033746667 0.019891864 0.055461545 0.034912936 0.033070315 0.032524087 0.025991872 0.017538939 0.029689973 0.05211451 0.02713454 0.03940706 0.023714852 0.022353167 0.04356473 0.027553212 0.04207454 0.049882952 0.0399997 0.050006803 0.032760147 0.05326576 0.02991065 0.047438513 0.03430207 0.03946129 0.028414808 0.06326988 0.07223708 0.020101639 0.0441183 0.038389005 0.045392685 0.02037197 0.04568854 0.046246015 0.029018389 0.052171007 0.08246144 0.08497933 0.07185223 0.026992304 0.03701885 0.043385852 0.05161877 0.03383699 0.02858631 0.048460368 0.052258976 0.07844033 0.055329096 0.0285386 0.030088292 0.02911559 0.022549154 0.061931692 0.027836313 0.047134444 0.024641454 0.032590937 0.07239695 0.040734958 0.019409461 0.031588573 0.04360214 0.031777624 0.032970354 0.060664058 0.028748738 0.030040825 0.044387117 0.124032624 0.019932065 0.03649501 0.013907133 0.020191621 0.06266355 0.033773284 0.11723355 0.016593669 0.05333072 0.029097205 0.0457373 0.042775866 0.030749403 0.05483968 0.029612353 0.03660113 0.04652791 0.051840562 0.03773745 0.027181994 0.04606815 0.014032545 0.04318126 0.040312763 0.07615048 0.04536265 0.017590519 0.031104982 0.030946573 0.025211137 0.039481815 0.028684285 0.040419757 0.06233645 0.053458042 0.05697584 0.023293478 0.029910749 0.03526172 0.028724525 0.03667485 0.040517703 0.059747208 0.078757316 0.039220937 0.036008414 0.029157568 0.03164854 0.023088206 0.028414628 0.052970406 0.05818624 0.029001273 0.029852098 0.0397155 0.046940565 0.051717 0.036921695 0.04676774 0.028323771 0.039242238 0.032179423 0.05305621 0.03621933 0.039516337 0.037307303 0.05375547 0.042950585 0.018007765 0.039138775 0.024672017 0.028462093 0.030365556 0.032870278 0.020299176 0.022233574 0.050216325 0.031369824 0.042050585 0.027204929 0.02534966 0.07437523 0.02483193 0.036792573 0.045696247 0.032921456 0.028710363 0.030899353 0.033165537 0.083749756 0.052987546 0.074818216 0.030699968 0.035678476 0.06014193 0.049766555 0.028602397 0.022680774 0.03562561 0.048847247 0.043497402 0.03969911 0.029470373 0.02489948 0.054729015 0.045890346 0.025539476 0.05570104 0.023090465 0.020233298 0.017432617 0.032730255 0.044033483 0.07012863 0.04245815 0.029105943 0.03087686 0.026868906 0.029618824 0.03777708 0.043595456 0.031018313 0.07101488 0.047487285 0.067962445 0.047611367 0.032318056 0.030806234 0.046888586 0.023078924 0.025853338 0.07392914 0.034253098 0.04460054 0.068441026 0.015211373 0.03523285 0.04857782 0.025648434 0.040188108,0.036907237 0.032042854 0.031463295 0.047220517 0.036889512 0.040326945 0.023630783 0.034494963 0.03727985 0.02713356 0.055834778 0.044426195 0.042258043 0.034697726 0.046811465 0.047911234 0.061389208 0.029295756 0.032725867 0.028915122 0.043717142 0.05280707 0.048690088 0.06379121 0.056428943 0.027813613 0.052512392 0.0377466 0.030676985 0.035487477 0.02045568 0.039868902 0.026508689 0.061100416 0.03903239 0.037917905 0.031297635 0.05093885 0.042731933 0.02329015 0.05115351 0.051727146 0.044028066 0.042444326 0.032624185 0.032973234 0.052539263 0.035309583 0.03707422 0.03794034 0.058665343 0.030417085 0.04623185 0.030518733 0.069601715 0.035594963 0.07476971 0.028775275 0.036300737 0.042704493 0.037501846 0.04828006 0.02431316 0.080246255 0.026879184 0.047478933 0.052867174 0.08963147 0.050041918 0.054422054 0.060409598 0.02199411 0.029885532 0.031067377 0.052315895 0.0445094 0.042451907 0.022181122 0.05634269 0.037611008 0.037169717 0.03150257 0.04616318 0.03679963 0.029871954 0.038443353 0.055209175 0.028636372 0.02638909 0.034881942 0.045564875 0.039151188 0.034713697 0.046019126 0.047423057 0.027395356 0.033404484 0.031241305 0.017548531 0.027290203 0.11331458 0.021951787 0.019389534 0.046826962 0.031763993 0.037432775 0.02375702 0.054580852 0.074558005 0.03467987 0.03367712 0.02846614 0.034485802 0.036520615 0.05029004 0.06847087 0.026579125 0.0312793 0.036938462 0.034668367 0.037249293 0.1021252 0.025430392 0.05276598 0.026966289 0.046218295 0.021893153 0.018415485 0.035627466 0.033442155 0.046656325 0.034449372 0.03891674 0.023324162 0.044431545 0.04954176 0.029666467 0.04166923 0.048894905 0.092164405 0.0749396 0.047522046 0.029085547 0.04586499 0.04263965 0.033650693 0.02655638 0.0467142 0.028239423 0.035842963 0.028202655 0.070725985 0.039981443 0.033219494 0.050144617 0.052398562 0.033320323 0.05402679 0.038217098 0.04656832 0.060076594 0.04356242 0.024962053 0.040556155 0.039175883 0.02782376 0.034499023 0.039748564 0.040352758 0.044005066 0.02986821 0.029067436 0.04856438 0.06518251 0.08894828 0.029673185 0.051981386 0.044812154 0.036032923 0.025036115 0.033709142 0.025236545 0.038678214 0.042246476 0.02618614 0.02091801 0.060775544 0.02927455 0.060252327 0.021292305 0.0485085 0.0750279 0.06522758 0.043743454 0.02550532 0.08038201 0.048671804 0.06758194 0.039965075 0.026433647 0.036953375 0.054633062 0.03931548 0.030294813 0.025887549 0.06856869 0.05939634 0.058887698 0.0559933 0.041189782 0.027239546 0.01430478 0.036354497 0.037946653 0.056204572 0.03241696 0.08443307 0.06542105 0.025582952 0.03200701 0.055154778 0.03037389 0.06374471 0.03740632 0.04644349 0.032302897 0.02216219 0.026921542 0.031721245 0.10073724 0.0399066 0.029574037 0.036423005 0.05428914 0.026743177 0.023069534 0.04166845 0.038808152 0.034628924 0.0632658 0.03331389 0.06579085 0.058178052 0.034737818 0.05049102 0.03320623 0.05110523 0.04783896 0.034804404 0.028460367 0.026208429 0.052672118 0.036094647 0.045745183 0.031135308 0.08117214 0.024601674 0.025413057 0.039905876 0.086245656 0.049183372 0.016913956 0.031853277 0.029847436 0.045803066 0.041334387 0.02069443 0.03156386 0.03412956 0.019484896 0.03583805 0.040798992 0.041405603 0.06995125 0.07321202 0.07979964 0.0287349 0.067870006 0.027567208 0.06476684 0.0213996 0.05868611 0.04992894 0.050778814 0.035721973 0.035927806 0.06907597 0.041574948 0.04543881 0.05798865 0.029344426 0.026950162 0.034844626 0.07035918 0.041585885 0.035683278 0.023578474 0.045569584 0.032980833 0.06859455 0.03374255 0.019889435 0.055454776 0.03490868 0.033066276 0.032520115 0.0259887 0.017536798 0.029686349 0.052108146 0.027131228 0.03940225 0.023711957 0.02235044 0.043559413 0.027549848 0.0420694 0.049876865 0.039994817 0.0500007 0.03275615 0.05325926 0.029907001 0.047432724 0.034297887 0.03945647 0.028411342 0.06326216 0.07222827 0.020099185 0.044112913 0.038384322 0.045387145 0.020369483 0.045682963 0.04624037 0.029014846 0.05216464 0.08245138 0.08496896 0.07184346 0.026989011 0.037014335 0.043380555 0.05161247 0.03383286 0.02858282 0.048454456 0.052252598 0.07843076 0.055322345 0.028535116 0.03008462 0.029112037 0.022546401 0.061924133 0.027832916 0.047128692 0.024638448 0.032586962 0.07238811 0.040729985 0.019407094 0.031584717 0.043596815 0.031773746 0.03296633 0.06065665 0.02874523 0.030037157 0.0443817 0.12401749 0.019929633 0.03649056 0.013905435 0.020189157 0.062655896 0.03376916 0.11721924 0.016591644 0.05332421 0.029093653 0.045731716 0.042770643 0.030745652 0.05483299 0.02960874 0.036596663 0.04652223 0.051834233 0.037732843 0.027178677 0.04606253 0.014030832 0.04317599 0.040307846 0.07614118 0.045357116 0.017588373 0.031101186 0.030942798 0.02520806 0.039476994 0.028680783 0.040414825 0.06232884 0.053451516 0.05696889 0.023290636 0.029907098 0.035257418 0.02872102 0.036670372 0.040512756 0.059739914 0.078747705 0.03921615 0.03600402 0.029154008 0.031644676 0.02308539 0.028411161 0.05296394 0.05817914 0.028997734 0.029848455 0.039710652 0.046934836 0.051710688 0.03691719 0.046762034 0.028320314 0.03923745 0.032175496 0.053049736 0.03621491 0.039511517 0.03730275 0.05374891 0.042945344 0.018005567 0.039134 0.024669006 0.02845862 0.030361852 0.032866266 0.020296698 0.022230862 0.050210197 0.031365998 0.042045455 0.027201608 0.025346566 0.074366145 0.0248289 0.03678808 0.04569067 0.03291744 0.02870686 0.030895583 0.03316149 0.083739534 0.05298108 0.07480909 0.03069622 0.03567412 0.06013459 0.04976048 0.028598906 0.022678006 0.035621263 0.048841286 0.043492094 0.03969427 0.029466776 0.024896441 0.054722335 0.045884743 0.025536358 0.05569424 0.023087647 0.02023083 0.01743049 0.03272626 0.04402811 0.070120074 0.04245297 0.02910239 0.030873092 0.026865626 0.02961521 0.037772473 0.043590136 0.031014526 0.071006216 0.047481492 0.06795415 0.04760556 0.032314114 0.030802473 0.046882864 0.023076108 0.025850182 0.073920116 0.03424892 0.044595096 0.068432674 0.015209516 0.03522855 0.04857189 0.025645303 0.040183205,,
850,3x3x256x512,0.03691174 0.032046765 0.031467136 0.04722628 0.036894012 0.04033187 0.023633668 0.034499172 0.037284404 0.027136872 0.055841595 0.044431616 0.0422632 0.034701962 0.046817176 0.047917083 0.061396703 0.02929933 0.03272986 0.028918652 0.04372248 0.052813515 0.048696034 0.063798994 0.05643583 0.027817007 0.0525188 0.037751205 0.03068073 0.035491806 0.020458179 0.03987377 0.026511924 0.061107874 0.039037153 0.037922535 0.031301457 0.050945066 0.04273715 0.023292992 0.051159754 0.05173346 0.044033438 0.042449504 0.032628167 0.03297726 0.052545678 0.035313893 0.037078742 0.03794497 0.058672503 0.030420797 0.04623749 0.030522458 0.06961021 0.035599306 0.07477884 0.028778786 0.03630517 0.042709704 0.03750642 0.048285954 0.024316126 0.080256045 0.026882466 0.047484726 0.052873626 0.08964241 0.050048023 0.054428697 0.060416974 0.021996794 0.029889181 0.03107117 0.05232228 0.044514835 0.04245709 0.02218383 0.056349568 0.0376156 0.037174255 0.031506415 0.046168815 0.036804117 0.0298756 0.038448043 0.055215914 0.028639868 0.02639231 0.0348862 0.045570437 0.039155964 0.034717936 0.046024743 0.047428846 0.0273987 0.033408564 0.031245118 0.017550673 0.027293535 0.11332841 0.021954468 0.0193919 0.046832677 0.031767868 0.037437346 0.02375992 0.054587517 0.07456711 0.034684107 0.033681232 0.028469617 0.03449001 0.03652507 0.050296176 0.068479225 0.026582368 0.031283118 0.036942974 0.0346726 0.03725384 0.10213766 0.025433498 0.05277242 0.02696958 0.04622394 0.021895824 0.01841773 0.035631817 0.033446234 0.046662018 0.034453575 0.03892149 0.02332701 0.04443697 0.049547806 0.029670088 0.04167432 0.048900872 0.092175655 0.07494874 0.047527846 0.029089097 0.045870587 0.042644855 0.033654798 0.026559621 0.0467199 0.028242871 0.03584734 0.028206097 0.07073461 0.039986324 0.03322355 0.050150737 0.05240496 0.033324387 0.054033384 0.03822176 0.046574004 0.06008393 0.04356774 0.024965098 0.040561106 0.039180662 0.027827155 0.034503236 0.03975342 0.040357683 0.044010438 0.029871855 0.029070983 0.048570305 0.065190464 0.088959135 0.029676808 0.05198773 0.044817623 0.03603732 0.02503917 0.03371326 0.025239624 0.038682938 0.04225163 0.026189337 0.020920562 0.060782965 0.029278124 0.06025968 0.021294903 0.048514422 0.075037055 0.06523554 0.043748792 0.025508434 0.080391824 0.048677742 0.067590185 0.039969955 0.026436873 0.036957882 0.05463973 0.03932028 0.03029851 0.02589071 0.068577066 0.05940359 0.058894888 0.056000132 0.041194808 0.027242871 0.014306526 0.036358934 0.037951287 0.056211434 0.032420915 0.084443375 0.06542903 0.025586076 0.032010913 0.05516151 0.030377598 0.063752495 0.037410885 0.046449155 0.032306843 0.022164894 0.026924828 0.03172512 0.10074954 0.03991147 0.029577646 0.036427453 0.054295763 0.026746443 0.023072349 0.041673534 0.038812887 0.03463315 0.06327353 0.033317957 0.06579888 0.058185153 0.034742057 0.050497185 0.03321028 0.05111147 0.0478448 0.034808654 0.02846384 0.026211629 0.052678544 0.03609905 0.045750767 0.031139107 0.08118205 0.024604676 0.02541616 0.03991075 0.08625618 0.049189378 0.016916022 0.031857163 0.029851079 0.045808654 0.041339435 0.020696957 0.03156771 0.034133725 0.019487275 0.035842422 0.04080397 0.041410655 0.06995979 0.07322096 0.07980938 0.028738407 0.06787829 0.027570574 0.064774744 0.021402214 0.058693275 0.049935035 0.05078501 0.035726335 0.03593219 0.0690844 0.04158002 0.04544436 0.05799573 0.029348008 0.026953451 0.034848876 0.07036776 0.04159096 0.035687633 0.023581352 0.045575146 0.032984857 0.06860292 0.033746667 0.019891864 0.055461545 0.034912936 0.033070315 0.032524087 0.025991872 0.017538939 0.029689973 0.05211451 0.02713454 0.03940706 0.023714852 0.022353167 0.04356473 0.027553212 0.04207454 0.049882952 0.0399997 0.050006803 0.032760147 0.05326576 0.02991065 0.047438513 0.03430207 0.03946129 0.028414808 0.06326988 0.07223708 0.020101639 0.0441183 0.038389005 0.045392685 0.02037197 0.04568854 0.046246015 0.029018389 0.052171007 0.08246144 0.08497933 0.07185223 0.026992304 0.03701885 0.043385852 0.05161877 0.03383699 0.02858631 0.048460368 0.052258976 0.07844033 0.055329096 0.0285386 0.030088292 0.02911559 0.022549154 0.061931692 0.027836313 0.047134444 0.024641454 0.032590937 0.07239695 0.040734958 0.019409461 0.031588573 0.04360214 0.031777624 0.032970354 0.060664058 0.028748738 0.030040825 0.044387117 0.124032624 0.019932065 0.03649501 0.013907133 0.020191621 0.06266355 0.033773284 0.11723355 0.016593669 0.05333072 0.029097205 0.0457373 0.042775866 0.030749403 0.05483968 0.029612353 0.03660113 0.04652791 0.051840562 0.03773745 0.027181994 0.04606815 0.014032545 0.04318126 0.040312763 0.07615048 0.04536265 0.017590519 0.031104982 0.030946573 0.025211137 0.039481815 0.028684285 0.040419757 0.06233645 0.053458042 0.05697584 0.023293478 0.029910749 0.03526172 0.028724525 0.03667485 0.040517703 0.059747208 0.078757316 0.039220937 0.036008414 0.029157568 0.03164854 0.023088206 0.028414628 0.052970406 0.05818624 0.029001273 0.029852098 0.0397155 0.046940565 0.051717 0.036921695 0.04676774 0.028323771 0.039242238 0.032179423 0.05305621 0.03621933 0.039516337 0.037307303 0.05375547 0.042950585 0.018007765 0.039138775 0.024672017 0.028462093 0.030365556 0.032870278 0.020299176 0.022233574 0.050216325 0.031369824 0.042050585 0.027204929 0.02534966 0.07437523 0.02483193 0.036792573 0.045696247 0.032921456 0.028710363 0.030899353 0.033165537 0.083749756 0.052987546 0.074818216 0.030699968 0.035678476 0.06014193 0.049766555 0.028602397 0.022680774 0.03562561 0.048847247 0.043497402 0.03969911 0.029470373 0.02489948 0.054729015 0.045890346 0.025539476 0.05570104 0.023090465 0.020233298 0.017432617 0.032730255 0.044033483 0.07012863 0.04245815 0.029105943 0.03087686 0.026868906 0.029618824 0.03777708 0.043595456 0.031018313 0.07101488 0.047487285 0.067962445 0.047611367 0.032318056 0.030806234 0.046888586 0.023078924 0.025853338 0.07392914 0.034253098 0.04460054 0.068441026 0.015211373 0.03523285 0.04857782 0.025648434 0.040188108,0.036907237 0.032042854 0.031463295 0.047220517 0.036889512 0.040326945 0.023630783 0.034494963 0.03727985 0.02713356 0.055834778 0.044426195 0.042258043 0.034697726 0.046811465 0.047911234 0.061389208 0.029295756 0.032725867 0.028915122 0.043717142 0.05280707 0.048690088 0.06379121 0.056428943 0.027813613 0.052512392 0.0377466 0.030676985 0.035487477 0.02045568 0.039868902 0.026508689 0.061100416 0.03903239 0.037917905 0.031297635 0.05093885 0.042731933 0.02329015 0.05115351 0.051727146 0.044028066 0.042444326 0.032624185 0.032973234 0.052539263 0.035309583 0.03707422 0.03794034 0.058665343 0.030417085 0.04623185 0.030518733 0.069601715 0.035594963 0.07476971 0.028775275 0.036300737 0.042704493 0.037501846 0.04828006 0.02431316 0.080246255 0.026879184 0.047478933 0.052867174 0.08963147 0.050041918 0.054422054 0.060409598 0.02199411 0.029885532 0.031067377 0.052315895 0.0445094 0.042451907 0.022181122 0.05634269 0.037611008 0.037169717 0.03150257 0.04616318 0.03679963 0.029871954 0.038443353 0.055209175 0.028636372 0.02638909 0.034881942 0.045564875 0.039151188 0.034713697 0.046019126 0.047423057 0.027395356 0.033404484 0.031241305 0.017548531 0.027290203 0.11331458 0.021951787 0.019389534 0.046826962 0.031763993 0.037432775 0.02375702 0.054580852 0.074558005 0.03467987 0.03367712 0.02846614 0.034485802 0.036520615 0.05029004 0.06847087 0.026579125 0.0312793 0.036938462 0.034668367 0.037249293 0.1021252 0.025430392 0.05276598 0.026966289 0.046218295 0.021893153 0.018415485 0.035627466 0.033442155 0.046656325 0.034449372 0.03891674 0.023324162 0.044431545 0.04954176 0.029666467 0.04166923 0.048894905 0.092164405 0.0749396 0.047522046 0.029085547 0.04586499 0.04263965 0.033650693 0.02655638 0.0467142 0.028239423 0.035842963 0.028202655 0.070725985 0.039981443 0.033219494 0.050144617 0.052398562 0.033320323 0.05402679 0.038217098 0.04656832 0.060076594 0.04356242 0.024962053 0.040556155 0.039175883 0.02782376 0.034499023 0.039748564 0.040352758 0.044005066 0.02986821 0.029067436 0.04856438 0.06518251 0.08894828 0.029673185 0.051981386 0.044812154 0.036032923 0.025036115 0.033709142 0.025236545 0.038678214 0.042246476 0.02618614 0.02091801 0.060775544 0.02927455 0.060252327 0.021292305 0.0485085 0.0750279 0.06522758 0.043743454 0.02550532 0.08038201 0.048671804 0.06758194 0.039965075 0.026433647 0.036953375 0.054633062 0.03931548 0.030294813 0.025887549 0.06856869 0.05939634 0.058887698 0.0559933 0.041189782 0.027239546 0.01430478 0.036354497 0.037946653 0.056204572 0.03241696 0.08443307 0.06542105 0.025582952 0.03200701 0.055154778 0.03037389 0.06374471 0.03740632 0.04644349 0.032302897 0.02216219 0.026921542 0.031721245 0.10073724 0.0399066 0.029574037 0.036423005 0.05428914 0.026743177 0.023069534 0.04166845 0.038808152 0.034628924 0.0632658 0.03331389 0.06579085 0.058178052 0.034737818 0.05049102 0.03320623 0.05110523 0.04783896 0.034804404 0.028460367 0.026208429 0.052672118 0.036094647 0.045745183 0.031135308 0.08117214 0.024601674 0.025413057 0.039905876 0.086245656 0.049183372 0.016913956 0.031853277 0.029847436 0.045803066 0.041334387 0.02069443 0.03156386 0.03412956 0.019484896 0.03583805 0.040798992 0.041405603 0.06995125 0.07321202 0.07979964 0.0287349 0.067870006 0.027567208 0.06476684 0.0213996 0.05868611 0.04992894 0.050778814 0.035721973 0.035927806 0.06907597 0.041574948 0.04543881 0.05798865 0.029344426 0.026950162 0.034844626 0.07035918 0.041585885 0.035683278 0.023578474 0.045569584 0.032980833 0.06859455 0.03374255 0.019889435 0.055454776 0.03490868 0.033066276 0.032520115 0.0259887 0.017536798 0.029686349 0.052108146 0.027131228 0.03940225 0.023711957 0.02235044 0.043559413 0.027549848 0.0420694 0.049876865 0.039994817 0.0500007 0.03275615 0.05325926 0.029907001 0.047432724 0.034297887 0.03945647 0.028411342 0.06326216 0.07222827 0.020099185 0.044112913 0.038384322 0.045387145 0.020369483 0.045682963 0.04624037 0.029014846 0.05216464 0.08245138 0.08496896 0.07184346 0.026989011 0.037014335 0.043380555 0.05161247 0.03383286 0.02858282 0.048454456 0.052252598 0.07843076 0.055322345 0.028535116 0.03008462 0.029112037 0.022546401 0.061924133 0.027832916 0.047128692 0.024638448 0.032586962 0.07238811 0.040729985 0.019407094 0.031584717 0.043596815 0.031773746 0.03296633 0.06065665 0.02874523 0.030037157 0.0443817 0.12401749 0.019929633 0.03649056 0.013905435 0.020189157 0.062655896 0.03376916 0.11721924 0.016591644 0.05332421 0.029093653 0.045731716 0.042770643 0.030745652 0.05483299 0.02960874 0.036596663 0.04652223 0.051834233 0.037732843 0.027178677 0.04606253 0.014030832 0.04317599 0.040307846 0.07614118 0.045357116 0.017588373 0.031101186 0.030942798 0.02520806 0.039476994 0.028680783 0.040414825 0.06232884 0.053451516 0.05696889 0.023290636 0.029907098 0.035257418 0.02872102 0.036670372 0.040512756 0.059739914 0.078747705 0.03921615 0.03600402 0.029154008 0.031644676 0.02308539 0.028411161 0.05296394 0.05817914 0.028997734 0.029848455 0.039710652 0.046934836 0.051710688 0.03691719 0.046762034 0.028320314 0.03923745 0.032175496 0.053049736 0.03621491 0.039511517 0.03730275 0.05374891 0.042945344 0.018005567 0.039134 0.024669006 0.02845862 0.030361852 0.032866266 0.020296698 0.022230862 0.050210197 0.031365998 0.042045455 0.027201608 0.025346566 0.074366145 0.0248289 0.03678808 0.04569067 0.03291744 0.02870686 0.030895583 0.03316149 0.083739534 0.05298108 0.07480909 0.03069622 0.03567412 0.06013459 0.04976048 0.028598906 0.022678006 0.035621263 0.048841286 0.043492094 0.03969427 0.029466776 0.024896441 0.054722335 0.045884743 0.025536358 0.05569424 0.023087647 0.02023083 0.01743049 0.03272626 0.04402811 0.070120074 0.04245297 0.02910239 0.030873092 0.026865626 0.02961521 0.037772473 0.043590136 0.031014526 0.071006216 0.047481492 0.06795415 0.04760556 0.032314114 0.030802473 0.046882864 0.023076108 0.025850182 0.073920116 0.03424892 0.044595096 0.068432674 0.015209516 0.03522855 0.04857189 0.025645303 0.040183205,,
854,3x3x256x512,0.03691174 0.032046765 0.031467136 0.04722628 0.036894012 0.04033187 0.023633668 0.034499172 0.037284404 0.027136872 0.055841595 0.044431616 0.0422632 0.034701962 0.046817176 0.047917083 0.061396703 0.02929933 0.03272986 0.028918652 0.04372248 0.052813515 0.048696034 0.063798994 0.05643583 0.027817007 0.0525188 0.037751205 0.03068073 0.035491806 0.020458179 0.03987377 0.026511924 0.061107874 0.039037153 0.037922535 0.031301457 0.050945066 0.04273715 0.023292992 0.051159754 0.05173346 0.044033438 0.042449504 0.032628167 0.03297726 0.052545678 0.035313893 0.037078742 0.03794497 0.058672503 0.030420797 0.04623749 0.030522458 0.06961021 0.035599306 0.07477884 0.028778786 0.03630517 0.042709704 0.03750642 0.048285954 0.024316126 0.080256045 0.026882466 0.047484726 0.052873626 0.08964241 0.050048023 0.054428697 0.060416974 0.021996794 0.029889181 0.03107117 0.05232228 0.044514835 0.04245709 0.02218383 0.056349568 0.0376156 0.037174255 0.031506415 0.046168815 0.036804117 0.0298756 0.038448043 0.055215914 0.028639868 0.02639231 0.0348862 0.045570437 0.039155964 0.034717936 0.046024743 0.047428846 0.0273987 0.033408564 0.031245118 0.017550673 0.027293535 0.11332841 0.021954468 0.0193919 0.046832677 0.031767868 0.037437346 0.02375992 0.054587517 0.07456711 0.034684107 0.033681232 0.028469617 0.03449001 0.03652507 0.050296176 0.068479225 0.026582368 0.031283118 0.036942974 0.0346726 0.03725384 0.10213766 0.025433498 0.05277242 0.02696958 0.04622394 0.021895824 0.01841773 0.035631817 0.033446234 0.046662018 0.034453575 0.03892149 0.02332701 0.04443697 0.049547806 0.029670088 0.04167432 0.048900872 0.092175655 0.07494874 0.047527846 0.029089097 0.045870587 0.042644855 0.033654798 0.026559621 0.0467199 0.028242871 0.03584734 0.028206097 0.07073461 0.039986324 0.03322355 0.050150737 0.05240496 0.033324387 0.054033384 0.03822176 0.046574004 0.06008393 0.04356774 0.024965098 0.040561106 0.039180662 0.027827155 0.034503236 0.03975342 0.040357683 0.044010438 0.029871855 0.029070983 0.048570305 0.065190464 0.088959135 0.029676808 0.05198773 0.044817623 0.03603732 0.02503917 0.03371326 0.025239624 0.038682938 0.04225163 0.026189337 0.020920562 0.060782965 0.029278124 0.06025968 0.021294903 0.048514422 0.075037055 0.06523554 0.043748792 0.025508434 0.080391824 0.048677742 0.067590185 0.039969955 0.026436873 0.036957882 0.05463973 0.03932028 0.03029851 0.02589071 0.068577066 0.05940359 0.058894888 0.056000132 0.041194808 0.027242871 0.014306526 0.036358934 0.037951287 0.056211434 0.032420915 0.084443375 0.06542903 0.025586076 0.032010913 0.05516151 0.030377598 0.063752495 0.037410885 0.046449155 0.032306843 0.022164894 0.026924828 0.03172512 0.10074954 0.03991147 0.029577646 0.036427453 0.054295763 0.026746443 0.023072349 0.041673534 0.038812887 0.03463315 0.06327353 0.033317957 0.06579888 0.058185153 0.034742057 0.050497185 0.03321028 0.05111147 0.0478448 0.034808654 0.02846384 0.026211629 0.052678544 0.03609905 0.045750767 0.031139107 0.08118205 0.024604676 0.02541616 0.03991075 0.08625618 0.049189378 0.016916022 0.031857163 0.029851079 0.045808654 0.041339435 0.020696957 0.03156771 0.034133725 0.019487275 0.035842422 0.04080397 0.041410655 0.06995979 0.07322096 0.07980938 0.028738407 0.06787829 0.027570574 0.064774744 0.021402214 0.058693275 0.049935035 0.05078501 0.035726335 0.03593219 0.0690844 0.04158002 0.04544436 0.05799573 0.029348008 0.026953451 0.034848876 0.07036776 0.04159096 0.035687633 0.023581352 0.045575146 0.032984857 0.06860292 0.033746667 0.019891864 0.055461545 0.034912936 0.033070315 0.032524087 0.025991872 0.017538939 0.029689973 0.05211451 0.02713454 0.03940706 0.023714852 0.022353167 0.04356473 0.027553212 0.04207454 0.049882952 0.0399997 0.050006803 0.032760147 0.05326576 0.02991065 0.047438513 0.03430207 0.03946129 0.028414808 0.06326988 0.07223708 0.020101639 0.0441183 0.038389005 0.045392685 0.02037197 0.04568854 0.046246015 0.029018389 0.052171007 0.08246144 0.08497933 0.07185223 0.026992304 0.03701885 0.043385852 0.05161877 0.03383699 0.02858631 0.048460368 0.052258976 0.07844033 0.055329096 0.0285386 0.030088292 0.02911559 0.022549154 0.061931692 0.027836313 0.047134444 0.024641454 0.032590937 0.07239695 0.040734958 0.019409461 0.031588573 0.04360214 0.031777624 0.032970354 0.060664058 0.028748738 0.030040825 0.044387117 0.124032624 0.019932065 0.03649501 0.013907133 0.020191621 0.06266355 0.033773284 0.11723355 0.016593669 0.05333072 0.029097205 0.0457373 0.042775866 0.030749403 0.05483968 0.029612353 0.03660113 0.04652791 0.051840562 0.03773745 0.027181994 0.04606815 0.014032545 0.04318126 0.040312763 0.07615048 0.04536265 0.017590519 0.031104982 0.030946573 0.025211137 0.039481815 0.028684285 0.040419757 0.06233645 0.053458042 0.05697584 0.023293478 0.029910749 0.03526172 0.028724525 0.03667485 0.040517703 0.059747208 0.078757316 0.039220937 0.036008414 0.029157568 0.03164854 0.023088206 0.028414628 0.052970406 0.05818624 0.029001273 0.029852098 0.0397155 0.046940565 0.051717 0.036921695 0.04676774 0.028323771 0.039242238 0.032179423 0.05305621 0.03621933 0.039516337 0.037307303 0.05375547 0.042950585 0.018007765 0.039138775 0.024672017 0.028462093 0.030365556 0.032870278 0.020299176 0.022233574 0.050216325 0.031369824 0.042050585 0.027204929 0.02534966 0.07437523 0.02483193 0.036792573 0.045696247 0.032921456 0.028710363 0.030899353 0.033165537 0.083749756 0.052987546 0.074818216 0.030699968 0.035678476 0.06014193 0.049766555 0.028602397 0.022680774 0.03562561 0.048847247 0.043497402 0.03969911 0.029470373 0.02489948 0.054729015 0.045890346 0.025539476 0.05570104 0.023090465 0.020233298 0.017432617 0.032730255 0.044033483 0.07012863 0.04245815 0.029105943 0.03087686 0.026868906 0.029618824 0.03777708 0.043595456 0.031018313 0.07101488 0.047487285 0.067962445 0.047611367 0.032318056 0.030806234 0.046888586 0.023078924 0.025853338 0.07392914 0.034253098 0.04460054 0.068441026 0.015211373 0.03523285 0.04857782 0.025648434 0.040188108,0.036907237 0.032042854 0.031463295 0.047220517 0.036889512 0.040326945 0.023630783 0.034494963 0.03727985 0.02713356 0.055834778 0.044426195 0.042258043 0.034697726 0.046811465 0.047911234 0.061389208 0.029295756 0.032725867 0.028915122 0.043717142 0.05280707 0.048690088 0.06379121 0.056428943 0.027813613 0.052512392 0.0377466 0.030676985 0.035487477 0.02045568 0.039868902 0.026508689 0.061100416 0.03903239 0.037917905 0.031297635 0.05093885 0.042731933 0.02329015 0.05115351 0.051727146 0.044028066 0.042444326 0.032624185 0.032973234 0.052539263 0.035309583 0.03707422 0.03794034 0.058665343 0.030417085 0.04623185 0.030518733 0.069601715 0.035594963 0.07476971 0.028775275 0.036300737 0.042704493 0.037501846 0.04828006 0.02431316 0.080246255 0.026879184 0.047478933 0.052867174 0.08963147 0.050041918 0.054422054 0.060409598 0.02199411 0.029885532 0.031067377 0.052315895 0.0445094 0.042451907 0.022181122 0.05634269 0.037611008 0.037169717 0.03150257 0.04616318 0.03679963 0.029871954 0.038443353 0.055209175 0.028636372 0.02638909 0.034881942 0.045564875 0.039151188 0.034713697 0.046019126 0.047423057 0.027395356 0.033404484 0.031241305 0.017548531 0.027290203 0.11331458 0.021951787 0.019389534 0.046826962 0.031763993 0.037432775 0.02375702 0.054580852 0.074558005 0.03467987 0.03367712 0.02846614 0.034485802 0.036520615 0.05029004 0.06847087 0.026579125 0.0312793 0.036938462 0.034668367 0.037249293 0.1021252 0.025430392 0.05276598 0.026966289 0.046218295 0.021893153 0.018415485 0.035627466 0.033442155 0.046656325 0.034449372 0.03891674 0.023324162 0.044431545 0.04954176 0.029666467 0.04166923 0.048894905 0.092164405 0.0749396 0.047522046 0.029085547 0.04586499 0.04263965 0.033650693 0.02655638 0.0467142 0.028239423 0.035842963 0.028202655 0.070725985 0.039981443 0.033219494 0.050144617 0.052398562 0.033320323 0.05402679 0.038217098 0.04656832 0.060076594 0.04356242 0.024962053 0.040556155 0.039175883 0.02782376 0.034499023 0.039748564 0.040352758 0.044005066 0.02986821 0.029067436 0.04856438 0.06518251 0.08894828 0.029673185 0.051981386 0.044812154 0.036032923 0.025036115 0.033709142 0.025236545 0.038678214 0.042246476 0.02618614 0.02091801 0.060775544 0.02927455 0.060252327 0.021292305 0.0485085 0.0750279 0.06522758 0.043743454 0.02550532 0.08038201 0.048671804 0.06758194 0.039965075 0.026433647 0.036953375 0.054633062 0.03931548 0.030294813 0.025887549 0.06856869 0.05939634 0.058887698 0.0559933 0.041189782 0.027239546 0.01430478 0.036354497 0.037946653 0.056204572 0.03241696 0.08443307 0.06542105 0.025582952 0.03200701 0.055154778 0.03037389 0.06374471 0.03740632 0.04644349 0.032302897 0.02216219 0.026921542 0.031721245 0.10073724 0.0399066 0.029574037 0.036423005 0.05428914 0.026743177 0.023069534 0.04166845 0.038808152 0.034628924 0.0632658 0.03331389 0.06579085 0.058178052 0.034737818 0.05049102 0.03320623 0.05110523 0.04783896 0.034804404 0.028460367 0.026208429 0.052672118 0.036094647 0.045745183 0.031135308 0.08117214 0.024601674 0.025413057 0.039905876 0.086245656 0.049183372 0.016913956 0.031853277 0.029847436 0.045803066 0.041334387 0.02069443 0.03156386 0.03412956 0.019484896 0.03583805 0.040798992 0.041405603 0.06995125 0.07321202 0.07979964 0.0287349 0.067870006 0.027567208 0.06476684 0.0213996 0.05868611 0.04992894 0.050778814 0.035721973 0.035927806 0.06907597 0.041574948 0.04543881 0.05798865 0.029344426 0.026950162 0.034844626 0.07035918 0.041585885 0.035683278 0.023578474 0.045569584 0.032980833 0.06859455 0.03374255 0.019889435 0.055454776 0.03490868 0.033066276 0.032520115 0.0259887 0.017536798 0.029686349 0.052108146 0.027131228 0.03940225 0.023711957 0.02235044 0.043559413 0.027549848 0.0420694 0.049876865 0.039994817 0.0500007 0.03275615 0.05325926 0.029907001 0.047432724 0.034297887 0.03945647 0.028411342 0.06326216 0.07222827 0.020099185 0.044112913 0.038384322 0.045387145 0.020369483 0.045682963 0.04624037 0.029014846 0.05216464 0.08245138 0.08496896 0.07184346 0.026989011 0.037014335 0.043380555 0.05161247 0.03383286 0.02858282 0.048454456 0.052252598 0.07843076 0.055322345 0.028535116 0.03008462 0.029112037 0.022546401 0.061924133 0.027832916 0.047128692 0.024638448 0.032586962 0.07238811 0.040729985 0.019407094 0.031584717 0.043596815 0.031773746 0.03296633 0.06065665 0.02874523 0.030037157 0.0443817 0.12401749 0.019929633 0.03649056 0.013905435 0.020189157 0.062655896 0.03376916 0.11721924 0.016591644 0.05332421 0.029093653 0.045731716 0.042770643 0.030745652 0.05483299 0.02960874 0.036596663 0.04652223 0.051834233 0.037732843 0.027178677 0.04606253 0.014030832 0.04317599 0.040307846 0.07614118 0.045357116 0.017588373 0.031101186 0.030942798 0.02520806 0.039476994 0.028680783 0.040414825 0.06232884 0.053451516 0.05696889 0.023290636 0.029907098 0.035257418 0.02872102 0.036670372 0.040512756 0.059739914 0.078747705 0.03921615 0.03600402 0.029154008 0.031644676 0.02308539 0.028411161 0.05296394 0.05817914 0.028997734 0.029848455 0.039710652 0.046934836 0.051710688 0.03691719 0.046762034 0.028320314 0.03923745 0.032175496 0.053049736 0.03621491 0.039511517 0.03730275 0.05374891 0.042945344 0.018005567 0.039134 0.024669006 0.02845862 0.030361852 0.032866266 0.020296698 0.022230862 0.050210197 0.031365998 0.042045455 0.027201608 0.025346566 0.074366145 0.0248289 0.03678808 0.04569067 0.03291744 0.02870686 0.030895583 0.03316149 0.083739534 0.05298108 0.07480909 0.03069622 0.03567412 0.06013459 0.04976048 0.028598906 0.022678006 0.035621263 0.048841286 0.043492094 0.03969427 0.029466776 0.024896441 0.054722335 0.045884743 0.025536358 0.05569424 0.023087647 0.02023083 0.01743049 0.03272626 0.04402811 0.070120074 0.04245297 0.02910239 0.030873092 0.026865626 0.02961521 0.037772473 0.043590136 0.031014526 0.071006216 0.047481492 0.06795415 0.04760556 0.032314114 0.030802473 0.046882864 0.023076108 0.025850182 0.073920116 0.03424892 0.044595096 0.068432674 0.015209516 0.03522855 0.04857189 0.025645303 0.040183205,,
858,3x3x256x512,0.03691174 0.032046765 0.031467136 0.04722628 0.036894012 0.04033187 0.023633668 0.034499172 0.037284404 0.027136872 0.055841595 0.044431616 0.0422632 0.034701962 0.046817176 0.047917083 0.061396703 0.02929933 0.03272986 0.028918652 0.04372248 0.052813515 0.048696034 0.063798994 0.05643583 0.027817007 0.0525188 0.037751205 0.03068073 0.035491806 0.020458179 0.03987377 0.026511924 0.061107874 0.039037153 0.037922535 0.031301457 0.050945066 0.04273715 0.023292992 0.051159754 0.05173346 0.044033438 0.042449504 0.032628167 0.03297726 0.052545678 0.035313893 0.037078742 0.03794497 0.058672503 0.030420797 0.04623749 0.030522458 0.06961021 0.035599306 0.07477884 0.028778786 0.03630517 0.042709704 0.03750642 0.048285954 0.024316126 0.080256045 0.026882466 0.047484726 0.052873626 0.08964241 0.050048023 0.054428697 0.060416974 0.021996794 0.029889181 0.03107117 0.05232228 0.044514835 0.04245709 0.02218383 0.056349568 0.0376156 0.037174255 0.031506415 0.046168815 0.036804117 0.0298756 0.038448043 0.055215914 0.028639868 0.02639231 0.0348862 0.045570437 0.039155964 0.034717936 0.046024743 0.047428846 0.0273987 0.033408564 0.031245118 0.017550673 0.027293535 0.11332841 0.021954468 0.0193919 0.046832677 0.031767868 0.037437346 0.02375992 0.054587517 0.07456711 0.034684107 0.033681232 0.028469617 0.03449001 0.03652507 0.050296176 0.068479225 0.026582368 0.031283118 0.036942974 0.0346726 0.03725384 0.10213766 0.025433498 0.05277242 0.02696958 0.04622394 0.021895824 0.01841773 0.035631817 0.033446234 0.046662018 0.034453575 0.03892149 0.02332701 0.04443697 0.049547806 0.029670088 0.04167432 0.048900872 0.092175655 0.07494874 0.047527846 0.029089097 0.045870587 0.042644855 0.033654798 0.026559621 0.0467199 0.028242871 0.03584734 0.028206097 0.07073461 0.039986324 0.03322355 0.050150737 0.05240496 0.033324387 0.054033384 0.03822176 0.046574004 0.06008393 0.04356774 0.024965098 0.040561106 0.039180662 0.027827155 0.034503236 0.03975342 0.040357683 0.044010438 0.029871855 0.029070983 0.048570305 0.065190464 0.088959135 0.029676808 0.05198773 0.044817623 0.03603732 0.02503917 0.03371326 0.025239624 0.038682938 0.04225163 0.026189337 0.020920562 0.060782965 0.029278124 0.06025968 0.021294903 0.048514422 0.075037055 0.06523554 0.043748792 0.025508434 0.080391824 0.048677742 0.067590185 0.039969955 0.026436873 0.036957882 0.05463973 0.03932028 0.03029851 0.02589071 0.068577066 0.05940359 0.058894888 0.056000132 0.041194808 0.027242871 0.014306526 0.036358934 0.037951287 0.056211434 0.032420915 0.084443375 0.06542903 0.025586076 0.032010913 0.05516151 0.030377598 0.063752495 0.037410885 0.046449155 0.032306843 0.022164894 0.026924828 0.03172512 0.10074954 0.03991147 0.029577646 0.036427453 0.054295763 0.026746443 0.023072349 0.041673534 0.038812887 0.03463315 0.06327353 0.033317957 0.06579888 0.058185153 0.034742057 0.050497185 0.03321028 0.05111147 0.0478448 0.034808654 0.02846384 0.026211629 0.052678544 0.03609905 0.045750767 0.031139107 0.08118205 0.024604676 0.02541616 0.03991075 0.08625618 0.049189378 0.016916022 0.031857163 0.029851079 0.045808654 0.041339435 0.020696957 0.03156771 0.034133725 0.019487275 0.035842422 0.04080397 0.041410655 0.06995979 0.07322096 0.07980938 0.028738407 0.06787829 0.027570574 0.064774744 0.021402214 0.058693275 0.049935035 0.05078501 0.035726335 0.03593219 0.0690844 0.04158002 0.04544436 0.05799573 0.029348008 0.026953451 0.034848876 0.07036776 0.04159096 0.035687633 0.023581352 0.045575146 0.032984857 0.06860292 0.033746667 0.019891864 0.055461545 0.034912936 0.033070315 0.032524087 0.025991872 0.017538939 0.029689973 0.05211451 0.02713454 0.03940706 0.023714852 0.022353167 0.04356473 0.027553212 0.04207454 0.049882952 0.0399997 0.050006803 0.032760147 0.05326576 0.02991065 0.047438513 0.03430207 0.03946129 0.028414808 0.06326988 0.07223708 0.020101639 0.0441183 0.038389005 0.045392685 0.02037197 0.04568854 0.046246015 0.029018389 0.052171007 0.08246144 0.08497933 0.07185223 0.026992304 0.03701885 0.043385852 0.05161877 0.03383699 0.02858631 0.048460368 0.052258976 0.07844033 0.055329096 0.0285386 0.030088292 0.02911559 0.022549154 0.061931692 0.027836313 0.047134444 0.024641454 0.032590937 0.07239695 0.040734958 0.019409461 0.031588573 0.04360214 0.031777624 0.032970354 0.060664058 0.028748738 0.030040825 0.044387117 0.124032624 0.019932065 0.03649501 0.013907133 0.020191621 0.06266355 0.033773284 0.11723355 0.016593669 0.05333072 0.029097205 0.0457373 0.042775866 0.030749403 0.05483968 0.029612353 0.03660113 0.04652791 0.051840562 0.03773745 0.027181994 0.04606815 0.014032545 0.04318126 0.040312763 0.07615048 0.04536265 0.017590519 0.031104982 0.030946573 0.025211137 0.039481815 0.028684285 0.040419757 0.06233645 0.053458042 0.05697584 0.023293478 0.029910749 0.03526172 0.028724525 0.03667485 0.040517703 0.059747208 0.078757316 0.039220937 0.036008414 0.029157568 0.03164854 0.023088206 0.028414628 0.052970406 0.05818624 0.029001273 0.029852098 0.0397155 0.046940565 0.051717 0.036921695 0.04676774 0.028323771 0.039242238 0.032179423 0.05305621 0.03621933 0.039516337 0.037307303 0.05375547 0.042950585 0.018007765 0.039138775 0.024672017 0.028462093 0.030365556 0.032870278 0.020299176 0.022233574 0.050216325 0.031369824 0.042050585 0.027204929 0.02534966 0.07437523 0.02483193 0.036792573 0.045696247 0.032921456 0.028710363 0.030899353 0.033165537 0.083749756 0.052987546 0.074818216 0.030699968 0.035678476 0.06014193 0.049766555 0.028602397 0.022680774 0.03562561 0.048847247 0.043497402 0.03969911 0.029470373 0.02489948 0.054729015 0.045890346 0.025539476 0.05570104 0.023090465 0.020233298 0.017432617 0.032730255 0.044033483 0.07012863 0.04245815 0.029105943 0.03087686 0.026868906 0.029618824 0.03777708 0.043595456 0.031018313 0.07101488 0.047487285 0.067962445 0.047611367 0.032318056 0.030806234 0.046888586 0.023078924 0.025853338 0.07392914 0.034253098 0.04460054 0.068441026 0.015211373 0.03523285 0.04857782 0.025648434 0.040188108,0.036907237 0.032042854 0.031463295 0.047220517 0.036889512 0.040326945 0.023630783 0.034494963 0.03727985 0.02713356 0.055834778 0.044426195 0.042258043 0.034697726 0.046811465 0.047911234 0.061389208 0.029295756 0.032725867 0.028915122 0.043717142 0.05280707 0.048690088 0.06379121 0.056428943 0.027813613 0.052512392 0.0377466 0.030676985 0.035487477 0.02045568 0.039868902 0.026508689 0.061100416 0.03903239 0.037917905 0.031297635 0.05093885 0.042731933 0.02329015 0.05115351 0.051727146 0.044028066 0.042444326 0.032624185 0.032973234 0.052539263 0.035309583 0.03707422 0.03794034 0.058665343 0.030417085 0.04623185 0.030518733 0.069601715 0.035594963 0.07476971 0.028775275 0.036300737 0.042704493 0.037501846 0.04828006 0.02431316 0.080246255 0.026879184 0.047478933 0.052867174 0.08963147 0.050041918 0.054422054 0.060409598 0.02199411 0.029885532 0.031067377 0.052315895 0.0445094 0.042451907 0.022181122 0.05634269 0.037611008 0.037169717 0.03150257 0.04616318 0.03679963 0.029871954 0.038443353 0.055209175 0.028636372 0.02638909 0.034881942 0.045564875 0.039151188 0.034713697 0.046019126 0.047423057 0.027395356 0.033404484 0.031241305 0.017548531 0.027290203 0.11331458 0.021951787 0.019389534 0.046826962 0.031763993 0.037432775 0.02375702 0.054580852 0.074558005 0.03467987 0.03367712 0.02846614 0.034485802 0.036520615 0.05029004 0.06847087 0.026579125 0.0312793 0.036938462 0.034668367 0.037249293 0.1021252 0.025430392 0.05276598 0.026966289 0.046218295 0.021893153 0.018415485 0.035627466 0.033442155 0.046656325 0.034449372 0.03891674 0.023324162 0.044431545 0.04954176 0.029666467 0.04166923 0.048894905 0.092164405 0.0749396 0.047522046 0.029085547 0.04586499 0.04263965 0.033650693 0.02655638 0.0467142 0.028239423 0.035842963 0.028202655 0.070725985 0.039981443 0.033219494 0.050144617 0.052398562 0.033320323 0.05402679 0.038217098 0.04656832 0.060076594 0.04356242 0.024962053 0.040556155 0.039175883 0.02782376 0.034499023 0.039748564 0.040352758 0.044005066 0.02986821 0.029067436 0.04856438 0.06518251 0.08894828 0.029673185 0.051981386 0.044812154 0.036032923 0.025036115 0.033709142 0.025236545 0.038678214 0.042246476 0.02618614 0.02091801 0.060775544 0.02927455 0.060252327 0.021292305 0.0485085 0.0750279 0.06522758 0.043743454 0.02550532 0.08038201 0.048671804 0.06758194 0.039965075 0.026433647 0.036953375 0.054633062 0.03931548 0.030294813 0.025887549 0.06856869 0.05939634 0.058887698 0.0559933 0.041189782 0.027239546 0.01430478 0.036354497 0.037946653 0.056204572 0.03241696 0.08443307 0.06542105 0.025582952 0.03200701 0.055154778 0.03037389 0.06374471 0.03740632 0.04644349 0.032302897 0.02216219 0.026921542 0.031721245 0.10073724 0.0399066 0.029574037 0.036423005 0.05428914 0.026743177 0.023069534 0.04166845 0.038808152 0.034628924 0.0632658 0.03331389 0.06579085 0.058178052 0.034737818 0.05049102 0.03320623 0.05110523 0.04783896 0.034804404 0.028460367 0.026208429 0.052672118 0.036094647 0.045745183 0.031135308 0.08117214 0.024601674 0.025413057 0.039905876 0.086245656 0.049183372 0.016913956 0.031853277 0.029847436 0.045803066 0.041334387 0.02069443 0.03156386 0.03412956 0.019484896 0.03583805 0.040798992 0.041405603 0.06995125 0.07321202 0.07979964 0.0287349 0.067870006 0.027567208 0.06476684 0.0213996 0.05868611 0.04992894 0.050778814 0.035721973 0.035927806 0.06907597 0.041574948 0.04543881 0.05798865 0.029344426 0.026950162 0.034844626 0.07035918 0.041585885 0.035683278 0.023578474 0.045569584 0.032980833 0.06859455 0.03374255 0.019889435 0.055454776 0.03490868 0.033066276 0.032520115 0.0259887 0.017536798 0.029686349 0.052108146 0.027131228 0.03940225 0.023711957 0.02235044 0.043559413 0.027549848 0.0420694 0.049876865 0.039994817 0.0500007 0.03275615 0.05325926 0.029907001 0.047432724 0.034297887 0.03945647 0.028411342 0.06326216 0.07222827 0.020099185 0.044112913 0.038384322 0.045387145 0.020369483 0.045682963 0.04624037 0.029014846 0.05216464 0.08245138 0.08496896 0.07184346 0.026989011 0.037014335 0.043380555 0.05161247 0.03383286 0.02858282 0.048454456 0.052252598 0.07843076 0.055322345 0.028535116 0.03008462 0.029112037 0.022546401 0.061924133 0.027832916 0.047128692 0.024638448 0.032586962 0.07238811 0.040729985 0.019407094 0.031584717 0.043596815 0.031773746 0.03296633 0.06065665 0.02874523 0.030037157 0.0443817 0.12401749 0.019929633 0.03649056 0.013905435 0.020189157 0.062655896 0.03376916 0.11721924 0.016591644 0.05332421 0.029093653 0.045731716 0.042770643 0.030745652 0.05483299 0.02960874 0.036596663 0.04652223 0.051834233 0.037732843 0.027178677 0.04606253 0.014030832 0.04317599 0.040307846 0.07614118 0.045357116 0.017588373 0.031101186 0.030942798 0.02520806 0.039476994 0.028680783 0.040414825 0.06232884 0.053451516 0.05696889 0.023290636 0.029907098 0.035257418 0.02872102 0.036670372 0.040512756 0.059739914 0.078747705 0.03921615 0.03600402 0.029154008 0.031644676 0.02308539 0.028411161 0.05296394 0.05817914 0.028997734 0.029848455 0.039710652 0.046934836 0.051710688 0.03691719 0.046762034 0.028320314 0.03923745 0.032175496 0.053049736 0.03621491 0.039511517 0.03730275 0.05374891 0.042945344 0.018005567 0.039134 0.024669006 0.02845862 0.030361852 0.032866266 0.020296698 0.022230862 0.050210197 0.031365998 0.042045455 0.027201608 0.025346566 0.074366145 0.0248289 0.03678808 0.04569067 0.03291744 0.02870686 0.030895583 0.03316149 0.083739534 0.05298108 0.07480909 0.03069622 0.03567412 0.06013459 0.04976048 0.028598906 0.022678006 0.035621263 0.048841286 0.043492094 0.03969427 0.029466776 0.024896441 0.054722335 0.045884743 0.025536358 0.05569424 0.023087647 0.02023083 0.01743049 0.03272626 0.04402811 0.070120074 0.04245297 0.02910239 0.030873092 0.026865626 0.02961521 0.037772473 0.043590136 0.031014526 0.071006216 0.047481492 0.06795415 0.04760556 0.032314114 0.030802473 0.046882864 0.023076108 0.025850182 0.073920116 0.03424892 0.044595096 0.068432674 0.015209516 0.03522855 0.04857189 0.025645303 0.040183205,,
876,3x3x512x512,0.053913593 0.050294522 0.07857556 0.044060674 0.08811901 0.06728324 0.052081693 0.044965826 0.06958375 0.07924833 0.14199871 0.08720266 0.056586962 0.079500824 0.050321758 0.063281894 0.046120744 0.07930914 0.060012855 0.11868036 0.0924829 0.046681765 0.06261115 0.05880742 0.05980034 0.16540097 0.03603823 0.05448328 0.07402488 0.07653607 0.087871894 0.044899173 0.08507471 0.080372155 0.07444821 0.07847282 0.060940575 0.086588725 0.066840164 0.0659081 0.051509634 0.048803233 0.07742468 0.080828205 0.0876853 0.07245292 0.06344591 0.04944476 0.0996512 0.05086871 0.060392078 0.0714603 0.101865955 0.12734608 0.06471308 0.025515944 0.068335794 0.064298384 0.046980396 0.1029488 0.057542685 0.040513214 0.08153233 0.09398192 0.17657258 0.07080926 0.09859408 0.058275048 0.18315434 0.06445962 0.070436954 0.112127796 0.07801778 0.21134447 0.057602346 0.12540346 0.05605222 0.16406268 0.04361836 0.071592204 0.053112943 0.06461122 0.073000625 0.20368057 0.12213401 0.0925433 0.05399486 0.07280258 0.06883741 0.06734851 0.09819233 0.056927234 0.0847103 0.05133735 0.079439886 0.081049085 0.054223537 0.06242072 0.06429283 0.1657838 0.06608129 0.08216652 0.037071016 0.07733199 0.061133005 0.096473135 0.1532097 0.076298244 0.08708256 0.04305506 0.06449088 0.08838045 0.08623535 0.052327473 0.08622777 0.07463371 0.077942856 0.024349887 0.047570884 0.10125271 0.07040141 0.080254465 0.15261208 0.05158611 0.08742581 0.050986536 0.09537408 0.06937039 0.091312595 0.061828416 0.06553274 0.10927155 0.081035644 0.09241289 0.070915364 0.06853128 0.12708353 0.05742372 0.09433473 0.07087614 0.066241056 0.048418302 0.08119812 0.1480909 0.057062 0.05084387 0.034636956 0.07455814 0.092838176 0.13206038 0.19366887 0.17170271 0.10078374 0.04287624 0.06376532 0.10080952 0.051382445 0.05527686 0.07205815 0.06888105 0.089734994 0.066969216 0.049252283 0.043407608 0.08038842 0.11866507 0.07979034 0.077061765 0.05225325 0.06941133 0.06688966 0.06765768 0.08067548 0.06039641 0.10577476 0.094394654 0.0560702 0.07139665 0.054322004 0.08095323 0.082191505 0.03212867 0.067379415 0.057745647 0.060681548 0.025706775 0.05764329 0.075128265 0.043888647 0.058427796 0.06430028 0.064846635 0.041421425 0.0700991 0.07030518 0.05348352 0.061209723 0.050884694 0.070844755 0.07494458 0.11855754 0.05829221 0.055027246 0.06817354 0.06589702 0.055787113 0.06388957 0.044397827 0.07325784 0.07422429 0.057933517 0.117955826 0.13330267 0.061099127 0.053966936 0.065443665 0.076384425 0.043991853 0.059310917 0.044384025 0.07378961 0.07762726 0.054859806 0.12271497 0.05547921 0.12737617 0.06331514 0.14612146 0.07579484 0.078659646 0.09822048 0.08163199 0.18344362 0.097250864 0.060694333 0.034618177 0.08356722 0.038086884 0.0933157 0.10128236 0.09662551 0.038028985 0.05668736 0.0569381 0.059020266 0.039902594 0.085289925 0.06746111 0.06291893 0.059928786 0.06422407 0.057695385 0.082682036 0.066861056 0.0843803 0.08707283 0.050915178 0.06830804 0.10025315 0.057883102 0.07884373 0.09144119 0.11220519 0.05484943 0.06035844 0.09003188 0.05448459 0.06379107 0.064792015 0.05954004 0.047397096 0.04123816 0.12011549 0.07007351 0.04446252 0.0733279 0.11093821 0.07302534 0.0592224 0.07713242 0.07225773 0.08716327 0.06614312 0.060032204 0.04836711 0.07976872 0.07355736 0.09836366 0.086473785 0.05146282 0.078064516 0.13007984 0.054453697 0.07458505 0.067945994 0.16991246 0.0783873 0.041193258 0.06877377 0.055013638 0.07090492 0.042862702 0.07863772 0.08298409 0.1064386 0.05126409 0.15510969 0.06132223 0.047842816 0.06902715 0.059466414 0.047006086 0.047584943 0.07592869 0.12888339 0.044251207 0.040882125 0.09456109 0.06826061 0.06620668 0.051841225 0.041130174 0.06445948 0.11815401 0.07123322 0.06490139 0.12336302 0.090090044 0.05971089 0.120335035 0.05397373 0.059947304 0.10251128 0.070217684 0.082943864 0.054517973 0.0630736 0.09456042 0.0546569 0.055129528 0.09246148 0.067278504 0.05031633 0.07481287 0.05291171 0.09113975 0.049679596 0.048165187 0.058485374 0.07060295 0.10274051 0.05787283 0.06228321 0.07846962 0.11644937 0.06818808 0.06684941 0.048797105 0.07420194 0.06988412 0.15452352 0.09092394 0.055640124 0.13756992 0.065285586 0.07228202 0.07939437 0.073565274 0.06801696 0.10405428 0.042369336 0.06397417 0.12548761 0.20147596 0.07972026 0.16313347 0.06663558 0.048004724 0.0390217 0.05120731 0.035742857 0.07398132 0.08744737 0.050504424 0.053441674 0.076672696 0.061632365 0.12351393 0.043540932 0.1178399 0.061547067 0.06452354 0.052151773 0.049942784 0.05655605 0.0690649 0.060361303 0.059796024 0.08524078 0.04159844 0.08235943 0.07636031 0.07175327 0.06913698 0.09636211 0.06895793 0.11879617 0.055690046 0.05410745 0.058143973 0.05831768 0.107634135 0.049731184 0.08588873 0.06407323 0.1132889 0.057996303 0.05326156 0.044575907 0.09705158 0.070071794 0.16665165 0.090513185 0.053855516 0.0765597 0.064172484 0.09446014 0.13267262 0.16795745 0.11186337 0.17305154 0.1830393 0.04688451 0.0609584 0.043996528 0.09275283 0.08723596 0.09454838 0.08127653 0.119339734 0.24751693 0.061501615 0.1768041 0.06181411 0.08258781 0.14877503 0.07657741 0.045718994 0.06371015 0.06081394 0.049110867 0.0595172 0.079704426 0.08404563 0.07011253 0.2504296 0.07771447 0.06732473 0.12319344 0.07314726 0.039471958 0.12112585 0.10960866 0.067104064 0.08732296 0.11383792 0.0607858 0.07338592 0.08786527 0.06677608 0.09065476 0.07018143 0.08865444 0.060401727 0.050595105 0.07252622 0.10036125 0.065126576 0.08987206 0.07524387 0.08454424 0.079971366 0.07040631 0.055596378 0.05519158 0.12579088 0.061227728 0.043607965 0.051983994 0.13305795 0.10319059 0.049762495 0.06972615 0.041222926 0.0924362 0.11152893 0.05924081 0.07878978 0.056285907 0.04365077 0.07176894 0.089464076 0.03452269 0.051976256 0.06991172 0.047295213 0.061435975 0.055857047 0.08188204 0.061673597 0.07807855 0.10171183,0.053907014 0.050288387 0.07856597 0.044055294 0.08810825 0.06727503 0.052075338 0.04496034 0.06957526 0.07923866 0.14198138 0.087192014 0.056580056 0.07949112 0.05031562 0.063274175 0.046115115 0.079299465 0.06000553 0.118665874 0.092471614 0.046676066 0.06260351 0.058800247 0.059793044 0.16538079 0.036033835 0.05447663 0.07401585 0.07652673 0.087861165 0.044893693 0.08506433 0.08036234 0.07443912 0.07846324 0.060933135 0.08657815 0.066832006 0.06590006 0.051503345 0.048797276 0.077415235 0.08081834 0.087674595 0.072444074 0.06343817 0.049438726 0.099639036 0.0508625 0.060384706 0.07145158 0.10185353 0.12733054 0.064705186 0.02551283 0.06832745 0.06429054 0.046974663 0.10293623 0.057535663 0.04050827 0.081522375 0.09397045 0.17655103 0.07080062 0.098582044 0.058267936 0.183132 0.064451754 0.07042836 0.11211412 0.07800826 0.21131867 0.057595316 0.12538816 0.056045376 0.16404267 0.043613035 0.07158347 0.05310646 0.06460333 0.072991714 0.20365572 0.12211911 0.092532 0.05398827 0.0727937 0.068829015 0.06734029 0.09818034 0.056920286 0.084699966 0.051331084 0.07943019 0.0810392 0.054216918 0.0624131 0.06428499 0.16576356 0.066073224 0.082156494 0.03706649 0.07732256 0.061125547 0.09646136 0.153191 0.07628893 0.087071925 0.043049805 0.064483 0.08836967 0.08622483 0.052321088 0.08621724 0.074624605 0.07793335 0.024346914 0.047565077 0.10124036 0.07039282 0.080244675 0.15259345 0.051579814 0.087415144 0.05098031 0.09536244 0.06936192 0.091301456 0.06182087 0.065524735 0.10925821 0.08102575 0.09240162 0.07090671 0.06852292 0.12706801 0.05741671 0.09432322 0.07086749 0.06623297 0.048412394 0.08118821 0.14807282 0.057055034 0.050837666 0.03463273 0.074549034 0.09282685 0.13204427 0.19364524 0.17168176 0.10077144 0.04287101 0.06375753 0.10079721 0.05137617 0.055270113 0.07204935 0.06887264 0.08972404 0.06696104 0.049246274 0.04340231 0.08037861 0.11865059 0.0797806 0.077052355 0.052246872 0.06940286 0.0668815 0.067649424 0.08066563 0.060389042 0.105761856 0.094383135 0.056063358 0.07138793 0.054315377 0.08094335 0.08218147 0.03212475 0.0673712 0.057738602 0.060674142 0.025703637 0.057636254 0.0751191 0.04388329 0.058420666 0.06429243 0.06483872 0.04141637 0.07009055 0.07029661 0.053476993 0.061202254 0.050878484 0.070836104 0.074935436 0.11854307 0.0582851 0.055020534 0.06816523 0.06588897 0.055780306 0.06388178 0.044392407 0.0732489 0.07421523 0.057926446 0.11794143 0.13328642 0.061091673 0.05396035 0.06543568 0.076375104 0.043986484 0.05930368 0.04437861 0.07378061 0.07761779 0.05485311 0.12269999 0.055472437 0.12736063 0.06330741 0.14610364 0.07578559 0.07865004 0.098208494 0.08162203 0.18342122 0.097238995 0.060686924 0.034613952 0.08355702 0.03808224 0.09330431 0.10127 0.09661372 0.038024344 0.05668044 0.05693115 0.059013065 0.039897725 0.08527952 0.06745288 0.06291126 0.05992147 0.064216234 0.057688344 0.08267194 0.0668529 0.08437 0.087062195 0.050908964 0.0682997 0.100240916 0.057876036 0.0788341 0.09143003 0.1121915 0.054842737 0.06035107 0.090020895 0.05447794 0.06378328 0.0647841 0.059532776 0.047391314 0.041233126 0.120100826 0.070064954 0.044457097 0.07331895 0.11092467 0.07301643 0.059215173 0.077123 0.07224891 0.08715264 0.06613504 0.06002488 0.04836121 0.07975899 0.073548384 0.09835166 0.08646323 0.05145654 0.078054994 0.13006395 0.05444705 0.07457595 0.0679377 0.16989173 0.07837773 0.04118823 0.06876538 0.055006925 0.07089626 0.04285747 0.07862812 0.08297396 0.106425606 0.05125783 0.15509075 0.061314747 0.047836974 0.06901873 0.059459157 0.04700035 0.047579136 0.07591943 0.12886767 0.04424581 0.040877134 0.09454955 0.06825228 0.066198595 0.051834896 0.041125152 0.06445161 0.11813959 0.071224526 0.06489347 0.12334797 0.090079054 0.059703603 0.12032035 0.053967144 0.059939988 0.10249877 0.070209116 0.08293375 0.05451132 0.0630659 0.09454888 0.054650232 0.0551228 0.0924502 0.067270294 0.050310187 0.07480373 0.05290525 0.091128625 0.049673535 0.04815931 0.058478236 0.07059433 0.10272797 0.05786577 0.062275607 0.07846004 0.116435155 0.06817976 0.06684125 0.04879115 0.07419288 0.0698756 0.15450467 0.09091284 0.055633333 0.13755314 0.06527761 0.072273195 0.07938468 0.0735563 0.06800866 0.10404158 0.042364165 0.06396636 0.1254723 0.11332716 0.07971053 0.16311356 0.06662744 0.047998868 0.039016936 0.051201064 0.035738494 0.07397229 0.08743669 0.050498262 0.053435154 0.07666334 0.061624844 0.12349886 0.043535616 0.11782552 0.061539553 0.064515665 0.052145407 0.04993669 0.056549147 0.069056466 0.060353935 0.059788726 0.08523038 0.04159336 0.08234938 0.07635099 0.07174451 0.069128536 0.09635034 0.06894952 0.11878167 0.055683248 0.05410085 0.058136877 0.05831056 0.107621 0.049725115 0.085878246 0.06406541 0.11327508 0.057989225 0.05325506 0.044570465 0.097039744 0.07006324 0.16663131 0.09050214 0.05384894 0.07655036 0.06416465 0.0944486 0.13265644 0.16793697 0.11184971 0.1730304 0.18301696 0.04687879 0.06095096 0.043991156 0.092741504 0.08722531 0.09453685 0.081266604 0.11932517 0.24748673 0.06149411 0.17678252 0.061806567 0.08257773 0.14875686 0.07656806 0.045713414 0.06370238 0.060806517 0.049104873 0.059509937 0.0796947 0.08403538 0.070103966 0.25039905 0.07770499 0.06731651 0.12317841 0.073138334 0.03946714 0.121111065 0.10959528 0.067095876 0.087312296 0.11382403 0.06077838 0.07337696 0.08785455 0.06676793 0.0906437 0.07017287 0.088643625 0.060394354 0.05058893 0.072517365 0.100349 0.065118626 0.089861095 0.07523468 0.08453392 0.079961605 0.07039771 0.05558959 0.055184845 0.12577553 0.061220255 0.043602645 0.05197765 0.13304172 0.103177994 0.049756423 0.06971764 0.041217893 0.09242492 0.11151532 0.059233584 0.07878017 0.056279037 0.04364544 0.071760185 0.08945315 0.034518477 0.051969916 0.06990319 0.04728944 0.06142848 0.05585023 0.081872046 0.061666068 0.078069024 0.10169942,,
880,3x3x512x512,0.053913593 0.050294522 0.07857556 0.044060674 0.08811901 0.06728324 0.052081693 0.044965826 0.06958375 0.07924833 0.14199871 0.08720266 0.056586962 0.079500824 0.050321758 0.063281894 0.046120744 0.07930914 0.060012855 0.11868036 0.0924829 0.046681765 0.06261115 0.05880742 0.05980034 0.16540097 0.03603823 0.05448328 0.07402488 0.07653607 0.087871894 0.044899173 0.08507471 0.080372155 0.07444821 0.07847282 0.060940575 0.086588725 0.066840164 0.0659081 0.051509634 0.048803233 0.07742468 0.080828205 0.0876853 0.07245292 0.06344591 0.04944476 0.0996512 0.05086871 0.060392078 0.0714603 0.101865955 0.12734608 0.06471308 0.025515944 0.068335794 0.064298384 0.046980396 0.1029488 0.057542685 0.040513214 0.08153233 0.09398192 0.17657258 0.07080926 0.09859408 0.058275048 0.18315434 0.06445962 0.070436954 0.112127796 0.07801778 0.21134447 0.057602346 0.12540346 0.05605222 0.16406268 0.04361836 0.071592204 0.053112943 0.06461122 0.073000625 0.20368057 0.12213401 0.0925433 0.05399486 0.07280258 0.06883741 0.06734851 0.09819233 0.056927234 0.0847103 0.05133735 0.079439886 0.081049085 0.054223537 0.06242072 0.06429283 0.1657838 0.06608129 0.08216652 0.037071016 0.07733199 0.061133005 0.096473135 0.1532097 0.076298244 0.08708256 0.04305506 0.06449088 0.08838045 0.08623535 0.052327473 0.08622777 0.07463371 0.077942856 0.024349887 0.047570884 0.10125271 0.07040141 0.080254465 0.15261208 0.05158611 0.08742581 0.050986536 0.09537408 0.06937039 0.091312595 0.061828416 0.06553274 0.10927155 0.081035644 0.09241289 0.070915364 0.06853128 0.12708353 0.05742372 0.09433473 0.07087614 0.066241056 0.048418302 0.08119812 0.1480909 0.057062 0.05084387 0.034636956 0.07455814 0.092838176 0.13206038 0.19366887 0.17170271 0.10078374 0.04287624 0.06376532 0.10080952 0.051382445 0.05527686 0.07205815 0.06888105 0.089734994 0.066969216 0.049252283 0.043407608 0.08038842 0.11866507 0.07979034 0.077061765 0.05225325 0.06941133 0.06688966 0.06765768 0.08067548 0.06039641 0.10577476 0.094394654 0.0560702 0.07139665 0.054322004 0.08095323 0.082191505 0.03212867 0.067379415 0.057745647 0.060681548 0.025706775 0.05764329 0.075128265 0.043888647 0.058427796 0.06430028 0.064846635 0.041421425 0.0700991 0.07030518 0.05348352 0.061209723 0.050884694 0.070844755 0.07494458 0.11855754 0.05829221 0.055027246 0.06817354 0.06589702 0.055787113 0.06388957 0.044397827 0.07325784 0.07422429 0.057933517 0.117955826 0.13330267 0.061099127 0.053966936 0.065443665 0.076384425 0.043991853 0.059310917 0.044384025 0.07378961 0.07762726 0.054859806 0.12271497 0.05547921 0.12737617 0.06331514 0.14612146 0.07579484 0.078659646 0.09822048 0.08163199 0.18344362 0.097250864 0.060694333 0.034618177 0.08356722 0.038086884 0.0933157 0.10128236 0.09662551 0.038028985 0.05668736 0.0569381 0.059020266 0.039902594 0.085289925 0.06746111 0.06291893 0.059928786 0.06422407 0.057695385 0.082682036 0.066861056 0.0843803 0.08707283 0.050915178 0.06830804 0.10025315 0.057883102 0.07884373 0.09144119 0.11220519 0.05484943 0.06035844 0.09003188 0.05448459 0.06379107 0.064792015 0.05954004 0.047397096 0.04123816 0.12011549 0.07007351 0.04446252 0.0733279 0.11093821 0.07302534 0.0592224 0.07713242 0.07225773 0.08716327 0.06614312 0.060032204 0.04836711 0.07976872 0.07355736 0.09836366 0.086473785 0.05146282 0.078064516 0.13007984 0.054453697 0.07458505 0.067945994 0.16991246 0.0783873 0.041193258 0.06877377 0.055013638 0.07090492 0.042862702 0.07863772 0.08298409 0.1064386 0.05126409 0.15510969 0.06132223 0.047842816 0.06902715 0.059466414 0.047006086 0.047584943 0.07592869 0.12888339 0.044251207 0.040882125 0.09456109 0.06826061 0.06620668 0.051841225 0.041130174 0.06445948 0.11815401 0.07123322 0.06490139 0.12336302 0.090090044 0.05971089 0.120335035 0.05397373 0.059947304 0.10251128 0.070217684 0.082943864 0.054517973 0.0630736 0.09456042 0.0546569 0.055129528 0.09246148 0.067278504 0.05031633 0.07481287 0.05291171 0.09113975 0.049679596 0.048165187 0.058485374 0.07060295 0.10274051 0.05787283 0.06228321 0.07846962 0.11644937 0.06818808 0.06684941 0.048797105 0.07420194 0.06988412 0.15452352 0.09092394 0.055640124 0.13756992 0.065285586 0.07228202 0.07939437 0.073565274 0.06801696 0.10405428 0.042369336 0.06397417 0.12548761 0.20147596 0.07972026 0.16313347 0.06663558 0.048004724 0.0390217 0.05120731 0.035742857 0.07398132 0.08744737 0.050504424 0.053441674 0.076672696 0.061632365 0.12351393 0.043540932 0.1178399 0.061547067 0.06452354 0.052151773 0.049942784 0.05655605 0.0690649 0.060361303 0.059796024 0.08524078 0.04159844 0.08235943 0.07636031 0.07175327 0.06913698 0.09636211 0.06895793 0.11879617 0.055690046 0.05410745 0.058143973 0.05831768 0.107634135 0.049731184 0.08588873 0.06407323 0.1132889 0.057996303 0.05326156 0.044575907 0.09705158 0.070071794 0.16665165 0.090513185 0.053855516 0.0765597 0.064172484 0.09446014 0.13267262 0.16795745 0.11186337 0.17305154 0.1830393 0.04688451 0.0609584 0.043996528 0.09275283 0.08723596 0.09454838 0.08127653 0.119339734 0.24751693 0.061501615 0.1768041 0.06181411 0.08258781 0.14877503 0.07657741 0.045718994 0.06371015 0.06081394 0.049110867 0.0595172 0.079704426 0.08404563 0.07011253 0.2504296 0.07771447 0.06732473 0.12319344 0.07314726 0.039471958 0.12112585 0.10960866 0.067104064 0.08732296 0.11383792 0.0607858 0.07338592 0.08786527 0.06677608 0.09065476 0.07018143 0.08865444 0.060401727 0.050595105 0.07252622 0.10036125 0.065126576 0.08987206 0.07524387 0.08454424 0.079971366 0.07040631 0.055596378 0.05519158 0.12579088 0.061227728 0.043607965 0.051983994 0.13305795 0.10319059 0.049762495 0.06972615 0.041222926 0.0924362 0.11152893 0.05924081 0.07878978 0.056285907 0.04365077 0.07176894 0.089464076 0.03452269 0.051976256 0.06991172 0.047295213 0.061435975 0.055857047 0.08188204 0.061673597 0.07807855 0.10171183,0.053907014 0.050288387 0.07856597 0.044055294 0.08810825 0.06727503 0.052075338 0.04496034 0.06957526 0.07923866 0.14198138 0.087192014 0.056580056 0.07949112 0.05031562 0.063274175 0.046115115 0.079299465 0.06000553 0.118665874 0.092471614 0.046676066 0.06260351 0.058800247 0.059793044 0.16538079 0.036033835 0.05447663 0.07401585 0.07652673 0.087861165 0.044893693 0.08506433 0.08036234 0.07443912 0.07846324 0.060933135 0.08657815 0.066832006 0.06590006 0.051503345 0.048797276 0.077415235 0.08081834 0.087674595 0.072444074 0.06343817 0.049438726 0.099639036 0.0508625 0.060384706 0.07145158 0.10185353 0.12733054 0.064705186 0.02551283 0.06832745 0.06429054 0.046974663 0.10293623 0.057535663 0.04050827 0.081522375 0.09397045 0.17655103 0.07080062 0.098582044 0.058267936 0.183132 0.064451754 0.07042836 0.11211412 0.07800826 0.21131867 0.057595316 0.12538816 0.056045376 0.16404267 0.043613035 0.07158347 0.05310646 0.06460333 0.072991714 0.20365572 0.12211911 0.092532 0.05398827 0.0727937 0.068829015 0.06734029 0.09818034 0.056920286 0.084699966 0.051331084 0.07943019 0.0810392 0.054216918 0.0624131 0.06428499 0.16576356 0.066073224 0.082156494 0.03706649 0.07732256 0.061125547 0.09646136 0.153191 0.07628893 0.087071925 0.043049805 0.064483 0.08836967 0.08622483 0.052321088 0.08621724 0.074624605 0.07793335 0.024346914 0.047565077 0.10124036 0.07039282 0.080244675 0.15259345 0.051579814 0.087415144 0.05098031 0.09536244 0.06936192 0.091301456 0.06182087 0.065524735 0.10925821 0.08102575 0.09240162 0.07090671 0.06852292 0.12706801 0.05741671 0.09432322 0.07086749 0.06623297 0.048412394 0.08118821 0.14807282 0.057055034 0.050837666 0.03463273 0.074549034 0.09282685 0.13204427 0.19364524 0.17168176 0.10077144 0.04287101 0.06375753 0.10079721 0.05137617 0.055270113 0.07204935 0.06887264 0.08972404 0.06696104 0.049246274 0.04340231 0.08037861 0.11865059 0.0797806 0.077052355 0.052246872 0.06940286 0.0668815 0.067649424 0.08066563 0.060389042 0.105761856 0.094383135 0.056063358 0.07138793 0.054315377 0.08094335 0.08218147 0.03212475 0.0673712 0.057738602 0.060674142 0.025703637 0.057636254 0.0751191 0.04388329 0.058420666 0.06429243 0.06483872 0.04141637 0.07009055 0.07029661 0.053476993 0.061202254 0.050878484 0.070836104 0.074935436 0.11854307 0.0582851 0.055020534 0.06816523 0.06588897 0.055780306 0.06388178 0.044392407 0.0732489 0.07421523 0.057926446 0.11794143 0.13328642 0.061091673 0.05396035 0.06543568 0.076375104 0.043986484 0.05930368 0.04437861 0.07378061 0.07761779 0.05485311 0.12269999 0.055472437 0.12736063 0.06330741 0.14610364 0.07578559 0.07865004 0.098208494 0.08162203 0.18342122 0.097238995 0.060686924 0.034613952 0.08355702 0.03808224 0.09330431 0.10127 0.09661372 0.038024344 0.05668044 0.05693115 0.059013065 0.039897725 0.08527952 0.06745288 0.06291126 0.05992147 0.064216234 0.057688344 0.08267194 0.0668529 0.08437 0.087062195 0.050908964 0.0682997 0.100240916 0.057876036 0.0788341 0.09143003 0.1121915 0.054842737 0.06035107 0.090020895 0.05447794 0.06378328 0.0647841 0.059532776 0.047391314 0.041233126 0.120100826 0.070064954 0.044457097 0.07331895 0.11092467 0.07301643 0.059215173 0.077123 0.07224891 0.08715264 0.06613504 0.06002488 0.04836121 0.07975899 0.073548384 0.09835166 0.08646323 0.05145654 0.078054994 0.13006395 0.05444705 0.07457595 0.0679377 0.16989173 0.07837773 0.04118823 0.06876538 0.055006925 0.07089626 0.04285747 0.07862812 0.08297396 0.106425606 0.05125783 0.15509075 0.061314747 0.047836974 0.06901873 0.059459157 0.04700035 0.047579136 0.07591943 0.12886767 0.04424581 0.040877134 0.09454955 0.06825228 0.066198595 0.051834896 0.041125152 0.06445161 0.11813959 0.071224526 0.06489347 0.12334797 0.090079054 0.059703603 0.12032035 0.053967144 0.059939988 0.10249877 0.070209116 0.08293375 0.05451132 0.0630659 0.09454888 0.054650232 0.0551228 0.0924502 0.067270294 0.050310187 0.07480373 0.05290525 0.091128625 0.049673535 0.04815931 0.058478236 0.07059433 0.10272797 0.05786577 0.062275607 0.07846004 0.116435155 0.06817976 0.06684125 0.04879115 0.07419288 0.0698756 0.15450467 0.09091284 0.055633333 0.13755314 0.06527761 0.072273195 0.07938468 0.0735563 0.06800866 0.10404158 0.042364165 0.06396636 0.1254723 0.11332716 0.07971053 0.16311356 0.06662744 0.047998868 0.039016936 0.051201064 0.035738494 0.07397229 0.08743669 0.050498262 0.053435154 0.07666334 0.061624844 0.12349886 0.043535616 0.11782552 0.061539553 0.064515665 0.052145407 0.04993669 0.056549147 0.069056466 0.060353935 0.059788726 0.08523038 0.04159336 0.08234938 0.07635099 0.07174451 0.069128536 0.09635034 0.06894952 0.11878167 0.055683248 0.05410085 0.058136877 0.05831056 0.107621 0.049725115 0.085878246 0.06406541 0.11327508 0.057989225 0.05325506 0.044570465 0.097039744 0.07006324 0.16663131 0.09050214 0.05384894 0.07655036 0.06416465 0.0944486 0.13265644 0.16793697 0.11184971 0.1730304 0.18301696 0.04687879 0.06095096 0.043991156 0.092741504 0.08722531 0.09453685 0.081266604 0.11932517 0.24748673 0.06149411 0.17678252 0.061806567 0.08257773 0.14875686 0.07656806 0.045713414 0.06370238 0.060806517 0.049104873 0.059509937 0.0796947 0.08403538 0.070103966 0.25039905 0.07770499 0.06731651 0.12317841 0.073138334 0.03946714 0.121111065 0.10959528 0.067095876 0.087312296 0.11382403 0.06077838 0.07337696 0.08785455 0.06676793 0.0906437 0.07017287 0.088643625 0.060394354 0.05058893 0.072517365 0.100349 0.065118626 0.089861095 0.07523468 0.08453392 0.079961605 0.07039771 0.05558959 0.055184845 0.12577553 0.061220255 0.043602645 0.05197765 0.13304172 0.103177994 0.049756423 0.06971764 0.041217893 0.09242492 0.11151532 0.059233584 0.07878017 0.056279037 0.04364544 0.071760185 0.08945315 0.034518477 0.051969916 0.06990319 0.04728944 0.06142848 0.05585023 0.081872046 0.061666068 0.078069024 0.10169942,,
884,3x3x512x512,0.053913593 0.050294522 0.07857556 0.044060674 0.08811901 0.06728324 0.052081693 0.044965826 0.06958375 0.07924833 0.14199871 0.08720266 0.056586962 0.079500824 0.050321758 0.063281894 0.046120744 0.07930914 0.060012855 0.11868036 0.0924829 0.046681765 0.06261115 0.05880742 0.05980034 0.16540097 0.03603823 0.05448328 0.07402488 0.07653607 0.087871894 0.044899173 0.08507471 0.080372155 0.07444821 0.07847282 0.060940575 0.086588725 0.066840164 0.0659081 0.051509634 0.048803233 0.07742468 0.080828205 0.0876853 0.07245292 0.06344591 0.04944476 0.0996512 0.05086871 0.060392078 0.0714603 0.101865955 0.12734608 0.06471308 0.025515944 0.068335794 0.064298384 0.046980396 0.1029488 0.057542685 0.040513214 0.08153233 0.09398192 0.17657258 0.07080926 0.09859408 0.058275048 0.18315434 0.06445962 0.070436954 0.112127796 0.07801778 0.21134447 0.057602346 0.12540346 0.05605222 0.16406268 0.04361836 0.071592204 0.053112943 0.06461122 0.073000625 0.20368057 0.12213401 0.0925433 0.05399486 0.07280258 0.06883741 0.06734851 0.09819233 0.056927234 0.0847103 0.05133735 0.079439886 0.081049085 0.054223537 0.06242072 0.06429283 0.1657838 0.06608129 0.08216652 0.037071016 0.07733199 0.061133005 0.096473135 0.1532097 0.076298244 0.08708256 0.04305506 0.06449088 0.08838045 0.08623535 0.052327473 0.08622777 0.07463371 0.077942856 0.024349887 0.047570884 0.10125271 0.07040141 0.080254465 0.15261208 0.05158611 0.08742581 0.050986536 0.09537408 0.06937039 0.091312595 0.061828416 0.06553274 0.10927155 0.081035644 0.09241289 0.070915364 0.06853128 0.12708353 0.05742372 0.09433473 0.07087614 0.066241056 0.048418302 0.08119812 0.1480909 0.057062 0.05084387 0.034636956 0.07455814 0.092838176 0.13206038 0.19366887 0.17170271 0.10078374 0.04287624 0.06376532 0.10080952 0.051382445 0.05527686 0.07205815 0.06888105 0.089734994 0.066969216 0.049252283 0.043407608 0.08038842 0.11866507 0.07979034 0.077061765 0.05225325 0.06941133 0.06688966 0.06765768 0.08067548 0.06039641 0.10577476 0.094394654 0.0560702 0.07139665 0.054322004 0.08095323 0.082191505 0.03212867 0.067379415 0.057745647 0.060681548 0.025706775 0.05764329 0.075128265 0.043888647 0.058427796 0.06430028 0.064846635 0.041421425 0.0700991 0.07030518 0.05348352 0.061209723 0.050884694 0.070844755 0.07494458 0.11855754 0.05829221 0.055027246 0.06817354 0.06589702 0.055787113 0.06388957 0.044397827 0.07325784 0.07422429 0.057933517 0.117955826 0.13330267 0.061099127 0.053966936 0.065443665 0.076384425 0.043991853 0.059310917 0.044384025 0.07378961 0.07762726 0.054859806 0.12271497 0.05547921 0.12737617 0.06331514 0.14612146 0.07579484 0.078659646 0.09822048 0.08163199 0.18344362 0.097250864 0.060694333 0.034618177 0.08356722 0.038086884 0.0933157 0.10128236 0.09662551 0.038028985 0.05668736 0.0569381 0.059020266 0.039902594 0.085289925 0.06746111 0.06291893 0.059928786 0.06422407 0.057695385 0.082682036 0.066861056 0.0843803 0.08707283 0.050915178 0.06830804 0.10025315 0.057883102 0.07884373 0.09144119 0.11220519 0.05484943 0.06035844 0.09003188 0.05448459 0.06379107 0.064792015 0.05954004 0.047397096 0.04123816 0.12011549 0.07007351 0.04446252 0.0733279 0.11093821 0.07302534 0.0592224 0.07713242 0.07225773 0.08716327 0.06614312 0.060032204 0.04836711 0.07976872 0.07355736 0.09836366 0.086473785 0.05146282 0.078064516 0.13007984 0.054453697 0.07458505 0.067945994 0.16991246 0.0783873 0.041193258 0.06877377 0.055013638 0.07090492 0.042862702 0.07863772 0.08298409 0.1064386 0.05126409 0.15510969 0.06132223 0.047842816 0.06902715 0.059466414 0.047006086 0.047584943 0.07592869 0.12888339 0.044251207 0.040882125 0.09456109 0.06826061 0.06620668 0.051841225 0.041130174 0.06445948 0.11815401 0.07123322 0.06490139 0.12336302 0.090090044 0.05971089 0.120335035 0.05397373 0.059947304 0.10251128 0.070217684 0.082943864 0.054517973 0.0630736 0.09456042 0.0546569 0.055129528 0.09246148 0.067278504 0.05031633 0.07481287 0.05291171 0.09113975 0.049679596 0.048165187 0.058485374 0.07060295 0.10274051 0.05787283 0.06228321 0.07846962 0.11644937 0.06818808 0.06684941 0.048797105 0.07420194 0.06988412 0.15452352 0.09092394 0.055640124 0.13756992 0.065285586 0.07228202 0.07939437 0.073565274 0.06801696 0.10405428 0.042369336 0.06397417 0.12548761 0.20147596 0.07972026 0.16313347 0.06663558 0.048004724 0.0390217 0.05120731 0.035742857 0.07398132 0.08744737 0.050504424 0.053441674 0.076672696 0.061632365 0.12351393 0.043540932 0.1178399 0.061547067 0.06452354 0.052151773 0.049942784 0.05655605 0.0690649 0.060361303 0.059796024 0.08524078 0.04159844 0.08235943 0.07636031 0.07175327 0.06913698 0.09636211 0.06895793 0.11879617 0.055690046 0.05410745 0.058143973 0.05831768 0.107634135 0.049731184 0.08588873 0.06407323 0.1132889 0.057996303 0.05326156 0.044575907 0.09705158 0.070071794 0.16665165 0.090513185 0.053855516 0.0765597 0.064172484 0.09446014 0.13267262 0.16795745 0.11186337 0.17305154 0.1830393 0.04688451 0.0609584 0.043996528 0.09275283 0.08723596 0.09454838 0.08127653 0.119339734 0.24751693 0.061501615 0.1768041 0.06181411 0.08258781 0.14877503 0.07657741 0.045718994 0.06371015 0.06081394 0.049110867 0.0595172 0.079704426 0.08404563 0.07011253 0.2504296 0.07771447 0.06732473 0.12319344 0.07314726 0.039471958 0.12112585 0.10960866 0.067104064 0.08732296 0.11383792 0.0607858 0.07338592 0.08786527 0.06677608 0.09065476 0.07018143 0.08865444 0.060401727 0.050595105 0.07252622 0.10036125 0.065126576 0.08987206 0.07524387 0.08454424 0.079971366 0.07040631 0.055596378 0.05519158 0.12579088 0.061227728 0.043607965 0.051983994 0.13305795 0.10319059 0.049762495 0.06972615 0.041222926 0.0924362 0.11152893 0.05924081 0.07878978 0.056285907 0.04365077 0.07176894 0.089464076 0.03452269 0.051976256 0.06991172 0.047295213 0.061435975 0.055857047 0.08188204 0.061673597 0.07807855 0.10171183,0.053907014 0.050288387 0.07856597 0.044055294 0.08810825 0.06727503 0.052075338 0.04496034 0.06957526 0.07923866 0.14198138 0.087192014 0.056580056 0.07949112 0.05031562 0.063274175 0.046115115 0.079299465 0.06000553 0.118665874 0.092471614 0.046676066 0.06260351 0.058800247 0.059793044 0.16538079 0.036033835 0.05447663 0.07401585 0.07652673 0.087861165 0.044893693 0.08506433 0.08036234 0.07443912 0.07846324 0.060933135 0.08657815 0.066832006 0.06590006 0.051503345 0.048797276 0.077415235 0.08081834 0.087674595 0.072444074 0.06343817 0.049438726 0.099639036 0.0508625 0.060384706 0.07145158 0.10185353 0.12733054 0.064705186 0.02551283 0.06832745 0.06429054 0.046974663 0.10293623 0.057535663 0.04050827 0.081522375 0.09397045 0.17655103 0.07080062 0.098582044 0.058267936 0.183132 0.064451754 0.07042836 0.11211412 0.07800826 0.21131867 0.057595316 0.12538816 0.056045376 0.16404267 0.043613035 0.07158347 0.05310646 0.06460333 0.072991714 0.20365572 0.12211911 0.092532 0.05398827 0.0727937 0.068829015 0.06734029 0.09818034 0.056920286 0.084699966 0.051331084 0.07943019 0.0810392 0.054216918 0.0624131 0.06428499 0.16576356 0.066073224 0.082156494 0.03706649 0.07732256 0.061125547 0.09646136 0.153191 0.07628893 0.087071925 0.043049805 0.064483 0.08836967 0.08622483 0.052321088 0.08621724 0.074624605 0.07793335 0.024346914 0.047565077 0.10124036 0.07039282 0.080244675 0.15259345 0.051579814 0.087415144 0.05098031 0.09536244 0.06936192 0.091301456 0.06182087 0.065524735 0.10925821 0.08102575 0.09240162 0.07090671 0.06852292 0.12706801 0.05741671 0.09432322 0.07086749 0.06623297 0.048412394 0.08118821 0.14807282 0.057055034 0.050837666 0.03463273 0.074549034 0.09282685 0.13204427 0.19364524 0.17168176 0.10077144 0.04287101 0.06375753 0.10079721 0.05137617 0.055270113 0.07204935 0.06887264 0.08972404 0.06696104 0.049246274 0.04340231 0.08037861 0.11865059 0.0797806 0.077052355 0.052246872 0.06940286 0.0668815 0.067649424 0.08066563 0.060389042 0.105761856 0.094383135 0.056063358 0.07138793 0.054315377 0.08094335 0.08218147 0.03212475 0.0673712 0.057738602 0.060674142 0.025703637 0.057636254 0.0751191 0.04388329 0.058420666 0.06429243 0.06483872 0.04141637 0.07009055 0.07029661 0.053476993 0.061202254 0.050878484 0.070836104 0.074935436 0.11854307 0.0582851 0.055020534 0.06816523 0.06588897 0.055780306 0.06388178 0.044392407 0.0732489 0.07421523 0.057926446 0.11794143 0.13328642 0.061091673 0.05396035 0.06543568 0.076375104 0.043986484 0.05930368 0.04437861 0.07378061 0.07761779 0.05485311 0.12269999 0.055472437 0.12736063 0.06330741 0.14610364 0.07578559 0.07865004 0.098208494 0.08162203 0.18342122 0.097238995 0.060686924 0.034613952 0.08355702 0.03808224 0.09330431 0.10127 0.09661372 0.038024344 0.05668044 0.05693115 0.059013065 0.039897725 0.08527952 0.06745288 0.06291126 0.05992147 0.064216234 0.057688344 0.08267194 0.0668529 0.08437 0.087062195 0.050908964 0.0682997 0.100240916 0.057876036 0.0788341 0.09143003 0.1121915 0.054842737 0.06035107 0.090020895 0.05447794 0.06378328 0.0647841 0.059532776 0.047391314 0.041233126 0.120100826 0.070064954 0.044457097 0.07331895 0.11092467 0.07301643 0.059215173 0.077123 0.07224891 0.08715264 0.06613504 0.06002488 0.04836121 0.07975899 0.073548384 0.09835166 0.08646323 0.05145654 0.078054994 0.13006395 0.05444705 0.07457595 0.0679377 0.16989173 0.07837773 0.04118823 0.06876538 0.055006925 0.07089626 0.04285747 0.07862812 0.08297396 0.106425606 0.05125783 0.15509075 0.061314747 0.047836974 0.06901873 0.059459157 0.04700035 0.047579136 0.07591943 0.12886767 0.04424581 0.040877134 0.09454955 0.06825228 0.066198595 0.051834896 0.041125152 0.06445161 0.11813959 0.071224526 0.06489347 0.12334797 0.090079054 0.059703603 0.12032035 0.053967144 0.059939988 0.10249877 0.070209116 0.08293375 0.05451132 0.0630659 0.09454888 0.054650232 0.0551228 0.0924502 0.067270294 0.050310187 0.07480373 0.05290525 0.091128625 0.049673535 0.04815931 0.058478236 0.07059433 0.10272797 0.05786577 0.062275607 0.07846004 0.116435155 0.06817976 0.06684125 0.04879115 0.07419288 0.0698756 0.15450467 0.09091284 0.055633333 0.13755314 0.06527761 0.072273195 0.07938468 0.0735563 0.06800866 0.10404158 0.042364165 0.06396636 0.1254723 0.11332716 0.07971053 0.16311356 0.06662744 0.047998868 0.039016936 0.051201064 0.035738494 0.07397229 0.08743669 0.050498262 0.053435154 0.07666334 0.061624844 0.12349886 0.043535616 0.11782552 0.061539553 0.064515665 0.052145407 0.04993669 0.056549147 0.069056466 0.060353935 0.059788726 0.08523038 0.04159336 0.08234938 0.07635099 0.07174451 0.069128536 0.09635034 0.06894952 0.11878167 0.055683248 0.05410085 0.058136877 0.05831056 0.107621 0.049725115 0.085878246 0.06406541 0.11327508 0.057989225 0.05325506 0.044570465 0.097039744 0.07006324 0.16663131 0.09050214 0.05384894 0.07655036 0.06416465 0.0944486 0.13265644 0.16793697 0.11184971 0.1730304 0.18301696 0.04687879 0.06095096 0.043991156 0.092741504 0.08722531 0.09453685 0.081266604 0.11932517 0.24748673 0.06149411 0.17678252 0.061806567 0.08257773 0.14875686 0.07656806 0.045713414 0.06370238 0.060806517 0.049104873 0.059509937 0.0796947 0.08403538 0.070103966 0.25039905 0.07770499 0.06731651 0.12317841 0.073138334 0.03946714 0.121111065 0.10959528 0.067095876 0.087312296 0.11382403 0.06077838 0.07337696 0.08785455 0.06676793 0.0906437 0.07017287 0.088643625 0.060394354 0.05058893 0.072517365 0.100349 0.065118626 0.089861095 0.07523468 0.08453392 0.079961605 0.07039771 0.05558959 0.055184845 0.12577553 0.061220255 0.043602645 0.05197765 0.13304172 0.103177994 0.049756423 0.06971764 0.041217893 0.09242492 0.11151532 0.059233584 0.07878017 0.056279037 0.04364544 0.071760185 0.08945315 0.034518477 0.051969916 0.06990319 0.04728944 0.06142848 0.05585023 0.081872046 0.061666068 0.078069024 0.10169942,,
888,3x3x512x512,0.053913593 0.050294522 0.07857556 0.044060674 0.08811901 0.06728324 0.052081693 0.044965826 0.06958375 0.07924833 0.14199871 0.08720266 0.056586962 0.079500824 0.050321758 0.063281894 0.046120744 0.07930914 0.060012855 0.11868036 0.0924829 0.046681765 0.06261115 0.05880742 0.05980034 0.16540097 0.03603823 0.05448328 0.07402488 0.07653607 0.087871894 0.044899173 0.08507471 0.080372155 0.07444821 0.07847282 0.060940575 0.086588725 0.066840164 0.0659081 0.051509634 0.048803233 0.07742468 0.080828205 0.0876853 0.07245292 0.06344591 0.04944476 0.0996512 0.05086871 0.060392078 0.0714603 0.101865955 0.12734608 0.06471308 0.025515944 0.068335794 0.064298384 0.046980396 0.1029488 0.057542685 0.040513214 0.08153233 0.09398192 0.17657258 0.07080926 0.09859408 0.058275048 0.18315434 0.06445962 0.070436954 0.112127796 0.07801778 0.21134447 0.057602346 0.12540346 0.05605222 0.16406268 0.04361836 0.071592204 0.053112943 0.06461122 0.073000625 0.20368057 0.12213401 0.0925433 0.05399486 0.07280258 0.06883741 0.06734851 0.09819233 0.056927234 0.0847103 0.05133735 0.079439886 0.081049085 0.054223537 0.06242072 0.06429283 0.1657838 0.06608129 0.08216652 0.037071016 0.07733199 0.061133005 0.096473135 0.1532097 0.076298244 0.08708256 0.04305506 0.06449088 0.08838045 0.08623535 0.052327473 0.08622777 0.07463371 0.077942856 0.024349887 0.047570884 0.10125271 0.07040141 0.080254465 0.15261208 0.05158611 0.08742581 0.050986536 0.09537408 0.06937039 0.091312595 0.061828416 0.06553274 0.10927155 0.081035644 0.09241289 0.070915364 0.06853128 0.12708353 0.05742372 0.09433473 0.07087614 0.066241056 0.048418302 0.08119812 0.1480909 0.057062 0.05084387 0.034636956 0.07455814 0.092838176 0.13206038 0.19366887 0.17170271 0.10078374 0.04287624 0.06376532 0.10080952 0.051382445 0.05527686 0.07205815 0.06888105 0.089734994 0.066969216 0.049252283 0.043407608 0.08038842 0.11866507 0.07979034 0.077061765 0.05225325 0.06941133 0.06688966 0.06765768 0.08067548 0.06039641 0.10577476 0.094394654 0.0560702 0.07139665 0.054322004 0.08095323 0.082191505 0.03212867 0.067379415 0.057745647 0.060681548 0.025706775 0.05764329 0.075128265 0.043888647 0.058427796 0.06430028 0.064846635 0.041421425 0.0700991 0.07030518 0.05348352 0.061209723 0.050884694 0.070844755 0.07494458 0.11855754 0.05829221 0.055027246 0.06817354 0.06589702 0.055787113 0.06388957 0.044397827 0.07325784 0.07422429 0.057933517 0.117955826 0.13330267 0.061099127 0.053966936 0.065443665 0.076384425 0.043991853 0.059310917 0.044384025 0.07378961 0.07762726 0.054859806 0.12271497 0.05547921 0.12737617 0.06331514 0.14612146 0.07579484 0.078659646 0.09822048 0.08163199 0.18344362 0.097250864 0.060694333 0.034618177 0.08356722 0.038086884 0.0933157 0.10128236 0.09662551 0.038028985 0.05668736 0.0569381 0.059020266 0.039902594 0.085289925 0.06746111 0.06291893 0.059928786 0.06422407 0.057695385 0.082682036 0.066861056 0.0843803 0.08707283 0.050915178 0.06830804 0.10025315 0.057883102 0.07884373 0.09144119 0.11220519 0.05484943 0.06035844 0.09003188 0.05448459 0.06379107 0.064792015 0.05954004 0.047397096 0.04123816 0.12011549 0.07007351 0.04446252 0.0733279 0.11093821 0.07302534 0.0592224 0.07713242 0.07225773 0.08716327 0.06614312 0.060032204 0.04836711 0.07976872 0.07355736 0.09836366 0.086473785 0.05146282 0.078064516 0.13007984 0.054453697 0.07458505 0.067945994 0.16991246 0.0783873 0.041193258 0.06877377 0.055013638 0.07090492 0.042862702 0.07863772 0.08298409 0.1064386 0.05126409 0.15510969 0.06132223 0.047842816 0.06902715 0.059466414 0.047006086 0.047584943 0.07592869 0.12888339 0.044251207 0.040882125 0.09456109 0.06826061 0.06620668 0.051841225 0.041130174 0.06445948 0.11815401 0.07123322 0.06490139 0.12336302 0.090090044 0.05971089 0.120335035 0.05397373 0.059947304 0.10251128 0.070217684 0.082943864 0.054517973 0.0630736 0.09456042 0.0546569 0.055129528 0.09246148 0.067278504 0.05031633 0.07481287 0.05291171 0.09113975 0.049679596 0.048165187 0.058485374 0.07060295 0.10274051 0.05787283 0.06228321 0.07846962 0.11644937 0.06818808 0.06684941 0.048797105 0.07420194 0.06988412 0.15452352 0.09092394 0.055640124 0.13756992 0.065285586 0.07228202 0.07939437 0.073565274 0.06801696 0.10405428 0.042369336 0.06397417 0.12548761 0.20147596 0.07972026 0.16313347 0.06663558 0.048004724 0.0390217 0.05120731 0.035742857 0.07398132 0.08744737 0.050504424 0.053441674 0.076672696 0.061632365 0.12351393 0.043540932 0.1178399 0.061547067 0.06452354 0.052151773 0.049942784 0.05655605 0.0690649 0.060361303 0.059796024 0.08524078 0.04159844 0.08235943 0.07636031 0.07175327 0.06913698 0.09636211 0.06895793 0.11879617 0.055690046 0.05410745 0.058143973 0.05831768 0.107634135 0.049731184 0.08588873 0.06407323 0.1132889 0.057996303 0.05326156 0.044575907 0.09705158 0.070071794 0.16665165 0.090513185 0.053855516 0.0765597 0.064172484 0.09446014 0.13267262 0.16795745 0.11186337 0.17305154 0.1830393 0.04688451 0.0609584 0.043996528 0.09275283 0.08723596 0.09454838 0.08127653 0.119339734 0.24751693 0.061501615 0.1768041 0.06181411 0.08258781 0.14877503 0.07657741 0.045718994 0.06371015 0.06081394 0.049110867 0.0595172 0.079704426 0.08404563 0.07011253 0.2504296 0.07771447 0.06732473 0.12319344 0.07314726 0.039471958 0.12112585 0.10960866 0.067104064 0.08732296 0.11383792 0.0607858 0.07338592 0.08786527 0.06677608 0.09065476 0.07018143 0.08865444 0.060401727 0.050595105 0.07252622 0.10036125 0.065126576 0.08987206 0.07524387 0.08454424 0.079971366 0.07040631 0.055596378 0.05519158 0.12579088 0.061227728 0.043607965 0.051983994 0.13305795 0.10319059 0.049762495 0.06972615 0.041222926 0.0924362 0.11152893 0.05924081 0.07878978 0.056285907 0.04365077 0.07176894 0.089464076 0.03452269 0.051976256 0.06991172 0.047295213 0.061435975 0.055857047 0.08188204 0.061673597 0.07807855 0.10171183,0.053907014 0.050288387 0.07856597 0.044055294 0.08810825 0.06727503 0.052075338 0.04496034 0.06957526 0.07923866 0.14198138 0.087192014 0.056580056 0.07949112 0.05031562 0.063274175 0.046115115 0.079299465 0.06000553 0.118665874 0.092471614 0.046676066 0.06260351 0.058800247 0.059793044 0.16538079 0.036033835 0.05447663 0.07401585 0.07652673 0.087861165 0.044893693 0.08506433 0.08036234 0.07443912 0.07846324 0.060933135 0.08657815 0.066832006 0.06590006 0.051503345 0.048797276 0.077415235 0.08081834 0.087674595 0.072444074 0.06343817 0.049438726 0.099639036 0.0508625 0.060384706 0.07145158 0.10185353 0.12733054 0.064705186 0.02551283 0.06832745 0.06429054 0.046974663 0.10293623 0.057535663 0.04050827 0.081522375 0.09397045 0.17655103 0.07080062 0.098582044 0.058267936 0.183132 0.064451754 0.07042836 0.11211412 0.07800826 0.21131867 0.057595316 0.12538816 0.056045376 0.16404267 0.043613035 0.07158347 0.05310646 0.06460333 0.072991714 0.20365572 0.12211911 0.092532 0.05398827 0.0727937 0.068829015 0.06734029 0.09818034 0.056920286 0.084699966 0.051331084 0.07943019 0.0810392 0.054216918 0.0624131 0.06428499 0.16576356 0.066073224 0.082156494 0.03706649 0.07732256 0.061125547 0.09646136 0.153191 0.07628893 0.087071925 0.043049805 0.064483 0.08836967 0.08622483 0.052321088 0.08621724 0.074624605 0.07793335 0.024346914 0.047565077 0.10124036 0.07039282 0.080244675 0.15259345 0.051579814 0.087415144 0.05098031 0.09536244 0.06936192 0.091301456 0.06182087 0.065524735 0.10925821 0.08102575 0.09240162 0.07090671 0.06852292 0.12706801 0.05741671 0.09432322 0.07086749 0.06623297 0.048412394 0.08118821 0.14807282 0.057055034 0.050837666 0.03463273 0.074549034 0.09282685 0.13204427 0.19364524 0.17168176 0.10077144 0.04287101 0.06375753 0.10079721 0.05137617 0.055270113 0.07204935 0.06887264 0.08972404 0.06696104 0.049246274 0.04340231 0.08037861 0.11865059 0.0797806 0.077052355 0.052246872 0.06940286 0.0668815 0.067649424 0.08066563 0.060389042 0.105761856 0.094383135 0.056063358 0.07138793 0.054315377 0.08094335 0.08218147 0.03212475 0.0673712 0.057738602 0.060674142 0.025703637 0.057636254 0.0751191 0.04388329 0.058420666 0.06429243 0.06483872 0.04141637 0.07009055 0.07029661 0.053476993 0.061202254 0.050878484 0.070836104 0.074935436 0.11854307 0.0582851 0.055020534 0.06816523 0.06588897 0.055780306 0.06388178 0.044392407 0.0732489 0.07421523 0.057926446 0.11794143 0.13328642 0.061091673 0.05396035 0.06543568 0.076375104 0.043986484 0.05930368 0.04437861 0.07378061 0.07761779 0.05485311 0.12269999 0.055472437 0.12736063 0.06330741 0.14610364 0.07578559 0.07865004 0.098208494 0.08162203 0.18342122 0.097238995 0.060686924 0.034613952 0.08355702 0.03808224 0.09330431 0.10127 0.09661372 0.038024344 0.05668044 0.05693115 0.059013065 0.039897725 0.08527952 0.06745288 0.06291126 0.05992147 0.064216234 0.057688344 0.08267194 0.0668529 0.08437 0.087062195 0.050908964 0.0682997 0.100240916 0.057876036 0.0788341 0.09143003 0.1121915 0.054842737 0.06035107 0.090020895 0.05447794 0.06378328 0.0647841 0.059532776 0.047391314 0.041233126 0.120100826 0.070064954 0.044457097 0.07331895 0.11092467 0.07301643 0.059215173 0.077123 0.07224891 0.08715264 0.06613504 0.06002488 0.04836121 0.07975899 0.073548384 0.09835166 0.08646323 0.05145654 0.078054994 0.13006395 0.05444705 0.07457595 0.0679377 0.16989173 0.07837773 0.04118823 0.06876538 0.055006925 0.07089626 0.04285747 0.07862812 0.08297396 0.106425606 0.05125783 0.15509075 0.061314747 0.047836974 0.06901873 0.059459157 0.04700035 0.047579136 0.07591943 0.12886767 0.04424581 0.040877134 0.09454955 0.06825228 0.066198595 0.051834896 0.041125152 0.06445161 0.11813959 0.071224526 0.06489347 0.12334797 0.090079054 0.059703603 0.12032035 0.053967144 0.059939988 0.10249877 0.070209116 0.08293375 0.05451132 0.0630659 0.09454888 0.054650232 0.0551228 0.0924502 0.067270294 0.050310187 0.07480373 0.05290525 0.091128625 0.049673535 0.04815931 0.058478236 0.07059433 0.10272797 0.05786577 0.062275607 0.07846004 0.116435155 0.06817976 0.06684125 0.04879115 0.07419288 0.0698756 0.15450467 0.09091284 0.055633333 0.13755314 0.06527761 0.072273195 0.07938468 0.0735563 0.06800866 0.10404158 0.042364165 0.06396636 0.1254723 0.11332716 0.07971053 0.16311356 0.06662744 0.047998868 0.039016936 0.051201064 0.035738494 0.07397229 0.08743669 0.050498262 0.053435154 0.07666334 0.061624844 0.12349886 0.043535616 0.11782552 0.061539553 0.064515665 0.052145407 0.04993669 0.056549147 0.069056466 0.060353935 0.059788726 0.08523038 0.04159336 0.08234938 0.07635099 0.07174451 0.069128536 0.09635034 0.06894952 0.11878167 0.055683248 0.05410085 0.058136877 0.05831056 0.107621 0.049725115 0.085878246 0.06406541 0.11327508 0.057989225 0.05325506 0.044570465 0.097039744 0.07006324 0.16663131 0.09050214 0.05384894 0.07655036 0.06416465 0.0944486 0.13265644 0.16793697 0.11184971 0.1730304 0.18301696 0.04687879 0.06095096 0.043991156 0.092741504 0.08722531 0.09453685 0.081266604 0.11932517 0.24748673 0.06149411 0.17678252 0.061806567 0.08257773 0.14875686 0.07656806 0.045713414 0.06370238 0.060806517 0.049104873 0.059509937 0.0796947 0.08403538 0.070103966 0.25039905 0.07770499 0.06731651 0.12317841 0.073138334 0.03946714 0.121111065 0.10959528 0.067095876 0.087312296 0.11382403 0.06077838 0.07337696 0.08785455 0.06676793 0.0906437 0.07017287 0.088643625 0.060394354 0.05058893 0.072517365 0.100349 0.065118626 0.089861095 0.07523468 0.08453392 0.079961605 0.07039771 0.05558959 0.055184845 0.12577553 0.061220255 0.043602645 0.05197765 0.13304172 0.103177994 0.049756423 0.06971764 0.041217893 0.09242492 0.11151532 0.059233584 0.07878017 0.056279037 0.04364544 0.071760185 0.08945315 0.034518477 0.051969916 0.06990319 0.04728944 0.06142848 0.05585023 0.081872046 0.061666068 0.078069024 0.10169942,,
892,3x3x512x512,0.053913593 0.050294522 0.07857556 0.044060674 0.08811901 0.06728324 0.052081693 0.044965826 0.06958375 0.07924833 0.14199871 0.08720266 0.056586962 0.079500824 0.050321758 0.063281894 0.046120744 0.07930914 0.060012855 0.11868036 0.0924829 0.046681765 0.06261115 0.05880742 0.05980034 0.16540097 0.03603823 0.05448328 0.07402488 0.07653607 0.087871894 0.044899173 0.08507471 0.080372155 0.07444821 0.07847282 0.060940575 0.086588725 0.066840164 0.0659081 0.051509634 0.048803233 0.07742468 0.080828205 0.0876853 0.07245292 0.06344591 0.04944476 0.0996512 0.05086871 0.060392078 0.0714603 0.101865955 0.12734608 0.06471308 0.025515944 0.068335794 0.064298384 0.046980396 0.1029488 0.057542685 0.040513214 0.08153233 0.09398192 0.17657258 0.07080926 0.09859408 0.058275048 0.18315434 0.06445962 0.070436954 0.112127796 0.07801778 0.21134447 0.057602346 0.12540346 0.05605222 0.16406268 0.04361836 0.071592204 0.053112943 0.06461122 0.073000625 0.20368057 0.12213401 0.0925433 0.05399486 0.07280258 0.06883741 0.06734851 0.09819233 0.056927234 0.0847103 0.05133735 0.079439886 0.081049085 0.054223537 0.06242072 0.06429283 0.1657838 0.06608129 0.08216652 0.037071016 0.07733199 0.061133005 0.096473135 0.1532097 0.076298244 0.08708256 0.04305506 0.06449088 0.08838045 0.08623535 0.052327473 0.08622777 0.07463371 0.077942856 0.024349887 0.047570884 0.10125271 0.07040141 0.080254465 0.15261208 0.05158611 0.08742581 0.050986536 0.09537408 0.06937039 0.091312595 0.061828416 0.06553274 0.10927155 0.081035644 0.09241289 0.070915364 0.06853128 0.12708353 0.05742372 0.09433473 0.07087614 0.066241056 0.048418302 0.08119812 0.1480909 0.057062 0.05084387 0.034636956 0.07455814 0.092838176 0.13206038 0.19366887 0.17170271 0.10078374 0.04287624 0.06376532 0.10080952 0.051382445 0.05527686 0.07205815 0.06888105 0.089734994 0.066969216 0.049252283 0.043407608 0.08038842 0.11866507 0.07979034 0.077061765 0.05225325 0.06941133 0.06688966 0.06765768 0.08067548 0.06039641 0.10577476 0.094394654 0.0560702 0.07139665 0.054322004 0.08095323 0.082191505 0.03212867 0.067379415 0.057745647 0.060681548 0.025706775 0.05764329 0.075128265 0.043888647 0.058427796 0.06430028 0.064846635 0.041421425 0.0700991 0.07030518 0.05348352 0.061209723 0.050884694 0.070844755 0.07494458 0.11855754 0.05829221 0.055027246 0.06817354 0.06589702 0.055787113 0.06388957 0.044397827 0.07325784 0.07422429 0.057933517 0.117955826 0.13330267 0.061099127 0.053966936 0.065443665 0.076384425 0.043991853 0.059310917 0.044384025 0.07378961 0.07762726 0.054859806 0.12271497 0.05547921 0.12737617 0.06331514 0.14612146 0.07579484 0.078659646 0.09822048 0.08163199 0.18344362 0.097250864 0.060694333 0.034618177 0.08356722 0.038086884 0.0933157 0.10128236 0.09662551 0.038028985 0.05668736 0.0569381 0.059020266 0.039902594 0.085289925 0.06746111 0.06291893 0.059928786 0.06422407 0.057695385 0.082682036 0.066861056 0.0843803 0.08707283 0.050915178 0.06830804 0.10025315 0.057883102 0.07884373 0.09144119 0.11220519 0.05484943 0.06035844 0.09003188 0.05448459 0.06379107 0.064792015 0.05954004 0.047397096 0.04123816 0.12011549 0.07007351 0.04446252 0.0733279 0.11093821 0.07302534 0.0592224 0.07713242 0.07225773 0.08716327 0.06614312 0.060032204 0.04836711 0.07976872 0.07355736 0.09836366 0.086473785 0.05146282 0.078064516 0.13007984 0.054453697 0.07458505 0.067945994 0.16991246 0.0783873 0.041193258 0.06877377 0.055013638 0.07090492 0.042862702 0.07863772 0.08298409 0.1064386 0.05126409 0.15510969 0.06132223 0.047842816 0.06902715 0.059466414 0.047006086 0.047584943 0.07592869 0.12888339 0.044251207 0.040882125 0.09456109 0.06826061 0.06620668 0.051841225 0.041130174 0.06445948 0.11815401 0.07123322 0.06490139 0.12336302 0.090090044 0.05971089 0.120335035 0.05397373 0.059947304 0.10251128 0.070217684 0.082943864 0.054517973 0.0630736 0.09456042 0.0546569 0.055129528 0.09246148 0.067278504 0.05031633 0.07481287 0.05291171 0.09113975 0.049679596 0.048165187 0.058485374 0.07060295 0.10274051 0.05787283 0.06228321 0.07846962 0.11644937 0.06818808 0.06684941 0.048797105 0.07420194 0.06988412 0.15452352 0.09092394 0.055640124 0.13756992 0.065285586 0.07228202 0.07939437 0.073565274 0.06801696 0.10405428 0.042369336 0.06397417 0.12548761 0.20147596 0.07972026 0.16313347 0.06663558 0.048004724 0.0390217 0.05120731 0.035742857 0.07398132 0.08744737 0.050504424 0.053441674 0.076672696 0.061632365 0.12351393 0.043540932 0.1178399 0.061547067 0.06452354 0.052151773 0.049942784 0.05655605 0.0690649 0.060361303 0.059796024 0.08524078 0.04159844 0.08235943 0.07636031 0.07175327 0.06913698 0.09636211 0.06895793 0.11879617 0.055690046 0.05410745 0.058143973 0.05831768 0.107634135 0.049731184 0.08588873 0.06407323 0.1132889 0.057996303 0.05326156 0.044575907 0.09705158 0.070071794 0.16665165 0.090513185 0.053855516 0.0765597 0.064172484 0.09446014 0.13267262 0.16795745 0.11186337 0.17305154 0.1830393 0.04688451 0.0609584 0.043996528 0.09275283 0.08723596 0.09454838 0.08127653 0.119339734 0.24751693 0.061501615 0.1768041 0.06181411 0.08258781 0.14877503 0.07657741 0.045718994 0.06371015 0.06081394 0.049110867 0.0595172 0.079704426 0.08404563 0.07011253 0.2504296 0.07771447 0.06732473 0.12319344 0.07314726 0.039471958 0.12112585 0.10960866 0.067104064 0.08732296 0.11383792 0.0607858 0.07338592 0.08786527 0.06677608 0.09065476 0.07018143 0.08865444 0.060401727 0.050595105 0.07252622 0.10036125 0.065126576 0.08987206 0.07524387 0.08454424 0.079971366 0.07040631 0.055596378 0.05519158 0.12579088 0.061227728 0.043607965 0.051983994 0.13305795 0.10319059 0.049762495 0.06972615 0.041222926 0.0924362 0.11152893 0.05924081 0.07878978 0.056285907 0.04365077 0.07176894 0.089464076 0.03452269 0.051976256 0.06991172 0.047295213 0.061435975 0.055857047 0.08188204 0.061673597 0.07807855 0.10171183,0.053907014 0.050288387 0.07856597 0.044055294 0.08810825 0.06727503 0.052075338 0.04496034 0.06957526 0.07923866 0.14198138 0.087192014 0.056580056 0.07949112 0.05031562 0.063274175 0.046115115 0.079299465 0.06000553 0.118665874 0.092471614 0.046676066 0.06260351 0.058800247 0.059793044 0.16538079 0.036033835 0.05447663 0.07401585 0.07652673 0.087861165 0.044893693 0.08506433 0.08036234 0.07443912 0.07846324 0.060933135 0.08657815 0.066832006 0.06590006 0.051503345 0.048797276 0.077415235 0.08081834 0.087674595 0.072444074 0.06343817 0.049438726 0.099639036 0.0508625 0.060384706 0.07145158 0.10185353 0.12733054 0.064705186 0.02551283 0.06832745 0.06429054 0.046974663 0.10293623 0.057535663 0.04050827 0.081522375 0.09397045 0.17655103 0.07080062 0.098582044 0.058267936 0.183132 0.064451754 0.07042836 0.11211412 0.07800826 0.21131867 0.057595316 0.12538816 0.056045376 0.16404267 0.043613035 0.07158347 0.05310646 0.06460333 0.072991714 0.20365572 0.12211911 0.092532 0.05398827 0.0727937 0.068829015 0.06734029 0.09818034 0.056920286 0.084699966 0.051331084 0.07943019 0.0810392 0.054216918 0.0624131 0.06428499 0.16576356 0.066073224 0.082156494 0.03706649 0.07732256 0.061125547 0.09646136 0.153191 0.07628893 0.087071925 0.043049805 0.064483 0.08836967 0.08622483 0.052321088 0.08621724 0.074624605 0.07793335 0.024346914 0.047565077 0.10124036 0.07039282 0.080244675 0.15259345 0.051579814 0.087415144 0.05098031 0.09536244 0.06936192 0.091301456 0.06182087 0.065524735 0.10925821 0.08102575 0.09240162 0.07090671 0.06852292 0.12706801 0.05741671 0.09432322 0.07086749 0.06623297 0.048412394 0.08118821 0.14807282 0.057055034 0.050837666 0.03463273 0.074549034 0.09282685 0.13204427 0.19364524 0.17168176 0.10077144 0.04287101 0.06375753 0.10079721 0.05137617 0.055270113 0.07204935 0.06887264 0.08972404 0.06696104 0.049246274 0.04340231 0.08037861 0.11865059 0.0797806 0.077052355 0.052246872 0.06940286 0.0668815 0.067649424 0.08066563 0.060389042 0.105761856 0.094383135 0.056063358 0.07138793 0.054315377 0.08094335 0.08218147 0.03212475 0.0673712 0.057738602 0.060674142 0.025703637 0.057636254 0.0751191 0.04388329 0.058420666 0.06429243 0.06483872 0.04141637 0.07009055 0.07029661 0.053476993 0.061202254 0.050878484 0.070836104 0.074935436 0.11854307 0.0582851 0.055020534 0.06816523 0.06588897 0.055780306 0.06388178 0.044392407 0.0732489 0.07421523 0.057926446 0.11794143 0.13328642 0.061091673 0.05396035 0.06543568 0.076375104 0.043986484 0.05930368 0.04437861 0.07378061 0.07761779 0.05485311 0.12269999 0.055472437 0.12736063 0.06330741 0.14610364 0.07578559 0.07865004 0.098208494 0.08162203 0.18342122 0.097238995 0.060686924 0.034613952 0.08355702 0.03808224 0.09330431 0.10127 0.09661372 0.038024344 0.05668044 0.05693115 0.059013065 0.039897725 0.08527952 0.06745288 0.06291126 0.05992147 0.064216234 0.057688344 0.08267194 0.0668529 0.08437 0.087062195 0.050908964 0.0682997 0.100240916 0.057876036 0.0788341 0.09143003 0.1121915 0.054842737 0.06035107 0.090020895 0.05447794 0.06378328 0.0647841 0.059532776 0.047391314 0.041233126 0.120100826 0.070064954 0.044457097 0.07331895 0.11092467 0.07301643 0.059215173 0.077123 0.07224891 0.08715264 0.06613504 0.06002488 0.04836121 0.07975899 0.073548384 0.09835166 0.08646323 0.05145654 0.078054994 0.13006395 0.05444705 0.07457595 0.0679377 0.16989173 0.07837773 0.04118823 0.06876538 0.055006925 0.07089626 0.04285747 0.07862812 0.08297396 0.106425606 0.05125783 0.15509075 0.061314747 0.047836974 0.06901873 0.059459157 0.04700035 0.047579136 0.07591943 0.12886767 0.04424581 0.040877134 0.09454955 0.06825228 0.066198595 0.051834896 0.041125152 0.06445161 0.11813959 0.071224526 0.06489347 0.12334797 0.090079054 0.059703603 0.12032035 0.053967144 0.059939988 0.10249877 0.070209116 0.08293375 0.05451132 0.0630659 0.09454888 0.054650232 0.0551228 0.0924502 0.067270294 0.050310187 0.07480373 0.05290525 0.091128625 0.049673535 0.04815931 0.058478236 0.07059433 0.10272797 0.05786577 0.062275607 0.07846004 0.116435155 0.06817976 0.06684125 0.04879115 0.07419288 0.0698756 0.15450467 0.09091284 0.055633333 0.13755314 0.06527761 0.072273195 0.07938468 0.0735563 0.06800866 0.10404158 0.042364165 0.06396636 0.1254723 0.11332716 0.07971053 0.16311356 0.06662744 0.047998868 0.039016936 0.051201064 0.035738494 0.07397229 0.08743669 0.050498262 0.053435154 0.07666334 0.061624844 0.12349886 0.043535616 0.11782552 0.061539553 0.064515665 0.052145407 0.04993669 0.056549147 0.069056466 0.060353935 0.059788726 0.08523038 0.04159336 0.08234938 0.07635099 0.07174451 0.069128536 0.09635034 0.06894952 0.11878167 0.055683248 0.05410085 0.058136877 0.05831056 0.107621 0.049725115 0.085878246 0.06406541 0.11327508 0.057989225 0.05325506 0.044570465 0.097039744 0.07006324 0.16663131 0.09050214 0.05384894 0.07655036 0.06416465 0.0944486 0.13265644 0.16793697 0.11184971 0.1730304 0.18301696 0.04687879 0.06095096 0.043991156 0.092741504 0.08722531 0.09453685 0.081266604 0.11932517 0.24748673 0.06149411 0.17678252 0.061806567 0.08257773 0.14875686 0.07656806 0.045713414 0.06370238 0.060806517 0.049104873 0.059509937 0.0796947 0.08403538 0.070103966 0.25039905 0.07770499 0.06731651 0.12317841 0.073138334 0.03946714 0.121111065 0.10959528 0.067095876 0.087312296 0.11382403 0.06077838 0.07337696 0.08785455 0.06676793 0.0906437 0.07017287 0.088643625 0.060394354 0.05058893 0.072517365 0.100349 0.065118626 0.089861095 0.07523468 0.08453392 0.079961605 0.07039771 0.05558959 0.055184845 0.12577553 0.061220255 0.043602645 0.05197765 0.13304172 0.103177994 0.049756423 0.06971764 0.041217893 0.09242492 0.11151532 0.059233584 0.07878017 0.056279037 0.04364544 0.071760185 0.08945315 0.034518477 0.051969916 0.06990319 0.04728944 0.06142848 0.05585023 0.081872046 0.061666068 0.078069024 0.10169942,,
896,3x3x512x512,0.053913593 0.050294522 0.07857556 0.044060674 0.08811901 0.06728324 0.052081693 0.044965826 0.06958375 0.07924833 0.14199871 0.08720266 0.056586962 0.079500824 0.050321758 0.063281894 0.046120744 0.07930914 0.060012855 0.11868036 0.0924829 0.046681765 0.06261115 0.05880742 0.05980034 0.16540097 0.03603823 0.05448328 0.07402488 0.07653607 0.087871894 0.044899173 0.08507471 0.080372155 0.07444821 0.07847282 0.060940575 0.086588725 0.066840164 0.0659081 0.051509634 0.048803233 0.07742468 0.080828205 0.0876853 0.07245292 0.06344591 0.04944476 0.0996512 0.05086871 0.060392078 0.0714603 0.101865955 0.12734608 0.06471308 0.025515944 0.068335794 0.064298384 0.046980396 0.1029488 0.057542685 0.040513214 0.08153233 0.09398192 0.17657258 0.07080926 0.09859408 0.058275048 0.18315434 0.06445962 0.070436954 0.112127796 0.07801778 0.21134447 0.057602346 0.12540346 0.05605222 0.16406268 0.04361836 0.071592204 0.053112943 0.06461122 0.073000625 0.20368057 0.12213401 0.0925433 0.05399486 0.07280258 0.06883741 0.06734851 0.09819233 0.056927234 0.0847103 0.05133735 0.079439886 0.081049085 0.054223537 0.06242072 0.06429283 0.1657838 0.06608129 0.08216652 0.037071016 0.07733199 0.061133005 0.096473135 0.1532097 0.076298244 0.08708256 0.04305506 0.06449088 0.08838045 0.08623535 0.052327473 0.08622777 0.07463371 0.077942856 0.024349887 0.047570884 0.10125271 0.07040141 0.080254465 0.15261208 0.05158611 0.08742581 0.050986536 0.09537408 0.06937039 0.091312595 0.061828416 0.06553274 0.10927155 0.081035644 0.09241289 0.070915364 0.06853128 0.12708353 0.05742372 0.09433473 0.07087614 0.066241056 0.048418302 0.08119812 0.1480909 0.057062 0.05084387 0.034636956 0.07455814 0.092838176 0.13206038 0.19366887 0.17170271 0.10078374 0.04287624 0.06376532 0.10080952 0.051382445 0.05527686 0.07205815 0.06888105 0.089734994 0.066969216 0.049252283 0.043407608 0.08038842 0.11866507 0.07979034 0.077061765 0.05225325 0.06941133 0.06688966 0.06765768 0.08067548 0.06039641 0.10577476 0.094394654 0.0560702 0.07139665 0.054322004 0.08095323 0.082191505 0.03212867 0.067379415 0.057745647 0.060681548 0.025706775 0.05764329 0.075128265 0.043888647 0.058427796 0.06430028 0.064846635 0.041421425 0.0700991 0.07030518 0.05348352 0.061209723 0.050884694 0.070844755 0.07494458 0.11855754 0.05829221 0.055027246 0.06817354 0.06589702 0.055787113 0.06388957 0.044397827 0.07325784 0.07422429 0.057933517 0.117955826 0.13330267 0.061099127 0.053966936 0.065443665 0.076384425 0.043991853 0.059310917 0.044384025 0.07378961 0.07762726 0.054859806 0.12271497 0.05547921 0.12737617 0.06331514 0.14612146 0.07579484 0.078659646 0.09822048 0.08163199 0.18344362 0.097250864 0.060694333 0.034618177 0.08356722 0.038086884 0.0933157 0.10128236 0.09662551 0.038028985 0.05668736 0.0569381 0.059020266 0.039902594 0.085289925 0.06746111 0.06291893 0.059928786 0.06422407 0.057695385 0.082682036 0.066861056 0.0843803 0.08707283 0.050915178 0.06830804 0.10025315 0.057883102 0.07884373 0.09144119 0.11220519 0.05484943 0.06035844 0.09003188 0.05448459 0.06379107 0.064792015 0.05954004 0.047397096 0.04123816 0.12011549 0.07007351 0.04446252 0.0733279 0.11093821 0.07302534 0.0592224 0.07713242 0.07225773 0.08716327 0.06614312 0.060032204 0.04836711 0.07976872 0.07355736 0.09836366 0.086473785 0.05146282 0.078064516 0.13007984 0.054453697 0.07458505 0.067945994 0.16991246 0.0783873 0.041193258 0.06877377 0.055013638 0.07090492 0.042862702 0.07863772 0.08298409 0.1064386 0.05126409 0.15510969 0.06132223 0.047842816 0.06902715 0.059466414 0.047006086 0.047584943 0.07592869 0.12888339 0.044251207 0.040882125 0.09456109 0.06826061 0.06620668 0.051841225 0.041130174 0.06445948 0.11815401 0.07123322 0.06490139 0.12336302 0.090090044 0.05971089 0.120335035 0.05397373 0.059947304 0.10251128 0.070217684 0.082943864 0.054517973 0.0630736 0.09456042 0.0546569 0.055129528 0.09246148 0.067278504 0.05031633 0.07481287 0.05291171 0.09113975 0.049679596 0.048165187 0.058485374 0.07060295 0.10274051 0.05787283 0.06228321 0.07846962 0.11644937 0.06818808 0.06684941 0.048797105 0.07420194 0.06988412 0.15452352 0.09092394 0.055640124 0.13756992 0.065285586 0.07228202 0.07939437 0.073565274 0.06801696 0.10405428 0.042369336 0.06397417 0.12548761 0.20147596 0.07972026 0.16313347 0.06663558 0.048004724 0.0390217 0.05120731 0.035742857 0.07398132 0.08744737 0.050504424 0.053441674 0.076672696 0.061632365 0.12351393 0.043540932 0.1178399 0.061547067 0.06452354 0.052151773 0.049942784 0.05655605 0.0690649 0.060361303 0.059796024 0.08524078 0.04159844 0.08235943 0.07636031 0.07175327 0.06913698 0.09636211 0.06895793 0.11879617 0.055690046 0.05410745 0.058143973 0.05831768 0.107634135 0.049731184 0.08588873 0.06407323 0.1132889 0.057996303 0.05326156 0.044575907 0.09705158 0.070071794 0.16665165 0.090513185 0.053855516 0.0765597 0.064172484 0.09446014 0.13267262 0.16795745 0.11186337 0.17305154 0.1830393 0.04688451 0.0609584 0.043996528 0.09275283 0.08723596 0.09454838 0.08127653 0.119339734 0.24751693 0.061501615 0.1768041 0.06181411 0.08258781 0.14877503 0.07657741 0.045718994 0.06371015 0.06081394 0.049110867 0.0595172 0.079704426 0.08404563 0.07011253 0.2504296 0.07771447 0.06732473 0.12319344 0.07314726 0.039471958 0.12112585 0.10960866 0.067104064 0.08732296 0.11383792 0.0607858 0.07338592 0.08786527 0.06677608 0.09065476 0.07018143 0.08865444 0.060401727 0.050595105 0.07252622 0.10036125 0.065126576 0.08987206 0.07524387 0.08454424 0.079971366 0.07040631 0.055596378 0.05519158 0.12579088 0.061227728 0.043607965 0.051983994 0.13305795 0.10319059 0.049762495 0.06972615 0.041222926 0.0924362 0.11152893 0.05924081 0.07878978 0.056285907 0.04365077 0.07176894 0.089464076 0.03452269 0.051976256 0.06991172 0.047295213 0.061435975 0.055857047 0.08188204 0.061673597 0.07807855 0.10171183,0.053907014 0.050288387 0.07856597 0.044055294 0.08810825 0.06727503 0.052075338 0.04496034 0.06957526 0.07923866 0.14198138 0.087192014 0.056580056 0.07949112 0.05031562 0.063274175 0.046115115 0.079299465 0.06000553 0.118665874 0.092471614 0.046676066 0.06260351 0.058800247 0.059793044 0.16538079 0.036033835 0.05447663 0.07401585 0.07652673 0.087861165 0.044893693 0.08506433 0.08036234 0.07443912 0.07846324 0.060933135 0.08657815 0.066832006 0.06590006 0.051503345 0.048797276 0.077415235 0.08081834 0.087674595 0.072444074 0.06343817 0.049438726 0.099639036 0.0508625 0.060384706 0.07145158 0.10185353 0.12733054 0.064705186 0.02551283 0.06832745 0.06429054 0.046974663 0.10293623 0.057535663 0.04050827 0.081522375 0.09397045 0.17655103 0.07080062 0.098582044 0.058267936 0.183132 0.064451754 0.07042836 0.11211412 0.07800826 0.21131867 0.057595316 0.12538816 0.056045376 0.16404267 0.043613035 0.07158347 0.05310646 0.06460333 0.072991714 0.20365572 0.12211911 0.092532 0.05398827 0.0727937 0.068829015 0.06734029 0.09818034 0.056920286 0.084699966 0.051331084 0.07943019 0.0810392 0.054216918 0.0624131 0.06428499 0.16576356 0.066073224 0.082156494 0.03706649 0.07732256 0.061125547 0.09646136 0.153191 0.07628893 0.087071925 0.043049805 0.064483 0.08836967 0.08622483 0.052321088 0.08621724 0.074624605 0.07793335 0.024346914 0.047565077 0.10124036 0.07039282 0.080244675 0.15259345 0.051579814 0.087415144 0.05098031 0.09536244 0.06936192 0.091301456 0.06182087 0.065524735 0.10925821 0.08102575 0.09240162 0.07090671 0.06852292 0.12706801 0.05741671 0.09432322 0.07086749 0.06623297 0.048412394 0.08118821 0.14807282 0.057055034 0.050837666 0.03463273 0.074549034 0.09282685 0.13204427 0.19364524 0.17168176 0.10077144 0.04287101 0.06375753 0.10079721 0.05137617 0.055270113 0.07204935 0.06887264 0.08972404 0.06696104 0.049246274 0.04340231 0.08037861 0.11865059 0.0797806 0.077052355 0.052246872 0.06940286 0.0668815 0.067649424 0.08066563 0.060389042 0.105761856 0.094383135 0.056063358 0.07138793 0.054315377 0.08094335 0.08218147 0.03212475 0.0673712 0.057738602 0.060674142 0.025703637 0.057636254 0.0751191 0.04388329 0.058420666 0.06429243 0.06483872 0.04141637 0.07009055 0.07029661 0.053476993 0.061202254 0.050878484 0.070836104 0.074935436 0.11854307 0.0582851 0.055020534 0.06816523 0.06588897 0.055780306 0.06388178 0.044392407 0.0732489 0.07421523 0.057926446 0.11794143 0.13328642 0.061091673 0.05396035 0.06543568 0.076375104 0.043986484 0.05930368 0.04437861 0.07378061 0.07761779 0.05485311 0.12269999 0.055472437 0.12736063 0.06330741 0.14610364 0.07578559 0.07865004 0.098208494 0.08162203 0.18342122 0.097238995 0.060686924 0.034613952 0.08355702 0.03808224 0.09330431 0.10127 0.09661372 0.038024344 0.05668044 0.05693115 0.059013065 0.039897725 0.08527952 0.06745288 0.06291126 0.05992147 0.064216234 0.057688344 0.08267194 0.0668529 0.08437 0.087062195 0.050908964 0.0682997 0.100240916 0.057876036 0.0788341 0.09143003 0.1121915 0.054842737 0.06035107 0.090020895 0.05447794 0.06378328 0.0647841 0.059532776 0.047391314 0.041233126 0.120100826 0.070064954 0.044457097 0.07331895 0.11092467 0.07301643 0.059215173 0.077123 0.07224891 0.08715264 0.06613504 0.06002488 0.04836121 0.07975899 0.073548384 0.09835166 0.08646323 0.05145654 0.078054994 0.13006395 0.05444705 0.07457595 0.0679377 0.16989173 0.07837773 0.04118823 0.06876538 0.055006925 0.07089626 0.04285747 0.07862812 0.08297396 0.106425606 0.05125783 0.15509075 0.061314747 0.047836974 0.06901873 0.059459157 0.04700035 0.047579136 0.07591943 0.12886767 0.04424581 0.040877134 0.09454955 0.06825228 0.066198595 0.051834896 0.041125152 0.06445161 0.11813959 0.071224526 0.06489347 0.12334797 0.090079054 0.059703603 0.12032035 0.053967144 0.059939988 0.10249877 0.070209116 0.08293375 0.05451132 0.0630659 0.09454888 0.054650232 0.0551228 0.0924502 0.067270294 0.050310187 0.07480373 0.05290525 0.091128625 0.049673535 0.04815931 0.058478236 0.07059433 0.10272797 0.05786577 0.062275607 0.07846004 0.116435155 0.06817976 0.06684125 0.04879115 0.07419288 0.0698756 0.15450467 0.09091284 0.055633333 0.13755314 0.06527761 0.072273195 0.07938468 0.0735563 0.06800866 0.10404158 0.042364165 0.06396636 0.1254723 0.11332716 0.07971053 0.16311356 0.06662744 0.047998868 0.039016936 0.051201064 0.035738494 0.07397229 0.08743669 0.050498262 0.053435154 0.07666334 0.061624844 0.12349886 0.043535616 0.11782552 0.061539553 0.064515665 0.052145407 0.04993669 0.056549147 0.069056466 0.060353935 0.059788726 0.08523038 0.04159336 0.08234938 0.07635099 0.07174451 0.069128536 0.09635034 0.06894952 0.11878167 0.055683248 0.05410085 0.058136877 0.05831056 0.107621 0.049725115 0.085878246 0.06406541 0.11327508 0.057989225 0.05325506 0.044570465 0.097039744 0.07006324 0.16663131 0.09050214 0.05384894 0.07655036 0.06416465 0.0944486 0.13265644 0.16793697 0.11184971 0.1730304 0.18301696 0.04687879 0.06095096 0.043991156 0.092741504 0.08722531 0.09453685 0.081266604 0.11932517 0.24748673 0.06149411 0.17678252 0.061806567 0.08257773 0.14875686 0.07656806 0.045713414 0.06370238 0.060806517 0.049104873 0.059509937 0.0796947 0.08403538 0.070103966 0.25039905 0.07770499 0.06731651 0.12317841 0.073138334 0.03946714 0.121111065 0.10959528 0.067095876 0.087312296 0.11382403 0.06077838 0.07337696 0.08785455 0.06676793 0.0906437 0.07017287 0.088643625 0.060394354 0.05058893 0.072517365 0.100349 0.065118626 0.089861095 0.07523468 0.08453392 0.079961605 0.07039771 0.05558959 0.055184845 0.12577553 0.061220255 0.043602645 0.05197765 0.13304172 0.103177994 0.049756423 0.06971764 0.041217893 0.09242492 0.11151532 0.059233584 0.07878017 0.056279037 0.04364544 0.071760185 0.08945315 0.034518477 0.051969916 0.06990319 0.04728944 0.06142848 0.05585023 0.081872046 0.061666068 0.078069024 0.10169942,,
914,1x1x256x512,0.0071906215 0.010423549 0.013755511 0.008254905 0.020560328 0.013115224 0.012517746 0.014869314 0.0048225485 0.022292918 0.009799465 0.02132677 0.012670358 0.0076164347 0.012556676 0.008304139 0.009052088 0.011870463 0.011662756 0.03443892 0.032901388 0.012142298 0.023181528 0.016981045 0.012990732 0.022427201 0.017068097 0.01184231 0.013313479 0.009287423 0.011790816 0.0081072245 0.016329682 0.022831373 0.021102237 0.012507549 0.007820486 0.011034318 0.010136847 0.014633874 0.011513378 0.010153209 0.012957388 0.0149512775 0.013223226 0.016147587 0.012829616 0.006560682 0.012956464 0.021945873 0.010088045 0.010973162 0.02061305 0.020166468 0.014698807 0.009061178 0.018332835 0.014106843 0.017150447 0.008849105 0.018591916 0.02025744 0.007898108 0.021249002 0.012363723 0.018505426 0.019880405 0.009657751 0.016786827 0.011942097 0.004844542 0.013136234 0.02249019 0.0047432776 0.0094344495 0.03076118 0.013521165 0.022708355 0.008818381 0.010652203 0.022858988 0.012027484 0.023332532 0.023670712 0.015998097 0.022409273 0.010226794 0.01543506 0.014100786 0.005400292 0.009945083 0.008145273 0.019306423 0.021674553 0.013640206 0.008911554 0.013143415 0.0106613515 0.012394964 0.038383424 0.009180909 0.01140941 0.013682704 0.017659621 0.010983794 0.059657585 0.010255375 0.014684759 0.0132533265 0.015467625 0.012971499 0.017005168 0.015512476 0.019541435 0.025191378 0.018732907 0.012453204 0.023082603 0.013366029 0.016569354 0.023230717 0.011547062 0.009044004 0.006735305 0.01673654 0.0077942163 0.013942914 0.0065254215 0.01863604 0.011139418 0.0120044 0.01380473 0.014055397 0.011638063 0.023003217 0.016911382 0.008918002 0.008907199 0.0144527415 0.005999775 0.009167092 0.030090734 0.015653836 0.017847225 0.005790116 0.011577358 0.01128271 0.02766886 0.008971649 0.016910996 0.0071405577 0.021340571 0.012868256 0.011236738 0.014857508 0.011336541 0.014891425 0.010874277 0.0100317625 0.01803301 0.011827536 0.011282312 0.010069636 0.006811892 0.02007651 0.016416986 0.021903204 0.012754929 0.011168837 0.00812873 0.0181599 0.019362075 0.005627264 0.012091841 0.021107683 0.016786646 0.013837142 0.01315562 0.019548714 0.013364892 0.025211526 0.013504618 0.009889057 0.018349381 0.016817825 0.0067787 0.016773023 0.010923857 0.0118091535 0.013752324 0.024207884 0.027539257 0.009739462 0.015956761 0.0055485787 0.010656539 0.008932347 0.02069775 0.010083395 0.015791383 0.013897166 0.011129895 0.006154484 0.009047891 0.019376485 0.010405639 0.01091828 0.015033246 0.015128162 0.009365291 0.01528087 0.02890617 0.0071747256 0.01689404 0.015402949 0.0070782825 0.018950714 0.0087239 0.008638068 0.007965974 0.045809895 0.032992747 0.012163007 0.018842965 0.012339032 0.041384414 0.020282838 0.03169751 0.025079412 0.014648894 0.006639924 0.016539726 0.030752344 0.011353614 0.0150217 0.010454311 0.007496761 0.01636965 0.014142708 0.015415971 0.02426119 0.007073454 0.009594859 0.008507386 0.011294487 0.009417818 0.00871922 0.017775148 0.01557305 0.009917479 0.016787585 0.02117536 0.025286552 0.017996207 0.0043405704 0.0062077246 0.010435024 0.007062697 0.011070135 0.02575856 0.007637523 0.005447212 0.011410394 0.02470377 0.013531772 0.0141808605 0.008838927 0.015221427 0.017809374 0.0061622527 0.009109319 0.008536323 0.028830193 0.014940294 0.007040106 0.01598494 0.02220097 0.015413413 0.00805535 0.009982037 0.017232142 0.013327381 0.014879356 0.020137459 0.0047574444 0.017360808 0.012614011 0.030994534 0.011424151 0.009832168 0.027550334 0.014123759 0.011975343 0.015782665 0.0173393 0.020383216 0.008830314 0.008094821 0.019987633 0.009406695 0.01307965 0.013397113 0.008975722 0.016344689 0.01139894 0.0128504895 0.010137196 0.010719896 0.008901567 0.008323904 0.017776385 0.016618589 0.00903918 0.013823029 0.019018956 0.013140762 0.011400154 0.021556163 0.009690336 0.0032089713 0.009966808 0.005999867 0.01137301 0.024042813 0.012965113 0.028933376 0.0156048285 0.02753593 0.017439242 0.0199021 0.0103771165 0.015743114 0.016903682 0.010006707 0.014792601 0.012711366 0.013957757 0.0095945075 0.009357223 0.010208891 0.011970444 0.0041875397 0.013554381 0.008761228 0.012397563 0.015066329 0.018223101 0.009132402 0.015728196 0.0043321755 0.012738686 0.015664453 0.03992758 0.014739182 0.012765757 0.023465438 0.011184056 0.013315704 0.017232722 0.014087229 0.0066816993 0.033258047 0.010351367 0.018699232 0.012850976 0.012976964 0.01844246 0.009067718 0.012662238 0.006751797 0.017329622 0.02142202 0.025925182 0.010026772 0.0072284257 0.028941717 0.01768596 0.012177161 0.012098437 0.018823026 0.00901989 0.025444807 0.016167097 0.012745319 0.006212939 0.027649473 0.0149877975 0.03269271 0.010407015 0.0149877705 0.016401315 0.010912801 0.010572979 0.0099148555 0.016002351 0.017829629 0.027104583 0.015570683 0.01050273 0.013625385 0.025774024 0.0150805265 0.01578163 0.009410614 0.005577641 0.0091866 0.01279424 0.006139751 0.007796609 0.013198397 0.018885098 0.023118852 0.0119042 0.021553706 0.012385278 0.023084214 0.01064141 0.007376854 0.009606644 0.018926313 0.013100794 0.038756132 0.02441218 0.010882291 0.007299341 0.01839886 0.009613101 0.0054343157 0.027752297 0.008692799 0.00988756 0.012670376 0.010879176 0.010189998 0.00803365 0.013106132 0.018748343 0.027218292 0.022534518 0.02159932 0.007160622 0.012358423 0.02751801 0.013277388 0.011177947 0.021146487 0.0134306615 0.015542655 0.020089472 0.013920665 0.013064367 0.019148977 0.011646806 0.017809836 0.012357781 0.04149212 0.014184644 0.0077389698 0.026936095 0.010431623 0.008070507 0.01499057 0.012364242 0.013231531 0.032552414 0.013179413 0.030146876 0.0103498325 0.014390802 0.020006323 0.009291497 0.020476917 0.016055128 0.013126482 0.016064152 0.033688683 0.02788909 0.0074897525 0.011690809 0.005574128 0.011759653 0.009425206 0.015053371 0.012406581 0.025160812 0.011426046 0.012833972 0.012130517 0.013758682 0.0347778 0.021708354 0.026289824 0.010923913 0.007991842 0.01162115 0.017295256 0.014749405 0.012701848 0.012865409 0.013086418 0.01946051 0.021142194 0.0071021463 0.013782848 0.011464285 0.008618406 0.010783342 0.023008244 0.028337587 0.023465652 0.011556954 0.011802986,0.007189744 0.010422277 0.013753832 0.0082538985 0.020557819 0.013113624 0.012516217 0.014867499 0.00482196 0.022290198 0.009798269 0.021324165 0.012668811 0.0076155053 0.012555143 0.008303125 0.009050983 0.011869015 0.011661332 0.034434717 0.03289737 0.012140816 0.023178698 0.016978974 0.012989146 0.022424463 0.017066013 0.011840865 0.013311855 0.00928629 0.011789377 0.0081062345 0.016327688 0.022828586 0.021099662 0.012506022 0.0078195315 0.011032972 0.01013561 0.014632089 0.011511973 0.010151969 0.012955806 0.014949453 0.013221612 0.016145617 0.01282805 0.006559881 0.012954882 0.021943195 0.010086814 0.010971823 0.020610536 0.020164005 0.014697013 0.009060072 0.018330598 0.014105122 0.017148355 0.008848025 0.018589647 0.020254966 0.007897144 0.021246409 0.012362214 0.018503167 0.01987798 0.009656573 0.016784778 0.0119406395 0.004843951 0.01313463 0.022487447 0.0047426987 0.009433297 0.030757425 0.013519514 0.022705583 0.008817305 0.010650903 0.0228562 0.012026017 0.023329686 0.023667824 0.015996145 0.022406537 0.010225546 0.015433176 0.014099065 0.0053996327 0.00994387 0.008144278 0.019304067 0.021671908 0.013638541 0.008910466 0.01314181 0.01066005 0.012393451 0.038378738 0.009179789 0.011408018 0.013681035 0.017657466 0.010982453 0.059650302 0.010254123 0.014682966 0.01325171 0.015465737 0.012969916 0.017003093 0.015510582 0.019539049 0.025188304 0.01873062 0.012451684 0.023079785 0.013364397 0.016567333 0.023227882 0.0115456525 0.0090429 0.006734483 0.016734498 0.0077932654 0.013941213 0.0065246252 0.018633766 0.011138059 0.012002935 0.013803045 0.014053682 0.011636643 0.02300041 0.016909318 0.008916914 0.008906112 0.014450978 0.0059990427 0.0091659725 0.030087063 0.015651926 0.017845046 0.005789409 0.011575945 0.011281333 0.027665483 0.008970555 0.016908932 0.007139686 0.021337967 0.012866685 0.011235367 0.014855695 0.011335158 0.014889607 0.01087295 0.010030539 0.018030811 0.011826092 0.011280934 0.010068407 0.0068110605 0.020074058 0.016414983 0.02190053 0.012753372 0.011167474 0.008127738 0.018157683 0.019359713 0.005626577 0.012090365 0.021105107 0.016784597 0.013835453 0.013154014 0.019546328 0.013363261 0.025208449 0.01350297 0.00988785 0.01834714 0.016815772 0.006777873 0.016770976 0.010922523 0.011807712 0.013750645 0.02420493 0.027535895 0.009738273 0.015954813 0.0055479016 0.010655238 0.008931257 0.020695224 0.010082164 0.015789457 0.01389547 0.011128536 0.006153733 0.009046787 0.019374121 0.01040437 0.010916948 0.015031411 0.015126315 0.009364149 0.015279004 0.028902642 0.0071738497 0.016891979 0.015401069 0.0070774187 0.018948402 0.008722835 0.008637014 0.007965001 0.045804307 0.03298872 0.012161522 0.018840667 0.012337526 0.041379362 0.020280363 0.03169364 0.025076352 0.014647107 0.0066391136 0.01653771 0.03074859 0.011352228 0.015019867 0.010453035 0.007495846 0.016367653 0.014140981 0.01541409 0.02425823 0.0070725908 0.009593687 0.008506347 0.011293109 0.009416669 0.008718156 0.01777298 0.01557115 0.009916269 0.016785536 0.021172775 0.025283465 0.01799401 0.004340041 0.006206967 0.01043375 0.007061835 0.011068785 0.025755418 0.0076365913 0.0054465476 0.011409001 0.024700757 0.013530121 0.014179129 0.008837848 0.01521957 0.0178072 0.0061615007 0.009108208 0.008535282 0.028826674 0.014938471 0.007039247 0.015982987 0.022198262 0.015411532 0.008054367 0.009980819 0.01723004 0.013325754 0.01487754 0.020135 0.0047568637 0.017358689 0.012612471 0.030990751 0.011422757 0.0098309675 0.027546972 0.014122035 0.011973882 0.01578074 0.017337184 0.02038073 0.008829236 0.008093834 0.019985195 0.009405548 0.0130780535 0.013395479 0.008974627 0.016342694 0.01139755 0.012848921 0.010135958 0.010718589 0.00890048 0.008322888 0.017774217 0.01661656 0.009038077 0.013821341 0.019016635 0.0131391585 0.011398762 0.021553531 0.009689153 0.0032085797 0.009965592 0.0059991344 0.011371622 0.024039878 0.012963531 0.028929846 0.015602924 0.02753257 0.017437115 0.019899672 0.01037585 0.015741192 0.01690162 0.010005485 0.014790795 0.012709815 0.013956053 0.009593336 0.0093560815 0.010207645 0.011968983 0.0041870284 0.013552727 0.008760159 0.012396051 0.01506449 0.018220877 0.009131288 0.015726278 0.0043316465 0.012737131 0.01566254 0.039922707 0.0147373825 0.012764199 0.023462573 0.011182692 0.013314079 0.017230619 0.01408551 0.006680884 0.03325399 0.0103501035 0.01869695 0.012849407 0.012975381 0.018440207 0.0090666115 0.012660692 0.0067509734 0.017327506 0.021419406 0.025922019 0.010025548 0.0072275433 0.028938184 0.0176838 0.0121756755 0.01209696 0.018820727 0.009018789 0.025441702 0.016165122 0.012743764 0.0062121805 0.0276461 0.014985968 0.032688722 0.010405745 0.014985941 0.016399315 0.010911469 0.010571688 0.009913646 0.016000398 0.017827453 0.027101275 0.015568783 0.010501447 0.013623722 0.02577088 0.015078686 0.015779704 0.009409466 0.0055769603 0.009185479 0.0127926795 0.006139002 0.007795657 0.013196787 0.018882792 0.023116032 0.011902747 0.021551076 0.0123837665 0.023081396 0.010640111 0.0073759533 0.009605471 0.018924003 0.013099195 0.038751405 0.0244092 0.010880963 0.00729845 0.018396614 0.009611929 0.0054336525 0.027748909 0.008691738 0.009886354 0.012668829 0.010877849 0.010188754 0.00803267 0.013104532 0.018746054 0.027214969 0.022531766 0.021596685 0.0071597486 0.012356915 0.027514651 0.013275768 0.011176582 0.021143908 0.013429022 0.015540759 0.020087019 0.013918966 0.013062772 0.019146642 0.011645385 0.017807662 0.012356272 0.041487053 0.014182913 0.0077380254 0.026932808 0.01043035 0.008069523 0.01498874 0.0123627335 0.013229916 0.03254844 0.013177805 0.030143198 0.01034857 0.014389046 0.020003881 0.009290364 0.020474419 0.016053168 0.01312488 0.016062193 0.033684574 0.027885685 0.0074888384 0.011689383 0.005573448 0.011758218 0.009424056 0.015051534 0.012405067 0.025157742 0.01142465 0.012832406 0.012129037 0.013757003 0.034773555 0.021705704 0.026286617 0.010922579 0.007990866 0.011619732 0.017293146 0.014747605 0.012700297 0.012863839 0.0130848205 0.019458136 0.021139614 0.007101279 0.013781166 0.011462885 0.008617354 0.010782026 0.023005437 0.02833413 0.023462787 0.011555543 0.011801546,,
918,1x1x256x512,0.0071906215 0.010423549 0.013755511 0.008254905 0.020560328 0.013115224 0.012517746 0.014869314 0.0048225485 0.022292918 0.009799465 0.02132677 0.012670358 0.0076164347 0.012556676 0.008304139 0.009052088 0.011870463 0.011662756 0.03443892 0.032901388 0.012142298 0.023181528 0.016981045 0.012990732 0.022427201 0.017068097 0.01184231 0.013313479 0.009287423 0.011790816 0.0081072245 0.016329682 0.022831373 0.021102237 0.012507549 0.007820486 0.011034318 0.010136847 0.014633874 0.011513378 0.010153209 0.012957388 0.0149512775 0.013223226 0.016147587 0.012829616 0.006560682 0.012956464 0.021945873 0.010088045 0.010973162 0.02061305 0.020166468 0.014698807 0.009061178 0.018332835 0.014106843 0.017150447 0.008849105 0.018591916 0.02025744 0.007898108 0.021249002 0.012363723 0.018505426 0.019880405 0.009657751 0.016786827 0.011942097 0.004844542 0.013136234 0.02249019 0.0047432776 0.0094344495 0.03076118 0.013521165 0.022708355 0.008818381 0.010652203 0.022858988 0.012027484 0.023332532 0.023670712 0.015998097 0.022409273 0.010226794 0.01543506 0.014100786 0.005400292 0.009945083 0.008145273 0.019306423 0.021674553 0.013640206 0.008911554 0.013143415 0.0106613515 0.012394964 0.038383424 0.009180909 0.01140941 0.013682704 0.017659621 0.010983794 0.059657585 0.010255375 0.014684759 0.0132533265 0.015467625 0.012971499 0.017005168 0.015512476 0.019541435 0.025191378 0.018732907 0.012453204 0.023082603 0.013366029 0.016569354 0.023230717 0.011547062 0.009044004 0.006735305 0.01673654 0.0077942163 0.013942914 0.0065254215 0.01863604 0.011139418 0.0120044 0.01380473 0.014055397 0.011638063 0.023003217 0.016911382 0.008918002 0.008907199 0.0144527415 0.005999775 0.009167092 0.030090734 0.015653836 0.017847225 0.005790116 0.011577358 0.01128271 0.02766886 0.008971649 0.016910996 0.0071405577 0.021340571 0.012868256 0.011236738 0.014857508 0.011336541 0.014891425 0.010874277 0.0100317625 0.01803301 0.011827536 0.011282312 0.010069636 0.006811892 0.02007651 0.016416986 0.021903204 0.012754929 0.011168837 0.00812873 0.0181599 0.019362075 0.005627264 0.012091841 0.021107683 0.016786646 0.013837142 0.01315562 0.019548714 0.013364892 0.025211526 0.013504618 0.009889057 0.018349381 0.016817825 0.0067787 0.016773023 0.010923857 0.0118091535 0.013752324 0.024207884 0.027539257 0.009739462 0.015956761 0.0055485787 0.010656539 0.008932347 0.02069775 0.010083395 0.015791383 0.013897166 0.011129895 0.006154484 0.009047891 0.019376485 0.010405639 0.01091828 0.015033246 0.015128162 0.009365291 0.01528087 0.02890617 0.0071747256 0.01689404 0.015402949 0.0070782825 0.018950714 0.0087239 0.008638068 0.007965974 0.045809895 0.032992747 0.012163007 0.018842965 0.012339032 0.041384414 0.020282838 0.03169751 0.025079412 0.014648894 0.006639924 0.016539726 0.030752344 0.011353614 0.0150217 0.010454311 0.007496761 0.01636965 0.014142708 0.015415971 0.02426119 0.007073454 0.009594859 0.008507386 0.011294487 0.009417818 0.00871922 0.017775148 0.01557305 0.009917479 0.016787585 0.02117536 0.025286552 0.017996207 0.0043405704 0.0062077246 0.010435024 0.007062697 0.011070135 0.02575856 0.007637523 0.005447212 0.011410394 0.02470377 0.013531772 0.0141808605 0.008838927 0.015221427 0.017809374 0.0061622527 0.009109319 0.008536323 0.028830193 0.014940294 0.007040106 0.01598494 0.02220097 0.015413413 0.00805535 0.009982037 0.017232142 0.013327381 0.014879356 0.020137459 0.0047574444 0.017360808 0.012614011 0.030994534 0.011424151 0.009832168 0.027550334 0.014123759 0.011975343 0.015782665 0.0173393 0.020383216 0.008830314 0.008094821 0.019987633 0.009406695 0.01307965 0.013397113 0.008975722 0.016344689 0.01139894 0.0128504895 0.010137196 0.010719896 0.008901567 0.008323904 0.017776385 0.016618589 0.00903918 0.013823029 0.019018956 0.013140762 0.011400154 0.021556163 0.009690336 0.0032089713 0.009966808 0.005999867 0.01137301 0.024042813 0.012965113 0.028933376 0.0156048285 0.02753593 0.017439242 0.0199021 0.0103771165 0.015743114 0.016903682 0.010006707 0.014792601 0.012711366 0.013957757 0.0095945075 0.009357223 0.010208891 0.011970444 0.0041875397 0.013554381 0.008761228 0.012397563 0.015066329 0.018223101 0.009132402 0.015728196 0.0043321755 0.012738686 0.015664453 0.03992758 0.014739182 0.012765757 0.023465438 0.011184056 0.013315704 0.017232722 0.014087229 0.0066816993 0.033258047 0.010351367 0.018699232 0.012850976 0.012976964 0.01844246 0.009067718 0.012662238 0.006751797 0.017329622 0.02142202 0.025925182 0.010026772 0.0072284257 0.028941717 0.01768596 0.012177161 0.012098437 0.018823026 0.00901989 0.025444807 0.016167097 0.012745319 0.006212939 0.027649473 0.0149877975 0.03269271 0.010407015 0.0149877705 0.016401315 0.010912801 0.010572979 0.0099148555 0.016002351 0.017829629 0.027104583 0.015570683 0.01050273 0.013625385 0.025774024 0.0150805265 0.01578163 0.009410614 0.005577641 0.0091866 0.01279424 0.006139751 0.007796609 0.013198397 0.018885098 0.023118852 0.0119042 0.021553706 0.012385278 0.023084214 0.01064141 0.007376854 0.009606644 0.018926313 0.013100794 0.038756132 0.02441218 0.010882291 0.007299341 0.01839886 0.009613101 0.0054343157 0.027752297 0.008692799 0.00988756 0.012670376 0.010879176 0.010189998 0.00803365 0.013106132 0.018748343 0.027218292 0.022534518 0.02159932 0.007160622 0.012358423 0.02751801 0.013277388 0.011177947 0.021146487 0.0134306615 0.015542655 0.020089472 0.013920665 0.013064367 0.019148977 0.011646806 0.017809836 0.012357781 0.04149212 0.014184644 0.0077389698 0.026936095 0.010431623 0.008070507 0.01499057 0.012364242 0.013231531 0.032552414 0.013179413 0.030146876 0.0103498325 0.014390802 0.020006323 0.009291497 0.020476917 0.016055128 0.013126482 0.016064152 0.033688683 0.02788909 0.0074897525 0.011690809 0.005574128 0.011759653 0.009425206 0.015053371 0.012406581 0.025160812 0.011426046 0.012833972 0.012130517 0.013758682 0.0347778 0.021708354 0.026289824 0.010923913 0.007991842 0.01162115 0.017295256 0.014749405 0.012701848 0.012865409 0.013086418 0.01946051 0.021142194 0.0071021463 0.013782848 0.011464285 0.008618406 0.010783342 0.023008244 0.028337587 0.023465652 0.011556954 0.011802986,0.007189744 0.010422277 0.013753832 0.0082538985 0.020557819 0.013113624 0.012516217 0.014867499 0.00482196 0.022290198 0.009798269 0.021324165 0.012668811 0.0076155053 0.012555143 0.008303125 0.009050983 0.011869015 0.011661332 0.034434717 0.03289737 0.012140816 0.023178698 0.016978974 0.012989146 0.022424463 0.017066013 0.011840865 0.013311855 0.00928629 0.011789377 0.0081062345 0.016327688 0.022828586 0.021099662 0.012506022 0.0078195315 0.011032972 0.01013561 0.014632089 0.011511973 0.010151969 0.012955806 0.014949453 0.013221612 0.016145617 0.01282805 0.006559881 0.012954882 0.021943195 0.010086814 0.010971823 0.020610536 0.020164005 0.014697013 0.009060072 0.018330598 0.014105122 0.017148355 0.008848025 0.018589647 0.020254966 0.007897144 0.021246409 0.012362214 0.018503167 0.01987798 0.009656573 0.016784778 0.0119406395 0.004843951 0.01313463 0.022487447 0.0047426987 0.009433297 0.030757425 0.013519514 0.022705583 0.008817305 0.010650903 0.0228562 0.012026017 0.023329686 0.023667824 0.015996145 0.022406537 0.010225546 0.015433176 0.014099065 0.0053996327 0.00994387 0.008144278 0.019304067 0.021671908 0.013638541 0.008910466 0.01314181 0.01066005 0.012393451 0.038378738 0.009179789 0.011408018 0.013681035 0.017657466 0.010982453 0.059650302 0.010254123 0.014682966 0.01325171 0.015465737 0.012969916 0.017003093 0.015510582 0.019539049 0.025188304 0.01873062 0.012451684 0.023079785 0.013364397 0.016567333 0.023227882 0.0115456525 0.0090429 0.006734483 0.016734498 0.0077932654 0.013941213 0.0065246252 0.018633766 0.011138059 0.012002935 0.013803045 0.014053682 0.011636643 0.02300041 0.016909318 0.008916914 0.008906112 0.014450978 0.0059990427 0.0091659725 0.030087063 0.015651926 0.017845046 0.005789409 0.011575945 0.011281333 0.027665483 0.008970555 0.016908932 0.007139686 0.021337967 0.012866685 0.011235367 0.014855695 0.011335158 0.014889607 0.01087295 0.010030539 0.018030811 0.011826092 0.011280934 0.010068407 0.0068110605 0.020074058 0.016414983 0.02190053 0.012753372 0.011167474 0.008127738 0.018157683 0.019359713 0.005626577 0.012090365 0.021105107 0.016784597 0.013835453 0.013154014 0.019546328 0.013363261 0.025208449 0.01350297 0.00988785 0.01834714 0.016815772 0.006777873 0.016770976 0.010922523 0.011807712 0.013750645 0.02420493 0.027535895 0.009738273 0.015954813 0.0055479016 0.010655238 0.008931257 0.020695224 0.010082164 0.015789457 0.01389547 0.011128536 0.006153733 0.009046787 0.019374121 0.01040437 0.010916948 0.015031411 0.015126315 0.009364149 0.015279004 0.028902642 0.0071738497 0.016891979 0.015401069 0.0070774187 0.018948402 0.008722835 0.008637014 0.007965001 0.045804307 0.03298872 0.012161522 0.018840667 0.012337526 0.041379362 0.020280363 0.03169364 0.025076352 0.014647107 0.0066391136 0.01653771 0.03074859 0.011352228 0.015019867 0.010453035 0.007495846 0.016367653 0.014140981 0.01541409 0.02425823 0.0070725908 0.009593687 0.008506347 0.011293109 0.009416669 0.008718156 0.01777298 0.01557115 0.009916269 0.016785536 0.021172775 0.025283465 0.01799401 0.004340041 0.006206967 0.01043375 0.007061835 0.011068785 0.025755418 0.0076365913 0.0054465476 0.011409001 0.024700757 0.013530121 0.014179129 0.008837848 0.01521957 0.0178072 0.0061615007 0.009108208 0.008535282 0.028826674 0.014938471 0.007039247 0.015982987 0.022198262 0.015411532 0.008054367 0.009980819 0.01723004 0.013325754 0.01487754 0.020135 0.0047568637 0.017358689 0.012612471 0.030990751 0.011422757 0.0098309675 0.027546972 0.014122035 0.011973882 0.01578074 0.017337184 0.02038073 0.008829236 0.008093834 0.019985195 0.009405548 0.0130780535 0.013395479 0.008974627 0.016342694 0.01139755 0.012848921 0.010135958 0.010718589 0.00890048 0.008322888 0.017774217 0.01661656 0.009038077 0.013821341 0.019016635 0.0131391585 0.011398762 0.021553531 0.009689153 0.0032085797 0.009965592 0.0059991344 0.011371622 0.024039878 0.012963531 0.028929846 0.015602924 0.02753257 0.017437115 0.019899672 0.01037585 0.015741192 0.01690162 0.010005485 0.014790795 0.012709815 0.013956053 0.009593336 0.0093560815 0.010207645 0.011968983 0.0041870284 0.013552727 0.008760159 0.012396051 0.01506449 0.018220877 0.009131288 0.015726278 0.0043316465 0.012737131 0.01566254 0.039922707 0.0147373825 0.012764199 0.023462573 0.011182692 0.013314079 0.017230619 0.01408551 0.006680884 0.03325399 0.0103501035 0.01869695 0.012849407 0.012975381 0.018440207 0.0090666115 0.012660692 0.0067509734 0.017327506 0.021419406 0.025922019 0.010025548 0.0072275433 0.028938184 0.0176838 0.0121756755 0.01209696 0.018820727 0.009018789 0.025441702 0.016165122 0.012743764 0.0062121805 0.0276461 0.014985968 0.032688722 0.010405745 0.014985941 0.016399315 0.010911469 0.010571688 0.009913646 0.016000398 0.017827453 0.027101275 0.015568783 0.010501447 0.013623722 0.02577088 0.015078686 0.015779704 0.009409466 0.0055769603 0.009185479 0.0127926795 0.006139002 0.007795657 0.013196787 0.018882792 0.023116032 0.011902747 0.021551076 0.0123837665 0.023081396 0.010640111 0.0073759533 0.009605471 0.018924003 0.013099195 0.038751405 0.0244092 0.010880963 0.00729845 0.018396614 0.009611929 0.0054336525 0.027748909 0.008691738 0.009886354 0.012668829 0.010877849 0.010188754 0.00803267 0.013104532 0.018746054 0.027214969 0.022531766 0.021596685 0.0071597486 0.012356915 0.027514651 0.013275768 0.011176582 0.021143908 0.013429022 0.015540759 0.020087019 0.013918966 0.013062772 0.019146642 0.011645385 0.017807662 0.012356272 0.041487053 0.014182913 0.0077380254 0.026932808 0.01043035 0.008069523 0.01498874 0.0123627335 0.013229916 0.03254844 0.013177805 0.030143198 0.01034857 0.014389046 0.020003881 0.009290364 0.020474419 0.016053168 0.01312488 0.016062193 0.033684574 0.027885685 0.0074888384 0.011689383 0.005573448 0.011758218 0.009424056 0.015051534 0.012405067 0.025157742 0.01142465 0.012832406 0.012129037 0.013757003 0.034773555 0.021705704 0.026286617 0.010922579 0.007990866 0.011619732 0.017293146 0.014747605 0.012700297 0.012863839 0.0130848205 0.019458136 0.021139614 0.007101279 0.013781166 0.011462885 0.008617354 0.010782026 0.023005437 0.02833413 0.023462787 0.011555543 0.011801546,,
922,1x1x256x512,0.0071906215 0.010423549 0.013755511 0.008254905 0.020560328 0.013115224 0.012517746 0.014869314 0.0048225485 0.022292918 0.009799465 0.02132677 0.012670358 0.0076164347 0.012556676 0.008304139 0.009052088 0.011870463 0.011662756 0.03443892 0.032901388 0.012142298 0.023181528 0.016981045 0.012990732 0.022427201 0.017068097 0.01184231 0.013313479 0.009287423 0.011790816 0.0081072245 0.016329682 0.022831373 0.021102237 0.012507549 0.007820486 0.011034318 0.010136847 0.014633874 0.011513378 0.010153209 0.012957388 0.0149512775 0.013223226 0.016147587 0.012829616 0.006560682 0.012956464 0.021945873 0.010088045 0.010973162 0.02061305 0.020166468 0.014698807 0.009061178 0.018332835 0.014106843 0.017150447 0.008849105 0.018591916 0.02025744 0.007898108 0.021249002 0.012363723 0.018505426 0.019880405 0.009657751 0.016786827 0.011942097 0.004844542 0.013136234 0.02249019 0.0047432776 0.0094344495 0.03076118 0.013521165 0.022708355 0.008818381 0.010652203 0.022858988 0.012027484 0.023332532 0.023670712 0.015998097 0.022409273 0.010226794 0.01543506 0.014100786 0.005400292 0.009945083 0.008145273 0.019306423 0.021674553 0.013640206 0.008911554 0.013143415 0.0106613515 0.012394964 0.038383424 0.009180909 0.01140941 0.013682704 0.017659621 0.010983794 0.059657585 0.010255375 0.014684759 0.0132533265 0.015467625 0.012971499 0.017005168 0.015512476 0.019541435 0.025191378 0.018732907 0.012453204 0.023082603 0.013366029 0.016569354 0.023230717 0.011547062 0.009044004 0.006735305 0.01673654 0.0077942163 0.013942914 0.0065254215 0.01863604 0.011139418 0.0120044 0.01380473 0.014055397 0.011638063 0.023003217 0.016911382 0.008918002 0.008907199 0.0144527415 0.005999775 0.009167092 0.030090734 0.015653836 0.017847225 0.005790116 0.011577358 0.01128271 0.02766886 0.008971649 0.016910996 0.0071405577 0.021340571 0.012868256 0.011236738 0.014857508 0.011336541 0.014891425 0.010874277 0.0100317625 0.01803301 0.011827536 0.011282312 0.010069636 0.006811892 0.02007651 0.016416986 0.021903204 0.012754929 0.011168837 0.00812873 0.0181599 0.019362075 0.005627264 0.012091841 0.021107683 0.016786646 0.013837142 0.01315562 0.019548714 0.013364892 0.025211526 0.013504618 0.009889057 0.018349381 0.016817825 0.0067787 0.016773023 0.010923857 0.0118091535 0.013752324 0.024207884 0.027539257 0.009739462 0.015956761 0.0055485787 0.010656539 0.008932347 0.02069775 0.010083395 0.015791383 0.013897166 0.011129895 0.006154484 0.009047891 0.019376485 0.010405639 0.01091828 0.015033246 0.015128162 0.009365291 0.01528087 0.02890617 0.0071747256 0.01689404 0.015402949 0.0070782825 0.018950714 0.0087239 0.008638068 0.007965974 0.045809895 0.032992747 0.012163007 0.018842965 0.012339032 0.041384414 0.020282838 0.03169751 0.025079412 0.014648894 0.006639924 0.016539726 0.030752344 0.011353614 0.0150217 0.010454311 0.007496761 0.01636965 0.014142708 0.015415971 0.02426119 0.007073454 0.009594859 0.008507386 0.011294487 0.009417818 0.00871922 0.017775148 0.01557305 0.009917479 0.016787585 0.02117536 0.025286552 0.017996207 0.0043405704 0.0062077246 0.010435024 0.007062697 0.011070135 0.02575856 0.007637523 0.005447212 0.011410394 0.02470377 0.013531772 0.0141808605 0.008838927 0.015221427 0.017809374 0.0061622527 0.009109319 0.008536323 0.028830193 0.014940294 0.007040106 0.01598494 0.02220097 0.015413413 0.00805535 0.009982037 0.017232142 0.013327381 0.014879356 0.020137459 0.0047574444 0.017360808 0.012614011 0.030994534 0.011424151 0.009832168 0.027550334 0.014123759 0.011975343 0.015782665 0.0173393 0.020383216 0.008830314 0.008094821 0.019987633 0.009406695 0.01307965 0.013397113 0.008975722 0.016344689 0.01139894 0.0128504895 0.010137196 0.010719896 0.008901567 0.008323904 0.017776385 0.016618589 0.00903918 0.013823029 0.019018956 0.013140762 0.011400154 0.021556163 0.009690336 0.0032089713 0.009966808 0.005999867 0.01137301 0.024042813 0.012965113 0.028933376 0.0156048285 0.02753593 0.017439242 0.0199021 0.0103771165 0.015743114 0.016903682 0.010006707 0.014792601 0.012711366 0.013957757 0.0095945075 0.009357223 0.010208891 0.011970444 0.0041875397 0.013554381 0.008761228 0.012397563 0.015066329 0.018223101 0.009132402 0.015728196 0.0043321755 0.012738686 0.015664453 0.03992758 0.014739182 0.012765757 0.023465438 0.011184056 0.013315704 0.017232722 0.014087229 0.0066816993 0.033258047 0.010351367 0.018699232 0.012850976 0.012976964 0.01844246 0.009067718 0.012662238 0.006751797 0.017329622 0.02142202 0.025925182 0.010026772 0.0072284257 0.028941717 0.01768596 0.012177161 0.012098437 0.018823026 0.00901989 0.025444807 0.016167097 0.012745319 0.006212939 0.027649473 0.0149877975 0.03269271 0.010407015 0.0149877705 0.016401315 0.010912801 0.010572979 0.0099148555 0.016002351 0.017829629 0.027104583 0.015570683 0.01050273 0.013625385 0.025774024 0.0150805265 0.01578163 0.009410614 0.005577641 0.0091866 0.01279424 0.006139751 0.007796609 0.013198397 0.018885098 0.023118852 0.0119042 0.021553706 0.012385278 0.023084214 0.01064141 0.007376854 0.009606644 0.018926313 0.013100794 0.038756132 0.02441218 0.010882291 0.007299341 0.01839886 0.009613101 0.0054343157 0.027752297 0.008692799 0.00988756 0.012670376 0.010879176 0.010189998 0.00803365 0.013106132 0.018748343 0.027218292 0.022534518 0.02159932 0.007160622 0.012358423 0.02751801 0.013277388 0.011177947 0.021146487 0.0134306615 0.015542655 0.020089472 0.013920665 0.013064367 0.019148977 0.011646806 0.017809836 0.012357781 0.04149212 0.014184644 0.0077389698 0.026936095 0.010431623 0.008070507 0.01499057 0.012364242 0.013231531 0.032552414 0.013179413 0.030146876 0.0103498325 0.014390802 0.020006323 0.009291497 0.020476917 0.016055128 0.013126482 0.016064152 0.033688683 0.02788909 0.0074897525 0.011690809 0.005574128 0.011759653 0.009425206 0.015053371 0.012406581 0.025160812 0.011426046 0.012833972 0.012130517 0.013758682 0.0347778 0.021708354 0.026289824 0.010923913 0.007991842 0.01162115 0.017295256 0.014749405 0.012701848 0.012865409 0.013086418 0.01946051 0.021142194 0.0071021463 0.013782848 0.011464285 0.008618406 0.010783342 0.023008244 0.028337587 0.023465652 0.011556954 0.011802986,0.007189744 0.010422277 0.013753832 0.0082538985 0.020557819 0.013113624 0.012516217 0.014867499 0.00482196 0.022290198 0.009798269 0.021324165 0.012668811 0.0076155053 0.012555143 0.008303125 0.009050983 0.011869015 0.011661332 0.034434717 0.03289737 0.012140816 0.023178698 0.016978974 0.012989146 0.022424463 0.017066013 0.011840865 0.013311855 0.00928629 0.011789377 0.0081062345 0.016327688 0.022828586 0.021099662 0.012506022 0.0078195315 0.011032972 0.01013561 0.014632089 0.011511973 0.010151969 0.012955806 0.014949453 0.013221612 0.016145617 0.01282805 0.006559881 0.012954882 0.021943195 0.010086814 0.010971823 0.020610536 0.020164005 0.014697013 0.009060072 0.018330598 0.014105122 0.017148355 0.008848025 0.018589647 0.020254966 0.007897144 0.021246409 0.012362214 0.018503167 0.01987798 0.009656573 0.016784778 0.0119406395 0.004843951 0.01313463 0.022487447 0.0047426987 0.009433297 0.030757425 0.013519514 0.022705583 0.008817305 0.010650903 0.0228562 0.012026017 0.023329686 0.023667824 0.015996145 0.022406537 0.010225546 0.015433176 0.014099065 0.0053996327 0.00994387 0.008144278 0.019304067 0.021671908 0.013638541 0.008910466 0.01314181 0.01066005 0.012393451 0.038378738 0.009179789 0.011408018 0.013681035 0.017657466 0.010982453 0.059650302 0.010254123 0.014682966 0.01325171 0.015465737 0.012969916 0.017003093 0.015510582 0.019539049 0.025188304 0.01873062 0.012451684 0.023079785 0.013364397 0.016567333 0.023227882 0.0115456525 0.0090429 0.006734483 0.016734498 0.0077932654 0.013941213 0.0065246252 0.018633766 0.011138059 0.012002935 0.013803045 0.014053682 0.011636643 0.02300041 0.016909318 0.008916914 0.008906112 0.014450978 0.0059990427 0.0091659725 0.030087063 0.015651926 0.017845046 0.005789409 0.011575945 0.011281333 0.027665483 0.008970555 0.016908932 0.007139686 0.021337967 0.012866685 0.011235367 0.014855695 0.011335158 0.014889607 0.01087295 0.010030539 0.018030811 0.011826092 0.011280934 0.010068407 0.0068110605 0.020074058 0.016414983 0.02190053 0.012753372 0.011167474 0.008127738 0.018157683 0.019359713 0.005626577 0.012090365 0.021105107 0.016784597 0.013835453 0.013154014 0.019546328 0.013363261 0.025208449 0.01350297 0.00988785 0.01834714 0.016815772 0.006777873 0.016770976 0.010922523 0.011807712 0.013750645 0.02420493 0.027535895 0.009738273 0.015954813 0.0055479016 0.010655238 0.008931257 0.020695224 0.010082164 0.015789457 0.01389547 0.011128536 0.006153733 0.009046787 0.019374121 0.01040437 0.010916948 0.015031411 0.015126315 0.009364149 0.015279004 0.028902642 0.0071738497 0.016891979 0.015401069 0.0070774187 0.018948402 0.008722835 0.008637014 0.007965001 0.045804307 0.03298872 0.012161522 0.018840667 0.012337526 0.041379362 0.020280363 0.03169364 0.025076352 0.014647107 0.0066391136 0.01653771 0.03074859 0.011352228 0.015019867 0.010453035 0.007495846 0.016367653 0.014140981 0.01541409 0.02425823 0.0070725908 0.009593687 0.008506347 0.011293109 0.009416669 0.008718156 0.01777298 0.01557115 0.009916269 0.016785536 0.021172775 0.025283465 0.01799401 0.004340041 0.006206967 0.01043375 0.007061835 0.011068785 0.025755418 0.0076365913 0.0054465476 0.011409001 0.024700757 0.013530121 0.014179129 0.008837848 0.01521957 0.0178072 0.0061615007 0.009108208 0.008535282 0.028826674 0.014938471 0.007039247 0.015982987 0.022198262 0.015411532 0.008054367 0.009980819 0.01723004 0.013325754 0.01487754 0.020135 0.0047568637 0.017358689 0.012612471 0.030990751 0.011422757 0.0098309675 0.027546972 0.014122035 0.011973882 0.01578074 0.017337184 0.02038073 0.008829236 0.008093834 0.019985195 0.009405548 0.0130780535 0.013395479 0.008974627 0.016342694 0.01139755 0.012848921 0.010135958 0.010718589 0.00890048 0.008322888 0.017774217 0.01661656 0.009038077 0.013821341 0.019016635 0.0131391585 0.011398762 0.021553531 0.009689153 0.0032085797 0.009965592 0.0059991344 0.011371622 0.024039878 0.012963531 0.028929846 0.015602924 0.02753257 0.017437115 0.019899672 0.01037585 0.015741192 0.01690162 0.010005485 0.014790795 0.012709815 0.013956053 0.009593336 0.0093560815 0.010207645 0.011968983 0.0041870284 0.013552727 0.008760159 0.012396051 0.01506449 0.018220877 0.009131288 0.015726278 0.0043316465 0.012737131 0.01566254 0.039922707 0.0147373825 0.012764199 0.023462573 0.011182692 0.013314079 0.017230619 0.01408551 0.006680884 0.03325399 0.0103501035 0.01869695 0.012849407 0.012975381 0.018440207 0.0090666115 0.012660692 0.0067509734 0.017327506 0.021419406 0.025922019 0.010025548 0.0072275433 0.028938184 0.0176838 0.0121756755 0.01209696 0.018820727 0.009018789 0.025441702 0.016165122 0.012743764 0.0062121805 0.0276461 0.014985968 0.032688722 0.010405745 0.014985941 0.016399315 0.010911469 0.010571688 0.009913646 0.016000398 0.017827453 0.027101275 0.015568783 0.010501447 0.013623722 0.02577088 0.015078686 0.015779704 0.009409466 0.0055769603 0.009185479 0.0127926795 0.006139002 0.007795657 0.013196787 0.018882792 0.023116032 0.011902747 0.021551076 0.0123837665 0.023081396 0.010640111 0.0073759533 0.009605471 0.018924003 0.013099195 0.038751405 0.0244092 0.010880963 0.00729845 0.018396614 0.009611929 0.0054336525 0.027748909 0.008691738 0.009886354 0.012668829 0.010877849 0.010188754 0.00803267 0.013104532 0.018746054 0.027214969 0.022531766 0.021596685 0.0071597486 0.012356915 0.027514651 0.013275768 0.011176582 0.021143908 0.013429022 0.015540759 0.020087019 0.013918966 0.013062772 0.019146642 0.011645385 0.017807662 0.012356272 0.041487053 0.014182913 0.0077380254 0.026932808 0.01043035 0.008069523 0.01498874 0.0123627335 0.013229916 0.03254844 0.013177805 0.030143198 0.01034857 0.014389046 0.020003881 0.009290364 0.020474419 0.016053168 0.01312488 0.016062193 0.033684574 0.027885685 0.0074888384 0.011689383 0.005573448 0.011758218 0.009424056 0.015051534 0.012405067 0.025157742 0.01142465 0.012832406 0.012129037 0.013757003 0.034773555 0.021705704 0.026286617 0.010922579 0.007990866 0.011619732 0.017293146 0.014747605 0.012700297 0.012863839 0.0130848205 0.019458136 0.021139614 0.007101279 0.013781166 0.011462885 0.008617354 0.010782026 0.023005437 0.02833413 0.023462787 0.011555543 0.011801546,,
926,1x1x256x512,0.0071906215 0.010423549 0.013755511 0.008254905 0.020560328 0.013115224 0.012517746 0.014869314 0.0048225485 0.022292918 0.009799465 0.02132677 0.012670358 0.0076164347 0.012556676 0.008304139 0.009052088 0.011870463 0.011662756 0.03443892 0.032901388 0.012142298 0.023181528 0.016981045 0.012990732 0.022427201 0.017068097 0.01184231 0.013313479 0.009287423 0.011790816 0.0081072245 0.016329682 0.022831373 0.021102237 0.012507549 0.007820486 0.011034318 0.010136847 0.014633874 0.011513378 0.010153209 0.012957388 0.0149512775 0.013223226 0.016147587 0.012829616 0.006560682 0.012956464 0.021945873 0.010088045 0.010973162 0.02061305 0.020166468 0.014698807 0.009061178 0.018332835 0.014106843 0.017150447 0.008849105 0.018591916 0.02025744 0.007898108 0.021249002 0.012363723 0.018505426 0.019880405 0.009657751 0.016786827 0.011942097 0.004844542 0.013136234 0.02249019 0.0047432776 0.0094344495 0.03076118 0.013521165 0.022708355 0.008818381 0.010652203 0.022858988 0.012027484 0.023332532 0.023670712 0.015998097 0.022409273 0.010226794 0.01543506 0.014100786 0.005400292 0.009945083 0.008145273 0.019306423 0.021674553 0.013640206 0.008911554 0.013143415 0.0106613515 0.012394964 0.038383424 0.009180909 0.01140941 0.013682704 0.017659621 0.010983794 0.059657585 0.010255375 0.014684759 0.0132533265 0.015467625 0.012971499 0.017005168 0.015512476 0.019541435 0.025191378 0.018732907 0.012453204 0.023082603 0.013366029 0.016569354 0.023230717 0.011547062 0.009044004 0.006735305 0.01673654 0.0077942163 0.013942914 0.0065254215 0.01863604 0.011139418 0.0120044 0.01380473 0.014055397 0.011638063 0.023003217 0.016911382 0.008918002 0.008907199 0.0144527415 0.005999775 0.009167092 0.030090734 0.015653836 0.017847225 0.005790116 0.011577358 0.01128271 0.02766886 0.008971649 0.016910996 0.0071405577 0.021340571 0.012868256 0.011236738 0.014857508 0.011336541 0.014891425 0.010874277 0.0100317625 0.01803301 0.011827536 0.011282312 0.010069636 0.006811892 0.02007651 0.016416986 0.021903204 0.012754929 0.011168837 0.00812873 0.0181599 0.019362075 0.005627264 0.012091841 0.021107683 0.016786646 0.013837142 0.01315562 0.019548714 0.013364892 0.025211526 0.013504618 0.009889057 0.018349381 0.016817825 0.0067787 0.016773023 0.010923857 0.0118091535 0.013752324 0.024207884 0.027539257 0.009739462 0.015956761 0.0055485787 0.010656539 0.008932347 0.02069775 0.010083395 0.015791383 0.013897166 0.011129895 0.006154484 0.009047891 0.019376485 0.010405639 0.01091828 0.015033246 0.015128162 0.009365291 0.01528087 0.02890617 0.0071747256 0.01689404 0.015402949 0.0070782825 0.018950714 0.0087239 0.008638068 0.007965974 0.045809895 0.032992747 0.012163007 0.018842965 0.012339032 0.041384414 0.020282838 0.03169751 0.025079412 0.014648894 0.006639924 0.016539726 0.030752344 0.011353614 0.0150217 0.010454311 0.007496761 0.01636965 0.014142708 0.015415971 0.02426119 0.007073454 0.009594859 0.008507386 0.011294487 0.009417818 0.00871922 0.017775148 0.01557305 0.009917479 0.016787585 0.02117536 0.025286552 0.017996207 0.0043405704 0.0062077246 0.010435024 0.007062697 0.011070135 0.02575856 0.007637523 0.005447212 0.011410394 0.02470377 0.013531772 0.0141808605 0.008838927 0.015221427 0.017809374 0.0061622527 0.009109319 0.008536323 0.028830193 0.014940294 0.007040106 0.01598494 0.02220097 0.015413413 0.00805535 0.009982037 0.017232142 0.013327381 0.014879356 0.020137459 0.0047574444 0.017360808 0.012614011 0.030994534 0.011424151 0.009832168 0.027550334 0.014123759 0.011975343 0.015782665 0.0173393 0.020383216 0.008830314 0.008094821 0.019987633 0.009406695 0.01307965 0.013397113 0.008975722 0.016344689 0.01139894 0.0128504895 0.010137196 0.010719896 0.008901567 0.008323904 0.017776385 0.016618589 0.00903918 0.013823029 0.019018956 0.013140762 0.011400154 0.021556163 0.009690336 0.0032089713 0.009966808 0.005999867 0.01137301 0.024042813 0.012965113 0.028933376 0.0156048285 0.02753593 0.017439242 0.0199021 0.0103771165 0.015743114 0.016903682 0.010006707 0.014792601 0.012711366 0.013957757 0.0095945075 0.009357223 0.010208891 0.011970444 0.0041875397 0.013554381 0.008761228 0.012397563 0.015066329 0.018223101 0.009132402 0.015728196 0.0043321755 0.012738686 0.015664453 0.03992758 0.014739182 0.012765757 0.023465438 0.011184056 0.013315704 0.017232722 0.014087229 0.0066816993 0.033258047 0.010351367 0.018699232 0.012850976 0.012976964 0.01844246 0.009067718 0.012662238 0.006751797 0.017329622 0.02142202 0.025925182 0.010026772 0.0072284257 0.028941717 0.01768596 0.012177161 0.012098437 0.018823026 0.00901989 0.025444807 0.016167097 0.012745319 0.006212939 0.027649473 0.0149877975 0.03269271 0.010407015 0.0149877705 0.016401315 0.010912801 0.010572979 0.0099148555 0.016002351 0.017829629 0.027104583 0.015570683 0.01050273 0.013625385 0.025774024 0.0150805265 0.01578163 0.009410614 0.005577641 0.0091866 0.01279424 0.006139751 0.007796609 0.013198397 0.018885098 0.023118852 0.0119042 0.021553706 0.012385278 0.023084214 0.01064141 0.007376854 0.009606644 0.018926313 0.013100794 0.038756132 0.02441218 0.010882291 0.007299341 0.01839886 0.009613101 0.0054343157 0.027752297 0.008692799 0.00988756 0.012670376 0.010879176 0.010189998 0.00803365 0.013106132 0.018748343 0.027218292 0.022534518 0.02159932 0.007160622 0.012358423 0.02751801 0.013277388 0.011177947 0.021146487 0.0134306615 0.015542655 0.020089472 0.013920665 0.013064367 0.019148977 0.011646806 0.017809836 0.012357781 0.04149212 0.014184644 0.0077389698 0.026936095 0.010431623 0.008070507 0.01499057 0.012364242 0.013231531 0.032552414 0.013179413 0.030146876 0.0103498325 0.014390802 0.020006323 0.009291497 0.020476917 0.016055128 0.013126482 0.016064152 0.033688683 0.02788909 0.0074897525 0.011690809 0.005574128 0.011759653 0.009425206 0.015053371 0.012406581 0.025160812 0.011426046 0.012833972 0.012130517 0.013758682 0.0347778 0.021708354 0.026289824 0.010923913 0.007991842 0.01162115 0.017295256 0.014749405 0.012701848 0.012865409 0.013086418 0.01946051 0.021142194 0.0071021463 0.013782848 0.011464285 0.008618406 0.010783342 0.023008244 0.028337587 0.023465652 0.011556954 0.011802986,0.007189744 0.010422277 0.013753832 0.0082538985 0.020557819 0.013113624 0.012516217 0.014867499 0.00482196 0.022290198 0.009798269 0.021324165 0.012668811 0.0076155053 0.012555143 0.008303125 0.009050983 0.011869015 0.011661332 0.034434717 0.03289737 0.012140816 0.023178698 0.016978974 0.012989146 0.022424463 0.017066013 0.011840865 0.013311855 0.00928629 0.011789377 0.0081062345 0.016327688 0.022828586 0.021099662 0.012506022 0.0078195315 0.011032972 0.01013561 0.014632089 0.011511973 0.010151969 0.012955806 0.014949453 0.013221612 0.016145617 0.01282805 0.006559881 0.012954882 0.021943195 0.010086814 0.010971823 0.020610536 0.020164005 0.014697013 0.009060072 0.018330598 0.014105122 0.017148355 0.008848025 0.018589647 0.020254966 0.007897144 0.021246409 0.012362214 0.018503167 0.01987798 0.009656573 0.016784778 0.0119406395 0.004843951 0.01313463 0.022487447 0.0047426987 0.009433297 0.030757425 0.013519514 0.022705583 0.008817305 0.010650903 0.0228562 0.012026017 0.023329686 0.023667824 0.015996145 0.022406537 0.010225546 0.015433176 0.014099065 0.0053996327 0.00994387 0.008144278 0.019304067 0.021671908 0.013638541 0.008910466 0.01314181 0.01066005 0.012393451 0.038378738 0.009179789 0.011408018 0.013681035 0.017657466 0.010982453 0.059650302 0.010254123 0.014682966 0.01325171 0.015465737 0.012969916 0.017003093 0.015510582 0.019539049 0.025188304 0.01873062 0.012451684 0.023079785 0.013364397 0.016567333 0.023227882 0.0115456525 0.0090429 0.006734483 0.016734498 0.0077932654 0.013941213 0.0065246252 0.018633766 0.011138059 0.012002935 0.013803045 0.014053682 0.011636643 0.02300041 0.016909318 0.008916914 0.008906112 0.014450978 0.0059990427 0.0091659725 0.030087063 0.015651926 0.017845046 0.005789409 0.011575945 0.011281333 0.027665483 0.008970555 0.016908932 0.007139686 0.021337967 0.012866685 0.011235367 0.014855695 0.011335158 0.014889607 0.01087295 0.010030539 0.018030811 0.011826092 0.011280934 0.010068407 0.0068110605 0.020074058 0.016414983 0.02190053 0.012753372 0.011167474 0.008127738 0.018157683 0.019359713 0.005626577 0.012090365 0.021105107 0.016784597 0.013835453 0.013154014 0.019546328 0.013363261 0.025208449 0.01350297 0.00988785 0.01834714 0.016815772 0.006777873 0.016770976 0.010922523 0.011807712 0.013750645 0.02420493 0.027535895 0.009738273 0.015954813 0.0055479016 0.010655238 0.008931257 0.020695224 0.010082164 0.015789457 0.01389547 0.011128536 0.006153733 0.009046787 0.019374121 0.01040437 0.010916948 0.015031411 0.015126315 0.009364149 0.015279004 0.028902642 0.0071738497 0.016891979 0.015401069 0.0070774187 0.018948402 0.008722835 0.008637014 0.007965001 0.045804307 0.03298872 0.012161522 0.018840667 0.012337526 0.041379362 0.020280363 0.03169364 0.025076352 0.014647107 0.0066391136 0.01653771 0.03074859 0.011352228 0.015019867 0.010453035 0.007495846 0.016367653 0.014140981 0.01541409 0.02425823 0.0070725908 0.009593687 0.008506347 0.011293109 0.009416669 0.008718156 0.01777298 0.01557115 0.009916269 0.016785536 0.021172775 0.025283465 0.01799401 0.004340041 0.006206967 0.01043375 0.007061835 0.011068785 0.025755418 0.0076365913 0.0054465476 0.011409001 0.024700757 0.013530121 0.014179129 0.008837848 0.01521957 0.0178072 0.0061615007 0.009108208 0.008535282 0.028826674 0.014938471 0.007039247 0.015982987 0.022198262 0.015411532 0.008054367 0.009980819 0.01723004 0.013325754 0.01487754 0.020135 0.0047568637 0.017358689 0.012612471 0.030990751 0.011422757 0.0098309675 0.027546972 0.014122035 0.011973882 0.01578074 0.017337184 0.02038073 0.008829236 0.008093834 0.019985195 0.009405548 0.0130780535 0.013395479 0.008974627 0.016342694 0.01139755 0.012848921 0.010135958 0.010718589 0.00890048 0.008322888 0.017774217 0.01661656 0.009038077 0.013821341 0.019016635 0.0131391585 0.011398762 0.021553531 0.009689153 0.0032085797 0.009965592 0.0059991344 0.011371622 0.024039878 0.012963531 0.028929846 0.015602924 0.02753257 0.017437115 0.019899672 0.01037585 0.015741192 0.01690162 0.010005485 0.014790795 0.012709815 0.013956053 0.009593336 0.0093560815 0.010207645 0.011968983 0.0041870284 0.013552727 0.008760159 0.012396051 0.01506449 0.018220877 0.009131288 0.015726278 0.0043316465 0.012737131 0.01566254 0.039922707 0.0147373825 0.012764199 0.023462573 0.011182692 0.013314079 0.017230619 0.01408551 0.006680884 0.03325399 0.0103501035 0.01869695 0.012849407 0.012975381 0.018440207 0.0090666115 0.012660692 0.0067509734 0.017327506 0.021419406 0.025922019 0.010025548 0.0072275433 0.028938184 0.0176838 0.0121756755 0.01209696 0.018820727 0.009018789 0.025441702 0.016165122 0.012743764 0.0062121805 0.0276461 0.014985968 0.032688722 0.010405745 0.014985941 0.016399315 0.010911469 0.010571688 0.009913646 0.016000398 0.017827453 0.027101275 0.015568783 0.010501447 0.013623722 0.02577088 0.015078686 0.015779704 0.009409466 0.0055769603 0.009185479 0.0127926795 0.006139002 0.007795657 0.013196787 0.018882792 0.023116032 0.011902747 0.021551076 0.0123837665 0.023081396 0.010640111 0.0073759533 0.009605471 0.018924003 0.013099195 0.038751405 0.0244092 0.010880963 0.00729845 0.018396614 0.009611929 0.0054336525 0.027748909 0.008691738 0.009886354 0.012668829 0.010877849 0.010188754 0.00803267 0.013104532 0.018746054 0.027214969 0.022531766 0.021596685 0.0071597486 0.012356915 0.027514651 0.013275768 0.011176582 0.021143908 0.013429022 0.015540759 0.020087019 0.013918966 0.013062772 0.019146642 0.011645385 0.017807662 0.012356272 0.041487053 0.014182913 0.0077380254 0.026932808 0.01043035 0.008069523 0.01498874 0.0123627335 0.013229916 0.03254844 0.013177805 0.030143198 0.01034857 0.014389046 0.020003881 0.009290364 0.020474419 0.016053168 0.01312488 0.016062193 0.033684574 0.027885685 0.0074888384 0.011689383 0.005573448 0.011758218 0.009424056 0.015051534 0.012405067 0.025157742 0.01142465 0.012832406 0.012129037 0.013757003 0.034773555 0.021705704 0.026286617 0.010922579 0.007990866 0.011619732 0.017293146 0.014747605 0.012700297 0.012863839 0.0130848205 0.019458136 0.021139614 0.007101279 0.013781166 0.011462885 0.008617354 0.010782026 0.023005437 0.02833413 0.023462787 0.011555543 0.011801546,,
930,1x1x256x512,0.0071906215 0.010423549 0.013755511 0.008254905 0.020560328 0.013115224 0.012517746 0.014869314 0.0048225485 0.022292918 0.009799465 0.02132677 0.012670358 0.0076164347 0.012556676 0.008304139 0.009052088 0.011870463 0.011662756 0.03443892 0.032901388 0.012142298 0.023181528 0.016981045 0.012990732 0.022427201 0.017068097 0.01184231 0.013313479 0.009287423 0.011790816 0.0081072245 0.016329682 0.022831373 0.021102237 0.012507549 0.007820486 0.011034318 0.010136847 0.014633874 0.011513378 0.010153209 0.012957388 0.0149512775 0.013223226 0.016147587 0.012829616 0.006560682 0.012956464 0.021945873 0.010088045 0.010973162 0.02061305 0.020166468 0.014698807 0.009061178 0.018332835 0.014106843 0.017150447 0.008849105 0.018591916 0.02025744 0.007898108 0.021249002 0.012363723 0.018505426 0.019880405 0.009657751 0.016786827 0.011942097 0.004844542 0.013136234 0.02249019 0.0047432776 0.0094344495 0.03076118 0.013521165 0.022708355 0.008818381 0.010652203 0.022858988 0.012027484 0.023332532 0.023670712 0.015998097 0.022409273 0.010226794 0.01543506 0.014100786 0.005400292 0.009945083 0.008145273 0.019306423 0.021674553 0.013640206 0.008911554 0.013143415 0.0106613515 0.012394964 0.038383424 0.009180909 0.01140941 0.013682704 0.017659621 0.010983794 0.059657585 0.010255375 0.014684759 0.0132533265 0.015467625 0.012971499 0.017005168 0.015512476 0.019541435 0.025191378 0.018732907 0.012453204 0.023082603 0.013366029 0.016569354 0.023230717 0.011547062 0.009044004 0.006735305 0.01673654 0.0077942163 0.013942914 0.0065254215 0.01863604 0.011139418 0.0120044 0.01380473 0.014055397 0.011638063 0.023003217 0.016911382 0.008918002 0.008907199 0.0144527415 0.005999775 0.009167092 0.030090734 0.015653836 0.017847225 0.005790116 0.011577358 0.01128271 0.02766886 0.008971649 0.016910996 0.0071405577 0.021340571 0.012868256 0.011236738 0.014857508 0.011336541 0.014891425 0.010874277 0.0100317625 0.01803301 0.011827536 0.011282312 0.010069636 0.006811892 0.02007651 0.016416986 0.021903204 0.012754929 0.011168837 0.00812873 0.0181599 0.019362075 0.005627264 0.012091841 0.021107683 0.016786646 0.013837142 0.01315562 0.019548714 0.013364892 0.025211526 0.013504618 0.009889057 0.018349381 0.016817825 0.0067787 0.016773023 0.010923857 0.0118091535 0.013752324 0.024207884 0.027539257 0.009739462 0.015956761 0.0055485787 0.010656539 0.008932347 0.02069775 0.010083395 0.015791383 0.013897166 0.011129895 0.006154484 0.009047891 0.019376485 0.010405639 0.01091828 0.015033246 0.015128162 0.009365291 0.01528087 0.02890617 0.0071747256 0.01689404 0.015402949 0.0070782825 0.018950714 0.0087239 0.008638068 0.007965974 0.045809895 0.032992747 0.012163007 0.018842965 0.012339032 0.041384414 0.020282838 0.03169751 0.025079412 0.014648894 0.006639924 0.016539726 0.030752344 0.011353614 0.0150217 0.010454311 0.007496761 0.01636965 0.014142708 0.015415971 0.02426119 0.007073454 0.009594859 0.008507386 0.011294487 0.009417818 0.00871922 0.017775148 0.01557305 0.009917479 0.016787585 0.02117536 0.025286552 0.017996207 0.0043405704 0.0062077246 0.010435024 0.007062697 0.011070135 0.02575856 0.007637523 0.005447212 0.011410394 0.02470377 0.013531772 0.0141808605 0.008838927 0.015221427 0.017809374 0.0061622527 0.009109319 0.008536323 0.028830193 0.014940294 0.007040106 0.01598494 0.02220097 0.015413413 0.00805535 0.009982037 0.017232142 0.013327381 0.014879356 0.020137459 0.0047574444 0.017360808 0.012614011 0.030994534 0.011424151 0.009832168 0.027550334 0.014123759 0.011975343 0.015782665 0.0173393 0.020383216 0.008830314 0.008094821 0.019987633 0.009406695 0.01307965 0.013397113 0.008975722 0.016344689 0.01139894 0.0128504895 0.010137196 0.010719896 0.008901567 0.008323904 0.017776385 0.016618589 0.00903918 0.013823029 0.019018956 0.013140762 0.011400154 0.021556163 0.009690336 0.0032089713 0.009966808 0.005999867 0.01137301 0.024042813 0.012965113 0.028933376 0.0156048285 0.02753593 0.017439242 0.0199021 0.0103771165 0.015743114 0.016903682 0.010006707 0.014792601 0.012711366 0.013957757 0.0095945075 0.009357223 0.010208891 0.011970444 0.0041875397 0.013554381 0.008761228 0.012397563 0.015066329 0.018223101 0.009132402 0.015728196 0.0043321755 0.012738686 0.015664453 0.03992758 0.014739182 0.012765757 0.023465438 0.011184056 0.013315704 0.017232722 0.014087229 0.0066816993 0.033258047 0.010351367 0.018699232 0.012850976 0.012976964 0.01844246 0.009067718 0.012662238 0.006751797 0.017329622 0.02142202 0.025925182 0.010026772 0.0072284257 0.028941717 0.01768596 0.012177161 0.012098437 0.018823026 0.00901989 0.025444807 0.016167097 0.012745319 0.006212939 0.027649473 0.0149877975 0.03269271 0.010407015 0.0149877705 0.016401315 0.010912801 0.010572979 0.0099148555 0.016002351 0.017829629 0.027104583 0.015570683 0.01050273 0.013625385 0.025774024 0.0150805265 0.01578163 0.009410614 0.005577641 0.0091866 0.01279424 0.006139751 0.007796609 0.013198397 0.018885098 0.023118852 0.0119042 0.021553706 0.012385278 0.023084214 0.01064141 0.007376854 0.009606644 0.018926313 0.013100794 0.038756132 0.02441218 0.010882291 0.007299341 0.01839886 0.009613101 0.0054343157 0.027752297 0.008692799 0.00988756 0.012670376 0.010879176 0.010189998 0.00803365 0.013106132 0.018748343 0.027218292 0.022534518 0.02159932 0.007160622 0.012358423 0.02751801 0.013277388 0.011177947 0.021146487 0.0134306615 0.015542655 0.020089472 0.013920665 0.013064367 0.019148977 0.011646806 0.017809836 0.012357781 0.04149212 0.014184644 0.0077389698 0.026936095 0.010431623 0.008070507 0.01499057 0.012364242 0.013231531 0.032552414 0.013179413 0.030146876 0.0103498325 0.014390802 0.020006323 0.009291497 0.020476917 0.016055128 0.013126482 0.016064152 0.033688683 0.02788909 0.0074897525 0.011690809 0.005574128 0.011759653 0.009425206 0.015053371 0.012406581 0.025160812 0.011426046 0.012833972 0.012130517 0.013758682 0.0347778 0.021708354 0.026289824 0.010923913 0.007991842 0.01162115 0.017295256 0.014749405 0.012701848 0.012865409 0.013086418 0.01946051 0.021142194 0.0071021463 0.013782848 0.011464285 0.008618406 0.010783342 0.023008244 0.028337587 0.023465652 0.011556954 0.011802986,0.007189744 0.010422277 0.013753832 0.0082538985 0.020557819 0.013113624 0.012516217 0.014867499 0.00482196 0.022290198 0.009798269 0.021324165 0.012668811 0.0076155053 0.012555143 0.008303125 0.009050983 0.011869015 0.011661332 0.034434717 0.03289737 0.012140816 0.023178698 0.016978974 0.012989146 0.022424463 0.017066013 0.011840865 0.013311855 0.00928629 0.011789377 0.0081062345 0.016327688 0.022828586 0.021099662 0.012506022 0.0078195315 0.011032972 0.01013561 0.014632089 0.011511973 0.010151969 0.012955806 0.014949453 0.013221612 0.016145617 0.01282805 0.006559881 0.012954882 0.021943195 0.010086814 0.010971823 0.020610536 0.020164005 0.014697013 0.009060072 0.018330598 0.014105122 0.017148355 0.008848025 0.018589647 0.020254966 0.007897144 0.021246409 0.012362214 0.018503167 0.01987798 0.009656573 0.016784778 0.0119406395 0.004843951 0.01313463 0.022487447 0.0047426987 0.009433297 0.030757425 0.013519514 0.022705583 0.008817305 0.010650903 0.0228562 0.012026017 0.023329686 0.023667824 0.015996145 0.022406537 0.010225546 0.015433176 0.014099065 0.0053996327 0.00994387 0.008144278 0.019304067 0.021671908 0.013638541 0.008910466 0.01314181 0.01066005 0.012393451 0.038378738 0.009179789 0.011408018 0.013681035 0.017657466 0.010982453 0.059650302 0.010254123 0.014682966 0.01325171 0.015465737 0.012969916 0.017003093 0.015510582 0.019539049 0.025188304 0.01873062 0.012451684 0.023079785 0.013364397 0.016567333 0.023227882 0.0115456525 0.0090429 0.006734483 0.016734498 0.0077932654 0.013941213 0.0065246252 0.018633766 0.011138059 0.012002935 0.013803045 0.014053682 0.011636643 0.02300041 0.016909318 0.008916914 0.008906112 0.014450978 0.0059990427 0.0091659725 0.030087063 0.015651926 0.017845046 0.005789409 0.011575945 0.011281333 0.027665483 0.008970555 0.016908932 0.007139686 0.021337967 0.012866685 0.011235367 0.014855695 0.011335158 0.014889607 0.01087295 0.010030539 0.018030811 0.011826092 0.011280934 0.010068407 0.0068110605 0.020074058 0.016414983 0.02190053 0.012753372 0.011167474 0.008127738 0.018157683 0.019359713 0.005626577 0.012090365 0.021105107 0.016784597 0.013835453 0.013154014 0.019546328 0.013363261 0.025208449 0.01350297 0.00988785 0.01834714 0.016815772 0.006777873 0.016770976 0.010922523 0.011807712 0.013750645 0.02420493 0.027535895 0.009738273 0.015954813 0.0055479016 0.010655238 0.008931257 0.020695224 0.010082164 0.015789457 0.01389547 0.011128536 0.006153733 0.009046787 0.019374121 0.01040437 0.010916948 0.015031411 0.015126315 0.009364149 0.015279004 0.028902642 0.0071738497 0.016891979 0.015401069 0.0070774187 0.018948402 0.008722835 0.008637014 0.007965001 0.045804307 0.03298872 0.012161522 0.018840667 0.012337526 0.041379362 0.020280363 0.03169364 0.025076352 0.014647107 0.0066391136 0.01653771 0.03074859 0.011352228 0.015019867 0.010453035 0.007495846 0.016367653 0.014140981 0.01541409 0.02425823 0.0070725908 0.009593687 0.008506347 0.011293109 0.009416669 0.008718156 0.01777298 0.01557115 0.009916269 0.016785536 0.021172775 0.025283465 0.01799401 0.004340041 0.006206967 0.01043375 0.007061835 0.011068785 0.025755418 0.0076365913 0.0054465476 0.011409001 0.024700757 0.013530121 0.014179129 0.008837848 0.01521957 0.0178072 0.0061615007 0.009108208 0.008535282 0.028826674 0.014938471 0.007039247 0.015982987 0.022198262 0.015411532 0.008054367 0.009980819 0.01723004 0.013325754 0.01487754 0.020135 0.0047568637 0.017358689 0.012612471 0.030990751 0.011422757 0.0098309675 0.027546972 0.014122035 0.011973882 0.01578074 0.017337184 0.02038073 0.008829236 0.008093834 0.019985195 0.009405548 0.0130780535 0.013395479 0.008974627 0.016342694 0.01139755 0.012848921 0.010135958 0.010718589 0.00890048 0.008322888 0.017774217 0.01661656 0.009038077 0.013821341 0.019016635 0.0131391585 0.011398762 0.021553531 0.009689153 0.0032085797 0.009965592 0.0059991344 0.011371622 0.024039878 0.012963531 0.028929846 0.015602924 0.02753257 0.017437115 0.019899672 0.01037585 0.015741192 0.01690162 0.010005485 0.014790795 0.012709815 0.013956053 0.009593336 0.0093560815 0.010207645 0.011968983 0.0041870284 0.013552727 0.008760159 0.012396051 0.01506449 0.018220877 0.009131288 0.015726278 0.0043316465 0.012737131 0.01566254 0.039922707 0.0147373825 0.012764199 0.023462573 0.011182692 0.013314079 0.017230619 0.01408551 0.006680884 0.03325399 0.0103501035 0.01869695 0.012849407 0.012975381 0.018440207 0.0090666115 0.012660692 0.0067509734 0.017327506 0.021419406 0.025922019 0.010025548 0.0072275433 0.028938184 0.0176838 0.0121756755 0.01209696 0.018820727 0.009018789 0.025441702 0.016165122 0.012743764 0.0062121805 0.0276461 0.014985968 0.032688722 0.010405745 0.014985941 0.016399315 0.010911469 0.010571688 0.009913646 0.016000398 0.017827453 0.027101275 0.015568783 0.010501447 0.013623722 0.02577088 0.015078686 0.015779704 0.009409466 0.0055769603 0.009185479 0.0127926795 0.006139002 0.007795657 0.013196787 0.018882792 0.023116032 0.011902747 0.021551076 0.0123837665 0.023081396 0.010640111 0.0073759533 0.009605471 0.018924003 0.013099195 0.038751405 0.0244092 0.010880963 0.00729845 0.018396614 0.009611929 0.0054336525 0.027748909 0.008691738 0.009886354 0.012668829 0.010877849 0.010188754 0.00803267 0.013104532 0.018746054 0.027214969 0.022531766 0.021596685 0.0071597486 0.012356915 0.027514651 0.013275768 0.011176582 0.021143908 0.013429022 0.015540759 0.020087019 0.013918966 0.013062772 0.019146642 0.011645385 0.017807662 0.012356272 0.041487053 0.014182913 0.0077380254 0.026932808 0.01043035 0.008069523 0.01498874 0.0123627335 0.013229916 0.03254844 0.013177805 0.030143198 0.01034857 0.014389046 0.020003881 0.009290364 0.020474419 0.016053168 0.01312488 0.016062193 0.033684574 0.027885685 0.0074888384 0.011689383 0.005573448 0.011758218 0.009424056 0.015051534 0.012405067 0.025157742 0.01142465 0.012832406 0.012129037 0.013757003 0.034773555 0.021705704 0.026286617 0.010922579 0.007990866 0.011619732 0.017293146 0.014747605 0.012700297 0.012863839 0.0130848205 0.019458136 0.021139614 0.007101279 0.013781166 0.011462885 0.008617354 0.010782026 0.023005437 0.02833413 0.023462787 0.011555543 0.011801546,,
934,1x1x256x512,0.0071906215 0.010423549 0.013755511 0.008254905 0.020560328 0.013115224 0.012517746 0.014869314 0.0048225485 0.022292918 0.009799465 0.02132677 0.012670358 0.0076164347 0.012556676 0.008304139 0.009052088 0.011870463 0.011662756 0.03443892 0.032901388 0.012142298 0.023181528 0.016981045 0.012990732 0.022427201 0.017068097 0.01184231 0.013313479 0.009287423 0.011790816 0.0081072245 0.016329682 0.022831373 0.021102237 0.012507549 0.007820486 0.011034318 0.010136847 0.014633874 0.011513378 0.010153209 0.012957388 0.0149512775 0.013223226 0.016147587 0.012829616 0.006560682 0.012956464 0.021945873 0.010088045 0.010973162 0.02061305 0.020166468 0.014698807 0.009061178 0.018332835 0.014106843 0.017150447 0.008849105 0.018591916 0.02025744 0.007898108 0.021249002 0.012363723 0.018505426 0.019880405 0.009657751 0.016786827 0.011942097 0.004844542 0.013136234 0.02249019 0.0047432776 0.0094344495 0.03076118 0.013521165 0.022708355 0.008818381 0.010652203 0.022858988 0.012027484 0.023332532 0.023670712 0.015998097 0.022409273 0.010226794 0.01543506 0.014100786 0.005400292 0.009945083 0.008145273 0.019306423 0.021674553 0.013640206 0.008911554 0.013143415 0.0106613515 0.012394964 0.038383424 0.009180909 0.01140941 0.013682704 0.017659621 0.010983794 0.059657585 0.010255375 0.014684759 0.0132533265 0.015467625 0.012971499 0.017005168 0.015512476 0.019541435 0.025191378 0.018732907 0.012453204 0.023082603 0.013366029 0.016569354 0.023230717 0.011547062 0.009044004 0.006735305 0.01673654 0.0077942163 0.013942914 0.0065254215 0.01863604 0.011139418 0.0120044 0.01380473 0.014055397 0.011638063 0.023003217 0.016911382 0.008918002 0.008907199 0.0144527415 0.005999775 0.009167092 0.030090734 0.015653836 0.017847225 0.005790116 0.011577358 0.01128271 0.02766886 0.008971649 0.016910996 0.0071405577 0.021340571 0.012868256 0.011236738 0.014857508 0.011336541 0.014891425 0.010874277 0.0100317625 0.01803301 0.011827536 0.011282312 0.010069636 0.006811892 0.02007651 0.016416986 0.021903204 0.012754929 0.011168837 0.00812873 0.0181599 0.019362075 0.005627264 0.012091841 0.021107683 0.016786646 0.013837142 0.01315562 0.019548714 0.013364892 0.025211526 0.013504618 0.009889057 0.018349381 0.016817825 0.0067787 0.016773023 0.010923857 0.0118091535 0.013752324 0.024207884 0.027539257 0.009739462 0.015956761 0.0055485787 0.010656539 0.008932347 0.02069775 0.010083395 0.015791383 0.013897166 0.011129895 0.006154484 0.009047891 0.019376485 0.010405639 0.01091828 0.015033246 0.015128162 0.009365291 0.01528087 0.02890617 0.0071747256 0.01689404 0.015402949 0.0070782825 0.018950714 0.0087239 0.008638068 0.007965974 0.045809895 0.032992747 0.012163007 0.018842965 0.012339032 0.041384414 0.020282838 0.03169751 0.025079412 0.014648894 0.006639924 0.016539726 0.030752344 0.011353614 0.0150217 0.010454311 0.007496761 0.01636965 0.014142708 0.015415971 0.02426119 0.007073454 0.009594859 0.008507386 0.011294487 0.009417818 0.00871922 0.017775148 0.01557305 0.009917479 0.016787585 0.02117536 0.025286552 0.017996207 0.0043405704 0.0062077246 0.010435024 0.007062697 0.011070135 0.02575856 0.007637523 0.005447212 0.011410394 0.02470377 0.013531772 0.0141808605 0.008838927 0.015221427 0.017809374 0.0061622527 0.009109319 0.008536323 0.028830193 0.014940294 0.007040106 0.01598494 0.02220097 0.015413413 0.00805535 0.009982037 0.017232142 0.013327381 0.014879356 0.020137459 0.0047574444 0.017360808 0.012614011 0.030994534 0.011424151 0.009832168 0.027550334 0.014123759 0.011975343 0.015782665 0.0173393 0.020383216 0.008830314 0.008094821 0.019987633 0.009406695 0.01307965 0.013397113 0.008975722 0.016344689 0.01139894 0.0128504895 0.010137196 0.010719896 0.008901567 0.008323904 0.017776385 0.016618589 0.00903918 0.013823029 0.019018956 0.013140762 0.011400154 0.021556163 0.009690336 0.0032089713 0.009966808 0.005999867 0.01137301 0.024042813 0.012965113 0.028933376 0.0156048285 0.02753593 0.017439242 0.0199021 0.0103771165 0.015743114 0.016903682 0.010006707 0.014792601 0.012711366 0.013957757 0.0095945075 0.009357223 0.010208891 0.011970444 0.0041875397 0.013554381 0.008761228 0.012397563 0.015066329 0.018223101 0.009132402 0.015728196 0.0043321755 0.012738686 0.015664453 0.03992758 0.014739182 0.012765757 0.023465438 0.011184056 0.013315704 0.017232722 0.014087229 0.0066816993 0.033258047 0.010351367 0.018699232 0.012850976 0.012976964 0.01844246 0.009067718 0.012662238 0.006751797 0.017329622 0.02142202 0.025925182 0.010026772 0.0072284257 0.028941717 0.01768596 0.012177161 0.012098437 0.018823026 0.00901989 0.025444807 0.016167097 0.012745319 0.006212939 0.027649473 0.0149877975 0.03269271 0.010407015 0.0149877705 0.016401315 0.010912801 0.010572979 0.0099148555 0.016002351 0.017829629 0.027104583 0.015570683 0.01050273 0.013625385 0.025774024 0.0150805265 0.01578163 0.009410614 0.005577641 0.0091866 0.01279424 0.006139751 0.007796609 0.013198397 0.018885098 0.023118852 0.0119042 0.021553706 0.012385278 0.023084214 0.01064141 0.007376854 0.009606644 0.018926313 0.013100794 0.038756132 0.02441218 0.010882291 0.007299341 0.01839886 0.009613101 0.0054343157 0.027752297 0.008692799 0.00988756 0.012670376 0.010879176 0.010189998 0.00803365 0.013106132 0.018748343 0.027218292 0.022534518 0.02159932 0.007160622 0.012358423 0.02751801 0.013277388 0.011177947 0.021146487 0.0134306615 0.015542655 0.020089472 0.013920665 0.013064367 0.019148977 0.011646806 0.017809836 0.012357781 0.04149212 0.014184644 0.0077389698 0.026936095 0.010431623 0.008070507 0.01499057 0.012364242 0.013231531 0.032552414 0.013179413 0.030146876 0.0103498325 0.014390802 0.020006323 0.009291497 0.020476917 0.016055128 0.013126482 0.016064152 0.033688683 0.02788909 0.0074897525 0.011690809 0.005574128 0.011759653 0.009425206 0.015053371 0.012406581 0.025160812 0.011426046 0.012833972 0.012130517 0.013758682 0.0347778 0.021708354 0.026289824 0.010923913 0.007991842 0.01162115 0.017295256 0.014749405 0.012701848 0.012865409 0.013086418 0.01946051 0.021142194 0.0071021463 0.013782848 0.011464285 0.008618406 0.010783342 0.023008244 0.028337587 0.023465652 0.011556954 0.011802986,0.007189744 0.010422277 0.013753832 0.0082538985 0.020557819 0.013113624 0.012516217 0.014867499 0.00482196 0.022290198 0.009798269 0.021324165 0.012668811 0.0076155053 0.012555143 0.008303125 0.009050983 0.011869015 0.011661332 0.034434717 0.03289737 0.012140816 0.023178698 0.016978974 0.012989146 0.022424463 0.017066013 0.011840865 0.013311855 0.00928629 0.011789377 0.0081062345 0.016327688 0.022828586 0.021099662 0.012506022 0.0078195315 0.011032972 0.01013561 0.014632089 0.011511973 0.010151969 0.012955806 0.014949453 0.013221612 0.016145617 0.01282805 0.006559881 0.012954882 0.021943195 0.010086814 0.010971823 0.020610536 0.020164005 0.014697013 0.009060072 0.018330598 0.014105122 0.017148355 0.008848025 0.018589647 0.020254966 0.007897144 0.021246409 0.012362214 0.018503167 0.01987798 0.009656573 0.016784778 0.0119406395 0.004843951 0.01313463 0.022487447 0.0047426987 0.009433297 0.030757425 0.013519514 0.022705583 0.008817305 0.010650903 0.0228562 0.012026017 0.023329686 0.023667824 0.015996145 0.022406537 0.010225546 0.015433176 0.014099065 0.0053996327 0.00994387 0.008144278 0.019304067 0.021671908 0.013638541 0.008910466 0.01314181 0.01066005 0.012393451 0.038378738 0.009179789 0.011408018 0.013681035 0.017657466 0.010982453 0.059650302 0.010254123 0.014682966 0.01325171 0.015465737 0.012969916 0.017003093 0.015510582 0.019539049 0.025188304 0.01873062 0.012451684 0.023079785 0.013364397 0.016567333 0.023227882 0.0115456525 0.0090429 0.006734483 0.016734498 0.0077932654 0.013941213 0.0065246252 0.018633766 0.011138059 0.012002935 0.013803045 0.014053682 0.011636643 0.02300041 0.016909318 0.008916914 0.008906112 0.014450978 0.0059990427 0.0091659725 0.030087063 0.015651926 0.017845046 0.005789409 0.011575945 0.011281333 0.027665483 0.008970555 0.016908932 0.007139686 0.021337967 0.012866685 0.011235367 0.014855695 0.011335158 0.014889607 0.01087295 0.010030539 0.018030811 0.011826092 0.011280934 0.010068407 0.0068110605 0.020074058 0.016414983 0.02190053 0.012753372 0.011167474 0.008127738 0.018157683 0.019359713 0.005626577 0.012090365 0.021105107 0.016784597 0.013835453 0.013154014 0.019546328 0.013363261 0.025208449 0.01350297 0.00988785 0.01834714 0.016815772 0.006777873 0.016770976 0.010922523 0.011807712 0.013750645 0.02420493 0.027535895 0.009738273 0.015954813 0.0055479016 0.010655238 0.008931257 0.020695224 0.010082164 0.015789457 0.01389547 0.011128536 0.006153733 0.009046787 0.019374121 0.01040437 0.010916948 0.015031411 0.015126315 0.009364149 0.015279004 0.028902642 0.0071738497 0.016891979 0.015401069 0.0070774187 0.018948402 0.008722835 0.008637014 0.007965001 0.045804307 0.03298872 0.012161522 0.018840667 0.012337526 0.041379362 0.020280363 0.03169364 0.025076352 0.014647107 0.0066391136 0.01653771 0.03074859 0.011352228 0.015019867 0.010453035 0.007495846 0.016367653 0.014140981 0.01541409 0.02425823 0.0070725908 0.009593687 0.008506347 0.011293109 0.009416669 0.008718156 0.01777298 0.01557115 0.009916269 0.016785536 0.021172775 0.025283465 0.01799401 0.004340041 0.006206967 0.01043375 0.007061835 0.011068785 0.025755418 0.0076365913 0.0054465476 0.011409001 0.024700757 0.013530121 0.014179129 0.008837848 0.01521957 0.0178072 0.0061615007 0.009108208 0.008535282 0.028826674 0.014938471 0.007039247 0.015982987 0.022198262 0.015411532 0.008054367 0.009980819 0.01723004 0.013325754 0.01487754 0.020135 0.0047568637 0.017358689 0.012612471 0.030990751 0.011422757 0.0098309675 0.027546972 0.014122035 0.011973882 0.01578074 0.017337184 0.02038073 0.008829236 0.008093834 0.019985195 0.009405548 0.0130780535 0.013395479 0.008974627 0.016342694 0.01139755 0.012848921 0.010135958 0.010718589 0.00890048 0.008322888 0.017774217 0.01661656 0.009038077 0.013821341 0.019016635 0.0131391585 0.011398762 0.021553531 0.009689153 0.0032085797 0.009965592 0.0059991344 0.011371622 0.024039878 0.012963531 0.028929846 0.015602924 0.02753257 0.017437115 0.019899672 0.01037585 0.015741192 0.01690162 0.010005485 0.014790795 0.012709815 0.013956053 0.009593336 0.0093560815 0.010207645 0.011968983 0.0041870284 0.013552727 0.008760159 0.012396051 0.01506449 0.018220877 0.009131288 0.015726278 0.0043316465 0.012737131 0.01566254 0.039922707 0.0147373825 0.012764199 0.023462573 0.011182692 0.013314079 0.017230619 0.01408551 0.006680884 0.03325399 0.0103501035 0.01869695 0.012849407 0.012975381 0.018440207 0.0090666115 0.012660692 0.0067509734 0.017327506 0.021419406 0.025922019 0.010025548 0.0072275433 0.028938184 0.0176838 0.0121756755 0.01209696 0.018820727 0.009018789 0.025441702 0.016165122 0.012743764 0.0062121805 0.0276461 0.014985968 0.032688722 0.010405745 0.014985941 0.016399315 0.010911469 0.010571688 0.009913646 0.016000398 0.017827453 0.027101275 0.015568783 0.010501447 0.013623722 0.02577088 0.015078686 0.015779704 0.009409466 0.0055769603 0.009185479 0.0127926795 0.006139002 0.007795657 0.013196787 0.018882792 0.023116032 0.011902747 0.021551076 0.0123837665 0.023081396 0.010640111 0.0073759533 0.009605471 0.018924003 0.013099195 0.038751405 0.0244092 0.010880963 0.00729845 0.018396614 0.009611929 0.0054336525 0.027748909 0.008691738 0.009886354 0.012668829 0.010877849 0.010188754 0.00803267 0.013104532 0.018746054 0.027214969 0.022531766 0.021596685 0.0071597486 0.012356915 0.027514651 0.013275768 0.011176582 0.021143908 0.013429022 0.015540759 0.020087019 0.013918966 0.013062772 0.019146642 0.011645385 0.017807662 0.012356272 0.041487053 0.014182913 0.0077380254 0.026932808 0.01043035 0.008069523 0.01498874 0.0123627335 0.013229916 0.03254844 0.013177805 0.030143198 0.01034857 0.014389046 0.020003881 0.009290364 0.020474419 0.016053168 0.01312488 0.016062193 0.033684574 0.027885685 0.0074888384 0.011689383 0.005573448 0.011758218 0.009424056 0.015051534 0.012405067 0.025157742 0.01142465 0.012832406 0.012129037 0.013757003 0.034773555 0.021705704 0.026286617 0.010922579 0.007990866 0.011619732 0.017293146 0.014747605 0.012700297 0.012863839 0.0130848205 0.019458136 0.021139614 0.007101279 0.013781166 0.011462885 0.008617354 0.010782026 0.023005437 0.02833413 0.023462787 0.011555543 0.011801546,,
952,3x3x512x512,0.009069331 0.03419645 0.01678631 0.029210124 0.008848518 0.026617413 0.021646831 0.024062041 0.039590582 0.051312316 0.020702336 0.044777934 0.032081787 0.03818646 0.035874136 0.009000064 0.028919915 0.0093965065 0.008344623 0.03230899 0.019553075 0.025648745 0.020306088 0.108548336 0.011376904 0.08510871 0.014261185 0.029071445 0.018909227 0.020807149 0.032975778 0.028865812 0.03320863 0.008396532 0.045625024 0.06104711 0.08425304 0.01897853 0.04348214 0.017514529 0.052867826 0.026936922 0.036454175 0.02840153 0.024390215 0.013391807 0.021096246 0.043481037 0.07699475 0.01941102 0.049908508 0.023239888 0.053502798 0.03279885 0.02180057 0.025182236 0.02944621 0.031308133 0.011026294 0.01588565 0.00987743 0.03329119 0.011607729 0.07114255 0.07643182 0.049521565 0.012198185 0.066832684 0.011200507 0.07250133 0.08607734 0.016572692 0.031240987 0.019070921 0.014796602 0.008074868 0.033626795 0.01496868 0.00842229 0.02031464 0.029785337 0.025947088 0.027044889 0.039698 0.0817836 0.017107725 0.035723057 0.0065323296 0.019758178 0.015069021 0.046592176 0.035098374 0.04008729 0.008045467 0.017586574 0.0794142 0.036513608 0.015112257 0.11133363 0.041980658 0.013699385 0.010528029 0.049040128 0.013408107 0.040046047 0.011779748 0.01432256 0.028383743 0.017291645 0.011745677 0.02503259 0.017182892 0.025427625 0.04400681 0.039416444 0.039475556 0.049575377 0.010913758 0.03933096 0.04720256 0.040075023 0.0072930143 0.014970242 0.038930427 0.026291797 0.018712346 0.048318323 0.010224257 0.053863175 0.02225602 0.029012963 0.039797064 0.013870003 0.03026408 0.09328955 0.061667725 0.08781577 0.036359835 0.04234469 0.028149094 0.013782101 0.020424921 0.012573352 0.020412682 0.027650582 0.010004908 0.011106697 0.022220332 0.024489086 0.03172181 0.0070416313 0.046225883 0.036040056 0.045564078 0.015981708 0.018678073 0.029821867 0.016955486 0.03833815 0.046294816 0.023821931 0.02428267 0.023309246 0.018617652 0.032396138 0.0060936734 0.11300977 0.023803733 0.07181245 0.0360132 0.08741363 0.02218557 0.03139469 0.05480706 0.06445083 0.025117023 0.011267277 0.014133172 0.010791423 0.02146804 0.026505774 0.014055412 0.02615398 0.01090703 0.017486395 0.020927615 0.033161577 0.014097305 0.019483335 0.05041415 0.03633312 0.10232167 0.068439476 0.031105386 0.026090428 0.03516433 0.099828266 0.03074442 0.072328955 0.04038921 0.024591397 0.028498016 0.032722447 0.03679072 0.044193987 0.017989974 0.024169145 0.03520896 0.1208305 0.034661997 0.0400417 0.017401854 0.026366148 0.026111325 0.01370782 0.06907158 0.061195407 0.019969467 0.018418344 0.032685634 0.01737631 0.06688756 0.026006037 0.027912498 0.030990362 0.17476685 0.012700329 0.084564894 0.010770479 0.029926501 0.006703938 0.008930457 0.012875012 0.030043798 0.023491198 0.019694755 0.031137722 0.025569793 0.012523706 0.033781275 0.032653216 0.025358647 0.020314457 0.03638667 0.021879263 0.02182585 0.018278409 0.027106889 0.033561364 0.011713815 0.05852774 0.03718895 0.0733191 0.05478708 0.014049827 0.016213385 0.013232276 0.029441008 0.02772351 0.01549464 0.018413084 0.03138339 0.0066456073 0.07619882 0.04026737 0.052227072 0.03214951 0.018801868 0.027209025 0.028213494 0.06887302 0.013430873 0.010527518 0.021740586 0.029726671 0.012830834 0.013577771 0.08922024 0.02640083 0.026944667 0.07531984 0.027588734 0.019395158 0.057080943 0.014614735 0.012535831 0.01408079 0.027339399 0.011415352 0.032331575 0.020405462 0.017937984 0.054307282 0.019221213 0.055315215 0.08156095 0.14144959 0.03032501 0.042927135 0.017108181 0.011972078 0.019943165 0.06678792 0.00716605 0.027400753 0.10829016 0.015948564 0.012454205 0.0416465 0.02624706 0.0571673 0.022422818 0.006447593 0.03305714 0.021874674 0.043165363 0.023542106 0.031450648 0.024225125 0.028274287 0.023108097 0.037838515 0.07075175 0.021828433 0.032635767 0.053122066 0.033717405 0.019365583 0.047333475 0.01874339 0.05175322 0.025097223 0.014033008 0.013201195 0.016747372 0.01081326 0.027364284 0.05475137 0.016078992 0.029312622 0.091595456 0.030897083 0.019772675 0.02197638 0.025011605 0.04087528 0.022438824 0.034078483 0.029152047 0.040109176 0.035217255 0.009221306 0.010778946 0.020451589 0.014592076 0.018857365 0.027682215 0.008141932 0.023735719 0.01700553 0.10636747 0.016241573 0.009169896 0.05279361 0.02715262 0.027480789 0.08210631 0.016869016 0.01135523 0.025110263 0.029284619 0.014014637 0.014576162 0.008914293 0.01775919 0.018362096 0.04124682 0.011676367 0.012045204 0.032129895 0.03619869 0.045360554 0.027398175 0.015743291 0.012121113 0.012356503 0.012568705 0.055020813 0.009237481 0.050321184 0.0126356315 0.05641505 0.028942097 0.011826682 0.033417135 0.029873537 0.014689633 0.029413128 0.03275615 0.02093305 0.062561125 0.011278535 0.018814398 0.03583601 0.041187856 0.01951656 0.039232418 0.03250526 0.06355456 0.021379542 0.01054525 0.009142632 0.017952334 0.061081007 0.040954843 0.08994034 0.012512465 0.069335766 0.018814929 0.026030494 0.025557008 0.015532938 0.02502767 0.043851223 0.014483385 0.055180643 0.018660652 0.044240292 0.020283839 0.04823883 0.07985865 0.010632206 0.018765774 0.078258224 0.024791878 0.035854902 0.048787758 0.026052287 0.02313759 0.017185686 0.024819426 0.038470265 0.021845786 0.03819629 0.02751879 0.04934425 0.012034088 0.024295678 0.031474695 0.035597935 0.039394442 0.058547784 0.018770441 0.03408947 0.042721048 0.0035588024 0.027473653 0.014125709 0.024067527 0.042822547 0.059814498 0.02239106 0.029610716 0.02249563 0.0176374 0.022830619 0.022116242 0.024320615 0.030097572 0.017804133 0.080021456 0.0124315 0.041194014 0.037986476 0.03231161 0.0075403536 0.022911135 0.042741116 0.051597938 0.04562529 0.049156882 0.019673532 0.065756395 0.015097092 0.012333854 0.021657353 0.022074856 0.037028346 0.009446397 0.018412793 0.024529263 0.12751663 0.045144387 0.0153437685 0.031538166 0.057224676 0.01542024 0.040513538 0.013203629 0.02549302 0.026136123 0.020724354 0.06770828 0.018978177 0.030775715 0.035250124 0.042117342 0.06420784 0.00842151 0.017343208 0.02104424 0.04533134,0.009068224 0.034192275 0.016784262 0.029206559 0.008847439 0.026614165 0.021644188 0.024059106 0.03958575 0.051306054 0.020699808 0.04477247 0.03207787 0.0381818 0.03586976 0.008998965 0.028916385 0.009395359 0.008343604 0.032305043 0.019550689 0.025645616 0.020303609 0.10853509 0.011375516 0.085098326 0.014259445 0.029067896 0.01890692 0.020804608 0.03297175 0.028862288 0.033204578 0.008395507 0.045619458 0.06103966 0.08424276 0.018976213 0.04347683 0.017512392 0.052861374 0.026933635 0.036449727 0.028398063 0.024387239 0.013390172 0.021093672 0.04347573 0.07698535 0.01940865 0.049902417 0.023237053 0.053496268 0.032794844 0.021797908 0.025179163 0.029442616 0.031304315 0.011024948 0.01588371 0.009876224 0.03328713 0.011606312 0.07113386 0.07642249 0.04951552 0.012196695 0.06682453 0.011199141 0.07249249 0.086066835 0.016570669 0.031237174 0.019068595 0.014794796 0.008073882 0.033622693 0.014966853 0.008421263 0.02031216 0.029781703 0.025943922 0.027041588 0.039693158 0.081773624 0.017105637 0.035718694 0.0065315324 0.019755768 0.0150671825 0.046586487 0.03509409 0.040082395 0.008044484 0.017584426 0.0794045 0.036509153 0.015110412 0.11132005 0.04197553 0.013697714 0.010526745 0.049034145 0.01340647 0.04004116 0.011778311 0.014320812 0.02838028 0.017289534 0.011744244 0.025029534 0.017180795 0.025424521 0.04400144 0.03941163 0.03947074 0.049569327 0.010912426 0.039326157 0.047196798 0.04007013 0.007292124 0.014968416 0.038925674 0.02628859 0.018710062 0.048312426 0.010223009 0.053856604 0.022253305 0.029009422 0.039792206 0.0138683105 0.030260386 0.09327816 0.0616602 0.08780505 0.0363554 0.042339522 0.028145658 0.013780419 0.020422429 0.012571818 0.02041019 0.027647208 0.010003687 0.011105341 0.02221762 0.024486098 0.03171794 0.0070407717 0.04622024 0.03603566 0.04555852 0.015979758 0.018675793 0.029818228 0.016953416 0.038333472 0.04628917 0.023819024 0.024279706 0.023306401 0.01861538 0.03239218 0.0060929297 0.11299598 0.02380083 0.07180368 0.036008805 0.08740296 0.022182863 0.031390857 0.05480037 0.06444297 0.025113959 0.011265902 0.014131447 0.010790106 0.02146542 0.02650254 0.014053697 0.02615079 0.010905698 0.017484263 0.020925062 0.033157527 0.014095584 0.019480959 0.050408 0.036328685 0.10230918 0.068431124 0.03110159 0.026087243 0.03516004 0.081102856 0.030740667 0.07232013 0.04038428 0.024588397 0.028494539 0.032718454 0.03678623 0.044188593 0.01798778 0.024166197 0.03520466 0.120815754 0.03465777 0.040036812 0.01739973 0.026362931 0.026108138 0.013706147 0.06906315 0.061187938 0.019967029 0.018416096 0.032681644 0.017374188 0.0668794 0.026002863 0.02790909 0.03098658 0.12560435 0.012698778 0.047566466 0.010769164 0.029922849 0.0067031197 0.008929367 0.012873441 0.03004013 0.023488332 0.01969235 0.031133922 0.025566671 0.012522178 0.033777155 0.032649234 0.025355551 0.020311978 0.036382228 0.021876594 0.021823186 0.01827618 0.02710358 0.033557266 0.011712385 0.058520596 0.03718441 0.07331015 0.054780394 0.014048113 0.016211405 0.013230661 0.029437415 0.027720125 0.0154927485 0.018410835 0.031379562 0.0066447966 0.07618952 0.040262457 0.0522207 0.032145586 0.018799573 0.027205706 0.028210051 0.068864614 0.013429234 0.010526233 0.021737931 0.029723044 0.012829267 0.013576115 0.08920935 0.026397608 0.026941378 0.075310655 0.027585369 0.01939279 0.057073977 0.014612951 0.012534302 0.014079072 0.027336061 0.011413959 0.03232763 0.020402972 0.017935794 0.054300655 0.019218866 0.055308465 0.08155099 0.14143232 0.03032131 0.042921893 0.017106093 0.011970617 0.019940732 0.06677977 0.0071651754 0.027397407 0.10827694 0.015946617 0.012452685 0.041641414 0.026243858 0.05716032 0.022420082 0.0064468062 0.033053104 0.021872004 0.043160096 0.023539232 0.031446807 0.02422217 0.028270837 0.023105277 0.0378339 0.050849043 0.02182577 0.032631785 0.05311558 0.033713292 0.019363219 0.0473277 0.018741103 0.0517469 0.025094159 0.014031296 0.013199584 0.016745327 0.010811941 0.027360944 0.05474469 0.016077029 0.029309046 0.09158427 0.03089331 0.019770263 0.021973697 0.025008552 0.04087029 0.022436086 0.03407432 0.02914849 0.04010428 0.03521296 0.00922018 0.01077763 0.020449093 0.014590295 0.018855065 0.027678838 0.008140938 0.023732822 0.017003454 0.10635448 0.016239591 0.009168778 0.05278717 0.027149307 0.027477436 0.082096286 0.016866956 0.011353844 0.0251072 0.029281046 0.014012926 0.014574383 0.008913205 0.017757025 0.018359855 0.041241787 0.011674942 0.012043733 0.032125976 0.036194272 0.04535502 0.027394831 0.01574137 0.012119633 0.012354995 0.012567171 0.03610531 0.009236353 0.050315045 0.012634089 0.056408167 0.028938564 0.011825238 0.03341306 0.02986989 0.01468784 0.029409539 0.032752153 0.020930497 0.04887158 0.011277159 0.018812103 0.035831638 0.041182827 0.019514179 0.039227627 0.03250129 0.06354681 0.021376932 0.010543963 0.009141516 0.017950144 0.061073553 0.040949848 0.089929365 0.012510939 0.06932731 0.018812632 0.026027318 0.025553888 0.015531042 0.025024615 0.043845873 0.014481617 0.05517391 0.018658375 0.04423489 0.020281363 0.04823294 0.07984891 0.010630908 0.018763484 0.07824867 0.02478885 0.03585053 0.0487818 0.026049107 0.023134766 0.017183589 0.024816398 0.038465567 0.021843119 0.038191628 0.027515432 0.04933823 0.01203262 0.024292713 0.031470854 0.03559359 0.039389636 0.05854064 0.01876815 0.034085307 0.042715836 0.003558368 0.0274703 0.014123986 0.02406459 0.04281732 0.0598072 0.022388328 0.029607102 0.022492884 0.017635249 0.022827832 0.022113543 0.024317646 0.030093899 0.01780196 0.08001169 0.012429982 0.04118899 0.037981838 0.03230767 0.0075394334 0.02290834 0.0427359 0.05159164 0.045619726 0.04915088 0.01967113 0.06574837 0.015095249 0.012332349 0.02165471 0.02207216 0.037023827 0.009445244 0.018410545 0.02452627 0.12750106 0.045138877 0.015341897 0.031534318 0.057217695 0.015418359 0.040508594 0.013202018 0.025489908 0.026132932 0.020721825 0.06770002 0.01897586 0.030771958 0.03524582 0.0421122 0.06420001 0.008420483 0.01734109 0.02104167 0.04532581,,
956,3x3x512x512,0.009069331 0.03419645 0.01678631 0.029210124 0.008848518 0.026617413 0.021646831 0.024062041 0.039590582 0.051312316 0.020702336 0.044777934 0.032081787 0.03818646 0.035874136 0.009000064 0.028919915 0.0093965065 0.008344623 0.03230899 0.019553075 0.025648745 0.020306088 0.108548336 0.011376904 0.08510871 0.014261185 0.029071445 0.018909227 0.020807149 0.032975778 0.028865812 0.03320863 0.008396532 0.045625024 0.06104711 0.08425304 0.01897853 0.04348214 0.017514529 0.052867826 0.026936922 0.036454175 0.02840153 0.024390215 0.013391807 0.021096246 0.043481037 0.07699475 0.01941102 0.049908508 0.023239888 0.053502798 0.03279885 0.02180057 0.025182236 0.02944621 0.031308133 0.011026294 0.01588565 0.00987743 0.03329119 0.011607729 0.07114255 0.07643182 0.049521565 0.012198185 0.066832684 0.011200507 0.07250133 0.08607734 0.016572692 0.031240987 0.019070921 0.014796602 0.008074868 0.033626795 0.01496868 0.00842229 0.02031464 0.029785337 0.025947088 0.027044889 0.039698 0.0817836 0.017107725 0.035723057 0.0065323296 0.019758178 0.015069021 0.046592176 0.035098374 0.04008729 0.008045467 0.017586574 0.0794142 0.036513608 0.015112257 0.11133363 0.041980658 0.013699385 0.010528029 0.049040128 0.013408107 0.040046047 0.011779748 0.01432256 0.028383743 0.017291645 0.011745677 0.02503259 0.017182892 0.025427625 0.04400681 0.039416444 0.039475556 0.049575377 0.010913758 0.03933096 0.04720256 0.040075023 0.0072930143 0.014970242 0.038930427 0.026291797 0.018712346 0.048318323 0.010224257 0.053863175 0.02225602 0.029012963 0.039797064 0.013870003 0.03026408 0.09328955 0.061667725 0.08781577 0.036359835 0.04234469 0.028149094 0.013782101 0.020424921 0.012573352 0.020412682 0.027650582 0.010004908 0.011106697 0.022220332 0.024489086 0.03172181 0.0070416313 0.046225883 0.036040056 0.045564078 0.015981708 0.018678073 0.029821867 0.016955486 0.03833815 0.046294816 0.023821931 0.02428267 0.023309246 0.018617652 0.032396138 0.0060936734 0.11300977 0.023803733 0.07181245 0.0360132 0.08741363 0.02218557 0.03139469 0.05480706 0.06445083 0.025117023 0.011267277 0.014133172 0.010791423 0.02146804 0.026505774 0.014055412 0.02615398 0.01090703 0.017486395 0.020927615 0.033161577 0.014097305 0.019483335 0.05041415 0.03633312 0.10232167 0.068439476 0.031105386 0.026090428 0.03516433 0.099828266 0.03074442 0.072328955 0.04038921 0.024591397 0.028498016 0.032722447 0.03679072 0.044193987 0.017989974 0.024169145 0.03520896 0.1208305 0.034661997 0.0400417 0.017401854 0.026366148 0.026111325 0.01370782 0.06907158 0.061195407 0.019969467 0.018418344 0.032685634 0.01737631 0.06688756 0.026006037 0.027912498 0.030990362 0.17476685 0.012700329 0.084564894 0.010770479 0.029926501 0.006703938 0.008930457 0.012875012 0.030043798 0.023491198 0.019694755 0.031137722 0.025569793 0.012523706 0.033781275 0.032653216 0.025358647 0.020314457 0.03638667 0.021879263 0.02182585 0.018278409 0.027106889 0.033561364 0.011713815 0.05852774 0.03718895 0.0733191 0.05478708 0.014049827 0.016213385 0.013232276 0.029441008 0.02772351 0.01549464 0.018413084 0.03138339 0.0066456073 0.07619882 0.04026737 0.052227072 0.03214951 0.018801868 0.027209025 0.028213494 0.06887302 0.013430873 0.010527518 0.021740586 0.029726671 0.012830834 0.013577771 0.08922024 0.02640083 0.026944667 0.07531984 0.027588734 0.019395158 0.057080943 0.014614735 0.012535831 0.01408079 0.027339399 0.011415352 0.032331575 0.020405462 0.017937984 0.054307282 0.019221213 0.055315215 0.08156095 0.14144959 0.03032501 0.042927135 0.017108181 0.011972078 0.019943165 0.06678792 0.00716605 0.027400753 0.10829016 0.015948564 0.012454205 0.0416465 0.02624706 0.0571673 0.022422818 0.006447593 0.03305714 0.021874674 0.043165363 0.023542106 0.031450648 0.024225125 0.028274287 0.023108097 0.037838515 0.07075175 0.021828433 0.032635767 0.053122066 0.033717405 0.019365583 0.047333475 0.01874339 0.05175322 0.025097223 0.014033008 0.013201195 0.016747372 0.01081326 0.027364284 0.05475137 0.016078992 0.029312622 0.091595456 0.030897083 0.019772675 0.02197638 0.025011605 0.04087528 0.022438824 0.034078483 0.029152047 0.040109176 0.035217255 0.009221306 0.010778946 0.020451589 0.014592076 0.018857365 0.027682215 0.008141932 0.023735719 0.01700553 0.10636747 0.016241573 0.009169896 0.05279361 0.02715262 0.027480789 0.08210631 0.016869016 0.01135523 0.025110263 0.029284619 0.014014637 0.014576162 0.008914293 0.01775919 0.018362096 0.04124682 0.011676367 0.012045204 0.032129895 0.03619869 0.045360554 0.027398175 0.015743291 0.012121113 0.012356503 0.012568705 0.055020813 0.009237481 0.050321184 0.0126356315 0.05641505 0.028942097 0.011826682 0.033417135 0.029873537 0.014689633 0.029413128 0.03275615 0.02093305 0.062561125 0.011278535 0.018814398 0.03583601 0.041187856 0.01951656 0.039232418 0.03250526 0.06355456 0.021379542 0.01054525 0.009142632 0.017952334 0.061081007 0.040954843 0.08994034 0.012512465 0.069335766 0.018814929 0.026030494 0.025557008 0.015532938 0.02502767 0.043851223 0.014483385 0.055180643 0.018660652 0.044240292 0.020283839 0.04823883 0.07985865 0.010632206 0.018765774 0.078258224 0.024791878 0.035854902 0.048787758 0.026052287 0.02313759 0.017185686 0.024819426 0.038470265 0.021845786 0.03819629 0.02751879 0.04934425 0.012034088 0.024295678 0.031474695 0.035597935 0.039394442 0.058547784 0.018770441 0.03408947 0.042721048 0.0035588024 0.027473653 0.014125709 0.024067527 0.042822547 0.059814498 0.02239106 0.029610716 0.02249563 0.0176374 0.022830619 0.022116242 0.024320615 0.030097572 0.017804133 0.080021456 0.0124315 0.041194014 0.037986476 0.03231161 0.0075403536 0.022911135 0.042741116 0.051597938 0.04562529 0.049156882 0.019673532 0.065756395 0.015097092 0.012333854 0.021657353 0.022074856 0.037028346 0.009446397 0.018412793 0.024529263 0.12751663 0.045144387 0.0153437685 0.031538166 0.057224676 0.01542024 0.040513538 0.013203629 0.02549302 0.026136123 0.020724354 0.06770828 0.018978177 0.030775715 0.035250124 0.042117342 0.06420784 0.00842151 0.017343208 0.02104424 0.04533134,0.009068224 0.034192275 0.016784262 0.029206559 0.008847439 0.026614165 0.021644188 0.024059106 0.03958575 0.051306054 0.020699808 0.04477247 0.03207787 0.0381818 0.03586976 0.008998965 0.028916385 0.009395359 0.008343604 0.032305043 0.019550689 0.025645616 0.020303609 0.10853509 0.011375516 0.085098326 0.014259445 0.029067896 0.01890692 0.020804608 0.03297175 0.028862288 0.033204578 0.008395507 0.045619458 0.06103966 0.08424276 0.018976213 0.04347683 0.017512392 0.052861374 0.026933635 0.036449727 0.028398063 0.024387239 0.013390172 0.021093672 0.04347573 0.07698535 0.01940865 0.049902417 0.023237053 0.053496268 0.032794844 0.021797908 0.025179163 0.029442616 0.031304315 0.011024948 0.01588371 0.009876224 0.03328713 0.011606312 0.07113386 0.07642249 0.04951552 0.012196695 0.06682453 0.011199141 0.07249249 0.086066835 0.016570669 0.031237174 0.019068595 0.014794796 0.008073882 0.033622693 0.014966853 0.008421263 0.02031216 0.029781703 0.025943922 0.027041588 0.039693158 0.081773624 0.017105637 0.035718694 0.0065315324 0.019755768 0.0150671825 0.046586487 0.03509409 0.040082395 0.008044484 0.017584426 0.0794045 0.036509153 0.015110412 0.11132005 0.04197553 0.013697714 0.010526745 0.049034145 0.01340647 0.04004116 0.011778311 0.014320812 0.02838028 0.017289534 0.011744244 0.025029534 0.017180795 0.025424521 0.04400144 0.03941163 0.03947074 0.049569327 0.010912426 0.039326157 0.047196798 0.04007013 0.007292124 0.014968416 0.038925674 0.02628859 0.018710062 0.048312426 0.010223009 0.053856604 0.022253305 0.029009422 0.039792206 0.0138683105 0.030260386 0.09327816 0.0616602 0.08780505 0.0363554 0.042339522 0.028145658 0.013780419 0.020422429 0.012571818 0.02041019 0.027647208 0.010003687 0.011105341 0.02221762 0.024486098 0.03171794 0.0070407717 0.04622024 0.03603566 0.04555852 0.015979758 0.018675793 0.029818228 0.016953416 0.038333472 0.04628917 0.023819024 0.024279706 0.023306401 0.01861538 0.03239218 0.0060929297 0.11299598 0.02380083 0.07180368 0.036008805 0.08740296 0.022182863 0.031390857 0.05480037 0.06444297 0.025113959 0.011265902 0.014131447 0.010790106 0.02146542 0.02650254 0.014053697 0.02615079 0.010905698 0.017484263 0.020925062 0.033157527 0.014095584 0.019480959 0.050408 0.036328685 0.10230918 0.068431124 0.03110159 0.026087243 0.03516004 0.081102856 0.030740667 0.07232013 0.04038428 0.024588397 0.028494539 0.032718454 0.03678623 0.044188593 0.01798778 0.024166197 0.03520466 0.120815754 0.03465777 0.040036812 0.01739973 0.026362931 0.026108138 0.013706147 0.06906315 0.061187938 0.019967029 0.018416096 0.032681644 0.017374188 0.0668794 0.026002863 0.02790909 0.03098658 0.12560435 0.012698778 0.047566466 0.010769164 0.029922849 0.0067031197 0.008929367 0.012873441 0.03004013 0.023488332 0.01969235 0.031133922 0.025566671 0.012522178 0.033777155 0.032649234 0.025355551 0.020311978 0.036382228 0.021876594 0.021823186 0.01827618 0.02710358 0.033557266 0.011712385 0.058520596 0.03718441 0.07331015 0.054780394 0.014048113 0.016211405 0.013230661 0.029437415 0.027720125 0.0154927485 0.018410835 0.031379562 0.0066447966 0.07618952 0.040262457 0.0522207 0.032145586 0.018799573 0.027205706 0.028210051 0.068864614 0.013429234 0.010526233 0.021737931 0.029723044 0.012829267 0.013576115 0.08920935 0.026397608 0.026941378 0.075310655 0.027585369 0.01939279 0.057073977 0.014612951 0.012534302 0.014079072 0.027336061 0.011413959 0.03232763 0.020402972 0.017935794 0.054300655 0.019218866 0.055308465 0.08155099 0.14143232 0.03032131 0.042921893 0.017106093 0.011970617 0.019940732 0.06677977 0.0071651754 0.027397407 0.10827694 0.015946617 0.012452685 0.041641414 0.026243858 0.05716032 0.022420082 0.0064468062 0.033053104 0.021872004 0.043160096 0.023539232 0.031446807 0.02422217 0.028270837 0.023105277 0.0378339 0.050849043 0.02182577 0.032631785 0.05311558 0.033713292 0.019363219 0.0473277 0.018741103 0.0517469 0.025094159 0.014031296 0.013199584 0.016745327 0.010811941 0.027360944 0.05474469 0.016077029 0.029309046 0.09158427 0.03089331 0.019770263 0.021973697 0.025008552 0.04087029 0.022436086 0.03407432 0.02914849 0.04010428 0.03521296 0.00922018 0.01077763 0.020449093 0.014590295 0.018855065 0.027678838 0.008140938 0.023732822 0.017003454 0.10635448 0.016239591 0.009168778 0.05278717 0.027149307 0.027477436 0.082096286 0.016866956 0.011353844 0.0251072 0.029281046 0.014012926 0.014574383 0.008913205 0.017757025 0.018359855 0.041241787 0.011674942 0.012043733 0.032125976 0.036194272 0.04535502 0.027394831 0.01574137 0.012119633 0.012354995 0.012567171 0.03610531 0.009236353 0.050315045 0.012634089 0.056408167 0.028938564 0.011825238 0.03341306 0.02986989 0.01468784 0.029409539 0.032752153 0.020930497 0.04887158 0.011277159 0.018812103 0.035831638 0.041182827 0.019514179 0.039227627 0.03250129 0.06354681 0.021376932 0.010543963 0.009141516 0.017950144 0.061073553 0.040949848 0.089929365 0.012510939 0.06932731 0.018812632 0.026027318 0.025553888 0.015531042 0.025024615 0.043845873 0.014481617 0.05517391 0.018658375 0.04423489 0.020281363 0.04823294 0.07984891 0.010630908 0.018763484 0.07824867 0.02478885 0.03585053 0.0487818 0.026049107 0.023134766 0.017183589 0.024816398 0.038465567 0.021843119 0.038191628 0.027515432 0.04933823 0.01203262 0.024292713 0.031470854 0.03559359 0.039389636 0.05854064 0.01876815 0.034085307 0.042715836 0.003558368 0.0274703 0.014123986 0.02406459 0.04281732 0.0598072 0.022388328 0.029607102 0.022492884 0.017635249 0.022827832 0.022113543 0.024317646 0.030093899 0.01780196 0.08001169 0.012429982 0.04118899 0.037981838 0.03230767 0.0075394334 0.02290834 0.0427359 0.05159164 0.045619726 0.04915088 0.01967113 0.06574837 0.015095249 0.012332349 0.02165471 0.02207216 0.037023827 0.009445244 0.018410545 0.02452627 0.12750106 0.045138877 0.015341897 0.031534318 0.057217695 0.015418359 0.040508594 0.013202018 0.025489908 0.026132932 0.020721825 0.06770002 0.01897586 0.030771958 0.03524582 0.0421122 0.06420001 0.008420483 0.01734109 0.02104167 0.04532581,,
960,3x3x512x512,0.009069331 0.03419645 0.01678631 0.029210124 0.008848518 0.026617413 0.021646831 0.024062041 0.039590582 0.051312316 0.020702336 0.044777934 0.032081787 0.03818646 0.035874136 0.009000064 0.028919915 0.0093965065 0.008344623 0.03230899 0.019553075 0.025648745 0.020306088 0.108548336 0.011376904 0.08510871 0.014261185 0.029071445 0.018909227 0.020807149 0.032975778 0.028865812 0.03320863 0.008396532 0.045625024 0.06104711 0.08425304 0.01897853 0.04348214 0.017514529 0.052867826 0.026936922 0.036454175 0.02840153 0.024390215 0.013391807 0.021096246 0.043481037 0.07699475 0.01941102 0.049908508 0.023239888 0.053502798 0.03279885 0.02180057 0.025182236 0.02944621 0.031308133 0.011026294 0.01588565 0.00987743 0.03329119 0.011607729 0.07114255 0.07643182 0.049521565 0.012198185 0.066832684 0.011200507 0.07250133 0.08607734 0.016572692 0.031240987 0.019070921 0.014796602 0.008074868 0.033626795 0.01496868 0.00842229 0.02031464 0.029785337 0.025947088 0.027044889 0.039698 0.0817836 0.017107725 0.035723057 0.0065323296 0.019758178 0.015069021 0.046592176 0.035098374 0.04008729 0.008045467 0.017586574 0.0794142 0.036513608 0.015112257 0.11133363 0.041980658 0.013699385 0.010528029 0.049040128 0.013408107 0.040046047 0.011779748 0.01432256 0.028383743 0.017291645 0.011745677 0.02503259 0.017182892 0.025427625 0.04400681 0.039416444 0.039475556 0.049575377 0.010913758 0.03933096 0.04720256 0.040075023 0.0072930143 0.014970242 0.038930427 0.026291797 0.018712346 0.048318323 0.010224257 0.053863175 0.02225602 0.029012963 0.039797064 0.013870003 0.03026408 0.09328955 0.061667725 0.08781577 0.036359835 0.04234469 0.028149094 0.013782101 0.020424921 0.012573352 0.020412682 0.027650582 0.010004908 0.011106697 0.022220332 0.024489086 0.03172181 0.0070416313 0.046225883 0.036040056 0.045564078 0.015981708 0.018678073 0.029821867 0.016955486 0.03833815 0.046294816 0.023821931 0.02428267 0.023309246 0.018617652 0.032396138 0.0060936734 0.11300977 0.023803733 0.07181245 0.0360132 0.08741363 0.02218557 0.03139469 0.05480706 0.06445083 0.025117023 0.011267277 0.014133172 0.010791423 0.02146804 0.026505774 0.014055412 0.02615398 0.01090703 0.017486395 0.020927615 0.033161577 0.014097305 0.019483335 0.05041415 0.03633312 0.10232167 0.068439476 0.031105386 0.026090428 0.03516433 0.099828266 0.03074442 0.072328955 0.04038921 0.024591397 0.028498016 0.032722447 0.03679072 0.044193987 0.017989974 0.024169145 0.03520896 0.1208305 0.034661997 0.0400417 0.017401854 0.026366148 0.026111325 0.01370782 0.06907158 0.061195407 0.019969467 0.018418344 0.032685634 0.01737631 0.06688756 0.026006037 0.027912498 0.030990362 0.17476685 0.012700329 0.084564894 0.010770479 0.029926501 0.006703938 0.008930457 0.012875012 0.030043798 0.023491198 0.019694755 0.031137722 0.025569793 0.012523706 0.033781275 0.032653216 0.025358647 0.020314457 0.03638667 0.021879263 0.02182585 0.018278409 0.027106889 0.033561364 0.011713815 0.05852774 0.03718895 0.0733191 0.05478708 0.014049827 0.016213385 0.013232276 0.029441008 0.02772351 0.01549464 0.018413084 0.03138339 0.0066456073 0.07619882 0.04026737 0.052227072 0.03214951 0.018801868 0.027209025 0.028213494 0.06887302 0.013430873 0.010527518 0.021740586 0.029726671 0.012830834 0.013577771 0.08922024 0.02640083 0.026944667 0.07531984 0.027588734 0.019395158 0.057080943 0.014614735 0.012535831 0.01408079 0.027339399 0.011415352 0.032331575 0.020405462 0.017937984 0.054307282 0.019221213 0.055315215 0.08156095 0.14144959 0.03032501 0.042927135 0.017108181 0.011972078 0.019943165 0.06678792 0.00716605 0.027400753 0.10829016 0.015948564 0.012454205 0.0416465 0.02624706 0.0571673 0.022422818 0.006447593 0.03305714 0.021874674 0.043165363 0.023542106 0.031450648 0.024225125 0.028274287 0.023108097 0.037838515 0.07075175 0.021828433 0.032635767 0.053122066 0.033717405 0.019365583 0.047333475 0.01874339 0.05175322 0.025097223 0.014033008 0.013201195 0.016747372 0.01081326 0.027364284 0.05475137 0.016078992 0.029312622 0.091595456 0.030897083 0.019772675 0.02197638 0.025011605 0.04087528 0.022438824 0.034078483 0.029152047 0.040109176 0.035217255 0.009221306 0.010778946 0.020451589 0.014592076 0.018857365 0.027682215 0.008141932 0.023735719 0.01700553 0.10636747 0.016241573 0.009169896 0.05279361 0.02715262 0.027480789 0.08210631 0.016869016 0.01135523 0.025110263 0.029284619 0.014014637 0.014576162 0.008914293 0.01775919 0.018362096 0.04124682 0.011676367 0.012045204 0.032129895 0.03619869 0.045360554 0.027398175 0.015743291 0.012121113 0.012356503 0.012568705 0.055020813 0.009237481 0.050321184 0.0126356315 0.05641505 0.028942097 0.011826682 0.033417135 0.029873537 0.014689633 0.029413128 0.03275615 0.02093305 0.062561125 0.011278535 0.018814398 0.03583601 0.041187856 0.01951656 0.039232418 0.03250526 0.06355456 0.021379542 0.01054525 0.009142632 0.017952334 0.061081007 0.040954843 0.08994034 0.012512465 0.069335766 0.018814929 0.026030494 0.025557008 0.015532938 0.02502767 0.043851223 0.014483385 0.055180643 0.018660652 0.044240292 0.020283839 0.04823883 0.07985865 0.010632206 0.018765774 0.078258224 0.024791878 0.035854902 0.048787758 0.026052287 0.02313759 0.017185686 0.024819426 0.038470265 0.021845786 0.03819629 0.02751879 0.04934425 0.012034088 0.024295678 0.031474695 0.035597935 0.039394442 0.058547784 0.018770441 0.03408947 0.042721048 0.0035588024 0.027473653 0.014125709 0.024067527 0.042822547 0.059814498 0.02239106 0.029610716 0.02249563 0.0176374 0.022830619 0.022116242 0.024320615 0.030097572 0.017804133 0.080021456 0.0124315 0.041194014 0.037986476 0.03231161 0.0075403536 0.022911135 0.042741116 0.051597938 0.04562529 0.049156882 0.019673532 0.065756395 0.015097092 0.012333854 0.021657353 0.022074856 0.037028346 0.009446397 0.018412793 0.024529263 0.12751663 0.045144387 0.0153437685 0.031538166 0.057224676 0.01542024 0.040513538 0.013203629 0.02549302 0.026136123 0.020724354 0.06770828 0.018978177 0.030775715 0.035250124 0.042117342 0.06420784 0.00842151 0.017343208 0.02104424 0.04533134,0.009068224 0.034192275 0.016784262 0.029206559 0.008847439 0.026614165 0.021644188 0.024059106 0.03958575 0.051306054 0.020699808 0.04477247 0.03207787 0.0381818 0.03586976 0.008998965 0.028916385 0.009395359 0.008343604 0.032305043 0.019550689 0.025645616 0.020303609 0.10853509 0.011375516 0.085098326 0.014259445 0.029067896 0.01890692 0.020804608 0.03297175 0.028862288 0.033204578 0.008395507 0.045619458 0.06103966 0.08424276 0.018976213 0.04347683 0.017512392 0.052861374 0.026933635 0.036449727 0.028398063 0.024387239 0.013390172 0.021093672 0.04347573 0.07698535 0.01940865 0.049902417 0.023237053 0.053496268 0.032794844 0.021797908 0.025179163 0.029442616 0.031304315 0.011024948 0.01588371 0.009876224 0.03328713 0.011606312 0.07113386 0.07642249 0.04951552 0.012196695 0.06682453 0.011199141 0.07249249 0.086066835 0.016570669 0.031237174 0.019068595 0.014794796 0.008073882 0.033622693 0.014966853 0.008421263 0.02031216 0.029781703 0.025943922 0.027041588 0.039693158 0.081773624 0.017105637 0.035718694 0.0065315324 0.019755768 0.0150671825 0.046586487 0.03509409 0.040082395 0.008044484 0.017584426 0.0794045 0.036509153 0.015110412 0.11132005 0.04197553 0.013697714 0.010526745 0.049034145 0.01340647 0.04004116 0.011778311 0.014320812 0.02838028 0.017289534 0.011744244 0.025029534 0.017180795 0.025424521 0.04400144 0.03941163 0.03947074 0.049569327 0.010912426 0.039326157 0.047196798 0.04007013 0.007292124 0.014968416 0.038925674 0.02628859 0.018710062 0.048312426 0.010223009 0.053856604 0.022253305 0.029009422 0.039792206 0.0138683105 0.030260386 0.09327816 0.0616602 0.08780505 0.0363554 0.042339522 0.028145658 0.013780419 0.020422429 0.012571818 0.02041019 0.027647208 0.010003687 0.011105341 0.02221762 0.024486098 0.03171794 0.0070407717 0.04622024 0.03603566 0.04555852 0.015979758 0.018675793 0.029818228 0.016953416 0.038333472 0.04628917 0.023819024 0.024279706 0.023306401 0.01861538 0.03239218 0.0060929297 0.11299598 0.02380083 0.07180368 0.036008805 0.08740296 0.022182863 0.031390857 0.05480037 0.06444297 0.025113959 0.011265902 0.014131447 0.010790106 0.02146542 0.02650254 0.014053697 0.02615079 0.010905698 0.017484263 0.020925062 0.033157527 0.014095584 0.019480959 0.050408 0.036328685 0.10230918 0.068431124 0.03110159 0.026087243 0.03516004 0.081102856 0.030740667 0.07232013 0.04038428 0.024588397 0.028494539 0.032718454 0.03678623 0.044188593 0.01798778 0.024166197 0.03520466 0.120815754 0.03465777 0.040036812 0.01739973 0.026362931 0.026108138 0.013706147 0.06906315 0.061187938 0.019967029 0.018416096 0.032681644 0.017374188 0.0668794 0.026002863 0.02790909 0.03098658 0.12560435 0.012698778 0.047566466 0.010769164 0.029922849 0.0067031197 0.008929367 0.012873441 0.03004013 0.023488332 0.01969235 0.031133922 0.025566671 0.012522178 0.033777155 0.032649234 0.025355551 0.020311978 0.036382228 0.021876594 0.021823186 0.01827618 0.02710358 0.033557266 0.011712385 0.058520596 0.03718441 0.07331015 0.054780394 0.014048113 0.016211405 0.013230661 0.029437415 0.027720125 0.0154927485 0.018410835 0.031379562 0.0066447966 0.07618952 0.040262457 0.0522207 0.032145586 0.018799573 0.027205706 0.028210051 0.068864614 0.013429234 0.010526233 0.021737931 0.029723044 0.012829267 0.013576115 0.08920935 0.026397608 0.026941378 0.075310655 0.027585369 0.01939279 0.057073977 0.014612951 0.012534302 0.014079072 0.027336061 0.011413959 0.03232763 0.020402972 0.017935794 0.054300655 0.019218866 0.055308465 0.08155099 0.14143232 0.03032131 0.042921893 0.017106093 0.011970617 0.019940732 0.06677977 0.0071651754 0.027397407 0.10827694 0.015946617 0.012452685 0.041641414 0.026243858 0.05716032 0.022420082 0.0064468062 0.033053104 0.021872004 0.043160096 0.023539232 0.031446807 0.02422217 0.028270837 0.023105277 0.0378339 0.050849043 0.02182577 0.032631785 0.05311558 0.033713292 0.019363219 0.0473277 0.018741103 0.0517469 0.025094159 0.014031296 0.013199584 0.016745327 0.010811941 0.027360944 0.05474469 0.016077029 0.029309046 0.09158427 0.03089331 0.019770263 0.021973697 0.025008552 0.04087029 0.022436086 0.03407432 0.02914849 0.04010428 0.03521296 0.00922018 0.01077763 0.020449093 0.014590295 0.018855065 0.027678838 0.008140938 0.023732822 0.017003454 0.10635448 0.016239591 0.009168778 0.05278717 0.027149307 0.027477436 0.082096286 0.016866956 0.011353844 0.0251072 0.029281046 0.014012926 0.014574383 0.008913205 0.017757025 0.018359855 0.041241787 0.011674942 0.012043733 0.032125976 0.036194272 0.04535502 0.027394831 0.01574137 0.012119633 0.012354995 0.012567171 0.03610531 0.009236353 0.050315045 0.012634089 0.056408167 0.028938564 0.011825238 0.03341306 0.02986989 0.01468784 0.029409539 0.032752153 0.020930497 0.04887158 0.011277159 0.018812103 0.035831638 0.041182827 0.019514179 0.039227627 0.03250129 0.06354681 0.021376932 0.010543963 0.009141516 0.017950144 0.061073553 0.040949848 0.089929365 0.012510939 0.06932731 0.018812632 0.026027318 0.025553888 0.015531042 0.025024615 0.043845873 0.014481617 0.05517391 0.018658375 0.04423489 0.020281363 0.04823294 0.07984891 0.010630908 0.018763484 0.07824867 0.02478885 0.03585053 0.0487818 0.026049107 0.023134766 0.017183589 0.024816398 0.038465567 0.021843119 0.038191628 0.027515432 0.04933823 0.01203262 0.024292713 0.031470854 0.03559359 0.039389636 0.05854064 0.01876815 0.034085307 0.042715836 0.003558368 0.0274703 0.014123986 0.02406459 0.04281732 0.0598072 0.022388328 0.029607102 0.022492884 0.017635249 0.022827832 0.022113543 0.024317646 0.030093899 0.01780196 0.08001169 0.012429982 0.04118899 0.037981838 0.03230767 0.0075394334 0.02290834 0.0427359 0.05159164 0.045619726 0.04915088 0.01967113 0.06574837 0.015095249 0.012332349 0.02165471 0.02207216 0.037023827 0.009445244 0.018410545 0.02452627 0.12750106 0.045138877 0.015341897 0.031534318 0.057217695 0.015418359 0.040508594 0.013202018 0.025489908 0.026132932 0.020721825 0.06770002 0.01897586 0.030771958 0.03524582 0.0421122 0.06420001 0.008420483 0.01734109 0.02104167 0.04532581,,
964,3x3x512x512,0.009069331 0.03419645 0.01678631 0.029210124 0.008848518 0.026617413 0.021646831 0.024062041 0.039590582 0.051312316 0.020702336 0.044777934 0.032081787 0.03818646 0.035874136 0.009000064 0.028919915 0.0093965065 0.008344623 0.03230899 0.019553075 0.025648745 0.020306088 0.108548336 0.011376904 0.08510871 0.014261185 0.029071445 0.018909227 0.020807149 0.032975778 0.028865812 0.03320863 0.008396532 0.045625024 0.06104711 0.08425304 0.01897853 0.04348214 0.017514529 0.052867826 0.026936922 0.036454175 0.02840153 0.024390215 0.013391807 0.021096246 0.043481037 0.07699475 0.01941102 0.049908508 0.023239888 0.053502798 0.03279885 0.02180057 0.025182236 0.02944621 0.031308133 0.011026294 0.01588565 0.00987743 0.03329119 0.011607729 0.07114255 0.07643182 0.049521565 0.012198185 0.066832684 0.011200507 0.07250133 0.08607734 0.016572692 0.031240987 0.019070921 0.014796602 0.008074868 0.033626795 0.01496868 0.00842229 0.02031464 0.029785337 0.025947088 0.027044889 0.039698 0.0817836 0.017107725 0.035723057 0.0065323296 0.019758178 0.015069021 0.046592176 0.035098374 0.04008729 0.008045467 0.017586574 0.0794142 0.036513608 0.015112257 0.11133363 0.041980658 0.013699385 0.010528029 0.049040128 0.013408107 0.040046047 0.011779748 0.01432256 0.028383743 0.017291645 0.011745677 0.02503259 0.017182892 0.025427625 0.04400681 0.039416444 0.039475556 0.049575377 0.010913758 0.03933096 0.04720256 0.040075023 0.0072930143 0.014970242 0.038930427 0.026291797 0.018712346 0.048318323 0.010224257 0.053863175 0.02225602 0.029012963 0.039797064 0.013870003 0.03026408 0.09328955 0.061667725 0.08781577 0.036359835 0.04234469 0.028149094 0.013782101 0.020424921 0.012573352 0.020412682 0.027650582 0.010004908 0.011106697 0.022220332 0.024489086 0.03172181 0.0070416313 0.046225883 0.036040056 0.045564078 0.015981708 0.018678073 0.029821867 0.016955486 0.03833815 0.046294816 0.023821931 0.02428267 0.023309246 0.018617652 0.032396138 0.0060936734 0.11300977 0.023803733 0.07181245 0.0360132 0.08741363 0.02218557 0.03139469 0.05480706 0.06445083 0.025117023 0.011267277 0.014133172 0.010791423 0.02146804 0.026505774 0.014055412 0.02615398 0.01090703 0.017486395 0.020927615 0.033161577 0.014097305 0.019483335 0.05041415 0.03633312 0.10232167 0.068439476 0.031105386 0.026090428 0.03516433 0.099828266 0.03074442 0.072328955 0.04038921 0.024591397 0.028498016 0.032722447 0.03679072 0.044193987 0.017989974 0.024169145 0.03520896 0.1208305 0.034661997 0.0400417 0.017401854 0.026366148 0.026111325 0.01370782 0.06907158 0.061195407 0.019969467 0.018418344 0.032685634 0.01737631 0.06688756 0.026006037 0.027912498 0.030990362 0.17476685 0.012700329 0.084564894 0.010770479 0.029926501 0.006703938 0.008930457 0.012875012 0.030043798 0.023491198 0.019694755 0.031137722 0.025569793 0.012523706 0.033781275 0.032653216 0.025358647 0.020314457 0.03638667 0.021879263 0.02182585 0.018278409 0.027106889 0.033561364 0.011713815 0.05852774 0.03718895 0.0733191 0.05478708 0.014049827 0.016213385 0.013232276 0.029441008 0.02772351 0.01549464 0.018413084 0.03138339 0.0066456073 0.07619882 0.04026737 0.052227072 0.03214951 0.018801868 0.027209025 0.028213494 0.06887302 0.013430873 0.010527518 0.021740586 0.029726671 0.012830834 0.013577771 0.08922024 0.02640083 0.026944667 0.07531984 0.027588734 0.019395158 0.057080943 0.014614735 0.012535831 0.01408079 0.027339399 0.011415352 0.032331575 0.020405462 0.017937984 0.054307282 0.019221213 0.055315215 0.08156095 0.14144959 0.03032501 0.042927135 0.017108181 0.011972078 0.019943165 0.06678792 0.00716605 0.027400753 0.10829016 0.015948564 0.012454205 0.0416465 0.02624706 0.0571673 0.022422818 0.006447593 0.03305714 0.021874674 0.043165363 0.023542106 0.031450648 0.024225125 0.028274287 0.023108097 0.037838515 0.07075175 0.021828433 0.032635767 0.053122066 0.033717405 0.019365583 0.047333475 0.01874339 0.05175322 0.025097223 0.014033008 0.013201195 0.016747372 0.01081326 0.027364284 0.05475137 0.016078992 0.029312622 0.091595456 0.030897083 0.019772675 0.02197638 0.025011605 0.04087528 0.022438824 0.034078483 0.029152047 0.040109176 0.035217255 0.009221306 0.010778946 0.020451589 0.014592076 0.018857365 0.027682215 0.008141932 0.023735719 0.01700553 0.10636747 0.016241573 0.009169896 0.05279361 0.02715262 0.027480789 0.08210631 0.016869016 0.01135523 0.025110263 0.029284619 0.014014637 0.014576162 0.008914293 0.01775919 0.018362096 0.04124682 0.011676367 0.012045204 0.032129895 0.03619869 0.045360554 0.027398175 0.015743291 0.012121113 0.012356503 0.012568705 0.055020813 0.009237481 0.050321184 0.0126356315 0.05641505 0.028942097 0.011826682 0.033417135 0.029873537 0.014689633 0.029413128 0.03275615 0.02093305 0.062561125 0.011278535 0.018814398 0.03583601 0.041187856 0.01951656 0.039232418 0.03250526 0.06355456 0.021379542 0.01054525 0.009142632 0.017952334 0.061081007 0.040954843 0.08994034 0.012512465 0.069335766 0.018814929 0.026030494 0.025557008 0.015532938 0.02502767 0.043851223 0.014483385 0.055180643 0.018660652 0.044240292 0.020283839 0.04823883 0.07985865 0.010632206 0.018765774 0.078258224 0.024791878 0.035854902 0.048787758 0.026052287 0.02313759 0.017185686 0.024819426 0.038470265 0.021845786 0.03819629 0.02751879 0.04934425 0.012034088 0.024295678 0.031474695 0.035597935 0.039394442 0.058547784 0.018770441 0.03408947 0.042721048 0.0035588024 0.027473653 0.014125709 0.024067527 0.042822547 0.059814498 0.02239106 0.029610716 0.02249563 0.0176374 0.022830619 0.022116242 0.024320615 0.030097572 0.017804133 0.080021456 0.0124315 0.041194014 0.037986476 0.03231161 0.0075403536 0.022911135 0.042741116 0.051597938 0.04562529 0.049156882 0.019673532 0.065756395 0.015097092 0.012333854 0.021657353 0.022074856 0.037028346 0.009446397 0.018412793 0.024529263 0.12751663 0.045144387 0.0153437685 0.031538166 0.057224676 0.01542024 0.040513538 0.013203629 0.02549302 0.026136123 0.020724354 0.06770828 0.018978177 0.030775715 0.035250124 0.042117342 0.06420784 0.00842151 0.017343208 0.02104424 0.04533134,0.009068224 0.034192275 0.016784262 0.029206559 0.008847439 0.026614165 0.021644188 0.024059106 0.03958575 0.051306054 0.020699808 0.04477247 0.03207787 0.0381818 0.03586976 0.008998965 0.028916385 0.009395359 0.008343604 0.032305043 0.019550689 0.025645616 0.020303609 0.10853509 0.011375516 0.085098326 0.014259445 0.029067896 0.01890692 0.020804608 0.03297175 0.028862288 0.033204578 0.008395507 0.045619458 0.06103966 0.08424276 0.018976213 0.04347683 0.017512392 0.052861374 0.026933635 0.036449727 0.028398063 0.024387239 0.013390172 0.021093672 0.04347573 0.07698535 0.01940865 0.049902417 0.023237053 0.053496268 0.032794844 0.021797908 0.025179163 0.029442616 0.031304315 0.011024948 0.01588371 0.009876224 0.03328713 0.011606312 0.07113386 0.07642249 0.04951552 0.012196695 0.06682453 0.011199141 0.07249249 0.086066835 0.016570669 0.031237174 0.019068595 0.014794796 0.008073882 0.033622693 0.014966853 0.008421263 0.02031216 0.029781703 0.025943922 0.027041588 0.039693158 0.081773624 0.017105637 0.035718694 0.0065315324 0.019755768 0.0150671825 0.046586487 0.03509409 0.040082395 0.008044484 0.017584426 0.0794045 0.036509153 0.015110412 0.11132005 0.04197553 0.013697714 0.010526745 0.049034145 0.01340647 0.04004116 0.011778311 0.014320812 0.02838028 0.017289534 0.011744244 0.025029534 0.017180795 0.025424521 0.04400144 0.03941163 0.03947074 0.049569327 0.010912426 0.039326157 0.047196798 0.04007013 0.007292124 0.014968416 0.038925674 0.02628859 0.018710062 0.048312426 0.010223009 0.053856604 0.022253305 0.029009422 0.039792206 0.0138683105 0.030260386 0.09327816 0.0616602 0.08780505 0.0363554 0.042339522 0.028145658 0.013780419 0.020422429 0.012571818 0.02041019 0.027647208 0.010003687 0.011105341 0.02221762 0.024486098 0.03171794 0.0070407717 0.04622024 0.03603566 0.04555852 0.015979758 0.018675793 0.029818228 0.016953416 0.038333472 0.04628917 0.023819024 0.024279706 0.023306401 0.01861538 0.03239218 0.0060929297 0.11299598 0.02380083 0.07180368 0.036008805 0.08740296 0.022182863 0.031390857 0.05480037 0.06444297 0.025113959 0.011265902 0.014131447 0.010790106 0.02146542 0.02650254 0.014053697 0.02615079 0.010905698 0.017484263 0.020925062 0.033157527 0.014095584 0.019480959 0.050408 0.036328685 0.10230918 0.068431124 0.03110159 0.026087243 0.03516004 0.081102856 0.030740667 0.07232013 0.04038428 0.024588397 0.028494539 0.032718454 0.03678623 0.044188593 0.01798778 0.024166197 0.03520466 0.120815754 0.03465777 0.040036812 0.01739973 0.026362931 0.026108138 0.013706147 0.06906315 0.061187938 0.019967029 0.018416096 0.032681644 0.017374188 0.0668794 0.026002863 0.02790909 0.03098658 0.12560435 0.012698778 0.047566466 0.010769164 0.029922849 0.0067031197 0.008929367 0.012873441 0.03004013 0.023488332 0.01969235 0.031133922 0.025566671 0.012522178 0.033777155 0.032649234 0.025355551 0.020311978 0.036382228 0.021876594 0.021823186 0.01827618 0.02710358 0.033557266 0.011712385 0.058520596 0.03718441 0.07331015 0.054780394 0.014048113 0.016211405 0.013230661 0.029437415 0.027720125 0.0154927485 0.018410835 0.031379562 0.0066447966 0.07618952 0.040262457 0.0522207 0.032145586 0.018799573 0.027205706 0.028210051 0.068864614 0.013429234 0.010526233 0.021737931 0.029723044 0.012829267 0.013576115 0.08920935 0.026397608 0.026941378 0.075310655 0.027585369 0.01939279 0.057073977 0.014612951 0.012534302 0.014079072 0.027336061 0.011413959 0.03232763 0.020402972 0.017935794 0.054300655 0.019218866 0.055308465 0.08155099 0.14143232 0.03032131 0.042921893 0.017106093 0.011970617 0.019940732 0.06677977 0.0071651754 0.027397407 0.10827694 0.015946617 0.012452685 0.041641414 0.026243858 0.05716032 0.022420082 0.0064468062 0.033053104 0.021872004 0.043160096 0.023539232 0.031446807 0.02422217 0.028270837 0.023105277 0.0378339 0.050849043 0.02182577 0.032631785 0.05311558 0.033713292 0.019363219 0.0473277 0.018741103 0.0517469 0.025094159 0.014031296 0.013199584 0.016745327 0.010811941 0.027360944 0.05474469 0.016077029 0.029309046 0.09158427 0.03089331 0.019770263 0.021973697 0.025008552 0.04087029 0.022436086 0.03407432 0.02914849 0.04010428 0.03521296 0.00922018 0.01077763 0.020449093 0.014590295 0.018855065 0.027678838 0.008140938 0.023732822 0.017003454 0.10635448 0.016239591 0.009168778 0.05278717 0.027149307 0.027477436 0.082096286 0.016866956 0.011353844 0.0251072 0.029281046 0.014012926 0.014574383 0.008913205 0.017757025 0.018359855 0.041241787 0.011674942 0.012043733 0.032125976 0.036194272 0.04535502 0.027394831 0.01574137 0.012119633 0.012354995 0.012567171 0.03610531 0.009236353 0.050315045 0.012634089 0.056408167 0.028938564 0.011825238 0.03341306 0.02986989 0.01468784 0.029409539 0.032752153 0.020930497 0.04887158 0.011277159 0.018812103 0.035831638 0.041182827 0.019514179 0.039227627 0.03250129 0.06354681 0.021376932 0.010543963 0.009141516 0.017950144 0.061073553 0.040949848 0.089929365 0.012510939 0.06932731 0.018812632 0.026027318 0.025553888 0.015531042 0.025024615 0.043845873 0.014481617 0.05517391 0.018658375 0.04423489 0.020281363 0.04823294 0.07984891 0.010630908 0.018763484 0.07824867 0.02478885 0.03585053 0.0487818 0.026049107 0.023134766 0.017183589 0.024816398 0.038465567 0.021843119 0.038191628 0.027515432 0.04933823 0.01203262 0.024292713 0.031470854 0.03559359 0.039389636 0.05854064 0.01876815 0.034085307 0.042715836 0.003558368 0.0274703 0.014123986 0.02406459 0.04281732 0.0598072 0.022388328 0.029607102 0.022492884 0.017635249 0.022827832 0.022113543 0.024317646 0.030093899 0.01780196 0.08001169 0.012429982 0.04118899 0.037981838 0.03230767 0.0075394334 0.02290834 0.0427359 0.05159164 0.045619726 0.04915088 0.01967113 0.06574837 0.015095249 0.012332349 0.02165471 0.02207216 0.037023827 0.009445244 0.018410545 0.02452627 0.12750106 0.045138877 0.015341897 0.031534318 0.057217695 0.015418359 0.040508594 0.013202018 0.025489908 0.026132932 0.020721825 0.06770002 0.01897586 0.030771958 0.03524582 0.0421122 0.06420001 0.008420483 0.01734109 0.02104167 0.04532581,,
968,3x3x512x512,0.009069331 0.03419645 0.01678631 0.029210124 0.008848518 0.026617413 0.021646831 0.024062041 0.039590582 0.051312316 0.020702336 0.044777934 0.032081787 0.03818646 0.035874136 0.009000064 0.028919915 0.0093965065 0.008344623 0.03230899 0.019553075 0.025648745 0.020306088 0.108548336 0.011376904 0.08510871 0.014261185 0.029071445 0.018909227 0.020807149 0.032975778 0.028865812 0.03320863 0.008396532 0.045625024 0.06104711 0.08425304 0.01897853 0.04348214 0.017514529 0.052867826 0.026936922 0.036454175 0.02840153 0.024390215 0.013391807 0.021096246 0.043481037 0.07699475 0.01941102 0.049908508 0.023239888 0.053502798 0.03279885 0.02180057 0.025182236 0.02944621 0.031308133 0.011026294 0.01588565 0.00987743 0.03329119 0.011607729 0.07114255 0.07643182 0.049521565 0.012198185 0.066832684 0.011200507 0.07250133 0.08607734 0.016572692 0.031240987 0.019070921 0.014796602 0.008074868 0.033626795 0.01496868 0.00842229 0.02031464 0.029785337 0.025947088 0.027044889 0.039698 0.0817836 0.017107725 0.035723057 0.0065323296 0.019758178 0.015069021 0.046592176 0.035098374 0.04008729 0.008045467 0.017586574 0.0794142 0.036513608 0.015112257 0.11133363 0.041980658 0.013699385 0.010528029 0.049040128 0.013408107 0.040046047 0.011779748 0.01432256 0.028383743 0.017291645 0.011745677 0.02503259 0.017182892 0.025427625 0.04400681 0.039416444 0.039475556 0.049575377 0.010913758 0.03933096 0.04720256 0.040075023 0.0072930143 0.014970242 0.038930427 0.026291797 0.018712346 0.048318323 0.010224257 0.053863175 0.02225602 0.029012963 0.039797064 0.013870003 0.03026408 0.09328955 0.061667725 0.08781577 0.036359835 0.04234469 0.028149094 0.013782101 0.020424921 0.012573352 0.020412682 0.027650582 0.010004908 0.011106697 0.022220332 0.024489086 0.03172181 0.0070416313 0.046225883 0.036040056 0.045564078 0.015981708 0.018678073 0.029821867 0.016955486 0.03833815 0.046294816 0.023821931 0.02428267 0.023309246 0.018617652 0.032396138 0.0060936734 0.11300977 0.023803733 0.07181245 0.0360132 0.08741363 0.02218557 0.03139469 0.05480706 0.06445083 0.025117023 0.011267277 0.014133172 0.010791423 0.02146804 0.026505774 0.014055412 0.02615398 0.01090703 0.017486395 0.020927615 0.033161577 0.014097305 0.019483335 0.05041415 0.03633312 0.10232167 0.068439476 0.031105386 0.026090428 0.03516433 0.099828266 0.03074442 0.072328955 0.04038921 0.024591397 0.028498016 0.032722447 0.03679072 0.044193987 0.017989974 0.024169145 0.03520896 0.1208305 0.034661997 0.0400417 0.017401854 0.026366148 0.026111325 0.01370782 0.06907158 0.061195407 0.019969467 0.018418344 0.032685634 0.01737631 0.06688756 0.026006037 0.027912498 0.030990362 0.17476685 0.012700329 0.084564894 0.010770479 0.029926501 0.006703938 0.008930457 0.012875012 0.030043798 0.023491198 0.019694755 0.031137722 0.025569793 0.012523706 0.033781275 0.032653216 0.025358647 0.020314457 0.03638667 0.021879263 0.02182585 0.018278409 0.027106889 0.033561364 0.011713815 0.05852774 0.03718895 0.0733191 0.05478708 0.014049827 0.016213385 0.013232276 0.029441008 0.02772351 0.01549464 0.018413084 0.03138339 0.0066456073 0.07619882 0.04026737 0.052227072 0.03214951 0.018801868 0.027209025 0.028213494 0.06887302 0.013430873 0.010527518 0.021740586 0.029726671 0.012830834 0.013577771 0.08922024 0.02640083 0.026944667 0.07531984 0.027588734 0.019395158 0.057080943 0.014614735 0.012535831 0.01408079 0.027339399 0.011415352 0.032331575 0.020405462 0.017937984 0.054307282 0.019221213 0.055315215 0.08156095 0.14144959 0.03032501 0.042927135 0.017108181 0.011972078 0.019943165 0.06678792 0.00716605 0.027400753 0.10829016 0.015948564 0.012454205 0.0416465 0.02624706 0.0571673 0.022422818 0.006447593 0.03305714 0.021874674 0.043165363 0.023542106 0.031450648 0.024225125 0.028274287 0.023108097 0.037838515 0.07075175 0.021828433 0.032635767 0.053122066 0.033717405 0.019365583 0.047333475 0.01874339 0.05175322 0.025097223 0.014033008 0.013201195 0.016747372 0.01081326 0.027364284 0.05475137 0.016078992 0.029312622 0.091595456 0.030897083 0.019772675 0.02197638 0.025011605 0.04087528 0.022438824 0.034078483 0.029152047 0.040109176 0.035217255 0.009221306 0.010778946 0.020451589 0.014592076 0.018857365 0.027682215 0.008141932 0.023735719 0.01700553 0.10636747 0.016241573 0.009169896 0.05279361 0.02715262 0.027480789 0.08210631 0.016869016 0.01135523 0.025110263 0.029284619 0.014014637 0.014576162 0.008914293 0.01775919 0.018362096 0.04124682 0.011676367 0.012045204 0.032129895 0.03619869 0.045360554 0.027398175 0.015743291 0.012121113 0.012356503 0.012568705 0.055020813 0.009237481 0.050321184 0.0126356315 0.05641505 0.028942097 0.011826682 0.033417135 0.029873537 0.014689633 0.029413128 0.03275615 0.02093305 0.062561125 0.011278535 0.018814398 0.03583601 0.041187856 0.01951656 0.039232418 0.03250526 0.06355456 0.021379542 0.01054525 0.009142632 0.017952334 0.061081007 0.040954843 0.08994034 0.012512465 0.069335766 0.018814929 0.026030494 0.025557008 0.015532938 0.02502767 0.043851223 0.014483385 0.055180643 0.018660652 0.044240292 0.020283839 0.04823883 0.07985865 0.010632206 0.018765774 0.078258224 0.024791878 0.035854902 0.048787758 0.026052287 0.02313759 0.017185686 0.024819426 0.038470265 0.021845786 0.03819629 0.02751879 0.04934425 0.012034088 0.024295678 0.031474695 0.035597935 0.039394442 0.058547784 0.018770441 0.03408947 0.042721048 0.0035588024 0.027473653 0.014125709 0.024067527 0.042822547 0.059814498 0.02239106 0.029610716 0.02249563 0.0176374 0.022830619 0.022116242 0.024320615 0.030097572 0.017804133 0.080021456 0.0124315 0.041194014 0.037986476 0.03231161 0.0075403536 0.022911135 0.042741116 0.051597938 0.04562529 0.049156882 0.019673532 0.065756395 0.015097092 0.012333854 0.021657353 0.022074856 0.037028346 0.009446397 0.018412793 0.024529263 0.12751663 0.045144387 0.0153437685 0.031538166 0.057224676 0.01542024 0.040513538 0.013203629 0.02549302 0.026136123 0.020724354 0.06770828 0.018978177 0.030775715 0.035250124 0.042117342 0.06420784 0.00842151 0.017343208 0.02104424 0.04533134,0.009068224 0.034192275 0.016784262 0.029206559 0.008847439 0.026614165 0.021644188 0.024059106 0.03958575 0.051306054 0.020699808 0.04477247 0.03207787 0.0381818 0.03586976 0.008998965 0.028916385 0.009395359 0.008343604 0.032305043 0.019550689 0.025645616 0.020303609 0.10853509 0.011375516 0.085098326 0.014259445 0.029067896 0.01890692 0.020804608 0.03297175 0.028862288 0.033204578 0.008395507 0.045619458 0.06103966 0.08424276 0.018976213 0.04347683 0.017512392 0.052861374 0.026933635 0.036449727 0.028398063 0.024387239 0.013390172 0.021093672 0.04347573 0.07698535 0.01940865 0.049902417 0.023237053 0.053496268 0.032794844 0.021797908 0.025179163 0.029442616 0.031304315 0.011024948 0.01588371 0.009876224 0.03328713 0.011606312 0.07113386 0.07642249 0.04951552 0.012196695 0.06682453 0.011199141 0.07249249 0.086066835 0.016570669 0.031237174 0.019068595 0.014794796 0.008073882 0.033622693 0.014966853 0.008421263 0.02031216 0.029781703 0.025943922 0.027041588 0.039693158 0.081773624 0.017105637 0.035718694 0.0065315324 0.019755768 0.0150671825 0.046586487 0.03509409 0.040082395 0.008044484 0.017584426 0.0794045 0.036509153 0.015110412 0.11132005 0.04197553 0.013697714 0.010526745 0.049034145 0.01340647 0.04004116 0.011778311 0.014320812 0.02838028 0.017289534 0.011744244 0.025029534 0.017180795 0.025424521 0.04400144 0.03941163 0.03947074 0.049569327 0.010912426 0.039326157 0.047196798 0.04007013 0.007292124 0.014968416 0.038925674 0.02628859 0.018710062 0.048312426 0.010223009 0.053856604 0.022253305 0.029009422 0.039792206 0.0138683105 0.030260386 0.09327816 0.0616602 0.08780505 0.0363554 0.042339522 0.028145658 0.013780419 0.020422429 0.012571818 0.02041019 0.027647208 0.010003687 0.011105341 0.02221762 0.024486098 0.03171794 0.0070407717 0.04622024 0.03603566 0.04555852 0.015979758 0.018675793 0.029818228 0.016953416 0.038333472 0.04628917 0.023819024 0.024279706 0.023306401 0.01861538 0.03239218 0.0060929297 0.11299598 0.02380083 0.07180368 0.036008805 0.08740296 0.022182863 0.031390857 0.05480037 0.06444297 0.025113959 0.011265902 0.014131447 0.010790106 0.02146542 0.02650254 0.014053697 0.02615079 0.010905698 0.017484263 0.020925062 0.033157527 0.014095584 0.019480959 0.050408 0.036328685 0.10230918 0.068431124 0.03110159 0.026087243 0.03516004 0.081102856 0.030740667 0.07232013 0.04038428 0.024588397 0.028494539 0.032718454 0.03678623 0.044188593 0.01798778 0.024166197 0.03520466 0.120815754 0.03465777 0.040036812 0.01739973 0.026362931 0.026108138 0.013706147 0.06906315 0.061187938 0.019967029 0.018416096 0.032681644 0.017374188 0.0668794 0.026002863 0.02790909 0.03098658 0.12560435 0.012698778 0.047566466 0.010769164 0.029922849 0.0067031197 0.008929367 0.012873441 0.03004013 0.023488332 0.01969235 0.031133922 0.025566671 0.012522178 0.033777155 0.032649234 0.025355551 0.020311978 0.036382228 0.021876594 0.021823186 0.01827618 0.02710358 0.033557266 0.011712385 0.058520596 0.03718441 0.07331015 0.054780394 0.014048113 0.016211405 0.013230661 0.029437415 0.027720125 0.0154927485 0.018410835 0.031379562 0.0066447966 0.07618952 0.040262457 0.0522207 0.032145586 0.018799573 0.027205706 0.028210051 0.068864614 0.013429234 0.010526233 0.021737931 0.029723044 0.012829267 0.013576115 0.08920935 0.026397608 0.026941378 0.075310655 0.027585369 0.01939279 0.057073977 0.014612951 0.012534302 0.014079072 0.027336061 0.011413959 0.03232763 0.020402972 0.017935794 0.054300655 0.019218866 0.055308465 0.08155099 0.14143232 0.03032131 0.042921893 0.017106093 0.011970617 0.019940732 0.06677977 0.0071651754 0.027397407 0.10827694 0.015946617 0.012452685 0.041641414 0.026243858 0.05716032 0.022420082 0.0064468062 0.033053104 0.021872004 0.043160096 0.023539232 0.031446807 0.02422217 0.028270837 0.023105277 0.0378339 0.050849043 0.02182577 0.032631785 0.05311558 0.033713292 0.019363219 0.0473277 0.018741103 0.0517469 0.025094159 0.014031296 0.013199584 0.016745327 0.010811941 0.027360944 0.05474469 0.016077029 0.029309046 0.09158427 0.03089331 0.019770263 0.021973697 0.025008552 0.04087029 0.022436086 0.03407432 0.02914849 0.04010428 0.03521296 0.00922018 0.01077763 0.020449093 0.014590295 0.018855065 0.027678838 0.008140938 0.023732822 0.017003454 0.10635448 0.016239591 0.009168778 0.05278717 0.027149307 0.027477436 0.082096286 0.016866956 0.011353844 0.0251072 0.029281046 0.014012926 0.014574383 0.008913205 0.017757025 0.018359855 0.041241787 0.011674942 0.012043733 0.032125976 0.036194272 0.04535502 0.027394831 0.01574137 0.012119633 0.012354995 0.012567171 0.03610531 0.009236353 0.050315045 0.012634089 0.056408167 0.028938564 0.011825238 0.03341306 0.02986989 0.01468784 0.029409539 0.032752153 0.020930497 0.04887158 0.011277159 0.018812103 0.035831638 0.041182827 0.019514179 0.039227627 0.03250129 0.06354681 0.021376932 0.010543963 0.009141516 0.017950144 0.061073553 0.040949848 0.089929365 0.012510939 0.06932731 0.018812632 0.026027318 0.025553888 0.015531042 0.025024615 0.043845873 0.014481617 0.05517391 0.018658375 0.04423489 0.020281363 0.04823294 0.07984891 0.010630908 0.018763484 0.07824867 0.02478885 0.03585053 0.0487818 0.026049107 0.023134766 0.017183589 0.024816398 0.038465567 0.021843119 0.038191628 0.027515432 0.04933823 0.01203262 0.024292713 0.031470854 0.03559359 0.039389636 0.05854064 0.01876815 0.034085307 0.042715836 0.003558368 0.0274703 0.014123986 0.02406459 0.04281732 0.0598072 0.022388328 0.029607102 0.022492884 0.017635249 0.022827832 0.022113543 0.024317646 0.030093899 0.01780196 0.08001169 0.012429982 0.04118899 0.037981838 0.03230767 0.0075394334 0.02290834 0.0427359 0.05159164 0.045619726 0.04915088 0.01967113 0.06574837 0.015095249 0.012332349 0.02165471 0.02207216 0.037023827 0.009445244 0.018410545 0.02452627 0.12750106 0.045138877 0.015341897 0.031534318 0.057217695 0.015418359 0.040508594 0.013202018 0.025489908 0.026132932 0.020721825 0.06770002 0.01897586 0.030771958 0.03524582 0.0421122 0.06420001 0.008420483 0.01734109 0.02104167 0.04532581,,
972,3x3x512x512,0.009069331 0.03419645 0.01678631 0.029210124 0.008848518 0.026617413 0.021646831 0.024062041 0.039590582 0.051312316 0.020702336 0.044777934 0.032081787 0.03818646 0.035874136 0.009000064 0.028919915 0.0093965065 0.008344623 0.03230899 0.019553075 0.025648745 0.020306088 0.108548336 0.011376904 0.08510871 0.014261185 0.029071445 0.018909227 0.020807149 0.032975778 0.028865812 0.03320863 0.008396532 0.045625024 0.06104711 0.08425304 0.01897853 0.04348214 0.017514529 0.052867826 0.026936922 0.036454175 0.02840153 0.024390215 0.013391807 0.021096246 0.043481037 0.07699475 0.01941102 0.049908508 0.023239888 0.053502798 0.03279885 0.02180057 0.025182236 0.02944621 0.031308133 0.011026294 0.01588565 0.00987743 0.03329119 0.011607729 0.07114255 0.07643182 0.049521565 0.012198185 0.066832684 0.011200507 0.07250133 0.08607734 0.016572692 0.031240987 0.019070921 0.014796602 0.008074868 0.033626795 0.01496868 0.00842229 0.02031464 0.029785337 0.025947088 0.027044889 0.039698 0.0817836 0.017107725 0.035723057 0.0065323296 0.019758178 0.015069021 0.046592176 0.035098374 0.04008729 0.008045467 0.017586574 0.0794142 0.036513608 0.015112257 0.11133363 0.041980658 0.013699385 0.010528029 0.049040128 0.013408107 0.040046047 0.011779748 0.01432256 0.028383743 0.017291645 0.011745677 0.02503259 0.017182892 0.025427625 0.04400681 0.039416444 0.039475556 0.049575377 0.010913758 0.03933096 0.04720256 0.040075023 0.0072930143 0.014970242 0.038930427 0.026291797 0.018712346 0.048318323 0.010224257 0.053863175 0.02225602 0.029012963 0.039797064 0.013870003 0.03026408 0.09328955 0.061667725 0.08781577 0.036359835 0.04234469 0.028149094 0.013782101 0.020424921 0.012573352 0.020412682 0.027650582 0.010004908 0.011106697 0.022220332 0.024489086 0.03172181 0.0070416313 0.046225883 0.036040056 0.045564078 0.015981708 0.018678073 0.029821867 0.016955486 0.03833815 0.046294816 0.023821931 0.02428267 0.023309246 0.018617652 0.032396138 0.0060936734 0.11300977 0.023803733 0.07181245 0.0360132 0.08741363 0.02218557 0.03139469 0.05480706 0.06445083 0.025117023 0.011267277 0.014133172 0.010791423 0.02146804 0.026505774 0.014055412 0.02615398 0.01090703 0.017486395 0.020927615 0.033161577 0.014097305 0.019483335 0.05041415 0.03633312 0.10232167 0.068439476 0.031105386 0.026090428 0.03516433 0.099828266 0.03074442 0.072328955 0.04038921 0.024591397 0.028498016 0.032722447 0.03679072 0.044193987 0.017989974 0.024169145 0.03520896 0.1208305 0.034661997 0.0400417 0.017401854 0.026366148 0.026111325 0.01370782 0.06907158 0.061195407 0.019969467 0.018418344 0.032685634 0.01737631 0.06688756 0.026006037 0.027912498 0.030990362 0.17476685 0.012700329 0.084564894 0.010770479 0.029926501 0.006703938 0.008930457 0.012875012 0.030043798 0.023491198 0.019694755 0.031137722 0.025569793 0.012523706 0.033781275 0.032653216 0.025358647 0.020314457 0.03638667 0.021879263 0.02182585 0.018278409 0.027106889 0.033561364 0.011713815 0.05852774 0.03718895 0.0733191 0.05478708 0.014049827 0.016213385 0.013232276 0.029441008 0.02772351 0.01549464 0.018413084 0.03138339 0.0066456073 0.07619882 0.04026737 0.052227072 0.03214951 0.018801868 0.027209025 0.028213494 0.06887302 0.013430873 0.010527518 0.021740586 0.029726671 0.012830834 0.013577771 0.08922024 0.02640083 0.026944667 0.07531984 0.027588734 0.019395158 0.057080943 0.014614735 0.012535831 0.01408079 0.027339399 0.011415352 0.032331575 0.020405462 0.017937984 0.054307282 0.019221213 0.055315215 0.08156095 0.14144959 0.03032501 0.042927135 0.017108181 0.011972078 0.019943165 0.06678792 0.00716605 0.027400753 0.10829016 0.015948564 0.012454205 0.0416465 0.02624706 0.0571673 0.022422818 0.006447593 0.03305714 0.021874674 0.043165363 0.023542106 0.031450648 0.024225125 0.028274287 0.023108097 0.037838515 0.07075175 0.021828433 0.032635767 0.053122066 0.033717405 0.019365583 0.047333475 0.01874339 0.05175322 0.025097223 0.014033008 0.013201195 0.016747372 0.01081326 0.027364284 0.05475137 0.016078992 0.029312622 0.091595456 0.030897083 0.019772675 0.02197638 0.025011605 0.04087528 0.022438824 0.034078483 0.029152047 0.040109176 0.035217255 0.009221306 0.010778946 0.020451589 0.014592076 0.018857365 0.027682215 0.008141932 0.023735719 0.01700553 0.10636747 0.016241573 0.009169896 0.05279361 0.02715262 0.027480789 0.08210631 0.016869016 0.01135523 0.025110263 0.029284619 0.014014637 0.014576162 0.008914293 0.01775919 0.018362096 0.04124682 0.011676367 0.012045204 0.032129895 0.03619869 0.045360554 0.027398175 0.015743291 0.012121113 0.012356503 0.012568705 0.055020813 0.009237481 0.050321184 0.0126356315 0.05641505 0.028942097 0.011826682 0.033417135 0.029873537 0.014689633 0.029413128 0.03275615 0.02093305 0.062561125 0.011278535 0.018814398 0.03583601 0.041187856 0.01951656 0.039232418 0.03250526 0.06355456 0.021379542 0.01054525 0.009142632 0.017952334 0.061081007 0.040954843 0.08994034 0.012512465 0.069335766 0.018814929 0.026030494 0.025557008 0.015532938 0.02502767 0.043851223 0.014483385 0.055180643 0.018660652 0.044240292 0.020283839 0.04823883 0.07985865 0.010632206 0.018765774 0.078258224 0.024791878 0.035854902 0.048787758 0.026052287 0.02313759 0.017185686 0.024819426 0.038470265 0.021845786 0.03819629 0.02751879 0.04934425 0.012034088 0.024295678 0.031474695 0.035597935 0.039394442 0.058547784 0.018770441 0.03408947 0.042721048 0.0035588024 0.027473653 0.014125709 0.024067527 0.042822547 0.059814498 0.02239106 0.029610716 0.02249563 0.0176374 0.022830619 0.022116242 0.024320615 0.030097572 0.017804133 0.080021456 0.0124315 0.041194014 0.037986476 0.03231161 0.0075403536 0.022911135 0.042741116 0.051597938 0.04562529 0.049156882 0.019673532 0.065756395 0.015097092 0.012333854 0.021657353 0.022074856 0.037028346 0.009446397 0.018412793 0.024529263 0.12751663 0.045144387 0.0153437685 0.031538166 0.057224676 0.01542024 0.040513538 0.013203629 0.02549302 0.026136123 0.020724354 0.06770828 0.018978177 0.030775715 0.035250124 0.042117342 0.06420784 0.00842151 0.017343208 0.02104424 0.04533134,0.009068224 0.034192275 0.016784262 0.029206559 0.008847439 0.026614165 0.021644188 0.024059106 0.03958575 0.051306054 0.020699808 0.04477247 0.03207787 0.0381818 0.03586976 0.008998965 0.028916385 0.009395359 0.008343604 0.032305043 0.019550689 0.025645616 0.020303609 0.10853509 0.011375516 0.085098326 0.014259445 0.029067896 0.01890692 0.020804608 0.03297175 0.028862288 0.033204578 0.008395507 0.045619458 0.06103966 0.08424276 0.018976213 0.04347683 0.017512392 0.052861374 0.026933635 0.036449727 0.028398063 0.024387239 0.013390172 0.021093672 0.04347573 0.07698535 0.01940865 0.049902417 0.023237053 0.053496268 0.032794844 0.021797908 0.025179163 0.029442616 0.031304315 0.011024948 0.01588371 0.009876224 0.03328713 0.011606312 0.07113386 0.07642249 0.04951552 0.012196695 0.06682453 0.011199141 0.07249249 0.086066835 0.016570669 0.031237174 0.019068595 0.014794796 0.008073882 0.033622693 0.014966853 0.008421263 0.02031216 0.029781703 0.025943922 0.027041588 0.039693158 0.081773624 0.017105637 0.035718694 0.0065315324 0.019755768 0.0150671825 0.046586487 0.03509409 0.040082395 0.008044484 0.017584426 0.0794045 0.036509153 0.015110412 0.11132005 0.04197553 0.013697714 0.010526745 0.049034145 0.01340647 0.04004116 0.011778311 0.014320812 0.02838028 0.017289534 0.011744244 0.025029534 0.017180795 0.025424521 0.04400144 0.03941163 0.03947074 0.049569327 0.010912426 0.039326157 0.047196798 0.04007013 0.007292124 0.014968416 0.038925674 0.02628859 0.018710062 0.048312426 0.010223009 0.053856604 0.022253305 0.029009422 0.039792206 0.0138683105 0.030260386 0.09327816 0.0616602 0.08780505 0.0363554 0.042339522 0.028145658 0.013780419 0.020422429 0.012571818 0.02041019 0.027647208 0.010003687 0.011105341 0.02221762 0.024486098 0.03171794 0.0070407717 0.04622024 0.03603566 0.04555852 0.015979758 0.018675793 0.029818228 0.016953416 0.038333472 0.04628917 0.023819024 0.024279706 0.023306401 0.01861538 0.03239218 0.0060929297 0.11299598 0.02380083 0.07180368 0.036008805 0.08740296 0.022182863 0.031390857 0.05480037 0.06444297 0.025113959 0.011265902 0.014131447 0.010790106 0.02146542 0.02650254 0.014053697 0.02615079 0.010905698 0.017484263 0.020925062 0.033157527 0.014095584 0.019480959 0.050408 0.036328685 0.10230918 0.068431124 0.03110159 0.026087243 0.03516004 0.081102856 0.030740667 0.07232013 0.04038428 0.024588397 0.028494539 0.032718454 0.03678623 0.044188593 0.01798778 0.024166197 0.03520466 0.120815754 0.03465777 0.040036812 0.01739973 0.026362931 0.026108138 0.013706147 0.06906315 0.061187938 0.019967029 0.018416096 0.032681644 0.017374188 0.0668794 0.026002863 0.02790909 0.03098658 0.12560435 0.012698778 0.047566466 0.010769164 0.029922849 0.0067031197 0.008929367 0.012873441 0.03004013 0.023488332 0.01969235 0.031133922 0.025566671 0.012522178 0.033777155 0.032649234 0.025355551 0.020311978 0.036382228 0.021876594 0.021823186 0.01827618 0.02710358 0.033557266 0.011712385 0.058520596 0.03718441 0.07331015 0.054780394 0.014048113 0.016211405 0.013230661 0.029437415 0.027720125 0.0154927485 0.018410835 0.031379562 0.0066447966 0.07618952 0.040262457 0.0522207 0.032145586 0.018799573 0.027205706 0.028210051 0.068864614 0.013429234 0.010526233 0.021737931 0.029723044 0.012829267 0.013576115 0.08920935 0.026397608 0.026941378 0.075310655 0.027585369 0.01939279 0.057073977 0.014612951 0.012534302 0.014079072 0.027336061 0.011413959 0.03232763 0.020402972 0.017935794 0.054300655 0.019218866 0.055308465 0.08155099 0.14143232 0.03032131 0.042921893 0.017106093 0.011970617 0.019940732 0.06677977 0.0071651754 0.027397407 0.10827694 0.015946617 0.012452685 0.041641414 0.026243858 0.05716032 0.022420082 0.0064468062 0.033053104 0.021872004 0.043160096 0.023539232 0.031446807 0.02422217 0.028270837 0.023105277 0.0378339 0.050849043 0.02182577 0.032631785 0.05311558 0.033713292 0.019363219 0.0473277 0.018741103 0.0517469 0.025094159 0.014031296 0.013199584 0.016745327 0.010811941 0.027360944 0.05474469 0.016077029 0.029309046 0.09158427 0.03089331 0.019770263 0.021973697 0.025008552 0.04087029 0.022436086 0.03407432 0.02914849 0.04010428 0.03521296 0.00922018 0.01077763 0.020449093 0.014590295 0.018855065 0.027678838 0.008140938 0.023732822 0.017003454 0.10635448 0.016239591 0.009168778 0.05278717 0.027149307 0.027477436 0.082096286 0.016866956 0.011353844 0.0251072 0.029281046 0.014012926 0.014574383 0.008913205 0.017757025 0.018359855 0.041241787 0.011674942 0.012043733 0.032125976 0.036194272 0.04535502 0.027394831 0.01574137 0.012119633 0.012354995 0.012567171 0.03610531 0.009236353 0.050315045 0.012634089 0.056408167 0.028938564 0.011825238 0.03341306 0.02986989 0.01468784 0.029409539 0.032752153 0.020930497 0.04887158 0.011277159 0.018812103 0.035831638 0.041182827 0.019514179 0.039227627 0.03250129 0.06354681 0.021376932 0.010543963 0.009141516 0.017950144 0.061073553 0.040949848 0.089929365 0.012510939 0.06932731 0.018812632 0.026027318 0.025553888 0.015531042 0.025024615 0.043845873 0.014481617 0.05517391 0.018658375 0.04423489 0.020281363 0.04823294 0.07984891 0.010630908 0.018763484 0.07824867 0.02478885 0.03585053 0.0487818 0.026049107 0.023134766 0.017183589 0.024816398 0.038465567 0.021843119 0.038191628 0.027515432 0.04933823 0.01203262 0.024292713 0.031470854 0.03559359 0.039389636 0.05854064 0.01876815 0.034085307 0.042715836 0.003558368 0.0274703 0.014123986 0.02406459 0.04281732 0.0598072 0.022388328 0.029607102 0.022492884 0.017635249 0.022827832 0.022113543 0.024317646 0.030093899 0.01780196 0.08001169 0.012429982 0.04118899 0.037981838 0.03230767 0.0075394334 0.02290834 0.0427359 0.05159164 0.045619726 0.04915088 0.01967113 0.06574837 0.015095249 0.012332349 0.02165471 0.02207216 0.037023827 0.009445244 0.018410545 0.02452627 0.12750106 0.045138877 0.015341897 0.031534318 0.057217695 0.015418359 0.040508594 0.013202018 0.025489908 0.026132932 0.020721825 0.06770002 0.01897586 0.030771958 0.03524582 0.0421122 0.06420001 0.008420483 0.01734109 0.02104167 0.04532581,,
990,3x3x512x512,0.1649095 0.13742682 0.22062759 0.15068889 0.103143975 0.08356771 0.076450996 0.16261698 0.09213492 0.114271685 0.10754802 0.101387456 0.10955234 0.21770391 0.1285837 0.0795792 0.14388263 0.16342558 0.18667428 0.15615726 0.15129328 0.100255325 0.10361104 0.10267902 0.13580798 0.15391015 0.074756615 0.12541692 0.07259358 0.09912555 0.11209677 0.09318534 0.120402955 0.1684216 0.14213201 0.10851212 0.10378691 0.088678196 0.14719185 0.18250772 0.09722217 0.08075992 0.18273498 0.09025628 0.075598955 0.1101419 0.15132393 0.11602956 0.20125602 0.083476886 0.090898715 0.19649655 0.09778741 0.100509875 0.112360194 0.106676765 0.15688795 0.10435542 0.11192403 0.14071475 0.11515031 0.091883704 0.14079435 0.09250722 0.12314801 0.12582631 0.12896934 0.11283449 0.17328353 0.08160537 0.12820014 0.12959768 0.090251796 0.10628432 0.13959254 0.11993425 0.15374751 0.13408177 0.11467594 0.119013 0.08521485 0.10470362 0.19523785 0.17088914 0.19702354 0.145494 0.11061033 0.18990605 0.18611275 0.19895291 0.1428918 0.28948063 0.12446706 0.1623376 0.21981037 0.088890426 0.20994376 0.13159834 0.10331142 0.18690585 0.081911795 0.11814715 0.15907507 0.10247401 0.11345421 0.11445607 0.13179494 0.14047095 0.13671847 0.15103762 0.15292634 0.31347334 0.08943954 0.18540923 0.13771096 0.08356493 0.1612972 0.08616192 0.123664945 0.14426142 0.11603576 0.13222517 0.13220139 0.14606953 0.1203604 0.122843236 0.22892341 0.12733167 0.09256628 0.11752932 0.086603895 0.20768455 0.10186108 0.34151077 0.13005903 0.105709925 0.09704476 0.07967541 0.14069772 0.104819626 0.09118927 0.121854 0.25753656 0.22508316 0.08196834 0.12881331 0.11036821 0.082940206 0.14394315 0.123691045 0.09052288 0.10330616 0.21738774 0.07498608 0.37194636 0.117267065 0.117592394 0.10427389 0.1107653 0.13328111 0.15218598 0.09748105 0.13753837 0.12775475 0.08219596 0.13191721 0.34161443 0.17511566 0.0824656 0.082972094 0.15039618 0.15006453 0.16971211 0.10116641 0.10379446 0.11796982 0.12698689 0.1777795 0.14982985 0.15361905 0.10659417 0.13877346 0.1130662 0.46669233 0.13761817 0.06891227 0.09363346 0.09612706 0.22368032 0.08348818 0.09611693 0.12812774 0.10767376 0.12733541 0.1248567 0.077786386 0.13343866 0.066717386 0.14717805 0.124715395 0.12280665 0.09557644 0.090404764 0.12367822 0.18043725 0.2806411 0.13756223 0.16830163 0.18441394 0.085014306 0.09395743 0.1279185 0.12757836 0.18897009 0.0851 0.12069468 0.082785666 0.10359052 0.16988918 0.112288885 0.12566295 0.089812644 0.06952169 0.0895169 0.14045778 0.13300642 0.1900023 0.17304154 0.08365196 0.104357146 0.106371336 0.10316542 0.22094224 0.15174957 0.094424516 0.1692765 0.14631149 0.19570497 0.08553113 0.12006533 0.12360036 0.08198267 0.08938679 0.12807854 0.09784477 0.1193246 0.10702357 0.088580705 0.106781736 0.13522398 0.13225408 0.12644067 0.083954655 0.109792136 0.11115546 0.13431676 0.14285448 0.08638631 0.091850385 0.07814489 0.13953918 0.09662454 0.33088157 0.115101494 0.12485623 0.09791865 0.110771574 0.11833455 0.26751685 0.13840193 0.11006811 0.086974844 0.57422787 0.101992965 0.114254296 0.12765428 0.12941311 0.27017206 0.123418845 0.10914455 0.17835322 0.29246995 0.07440821 0.082978226 0.28694382 0.08587338 0.1435647 0.099510305 0.11115599 0.16606477 0.11423408 0.08452381 0.27921695 0.12077844 0.0934431 0.1558348 0.100526996 0.14597505 0.1555848 0.12502299 0.1584247 0.088761725 0.122549474 0.08275884 0.07452796 0.1065124 0.10545766 0.08896443 0.10863218 0.12544152 0.09623612 0.08513362 0.13778397 0.09559172 0.09462885 0.136031 0.08771383 0.084447496 0.09992539 0.22716138 0.15615475 0.09988175 0.08602433 0.12512316 0.09484931 0.12569441 0.14607307 0.12044686 0.08452341 0.18974666 0.108821966 0.11511969 0.0849797 0.12559894 0.112974785 0.22059062 0.119899884 0.105925836 0.078287296 0.12441112 0.087979116 0.1481413 0.07101783 0.091686875 0.114129245 0.107364714 0.10700757 0.12101219 0.093277924 0.16881469 0.09242435 0.12636882 0.11249335 0.15852569 0.17450376 0.0841644 0.14014278 0.13873865 0.23524138 0.08260283 0.0826693 0.10273803 0.09731479 0.110660054 0.078250766 0.14603359 0.10610659 0.25807503 0.11076202 0.079862006 0.113669634 0.11759418 0.1322659 0.180892 0.12926261 0.2068894 0.08835578 0.082337506 0.08443087 0.08624207 0.06251347 0.1585931 0.10418826 0.09677629 0.1369032 0.11034226 0.28839174 0.24166475 0.2050217 0.15038976 0.0961986 0.14363606 0.1840577 0.23479103 0.16895774 0.1429288 0.09067264 0.23424253 0.08816846 0.18174885 0.20889148 0.10417989 0.15111488 0.11635722 0.086579554 0.12803152 0.090363406 0.11747716 0.19194447 0.1374748 0.13625321 0.1208354 0.28638294 0.20647343 0.13931243 0.096502416 0.33276203 0.11657814 0.16166689 0.0884303 0.10524645 0.18365747 0.121612184 0.11880826 0.19678056 0.14471424 0.13144104 0.18565613 0.12013508 0.081959344 0.13501094 0.11515029 0.1146968 0.07277869 0.28813785 0.11939908 0.09052895 0.09712409 0.080872 0.11944934 0.25646603 0.12053197 0.13523106 0.11096547 0.1740632 0.086957514 0.076144084 0.20022883 0.08465855 0.10422608 0.09667274 0.10716129 0.12354169 0.17799199 0.09528755 0.21547437 0.13839516 0.1061857 0.14979535 0.07397163 0.20160809 0.0873891 0.11751316 0.0934137 0.09650826 0.14377418 0.0860006 0.1274773 0.10577913 0.22663578 0.11409589 0.121743344 0.10455343 0.10822597 0.11570985 0.16835213 0.14315733 0.13970117 0.15834916 0.11892997 0.12497749 0.44670403 0.074581884 0.29025796 0.08778297 0.10360564 0.09322618 0.28752515 0.31205326 0.38702664 0.11096295 0.08051819 0.2578693 0.15266095 0.111993514 0.090738475 0.10548004 0.11991979 0.13456282 0.14470255 0.105430596 0.11585037 0.09126673 0.19035344 0.14067082 0.07418946 0.23299742 0.118103564 0.17323968 0.13553299 0.13696513 0.11441572,0.16488938 0.13741006 0.22060066 0.1506705 0.10313138 0.08355751 0.07644166 0.16259713 0.09212368 0.11425774 0.1075349 0.10137509 0.109538965 0.21767734 0.12856801 0.07956949 0.14386506 0.16340563 0.1866515 0.1561382 0.15127482 0.10024309 0.10359839 0.10266649 0.13579139 0.15389137 0.074747495 0.12540162 0.07258472 0.09911346 0.11208309 0.093173966 0.12038826 0.16840103 0.14211467 0.10849887 0.10377424 0.08866738 0.1471739 0.18248546 0.0972103 0.08075006 0.18271269 0.09024526 0.075589724 0.11012846 0.15130545 0.116015404 0.20123145 0.083466694 0.09088762 0.19647256 0.097775474 0.1004976 0.11234648 0.10666374 0.1568688 0.10434268 0.111910366 0.14069757 0.11513626 0.09187249 0.14077717 0.092495926 0.12313298 0.12581097 0.12895359 0.11282072 0.17326239 0.08159541 0.1281845 0.12958185 0.09024078 0.10627135 0.1395755 0.11991962 0.15372875 0.1340654 0.11466194 0.11899847 0.08520445 0.10469084 0.19521402 0.17086829 0.1969995 0.14547625 0.11059683 0.18988286 0.18609002 0.19892862 0.14287435 0.28944528 0.12445187 0.1623178 0.21978354 0.08887958 0.20991813 0.13158228 0.10329881 0.18688303 0.0819018 0.118132725 0.15905565 0.10246151 0.11344036 0.1144421 0.13177885 0.1404538 0.13670179 0.15101919 0.15290767 0.3134351 0.089428626 0.18538661 0.13769415 0.08355473 0.16127752 0.0861514 0.12364986 0.14424382 0.1160216 0.13220903 0.13218527 0.14605169 0.12034571 0.122828245 0.22889547 0.12731613 0.09255499 0.117514975 0.08659333 0.2076592 0.10184865 0.34146908 0.13004316 0.10569703 0.09703292 0.07966569 0.14068054 0.10480683 0.09117815 0.12183913 0.25750515 0.22505568 0.08195834 0.12879759 0.11035474 0.08293009 0.14392558 0.12367595 0.09051183 0.10329355 0.2173612 0.07497692 0.37190098 0.11725275 0.117578045 0.10426117 0.11075178 0.13326485 0.1521674 0.09746916 0.13752158 0.12773915 0.082185924 0.1319011 0.34157273 0.17509429 0.08245553 0.08296197 0.15037784 0.15004621 0.1696914 0.10115407 0.1037818 0.11795542 0.1269714 0.1777578 0.14981157 0.1536003 0.10658116 0.13875653 0.1130524 0.3791519 0.13760138 0.068903856 0.09362204 0.096115336 0.22365302 0.083478 0.096105196 0.1281121 0.10766062 0.12731987 0.12484147 0.077776894 0.13342237 0.06670924 0.14716008 0.124700174 0.12279167 0.09556478 0.09039373 0.12366313 0.18041523 0.28060687 0.13754545 0.16828108 0.18439142 0.085003935 0.093945965 0.1279029 0.12756279 0.18894704 0.08508962 0.12067995 0.08277556 0.103577875 0.16986844 0.112275176 0.12564762 0.089801684 0.0695132 0.08950597 0.14044063 0.13299018 0.18997912 0.17302042 0.08364175 0.104344405 0.10635835 0.10315283 0.22091529 0.15173104 0.094413 0.16925584 0.14629363 0.19568108 0.08552069 0.12005068 0.12358528 0.081972666 0.08937588 0.1280629 0.097832836 0.119310044 0.107010506 0.088569894 0.106768705 0.13520747 0.13223794 0.12642525 0.08394441 0.10977873 0.1111419 0.13430037 0.14283705 0.086375766 0.09183918 0.07813536 0.13952215 0.09661275 0.33084118 0.11508744 0.124841 0.0979067 0.11075805 0.1183201 0.2674842 0.13838504 0.11005468 0.086964235 0.43063587 0.10198052 0.11424035 0.1276387 0.12939732 0.27013907 0.12340379 0.10913123 0.17833146 0.29243428 0.07439913 0.0829681 0.2869088 0.085862905 0.14354718 0.09949816 0.11114243 0.1660445 0.11422014 0.0845135 0.27918285 0.1207637 0.093431704 0.15581577 0.10051473 0.14595725 0.15556581 0.12500773 0.15840536 0.08875089 0.12253451 0.08274874 0.07451886 0.1064994 0.10544479 0.08895358 0.108618915 0.1254262 0.09622437 0.085123226 0.13776715 0.09558005 0.0946173 0.1360144 0.08770312 0.084437184 0.099913195 0.17035717 0.1561357 0.099869564 0.08601383 0.12510788 0.09483774 0.12567906 0.14605524 0.12043216 0.08451309 0.1897235 0.10880869 0.115105644 0.08496933 0.12558362 0.112961 0.22056371 0.11988525 0.10591291 0.07827774 0.12439594 0.08796838 0.1481232 0.07100916 0.091675684 0.11411531 0.107351616 0.10699451 0.12099742 0.09326654 0.1687941 0.09241307 0.1263534 0.11247963 0.15850633 0.17448246 0.08415414 0.14012568 0.1387217 0.23521268 0.08259275 0.082659215 0.10272549 0.09730291 0.11064655 0.07824122 0.14601576 0.10609364 0.25804353 0.1107485 0.07985226 0.11365576 0.11757983 0.13224974 0.18086994 0.12924685 0.20686415 0.08834499 0.08232746 0.08442057 0.08623155 0.06250584 0.15857375 0.10417555 0.09676448 0.13688649 0.110328786 0.28835654 0.24163526 0.20499668 0.15037142 0.09618687 0.14361852 0.18403523 0.15407266 0.16893712 0.14291136 0.09066158 0.23421393 0.0881577 0.18172668 0.20886599 0.10416717 0.15109645 0.11634302 0.08656899 0.1280159 0.09035238 0.11746282 0.19192104 0.13745803 0.13623658 0.12082065 0.28634802 0.20644823 0.13929543 0.096490644 0.33272144 0.116563916 0.16164716 0.088419504 0.1052336 0.18363506 0.12159734 0.11879376 0.19675656 0.14469658 0.13142501 0.18563348 0.12012041 0.08194934 0.13499448 0.115136236 0.11468281 0.072769806 0.2881027 0.119384505 0.0905179 0.09711224 0.080862135 0.11943477 0.25643474 0.120517254 0.13521457 0.11095193 0.17404197 0.0869469 0.07613479 0.20020439 0.08464822 0.104213364 0.09666094 0.10714821 0.12352662 0.17797026 0.095275916 0.21544808 0.13837826 0.10617273 0.14977707 0.07396261 0.15119377 0.08737843 0.117498815 0.093402304 0.09649648 0.14375664 0.08599011 0.12746175 0.10576622 0.22660813 0.114081964 0.12172849 0.104540676 0.10821277 0.11569572 0.16833158 0.14313985 0.13968413 0.15832983 0.11891545 0.12496224 0.4466495 0.07457279 0.29022256 0.08777226 0.103593 0.0932148 0.28749004 0.31201518 0.3869794 0.11094941 0.080508366 0.25783783 0.15264231 0.11197984 0.0907274 0.10546716 0.11990515 0.1345464 0.1446849 0.10541773 0.11583623 0.09125559 0.1903302 0.14065365 0.07418041 0.23296899 0.118089154 0.17321853 0.13551645 0.13694842 0.11440176,,
994,3x3x512x512,0.1649095 0.13742682 0.22062759 0.15068889 0.103143975 0.08356771 0.076450996 0.16261698 0.09213492 0.114271685 0.10754802 0.101387456 0.10955234 0.21770391 0.1285837 0.0795792 0.14388263 0.16342558 0.18667428 0.15615726 0.15129328 0.100255325 0.10361104 0.10267902 0.13580798 0.15391015 0.074756615 0.12541692 0.07259358 0.09912555 0.11209677 0.09318534 0.120402955 0.1684216 0.14213201 0.10851212 0.10378691 0.088678196 0.14719185 0.18250772 0.09722217 0.08075992 0.18273498 0.09025628 0.075598955 0.1101419 0.15132393 0.11602956 0.20125602 0.083476886 0.090898715 0.19649655 0.09778741 0.100509875 0.112360194 0.106676765 0.15688795 0.10435542 0.11192403 0.14071475 0.11515031 0.091883704 0.14079435 0.09250722 0.12314801 0.12582631 0.12896934 0.11283449 0.17328353 0.08160537 0.12820014 0.12959768 0.090251796 0.10628432 0.13959254 0.11993425 0.15374751 0.13408177 0.11467594 0.119013 0.08521485 0.10470362 0.19523785 0.17088914 0.19702354 0.145494 0.11061033 0.18990605 0.18611275 0.19895291 0.1428918 0.28948063 0.12446706 0.1623376 0.21981037 0.088890426 0.20994376 0.13159834 0.10331142 0.18690585 0.081911795 0.11814715 0.15907507 0.10247401 0.11345421 0.11445607 0.13179494 0.14047095 0.13671847 0.15103762 0.15292634 0.31347334 0.08943954 0.18540923 0.13771096 0.08356493 0.1612972 0.08616192 0.123664945 0.14426142 0.11603576 0.13222517 0.13220139 0.14606953 0.1203604 0.122843236 0.22892341 0.12733167 0.09256628 0.11752932 0.086603895 0.20768455 0.10186108 0.34151077 0.13005903 0.105709925 0.09704476 0.07967541 0.14069772 0.104819626 0.09118927 0.121854 0.25753656 0.22508316 0.08196834 0.12881331 0.11036821 0.082940206 0.14394315 0.123691045 0.09052288 0.10330616 0.21738774 0.07498608 0.37194636 0.117267065 0.117592394 0.10427389 0.1107653 0.13328111 0.15218598 0.09748105 0.13753837 0.12775475 0.08219596 0.13191721 0.34161443 0.17511566 0.0824656 0.082972094 0.15039618 0.15006453 0.16971211 0.10116641 0.10379446 0.11796982 0.12698689 0.1777795 0.14982985 0.15361905 0.10659417 0.13877346 0.1130662 0.46669233 0.13761817 0.06891227 0.09363346 0.09612706 0.22368032 0.08348818 0.09611693 0.12812774 0.10767376 0.12733541 0.1248567 0.077786386 0.13343866 0.066717386 0.14717805 0.124715395 0.12280665 0.09557644 0.090404764 0.12367822 0.18043725 0.2806411 0.13756223 0.16830163 0.18441394 0.085014306 0.09395743 0.1279185 0.12757836 0.18897009 0.0851 0.12069468 0.082785666 0.10359052 0.16988918 0.112288885 0.12566295 0.089812644 0.06952169 0.0895169 0.14045778 0.13300642 0.1900023 0.17304154 0.08365196 0.104357146 0.106371336 0.10316542 0.22094224 0.15174957 0.094424516 0.1692765 0.14631149 0.19570497 0.08553113 0.12006533 0.12360036 0.08198267 0.08938679 0.12807854 0.09784477 0.1193246 0.10702357 0.088580705 0.106781736 0.13522398 0.13225408 0.12644067 0.083954655 0.109792136 0.11115546 0.13431676 0.14285448 0.08638631 0.091850385 0.07814489 0.13953918 0.09662454 0.33088157 0.115101494 0.12485623 0.09791865 0.110771574 0.11833455 0.26751685 0.13840193 0.11006811 0.086974844 0.57422787 0.101992965 0.114254296 0.12765428 0.12941311 0.27017206 0.123418845 0.10914455 0.17835322 0.29246995 0.07440821 0.082978226 0.28694382 0.08587338 0.1435647 0.099510305 0.11115599 0.16606477 0.11423408 0.08452381 0.27921695 0.12077844 0.0934431 0.1558348 0.100526996 0.14597505 0.1555848 0.12502299 0.1584247 0.088761725 0.122549474 0.08275884 0.07452796 0.1065124 0.10545766 0.08896443 0.10863218 0.12544152 0.09623612 0.08513362 0.13778397 0.09559172 0.09462885 0.136031 0.08771383 0.084447496 0.09992539 0.22716138 0.15615475 0.09988175 0.08602433 0.12512316 0.09484931 0.12569441 0.14607307 0.12044686 0.08452341 0.18974666 0.108821966 0.11511969 0.0849797 0.12559894 0.112974785 0.22059062 0.119899884 0.105925836 0.078287296 0.12441112 0.087979116 0.1481413 0.07101783 0.091686875 0.114129245 0.107364714 0.10700757 0.12101219 0.093277924 0.16881469 0.09242435 0.12636882 0.11249335 0.15852569 0.17450376 0.0841644 0.14014278 0.13873865 0.23524138 0.08260283 0.0826693 0.10273803 0.09731479 0.110660054 0.078250766 0.14603359 0.10610659 0.25807503 0.11076202 0.079862006 0.113669634 0.11759418 0.1322659 0.180892 0.12926261 0.2068894 0.08835578 0.082337506 0.08443087 0.08624207 0.06251347 0.1585931 0.10418826 0.09677629 0.1369032 0.11034226 0.28839174 0.24166475 0.2050217 0.15038976 0.0961986 0.14363606 0.1840577 0.23479103 0.16895774 0.1429288 0.09067264 0.23424253 0.08816846 0.18174885 0.20889148 0.10417989 0.15111488 0.11635722 0.086579554 0.12803152 0.090363406 0.11747716 0.19194447 0.1374748 0.13625321 0.1208354 0.28638294 0.20647343 0.13931243 0.096502416 0.33276203 0.11657814 0.16166689 0.0884303 0.10524645 0.18365747 0.121612184 0.11880826 0.19678056 0.14471424 0.13144104 0.18565613 0.12013508 0.081959344 0.13501094 0.11515029 0.1146968 0.07277869 0.28813785 0.11939908 0.09052895 0.09712409 0.080872 0.11944934 0.25646603 0.12053197 0.13523106 0.11096547 0.1740632 0.086957514 0.076144084 0.20022883 0.08465855 0.10422608 0.09667274 0.10716129 0.12354169 0.17799199 0.09528755 0.21547437 0.13839516 0.1061857 0.14979535 0.07397163 0.20160809 0.0873891 0.11751316 0.0934137 0.09650826 0.14377418 0.0860006 0.1274773 0.10577913 0.22663578 0.11409589 0.121743344 0.10455343 0.10822597 0.11570985 0.16835213 0.14315733 0.13970117 0.15834916 0.11892997 0.12497749 0.44670403 0.074581884 0.29025796 0.08778297 0.10360564 0.09322618 0.28752515 0.31205326 0.38702664 0.11096295 0.08051819 0.2578693 0.15266095 0.111993514 0.090738475 0.10548004 0.11991979 0.13456282 0.14470255 0.105430596 0.11585037 0.09126673 0.19035344 0.14067082 0.07418946 0.23299742 0.118103564 0.17323968 0.13553299 0.13696513 0.11441572,0.16488938 0.13741006 0.22060066 0.1506705 0.10313138 0.08355751 0.07644166 0.16259713 0.09212368 0.11425774 0.1075349 0.10137509 0.109538965 0.21767734 0.12856801 0.07956949 0.14386506 0.16340563 0.1866515 0.1561382 0.15127482 0.10024309 0.10359839 0.10266649 0.13579139 0.15389137 0.074747495 0.12540162 0.07258472 0.09911346 0.11208309 0.093173966 0.12038826 0.16840103 0.14211467 0.10849887 0.10377424 0.08866738 0.1471739 0.18248546 0.0972103 0.08075006 0.18271269 0.09024526 0.075589724 0.11012846 0.15130545 0.116015404 0.20123145 0.083466694 0.09088762 0.19647256 0.097775474 0.1004976 0.11234648 0.10666374 0.1568688 0.10434268 0.111910366 0.14069757 0.11513626 0.09187249 0.14077717 0.092495926 0.12313298 0.12581097 0.12895359 0.11282072 0.17326239 0.08159541 0.1281845 0.12958185 0.09024078 0.10627135 0.1395755 0.11991962 0.15372875 0.1340654 0.11466194 0.11899847 0.08520445 0.10469084 0.19521402 0.17086829 0.1969995 0.14547625 0.11059683 0.18988286 0.18609002 0.19892862 0.14287435 0.28944528 0.12445187 0.1623178 0.21978354 0.08887958 0.20991813 0.13158228 0.10329881 0.18688303 0.0819018 0.118132725 0.15905565 0.10246151 0.11344036 0.1144421 0.13177885 0.1404538 0.13670179 0.15101919 0.15290767 0.3134351 0.089428626 0.18538661 0.13769415 0.08355473 0.16127752 0.0861514 0.12364986 0.14424382 0.1160216 0.13220903 0.13218527 0.14605169 0.12034571 0.122828245 0.22889547 0.12731613 0.09255499 0.117514975 0.08659333 0.2076592 0.10184865 0.34146908 0.13004316 0.10569703 0.09703292 0.07966569 0.14068054 0.10480683 0.09117815 0.12183913 0.25750515 0.22505568 0.08195834 0.12879759 0.11035474 0.08293009 0.14392558 0.12367595 0.09051183 0.10329355 0.2173612 0.07497692 0.37190098 0.11725275 0.117578045 0.10426117 0.11075178 0.13326485 0.1521674 0.09746916 0.13752158 0.12773915 0.082185924 0.1319011 0.34157273 0.17509429 0.08245553 0.08296197 0.15037784 0.15004621 0.1696914 0.10115407 0.1037818 0.11795542 0.1269714 0.1777578 0.14981157 0.1536003 0.10658116 0.13875653 0.1130524 0.3791519 0.13760138 0.068903856 0.09362204 0.096115336 0.22365302 0.083478 0.096105196 0.1281121 0.10766062 0.12731987 0.12484147 0.077776894 0.13342237 0.06670924 0.14716008 0.124700174 0.12279167 0.09556478 0.09039373 0.12366313 0.18041523 0.28060687 0.13754545 0.16828108 0.18439142 0.085003935 0.093945965 0.1279029 0.12756279 0.18894704 0.08508962 0.12067995 0.08277556 0.103577875 0.16986844 0.112275176 0.12564762 0.089801684 0.0695132 0.08950597 0.14044063 0.13299018 0.18997912 0.17302042 0.08364175 0.104344405 0.10635835 0.10315283 0.22091529 0.15173104 0.094413 0.16925584 0.14629363 0.19568108 0.08552069 0.12005068 0.12358528 0.081972666 0.08937588 0.1280629 0.097832836 0.119310044 0.107010506 0.088569894 0.106768705 0.13520747 0.13223794 0.12642525 0.08394441 0.10977873 0.1111419 0.13430037 0.14283705 0.086375766 0.09183918 0.07813536 0.13952215 0.09661275 0.33084118 0.11508744 0.124841 0.0979067 0.11075805 0.1183201 0.2674842 0.13838504 0.11005468 0.086964235 0.43063587 0.10198052 0.11424035 0.1276387 0.12939732 0.27013907 0.12340379 0.10913123 0.17833146 0.29243428 0.07439913 0.0829681 0.2869088 0.085862905 0.14354718 0.09949816 0.11114243 0.1660445 0.11422014 0.0845135 0.27918285 0.1207637 0.093431704 0.15581577 0.10051473 0.14595725 0.15556581 0.12500773 0.15840536 0.08875089 0.12253451 0.08274874 0.07451886 0.1064994 0.10544479 0.08895358 0.108618915 0.1254262 0.09622437 0.085123226 0.13776715 0.09558005 0.0946173 0.1360144 0.08770312 0.084437184 0.099913195 0.17035717 0.1561357 0.099869564 0.08601383 0.12510788 0.09483774 0.12567906 0.14605524 0.12043216 0.08451309 0.1897235 0.10880869 0.115105644 0.08496933 0.12558362 0.112961 0.22056371 0.11988525 0.10591291 0.07827774 0.12439594 0.08796838 0.1481232 0.07100916 0.091675684 0.11411531 0.107351616 0.10699451 0.12099742 0.09326654 0.1687941 0.09241307 0.1263534 0.11247963 0.15850633 0.17448246 0.08415414 0.14012568 0.1387217 0.23521268 0.08259275 0.082659215 0.10272549 0.09730291 0.11064655 0.07824122 0.14601576 0.10609364 0.25804353 0.1107485 0.07985226 0.11365576 0.11757983 0.13224974 0.18086994 0.12924685 0.20686415 0.08834499 0.08232746 0.08442057 0.08623155 0.06250584 0.15857375 0.10417555 0.09676448 0.13688649 0.110328786 0.28835654 0.24163526 0.20499668 0.15037142 0.09618687 0.14361852 0.18403523 0.15407266 0.16893712 0.14291136 0.09066158 0.23421393 0.0881577 0.18172668 0.20886599 0.10416717 0.15109645 0.11634302 0.08656899 0.1280159 0.09035238 0.11746282 0.19192104 0.13745803 0.13623658 0.12082065 0.28634802 0.20644823 0.13929543 0.096490644 0.33272144 0.116563916 0.16164716 0.088419504 0.1052336 0.18363506 0.12159734 0.11879376 0.19675656 0.14469658 0.13142501 0.18563348 0.12012041 0.08194934 0.13499448 0.115136236 0.11468281 0.072769806 0.2881027 0.119384505 0.0905179 0.09711224 0.080862135 0.11943477 0.25643474 0.120517254 0.13521457 0.11095193 0.17404197 0.0869469 0.07613479 0.20020439 0.08464822 0.104213364 0.09666094 0.10714821 0.12352662 0.17797026 0.095275916 0.21544808 0.13837826 0.10617273 0.14977707 0.07396261 0.15119377 0.08737843 0.117498815 0.093402304 0.09649648 0.14375664 0.08599011 0.12746175 0.10576622 0.22660813 0.114081964 0.12172849 0.104540676 0.10821277 0.11569572 0.16833158 0.14313985 0.13968413 0.15832983 0.11891545 0.12496224 0.4466495 0.07457279 0.29022256 0.08777226 0.103593 0.0932148 0.28749004 0.31201518 0.3869794 0.11094941 0.080508366 0.25783783 0.15264231 0.11197984 0.0907274 0.10546716 0.11990515 0.1345464 0.1446849 0.10541773 0.11583623 0.09125559 0.1903302 0.14065365 0.07418041 0.23296899 0.118089154 0.17321853 0.13551645 0.13694842 0.11440176,,
998,3x3x512x512,0.1649095 0.13742682 0.22062759 0.15068889 0.103143975 0.08356771 0.076450996 0.16261698 0.09213492 0.114271685 0.10754802 0.101387456 0.10955234 0.21770391 0.1285837 0.0795792 0.14388263 0.16342558 0.18667428 0.15615726 0.15129328 0.100255325 0.10361104 0.10267902 0.13580798 0.15391015 0.074756615 0.12541692 0.07259358 0.09912555 0.11209677 0.09318534 0.120402955 0.1684216 0.14213201 0.10851212 0.10378691 0.088678196 0.14719185 0.18250772 0.09722217 0.08075992 0.18273498 0.09025628 0.075598955 0.1101419 0.15132393 0.11602956 0.20125602 0.083476886 0.090898715 0.19649655 0.09778741 0.100509875 0.112360194 0.106676765 0.15688795 0.10435542 0.11192403 0.14071475 0.11515031 0.091883704 0.14079435 0.09250722 0.12314801 0.12582631 0.12896934 0.11283449 0.17328353 0.08160537 0.12820014 0.12959768 0.090251796 0.10628432 0.13959254 0.11993425 0.15374751 0.13408177 0.11467594 0.119013 0.08521485 0.10470362 0.19523785 0.17088914 0.19702354 0.145494 0.11061033 0.18990605 0.18611275 0.19895291 0.1428918 0.28948063 0.12446706 0.1623376 0.21981037 0.088890426 0.20994376 0.13159834 0.10331142 0.18690585 0.081911795 0.11814715 0.15907507 0.10247401 0.11345421 0.11445607 0.13179494 0.14047095 0.13671847 0.15103762 0.15292634 0.31347334 0.08943954 0.18540923 0.13771096 0.08356493 0.1612972 0.08616192 0.123664945 0.14426142 0.11603576 0.13222517 0.13220139 0.14606953 0.1203604 0.122843236 0.22892341 0.12733167 0.09256628 0.11752932 0.086603895 0.20768455 0.10186108 0.34151077 0.13005903 0.105709925 0.09704476 0.07967541 0.14069772 0.104819626 0.09118927 0.121854 0.25753656 0.22508316 0.08196834 0.12881331 0.11036821 0.082940206 0.14394315 0.123691045 0.09052288 0.10330616 0.21738774 0.07498608 0.37194636 0.117267065 0.117592394 0.10427389 0.1107653 0.13328111 0.15218598 0.09748105 0.13753837 0.12775475 0.08219596 0.13191721 0.34161443 0.17511566 0.0824656 0.082972094 0.15039618 0.15006453 0.16971211 0.10116641 0.10379446 0.11796982 0.12698689 0.1777795 0.14982985 0.15361905 0.10659417 0.13877346 0.1130662 0.46669233 0.13761817 0.06891227 0.09363346 0.09612706 0.22368032 0.08348818 0.09611693 0.12812774 0.10767376 0.12733541 0.1248567 0.077786386 0.13343866 0.066717386 0.14717805 0.124715395 0.12280665 0.09557644 0.090404764 0.12367822 0.18043725 0.2806411 0.13756223 0.16830163 0.18441394 0.085014306 0.09395743 0.1279185 0.12757836 0.18897009 0.0851 0.12069468 0.082785666 0.10359052 0.16988918 0.112288885 0.12566295 0.089812644 0.06952169 0.0895169 0.14045778 0.13300642 0.1900023 0.17304154 0.08365196 0.104357146 0.106371336 0.10316542 0.22094224 0.15174957 0.094424516 0.1692765 0.14631149 0.19570497 0.08553113 0.12006533 0.12360036 0.08198267 0.08938679 0.12807854 0.09784477 0.1193246 0.10702357 0.088580705 0.106781736 0.13522398 0.13225408 0.12644067 0.083954655 0.109792136 0.11115546 0.13431676 0.14285448 0.08638631 0.091850385 0.07814489 0.13953918 0.09662454 0.33088157 0.115101494 0.12485623 0.09791865 0.110771574 0.11833455 0.26751685 0.13840193 0.11006811 0.086974844 0.57422787 0.101992965 0.114254296 0.12765428 0.12941311 0.27017206 0.123418845 0.10914455 0.17835322 0.29246995 0.07440821 0.082978226 0.28694382 0.08587338 0.1435647 0.099510305 0.11115599 0.16606477 0.11423408 0.08452381 0.27921695 0.12077844 0.0934431 0.1558348 0.100526996 0.14597505 0.1555848 0.12502299 0.1584247 0.088761725 0.122549474 0.08275884 0.07452796 0.1065124 0.10545766 0.08896443 0.10863218 0.12544152 0.09623612 0.08513362 0.13778397 0.09559172 0.09462885 0.136031 0.08771383 0.084447496 0.09992539 0.22716138 0.15615475 0.09988175 0.08602433 0.12512316 0.09484931 0.12569441 0.14607307 0.12044686 0.08452341 0.18974666 0.108821966 0.11511969 0.0849797 0.12559894 0.112974785 0.22059062 0.119899884 0.105925836 0.078287296 0.12441112 0.087979116 0.1481413 0.07101783 0.091686875 0.114129245 0.107364714 0.10700757 0.12101219 0.093277924 0.16881469 0.09242435 0.12636882 0.11249335 0.15852569 0.17450376 0.0841644 0.14014278 0.13873865 0.23524138 0.08260283 0.0826693 0.10273803 0.09731479 0.110660054 0.078250766 0.14603359 0.10610659 0.25807503 0.11076202 0.079862006 0.113669634 0.11759418 0.1322659 0.180892 0.12926261 0.2068894 0.08835578 0.082337506 0.08443087 0.08624207 0.06251347 0.1585931 0.10418826 0.09677629 0.1369032 0.11034226 0.28839174 0.24166475 0.2050217 0.15038976 0.0961986 0.14363606 0.1840577 0.23479103 0.16895774 0.1429288 0.09067264 0.23424253 0.08816846 0.18174885 0.20889148 0.10417989 0.15111488 0.11635722 0.086579554 0.12803152 0.090363406 0.11747716 0.19194447 0.1374748 0.13625321 0.1208354 0.28638294 0.20647343 0.13931243 0.096502416 0.33276203 0.11657814 0.16166689 0.0884303 0.10524645 0.18365747 0.121612184 0.11880826 0.19678056 0.14471424 0.13144104 0.18565613 0.12013508 0.081959344 0.13501094 0.11515029 0.1146968 0.07277869 0.28813785 0.11939908 0.09052895 0.09712409 0.080872 0.11944934 0.25646603 0.12053197 0.13523106 0.11096547 0.1740632 0.086957514 0.076144084 0.20022883 0.08465855 0.10422608 0.09667274 0.10716129 0.12354169 0.17799199 0.09528755 0.21547437 0.13839516 0.1061857 0.14979535 0.07397163 0.20160809 0.0873891 0.11751316 0.0934137 0.09650826 0.14377418 0.0860006 0.1274773 0.10577913 0.22663578 0.11409589 0.121743344 0.10455343 0.10822597 0.11570985 0.16835213 0.14315733 0.13970117 0.15834916 0.11892997 0.12497749 0.44670403 0.074581884 0.29025796 0.08778297 0.10360564 0.09322618 0.28752515 0.31205326 0.38702664 0.11096295 0.08051819 0.2578693 0.15266095 0.111993514 0.090738475 0.10548004 0.11991979 0.13456282 0.14470255 0.105430596 0.11585037 0.09126673 0.19035344 0.14067082 0.07418946 0.23299742 0.118103564 0.17323968 0.13553299 0.13696513 0.11441572,0.16488938 0.13741006 0.22060066 0.1506705 0.10313138 0.08355751 0.07644166 0.16259713 0.09212368 0.11425774 0.1075349 0.10137509 0.109538965 0.21767734 0.12856801 0.07956949 0.14386506 0.16340563 0.1866515 0.1561382 0.15127482 0.10024309 0.10359839 0.10266649 0.13579139 0.15389137 0.074747495 0.12540162 0.07258472 0.09911346 0.11208309 0.093173966 0.12038826 0.16840103 0.14211467 0.10849887 0.10377424 0.08866738 0.1471739 0.18248546 0.0972103 0.08075006 0.18271269 0.09024526 0.075589724 0.11012846 0.15130545 0.116015404 0.20123145 0.083466694 0.09088762 0.19647256 0.097775474 0.1004976 0.11234648 0.10666374 0.1568688 0.10434268 0.111910366 0.14069757 0.11513626 0.09187249 0.14077717 0.092495926 0.12313298 0.12581097 0.12895359 0.11282072 0.17326239 0.08159541 0.1281845 0.12958185 0.09024078 0.10627135 0.1395755 0.11991962 0.15372875 0.1340654 0.11466194 0.11899847 0.08520445 0.10469084 0.19521402 0.17086829 0.1969995 0.14547625 0.11059683 0.18988286 0.18609002 0.19892862 0.14287435 0.28944528 0.12445187 0.1623178 0.21978354 0.08887958 0.20991813 0.13158228 0.10329881 0.18688303 0.0819018 0.118132725 0.15905565 0.10246151 0.11344036 0.1144421 0.13177885 0.1404538 0.13670179 0.15101919 0.15290767 0.3134351 0.089428626 0.18538661 0.13769415 0.08355473 0.16127752 0.0861514 0.12364986 0.14424382 0.1160216 0.13220903 0.13218527 0.14605169 0.12034571 0.122828245 0.22889547 0.12731613 0.09255499 0.117514975 0.08659333 0.2076592 0.10184865 0.34146908 0.13004316 0.10569703 0.09703292 0.07966569 0.14068054 0.10480683 0.09117815 0.12183913 0.25750515 0.22505568 0.08195834 0.12879759 0.11035474 0.08293009 0.14392558 0.12367595 0.09051183 0.10329355 0.2173612 0.07497692 0.37190098 0.11725275 0.117578045 0.10426117 0.11075178 0.13326485 0.1521674 0.09746916 0.13752158 0.12773915 0.082185924 0.1319011 0.34157273 0.17509429 0.08245553 0.08296197 0.15037784 0.15004621 0.1696914 0.10115407 0.1037818 0.11795542 0.1269714 0.1777578 0.14981157 0.1536003 0.10658116 0.13875653 0.1130524 0.3791519 0.13760138 0.068903856 0.09362204 0.096115336 0.22365302 0.083478 0.096105196 0.1281121 0.10766062 0.12731987 0.12484147 0.077776894 0.13342237 0.06670924 0.14716008 0.124700174 0.12279167 0.09556478 0.09039373 0.12366313 0.18041523 0.28060687 0.13754545 0.16828108 0.18439142 0.085003935 0.093945965 0.1279029 0.12756279 0.18894704 0.08508962 0.12067995 0.08277556 0.103577875 0.16986844 0.112275176 0.12564762 0.089801684 0.0695132 0.08950597 0.14044063 0.13299018 0.18997912 0.17302042 0.08364175 0.104344405 0.10635835 0.10315283 0.22091529 0.15173104 0.094413 0.16925584 0.14629363 0.19568108 0.08552069 0.12005068 0.12358528 0.081972666 0.08937588 0.1280629 0.097832836 0.119310044 0.107010506 0.088569894 0.106768705 0.13520747 0.13223794 0.12642525 0.08394441 0.10977873 0.1111419 0.13430037 0.14283705 0.086375766 0.09183918 0.07813536 0.13952215 0.09661275 0.33084118 0.11508744 0.124841 0.0979067 0.11075805 0.1183201 0.2674842 0.13838504 0.11005468 0.086964235 0.43063587 0.10198052 0.11424035 0.1276387 0.12939732 0.27013907 0.12340379 0.10913123 0.17833146 0.29243428 0.07439913 0.0829681 0.2869088 0.085862905 0.14354718 0.09949816 0.11114243 0.1660445 0.11422014 0.0845135 0.27918285 0.1207637 0.093431704 0.15581577 0.10051473 0.14595725 0.15556581 0.12500773 0.15840536 0.08875089 0.12253451 0.08274874 0.07451886 0.1064994 0.10544479 0.08895358 0.108618915 0.1254262 0.09622437 0.085123226 0.13776715 0.09558005 0.0946173 0.1360144 0.08770312 0.084437184 0.099913195 0.17035717 0.1561357 0.099869564 0.08601383 0.12510788 0.09483774 0.12567906 0.14605524 0.12043216 0.08451309 0.1897235 0.10880869 0.115105644 0.08496933 0.12558362 0.112961 0.22056371 0.11988525 0.10591291 0.07827774 0.12439594 0.08796838 0.1481232 0.07100916 0.091675684 0.11411531 0.107351616 0.10699451 0.12099742 0.09326654 0.1687941 0.09241307 0.1263534 0.11247963 0.15850633 0.17448246 0.08415414 0.14012568 0.1387217 0.23521268 0.08259275 0.082659215 0.10272549 0.09730291 0.11064655 0.07824122 0.14601576 0.10609364 0.25804353 0.1107485 0.07985226 0.11365576 0.11757983 0.13224974 0.18086994 0.12924685 0.20686415 0.08834499 0.08232746 0.08442057 0.08623155 0.06250584 0.15857375 0.10417555 0.09676448 0.13688649 0.110328786 0.28835654 0.24163526 0.20499668 0.15037142 0.09618687 0.14361852 0.18403523 0.15407266 0.16893712 0.14291136 0.09066158 0.23421393 0.0881577 0.18172668 0.20886599 0.10416717 0.15109645 0.11634302 0.08656899 0.1280159 0.09035238 0.11746282 0.19192104 0.13745803 0.13623658 0.12082065 0.28634802 0.20644823 0.13929543 0.096490644 0.33272144 0.116563916 0.16164716 0.088419504 0.1052336 0.18363506 0.12159734 0.11879376 0.19675656 0.14469658 0.13142501 0.18563348 0.12012041 0.08194934 0.13499448 0.115136236 0.11468281 0.072769806 0.2881027 0.119384505 0.0905179 0.09711224 0.080862135 0.11943477 0.25643474 0.120517254 0.13521457 0.11095193 0.17404197 0.0869469 0.07613479 0.20020439 0.08464822 0.104213364 0.09666094 0.10714821 0.12352662 0.17797026 0.095275916 0.21544808 0.13837826 0.10617273 0.14977707 0.07396261 0.15119377 0.08737843 0.117498815 0.093402304 0.09649648 0.14375664 0.08599011 0.12746175 0.10576622 0.22660813 0.114081964 0.12172849 0.104540676 0.10821277 0.11569572 0.16833158 0.14313985 0.13968413 0.15832983 0.11891545 0.12496224 0.4466495 0.07457279 0.29022256 0.08777226 0.103593 0.0932148 0.28749004 0.31201518 0.3869794 0.11094941 0.080508366 0.25783783 0.15264231 0.11197984 0.0907274 0.10546716 0.11990515 0.1345464 0.1446849 0.10541773 0.11583623 0.09125559 0.1903302 0.14065365 0.07418041 0.23296899 0.118089154 0.17321853 0.13551645 0.13694842 0.11440176,,
1002,3x3x512x512,0.1649095 0.13742682 0.22062759 0.15068889 0.103143975 0.08356771 0.076450996 0.16261698 0.09213492 0.114271685 0.10754802 0.101387456 0.10955234 0.21770391 0.1285837 0.0795792 0.14388263 0.16342558 0.18667428 0.15615726 0.15129328 0.100255325 0.10361104 0.10267902 0.13580798 0.15391015 0.074756615 0.12541692 0.07259358 0.09912555 0.11209677 0.09318534 0.120402955 0.1684216 0.14213201 0.10851212 0.10378691 0.088678196 0.14719185 0.18250772 0.09722217 0.08075992 0.18273498 0.09025628 0.075598955 0.1101419 0.15132393 0.11602956 0.20125602 0.083476886 0.090898715 0.19649655 0.09778741 0.100509875 0.112360194 0.106676765 0.15688795 0.10435542 0.11192403 0.14071475 0.11515031 0.091883704 0.14079435 0.09250722 0.12314801 0.12582631 0.12896934 0.11283449 0.17328353 0.08160537 0.12820014 0.12959768 0.090251796 0.10628432 0.13959254 0.11993425 0.15374751 0.13408177 0.11467594 0.119013 0.08521485 0.10470362 0.19523785 0.17088914 0.19702354 0.145494 0.11061033 0.18990605 0.18611275 0.19895291 0.1428918 0.28948063 0.12446706 0.1623376 0.21981037 0.088890426 0.20994376 0.13159834 0.10331142 0.18690585 0.081911795 0.11814715 0.15907507 0.10247401 0.11345421 0.11445607 0.13179494 0.14047095 0.13671847 0.15103762 0.15292634 0.31347334 0.08943954 0.18540923 0.13771096 0.08356493 0.1612972 0.08616192 0.123664945 0.14426142 0.11603576 0.13222517 0.13220139 0.14606953 0.1203604 0.122843236 0.22892341 0.12733167 0.09256628 0.11752932 0.086603895 0.20768455 0.10186108 0.34151077 0.13005903 0.105709925 0.09704476 0.07967541 0.14069772 0.104819626 0.09118927 0.121854 0.25753656 0.22508316 0.08196834 0.12881331 0.11036821 0.082940206 0.14394315 0.123691045 0.09052288 0.10330616 0.21738774 0.07498608 0.37194636 0.117267065 0.117592394 0.10427389 0.1107653 0.13328111 0.15218598 0.09748105 0.13753837 0.12775475 0.08219596 0.13191721 0.34161443 0.17511566 0.0824656 0.082972094 0.15039618 0.15006453 0.16971211 0.10116641 0.10379446 0.11796982 0.12698689 0.1777795 0.14982985 0.15361905 0.10659417 0.13877346 0.1130662 0.46669233 0.13761817 0.06891227 0.09363346 0.09612706 0.22368032 0.08348818 0.09611693 0.12812774 0.10767376 0.12733541 0.1248567 0.077786386 0.13343866 0.066717386 0.14717805 0.124715395 0.12280665 0.09557644 0.090404764 0.12367822 0.18043725 0.2806411 0.13756223 0.16830163 0.18441394 0.085014306 0.09395743 0.1279185 0.12757836 0.18897009 0.0851 0.12069468 0.082785666 0.10359052 0.16988918 0.112288885 0.12566295 0.089812644 0.06952169 0.0895169 0.14045778 0.13300642 0.1900023 0.17304154 0.08365196 0.104357146 0.106371336 0.10316542 0.22094224 0.15174957 0.094424516 0.1692765 0.14631149 0.19570497 0.08553113 0.12006533 0.12360036 0.08198267 0.08938679 0.12807854 0.09784477 0.1193246 0.10702357 0.088580705 0.106781736 0.13522398 0.13225408 0.12644067 0.083954655 0.109792136 0.11115546 0.13431676 0.14285448 0.08638631 0.091850385 0.07814489 0.13953918 0.09662454 0.33088157 0.115101494 0.12485623 0.09791865 0.110771574 0.11833455 0.26751685 0.13840193 0.11006811 0.086974844 0.57422787 0.101992965 0.114254296 0.12765428 0.12941311 0.27017206 0.123418845 0.10914455 0.17835322 0.29246995 0.07440821 0.082978226 0.28694382 0.08587338 0.1435647 0.099510305 0.11115599 0.16606477 0.11423408 0.08452381 0.27921695 0.12077844 0.0934431 0.1558348 0.100526996 0.14597505 0.1555848 0.12502299 0.1584247 0.088761725 0.122549474 0.08275884 0.07452796 0.1065124 0.10545766 0.08896443 0.10863218 0.12544152 0.09623612 0.08513362 0.13778397 0.09559172 0.09462885 0.136031 0.08771383 0.084447496 0.09992539 0.22716138 0.15615475 0.09988175 0.08602433 0.12512316 0.09484931 0.12569441 0.14607307 0.12044686 0.08452341 0.18974666 0.108821966 0.11511969 0.0849797 0.12559894 0.112974785 0.22059062 0.119899884 0.105925836 0.078287296 0.12441112 0.087979116 0.1481413 0.07101783 0.091686875 0.114129245 0.107364714 0.10700757 0.12101219 0.093277924 0.16881469 0.09242435 0.12636882 0.11249335 0.15852569 0.17450376 0.0841644 0.14014278 0.13873865 0.23524138 0.08260283 0.0826693 0.10273803 0.09731479 0.110660054 0.078250766 0.14603359 0.10610659 0.25807503 0.11076202 0.079862006 0.113669634 0.11759418 0.1322659 0.180892 0.12926261 0.2068894 0.08835578 0.082337506 0.08443087 0.08624207 0.06251347 0.1585931 0.10418826 0.09677629 0.1369032 0.11034226 0.28839174 0.24166475 0.2050217 0.15038976 0.0961986 0.14363606 0.1840577 0.23479103 0.16895774 0.1429288 0.09067264 0.23424253 0.08816846 0.18174885 0.20889148 0.10417989 0.15111488 0.11635722 0.086579554 0.12803152 0.090363406 0.11747716 0.19194447 0.1374748 0.13625321 0.1208354 0.28638294 0.20647343 0.13931243 0.096502416 0.33276203 0.11657814 0.16166689 0.0884303 0.10524645 0.18365747 0.121612184 0.11880826 0.19678056 0.14471424 0.13144104 0.18565613 0.12013508 0.081959344 0.13501094 0.11515029 0.1146968 0.07277869 0.28813785 0.11939908 0.09052895 0.09712409 0.080872 0.11944934 0.25646603 0.12053197 0.13523106 0.11096547 0.1740632 0.086957514 0.076144084 0.20022883 0.08465855 0.10422608 0.09667274 0.10716129 0.12354169 0.17799199 0.09528755 0.21547437 0.13839516 0.1061857 0.14979535 0.07397163 0.20160809 0.0873891 0.11751316 0.0934137 0.09650826 0.14377418 0.0860006 0.1274773 0.10577913 0.22663578 0.11409589 0.121743344 0.10455343 0.10822597 0.11570985 0.16835213 0.14315733 0.13970117 0.15834916 0.11892997 0.12497749 0.44670403 0.074581884 0.29025796 0.08778297 0.10360564 0.09322618 0.28752515 0.31205326 0.38702664 0.11096295 0.08051819 0.2578693 0.15266095 0.111993514 0.090738475 0.10548004 0.11991979 0.13456282 0.14470255 0.105430596 0.11585037 0.09126673 0.19035344 0.14067082 0.07418946 0.23299742 0.118103564 0.17323968 0.13553299 0.13696513 0.11441572,0.16488938 0.13741006 0.22060066 0.1506705 0.10313138 0.08355751 0.07644166 0.16259713 0.09212368 0.11425774 0.1075349 0.10137509 0.109538965 0.21767734 0.12856801 0.07956949 0.14386506 0.16340563 0.1866515 0.1561382 0.15127482 0.10024309 0.10359839 0.10266649 0.13579139 0.15389137 0.074747495 0.12540162 0.07258472 0.09911346 0.11208309 0.093173966 0.12038826 0.16840103 0.14211467 0.10849887 0.10377424 0.08866738 0.1471739 0.18248546 0.0972103 0.08075006 0.18271269 0.09024526 0.075589724 0.11012846 0.15130545 0.116015404 0.20123145 0.083466694 0.09088762 0.19647256 0.097775474 0.1004976 0.11234648 0.10666374 0.1568688 0.10434268 0.111910366 0.14069757 0.11513626 0.09187249 0.14077717 0.092495926 0.12313298 0.12581097 0.12895359 0.11282072 0.17326239 0.08159541 0.1281845 0.12958185 0.09024078 0.10627135 0.1395755 0.11991962 0.15372875 0.1340654 0.11466194 0.11899847 0.08520445 0.10469084 0.19521402 0.17086829 0.1969995 0.14547625 0.11059683 0.18988286 0.18609002 0.19892862 0.14287435 0.28944528 0.12445187 0.1623178 0.21978354 0.08887958 0.20991813 0.13158228 0.10329881 0.18688303 0.0819018 0.118132725 0.15905565 0.10246151 0.11344036 0.1144421 0.13177885 0.1404538 0.13670179 0.15101919 0.15290767 0.3134351 0.089428626 0.18538661 0.13769415 0.08355473 0.16127752 0.0861514 0.12364986 0.14424382 0.1160216 0.13220903 0.13218527 0.14605169 0.12034571 0.122828245 0.22889547 0.12731613 0.09255499 0.117514975 0.08659333 0.2076592 0.10184865 0.34146908 0.13004316 0.10569703 0.09703292 0.07966569 0.14068054 0.10480683 0.09117815 0.12183913 0.25750515 0.22505568 0.08195834 0.12879759 0.11035474 0.08293009 0.14392558 0.12367595 0.09051183 0.10329355 0.2173612 0.07497692 0.37190098 0.11725275 0.117578045 0.10426117 0.11075178 0.13326485 0.1521674 0.09746916 0.13752158 0.12773915 0.082185924 0.1319011 0.34157273 0.17509429 0.08245553 0.08296197 0.15037784 0.15004621 0.1696914 0.10115407 0.1037818 0.11795542 0.1269714 0.1777578 0.14981157 0.1536003 0.10658116 0.13875653 0.1130524 0.3791519 0.13760138 0.068903856 0.09362204 0.096115336 0.22365302 0.083478 0.096105196 0.1281121 0.10766062 0.12731987 0.12484147 0.077776894 0.13342237 0.06670924 0.14716008 0.124700174 0.12279167 0.09556478 0.09039373 0.12366313 0.18041523 0.28060687 0.13754545 0.16828108 0.18439142 0.085003935 0.093945965 0.1279029 0.12756279 0.18894704 0.08508962 0.12067995 0.08277556 0.103577875 0.16986844 0.112275176 0.12564762 0.089801684 0.0695132 0.08950597 0.14044063 0.13299018 0.18997912 0.17302042 0.08364175 0.104344405 0.10635835 0.10315283 0.22091529 0.15173104 0.094413 0.16925584 0.14629363 0.19568108 0.08552069 0.12005068 0.12358528 0.081972666 0.08937588 0.1280629 0.097832836 0.119310044 0.107010506 0.088569894 0.106768705 0.13520747 0.13223794 0.12642525 0.08394441 0.10977873 0.1111419 0.13430037 0.14283705 0.086375766 0.09183918 0.07813536 0.13952215 0.09661275 0.33084118 0.11508744 0.124841 0.0979067 0.11075805 0.1183201 0.2674842 0.13838504 0.11005468 0.086964235 0.43063587 0.10198052 0.11424035 0.1276387 0.12939732 0.27013907 0.12340379 0.10913123 0.17833146 0.29243428 0.07439913 0.0829681 0.2869088 0.085862905 0.14354718 0.09949816 0.11114243 0.1660445 0.11422014 0.0845135 0.27918285 0.1207637 0.093431704 0.15581577 0.10051473 0.14595725 0.15556581 0.12500773 0.15840536 0.08875089 0.12253451 0.08274874 0.07451886 0.1064994 0.10544479 0.08895358 0.108618915 0.1254262 0.09622437 0.085123226 0.13776715 0.09558005 0.0946173 0.1360144 0.08770312 0.084437184 0.099913195 0.17035717 0.1561357 0.099869564 0.08601383 0.12510788 0.09483774 0.12567906 0.14605524 0.12043216 0.08451309 0.1897235 0.10880869 0.115105644 0.08496933 0.12558362 0.112961 0.22056371 0.11988525 0.10591291 0.07827774 0.12439594 0.08796838 0.1481232 0.07100916 0.091675684 0.11411531 0.107351616 0.10699451 0.12099742 0.09326654 0.1687941 0.09241307 0.1263534 0.11247963 0.15850633 0.17448246 0.08415414 0.14012568 0.1387217 0.23521268 0.08259275 0.082659215 0.10272549 0.09730291 0.11064655 0.07824122 0.14601576 0.10609364 0.25804353 0.1107485 0.07985226 0.11365576 0.11757983 0.13224974 0.18086994 0.12924685 0.20686415 0.08834499 0.08232746 0.08442057 0.08623155 0.06250584 0.15857375 0.10417555 0.09676448 0.13688649 0.110328786 0.28835654 0.24163526 0.20499668 0.15037142 0.09618687 0.14361852 0.18403523 0.15407266 0.16893712 0.14291136 0.09066158 0.23421393 0.0881577 0.18172668 0.20886599 0.10416717 0.15109645 0.11634302 0.08656899 0.1280159 0.09035238 0.11746282 0.19192104 0.13745803 0.13623658 0.12082065 0.28634802 0.20644823 0.13929543 0.096490644 0.33272144 0.116563916 0.16164716 0.088419504 0.1052336 0.18363506 0.12159734 0.11879376 0.19675656 0.14469658 0.13142501 0.18563348 0.12012041 0.08194934 0.13499448 0.115136236 0.11468281 0.072769806 0.2881027 0.119384505 0.0905179 0.09711224 0.080862135 0.11943477 0.25643474 0.120517254 0.13521457 0.11095193 0.17404197 0.0869469 0.07613479 0.20020439 0.08464822 0.104213364 0.09666094 0.10714821 0.12352662 0.17797026 0.095275916 0.21544808 0.13837826 0.10617273 0.14977707 0.07396261 0.15119377 0.08737843 0.117498815 0.093402304 0.09649648 0.14375664 0.08599011 0.12746175 0.10576622 0.22660813 0.114081964 0.12172849 0.104540676 0.10821277 0.11569572 0.16833158 0.14313985 0.13968413 0.15832983 0.11891545 0.12496224 0.4466495 0.07457279 0.29022256 0.08777226 0.103593 0.0932148 0.28749004 0.31201518 0.3869794 0.11094941 0.080508366 0.25783783 0.15264231 0.11197984 0.0907274 0.10546716 0.11990515 0.1345464 0.1446849 0.10541773 0.11583623 0.09125559 0.1903302 0.14065365 0.07418041 0.23296899 0.118089154 0.17321853 0.13551645 0.13694842 0.11440176,,
1006,3x3x512x512,0.1649095 0.13742682 0.22062759 0.15068889 0.103143975 0.08356771 0.076450996 0.16261698 0.09213492 0.114271685 0.10754802 0.101387456 0.10955234 0.21770391 0.1285837 0.0795792 0.14388263 0.16342558 0.18667428 0.15615726 0.15129328 0.100255325 0.10361104 0.10267902 0.13580798 0.15391015 0.074756615 0.12541692 0.07259358 0.09912555 0.11209677 0.09318534 0.120402955 0.1684216 0.14213201 0.10851212 0.10378691 0.088678196 0.14719185 0.18250772 0.09722217 0.08075992 0.18273498 0.09025628 0.075598955 0.1101419 0.15132393 0.11602956 0.20125602 0.083476886 0.090898715 0.19649655 0.09778741 0.100509875 0.112360194 0.106676765 0.15688795 0.10435542 0.11192403 0.14071475 0.11515031 0.091883704 0.14079435 0.09250722 0.12314801 0.12582631 0.12896934 0.11283449 0.17328353 0.08160537 0.12820014 0.12959768 0.090251796 0.10628432 0.13959254 0.11993425 0.15374751 0.13408177 0.11467594 0.119013 0.08521485 0.10470362 0.19523785 0.17088914 0.19702354 0.145494 0.11061033 0.18990605 0.18611275 0.19895291 0.1428918 0.28948063 0.12446706 0.1623376 0.21981037 0.088890426 0.20994376 0.13159834 0.10331142 0.18690585 0.081911795 0.11814715 0.15907507 0.10247401 0.11345421 0.11445607 0.13179494 0.14047095 0.13671847 0.15103762 0.15292634 0.31347334 0.08943954 0.18540923 0.13771096 0.08356493 0.1612972 0.08616192 0.123664945 0.14426142 0.11603576 0.13222517 0.13220139 0.14606953 0.1203604 0.122843236 0.22892341 0.12733167 0.09256628 0.11752932 0.086603895 0.20768455 0.10186108 0.34151077 0.13005903 0.105709925 0.09704476 0.07967541 0.14069772 0.104819626 0.09118927 0.121854 0.25753656 0.22508316 0.08196834 0.12881331 0.11036821 0.082940206 0.14394315 0.123691045 0.09052288 0.10330616 0.21738774 0.07498608 0.37194636 0.117267065 0.117592394 0.10427389 0.1107653 0.13328111 0.15218598 0.09748105 0.13753837 0.12775475 0.08219596 0.13191721 0.34161443 0.17511566 0.0824656 0.082972094 0.15039618 0.15006453 0.16971211 0.10116641 0.10379446 0.11796982 0.12698689 0.1777795 0.14982985 0.15361905 0.10659417 0.13877346 0.1130662 0.46669233 0.13761817 0.06891227 0.09363346 0.09612706 0.22368032 0.08348818 0.09611693 0.12812774 0.10767376 0.12733541 0.1248567 0.077786386 0.13343866 0.066717386 0.14717805 0.124715395 0.12280665 0.09557644 0.090404764 0.12367822 0.18043725 0.2806411 0.13756223 0.16830163 0.18441394 0.085014306 0.09395743 0.1279185 0.12757836 0.18897009 0.0851 0.12069468 0.082785666 0.10359052 0.16988918 0.112288885 0.12566295 0.089812644 0.06952169 0.0895169 0.14045778 0.13300642 0.1900023 0.17304154 0.08365196 0.104357146 0.106371336 0.10316542 0.22094224 0.15174957 0.094424516 0.1692765 0.14631149 0.19570497 0.08553113 0.12006533 0.12360036 0.08198267 0.08938679 0.12807854 0.09784477 0.1193246 0.10702357 0.088580705 0.106781736 0.13522398 0.13225408 0.12644067 0.083954655 0.109792136 0.11115546 0.13431676 0.14285448 0.08638631 0.091850385 0.07814489 0.13953918 0.09662454 0.33088157 0.115101494 0.12485623 0.09791865 0.110771574 0.11833455 0.26751685 0.13840193 0.11006811 0.086974844 0.57422787 0.101992965 0.114254296 0.12765428 0.12941311 0.27017206 0.123418845 0.10914455 0.17835322 0.29246995 0.07440821 0.082978226 0.28694382 0.08587338 0.1435647 0.099510305 0.11115599 0.16606477 0.11423408 0.08452381 0.27921695 0.12077844 0.0934431 0.1558348 0.100526996 0.14597505 0.1555848 0.12502299 0.1584247 0.088761725 0.122549474 0.08275884 0.07452796 0.1065124 0.10545766 0.08896443 0.10863218 0.12544152 0.09623612 0.08513362 0.13778397 0.09559172 0.09462885 0.136031 0.08771383 0.084447496 0.09992539 0.22716138 0.15615475 0.09988175 0.08602433 0.12512316 0.09484931 0.12569441 0.14607307 0.12044686 0.08452341 0.18974666 0.108821966 0.11511969 0.0849797 0.12559894 0.112974785 0.22059062 0.119899884 0.105925836 0.078287296 0.12441112 0.087979116 0.1481413 0.07101783 0.091686875 0.114129245 0.107364714 0.10700757 0.12101219 0.093277924 0.16881469 0.09242435 0.12636882 0.11249335 0.15852569 0.17450376 0.0841644 0.14014278 0.13873865 0.23524138 0.08260283 0.0826693 0.10273803 0.09731479 0.110660054 0.078250766 0.14603359 0.10610659 0.25807503 0.11076202 0.079862006 0.113669634 0.11759418 0.1322659 0.180892 0.12926261 0.2068894 0.08835578 0.082337506 0.08443087 0.08624207 0.06251347 0.1585931 0.10418826 0.09677629 0.1369032 0.11034226 0.28839174 0.24166475 0.2050217 0.15038976 0.0961986 0.14363606 0.1840577 0.23479103 0.16895774 0.1429288 0.09067264 0.23424253 0.08816846 0.18174885 0.20889148 0.10417989 0.15111488 0.11635722 0.086579554 0.12803152 0.090363406 0.11747716 0.19194447 0.1374748 0.13625321 0.1208354 0.28638294 0.20647343 0.13931243 0.096502416 0.33276203 0.11657814 0.16166689 0.0884303 0.10524645 0.18365747 0.121612184 0.11880826 0.19678056 0.14471424 0.13144104 0.18565613 0.12013508 0.081959344 0.13501094 0.11515029 0.1146968 0.07277869 0.28813785 0.11939908 0.09052895 0.09712409 0.080872 0.11944934 0.25646603 0.12053197 0.13523106 0.11096547 0.1740632 0.086957514 0.076144084 0.20022883 0.08465855 0.10422608 0.09667274 0.10716129 0.12354169 0.17799199 0.09528755 0.21547437 0.13839516 0.1061857 0.14979535 0.07397163 0.20160809 0.0873891 0.11751316 0.0934137 0.09650826 0.14377418 0.0860006 0.1274773 0.10577913 0.22663578 0.11409589 0.121743344 0.10455343 0.10822597 0.11570985 0.16835213 0.14315733 0.13970117 0.15834916 0.11892997 0.12497749 0.44670403 0.074581884 0.29025796 0.08778297 0.10360564 0.09322618 0.28752515 0.31205326 0.38702664 0.11096295 0.08051819 0.2578693 0.15266095 0.111993514 0.090738475 0.10548004 0.11991979 0.13456282 0.14470255 0.105430596 0.11585037 0.09126673 0.19035344 0.14067082 0.07418946 0.23299742 0.118103564 0.17323968 0.13553299 0.13696513 0.11441572,0.16488938 0.13741006 0.22060066 0.1506705 0.10313138 0.08355751 0.07644166 0.16259713 0.09212368 0.11425774 0.1075349 0.10137509 0.109538965 0.21767734 0.12856801 0.07956949 0.14386506 0.16340563 0.1866515 0.1561382 0.15127482 0.10024309 0.10359839 0.10266649 0.13579139 0.15389137 0.074747495 0.12540162 0.07258472 0.09911346 0.11208309 0.093173966 0.12038826 0.16840103 0.14211467 0.10849887 0.10377424 0.08866738 0.1471739 0.18248546 0.0972103 0.08075006 0.18271269 0.09024526 0.075589724 0.11012846 0.15130545 0.116015404 0.20123145 0.083466694 0.09088762 0.19647256 0.097775474 0.1004976 0.11234648 0.10666374 0.1568688 0.10434268 0.111910366 0.14069757 0.11513626 0.09187249 0.14077717 0.092495926 0.12313298 0.12581097 0.12895359 0.11282072 0.17326239 0.08159541 0.1281845 0.12958185 0.09024078 0.10627135 0.1395755 0.11991962 0.15372875 0.1340654 0.11466194 0.11899847 0.08520445 0.10469084 0.19521402 0.17086829 0.1969995 0.14547625 0.11059683 0.18988286 0.18609002 0.19892862 0.14287435 0.28944528 0.12445187 0.1623178 0.21978354 0.08887958 0.20991813 0.13158228 0.10329881 0.18688303 0.0819018 0.118132725 0.15905565 0.10246151 0.11344036 0.1144421 0.13177885 0.1404538 0.13670179 0.15101919 0.15290767 0.3134351 0.089428626 0.18538661 0.13769415 0.08355473 0.16127752 0.0861514 0.12364986 0.14424382 0.1160216 0.13220903 0.13218527 0.14605169 0.12034571 0.122828245 0.22889547 0.12731613 0.09255499 0.117514975 0.08659333 0.2076592 0.10184865 0.34146908 0.13004316 0.10569703 0.09703292 0.07966569 0.14068054 0.10480683 0.09117815 0.12183913 0.25750515 0.22505568 0.08195834 0.12879759 0.11035474 0.08293009 0.14392558 0.12367595 0.09051183 0.10329355 0.2173612 0.07497692 0.37190098 0.11725275 0.117578045 0.10426117 0.11075178 0.13326485 0.1521674 0.09746916 0.13752158 0.12773915 0.082185924 0.1319011 0.34157273 0.17509429 0.08245553 0.08296197 0.15037784 0.15004621 0.1696914 0.10115407 0.1037818 0.11795542 0.1269714 0.1777578 0.14981157 0.1536003 0.10658116 0.13875653 0.1130524 0.3791519 0.13760138 0.068903856 0.09362204 0.096115336 0.22365302 0.083478 0.096105196 0.1281121 0.10766062 0.12731987 0.12484147 0.077776894 0.13342237 0.06670924 0.14716008 0.124700174 0.12279167 0.09556478 0.09039373 0.12366313 0.18041523 0.28060687 0.13754545 0.16828108 0.18439142 0.085003935 0.093945965 0.1279029 0.12756279 0.18894704 0.08508962 0.12067995 0.08277556 0.103577875 0.16986844 0.112275176 0.12564762 0.089801684 0.0695132 0.08950597 0.14044063 0.13299018 0.18997912 0.17302042 0.08364175 0.104344405 0.10635835 0.10315283 0.22091529 0.15173104 0.094413 0.16925584 0.14629363 0.19568108 0.08552069 0.12005068 0.12358528 0.081972666 0.08937588 0.1280629 0.097832836 0.119310044 0.107010506 0.088569894 0.106768705 0.13520747 0.13223794 0.12642525 0.08394441 0.10977873 0.1111419 0.13430037 0.14283705 0.086375766 0.09183918 0.07813536 0.13952215 0.09661275 0.33084118 0.11508744 0.124841 0.0979067 0.11075805 0.1183201 0.2674842 0.13838504 0.11005468 0.086964235 0.43063587 0.10198052 0.11424035 0.1276387 0.12939732 0.27013907 0.12340379 0.10913123 0.17833146 0.29243428 0.07439913 0.0829681 0.2869088 0.085862905 0.14354718 0.09949816 0.11114243 0.1660445 0.11422014 0.0845135 0.27918285 0.1207637 0.093431704 0.15581577 0.10051473 0.14595725 0.15556581 0.12500773 0.15840536 0.08875089 0.12253451 0.08274874 0.07451886 0.1064994 0.10544479 0.08895358 0.108618915 0.1254262 0.09622437 0.085123226 0.13776715 0.09558005 0.0946173 0.1360144 0.08770312 0.084437184 0.099913195 0.17035717 0.1561357 0.099869564 0.08601383 0.12510788 0.09483774 0.12567906 0.14605524 0.12043216 0.08451309 0.1897235 0.10880869 0.115105644 0.08496933 0.12558362 0.112961 0.22056371 0.11988525 0.10591291 0.07827774 0.12439594 0.08796838 0.1481232 0.07100916 0.091675684 0.11411531 0.107351616 0.10699451 0.12099742 0.09326654 0.1687941 0.09241307 0.1263534 0.11247963 0.15850633 0.17448246 0.08415414 0.14012568 0.1387217 0.23521268 0.08259275 0.082659215 0.10272549 0.09730291 0.11064655 0.07824122 0.14601576 0.10609364 0.25804353 0.1107485 0.07985226 0.11365576 0.11757983 0.13224974 0.18086994 0.12924685 0.20686415 0.08834499 0.08232746 0.08442057 0.08623155 0.06250584 0.15857375 0.10417555 0.09676448 0.13688649 0.110328786 0.28835654 0.24163526 0.20499668 0.15037142 0.09618687 0.14361852 0.18403523 0.15407266 0.16893712 0.14291136 0.09066158 0.23421393 0.0881577 0.18172668 0.20886599 0.10416717 0.15109645 0.11634302 0.08656899 0.1280159 0.09035238 0.11746282 0.19192104 0.13745803 0.13623658 0.12082065 0.28634802 0.20644823 0.13929543 0.096490644 0.33272144 0.116563916 0.16164716 0.088419504 0.1052336 0.18363506 0.12159734 0.11879376 0.19675656 0.14469658 0.13142501 0.18563348 0.12012041 0.08194934 0.13499448 0.115136236 0.11468281 0.072769806 0.2881027 0.119384505 0.0905179 0.09711224 0.080862135 0.11943477 0.25643474 0.120517254 0.13521457 0.11095193 0.17404197 0.0869469 0.07613479 0.20020439 0.08464822 0.104213364 0.09666094 0.10714821 0.12352662 0.17797026 0.095275916 0.21544808 0.13837826 0.10617273 0.14977707 0.07396261 0.15119377 0.08737843 0.117498815 0.093402304 0.09649648 0.14375664 0.08599011 0.12746175 0.10576622 0.22660813 0.114081964 0.12172849 0.104540676 0.10821277 0.11569572 0.16833158 0.14313985 0.13968413 0.15832983 0.11891545 0.12496224 0.4466495 0.07457279 0.29022256 0.08777226 0.103593 0.0932148 0.28749004 0.31201518 0.3869794 0.11094941 0.080508366 0.25783783 0.15264231 0.11197984 0.0907274 0.10546716 0.11990515 0.1345464 0.1446849 0.10541773 0.11583623 0.09125559 0.1903302 0.14065365 0.07418041 0.23296899 0.118089154 0.17321853 0.13551645 0.13694842 0.11440176,,
1010,3x3x512x512,0.1649095 0.13742682 0.22062759 0.15068889 0.103143975 0.08356771 0.076450996 0.16261698 0.09213492 0.114271685 0.10754802 0.101387456 0.10955234 0.21770391 0.1285837 0.0795792 0.14388263 0.16342558 0.18667428 0.15615726 0.15129328 0.100255325 0.10361104 0.10267902 0.13580798 0.15391015 0.074756615 0.12541692 0.07259358 0.09912555 0.11209677 0.09318534 0.120402955 0.1684216 0.14213201 0.10851212 0.10378691 0.088678196 0.14719185 0.18250772 0.09722217 0.08075992 0.18273498 0.09025628 0.075598955 0.1101419 0.15132393 0.11602956 0.20125602 0.083476886 0.090898715 0.19649655 0.09778741 0.100509875 0.112360194 0.106676765 0.15688795 0.10435542 0.11192403 0.14071475 0.11515031 0.091883704 0.14079435 0.09250722 0.12314801 0.12582631 0.12896934 0.11283449 0.17328353 0.08160537 0.12820014 0.12959768 0.090251796 0.10628432 0.13959254 0.11993425 0.15374751 0.13408177 0.11467594 0.119013 0.08521485 0.10470362 0.19523785 0.17088914 0.19702354 0.145494 0.11061033 0.18990605 0.18611275 0.19895291 0.1428918 0.28948063 0.12446706 0.1623376 0.21981037 0.088890426 0.20994376 0.13159834 0.10331142 0.18690585 0.081911795 0.11814715 0.15907507 0.10247401 0.11345421 0.11445607 0.13179494 0.14047095 0.13671847 0.15103762 0.15292634 0.31347334 0.08943954 0.18540923 0.13771096 0.08356493 0.1612972 0.08616192 0.123664945 0.14426142 0.11603576 0.13222517 0.13220139 0.14606953 0.1203604 0.122843236 0.22892341 0.12733167 0.09256628 0.11752932 0.086603895 0.20768455 0.10186108 0.34151077 0.13005903 0.105709925 0.09704476 0.07967541 0.14069772 0.104819626 0.09118927 0.121854 0.25753656 0.22508316 0.08196834 0.12881331 0.11036821 0.082940206 0.14394315 0.123691045 0.09052288 0.10330616 0.21738774 0.07498608 0.37194636 0.117267065 0.117592394 0.10427389 0.1107653 0.13328111 0.15218598 0.09748105 0.13753837 0.12775475 0.08219596 0.13191721 0.34161443 0.17511566 0.0824656 0.082972094 0.15039618 0.15006453 0.16971211 0.10116641 0.10379446 0.11796982 0.12698689 0.1777795 0.14982985 0.15361905 0.10659417 0.13877346 0.1130662 0.46669233 0.13761817 0.06891227 0.09363346 0.09612706 0.22368032 0.08348818 0.09611693 0.12812774 0.10767376 0.12733541 0.1248567 0.077786386 0.13343866 0.066717386 0.14717805 0.124715395 0.12280665 0.09557644 0.090404764 0.12367822 0.18043725 0.2806411 0.13756223 0.16830163 0.18441394 0.085014306 0.09395743 0.1279185 0.12757836 0.18897009 0.0851 0.12069468 0.082785666 0.10359052 0.16988918 0.112288885 0.12566295 0.089812644 0.06952169 0.0895169 0.14045778 0.13300642 0.1900023 0.17304154 0.08365196 0.104357146 0.106371336 0.10316542 0.22094224 0.15174957 0.094424516 0.1692765 0.14631149 0.19570497 0.08553113 0.12006533 0.12360036 0.08198267 0.08938679 0.12807854 0.09784477 0.1193246 0.10702357 0.088580705 0.106781736 0.13522398 0.13225408 0.12644067 0.083954655 0.109792136 0.11115546 0.13431676 0.14285448 0.08638631 0.091850385 0.07814489 0.13953918 0.09662454 0.33088157 0.115101494 0.12485623 0.09791865 0.110771574 0.11833455 0.26751685 0.13840193 0.11006811 0.086974844 0.57422787 0.101992965 0.114254296 0.12765428 0.12941311 0.27017206 0.123418845 0.10914455 0.17835322 0.29246995 0.07440821 0.082978226 0.28694382 0.08587338 0.1435647 0.099510305 0.11115599 0.16606477 0.11423408 0.08452381 0.27921695 0.12077844 0.0934431 0.1558348 0.100526996 0.14597505 0.1555848 0.12502299 0.1584247 0.088761725 0.122549474 0.08275884 0.07452796 0.1065124 0.10545766 0.08896443 0.10863218 0.12544152 0.09623612 0.08513362 0.13778397 0.09559172 0.09462885 0.136031 0.08771383 0.084447496 0.09992539 0.22716138 0.15615475 0.09988175 0.08602433 0.12512316 0.09484931 0.12569441 0.14607307 0.12044686 0.08452341 0.18974666 0.108821966 0.11511969 0.0849797 0.12559894 0.112974785 0.22059062 0.119899884 0.105925836 0.078287296 0.12441112 0.087979116 0.1481413 0.07101783 0.091686875 0.114129245 0.107364714 0.10700757 0.12101219 0.093277924 0.16881469 0.09242435 0.12636882 0.11249335 0.15852569 0.17450376 0.0841644 0.14014278 0.13873865 0.23524138 0.08260283 0.0826693 0.10273803 0.09731479 0.110660054 0.078250766 0.14603359 0.10610659 0.25807503 0.11076202 0.079862006 0.113669634 0.11759418 0.1322659 0.180892 0.12926261 0.2068894 0.08835578 0.082337506 0.08443087 0.08624207 0.06251347 0.1585931 0.10418826 0.09677629 0.1369032 0.11034226 0.28839174 0.24166475 0.2050217 0.15038976 0.0961986 0.14363606 0.1840577 0.23479103 0.16895774 0.1429288 0.09067264 0.23424253 0.08816846 0.18174885 0.20889148 0.10417989 0.15111488 0.11635722 0.086579554 0.12803152 0.090363406 0.11747716 0.19194447 0.1374748 0.13625321 0.1208354 0.28638294 0.20647343 0.13931243 0.096502416 0.33276203 0.11657814 0.16166689 0.0884303 0.10524645 0.18365747 0.121612184 0.11880826 0.19678056 0.14471424 0.13144104 0.18565613 0.12013508 0.081959344 0.13501094 0.11515029 0.1146968 0.07277869 0.28813785 0.11939908 0.09052895 0.09712409 0.080872 0.11944934 0.25646603 0.12053197 0.13523106 0.11096547 0.1740632 0.086957514 0.076144084 0.20022883 0.08465855 0.10422608 0.09667274 0.10716129 0.12354169 0.17799199 0.09528755 0.21547437 0.13839516 0.1061857 0.14979535 0.07397163 0.20160809 0.0873891 0.11751316 0.0934137 0.09650826 0.14377418 0.0860006 0.1274773 0.10577913 0.22663578 0.11409589 0.121743344 0.10455343 0.10822597 0.11570985 0.16835213 0.14315733 0.13970117 0.15834916 0.11892997 0.12497749 0.44670403 0.074581884 0.29025796 0.08778297 0.10360564 0.09322618 0.28752515 0.31205326 0.38702664 0.11096295 0.08051819 0.2578693 0.15266095 0.111993514 0.090738475 0.10548004 0.11991979 0.13456282 0.14470255 0.105430596 0.11585037 0.09126673 0.19035344 0.14067082 0.07418946 0.23299742 0.118103564 0.17323968 0.13553299 0.13696513 0.11441572,0.16488938 0.13741006 0.22060066 0.1506705 0.10313138 0.08355751 0.07644166 0.16259713 0.09212368 0.11425774 0.1075349 0.10137509 0.109538965 0.21767734 0.12856801 0.07956949 0.14386506 0.16340563 0.1866515 0.1561382 0.15127482 0.10024309 0.10359839 0.10266649 0.13579139 0.15389137 0.074747495 0.12540162 0.07258472 0.09911346 0.11208309 0.093173966 0.12038826 0.16840103 0.14211467 0.10849887 0.10377424 0.08866738 0.1471739 0.18248546 0.0972103 0.08075006 0.18271269 0.09024526 0.075589724 0.11012846 0.15130545 0.116015404 0.20123145 0.083466694 0.09088762 0.19647256 0.097775474 0.1004976 0.11234648 0.10666374 0.1568688 0.10434268 0.111910366 0.14069757 0.11513626 0.09187249 0.14077717 0.092495926 0.12313298 0.12581097 0.12895359 0.11282072 0.17326239 0.08159541 0.1281845 0.12958185 0.09024078 0.10627135 0.1395755 0.11991962 0.15372875 0.1340654 0.11466194 0.11899847 0.08520445 0.10469084 0.19521402 0.17086829 0.1969995 0.14547625 0.11059683 0.18988286 0.18609002 0.19892862 0.14287435 0.28944528 0.12445187 0.1623178 0.21978354 0.08887958 0.20991813 0.13158228 0.10329881 0.18688303 0.0819018 0.118132725 0.15905565 0.10246151 0.11344036 0.1144421 0.13177885 0.1404538 0.13670179 0.15101919 0.15290767 0.3134351 0.089428626 0.18538661 0.13769415 0.08355473 0.16127752 0.0861514 0.12364986 0.14424382 0.1160216 0.13220903 0.13218527 0.14605169 0.12034571 0.122828245 0.22889547 0.12731613 0.09255499 0.117514975 0.08659333 0.2076592 0.10184865 0.34146908 0.13004316 0.10569703 0.09703292 0.07966569 0.14068054 0.10480683 0.09117815 0.12183913 0.25750515 0.22505568 0.08195834 0.12879759 0.11035474 0.08293009 0.14392558 0.12367595 0.09051183 0.10329355 0.2173612 0.07497692 0.37190098 0.11725275 0.117578045 0.10426117 0.11075178 0.13326485 0.1521674 0.09746916 0.13752158 0.12773915 0.082185924 0.1319011 0.34157273 0.17509429 0.08245553 0.08296197 0.15037784 0.15004621 0.1696914 0.10115407 0.1037818 0.11795542 0.1269714 0.1777578 0.14981157 0.1536003 0.10658116 0.13875653 0.1130524 0.3791519 0.13760138 0.068903856 0.09362204 0.096115336 0.22365302 0.083478 0.096105196 0.1281121 0.10766062 0.12731987 0.12484147 0.077776894 0.13342237 0.06670924 0.14716008 0.124700174 0.12279167 0.09556478 0.09039373 0.12366313 0.18041523 0.28060687 0.13754545 0.16828108 0.18439142 0.085003935 0.093945965 0.1279029 0.12756279 0.18894704 0.08508962 0.12067995 0.08277556 0.103577875 0.16986844 0.112275176 0.12564762 0.089801684 0.0695132 0.08950597 0.14044063 0.13299018 0.18997912 0.17302042 0.08364175 0.104344405 0.10635835 0.10315283 0.22091529 0.15173104 0.094413 0.16925584 0.14629363 0.19568108 0.08552069 0.12005068 0.12358528 0.081972666 0.08937588 0.1280629 0.097832836 0.119310044 0.107010506 0.088569894 0.106768705 0.13520747 0.13223794 0.12642525 0.08394441 0.10977873 0.1111419 0.13430037 0.14283705 0.086375766 0.09183918 0.07813536 0.13952215 0.09661275 0.33084118 0.11508744 0.124841 0.0979067 0.11075805 0.1183201 0.2674842 0.13838504 0.11005468 0.086964235 0.43063587 0.10198052 0.11424035 0.1276387 0.12939732 0.27013907 0.12340379 0.10913123 0.17833146 0.29243428 0.07439913 0.0829681 0.2869088 0.085862905 0.14354718 0.09949816 0.11114243 0.1660445 0.11422014 0.0845135 0.27918285 0.1207637 0.093431704 0.15581577 0.10051473 0.14595725 0.15556581 0.12500773 0.15840536 0.08875089 0.12253451 0.08274874 0.07451886 0.1064994 0.10544479 0.08895358 0.108618915 0.1254262 0.09622437 0.085123226 0.13776715 0.09558005 0.0946173 0.1360144 0.08770312 0.084437184 0.099913195 0.17035717 0.1561357 0.099869564 0.08601383 0.12510788 0.09483774 0.12567906 0.14605524 0.12043216 0.08451309 0.1897235 0.10880869 0.115105644 0.08496933 0.12558362 0.112961 0.22056371 0.11988525 0.10591291 0.07827774 0.12439594 0.08796838 0.1481232 0.07100916 0.091675684 0.11411531 0.107351616 0.10699451 0.12099742 0.09326654 0.1687941 0.09241307 0.1263534 0.11247963 0.15850633 0.17448246 0.08415414 0.14012568 0.1387217 0.23521268 0.08259275 0.082659215 0.10272549 0.09730291 0.11064655 0.07824122 0.14601576 0.10609364 0.25804353 0.1107485 0.07985226 0.11365576 0.11757983 0.13224974 0.18086994 0.12924685 0.20686415 0.08834499 0.08232746 0.08442057 0.08623155 0.06250584 0.15857375 0.10417555 0.09676448 0.13688649 0.110328786 0.28835654 0.24163526 0.20499668 0.15037142 0.09618687 0.14361852 0.18403523 0.15407266 0.16893712 0.14291136 0.09066158 0.23421393 0.0881577 0.18172668 0.20886599 0.10416717 0.15109645 0.11634302 0.08656899 0.1280159 0.09035238 0.11746282 0.19192104 0.13745803 0.13623658 0.12082065 0.28634802 0.20644823 0.13929543 0.096490644 0.33272144 0.116563916 0.16164716 0.088419504 0.1052336 0.18363506 0.12159734 0.11879376 0.19675656 0.14469658 0.13142501 0.18563348 0.12012041 0.08194934 0.13499448 0.115136236 0.11468281 0.072769806 0.2881027 0.119384505 0.0905179 0.09711224 0.080862135 0.11943477 0.25643474 0.120517254 0.13521457 0.11095193 0.17404197 0.0869469 0.07613479 0.20020439 0.08464822 0.104213364 0.09666094 0.10714821 0.12352662 0.17797026 0.095275916 0.21544808 0.13837826 0.10617273 0.14977707 0.07396261 0.15119377 0.08737843 0.117498815 0.093402304 0.09649648 0.14375664 0.08599011 0.12746175 0.10576622 0.22660813 0.114081964 0.12172849 0.104540676 0.10821277 0.11569572 0.16833158 0.14313985 0.13968413 0.15832983 0.11891545 0.12496224 0.4466495 0.07457279 0.29022256 0.08777226 0.103593 0.0932148 0.28749004 0.31201518 0.3869794 0.11094941 0.080508366 0.25783783 0.15264231 0.11197984 0.0907274 0.10546716 0.11990515 0.1345464 0.1446849 0.10541773 0.11583623 0.09125559 0.1903302 0.14065365 0.07418041 0.23296899 0.118089154 0.17321853 0.13551645 0.13694842 0.11440176,,
1028,1x1x64x64,0.6505091 0.84435165 1.2825346 0.8986196 0.7046649 0.78158396 1.0349811 0.8029091 0.915093 0.9773859 1.0221095 0.7534088 1.0560008 0.7492655 0.74188113 1.125695 0.6555298 0.74922895 1.50592 0.93159217 1.079803 1.0504521 1.2109197 0.70167345 1.044764 0.9186385 1.161348 1.3052639 0.66798943 0.9532375 0.8933971 1.0582596 0.7839446 0.658947 0.71723175 0.71830255 0.71464604 1.2969918 1.0740381 1.0565883 0.73284304 0.79612964 0.6820098 0.8967088 0.84790504 0.6856051 0.8145866 0.9947902 0.6943755 1.0587707 1.01013 0.7667111 0.92022395 1.0637575 0.99717057 1.0622479 0.89631575 0.87786 0.7374674 1.2299505 0.65525377 0.8901835 0.7578987 0.7639034,0.6504297 0.8442486 1.2823781 0.8985099 0.7045789 0.78148854 1.0348549 0.8028111 0.91498137 0.9772666 1.0219847 0.7533169 1.055872 0.74917406 0.7417906 1.1255575 0.6554498 0.7491375 1.5057364 0.93147844 1.0796711 1.0503238 1.210772 0.70158786 1.0446366 0.9185264 1.1612062 1.3051045 0.66790795 0.9531211 0.8932881 1.0581304 0.78384894 0.6588666 0.71714425 0.7182149 0.71455884 1.2968335 1.0739071 1.0564594 0.7327536 0.7960325 0.68192655 0.89659935 0.84780157 0.6855214 0.81448716 0.9946688 0.6942908 1.0586414 1.0100068 0.76661754 0.92011166 1.0636277 0.9970489 1.0621182 0.8962064 0.87775284 0.7373774 1.2298005 0.65517384 0.8900749 0.7578062 0.76381016,,
1032,1x1x64x64,0.6505091 0.84435165 1.2825346 0.8986196 0.7046649 0.78158396 1.0349811 0.8029091 0.915093 0.9773859 1.0221095 0.7534088 1.0560008 0.7492655 0.74188113 1.125695 0.6555298 0.74922895 1.50592 0.93159217 1.079803 1.0504521 1.2109197 0.70167345 1.044764 0.9186385 1.161348 1.3052639 0.66798943 0.9532375 0.8933971 1.0582596 0.7839446 0.658947 0.71723175 0.71830255 0.71464604 1.2969918 1.0740381 1.0565883 0.73284304 0.79612964 0.6820098 0.8967088 0.84790504 0.6856051 0.8145866 0.9947902 0.6943755 1.0587707 1.01013 0.7667111 0.92022395 1.0637575 0.99717057 1.0622479 0.89631575 0.87786 0.7374674 1.2299505 0.65525377 0.8901835 0.7578987 0.7639034,0.6504297 0.8442486 1.2823781 0.8985099 0.7045789 0.78148854 1.0348549 0.8028111 0.91498137 0.9772666 1.0219847 0.7533169 1.055872 0.74917406 0.7417906 1.1255575 0.6554498 0.7491375 1.5057364 0.93147844 1.0796711 1.0503238 1.210772 0.70158786 1.0446366 0.9185264 1.1612062 1.3051045 0.66790795 0.9531211 0.8932881 1.0581304 0.78384894 0.6588666 0.71714425 0.7182149 0.71455884 1.2968335 1.0739071 1.0564594 0.7327536 0.7960325 0.68192655 0.89659935 0.84780157 0.6855214 0.81448716 0.9946688 0.6942908 1.0586414 1.0100068 0.76661754 0.92011166 1.0636277 0.9970489 1.0621182 0.8962064 0.87775284 0.7373774 1.2298005 0.65517384 0.8900749 0.7578062 0.76381016,,
1036,1x1x64x64,0.6505091 0.84435165 1.2825346 0.8986196 0.7046649 0.78158396 1.0349811 0.8029091 0.915093 0.9773859 1.0221095 0.7534088 1.0560008 0.7492655 0.74188113 1.125695 0.6555298 0.74922895 1.50592 0.93159217 1.079803 1.0504521 1.2109197 0.70167345 1.044764 0.9186385 1.161348 1.3052639 0.66798943 0.9532375 0.8933971 1.0582596 0.7839446 0.658947 0.71723175 0.71830255 0.71464604 1.2969918 1.0740381 1.0565883 0.73284304 0.79612964 0.6820098 0.8967088 0.84790504 0.6856051 0.8145866 0.9947902 0.6943755 1.0587707 1.01013 0.7667111 0.92022395 1.0637575 0.99717057 1.0622479 0.89631575 0.87786 0.7374674 1.2299505 0.65525377 0.8901835 0.7578987 0.7639034,0.6504297 0.8442486 1.2823781 0.8985099 0.7045789 0.78148854 1.0348549 0.8028111 0.91498137 0.9772666 1.0219847 0.7533169 1.055872 0.74917406 0.7417906 1.1255575 0.6554498 0.7491375 1.5057364 0.93147844 1.0796711 1.0503238 1.210772 0.70158786 1.0446366 0.9185264 1.1612062 1.3051045 0.66790795 0.9531211 0.8932881 1.0581304 0.78384894 0.6588666 0.71714425 0.7182149 0.71455884 1.2968335 1.0739071 1.0564594 0.7327536 0.7960325 0.68192655 0.89659935 0.84780157 0.6855214 0.81448716 0.9946688 0.6942908 1.0586414 1.0100068 0.76661754 0.92011166 1.0636277 0.9970489 1.0621182 0.8962064 0.87775284 0.7373774 1.2298005 0.65517384 0.8900749 0.7578062 0.76381016,,
1040,1x1x64x64,0.6505091 0.84435165 1.2825346 0.8986196 0.7046649 0.78158396 1.0349811 0.8029091 0.915093 0.9773859 1.0221095 0.7534088 1.0560008 0.7492655 0.74188113 1.125695 0.6555298 0.74922895 1.50592 0.93159217 1.079803 1.0504521 1.2109197 0.70167345 1.044764 0.9186385 1.161348 1.3052639 0.66798943 0.9532375 0.8933971 1.0582596 0.7839446 0.658947 0.71723175 0.71830255 0.71464604 1.2969918 1.0740381 1.0565883 0.73284304 0.79612964 0.6820098 0.8967088 0.84790504 0.6856051 0.8145866 0.9947902 0.6943755 1.0587707 1.01013 0.7667111 0.92022395 1.0637575 0.99717057 1.0622479 0.89631575 0.87786 0.7374674 1.2299505 0.65525377 0.8901835 0.7578987 0.7639034,0.6504297 0.8442486 1.2823781 0.8985099 0.7045789 0.78148854 1.0348549 0.8028111 0.91498137 0.9772666 1.0219847 0.7533169 1.055872 0.74917406 0.7417906 1.1255575 0.6554498 0.7491375 1.5057364 0.93147844 1.0796711 1.0503238 1.210772 0.70158786 1.0446366 0.9185264 1.1612062 1.3051045 0.66790795 0.9531211 0.8932881 1.0581304 0.78384894 0.6588666 0.71714425 0.7182149 0.71455884 1.2968335 1.0739071 1.0564594 0.7327536 0.7960325 0.68192655 0.89659935 0.84780157 0.6855214 0.81448716 0.9946688 0.6942908 1.0586414 1.0100068 0.76661754 0.92011166 1.0636277 0.9970489 1.0621182 0.8962064 0.87775284 0.7373774 1.2298005 0.65517384 0.8900749 0.7578062 0.76381016,,
1044,1x1x64x64,0.6505091 0.84435165 1.2825346 0.8986196 0.7046649 0.78158396 1.0349811 0.8029091 0.915093 0.9773859 1.0221095 0.7534088 1.0560008 0.7492655 0.74188113 1.125695 0.6555298 0.74922895 1.50592 0.93159217 1.079803 1.0504521 1.2109197 0.70167345 1.044764 0.9186385 1.161348 1.3052639 0.66798943 0.9532375 0.8933971 1.0582596 0.7839446 0.658947 0.71723175 0.71830255 0.71464604 1.2969918 1.0740381 1.0565883 0.73284304 0.79612964 0.6820098 0.8967088 0.84790504 0.6856051 0.8145866 0.9947902 0.6943755 1.0587707 1.01013 0.7667111 0.92022395 1.0637575 0.99717057 1.0622479 0.89631575 0.87786 0.7374674 1.2299505 0.65525377 0.8901835 0.7578987 0.7639034,0.6504297 0.8442486 1.2823781 0.8985099 0.7045789 0.78148854 1.0348549 0.8028111 0.91498137 0.9772666 1.0219847 0.7533169 1.055872 0.74917406 0.7417906 1.1255575 0.6554498 0.7491375 1.5057364 0.93147844 1.0796711 1.0503238 1.210772 0.70158786 1.0446366 0.9185264 1.1612062 1.3051045 0.66790795 0.9531211 0.8932881 1.0581304 0.78384894 0.6588666 0.71714425 0.7182149 0.71455884 1.2968335 1.0739071 1.0564594 0.7327536 0.7960325 0.68192655 0.89659935 0.84780157 0.6855214 0.81448716 0.9946688 0.6942908 1.0586414 1.0100068 0.76661754 0.92011166 1.0636277 0.9970489 1.0621182 0.8962064 0.87775284 0.7373774 1.2298005 0.65517384 0.8900749 0.7578062 0.76381016,,
1048,1x1x64x64,0.6505091 0.84435165 1.2825346 0.8986196 0.7046649 0.78158396 1.0349811 0.8029091 0.915093 0.9773859 1.0221095 0.7534088 1.0560008 0.7492655 0.74188113 1.125695 0.6555298 0.74922895 1.50592 0.93159217 1.079803 1.0504521 1.2109197 0.70167345 1.044764 0.9186385 1.161348 1.3052639 0.66798943 0.9532375 0.8933971 1.0582596 0.7839446 0.658947 0.71723175 0.71830255 0.71464604 1.2969918 1.0740381 1.0565883 0.73284304 0.79612964 0.6820098 0.8967088 0.84790504 0.6856051 0.8145866 0.9947902 0.6943755 1.0587707 1.01013 0.7667111 0.92022395 1.0637575 0.99717057 1.0622479 0.89631575 0.87786 0.7374674 1.2299505 0.65525377 0.8901835 0.7578987 0.7639034,0.6504297 0.8442486 1.2823781 0.8985099 0.7045789 0.78148854 1.0348549 0.8028111 0.91498137 0.9772666 1.0219847 0.7533169 1.055872 0.74917406 0.7417906 1.1255575 0.6554498 0.7491375 1.5057364 0.93147844 1.0796711 1.0503238 1.210772 0.70158786 1.0446366 0.9185264 1.1612062 1.3051045 0.66790795 0.9531211 0.8932881 1.0581304 0.78384894 0.6588666 0.71714425 0.7182149 0.71455884 1.2968335 1.0739071 1.0564594 0.7327536 0.7960325 0.68192655 0.89659935 0.84780157 0.6855214 0.81448716 0.9946688 0.6942908 1.0586414 1.0100068 0.76661754 0.92011166 1.0636277 0.9970489 1.0621182 0.8962064 0.87775284 0.7373774 1.2298005 0.65517384 0.8900749 0.7578062 0.76381016,,
1066,1x1x128x64,0.27134445 0.3125057 0.3300198 0.29734924 0.27738273 0.4221246 0.3326681 0.33547142 0.30264357 0.38662332 0.28960335 0.39072365 0.40355745 0.32655516 0.3260642 0.44194794 0.33231178 0.22448795 0.34939957 0.25223118 0.27485132 0.30787295 0.3102847 0.37123272 0.26001704 0.36400875 0.27281234 0.25943273 0.3758462 0.36108884 0.27385598 0.301027 0.3517961 0.30127743 0.32544714 0.27792507 0.37195516 0.31396598 0.31310493 0.34931296 0.32153895 0.3399059 0.2890916 0.38484353 0.2633515 0.3198669 0.26161975 0.48769885 0.42370597 0.30163187 0.28701845 0.31005314 0.39020666 0.3262848 0.3614204 0.39028054 0.22004218 0.3456687 0.26646116 0.4205988 0.3661636 0.34321213 0.3244387 0.32032365,0.27131134 0.31246758 0.3299795 0.29731297 0.27734888 0.4220731 0.33262748 0.33543047 0.3026066 0.38657615 0.289568 0.39067596 0.40350822 0.32651532 0.3260244 0.441894 0.33227122 0.22446056 0.34935692 0.2522004 0.2748178 0.3078354 0.31024686 0.37118742 0.2599853 0.36396435 0.27277905 0.25940105 0.37580034 0.3610448 0.27382255 0.30099028 0.35175318 0.30124068 0.32540745 0.27789116 0.37190977 0.31392768 0.31306672 0.3492703 0.32149974 0.3398644 0.2890563 0.38479656 0.26331934 0.31982785 0.2615878 0.48763934 0.42365426 0.30159506 0.2869834 0.31001532 0.39015904 0.32624498 0.3613763 0.39023292 0.22001533 0.34562653 0.26642865 0.42054746 0.3661189 0.34317023 0.3243991 0.32028458,,
1070,1x1x128x64,0.27134445 0.3125057 0.3300198 0.29734924 0.27738273 0.4221246 0.3326681 0.33547142 0.30264357 0.38662332 0.28960335 0.39072365 0.40355745 0.32655516 0.3260642 0.44194794 0.33231178 0.22448795 0.34939957 0.25223118 0.27485132 0.30787295 0.3102847 0.37123272 0.26001704 0.36400875 0.27281234 0.25943273 0.3758462 0.36108884 0.27385598 0.301027 0.3517961 0.30127743 0.32544714 0.27792507 0.37195516 0.31396598 0.31310493 0.34931296 0.32153895 0.3399059 0.2890916 0.38484353 0.2633515 0.3198669 0.26161975 0.48769885 0.42370597 0.30163187 0.28701845 0.31005314 0.39020666 0.3262848 0.3614204 0.39028054 0.22004218 0.3456687 0.26646116 0.4205988 0.3661636 0.34321213 0.3244387 0.32032365,0.27131134 0.31246758 0.3299795 0.29731297 0.27734888 0.4220731 0.33262748 0.33543047 0.3026066 0.38657615 0.289568 0.39067596 0.40350822 0.32651532 0.3260244 0.441894 0.33227122 0.22446056 0.34935692 0.2522004 0.2748178 0.3078354 0.31024686 0.37118742 0.2599853 0.36396435 0.27277905 0.25940105 0.37580034 0.3610448 0.27382255 0.30099028 0.35175318 0.30124068 0.32540745 0.27789116 0.37190977 0.31392768 0.31306672 0.3492703 0.32149974 0.3398644 0.2890563 0.38479656 0.26331934 0.31982785 0.2615878 0.48763934 0.42365426 0.30159506 0.2869834 0.31001532 0.39015904 0.32624498 0.3613763 0.39023292 0.22001533 0.34562653 0.26642865 0.42054746 0.3661189 0.34317023 0.3243991 0.32028458,,
1074,1x1x128x64,0.27134445 0.3125057 0.3300198 0.29734924 0.27738273 0.4221246 0.3326681 0.33547142 0.30264357 0.38662332 0.28960335 0.39072365 0.40355745 0.32655516 0.3260642 0.44194794 0.33231178 0.22448795 0.34939957 0.25223118 0.27485132 0.30787295 0.3102847 0.37123272 0.26001704 0.36400875 0.27281234 0.25943273 0.3758462 0.36108884 0.27385598 0.301027 0.3517961 0.30127743 0.32544714 0.27792507 0.37195516 0.31396598 0.31310493 0.34931296 0.32153895 0.3399059 0.2890916 0.38484353 0.2633515 0.3198669 0.26161975 0.48769885 0.42370597 0.30163187 0.28701845 0.31005314 0.39020666 0.3262848 0.3614204 0.39028054 0.22004218 0.3456687 0.26646116 0.4205988 0.3661636 0.34321213 0.3244387 0.32032365,0.27131134 0.31246758 0.3299795 0.29731297 0.27734888 0.4220731 0.33262748 0.33543047 0.3026066 0.38657615 0.289568 0.39067596 0.40350822 0.32651532 0.3260244 0.441894 0.33227122 0.22446056 0.34935692 0.2522004 0.2748178 0.3078354 0.31024686 0.37118742 0.2599853 0.36396435 0.27277905 0.25940105 0.37580034 0.3610448 0.27382255 0.30099028 0.35175318 0.30124068 0.32540745 0.27789116 0.37190977 0.31392768 0.31306672 0.3492703 0.32149974 0.3398644 0.2890563 0.38479656 0.26331934 0.31982785 0.2615878 0.48763934 0.42365426 0.30159506 0.2869834 0.31001532 0.39015904 0.32624498 0.3613763 0.39023292 0.22001533 0.34562653 0.26642865 0.42054746 0.3661189 0.34317023 0.3243991 0.32028458,,
1078,1x1x128x64,0.27134445 0.3125057 0.3300198 0.29734924 0.27738273 0.4221246 0.3326681 0.33547142 0.30264357 0.38662332 0.28960335 0.39072365 0.40355745 0.32655516 0.3260642 0.44194794 0.33231178 0.22448795 0.34939957 0.25223118 0.27485132 0.30787295 0.3102847 0.37123272 0.26001704 0.36400875 0.27281234 0.25943273 0.3758462 0.36108884 0.27385598 0.301027 0.3517961 0.30127743 0.32544714 0.27792507 0.37195516 0.31396598 0.31310493 0.34931296 0.32153895 0.3399059 0.2890916 0.38484353 0.2633515 0.3198669 0.26161975 0.48769885 0.42370597 0.30163187 0.28701845 0.31005314 0.39020666 0.3262848 0.3614204 0.39028054 0.22004218 0.3456687 0.26646116 0.4205988 0.3661636 0.34321213 0.3244387 0.32032365,0.27131134 0.31246758 0.3299795 0.29731297 0.27734888 0.4220731 0.33262748 0.33543047 0.3026066 0.38657615 0.289568 0.39067596 0.40350822 0.32651532 0.3260244 0.441894 0.33227122 0.22446056 0.34935692 0.2522004 0.2748178 0.3078354 0.31024686 0.37118742 0.2599853 0.36396435 0.27277905 0.25940105 0.37580034 0.3610448 0.27382255 0.30099028 0.35175318 0.30124068 0.32540745 0.27789116 0.37190977 0.31392768 0.31306672 0.3492703 0.32149974 0.3398644 0.2890563 0.38479656 0.26331934 0.31982785 0.2615878 0.48763934 0.42365426 0.30159506 0.2869834 0.31001532 0.39015904 0.32624498 0.3613763 0.39023292 0.22001533 0.34562653 0.26642865 0.42054746 0.3661189 0.34317023 0.3243991 0.32028458,,
1082,1x1x128x64,0.27134445 0.3125057 0.3300198 0.29734924 0.27738273 0.4221246 0.3326681 0.33547142 0.30264357 0.38662332 0.28960335 0.39072365 0.40355745 0.32655516 0.3260642 0.44194794 0.33231178 0.22448795 0.34939957 0.25223118 0.27485132 0.30787295 0.3102847 0.37123272 0.26001704 0.36400875 0.27281234 0.25943273 0.3758462 0.36108884 0.27385598 0.301027 0.3517961 0.30127743 0.32544714 0.27792507 0.37195516 0.31396598 0.31310493 0.34931296 0.32153895 0.3399059 0.2890916 0.38484353 0.2633515 0.3198669 0.26161975 0.48769885 0.42370597 0.30163187 0.28701845 0.31005314 0.39020666 0.3262848 0.3614204 0.39028054 0.22004218 0.3456687 0.26646116 0.4205988 0.3661636 0.34321213 0.3244387 0.32032365,0.27131134 0.31246758 0.3299795 0.29731297 0.27734888 0.4220731 0.33262748 0.33543047 0.3026066 0.38657615 0.289568 0.39067596 0.40350822 0.32651532 0.3260244 0.441894 0.33227122 0.22446056 0.34935692 0.2522004 0.2748178 0.3078354 0.31024686 0.37118742 0.2599853 0.36396435 0.27277905 0.25940105 0.37580034 0.3610448 0.27382255 0.30099028 0.35175318 0.30124068 0.32540745 0.27789116 0.37190977 0.31392768 0.31306672 0.3492703 0.32149974 0.3398644 0.2890563 0.38479656 0.26331934 0.31982785 0.2615878 0.48763934 0.42365426 0.30159506 0.2869834 0.31001532 0.39015904 0.32624498 0.3613763 0.39023292 0.22001533 0.34562653 0.26642865 0.42054746 0.3661189 0.34317023 0.3243991 0.32028458,,
1086,1x1x128x64,0.27134445 0.3125057 0.3300198 0.29734924 0.27738273 0.4221246 0.3326681 0.33547142 0.30264357 0.38662332 0.28960335 0.39072365 0.40355745 0.32655516 0.3260642 0.44194794 0.33231178 0.22448795 0.34939957 0.25223118 0.27485132 0.30787295 0.3102847 0.37123272 0.26001704 0.36400875 0.27281234 0.25943273 0.3758462 0.36108884 0.27385598 0.301027 0.3517961 0.30127743 0.32544714 0.27792507 0.37195516 0.31396598 0.31310493 0.34931296 0.32153895 0.3399059 0.2890916 0.38484353 0.2633515 0.3198669 0.26161975 0.48769885 0.42370597 0.30163187 0.28701845 0.31005314 0.39020666 0.3262848 0.3614204 0.39028054 0.22004218 0.3456687 0.26646116 0.4205988 0.3661636 0.34321213 0.3244387 0.32032365,0.27131134 0.31246758 0.3299795 0.29731297 0.27734888 0.4220731 0.33262748 0.33543047 0.3026066 0.38657615 0.289568 0.39067596 0.40350822 0.32651532 0.3260244 0.441894 0.33227122 0.22446056 0.34935692 0.2522004 0.2748178 0.3078354 0.31024686 0.37118742 0.2599853 0.36396435 0.27277905 0.25940105 0.37580034 0.3610448 0.27382255 0.30099028 0.35175318 0.30124068 0.32540745 0.27789116 0.37190977 0.31392768 0.31306672 0.3492703 0.32149974 0.3398644 0.2890563 0.38479656 0.26331934 0.31982785 0.2615878 0.48763934 0.42365426 0.30159506 0.2869834 0.31001532 0.39015904 0.32624498 0.3613763 0.39023292 0.22001533 0.34562653 0.26642865 0.42054746 0.3661189 0.34317023 0.3243991 0.32028458,,
1104,1x1x256x64,0.17120071 0.21056145 0.18954849 0.1743612 0.25828868 0.22533105 0.13806805 0.22046408 0.14809296 0.2703692 0.25886232 0.13610354 0.2317671 0.20259625 0.18155436 0.1960279 0.21066901 0.17589341 0.16113614 0.2432858 0.3243385 0.26279074 0.20868428 0.20745702 0.19138372 0.18789294 0.18271099 0.09027464 0.22176558 0.19385728 0.1720817 0.1721507 0.23658921 0.17127089 0.17013694 0.20735875 0.19785887 0.45788556 0.100056335 0.15160078 0.18009976 0.18597847 0.21279807 0.14729045 0.13490592 0.17922053 0.18752472 0.32217455 0.16034493 0.14526163 0.20557696 0.21263112 0.259719 0.19884169 0.13552953 0.19010071 0.2491806 0.20471276 0.16255127 0.20464979 0.25517133 0.1891718 0.1466587 0.24736573,0.17117982 0.21053575 0.18952535 0.17433992 0.25825718 0.22530355 0.1380512 0.22043718 0.14807488 0.2703362 0.25883073 0.13608694 0.23173882 0.20257151 0.1815322 0.19600397 0.21064329 0.17587195 0.16111648 0.24325612 0.32429892 0.26275867 0.20865881 0.2074317 0.19136035 0.18787001 0.18268868 0.09026363 0.2217385 0.19383363 0.17206068 0.17212969 0.23656034 0.17125 0.17011617 0.20733343 0.19783472 0.45782968 0.100044124 0.15158229 0.18007778 0.18595578 0.2127721 0.14727247 0.13488945 0.17919865 0.18750183 0.3221352 0.16032536 0.14524391 0.20555188 0.21260516 0.25968733 0.19881743 0.135513 0.19007751 0.24915019 0.20468779 0.16253142 0.20462482 0.2551402 0.18914871 0.1466408 0.24733554,,
1108,1x1x256x64,0.17120071 0.21056145 0.18954849 0.1743612 0.25828868 0.22533105 0.13806805 0.22046408 0.14809296 0.2703692 0.25886232 0.13610354 0.2317671 0.20259625 0.18155436 0.1960279 0.21066901 0.17589341 0.16113614 0.2432858 0.3243385 0.26279074 0.20868428 0.20745702 0.19138372 0.18789294 0.18271099 0.09027464 0.22176558 0.19385728 0.1720817 0.1721507 0.23658921 0.17127089 0.17013694 0.20735875 0.19785887 0.45788556 0.100056335 0.15160078 0.18009976 0.18597847 0.21279807 0.14729045 0.13490592 0.17922053 0.18752472 0.32217455 0.16034493 0.14526163 0.20557696 0.21263112 0.259719 0.19884169 0.13552953 0.19010071 0.2491806 0.20471276 0.16255127 0.20464979 0.25517133 0.1891718 0.1466587 0.24736573,0.17117982 0.21053575 0.18952535 0.17433992 0.25825718 0.22530355 0.1380512 0.22043718 0.14807488 0.2703362 0.25883073 0.13608694 0.23173882 0.20257151 0.1815322 0.19600397 0.21064329 0.17587195 0.16111648 0.24325612 0.32429892 0.26275867 0.20865881 0.2074317 0.19136035 0.18787001 0.18268868 0.09026363 0.2217385 0.19383363 0.17206068 0.17212969 0.23656034 0.17125 0.17011617 0.20733343 0.19783472 0.45782968 0.100044124 0.15158229 0.18007778 0.18595578 0.2127721 0.14727247 0.13488945 0.17919865 0.18750183 0.3221352 0.16032536 0.14524391 0.20555188 0.21260516 0.25968733 0.19881743 0.135513 0.19007751 0.24915019 0.20468779 0.16253142 0.20462482 0.2551402 0.18914871 0.1466408 0.24733554,,
1112,1x1x256x64,0.17120071 0.21056145 0.18954849 0.1743612 0.25828868 0.22533105 0.13806805 0.22046408 0.14809296 0.2703692 0.25886232 0.13610354 0.2317671 0.20259625 0.18155436 0.1960279 0.21066901 0.17589341 0.16113614 0.2432858 0.3243385 0.26279074 0.20868428 0.20745702 0.19138372 0.18789294 0.18271099 0.09027464 0.22176558 0.19385728 0.1720817 0.1721507 0.23658921 0.17127089 0.17013694 0.20735875 0.19785887 0.45788556 0.100056335 0.15160078 0.18009976 0.18597847 0.21279807 0.14729045 0.13490592 0.17922053 0.18752472 0.32217455 0.16034493 0.14526163 0.20557696 0.21263112 0.259719 0.19884169 0.13552953 0.19010071 0.2491806 0.20471276 0.16255127 0.20464979 0.25517133 0.1891718 0.1466587 0.24736573,0.17117982 0.21053575 0.18952535 0.17433992 0.25825718 0.22530355 0.1380512 0.22043718 0.14807488 0.2703362 0.25883073 0.13608694 0.23173882 0.20257151 0.1815322 0.19600397 0.21064329 0.17587195 0.16111648 0.24325612 0.32429892 0.26275867 0.20865881 0.2074317 0.19136035 0.18787001 0.18268868 0.09026363 0.2217385 0.19383363 0.17206068 0.17212969 0.23656034 0.17125 0.17011617 0.20733343 0.19783472 0.45782968 0.100044124 0.15158229 0.18007778 0.18595578 0.2127721 0.14727247 0.13488945 0.17919865 0.18750183 0.3221352 0.16032536 0.14524391 0.20555188 0.21260516 0.25968733 0.19881743 0.135513 0.19007751 0.24915019 0.20468779 0.16253142 0.20462482 0.2551402 0.18914871 0.1466408 0.24733554,,
1116,1x1x256x64,0.17120071 0.21056145 0.18954849 0.1743612 0.25828868 0.22533105 0.13806805 0.22046408 0.14809296 0.2703692 0.25886232 0.13610354 0.2317671 0.20259625 0.18155436 0.1960279 0.21066901 0.17589341 0.16113614 0.2432858 0.3243385 0.26279074 0.20868428 0.20745702 0.19138372 0.18789294 0.18271099 0.09027464 0.22176558 0.19385728 0.1720817 0.1721507 0.23658921 0.17127089 0.17013694 0.20735875 0.19785887 0.45788556 0.100056335 0.15160078 0.18009976 0.18597847 0.21279807 0.14729045 0.13490592 0.17922053 0.18752472 0.32217455 0.16034493 0.14526163 0.20557696 0.21263112 0.259719 0.19884169 0.13552953 0.19010071 0.2491806 0.20471276 0.16255127 0.20464979 0.25517133 0.1891718 0.1466587 0.24736573,0.17117982 0.21053575 0.18952535 0.17433992 0.25825718 0.22530355 0.1380512 0.22043718 0.14807488 0.2703362 0.25883073 0.13608694 0.23173882 0.20257151 0.1815322 0.19600397 0.21064329 0.17587195 0.16111648 0.24325612 0.32429892 0.26275867 0.20865881 0.2074317 0.19136035 0.18787001 0.18268868 0.09026363 0.2217385 0.19383363 0.17206068 0.17212969 0.23656034 0.17125 0.17011617 0.20733343 0.19783472 0.45782968 0.100044124 0.15158229 0.18007778 0.18595578 0.2127721 0.14727247 0.13488945 0.17919865 0.18750183 0.3221352 0.16032536 0.14524391 0.20555188 0.21260516 0.25968733 0.19881743 0.135513 0.19007751 0.24915019 0.20468779 0.16253142 0.20462482 0.2551402 0.18914871 0.1466408 0.24733554,,
1120,1x1x256x64,0.17120071 0.21056145 0.18954849 0.1743612 0.25828868 0.22533105 0.13806805 0.22046408 0.14809296 0.2703692 0.25886232 0.13610354 0.2317671 0.20259625 0.18155436 0.1960279 0.21066901 0.17589341 0.16113614 0.2432858 0.3243385 0.26279074 0.20868428 0.20745702 0.19138372 0.18789294 0.18271099 0.09027464 0.22176558 0.19385728 0.1720817 0.1721507 0.23658921 0.17127089 0.17013694 0.20735875 0.19785887 0.45788556 0.100056335 0.15160078 0.18009976 0.18597847 0.21279807 0.14729045 0.13490592 0.17922053 0.18752472 0.32217455 0.16034493 0.14526163 0.20557696 0.21263112 0.259719 0.19884169 0.13552953 0.19010071 0.2491806 0.20471276 0.16255127 0.20464979 0.25517133 0.1891718 0.1466587 0.24736573,0.17117982 0.21053575 0.18952535 0.17433992 0.25825718 0.22530355 0.1380512 0.22043718 0.14807488 0.2703362 0.25883073 0.13608694 0.23173882 0.20257151 0.1815322 0.19600397 0.21064329 0.17587195 0.16111648 0.24325612 0.32429892 0.26275867 0.20865881 0.2074317 0.19136035 0.18787001 0.18268868 0.09026363 0.2217385 0.19383363 0.17206068 0.17212969 0.23656034 0.17125 0.17011617 0.20733343 0.19783472 0.45782968 0.100044124 0.15158229 0.18007778 0.18595578 0.2127721 0.14727247 0.13488945 0.17919865 0.18750183 0.3221352 0.16032536 0.14524391 0.20555188 0.21260516 0.25968733 0.19881743 0.135513 0.19007751 0.24915019 0.20468779 0.16253142 0.20462482 0.2551402 0.18914871 0.1466408 0.24733554,,
1124,1x1x256x64,0.17120071 0.21056145 0.18954849 0.1743612 0.25828868 0.22533105 0.13806805 0.22046408 0.14809296 0.2703692 0.25886232 0.13610354 0.2317671 0.20259625 0.18155436 0.1960279 0.21066901 0.17589341 0.16113614 0.2432858 0.3243385 0.26279074 0.20868428 0.20745702 0.19138372 0.18789294 0.18271099 0.09027464 0.22176558 0.19385728 0.1720817 0.1721507 0.23658921 0.17127089 0.17013694 0.20735875 0.19785887 0.45788556 0.100056335 0.15160078 0.18009976 0.18597847 0.21279807 0.14729045 0.13490592 0.17922053 0.18752472 0.32217455 0.16034493 0.14526163 0.20557696 0.21263112 0.259719 0.19884169 0.13552953 0.19010071 0.2491806 0.20471276 0.16255127 0.20464979 0.25517133 0.1891718 0.1466587 0.24736573,0.17117982 0.21053575 0.18952535 0.17433992 0.25825718 0.22530355 0.1380512 0.22043718 0.14807488 0.2703362 0.25883073 0.13608694 0.23173882 0.20257151 0.1815322 0.19600397 0.21064329 0.17587195 0.16111648 0.24325612 0.32429892 0.26275867 0.20865881 0.2074317 0.19136035 0.18787001 0.18268868 0.09026363 0.2217385 0.19383363 0.17206068 0.17212969 0.23656034 0.17125 0.17011617 0.20733343 0.19783472 0.45782968 0.100044124 0.15158229 0.18007778 0.18595578 0.2127721 0.14727247 0.13488945 0.17919865 0.18750183 0.3221352 0.16032536 0.14524391 0.20555188 0.21260516 0.25968733 0.19881743 0.135513 0.19007751 0.24915019 0.20468779 0.16253142 0.20462482 0.2551402 0.18914871 0.1466408 0.24733554,,
1142,1x1x512x64,1.0359436 0.6661922 0.67927736 1.0178142 0.8454955 0.72969604 0.9328668 0.89874727 0.7479707 0.65476125 1.0539185 0.8532986 0.91096807 0.9441268 0.68456566 0.8203315 0.6155766 0.5902374 0.6549131 0.6688312 0.705007 0.91299284 0.7830842 0.7421839 0.79999644 0.9502923 0.6313277 0.9207475 1.081635 0.85088015 0.50042045 0.5079952 0.71112764 0.8419199 0.603888 0.96920663 0.8742107 1.0609834 0.67851996 0.5177558 0.5109169 0.7221643 0.71645653 0.7779602 0.8175087 0.7382025 1.0638723 0.77079624 0.7695293 0.5877287 0.79682744 0.62672055 0.678835 0.6136472 0.8461567 0.7043944 0.7036574 0.99119437 0.71406764 0.6941097 0.80802196 0.80018884 0.72238135 0.9900618,1.0358173 0.6661109 0.67919445 1.01769 0.84539235 0.729607 0.93275297 0.8986376 0.7478794 0.6546814 1.0537899 0.8531945 0.9108569 0.94401157 0.68448216 0.82023144 0.61550146 0.5901654 0.6548332 0.6687496 0.704921 0.9128814 0.7829886 0.7420934 0.7998988 0.95017636 0.6312507 0.92063516 1.0815029 0.8507763 0.5003594 0.5079332 0.71104085 0.84181714 0.60381424 0.9690883 0.874104 1.060854 0.6784371 0.5176926 0.51085454 0.7220762 0.7163691 0.77786523 0.8174089 0.7381124 1.0637425 0.7707022 0.7694354 0.5876569 0.7967302 0.6266441 0.6787521 0.6135723 0.8460535 0.70430845 0.70357156 0.99107337 0.7139805 0.694025 0.8079233 0.80009115 0.7222932 0.989941,,
1146,1x1x512x64,1.0359436 0.6661922 0.67927736 1.0178142 0.8454955 0.72969604 0.9328668 0.89874727 0.7479707 0.65476125 1.0539185 0.8532986 0.91096807 0.9441268 0.68456566 0.8203315 0.6155766 0.5902374 0.6549131 0.6688312 0.705007 0.91299284 0.7830842 0.7421839 0.79999644 0.9502923 0.6313277 0.9207475 1.081635 0.85088015 0.50042045 0.5079952 0.71112764 0.8419199 0.603888 0.96920663 0.8742107 1.0609834 0.67851996 0.5177558 0.5109169 0.7221643 0.71645653 0.7779602 0.8175087 0.7382025 1.0638723 0.77079624 0.7695293 0.5877287 0.79682744 0.62672055 0.678835 0.6136472 0.8461567 0.7043944 0.7036574 0.99119437 0.71406764 0.6941097 0.80802196 0.80018884 0.72238135 0.9900618,1.0358173 0.6661109 0.67919445 1.01769 0.84539235 0.729607 0.93275297 0.8986376 0.7478794 0.6546814 1.0537899 0.8531945 0.9108569 0.94401157 0.68448216 0.82023144 0.61550146 0.5901654 0.6548332 0.6687496 0.704921 0.9128814 0.7829886 0.7420934 0.7998988 0.95017636 0.6312507 0.92063516 1.0815029 0.8507763 0.5003594 0.5079332 0.71104085 0.84181714 0.60381424 0.9690883 0.874104 1.060854 0.6784371 0.5176926 0.51085454 0.7220762 0.7163691 0.77786523 0.8174089 0.7381124 1.0637425 0.7707022 0.7694354 0.5876569 0.7967302 0.6266441 0.6787521 0.6135723 0.8460535 0.70430845 0.70357156 0.99107337 0.7139805 0.694025 0.8079233 0.80009115 0.7222932 0.989941,,
1150,1x1x512x64,1.0359436 0.6661922 0.67927736 1.0178142 0.8454955 0.72969604 0.9328668 0.89874727 0.7479707 0.65476125 1.0539185 0.8532986 0.91096807 0.9441268 0.68456566 0.8203315 0.6155766 0.5902374 0.6549131 0.6688312 0.705007 0.91299284 0.7830842 0.7421839 0.79999644 0.9502923 0.6313277 0.9207475 1.081635 0.85088015 0.50042045 0.5079952 0.71112764 0.8419199 0.603888 0.96920663 0.8742107 1.0609834 0.67851996 0.5177558 0.5109169 0.7221643 0.71645653 0.7779602 0.8175087 0.7382025 1.0638723 0.77079624 0.7695293 0.5877287 0.79682744 0.62672055 0.678835 0.6136472 0.8461567 0.7043944 0.7036574 0.99119437 0.71406764 0.6941097 0.80802196 0.80018884 0.72238135 0.9900618,1.0358173 0.6661109 0.67919445 1.01769 0.84539235 0.729607 0.93275297 0.8986376 0.7478794 0.6546814 1.0537899 0.8531945 0.9108569 0.94401157 0.68448216 0.82023144 0.61550146 0.5901654 0.6548332 0.6687496 0.704921 0.9128814 0.7829886 0.7420934 0.7998988 0.95017636 0.6312507 0.92063516 1.0815029 0.8507763 0.5003594 0.5079332 0.71104085 0.84181714 0.60381424 0.9690883 0.874104 1.060854 0.6784371 0.5176926 0.51085454 0.7220762 0.7163691 0.77786523 0.8174089 0.7381124 1.0637425 0.7707022 0.7694354 0.5876569 0.7967302 0.6266441 0.6787521 0.6135723 0.8460535 0.70430845 0.70357156 0.99107337 0.7139805 0.694025 0.8079233 0.80009115 0.7222932 0.989941,,
1154,1x1x512x64,1.0359436 0.6661922 0.67927736 1.0178142 0.8454955 0.72969604 0.9328668 0.89874727 0.7479707 0.65476125 1.0539185 0.8532986 0.91096807 0.9441268 0.68456566 0.8203315 0.6155766 0.5902374 0.6549131 0.6688312 0.705007 0.91299284 0.7830842 0.7421839 0.79999644 0.9502923 0.6313277 0.9207475 1.081635 0.85088015 0.50042045 0.5079952 0.71112764 0.8419199 0.603888 0.96920663 0.8742107 1.0609834 0.67851996 0.5177558 0.5109169 0.7221643 0.71645653 0.7779602 0.8175087 0.7382025 1.0638723 0.77079624 0.7695293 0.5877287 0.79682744 0.62672055 0.678835 0.6136472 0.8461567 0.7043944 0.7036574 0.99119437 0.71406764 0.6941097 0.80802196 0.80018884 0.72238135 0.9900618,1.0358173 0.6661109 0.67919445 1.01769 0.84539235 0.729607 0.93275297 0.8986376 0.7478794 0.6546814 1.0537899 0.8531945 0.9108569 0.94401157 0.68448216 0.82023144 0.61550146 0.5901654 0.6548332 0.6687496 0.704921 0.9128814 0.7829886 0.7420934 0.7998988 0.95017636 0.6312507 0.92063516 1.0815029 0.8507763 0.5003594 0.5079332 0.71104085 0.84181714 0.60381424 0.9690883 0.874104 1.060854 0.6784371 0.5176926 0.51085454 0.7220762 0.7163691 0.77786523 0.8174089 0.7381124 1.0637425 0.7707022 0.7694354 0.5876569 0.7967302 0.6266441 0.6787521 0.6135723 0.8460535 0.70430845 0.70357156 0.99107337 0.7139805 0.694025 0.8079233 0.80009115 0.7222932 0.989941,,
1158,1x1x512x64,1.0359436 0.6661922 0.67927736 1.0178142 0.8454955 0.72969604 0.9328668 0.89874727 0.7479707 0.65476125 1.0539185 0.8532986 0.91096807 0.9441268 0.68456566 0.8203315 0.6155766 0.5902374 0.6549131 0.6688312 0.705007 0.91299284 0.7830842 0.7421839 0.79999644 0.9502923 0.6313277 0.9207475 1.081635 0.85088015 0.50042045 0.5079952 0.71112764 0.8419199 0.603888 0.96920663 0.8742107 1.0609834 0.67851996 0.5177558 0.5109169 0.7221643 0.71645653 0.7779602 0.8175087 0.7382025 1.0638723 0.77079624 0.7695293 0.5877287 0.79682744 0.62672055 0.678835 0.6136472 0.8461567 0.7043944 0.7036574 0.99119437 0.71406764 0.6941097 0.80802196 0.80018884 0.72238135 0.9900618,1.0358173 0.6661109 0.67919445 1.01769 0.84539235 0.729607 0.93275297 0.8986376 0.7478794 0.6546814 1.0537899 0.8531945 0.9108569 0.94401157 0.68448216 0.82023144 0.61550146 0.5901654 0.6548332 0.6687496 0.704921 0.9128814 0.7829886 0.7420934 0.7998988 0.95017636 0.6312507 0.92063516 1.0815029 0.8507763 0.5003594 0.5079332 0.71104085 0.84181714 0.60381424 0.9690883 0.874104 1.060854 0.6784371 0.5176926 0.51085454 0.7220762 0.7163691 0.77786523 0.8174089 0.7381124 1.0637425 0.7707022 0.7694354 0.5876569 0.7967302 0.6266441 0.6787521 0.6135723 0.8460535 0.70430845 0.70357156 0.99107337 0.7139805 0.694025 0.8079233 0.80009115 0.7222932 0.989941,,
1162,1x1x512x64,1.0359436 0.6661922 0.67927736 1.0178142 0.8454955 0.72969604 0.9328668 0.89874727 0.7479707 0.65476125 1.0539185 0.8532986 0.91096807 0.9441268 0.68456566 0.8203315 0.6155766 0.5902374 0.6549131 0.6688312 0.705007 0.91299284 0.7830842 0.7421839 0.79999644 0.9502923 0.6313277 0.9207475 1.081635 0.85088015 0.50042045 0.5079952 0.71112764 0.8419199 0.603888 0.96920663 0.8742107 1.0609834 0.67851996 0.5177558 0.5109169 0.7221643 0.71645653 0.7779602 0.8175087 0.7382025 1.0638723 0.77079624 0.7695293 0.5877287 0.79682744 0.62672055 0.678835 0.6136472 0.8461567 0.7043944 0.7036574 0.99119437 0.71406764 0.6941097 0.80802196 0.80018884 0.72238135 0.9900618,1.0358173 0.6661109 0.67919445 1.01769 0.84539235 0.729607 0.93275297 0.8986376 0.7478794 0.6546814 1.0537899 0.8531945 0.9108569 0.94401157 0.68448216 0.82023144 0.61550146 0.5901654 0.6548332 0.6687496 0.704921 0.9128814 0.7829886 0.7420934 0.7998988 0.95017636 0.6312507 0.92063516 1.0815029 0.8507763 0.5003594 0.5079332 0.71104085 0.84181714 0.60381424 0.9690883 0.874104 1.060854 0.6784371 0.5176926 0.51085454 0.7220762 0.7163691 0.77786523 0.8174089 0.7381124 1.0637425 0.7707022 0.7694354 0.5876569 0.7967302 0.6266441 0.6787521 0.6135723 0.8460535 0.70430845 0.70357156 0.99107337 0.7139805 0.694025 0.8079233 0.80009115 0.7222932 0.989941,,
1180,3x3x64x64,0.004306551 0.0050001247 0.004511237 0.0038837492 0.005839853 0.0033215384 0.0033766753 0.0047986107 0.0040873913 0.0033063802 0.008217765 0.0065317014 0.003342749 0.0036043702 0.0042450833 0.0042756516 0.0077092103 0.004694604 0.006653315 0.004364648 0.0029337527 0.0065239645 0.005082217 0.004325368 0.0045520617 0.00286191 0.0038036178 0.005174978 0.0040934426 0.0057044756 0.0034678362 0.005520635 0.0038383815 0.0048418315 0.0031026686 0.0035101066 0.003498231 0.0066427095 0.0038849404 0.0053453906 0.004130604 0.0039439453 0.0047303485 0.0059168646 0.007177174 0.006769742 0.006123287 0.0052704364 0.0045901565 0.004874204 0.004578358 0.0059532267 0.00422444 0.0041527697 0.003184129 0.0055215433 0.0038630895 0.0047538704 0.004524702 0.0043940875 0.004590106 0.006001585 0.008280272 0.0022794695,0.004306026 0.004999514 0.0045106863 0.0038832754 0.0058391406 0.003321133 0.0033762632 0.0047980254 0.0040868926 0.0033059767 0.008216762 0.006530904 0.0033423412 0.0036039301 0.0042445655 0.00427513 0.007708269 0.0046940306 0.0066525033 0.004364115 0.0029333946 0.006523168 0.005081597 0.0043248404 0.004551506 0.0028615608 0.0038031538 0.0051743463 0.004092943 0.0057037794 0.0034674131 0.005519961 0.003837913 0.0048412406 0.0031022897 0.0035096782 0.0034978043 0.006641899 0.0038844661 0.0053447383 0.0041301004 0.0039434643 0.0047297715 0.005916143 0.007176298 0.006768916 0.0061225398 0.005269793 0.0045895963 0.0048736087 0.0045777992 0.0059525003 0.0042239246 0.0041522626 0.0031837404 0.0055208695 0.003862618 0.00475329 0.00452415 0.0043935515 0.004589546 0.0060008527 0.008279261 0.0022791913,,
1184,3x3x64x64,0.004306551 0.0050001247 0.004511237 0.0038837492 0.005839853 0.0033215384 0.0033766753 0.0047986107 0.0040873913 0.0033063802 0.008217765 0.0065317014 0.003342749 0.0036043702 0.0042450833 0.0042756516 0.0077092103 0.004694604 0.006653315 0.004364648 0.0029337527 0.0065239645 0.005082217 0.004325368 0.0045520617 0.00286191 0.0038036178 0.005174978 0.0040934426 0.0057044756 0.0034678362 0.005520635 0.0038383815 0.0048418315 0.0031026686 0.0035101066 0.003498231 0.0066427095 0.0038849404 0.0053453906 0.004130604 0.0039439453 0.0047303485 0.0059168646 0.007177174 0.006769742 0.006123287 0.0052704364 0.0045901565 0.004874204 0.004578358 0.0059532267 0.00422444 0.0041527697 0.003184129 0.0055215433 0.0038630895 0.0047538704 0.004524702 0.0043940875 0.004590106 0.006001585 0.008280272 0.0022794695,0.004306026 0.004999514 0.0045106863 0.0038832754 0.0058391406 0.003321133 0.0033762632 0.0047980254 0.0040868926 0.0033059767 0.008216762 0.006530904 0.0033423412 0.0036039301 0.0042445655 0.00427513 0.007708269 0.0046940306 0.0066525033 0.004364115 0.0029333946 0.006523168 0.005081597 0.0043248404 0.004551506 0.0028615608 0.0038031538 0.0051743463 0.004092943 0.0057037794 0.0034674131 0.005519961 0.003837913 0.0048412406 0.0031022897 0.0035096782 0.0034978043 0.006641899 0.0038844661 0.0053447383 0.0041301004 0.0039434643 0.0047297715 0.005916143 0.007176298 0.006768916 0.0061225398 0.005269793 0.0045895963 0.0048736087 0.0045777992 0.0059525003 0.0042239246 0.0041522626 0.0031837404 0.0055208695 0.003862618 0.00475329 0.00452415 0.0043935515 0.004589546 0.0060008527 0.008279261 0.0022791913,,
1188,3x3x64x64,0.004306551 0.0050001247 0.004511237 0.0038837492 0.005839853 0.0033215384 0.0033766753 0.0047986107 0.0040873913 0.0033063802 0.008217765 0.0065317014 0.003342749 0.0036043702 0.0042450833 0.0042756516 0.0077092103 0.004694604 0.006653315 0.004364648 0.0029337527 0.0065239645 0.005082217 0.004325368 0.0045520617 0.00286191 0.0038036178 0.005174978 0.0040934426 0.0057044756 0.0034678362 0.005520635 0.0038383815 0.0048418315 0.0031026686 0.0035101066 0.003498231 0.0066427095 0.0038849404 0.0053453906 0.004130604 0.0039439453 0.0047303485 0.0059168646 0.007177174 0.006769742 0.006123287 0.0052704364 0.0045901565 0.004874204 0.004578358 0.0059532267 0.00422444 0.0041527697 0.003184129 0.0055215433 0.0038630895 0.0047538704 0.004524702 0.0043940875 0.004590106 0.006001585 0.008280272 0.0022794695,0.004306026 0.004999514 0.0045106863 0.0038832754 0.0058391406 0.003321133 0.0033762632 0.0047980254 0.0040868926 0.0033059767 0.008216762 0.006530904 0.0033423412 0.0036039301 0.0042445655 0.00427513 0.007708269 0.0046940306 0.0066525033 0.004364115 0.0029333946 0.006523168 0.005081597 0.0043248404 0.004551506 0.0028615608 0.0038031538 0.0051743463 0.004092943 0.0057037794 0.0034674131 0.005519961 0.003837913 0.0048412406 0.0031022897 0.0035096782 0.0034978043 0.006641899 0.0038844661 0.0053447383 0.0041301004 0.0039434643 0.0047297715 0.005916143 0.007176298 0.006768916 0.0061225398 0.005269793 0.0045895963 0.0048736087 0.0045777992 0.0059525003 0.0042239246 0.0041522626 0.0031837404 0.0055208695 0.003862618 0.00475329 0.00452415 0.0043935515 0.004589546 0.0060008527 0.008279261 0.0022791913,,
1192,3x3x64x64,0.004306551 0.0050001247 0.004511237 0.0038837492 0.005839853 0.0033215384 0.0033766753 0.0047986107 0.0040873913 0.0033063802 0.008217765 0.0065317014 0.003342749 0.0036043702 0.0042450833 0.0042756516 0.0077092103 0.004694604 0.006653315 0.004364648 0.0029337527 0.0065239645 0.005082217 0.004325368 0.0045520617 0.00286191 0.0038036178 0.005174978 0.0040934426 0.0057044756 0.0034678362 0.005520635 0.0038383815 0.0048418315 0.0031026686 0.0035101066 0.003498231 0.0066427095 0.0038849404 0.0053453906 0.004130604 0.0039439453 0.0047303485 0.0059168646 0.007177174 0.006769742 0.006123287 0.0052704364 0.0045901565 0.004874204 0.004578358 0.0059532267 0.00422444 0.0041527697 0.003184129 0.0055215433 0.0038630895 0.0047538704 0.004524702 0.0043940875 0.004590106 0.006001585 0.008280272 0.0022794695,0.004306026 0.004999514 0.0045106863 0.0038832754 0.0058391406 0.003321133 0.0033762632 0.0047980254 0.0040868926 0.0033059767 0.008216762 0.006530904 0.0033423412 0.0036039301 0.0042445655 0.00427513 0.007708269 0.0046940306 0.0066525033 0.004364115 0.0029333946 0.006523168 0.005081597 0.0043248404 0.004551506 0.0028615608 0.0038031538 0.0051743463 0.004092943 0.0057037794 0.0034674131 0.005519961 0.003837913 0.0048412406 0.0031022897 0.0035096782 0.0034978043 0.006641899 0.0038844661 0.0053447383 0.0041301004 0.0039434643 0.0047297715 0.005916143 0.007176298 0.006768916 0.0061225398 0.005269793 0.0045895963 0.0048736087 0.0045777992 0.0059525003 0.0042239246 0.0041522626 0.0031837404 0.0055208695 0.003862618 0.00475329 0.00452415 0.0043935515 0.004589546 0.0060008527 0.008279261 0.0022791913,,
1196,3x3x64x64,0.004306551 0.0050001247 0.004511237 0.0038837492 0.005839853 0.0033215384 0.0033766753 0.0047986107 0.0040873913 0.0033063802 0.008217765 0.0065317014 0.003342749 0.0036043702 0.0042450833 0.0042756516 0.0077092103 0.004694604 0.006653315 0.004364648 0.0029337527 0.0065239645 0.005082217 0.004325368 0.0045520617 0.00286191 0.0038036178 0.005174978 0.0040934426 0.0057044756 0.0034678362 0.005520635 0.0038383815 0.0048418315 0.0031026686 0.0035101066 0.003498231 0.0066427095 0.0038849404 0.0053453906 0.004130604 0.0039439453 0.0047303485 0.0059168646 0.007177174 0.006769742 0.006123287 0.0052704364 0.0045901565 0.004874204 0.004578358 0.0059532267 0.00422444 0.0041527697 0.003184129 0.0055215433 0.0038630895 0.0047538704 0.004524702 0.0043940875 0.004590106 0.006001585 0.008280272 0.0022794695,0.004306026 0.004999514 0.0045106863 0.0038832754 0.0058391406 0.003321133 0.0033762632 0.0047980254 0.0040868926 0.0033059767 0.008216762 0.006530904 0.0033423412 0.0036039301 0.0042445655 0.00427513 0.007708269 0.0046940306 0.0066525033 0.004364115 0.0029333946 0.006523168 0.005081597 0.0043248404 0.004551506 0.0028615608 0.0038031538 0.0051743463 0.004092943 0.0057037794 0.0034674131 0.005519961 0.003837913 0.0048412406 0.0031022897 0.0035096782 0.0034978043 0.006641899 0.0038844661 0.0053447383 0.0041301004 0.0039434643 0.0047297715 0.005916143 0.007176298 0.006768916 0.0061225398 0.005269793 0.0045895963 0.0048736087 0.0045777992 0.0059525003 0.0042239246 0.0041522626 0.0031837404 0.0055208695 0.003862618 0.00475329 0.00452415 0.0043935515 0.004589546 0.0060008527 0.008279261 0.0022791913,,
1200,3x3x64x64,0.004306551 0.0050001247 0.004511237 0.0038837492 0.005839853 0.0033215384 0.0033766753 0.0047986107 0.0040873913 0.0033063802 0.008217765 0.0065317014 0.003342749 0.0036043702 0.0042450833 0.0042756516 0.0077092103 0.004694604 0.006653315 0.004364648 0.0029337527 0.0065239645 0.005082217 0.004325368 0.0045520617 0.00286191 0.0038036178 0.005174978 0.0040934426 0.0057044756 0.0034678362 0.005520635 0.0038383815 0.0048418315 0.0031026686 0.0035101066 0.003498231 0.0066427095 0.0038849404 0.0053453906 0.004130604 0.0039439453 0.0047303485 0.0059168646 0.007177174 0.006769742 0.006123287 0.0052704364 0.0045901565 0.004874204 0.004578358 0.0059532267 0.00422444 0.0041527697 0.003184129 0.0055215433 0.0038630895 0.0047538704 0.004524702 0.0043940875 0.004590106 0.006001585 0.008280272 0.0022794695,0.004306026 0.004999514 0.0045106863 0.0038832754 0.0058391406 0.003321133 0.0033762632 0.0047980254 0.0040868926 0.0033059767 0.008216762 0.006530904 0.0033423412 0.0036039301 0.0042445655 0.00427513 0.007708269 0.0046940306 0.0066525033 0.004364115 0.0029333946 0.006523168 0.005081597 0.0043248404 0.004551506 0.0028615608 0.0038031538 0.0051743463 0.004092943 0.0057037794 0.0034674131 0.005519961 0.003837913 0.0048412406 0.0031022897 0.0035096782 0.0034978043 0.006641899 0.0038844661 0.0053447383 0.0041301004 0.0039434643 0.0047297715 0.005916143 0.007176298 0.006768916 0.0061225398 0.005269793 0.0045895963 0.0048736087 0.0045777992 0.0059525003 0.0042239246 0.0041522626 0.0031837404 0.0055208695 0.003862618 0.00475329 0.00452415 0.0043935515 0.004589546 0.0060008527 0.008279261 0.0022791913,,
1218,3x3x64x64,0.0064775855 0.006988047 0.0064542866 0.008139069 0.031116193 0.008603444 0.0139159225 0.008859747 0.012140192 0.015805954 0.008203634 0.0069809617 0.007870463 0.008863465 0.005097251 0.014119058 0.012409366 0.010725298 0.0122662 0.006757058 0.0073097334 0.009390013 0.01016454 0.010317166 0.009977096 0.0090736095 0.010335609 0.007824679 0.015059901 0.0067050466 0.0050078444 0.0041391924 0.00853319 0.010614221 0.017565528 0.009239125 0.014482634 0.00892405 0.00904414 0.018323235 0.00634506 0.011230716 0.008596841 0.0122456085 0.012879271 0.009537076 0.008614738 0.008705974 0.0074036997 0.008667565 0.0129376715 0.006198554 0.013154833 0.0115909865 0.011711222 0.013058509 0.008816774 0.0065827537 0.0075698155 0.010151595 0.008171619 0.022191636 0.009060239 0.007020777,0.0064767953 0.006987194 0.006453499 0.008138076 0.031112397 0.008602394 0.013914225 0.008858666 0.01213871 0.015804026 0.008202633 0.00698011 0.007869502 0.008862383 0.005096629 0.014117335 0.012407851 0.0107239885 0.0122647025 0.0067562335 0.0073088417 0.009388867 0.0101633 0.010315907 0.009975878 0.009072502 0.010334347 0.007823723 0.015058063 0.006704228 0.005007233 0.004138687 0.008532149 0.0106129255 0.017563384 0.009237998 0.0144808665 0.008922961 0.009043036 0.018321 0.006344286 0.011229346 0.008595793 0.012244115 0.0128777 0.009535912 0.008613686 0.008704911 0.007402796 0.008666507 0.012936092 0.0061977976 0.013153227 0.011589572 0.0117097935 0.013056915 0.008815697 0.0065819505 0.0075688916 0.010150355 0.0081706215 0.022188928 0.009059133 0.0070199203,,
1222,3x3x64x64,0.0064775855 0.006988047 0.0064542866 0.008139069 0.031116193 0.008603444 0.0139159225 0.008859747 0.012140192 0.015805954 0.008203634 0.0069809617 0.007870463 0.008863465 0.005097251 0.014119058 0.012409366 0.010725298 0.0122662 0.006757058 0.0073097334 0.009390013 0.01016454 0.010317166 0.009977096 0.0090736095 0.010335609 0.007824679 0.015059901 0.0067050466 0.0050078444 0.0041391924 0.00853319 0.010614221 0.017565528 0.009239125 0.014482634 0.00892405 0.00904414 0.018323235 0.00634506 0.011230716 0.008596841 0.0122456085 0.012879271 0.009537076 0.008614738 0.008705974 0.0074036997 0.008667565 0.0129376715 0.006198554 0.013154833 0.0115909865 0.011711222 0.013058509 0.008816774 0.0065827537 0.0075698155 0.010151595 0.008171619 0.022191636 0.009060239 0.007020777,0.0064767953 0.006987194 0.006453499 0.008138076 0.031112397 0.008602394 0.013914225 0.008858666 0.01213871 0.015804026 0.008202633 0.00698011 0.007869502 0.008862383 0.005096629 0.014117335 0.012407851 0.0107239885 0.0122647025 0.0067562335 0.0073088417 0.009388867 0.0101633 0.010315907 0.009975878 0.009072502 0.010334347 0.007823723 0.015058063 0.006704228 0.005007233 0.004138687 0.008532149 0.0106129255 0.017563384 0.009237998 0.0144808665 0.008922961 0.009043036 0.018321 0.006344286 0.011229346 0.008595793 0.012244115 0.0128777 0.009535912 0.008613686 0.008704911 0.007402796 0.008666507 0.012936092 0.0061977976 0.013153227 0.011589572 0.0117097935 0.013056915 0.008815697 0.0065819505 0.0075688916 0.010150355 0.0081706215 0.022188928 0.009059133 0.0070199203,,
1226,3x3x64x64,0.0064775855 0.006988047 0.0064542866 0.008139069 0.031116193 0.008603444 0.0139159225 0.008859747 0.012140192 0.015805954 0.008203634 0.0069809617 0.007870463 0.008863465 0.005097251 0.014119058 0.012409366 0.010725298 0.0122662 0.006757058 0.0073097334 0.009390013 0.01016454 0.010317166 0.009977096 0.0090736095 0.010335609 0.007824679 0.015059901 0.0067050466 0.0050078444 0.0041391924 0.00853319 0.010614221 0.017565528 0.009239125 0.014482634 0.00892405 0.00904414 0.018323235 0.00634506 0.011230716 0.008596841 0.0122456085 0.012879271 0.009537076 0.008614738 0.008705974 0.0074036997 0.008667565 0.0129376715 0.006198554 0.013154833 0.0115909865 0.011711222 0.013058509 0.008816774 0.0065827537 0.0075698155 0.010151595 0.008171619 0.022191636 0.009060239 0.007020777,0.0064767953 0.006987194 0.006453499 0.008138076 0.031112397 0.008602394 0.013914225 0.008858666 0.01213871 0.015804026 0.008202633 0.00698011 0.007869502 0.008862383 0.005096629 0.014117335 0.012407851 0.0107239885 0.0122647025 0.0067562335 0.0073088417 0.009388867 0.0101633 0.010315907 0.009975878 0.009072502 0.010334347 0.007823723 0.015058063 0.006704228 0.005007233 0.004138687 0.008532149 0.0106129255 0.017563384 0.009237998 0.0144808665 0.008922961 0.009043036 0.018321 0.006344286 0.011229346 0.008595793 0.012244115 0.0128777 0.009535912 0.008613686 0.008704911 0.007402796 0.008666507 0.012936092 0.0061977976 0.013153227 0.011589572 0.0117097935 0.013056915 0.008815697 0.0065819505 0.0075688916 0.010150355 0.0081706215 0.022188928 0.009059133 0.0070199203,,
1230,3x3x64x64,0.0064775855 0.006988047 0.0064542866 0.008139069 0.031116193 0.008603444 0.0139159225 0.008859747 0.012140192 0.015805954 0.008203634 0.0069809617 0.007870463 0.008863465 0.005097251 0.014119058 0.012409366 0.010725298 0.0122662 0.006757058 0.0073097334 0.009390013 0.01016454 0.010317166 0.009977096 0.0090736095 0.010335609 0.007824679 0.015059901 0.0067050466 0.0050078444 0.0041391924 0.00853319 0.010614221 0.017565528 0.009239125 0.014482634 0.00892405 0.00904414 0.018323235 0.00634506 0.011230716 0.008596841 0.0122456085 0.012879271 0.009537076 0.008614738 0.008705974 0.0074036997 0.008667565 0.0129376715 0.006198554 0.013154833 0.0115909865 0.011711222 0.013058509 0.008816774 0.0065827537 0.0075698155 0.010151595 0.008171619 0.022191636 0.009060239 0.007020777,0.0064767953 0.006987194 0.006453499 0.008138076 0.031112397 0.008602394 0.013914225 0.008858666 0.01213871 0.015804026 0.008202633 0.00698011 0.007869502 0.008862383 0.005096629 0.014117335 0.012407851 0.0107239885 0.0122647025 0.0067562335 0.0073088417 0.009388867 0.0101633 0.010315907 0.009975878 0.009072502 0.010334347 0.007823723 0.015058063 0.006704228 0.005007233 0.004138687 0.008532149 0.0106129255 0.017563384 0.009237998 0.0144808665 0.008922961 0.009043036 0.018321 0.006344286 0.011229346 0.008595793 0.012244115 0.0128777 0.009535912 0.008613686 0.008704911 0.007402796 0.008666507 0.012936092 0.0061977976 0.013153227 0.011589572 0.0117097935 0.013056915 0.008815697 0.0065819505 0.0075688916 0.010150355 0.0081706215 0.022188928 0.009059133 0.0070199203,,
1234,3x3x64x64,0.0064775855 0.006988047 0.0064542866 0.008139069 0.031116193 0.008603444 0.0139159225 0.008859747 0.012140192 0.015805954 0.008203634 0.0069809617 0.007870463 0.008863465 0.005097251 0.014119058 0.012409366 0.010725298 0.0122662 0.006757058 0.0073097334 0.009390013 0.01016454 0.010317166 0.009977096 0.0090736095 0.010335609 0.007824679 0.015059901 0.0067050466 0.0050078444 0.0041391924 0.00853319 0.010614221 0.017565528 0.009239125 0.014482634 0.00892405 0.00904414 0.018323235 0.00634506 0.011230716 0.008596841 0.0122456085 0.012879271 0.009537076 0.008614738 0.008705974 0.0074036997 0.008667565 0.0129376715 0.006198554 0.013154833 0.0115909865 0.011711222 0.013058509 0.008816774 0.0065827537 0.0075698155 0.010151595 0.008171619 0.022191636 0.009060239 0.007020777,0.0064767953 0.006987194 0.006453499 0.008138076 0.031112397 0.008602394 0.013914225 0.008858666 0.01213871 0.015804026 0.008202633 0.00698011 0.007869502 0.008862383 0.005096629 0.014117335 0.012407851 0.0107239885 0.0122647025 0.0067562335 0.0073088417 0.009388867 0.0101633 0.010315907 0.009975878 0.009072502 0.010334347 0.007823723 0.015058063 0.006704228 0.005007233 0.004138687 0.008532149 0.0106129255 0.017563384 0.009237998 0.0144808665 0.008922961 0.009043036 0.018321 0.006344286 0.011229346 0.008595793 0.012244115 0.0128777 0.009535912 0.008613686 0.008704911 0.007402796 0.008666507 0.012936092 0.0061977976 0.013153227 0.011589572 0.0117097935 0.013056915 0.008815697 0.0065819505 0.0075688916 0.010150355 0.0081706215 0.022188928 0.009059133 0.0070199203,,
1238,3x3x64x64,0.0064775855 0.006988047 0.0064542866 0.008139069 0.031116193 0.008603444 0.0139159225 0.008859747 0.012140192 0.015805954 0.008203634 0.0069809617 0.007870463 0.008863465 0.005097251 0.014119058 0.012409366 0.010725298 0.0122662 0.006757058 0.0073097334 0.009390013 0.01016454 0.010317166 0.009977096 0.0090736095 0.010335609 0.007824679 0.015059901 0.0067050466 0.0050078444 0.0041391924 0.00853319 0.010614221 0.017565528 0.009239125 0.014482634 0.00892405 0.00904414 0.018323235 0.00634506 0.011230716 0.008596841 0.0122456085 0.012879271 0.009537076 0.008614738 0.008705974 0.0074036997 0.008667565 0.0129376715 0.006198554 0.013154833 0.0115909865 0.011711222 0.013058509 0.008816774 0.0065827537 0.0075698155 0.010151595 0.008171619 0.022191636 0.009060239 0.007020777,0.0064767953 0.006987194 0.006453499 0.008138076 0.031112397 0.008602394 0.013914225 0.008858666 0.01213871 0.015804026 0.008202633 0.00698011 0.007869502 0.008862383 0.005096629 0.014117335 0.012407851 0.0107239885 0.0122647025 0.0067562335 0.0073088417 0.009388867 0.0101633 0.010315907 0.009975878 0.009072502 0.010334347 0.007823723 0.015058063 0.006704228 0.005007233 0.004138687 0.008532149 0.0106129255 0.017563384 0.009237998 0.0144808665 0.008922961 0.009043036 0.018321 0.006344286 0.011229346 0.008595793 0.012244115 0.0128777 0.009535912 0.008613686 0.008704911 0.007402796 0.008666507 0.012936092 0.0061977976 0.013153227 0.011589572 0.0117097935 0.013056915 0.008815697 0.0065819505 0.0075688916 0.010150355 0.0081706215 0.022188928 0.009059133 0.0070199203,,
1256,3x3x64x64,0.019690556 0.031825963 0.021788405 0.024207145 0.01803277 0.01687506 0.030957287 0.019829955 0.028992463 0.018499076 0.021147856 0.023889864 0.01826841 0.015462677 0.021853918 0.018290361 0.016294459 0.015767388 0.018499156 0.016785251 0.020008307 0.013317992 0.018812807 0.02344345 0.02119609 0.026400326 0.02540441 0.021517785 0.01376031 0.01752682 0.015770057 0.026990576 0.016068043 0.018623246 0.014966754 0.02838442 0.02042779 0.016892368 0.02346371 0.06496585 0.021490712 0.018556254 0.021921499 0.014884295 0.018247776 0.029121965 0.03098448 0.016203366 0.02496767 0.016222743 0.030739209 0.028132489 0.020756295 0.01785869 0.023085212 0.029015351 0.028460465 0.020970134 0.01691333 0.020775292 0.026388558 0.01587175 0.020841736 0.020927357,0.019688154 0.03182208 0.021785747 0.02420419 0.01803057 0.016873002 0.030953508 0.019827534 0.028988926 0.018496819 0.021145277 0.023886947 0.01826618 0.01546079 0.02185125 0.018288128 0.016292471 0.015765464 0.018496899 0.016783202 0.020005865 0.013316367 0.018810512 0.023440588 0.021193502 0.026397105 0.02540131 0.021515159 0.0137586305 0.01752468 0.015768131 0.02698728 0.016066082 0.018620973 0.014964928 0.028380957 0.020425295 0.016890306 0.023460845 0.064957924 0.02148809 0.018553989 0.021918822 0.014882478 0.01824555 0.029118411 0.030980699 0.01620139 0.024964623 0.016220763 0.030735457 0.028129056 0.020753762 0.01785651 0.023082396 0.02901181 0.028456993 0.020967575 0.016911266 0.020772757 0.026385337 0.015869813 0.020839194 0.020924803,,
1260,3x3x64x64,0.019690556 0.031825963 0.021788405 0.024207145 0.01803277 0.01687506 0.030957287 0.019829955 0.028992463 0.018499076 0.021147856 0.023889864 0.01826841 0.015462677 0.021853918 0.018290361 0.016294459 0.015767388 0.018499156 0.016785251 0.020008307 0.013317992 0.018812807 0.02344345 0.02119609 0.026400326 0.02540441 0.021517785 0.01376031 0.01752682 0.015770057 0.026990576 0.016068043 0.018623246 0.014966754 0.02838442 0.02042779 0.016892368 0.02346371 0.06496585 0.021490712 0.018556254 0.021921499 0.014884295 0.018247776 0.029121965 0.03098448 0.016203366 0.02496767 0.016222743 0.030739209 0.028132489 0.020756295 0.01785869 0.023085212 0.029015351 0.028460465 0.020970134 0.01691333 0.020775292 0.026388558 0.01587175 0.020841736 0.020927357,0.019688154 0.03182208 0.021785747 0.02420419 0.01803057 0.016873002 0.030953508 0.019827534 0.028988926 0.018496819 0.021145277 0.023886947 0.01826618 0.01546079 0.02185125 0.018288128 0.016292471 0.015765464 0.018496899 0.016783202 0.020005865 0.013316367 0.018810512 0.023440588 0.021193502 0.026397105 0.02540131 0.021515159 0.0137586305 0.01752468 0.015768131 0.02698728 0.016066082 0.018620973 0.014964928 0.028380957 0.020425295 0.016890306 0.023460845 0.064957924 0.02148809 0.018553989 0.021918822 0.014882478 0.01824555 0.029118411 0.030980699 0.01620139 0.024964623 0.016220763 0.030735457 0.028129056 0.020753762 0.01785651 0.023082396 0.02901181 0.028456993 0.020967575 0.016911266 0.020772757 0.026385337 0.015869813 0.020839194 0.020924803,,
1264,3x3x64x64,0.019690556 0.031825963 0.021788405 0.024207145 0.01803277 0.01687506 0.030957287 0.019829955 0.028992463 0.018499076 0.021147856 0.023889864 0.01826841 0.015462677 0.021853918 0.018290361 0.016294459 0.015767388 0.018499156 0.016785251 0.020008307 0.013317992 0.018812807 0.02344345 0.02119609 0.026400326 0.02540441 0.021517785 0.01376031 0.01752682 0.015770057 0.026990576 0.016068043 0.018623246 0.014966754 0.02838442 0.02042779 0.016892368 0.02346371 0.06496585 0.021490712 0.018556254 0.021921499 0.014884295 0.018247776 0.029121965 0.03098448 0.016203366 0.02496767 0.016222743 0.030739209 0.028132489 0.020756295 0.01785869 0.023085212 0.029015351 0.028460465 0.020970134 0.01691333 0.020775292 0.026388558 0.01587175 0.020841736 0.020927357,0.019688154 0.03182208 0.021785747 0.02420419 0.01803057 0.016873002 0.030953508 0.019827534 0.028988926 0.018496819 0.021145277 0.023886947 0.01826618 0.01546079 0.02185125 0.018288128 0.016292471 0.015765464 0.018496899 0.016783202 0.020005865 0.013316367 0.018810512 0.023440588 0.021193502 0.026397105 0.02540131 0.021515159 0.0137586305 0.01752468 0.015768131 0.02698728 0.016066082 0.018620973 0.014964928 0.028380957 0.020425295 0.016890306 0.023460845 0.064957924 0.02148809 0.018553989 0.021918822 0.014882478 0.01824555 0.029118411 0.030980699 0.01620139 0.024964623 0.016220763 0.030735457 0.028129056 0.020753762 0.01785651 0.023082396 0.02901181 0.028456993 0.020967575 0.016911266 0.020772757 0.026385337 0.015869813 0.020839194 0.020924803,,
1268,3x3x64x64,0.019690556 0.031825963 0.021788405 0.024207145 0.01803277 0.01687506 0.030957287 0.019829955 0.028992463 0.018499076 0.021147856 0.023889864 0.01826841 0.015462677 0.021853918 0.018290361 0.016294459 0.015767388 0.018499156 0.016785251 0.020008307 0.013317992 0.018812807 0.02344345 0.02119609 0.026400326 0.02540441 0.021517785 0.01376031 0.01752682 0.015770057 0.026990576 0.016068043 0.018623246 0.014966754 0.02838442 0.02042779 0.016892368 0.02346371 0.06496585 0.021490712 0.018556254 0.021921499 0.014884295 0.018247776 0.029121965 0.03098448 0.016203366 0.02496767 0.016222743 0.030739209 0.028132489 0.020756295 0.01785869 0.023085212 0.029015351 0.028460465 0.020970134 0.01691333 0.020775292 0.026388558 0.01587175 0.020841736 0.020927357,0.019688154 0.03182208 0.021785747 0.02420419 0.01803057 0.016873002 0.030953508 0.019827534 0.028988926 0.018496819 0.021145277 0.023886947 0.01826618 0.01546079 0.02185125 0.018288128 0.016292471 0.015765464 0.018496899 0.016783202 0.020005865 0.013316367 0.018810512 0.023440588 0.021193502 0.026397105 0.02540131 0.021515159 0.0137586305 0.01752468 0.015768131 0.02698728 0.016066082 0.018620973 0.014964928 0.028380957 0.020425295 0.016890306 0.023460845 0.064957924 0.02148809 0.018553989 0.021918822 0.014882478 0.01824555 0.029118411 0.030980699 0.01620139 0.024964623 0.016220763 0.030735457 0.028129056 0.020753762 0.01785651 0.023082396 0.02901181 0.028456993 0.020967575 0.016911266 0.020772757 0.026385337 0.015869813 0.020839194 0.020924803,,
1272,3x3x64x64,0.019690556 0.031825963 0.021788405 0.024207145 0.01803277 0.01687506 0.030957287 0.019829955 0.028992463 0.018499076 0.021147856 0.023889864 0.01826841 0.015462677 0.021853918 0.018290361 0.016294459 0.015767388 0.018499156 0.016785251 0.020008307 0.013317992 0.018812807 0.02344345 0.02119609 0.026400326 0.02540441 0.021517785 0.01376031 0.01752682 0.015770057 0.026990576 0.016068043 0.018623246 0.014966754 0.02838442 0.02042779 0.016892368 0.02346371 0.06496585 0.021490712 0.018556254 0.021921499 0.014884295 0.018247776 0.029121965 0.03098448 0.016203366 0.02496767 0.016222743 0.030739209 0.028132489 0.020756295 0.01785869 0.023085212 0.029015351 0.028460465 0.020970134 0.01691333 0.020775292 0.026388558 0.01587175 0.020841736 0.020927357,0.019688154 0.03182208 0.021785747 0.02420419 0.01803057 0.016873002 0.030953508 0.019827534 0.028988926 0.018496819 0.021145277 0.023886947 0.01826618 0.01546079 0.02185125 0.018288128 0.016292471 0.015765464 0.018496899 0.016783202 0.020005865 0.013316367 0.018810512 0.023440588 0.021193502 0.026397105 0.02540131 0.021515159 0.0137586305 0.01752468 0.015768131 0.02698728 0.016066082 0.018620973 0.014964928 0.028380957 0.020425295 0.016890306 0.023460845 0.064957924 0.02148809 0.018553989 0.021918822 0.014882478 0.01824555 0.029118411 0.030980699 0.01620139 0.024964623 0.016220763 0.030735457 0.028129056 0.020753762 0.01785651 0.023082396 0.02901181 0.028456993 0.020967575 0.016911266 0.020772757 0.026385337 0.015869813 0.020839194 0.020924803,,
1276,3x3x64x64,0.019690556 0.031825963 0.021788405 0.024207145 0.01803277 0.01687506 0.030957287 0.019829955 0.028992463 0.018499076 0.021147856 0.023889864 0.01826841 0.015462677 0.021853918 0.018290361 0.016294459 0.015767388 0.018499156 0.016785251 0.020008307 0.013317992 0.018812807 0.02344345 0.02119609 0.026400326 0.02540441 0.021517785 0.01376031 0.01752682 0.015770057 0.026990576 0.016068043 0.018623246 0.014966754 0.02838442 0.02042779 0.016892368 0.02346371 0.06496585 0.021490712 0.018556254 0.021921499 0.014884295 0.018247776 0.029121965 0.03098448 0.016203366 0.02496767 0.016222743 0.030739209 0.028132489 0.020756295 0.01785869 0.023085212 0.029015351 0.028460465 0.020970134 0.01691333 0.020775292 0.026388558 0.01587175 0.020841736 0.020927357,0.019688154 0.03182208 0.021785747 0.02420419 0.01803057 0.016873002 0.030953508 0.019827534 0.028988926 0.018496819 0.021145277 0.023886947 0.01826618 0.01546079 0.02185125 0.018288128 0.016292471 0.015765464 0.018496899 0.016783202 0.020005865 0.013316367 0.018810512 0.023440588 0.021193502 0.026397105 0.02540131 0.021515159 0.0137586305 0.01752468 0.015768131 0.02698728 0.016066082 0.018620973 0.014964928 0.028380957 0.020425295 0.016890306 0.023460845 0.064957924 0.02148809 0.018553989 0.021918822 0.014882478 0.01824555 0.029118411 0.030980699 0.01620139 0.024964623 0.016220763 0.030735457 0.028129056 0.020753762 0.01785651 0.023082396 0.02901181 0.028456993 0.020967575 0.016911266 0.020772757 0.026385337 0.015869813 0.020839194 0.020924803,,
1294,3x3x64x64,0.02343809 0.057270836 0.03366588 0.038178146 0.044990193 0.055763204 0.03785081 0.043180086 0.03468281 0.02608833 0.045578532 0.027940031 0.029987352 0.05486309 0.033382945 0.041101098 0.044115312 0.023646472 0.023452738 0.04490196 0.024489962 0.041589636 0.04518772 0.039511263 0.03353533 0.045953803 0.03910889 0.034460675 0.042660166 0.044094294 0.037437398 0.03512112 0.0282266 0.036667235 0.027992556 0.048515927 0.03789798 0.04580266 0.06836889 0.043940164 0.04274103 0.03225355 0.02943738 0.04335838 0.0536389 0.03166003 0.038442396 0.03704025 0.023791648 0.034388117 0.031883378 0.048834857 0.03814905 0.048908513 0.022188803 0.036029875 0.03799171 0.042089473 0.04639112 0.036784694 0.03888158 0.045945868 0.05036466 0.03965831,0.023435231 0.057263847 0.03366177 0.03817349 0.044984702 0.055756398 0.03784619 0.04317482 0.03467858 0.026085146 0.04557297 0.027936623 0.029983692 0.054856393 0.033378873 0.04109608 0.04410993 0.023643585 0.023449877 0.04489648 0.024486974 0.04158456 0.045182202 0.03950644 0.03353124 0.045948192 0.03910412 0.03445647 0.04265496 0.044088915 0.037432827 0.035116836 0.028223153 0.03666276 0.02798914 0.048510004 0.03789336 0.04579707 0.068360545 0.0439348 0.042735815 0.032249615 0.029433789 0.04335309 0.053632356 0.03165617 0.0384377 0.037035726 0.023788745 0.034383923 0.031879485 0.048828896 0.038144395 0.048902545 0.022186095 0.036025476 0.037987076 0.042084336 0.046385456 0.036780205 0.038876835 0.04594026 0.05035851 0.039653473,,
1298,3x3x64x64,0.02343809 0.057270836 0.03366588 0.038178146 0.044990193 0.055763204 0.03785081 0.043180086 0.03468281 0.02608833 0.045578532 0.027940031 0.029987352 0.05486309 0.033382945 0.041101098 0.044115312 0.023646472 0.023452738 0.04490196 0.024489962 0.041589636 0.04518772 0.039511263 0.03353533 0.045953803 0.03910889 0.034460675 0.042660166 0.044094294 0.037437398 0.03512112 0.0282266 0.036667235 0.027992556 0.048515927 0.03789798 0.04580266 0.06836889 0.043940164 0.04274103 0.03225355 0.02943738 0.04335838 0.0536389 0.03166003 0.038442396 0.03704025 0.023791648 0.034388117 0.031883378 0.048834857 0.03814905 0.048908513 0.022188803 0.036029875 0.03799171 0.042089473 0.04639112 0.036784694 0.03888158 0.045945868 0.05036466 0.03965831,0.023435231 0.057263847 0.03366177 0.03817349 0.044984702 0.055756398 0.03784619 0.04317482 0.03467858 0.026085146 0.04557297 0.027936623 0.029983692 0.054856393 0.033378873 0.04109608 0.04410993 0.023643585 0.023449877 0.04489648 0.024486974 0.04158456 0.045182202 0.03950644 0.03353124 0.045948192 0.03910412 0.03445647 0.04265496 0.044088915 0.037432827 0.035116836 0.028223153 0.03666276 0.02798914 0.048510004 0.03789336 0.04579707 0.068360545 0.0439348 0.042735815 0.032249615 0.029433789 0.04335309 0.053632356 0.03165617 0.0384377 0.037035726 0.023788745 0.034383923 0.031879485 0.048828896 0.038144395 0.048902545 0.022186095 0.036025476 0.037987076 0.042084336 0.046385456 0.036780205 0.038876835 0.04594026 0.05035851 0.039653473,,
1302,3x3x64x64,0.02343809 0.057270836 0.03366588 0.038178146 0.044990193 0.055763204 0.03785081 0.043180086 0.03468281 0.02608833 0.045578532 0.027940031 0.029987352 0.05486309 0.033382945 0.041101098 0.044115312 0.023646472 0.023452738 0.04490196 0.024489962 0.041589636 0.04518772 0.039511263 0.03353533 0.045953803 0.03910889 0.034460675 0.042660166 0.044094294 0.037437398 0.03512112 0.0282266 0.036667235 0.027992556 0.048515927 0.03789798 0.04580266 0.06836889 0.043940164 0.04274103 0.03225355 0.02943738 0.04335838 0.0536389 0.03166003 0.038442396 0.03704025 0.023791648 0.034388117 0.031883378 0.048834857 0.03814905 0.048908513 0.022188803 0.036029875 0.03799171 0.042089473 0.04639112 0.036784694 0.03888158 0.045945868 0.05036466 0.03965831,0.023435231 0.057263847 0.03366177 0.03817349 0.044984702 0.055756398 0.03784619 0.04317482 0.03467858 0.026085146 0.04557297 0.027936623 0.029983692 0.054856393 0.033378873 0.04109608 0.04410993 0.023643585 0.023449877 0.04489648 0.024486974 0.04158456 0.045182202 0.03950644 0.03353124 0.045948192 0.03910412 0.03445647 0.04265496 0.044088915 0.037432827 0.035116836 0.028223153 0.03666276 0.02798914 0.048510004 0.03789336 0.04579707 0.068360545 0.0439348 0.042735815 0.032249615 0.029433789 0.04335309 0.053632356 0.03165617 0.0384377 0.037035726 0.023788745 0.034383923 0.031879485 0.048828896 0.038144395 0.048902545 0.022186095 0.036025476 0.037987076 0.042084336 0.046385456 0.036780205 0.038876835 0.04594026 0.05035851 0.039653473,,
1306,3x3x64x64,0.02343809 0.057270836 0.03366588 0.038178146 0.044990193 0.055763204 0.03785081 0.043180086 0.03468281 0.02608833 0.045578532 0.027940031 0.029987352 0.05486309 0.033382945 0.041101098 0.044115312 0.023646472 0.023452738 0.04490196 0.024489962 0.041589636 0.04518772 0.039511263 0.03353533 0.045953803 0.03910889 0.034460675 0.042660166 0.044094294 0.037437398 0.03512112 0.0282266 0.036667235 0.027992556 0.048515927 0.03789798 0.04580266 0.06836889 0.043940164 0.04274103 0.03225355 0.02943738 0.04335838 0.0536389 0.03166003 0.038442396 0.03704025 0.023791648 0.034388117 0.031883378 0.048834857 0.03814905 0.048908513 0.022188803 0.036029875 0.03799171 0.042089473 0.04639112 0.036784694 0.03888158 0.045945868 0.05036466 0.03965831,0.023435231 0.057263847 0.03366177 0.03817349 0.044984702 0.055756398 0.03784619 0.04317482 0.03467858 0.026085146 0.04557297 0.027936623 0.029983692 0.054856393 0.033378873 0.04109608 0.04410993 0.023643585 0.023449877 0.04489648 0.024486974 0.04158456 0.045182202 0.03950644 0.03353124 0.045948192 0.03910412 0.03445647 0.04265496 0.044088915 0.037432827 0.035116836 0.028223153 0.03666276 0.02798914 0.048510004 0.03789336 0.04579707 0.068360545 0.0439348 0.042735815 0.032249615 0.029433789 0.04335309 0.053632356 0.03165617 0.0384377 0.037035726 0.023788745 0.034383923 0.031879485 0.048828896 0.038144395 0.048902545 0.022186095 0.036025476 0.037987076 0.042084336 0.046385456 0.036780205 0.038876835 0.04594026 0.05035851 0.039653473,,
1310,3x3x64x64,0.02343809 0.057270836 0.03366588 0.038178146 0.044990193 0.055763204 0.03785081 0.043180086 0.03468281 0.02608833 0.045578532 0.027940031 0.029987352 0.05486309 0.033382945 0.041101098 0.044115312 0.023646472 0.023452738 0.04490196 0.024489962 0.041589636 0.04518772 0.039511263 0.03353533 0.045953803 0.03910889 0.034460675 0.042660166 0.044094294 0.037437398 0.03512112 0.0282266 0.036667235 0.027992556 0.048515927 0.03789798 0.04580266 0.06836889 0.043940164 0.04274103 0.03225355 0.02943738 0.04335838 0.0536389 0.03166003 0.038442396 0.03704025 0.023791648 0.034388117 0.031883378 0.048834857 0.03814905 0.048908513 0.022188803 0.036029875 0.03799171 0.042089473 0.04639112 0.036784694 0.03888158 0.045945868 0.05036466 0.03965831,0.023435231 0.057263847 0.03366177 0.03817349 0.044984702 0.055756398 0.03784619 0.04317482 0.03467858 0.026085146 0.04557297 0.027936623 0.029983692 0.054856393 0.033378873 0.04109608 0.04410993 0.023643585 0.023449877 0.04489648 0.024486974 0.04158456 0.045182202 0.03950644 0.03353124 0.045948192 0.03910412 0.03445647 0.04265496 0.044088915 0.037432827 0.035116836 0.028223153 0.03666276 0.02798914 0.048510004 0.03789336 0.04579707 0.068360545 0.0439348 0.042735815 0.032249615 0.029433789 0.04335309 0.053632356 0.03165617 0.0384377 0.037035726 0.023788745 0.034383923 0.031879485 0.048828896 0.038144395 0.048902545 0.022186095 0.036025476 0.037987076 0.042084336 0.046385456 0.036780205 0.038876835 0.04594026 0.05035851 0.039653473,,
1314,3x3x64x64,0.02343809 0.057270836 0.03366588 0.038178146 0.044990193 0.055763204 0.03785081 0.043180086 0.03468281 0.02608833 0.045578532 0.027940031 0.029987352 0.05486309 0.033382945 0.041101098 0.044115312 0.023646472 0.023452738 0.04490196 0.024489962 0.041589636 0.04518772 0.039511263 0.03353533 0.045953803 0.03910889 0.034460675 0.042660166 0.044094294 0.037437398 0.03512112 0.0282266 0.036667235 0.027992556 0.048515927 0.03789798 0.04580266 0.06836889 0.043940164 0.04274103 0.03225355 0.02943738 0.04335838 0.0536389 0.03166003 0.038442396 0.03704025 0.023791648 0.034388117 0.031883378 0.048834857 0.03814905 0.048908513 0.022188803 0.036029875 0.03799171 0.042089473 0.04639112 0.036784694 0.03888158 0.045945868 0.05036466 0.03965831,0.023435231 0.057263847 0.03366177 0.03817349 0.044984702 0.055756398 0.03784619 0.04317482 0.03467858 0.026085146 0.04557297 0.027936623 0.029983692 0.054856393 0.033378873 0.04109608 0.04410993 0.023643585 0.023449877 0.04489648 0.024486974 0.04158456 0.045182202 0.03950644 0.03353124 0.045948192 0.03910412 0.03445647 0.04265496 0.044088915 0.037432827 0.035116836 0.028223153 0.03666276 0.02798914 0.048510004 0.03789336 0.04579707 0.068360545 0.0439348 0.042735815 0.032249615 0.029433789 0.04335309 0.053632356 0.03165617 0.0384377 0.037035726 0.023788745 0.034383923 0.031879485 0.048828896 0.038144395 0.048902545 0.022186095 0.036025476 0.037987076 0.042084336 0.046385456 0.036780205 0.038876835 0.04594026 0.05035851 0.039653473,,
1332,3x3x256x64,0.14507873 0.13225129 0.1572308 0.13185173 0.13610369 0.14793867 0.15518099 0.16669777 0.14578061 0.13072367 0.14273246 0.18574041 0.15340152 0.12808321 0.13463879 0.15595922 0.16844957 0.18970235 0.15051714 0.14970447 0.1600958 0.13331261 0.1789336 0.15255506 0.14244734 0.1430667 0.14247814 0.16106702 0.14953126 0.16848369 0.15434189 0.20646515 0.16948518 0.16440967 0.14588955 0.12489732 0.1512472 0.15435188 0.1582581 0.15497124 0.15231068 0.15175934 0.15319595 0.1550886 0.17058551 0.15976045 0.16065967 0.15840703 0.12847658 0.15502287 0.1543243 0.15655331 0.16200681 0.1340132 0.13292865 0.14241053 0.16420798 0.15633862 0.15469946 0.13350701 0.14756027 0.17743428 0.19831127 0.14730717,0.14506103 0.13223515 0.15721162 0.13183564 0.13608709 0.14792062 0.15516205 0.16667742 0.14576282 0.13070773 0.14271504 0.18571775 0.1533828 0.12806758 0.13462237 0.15594018 0.16842902 0.1896792 0.15049878 0.1496862 0.16007626 0.13329634 0.17891176 0.15253644 0.14242996 0.14304926 0.14246075 0.16104737 0.14951302 0.16846313 0.15432306 0.20643996 0.1694645 0.16438961 0.14587174 0.12488208 0.15122876 0.15433304 0.15823878 0.15495233 0.15229209 0.15174082 0.15317726 0.15506968 0.1705647 0.15974094 0.16064006 0.15838769 0.1284609 0.15500396 0.15430546 0.15653421 0.16198704 0.13399686 0.13291244 0.14239314 0.16418794 0.15631953 0.15468058 0.13349071 0.14754227 0.17741263 0.19828707 0.14728919,,
1336,3x3x256x64,0.14507873 0.13225129 0.1572308 0.13185173 0.13610369 0.14793867 0.15518099 0.16669777 0.14578061 0.13072367 0.14273246 0.18574041 0.15340152 0.12808321 0.13463879 0.15595922 0.16844957 0.18970235 0.15051714 0.14970447 0.1600958 0.13331261 0.1789336 0.15255506 0.14244734 0.1430667 0.14247814 0.16106702 0.14953126 0.16848369 0.15434189 0.20646515 0.16948518 0.16440967 0.14588955 0.12489732 0.1512472 0.15435188 0.1582581 0.15497124 0.15231068 0.15175934 0.15319595 0.1550886 0.17058551 0.15976045 0.16065967 0.15840703 0.12847658 0.15502287 0.1543243 0.15655331 0.16200681 0.1340132 0.13292865 0.14241053 0.16420798 0.15633862 0.15469946 0.13350701 0.14756027 0.17743428 0.19831127 0.14730717,0.14506103 0.13223515 0.15721162 0.13183564 0.13608709 0.14792062 0.15516205 0.16667742 0.14576282 0.13070773 0.14271504 0.18571775 0.1533828 0.12806758 0.13462237 0.15594018 0.16842902 0.1896792 0.15049878 0.1496862 0.16007626 0.13329634 0.17891176 0.15253644 0.14242996 0.14304926 0.14246075 0.16104737 0.14951302 0.16846313 0.15432306 0.20643996 0.1694645 0.16438961 0.14587174 0.12488208 0.15122876 0.15433304 0.15823878 0.15495233 0.15229209 0.15174082 0.15317726 0.15506968 0.1705647 0.15974094 0.16064006 0.15838769 0.1284609 0.15500396 0.15430546 0.15653421 0.16198704 0.13399686 0.13291244 0.14239314 0.16418794 0.15631953 0.15468058 0.13349071 0.14754227 0.17741263 0.19828707 0.14728919,,
1340,3x3x256x64,0.14507873 0.13225129 0.1572308 0.13185173 0.13610369 0.14793867 0.15518099 0.16669777 0.14578061 0.13072367 0.14273246 0.18574041 0.15340152 0.12808321 0.13463879 0.15595922 0.16844957 0.18970235 0.15051714 0.14970447 0.1600958 0.13331261 0.1789336 0.15255506 0.14244734 0.1430667 0.14247814 0.16106702 0.14953126 0.16848369 0.15434189 0.20646515 0.16948518 0.16440967 0.14588955 0.12489732 0.1512472 0.15435188 0.1582581 0.15497124 0.15231068 0.15175934 0.15319595 0.1550886 0.17058551 0.15976045 0.16065967 0.15840703 0.12847658 0.15502287 0.1543243 0.15655331 0.16200681 0.1340132 0.13292865 0.14241053 0.16420798 0.15633862 0.15469946 0.13350701 0.14756027 0.17743428 0.19831127 0.14730717,0.14506103 0.13223515 0.15721162 0.13183564 0.13608709 0.14792062 0.15516205 0.16667742 0.14576282 0.13070773 0.14271504 0.18571775 0.1533828 0.12806758 0.13462237 0.15594018 0.16842902 0.1896792 0.15049878 0.1496862 0.16007626 0.13329634 0.17891176 0.15253644 0.14242996 0.14304926 0.14246075 0.16104737 0.14951302 0.16846313 0.15432306 0.20643996 0.1694645 0.16438961 0.14587174 0.12488208 0.15122876 0.15433304 0.15823878 0.15495233 0.15229209 0.15174082 0.15317726 0.15506968 0.1705647 0.15974094 0.16064006 0.15838769 0.1284609 0.15500396 0.15430546 0.15653421 0.16198704 0.13399686 0.13291244 0.14239314 0.16418794 0.15631953 0.15468058 0.13349071 0.14754227 0.17741263 0.19828707 0.14728919,,
1344,3x3x256x64,0.14507873 0.13225129 0.1572308 0.13185173 0.13610369 0.14793867 0.15518099 0.16669777 0.14578061 0.13072367 0.14273246 0.18574041 0.15340152 0.12808321 0.13463879 0.15595922 0.16844957 0.18970235 0.15051714 0.14970447 0.1600958 0.13331261 0.1789336 0.15255506 0.14244734 0.1430667 0.14247814 0.16106702 0.14953126 0.16848369 0.15434189 0.20646515 0.16948518 0.16440967 0.14588955 0.12489732 0.1512472 0.15435188 0.1582581 0.15497124 0.15231068 0.15175934 0.15319595 0.1550886 0.17058551 0.15976045 0.16065967 0.15840703 0.12847658 0.15502287 0.1543243 0.15655331 0.16200681 0.1340132 0.13292865 0.14241053 0.16420798 0.15633862 0.15469946 0.13350701 0.14756027 0.17743428 0.19831127 0.14730717,0.14506103 0.13223515 0.15721162 0.13183564 0.13608709 0.14792062 0.15516205 0.16667742 0.14576282 0.13070773 0.14271504 0.18571775 0.1533828 0.12806758 0.13462237 0.15594018 0.16842902 0.1896792 0.15049878 0.1496862 0.16007626 0.13329634 0.17891176 0.15253644 0.14242996 0.14304926 0.14246075 0.16104737 0.14951302 0.16846313 0.15432306 0.20643996 0.1694645 0.16438961 0.14587174 0.12488208 0.15122876 0.15433304 0.15823878 0.15495233 0.15229209 0.15174082 0.15317726 0.15506968 0.1705647 0.15974094 0.16064006 0.15838769 0.1284609 0.15500396 0.15430546 0.15653421 0.16198704 0.13399686 0.13291244 0.14239314 0.16418794 0.15631953 0.15468058 0.13349071 0.14754227 0.17741263 0.19828707 0.14728919,,
1348,3x3x256x64,0.14507873 0.13225129 0.1572308 0.13185173 0.13610369 0.14793867 0.15518099 0.16669777 0.14578061 0.13072367 0.14273246 0.18574041 0.15340152 0.12808321 0.13463879 0.15595922 0.16844957 0.18970235 0.15051714 0.14970447 0.1600958 0.13331261 0.1789336 0.15255506 0.14244734 0.1430667 0.14247814 0.16106702 0.14953126 0.16848369 0.15434189 0.20646515 0.16948518 0.16440967 0.14588955 0.12489732 0.1512472 0.15435188 0.1582581 0.15497124 0.15231068 0.15175934 0.15319595 0.1550886 0.17058551 0.15976045 0.16065967 0.15840703 0.12847658 0.15502287 0.1543243 0.15655331 0.16200681 0.1340132 0.13292865 0.14241053 0.16420798 0.15633862 0.15469946 0.13350701 0.14756027 0.17743428 0.19831127 0.14730717,0.14506103 0.13223515 0.15721162 0.13183564 0.13608709 0.14792062 0.15516205 0.16667742 0.14576282 0.13070773 0.14271504 0.18571775 0.1533828 0.12806758 0.13462237 0.15594018 0.16842902 0.1896792 0.15049878 0.1496862 0.16007626 0.13329634 0.17891176 0.15253644 0.14242996 0.14304926 0.14246075 0.16104737 0.14951302 0.16846313 0.15432306 0.20643996 0.1694645 0.16438961 0.14587174 0.12488208 0.15122876 0.15433304 0.15823878 0.15495233 0.15229209 0.15174082 0.15317726 0.15506968 0.1705647 0.15974094 0.16064006 0.15838769 0.1284609 0.15500396 0.15430546 0.15653421 0.16198704 0.13399686 0.13291244 0.14239314 0.16418794 0.15631953 0.15468058 0.13349071 0.14754227 0.17741263 0.19828707 0.14728919,,
1352,3x3x256x64,0.14507873 0.13225129 0.1572308 0.13185173 0.13610369 0.14793867 0.15518099 0.16669777 0.14578061 0.13072367 0.14273246 0.18574041 0.15340152 0.12808321 0.13463879 0.15595922 0.16844957 0.18970235 0.15051714 0.14970447 0.1600958 0.13331261 0.1789336 0.15255506 0.14244734 0.1430667 0.14247814 0.16106702 0.14953126 0.16848369 0.15434189 0.20646515 0.16948518 0.16440967 0.14588955 0.12489732 0.1512472 0.15435188 0.1582581 0.15497124 0.15231068 0.15175934 0.15319595 0.1550886 0.17058551 0.15976045 0.16065967 0.15840703 0.12847658 0.15502287 0.1543243 0.15655331 0.16200681 0.1340132 0.13292865 0.14241053 0.16420798 0.15633862 0.15469946 0.13350701 0.14756027 0.17743428 0.19831127 0.14730717,0.14506103 0.13223515 0.15721162 0.13183564 0.13608709 0.14792062 0.15516205 0.16667742 0.14576282 0.13070773 0.14271504 0.18571775 0.1533828 0.12806758 0.13462237 0.15594018 0.16842902 0.1896792 0.15049878 0.1496862 0.16007626 0.13329634 0.17891176 0.15253644 0.14242996 0.14304926 0.14246075 0.16104737 0.14951302 0.16846313 0.15432306 0.20643996 0.1694645 0.16438961 0.14587174 0.12488208 0.15122876 0.15433304 0.15823878 0.15495233 0.15229209 0.15174082 0.15317726 0.15506968 0.1705647 0.15974094 0.16064006 0.15838769 0.1284609 0.15500396 0.15430546 0.15653421 0.16198704 0.13399686 0.13291244 0.14239314 0.16418794 0.15631953 0.15468058 0.13349071 0.14754227 0.17741263 0.19828707 0.14728919,,
